Dataset,Tracker,Confidence_Threshold,Sequence,AssA,AssPr,AssRe,Crossing_Accuracy_Bottom,Crossing_Accuracy_Center,Crossing_Accuracy_Left,Crossing_Accuracy_Middle,Crossing_Accuracy_Right,Crossing_Accuracy_Top,DetA,DetPr,DetRe,FN,FP,Frag,HOTA,ID Sw,IDF1,LocA,ML,MOTA,MT,Prcn,Rcll,resolution,Mean FPS
DAMUNT,ByteTrack,0.25,OU10B1L1Out_0,49.011,91.492,49.995,60,62.5,50,50,100,54.54545455,81.943,89.372,85.851,317,120,210,69.81817149,103,63.55197389,90.26,0,89.2,10,97.5015615,93.66,1024x542,56.52119346
DAMUNT,ByteTrack,0.25,OU10B1L2Out_0,49.155,91.402,50.05,80,66.66666667,75,66.66666667,100,66.66666667,83.841,90.777,87.164,248,49,180,70.88996097,48,62.48342006,90.584,0,93.1,10,98.9793793,95.04,1024x542,55.83614491
DAMUNT,ByteTrack,0.25,OU10B1L3Out_0,26.037,88.821,26.415,50,75,75,62.5,100,100,80.684,88.579,84.735,324,107,205,50.94533452,102,39.45619953,89.461,0,89.34,10,97.7629103,93.52,1024x542,56.33866585
DAMUNT,ByteTrack,0.25,OU10B3L1Out_0,76.349,93.024,78.033,75,60,100,100,100,66.66666667,80.75,86.484,87.709,300,402,110,86.4443753,66,83.51951455,90.434,0,89.33333333,9,94.494659,95.8333333,1024x542,55.90698555
DAMUNT,ByteTrack,0.25,OU10B3L2Out_0,61.533,92.119,62.92,50,75,100,50,100,66.66666667,75.232,89.17,79.311,1001,205,212,74.22877572,79,76.18347545,90.719,0,82.15277778,7,96.7988757,86.0972222,1024x542,56.97641274
DAMUNT,ByteTrack,0.25,OU10B3L3Out_0,76.423,93.355,77.808,100,100,100,100,100,100,81.455,88.362,87.613,421,360,92,85.70131435,32,84.6223586,91.48,0,88.70833333,9,94.9572769,94.1527778,1024x542,56.27815297
DAMUNT,ByteTrack,0.25,OU50B1L1Out_0,40.536,87.32,41.787,62.5,58.49056604,76.31578947,63.26530612,100,70.21276596,78.858,88.439,82.773,1940,431,1019,63.47050071,465,54.67464965,89.233,0,87.95907103,45,98.0448195,91.7632573,1024x542,49.23701656
DAMUNT,ByteTrack,0.25,OU50B1L2Out_0,37.49,85.982,38.779,60.97560976,69.44444444,52.08333333,58.33333333,100,56.25,79.208,88.454,83.184,1831,462,1075,60.86226033,522,51.87826594,89.28,0,87.74968449,46,97.8621009,92.0318552,1024x542,48.18042111
DAMUNT,ByteTrack,0.25,OU50B1L3Out_0,37.844,88.517,38.761,62.5,53.44827586,44.73684211,63.26530612,100,58.18181818,78.903,88.401,82.898,1998,473,1090,60.93408719,622,51.37019484,89.194,0,87.3755102,46,97.9412405,91.844898,1024x542,48.9157427
DAMUNT,ByteTrack,0.5,OU10B1L1Out_0,50.931,91.759,51.936,60,71.42857143,54.54545455,50,100,54.54545455,82.941,91.2,85.291,350,26,214,71.56781605,82,65.1508888,90.296,0,90.84,10,99.4439692,93,1024x542,56.52119346
DAMUNT,ByteTrack,0.5,OU10B1L2Out_0,56.602,89.325,58.793,80,80,75,88.88888889,100,75,83.904,91.693,86.429,298,11,185,76.10657406,19,70.37990322,90.695,0,93.44,10,99.766603,94.04,1024x542,55.83614491
DAMUNT,ByteTrack,0.5,OU10B1L3Out_0,35.764,88.789,36.368,58.33333333,81.81818182,83.33333333,66.66666667,100,100,80.95,90.082,83.722,387,34,205,59.90177251,50,51.64299782,89.525,0,90.58,9,99.2683452,92.26,1024x542,56.33866585
DAMUNT,ByteTrack,0.5,OU10B3L1Out_0,75.45,93.156,77.108,75,60,100,100,100,66.66666667,83.069,89.664,87.223,340,144,108,87.11100334,37,84.62404956,90.454,0,92.76388889,9,97.944032,95.2777778,1024x542,55.90698555
DAMUNT,ByteTrack,0.5,OU10B3L2Out_0,67.448,93.304,68.764,50,75,100,50,100,66.66666667,74.619,91.444,76.952,1194,53,177,77.46518622,27,81.83120899,90.811,0,82.30555556,6,99.1252682,83.4166667,1024x542,56.97641274
DAMUNT,ByteTrack,0.5,OU10B3L3Out_0,84.152,93.428,85.807,100,100,100,100,100,100,82.896,90.79,86.944,475,170,80,90.85053819,12,90.69882937,91.527,0,90.875,9,97.5344453,93.4027778,1024x542,56.27815297
DAMUNT,ByteTrack,0.5,OU50B1L1Out_0,47.722,86.646,49.543,71.42857143,63.26530612,82.85714286,70.45454545,100,78.57142857,78.549,89.547,81.529,2273,164,1015,68.95865396,263,62.83974487,89.313,0,88.53649217,44,99.2352173,90.3494247,1024x542,49.23701656
DAMUNT,ByteTrack,0.5,OU50B1L2Out_0,42.189,81.621,44.682,69.44444444,73.52941176,62.5,65.11627907,100,71.05263158,78.929,89.63,81.923,2153,177,1052,64.62607171,225,58.07830476,89.372,0,88.88115236,45,99.1572632,90.6305757,1024x542,48.18042111
DAMUNT,ByteTrack,0.5,OU50B1L3Out_0,45.105,87.361,46.539,65.78947368,59.61538462,47.22222222,65.95744681,100,58.18181818,78.737,89.671,81.695,2345,166,1070,66.69872687,348,58.90519211,89.32,0,88.33061224,45,99.2563057,90.4285714,1024x542,48.9157427
DAMUNT,ByteTrack,0.75,OU10B1L1Out_0,37.96,88.561,38.926,60,62.5,50,46.66666667,100,50,73.504,91.599,75.184,896,0,394,57.97078213,83,55.05272408,90.349,0,80.42,5,100,82.08,1024x542,56.52119346
DAMUNT,ByteTrack,0.75,OU10B1L2Out_0,48.112,82.828,51.248,80,88.88888889,60,88.88888889,100,85.71428571,76.208,92.432,77.883,788,1,403,66.61525248,20,67.27450342,91,0,83.82,8,99.9762639,84.24,1024x542,55.83614491
DAMUNT,ByteTrack,0.75,OU10B1L3Out_0,30.833,90.706,31.356,53.84615385,81.81818182,100,71.42857143,100,87.5,71.658,90.92,73.463,967,7,398,52.63388985,50,45.48672566,89.814,0,79.52,8,99.8267327,80.66,1024x542,56.33866585
DAMUNT,ByteTrack,0.75,OU10B3L1Out_0,66.086,93.827,67.303,100,75,100,100,100,66.66666667,75.244,91.87,77.273,1145,1,245,76.67859207,24,78.002414,90.774,0,83.75,7,99.9834875,84.0972222,1024x542,55.90698555
DAMUNT,ByteTrack,0.75,OU10B3L2Out_0,50.73,93.935,51.528,50,75,100,50,100,66.66666667,60.324,91.812,61.68,2370,7,285,60.61300812,26,68.00697848,90.618,0,66.625,3,99.8552822,67.0833333,1024x542,56.97641274
DAMUNT,ByteTrack,0.75,OU10B3L3Out_0,77.725,94.287,79.063,100,100,100,100,100,100,77.741,93.289,79.568,1064,5,154,83.91342588,5,87.14489169,91.834,0,85.08333333,8,99.91858,85.2222222,1024x542,56.27815297
DAMUNT,ByteTrack,0.75,OU50B1L1Out_0,40.361,85.499,41.813,74.07407407,70.45454545,90.625,70.45454545,100,75,69.202,90.639,71.017,5121,22,1860,58.87175967,222,55.57169043,89.702,1,77.22158536,22,99.8807847,78.2575468,1024x542,49.23701656
DAMUNT,ByteTrack,0.75,OU50B1L2Out_0,40.556,83.95,42.56,71.42857143,69.44444444,75.75757576,65.11627907,100,71.05263158,68.324,90.412,70.275,5162,44,1898,58.63216903,207,56.8805093,89.673,0,76.44370947,17,99.7536532,77.5360111,1024x542,48.18042111
DAMUNT,ByteTrack,0.75,OU50B1L3Out_0,38.063,86.116,39.504,62.5,60.78431373,51.51515152,65.95744681,100,66.66666667,68.515,90.409,70.464,5426,21,2003,56.88086462,302,54.13464847,89.61,0,76.53469388,21,99.8900236,77.8530612,1024x542,48.9157427
DAMUNT,ByteTraX,0.25,OU10B1L1Out_0,66.805,87.388,69.531,75,100,75,77.77777778,100,85.71428571,82.806,86.878,88.945,106,225,48,83.34292738,32,80.77873308,89.765,0,92.74,10,95.6046103,97.88,1024x542,63.68566282
DAMUNT,ByteTraX,0.25,OU10B1L2Out_0,66.267,84.216,70.349,72.72727273,88.88888889,75,66.66666667,100,100,85.706,89.366,90.527,55,120,31,84.05885296,22,80.8544461,90.5,0,96.06,10,97.6307996,98.9,1024x542,64.59265456
DAMUNT,ByteTraX,0.25,OU10B1L3Out_0,54.12,76.409,58.254,77.77777778,100,83.33333333,71.42857143,100,100,81.208,85.28,88.418,81,265,54,75.52229833,50,71.81853888,89.094,0,92.08,10,94.8881173,98.38,1024x542,65.20362452
DAMUNT,ByteTraX,0.25,OU10B3L1Out_0,86.418,92.854,88.407,100,100,100,100,100,100,78.697,82.686,89.346,170,750,44,91.45408322,30,91.98931909,90.418,0,86.80555556,10,90.3598972,97.6388889,1024x542,65.86912969
DAMUNT,ByteTraX,0.25,OU10B3L2Out_0,71.99,88.198,74.85,50,75,100,40,100,66.66666667,78.088,85.581,85.926,408,437,71,82.74714059,33,81.84905399,90.588,0,87.80555556,9,93.9549039,94.3333333,1024x542,63.21155951
DAMUNT,ByteTraX,0.25,OU10B3L3Out_0,77.219,89.766,79.677,100,100,100,100,100,100,81.111,86.274,89.27,271,521,47,85.54308607,21,83.84982935,91.344,0,88.70833333,10,93.0067114,96.2361111,1024x542,64.66025764
DAMUNT,ByteTraX,0.25,OU50B1L1Out_0,50.848,73.615,55.377,83.33333333,77.5,90.625,72.09302326,100,73.33333333,78.914,84.969,85.939,798,1067,315,73.35421252,224,67.00580475,88.722,0,91.13064153,46,95.520947,96.6118966,1024x542,55.8085074
DAMUNT,ByteTraX,0.25,OU50B1L2Out_0,42.196,66.607,48.521,67.56756757,83.33333333,56.81818182,73.68421053,50,60,79.261,84.48,86.94,562,1231,314,66.40140934,236,58.81570764,88.867,0,91.17019888,47,94.7944858,97.5542887,1024x542,55.97429337
DAMUNT,ByteTraX,0.25,OU50B1L3Out_0,44.123,70.196,49.356,75.75757576,59.61538462,60.71428571,70.45454545,100,66.66666667,79.304,84.748,86.63,755,1299,339,67.55356959,337,59.6560633,88.738,0,90.24081633,49,94.8131289,96.9183673,1024x542,55.58722194
DAMUNT,ByteTraX,0.5,OU10B1L1Out_0,67.33,86.615,69.855,85.71428571,100,85.71428571,87.5,100,75,83.797,90.513,86.531,251,31,145,83.62335061,13,81.7791411,89.843,0,94.1,10,99.3514644,94.98,1024x542,63.68566282
DAMUNT,ByteTraX,0.5,OU10B1L2Out_0,66.316,78.341,71.688,100,88.88888889,100,88.88888889,100,100,84.468,91.497,87.16,251,14,166,83.71542587,7,82.86387381,90.606,0,94.56,10,99.7060676,94.98,1024x542,64.59265456
DAMUNT,ByteTraX,0.5,OU10B1L3Out_0,68.419,85.017,72.316,87.5,100,100,83.33333333,100,71.42857143,81.369,89.548,84.516,315,34,169,84.35873326,10,82.55993415,89.313,0,92.82,9,99.2795084,93.7,1024x542,65.20362452
DAMUNT,ByteTraX,0.5,OU10B3L1Out_0,75.065,89.011,77.777,100,75,100,66.66666667,100,66.66666667,83.325,89.522,87.632,307,155,96,87.4409589,14,84.53116227,90.447,0,93.38888889,9,97.8007946,95.7361111,1024x542,65.86912969
DAMUNT,ByteTraX,0.5,OU10B3L2Out_0,66.41,92.685,67.96,50,75,100,66.66666667,100,100,74.433,91.057,76.994,1173,61,176,77.35899757,20,81.81818182,90.671,0,82.58333333,6,98.9980289,83.7083333,1024x542,63.21155951
DAMUNT,ByteTraX,0.5,OU10B3L3Out_0,87.377,94.18,89.186,100,100,100,100,100,100,82.785,90.683,86.917,473,174,78,92.96063478,17,92.95794624,91.468,0,90.77777778,9,97.4786263,93.4305556,1024x542,64.66025764
DAMUNT,ByteTraX,0.5,OU50B1L1Out_0,62.079,81.099,66.112,95.23809524,83.78378378,93.5483871,88.57142857,100,89.18918919,78.849,88.931,82.285,1969,209,886,79.96340176,113,77.77532748,89.098,0,90.27300132,45,99.0409765,91.6401308,1024x542,55.8085074
DAMUNT,ByteTraX,0.5,OU50B1L2Out_0,52.615,71.724,58.476,73.52941176,89.28571429,78.125,90.32258065,100,77.14285714,77.989,88.246,81.971,1887,253,951,73.67486269,143,70.30502662,89.004,0,90.06484181,47,98.8147107,91.7881544,1024x542,55.97429337
DAMUNT,ByteTraX,0.5,OU50B1L3Out_0,60.031,77.924,64.541,89.28571429,86.11111111,89.47368421,88.57142857,100,86.48648649,79.239,89.033,82.652,1969,213,891,78.59745875,115,77.26272119,89.077,0,90.6244898,45,99.0634893,91.9632653,1024x542,55.58722194
DAMUNT,ByteTraX,0.75,OU10B1L1Out_0,54.055,75.572,59.072,100,100,100,100,100,100,74.336,90.925,76.232,809,1,366,70.49331396,8,72.69364665,89.809,0,83.64,6,99.976145,83.82,1024x542,63.68566282
DAMUNT,ByteTraX,0.75,OU10B1L2Out_0,59.246,81.005,63.584,88.88888889,88.88888889,100,100,100,100,75.838,91.997,77.793,773,1,405,74.4374275,10,77.0697876,90.862,0,84.32,8,99.9763482,84.54,1024x542,64.59265456
DAMUNT,ByteTraX,0.75,OU10B1L3Out_0,67.849,90.905,69.269,87.5,100,83.33333333,100,100,100,72.45,90.891,74.24,924,8,395,78.35758911,7,83.13518274,89.756,0,81.22,8,99.8041136,81.52,1024x542,65.20362452
DAMUNT,ByteTraX,0.75,OU10B3L1Out_0,68.995,92.863,70.303,75,75,100,100,100,100,75.575,91.918,77.581,1124,1,251,78.76052495,7,81.56963169,90.779,0,84.27777778,7,99.9835445,84.3888889,1024x542,65.86912969
DAMUNT,ByteTraX,0.75,OU10B3L2Out_0,51.876,92.495,52.89,50,75,100,66.66666667,100,100,60.291,91.593,61.736,2355,8,288,61.52081257,15,69.12801792,90.585,0,66.97222222,3,99.8351535,67.2916667,1024x542,63.21155951
DAMUNT,ByteTraX,0.75,OU10B3L3Out_0,83.459,94.555,85.045,100,100,100,100,100,100,77.647,93.191,79.536,1062,7,155,87.32584864,2,90.95541401,91.786,0,85.125,8,99.8860862,85.25,1024x542,64.66025764
DAMUNT,ByteTraX,0.75,OU50B1L1Out_0,54.846,77.828,58.426,95,96.875,89.65517241,100,100,94.28571429,69.116,90.051,71.228,4954,31,1859,69.59580868,101,72.02427518,89.49,0,78.40614784,23,99.8336017,78.966586,1024x542,55.8085074
DAMUNT,ByteTraX,0.75,OU50B1L2Out_0,48.041,71.684,53.086,86.20689655,92.59259259,92,90.32258065,100,93.10344828,68.269,89.82,70.526,4994,58,1933,64.76916707,109,67.48086393,89.468,0,77.54036294,18,99.6785457,78.2671135,1024x542,55.97429337
DAMUNT,ByteTraX,0.75,OU50B1L3Out_0,48.324,72.284,52.652,96.15384615,86.11111111,80.95238095,91.17647059,100,88.88888889,68.336,89.556,70.698,5185,26,2016,65.17115369,102,66.36253735,89.267,0,78.31428571,24,99.8655705,78.8367347,1024x542,55.58722194
DAMUNT,ByteTraX-RT,0.25,OU10B1L1Out_0,84.508,91.606,86.539,100,100,100,100,100,100,87.157,91.02,89.582,84,5,27,96.30361529,1,96.28061687,89.857,0,98.2,10,99.8983946,98.32,1024x542,66.06214369
DAMUNT,ByteTraX-RT,0.25,OU10B1L2Out_0,78.197,88.714,81.297,100,80,100,88.88888889,100,100,88.76,92.063,91.161,54,5,25,92.4385367,3,91.74957291,90.705,0,98.76,10,99.8990103,98.92,1024x542,65.93448467
DAMUNT,ByteTraX-RT,0.25,OU10B1L3Out_0,73.04,82.469,78.013,100,100,100,83.33333333,100,85.71428571,83.504,87.892,88.366,73,100,42,89.80832658,14,89.79754662,89.093,0,96.26,10,98.010742,98.54,1024x542,66.77374173
DAMUNT,ByteTraX-RT,0.25,OU10B3L1Out_0,89.334,93.007,91.469,100,100,100,100,100,100,86.812,91.343,89.567,149,9,22,98.06003415,1,98.89200561,90.372,0,97.79166667,10,99.8725212,97.9305556,1024x542,65.01634669
DAMUNT,ByteTraX-RT,0.25,OU10B3L2Out_0,78.295,92.974,80.035,50,75,100,66.66666667,100,100,83.508,91.416,86.553,449,66,49,88.86100674,5,89.23450096,90.864,0,92.77777778,8,99.0318322,93.7638889,1024x542,66.42667796
DAMUNT,ByteTraX-RT,0.25,OU10B3L3Out_0,89.122,93.992,91.022,100,100,100,100,100,100,85.553,92.649,88.081,375,20,16,95.5195144,2,96.41865433,91.465,0,94.48611111,9,99.7078159,94.7916667,1024x542,66.20963476
DAMUNT,ByteTraX-RT,0.25,OU50B1L1Out_0,60.799,76.611,66.242,95.23809524,91.17647059,96.66666667,96.875,100,89.18918919,80.936,87.519,85.728,788,306,271,82.07584709,102,76.87457104,88.708,0,94.9220906,46,98.6736596,96.654354,1024x542,56.45644261
DAMUNT,ByteTraX-RT,0.25,OU50B1L2Out_0,59.896,75.545,66.087,89.28571429,86.20689655,73.52941176,90.32258065,100,75,82.751,88.035,87.411,560,397,262,81.35507693,89,77.34905557,88.981,0,95.44801776,47,98.259993,97.5629923,1024x542,56.91051233
DAMUNT,ByteTraX-RT,0.25,OU50B1L3Out_0,57.688,71.818,64.367,96.15384615,86.11111111,89.47368421,88.57142857,100,88.88888889,82.236,88.149,86.627,760,337,249,79.28255115,123,74.72672252,88.814,0,95.02040816,49,98.600324,96.8979592,1024x542,55.81764258
DAMUNT,ByteTraX-RT,0.5,OU10B1L1Out_0,77.392,85.401,81.37,100,100,100,100,100,100,84.191,91.012,86.498,251,3,144,90.33321913,2,92.59639048,89.836,0,94.88,10,99.9368687,94.98,1024x542,66.06214369
DAMUNT,ByteTraX-RT,0.5,OU10B1L2Out_0,66.934,78.711,72.08,100,88.88888889,100,88.88888889,100,100,85.293,92.042,87.551,248,4,163,83.85050372,5,83.57933579,90.722,0,94.86,10,99.9158957,95.04,1024x542,65.93448467
DAMUNT,ByteTraX-RT,0.5,OU10B1L3Out_0,72.451,86.183,76.033,100,100,100,90.90909091,100,71.42857143,80.985,89.495,84.179,321,24,162,87.15878962,8,87.00401938,89.285,0,92.94,9,99.4896874,93.58,1024x542,66.77374173
DAMUNT,ByteTraX-RT,0.5,OU10B3L1Out_0,87.934,93.157,89.931,100,100,100,100,100,100,85.246,91.584,87.806,298,1,89,96.07703514,0,97.87988371,90.491,0,95.84722222,9,99.9855135,95.8611111,1024x542,65.01634669
DAMUNT,ByteTraX-RT,0.5,OU10B3L2Out_0,64.789,89.942,67.088,50,75,100,66.66666667,100,100,74.188,91.328,76.538,1185,19,168,76.69123416,12,80.76167447,90.594,0,83.11111111,6,99.6851177,83.5416667,1024x542,66.42667796
DAMUNT,ByteTraX-RT,0.5,OU10B3L3Out_0,88.24,94.15,90.094,100,100,100,100,100,100,84.066,92.68,86.515,504,25,48,94.15347818,5,94.46160477,91.483,0,92.58333333,9,99.6280315,93,1024x542,66.20963476
DAMUNT,ByteTraX-RT,0.5,OU50B1L1Out_0,61.189,77.607,66.141,100,93.93939394,100,96.875,100,89.18918919,78.872,89.125,82.129,1978,129,864,79.52589839,89,77.97688755,89.051,0,90.67634696,45,99.4056395,91.6019191,1024x542,56.45644261
DAMUNT,ByteTraX-RT,0.5,OU50B1L2Out_0,53.662,70.875,59.757,83.33333333,89.28571429,89.28571429,87.5,100,81.81818182,78.506,88.789,82.081,1897,161,934,74.47448606,123,71.24960427,89.022,0,90.50872536,47,99.2421033,91.7446364,1024x542,56.91051233
DAMUNT,ByteTraX-RT,0.5,OU50B1L3Out_0,62.812,78.322,67.394,92.59259259,88.57142857,94.44444444,91.17647059,100,91.42857143,79.16,89.191,82.417,1977,116,871,81.02941187,84,79.53499226,89.009,0,91.11428571,46,99.4876099,91.9306122,1024x542,55.81764258
DAMUNT,ByteTraX-RT,0.75,OU10B1L1Out_0,54.055,75.572,59.072,100,100,100,100,100,100,74.336,90.925,76.232,809,1,366,70.49331396,8,72.69364665,89.809,0,83.64,6,99.976145,83.82,1024x542,66.06214369
DAMUNT,ByteTraX-RT,0.75,OU10B1L2Out_0,54.399,77.023,59.586,88.88888889,88.88888889,100,100,100,100,75.702,91.961,77.671,778,1,404,71.21775607,11,73.09985905,90.839,0,84.2,8,99.9763202,84.44,1024x542,65.93448467
DAMUNT,ByteTraX-RT,0.75,OU10B1L3Out_0,67.823,90.893,69.256,87.5,100,83.33333333,100,100,100,72.43,90.878,74.229,925,9,395,78.35758911,7,83.11316601,89.749,0,81.18,8,99.7796278,81.5,1024x542,66.77374173
DAMUNT,ByteTraX-RT,0.75,OU10B3L1Out_0,68.994,92.861,70.302,75,75,100,100,100,100,75.574,91.918,77.581,1124,1,251,78.76052495,7,81.56963169,90.778,0,84.27777778,7,99.9835445,84.3888889,1024x542,65.01634669
DAMUNT,ByteTraX-RT,0.75,OU10B3L2Out_0,50.63,90.797,51.958,50,75,100,66.66666667,100,100,59.989,91.312,61.547,2356,9,288,60.68231564,16,68.28175558,90.52,0,66.93055556,3,99.8145477,67.2777778,1024x542,66.42667796
DAMUNT,ByteTraX-RT,0.75,OU10B3L3Out_0,83.524,94.488,85.107,100,100,100,100,100,100,77.67,93.203,79.546,1061,6,154,87.37713904,2,91.18021731,91.777,0,85.15277778,8,99.9023596,85.2638889,1024x542,66.20963476
DAMUNT,ByteTraX-RT,0.75,OU50B1L1Out_0,51.872,74.537,55.874,100,100,89.65517241,93.5483871,100,94.28571429,68.715,89.798,70.948,4985,41,1853,67.65121248,117,69.712063,89.408,0,78.16414045,22,99.7796765,78.8349679,1024x542,56.45644261
DAMUNT,ByteTraX-RT,0.75,OU50B1L2Out_0,49.857,73.871,54.455,86.20689655,92.59259259,96,93.33333333,100,93.10344828,68.072,89.699,70.389,5003,56,1930,66.2433818,108,69.18143913,89.443,0,77.51425214,18,99.689441,78.2279473,1024x542,56.91051233
DAMUNT,ByteTraX-RT,0.75,OU50B1L3Out_0,48.337,72.287,52.666,96.15384615,86.11111111,80.95238095,91.17647059,100,88.88888889,68.29,89.534,70.662,5190,26,2015,65.18031069,103,66.3655443,89.259,0,78.28979592,24,99.8655358,78.8163265,1024x542,55.81764258
DeepSea-MOT,ByteTrack,0.25,BD,64.747,86.071,67.675,97.6744186,80,100,96.36363636,90.90909091,95.74468085,56.029,78.915,61.151,8297,1835,1063,72.0338637,324,72.6105899,84.671,15,63.5780967,43,91.7513261,71.0986485,1920x1080,41.92204544
DeepSea-MOT,ByteTrack,0.25,BS,79.041,93.404,81.048,66.66666667,100,85.71428571,75,100,66.66666667,72.007,82.99,79.481,1303,716,318,85.4850416,60,83.4652044,87.791,3,85.0216138,23,94.6137065,90.6123919,1920x1080,44.97751555
DeepSea-MOT,ByteTrack,0.25,BS_4K,75.738,91.809,77.867,100,85.71428571,75,100,100,100,65.627,84.316,71.075,2204,503,415,79.1204072,86,79.617292,88.479,5,74.215288,18,94.4912934,79.6528804,3840x2160,10.1600521
DeepSea-MOT,ByteTrack,0.25,MD_BTL,61.684,78.452,66.214,66.66666667,100,100,50,0,100,38.64,56.865,49.719,141,94,1,65.931162,0,66.4764622,81.211,0,37.1657754,1,71.2538226,62.2994652,1920x1080,48.17153244
DeepSea-MOT,ByteTrack,0.25,MD_CAN,77.723,87.065,80.834,97.36842105,100,100,89.47368421,66.66666667,100,61.915,75.451,68.474,2391,976,382,87.1738381,44,86.9839312,81.866,6,77.7073394,55,92.971338,84.3735704,3840x2160,10.1307362
DeepSea-MOT,ByteTrack,0.25,MD_FLN,62.164,89.395,64.605,0,100,100,50,0,100,59.346,84.27,62.822,452,29,15,71.3034825,4,78.2488797,86.726,2,70.8182912,1,97.6594027,72.8038508,1920x1080,47.40266037
DeepSea-MOT,ByteTrack,0.25,MD_ROP,67.361,85.039,71.018,56.66666667,80,65.2173913,88,100,81.81818182,49.972,73.52,54.746,5211,1159,598,74.6690903,123,71.7092906,80.809,16,59.0811696,28,90.1912661,67.1603227,3840x2160,10.37197349
DeepSea-MOT,ByteTrack,0.25,MWD,59.072,82.214,61.821,65.2173913,100,80,44.82758621,60,46.875,32.313,71.643,34.92,7504,925,430,54.6158409,103,48.5045309,81.174,31,33.5255162,12,85.2141944,41.5348656,1920x1080,45.98666593
DeepSea-MOT,ByteTrack,0.25,MWS,65.117,83.115,67.892,0,100,100,100,100,50,54.479,78.224,58.558,594,103,74,74.1771656,30,69.8682284,82.778,3,62.7752176,3,92.9548564,69.5852535,1920x1080,48.42804984
DeepSea-MOT,ByteTrack,0.25,MWS_4K,66.655,83.334,69.669,23.52941176,100,100,23.52941176,0,23.52941176,11.959,66.426,12.207,2664,39,38,37.9511663,7,28.5263987,74.848,19,15.7338308,3,93.4010152,17.1641791,3840x2160,11.01986127
DeepSea-MOT,ByteTrack,0.5,BD,64.496,87.754,66.893,97.61904762,80,75,89.09090909,90.90909091,76.59574468,51.338,83.477,53.821,10852,653,1622,68.1688885,62,73.5370735,85.403,19,59.7080953,31,96.4719866,62.1986903,1920x1080,41.92204544
DeepSea-MOT,ByteTrack,0.5,BS,78.111,94.315,79.859,85.71428571,100,100,75,100,100,67.245,87.729,70.86,2801,132,562,80.8770296,19,83.3844805,88.589,4,78.7319885,19,98.822585,79.8198847,1920x1080,44.97751555
DeepSea-MOT,ByteTrack,0.5,BS_4K,73.319,92.733,75.344,100,85.71428571,100,100,100,100,59.643,88.819,62.072,3385,123,574,73.4010656,25,77.4807086,89.367,6,67.383678,13,98.3751651,68.75,3840x2160,10.1600521
DeepSea-MOT,ByteTrack,0.5,MD_BTL,61.609,78.222,65.729,100,100,100,50,100,100,40.559,72.912,43.864,168,19,1,68.0661121,0,68.7813022,81.1,1,50,1,91.5555556,55.0802139,1920x1080,48.17153244
DeepSea-MOT,ByteTrack,0.5,MD_CAN,72.509,87.239,75.156,92.10526316,100,100,89.47368421,50,89.47368421,58.028,78.937,61.592,3696,334,876,81.1172486,18,84.5374449,82.079,7,73.5442128,46,97.2024458,75.844716,3840x2160,10.1307362
DeepSea-MOT,ByteTrack,0.5,MD_FLN,62.939,89.921,65.485,0,100,100,50,0,100,55.354,86.138,57.736,557,9,24,68.4933819,3,77.1613833,87.15,2,65.7641396,1,99.1921005,66.4861613,1920x1080,47.40266037
DeepSea-MOT,ByteTrack,0.5,MD_ROP,63.766,86.532,66.821,46.66666667,73.33333333,65.2173913,84,100,54.54545455,43.581,77.341,46.098,6920,510,993,65.9999896,22,68.8936271,81.684,19,53.0375599,20,94.6077395,56.3902193,3840x2160,10.37197349
DeepSea-MOT,ByteTrack,0.5,MWD,60.32,84.421,62.579,60.86956522,100,60,37.93103448,60,40.625,28.54,77.882,29.727,8294,358,502,50.1718297,27,46.0809744,82.457,34,32.3802104,9,92.6923862,35.3798208,1920x1080,45.98666593
DeepSea-MOT,ByteTrack,0.5,MWS,65.446,84.118,67.929,0,100,100,100,75,100,47.762,81.487,49.902,802,45,121,68.721028,6,70.8161321,83.723,4,56.3236047,2,96.2374582,58.9349718,1920x1080,48.42804984
DeepSea-MOT,ByteTrack,0.5,MWS_4K,65.376,84.288,67.539,23.52941176,100,100,23.52941176,0,17.64705882,9.9923,68.333,10.135,2753,14,36,34.3846953,8,24.5870566,75.332,19,13.7126866,2,97.0649895,14.3967662,3840x2160,11.01986127
DeepSea-MOT,ByteTrack,0.75,BD,54.778,88.641,56.455,88.0952381,80,62.5,85.45454545,81.81818182,65.95744681,38.235,86.271,39.256,15848,203,2085,52.4531833,22,60.17572,86.752,29,44.0121221,14,98.4459925,44.7958757,1920x1080,41.92204544
DeepSea-MOT,ByteTrack,0.75,BS,69.006,95.406,70.151,100,100,83.33333333,66.66666667,100,50,52.998,90.593,54.708,5517,19,646,65.5099023,32,70.3620519,90.183,8,59.8847262,8,99.7733238,60.2521614,1920x1080,44.97751555
DeepSea-MOT,ByteTrack,0.75,BS_4K,65.128,93.919,66.5,100,85.71428571,100,83.33333333,100,80,46.919,91.765,47.848,5188,4,619,60.1341622,9,65.788835,90.588,12,51.9848597,8,99.9291785,52.1048744,3840x2160,10.1600521
DeepSea-MOT,ByteTrack,0.75,MD_BTL,57.545,78.012,61.018,100,100,100,50,100,100,35.766,76.445,37.405,198,7,1,61.3611275,0,63.1956912,81.049,1,45.1871658,1,96.1748634,47.0588235,1920x1080,48.17153244
DeepSea-MOT,ByteTrack,0.75,MD_CAN,57.597,88.308,59.168,86.84210526,100,84.61538462,81.57894737,50,78.94736842,44.37,80.861,46.014,6679,85,1284,62.0122602,23,67.6607797,82.703,14,55.643422,15,99.023774,56.3492582,3840x2160,10.1307362
DeepSea-MOT,ByteTrack,0.75,MD_FLN,65.475,89.778,68.394,0,100,100,50,0,100,42.624,89.241,43.815,850,4,38,60.6964248,0,65.5367232,89.278,3,48.6161252,1,99.5098039,48.856799,1920x1080,47.40266037
DeepSea-MOT,ByteTrack,0.75,MD_ROP,52.33,89.573,54.108,20,53.33333333,34.7826087,64,100,27.27272727,25.455,83.054,26.045,10949,57,783,42.1895795,32,45.4615237,84.665,29,30.4386186,5,98.8545016,30.9994958,3840x2160,10.37197349
DeepSea-MOT,ByteTrack,0.75,MWD,56.929,87.668,58.415,13.04347826,100,40,20.68965517,20,21.875,19.974,84.01,20.291,9765,30,486,39.2615268,10,35.8330719,84.993,45,23.6073237,2,99.0322581,23.9189716,1920x1080,45.98666593
DeepSea-MOT,ByteTrack,0.75,MWS,57.88,85.838,59.552,0,100,100,100,75,100,34.454,84.56,35.244,1152,13,91,52.933738,4,55.9450669,85.312,5,40.1433692,1,98.4029484,41.0138249,1920x1080,48.42804984
DeepSea-MOT,ByteTrack,0.75,MWS_4K,60.378,83.817,62.048,23.52941176,100,100,17.64705882,0,11.76470588,7.351,71.336,7.4087,2884,2,36,28.5315379,2,18.5915493,76.28,20,10.199005,2,99.4011976,10.3233831,3840x2160,11.01986127
DeepSea-MOT,ByteTraX,0.25,BD,63.234,83.69,66.6,89.36170213,100,61.53846154,94.82758621,90.90909091,97.91666667,55.935,76.955,62.08,7935,2386,1094,72.8835985,358,72.6049318,84.268,16,62.8013097,45,89.6973099,72.359621,1920x1080,46.64235524
DeepSea-MOT,ByteTraX,0.25,BS,80.929,93.091,83.039,66.66666667,100,85.71428571,42.85714286,87.5,100,71.706,82.343,79.667,1257,806,310,86.2585617,75,85.2905636,87.722,3,84.5965418,23,93.9980639,90.943804,1920x1080,51.15652445
DeepSea-MOT,ByteTraX,0.25,BS_4K,79.298,91.186,81.954,100,100,75,100,66.66666667,100,66.006,83.258,72.159,2067,623,449,82.5494939,90,85.2720079,88.108,5,74.3353028,20,93.3638688,80.9176514,3840x2160,10.41467929
DeepSea-MOT,ByteTraX,0.25,MD_BTL,61.415,78.398,65.92,66.66666667,100,100,50,100,100,38.367,55.504,50.31,138,103,1,65.5424415,0,66.1991585,81.179,0,35.5614973,1,69.6165192,63.1016043,1920x1080,54.14741178
DeepSea-MOT,ByteTraX,0.25,MD_CAN,74.275,85.925,77.602,95,100,68.42105263,97.43589744,85.71428571,97.43589744,61.396,74.237,68.764,2333,1205,386,85.6102472,67,84.1894551,81.736,6,76.4394484,55,91.4979186,84.7526305,3840x2160,10.46987511
DeepSea-MOT,ByteTraX,0.25,MD_FLN,68.352,88.861,71.225,50,100,100,50,0,100,60.114,84.031,63.807,436,36,16,75.8081978,7,82.1477428,86.717,2,71.179302,2,97.1473851,73.7665463,1920x1080,55.19244437
DeepSea-MOT,ByteTraX,0.25,MD_ROP,65.779,83.524,69.606,60,100,73.91304348,92.59259259,50,90.90909091,50.446,71.715,56.146,4952,1507,590,75.2360146,168,70.3121134,80.391,14,58.2367028,29,87.8692747,68.7925384,3840x2160,10.5658502
DeepSea-MOT,ByteTraX,0.25,MWD,58.847,81.539,61.55,82.60869565,100,80,58.62068966,60,59.375,33.5,69.845,36.639,7235,1133,530,56.7969851,102,51.2980376,80.551,30,34.0085703,12,83.1724343,43.6306973,1920x1080,51.20704472
DeepSea-MOT,ByteTraX,0.25,MWS,67.734,81.991,70.764,0,100,100,100,100,50,54.366,76.472,59.439,578,143,76,76.6077801,28,73.4082397,82.689,3,61.6487455,3,90.5797101,70.4045059,1920x1080,53.94670519
DeepSea-MOT,ByteTraX,0.25,MWS_4K,64.263,82.477,67.278,41.17647059,100,100,47.05882353,0,35.29411765,12.906,62.174,13.34,2618,92,54,38.9340651,1,30.5683564,74.132,17,15.7027363,3,86.6666667,18.5945274,3840x2160,11.42333259
DeepSea-MOT,ByteTraX,0.5,BD,64.954,87.972,67.372,95.23809524,80,87.5,89.09090909,90.90909091,78.72340426,51.364,83.274,53.913,10827,705,1632,68.8507225,47,73.9755572,85.326,19,59.6662951,31,96.2068223,62.285774,1920x1080,46.64235524
DeepSea-MOT,ByteTraX,0.5,BS,74.784,94.21,76.511,85.71428571,100,100,75,87.5,100,67.258,87.672,70.902,2793,138,562,79.8304579,14,82.1111332,88.564,4,78.7824207,19,98.7706013,79.8775216,1920x1080,51.15652445
DeepSea-MOT,ByteTraX,0.5,BS_4K,73.31,92.697,75.345,100,85.71428571,100,100,100,100,59.712,88.75,62.171,3370,126,583,73.4870358,21,77.567861,89.329,6,67.5313885,13,98.3394834,68.8884786,3840x2160,10.41467929
DeepSea-MOT,ByteTraX,0.5,MD_BTL,61.609,78.222,65.729,100,100,100,50,100,100,39.962,71.018,43.864,168,25,1,67.5458539,0,68.0991736,81.1,1,48.3957219,1,89.1774892,55.0802139,1920x1080,54.14741178
DeepSea-MOT,ByteTraX,0.5,MD_CAN,70.925,86.617,73.634,94.73684211,100,100,92.10526316,66.66666667,89.47368421,57.957,78.673,61.649,3680,369,883,80.3680005,14,83.2655454,82.04,7,73.44618,46,96.9224354,75.9492844,3840x2160,10.46987511
DeepSea-MOT,ByteTraX,0.5,MD_FLN,62.932,89.827,65.494,0,100,100,50,0,100,55.316,86.007,57.752,557,11,24,68.5209137,3,77.1058315,87.136,2,65.6438026,1,99.0143369,66.4861613,1920x1080,55.19244437
DeepSea-MOT,ByteTraX,0.5,MD_ROP,64.272,86.108,67.467,53.33333333,73.33333333,65.2173913,88,100,54.54545455,43.68,77.035,46.295,6902,570,994,66.7890352,7,69.6347032,81.598,19,52.8674061,20,94.022651,56.5036552,3840x2160,10.5658502
DeepSea-MOT,ByteTraX,0.5,MWD,65.286,83.528,68.063,60.86956522,100,60,41.37931034,60,46.875,28.769,77.431,30.025,8256,398,536,53.1942231,16,50.3480799,82.311,33,32.4503311,9,92.0032148,35.6758862,1920x1080,51.20704472
DeepSea-MOT,ByteTraX,0.5,MWS,65.498,84.023,67.996,0,100,100,100,75,100,47.788,81.292,49.991,798,46,121,68.8731008,6,71.0209258,83.665,4,56.4772145,2,96.1698585,59.1397849,1920x1080,53.94670519
DeepSea-MOT,ByteTraX,0.5,MWS_4K,65.25,84.137,67.409,23.52941176,100,100,23.52941176,0,23.52941176,10.225,67.854,10.381,2743,19,38,34.8642476,1,25.4584682,75.139,19,14.0858209,2,96.1382114,14.7077114,3840x2160,11.42333259
DeepSea-MOT,ByteTraX,0.75,BD,54.864,87.896,56.698,85.71428571,80,62.5,85.45454545,81.81818182,63.82978723,38.149,86.013,39.207,15844,222,2091,52.6637958,25,60.1713165,86.659,29,43.9494218,14,98.3035305,44.8098091,1920x1080,46.64235524
DeepSea-MOT,ByteTraX,0.75,BS,68.993,95.405,70.138,100,100,83.33333333,66.66666667,100,50,53.01,90.592,54.721,5515,19,646,65.5105825,30,70.3647143,90.181,8,59.9135447,8,99.7733779,60.2665706,1920x1080,51.15652445
DeepSea-MOT,ByteTraX,0.75,BS_4K,65.116,93.913,66.488,100,85.71428571,100,83.33333333,100,80,46.944,91.752,47.875,5184,4,622,60.148741,8,65.8335355,90.579,11,52.0310192,8,99.9292286,52.1418021,3840x2160,10.41467929
DeepSea-MOT,ByteTraX,0.75,MD_BTL,57.545,78.012,61.018,100,100,100,50,100,100,35.766,76.445,37.405,198,7,1,61.3611275,0,63.1956912,81.049,1,45.1871658,1,96.1748634,47.0588235,1920x1080,54.14741178
DeepSea-MOT,ByteTraX,0.75,MD_CAN,55.851,84.619,57.98,86.84210526,100,100,84.21052632,66.66666667,78.94736842,44.03,80.35,45.749,6721,132,1278,61.1758447,23,65.3396077,82.492,14,55.0617607,14,98.4848485,56.0747664,3840x2160,10.46987511
DeepSea-MOT,ByteTraX,0.75,MD_FLN,65.463,89.696,68.398,0,100,100,50,0,100,42.617,89.158,43.828,850,5,38,60.7402605,0,65.5102864,89.262,3,48.5559567,1,99.3880049,48.856799,1920x1080,55.19244437
DeepSea-MOT,ByteTraX,0.75,MD_ROP,51.891,88.862,53.747,23.33333333,60,34.7826087,68,100,27.27272727,25.514,82.723,26.128,10928,72,801,42.2258084,22,45.6609195,84.517,29,30.5394505,5,98.5634477,31.1318377,3840x2160,10.5658502
DeepSea-MOT,ByteTraX,0.75,MWD,57.057,87.628,58.554,13.04347826,100,40,20.68965517,20,21.875,20,83.943,20.32,9760,32,488,39.3816429,7,36.1058838,84.956,45,23.6540709,2,98.9700676,23.9579275,1920x1080,51.20704472
DeepSea-MOT,ByteTraX,0.75,MWS,57.556,85.665,59.229,0,100,100,100,75,100,34.792,84.255,35.635,1142,15,100,53.1568989,3,56.9989205,85.153,5,40.6041987,1,98.1840194,41.5258577,1920x1080,53.94670519
DeepSea-MOT,ByteTraX,0.75,MWS_4K,59.652,83.714,61.324,23.52941176,100,100,23.52941176,0,11.76470588,7.495,70.861,7.5576,2876,3,44,28.6592064,0,19.1064906,76.052,20,10.4788557,2,99.1253644,10.5721393,3840x2160,11.42333259
GMOT-40,ByteTrack,0.25,airplane-0,10.40905333,90.7560563,10.45141231,100,50,100,93.75,100,100,9.339400993,88.82383935,9.394427245,7621,20,5,9.853244968,3,18.40621343,89.46277351,23,10.07058824,0,97.7753059,10.34117647,1920x1080,48.06951949
GMOT-40,ByteTrack,0.25,airplane-1,72.80368247,82.41508223,77.07393693,100,80,100,100,100,100,74.08809289,81.34616589,79.13319861,362,221,209,73.417586,14,91.05134474,83.59633993,0,88.48157438,20,95.61681872,93.01562801,1920x1080,50.03415124
GMOT-40,ByteTrack,0.25,airplane-2,72.32392767,87.10941163,75.03417202,100,69.23076923,100,91.66666667,100,100,83.15386378,88.96472146,86.89714825,221,81,42,77.52042445,30,84.29627141,89.19645454,0,94.48871182,22,98.62338545,96.3313413,1920x1080,49.17557375
GMOT-40,ByteTrack,0.25,airplane-3,51.58089033,84.73159126,53.47487443,33.33333333,60,100,50,60,100,76.53738841,81.9347624,82.48099415,73,97,30,62.5652328,28,69.68438538,84.9905005,0,94.5,12,97.32339956,97.97222222,1920x1080,49.57920816
GMOT-40,ByteTrack,0.25,ball-0,86.23606354,95.02513294,87.47390021,75,83.33333333,100,100,50,100,83.41386339,89.51110636,88.67792122,198,161,27,84.52380408,11,92.30380387,91.77870539,0,90.6918239,14,95.91163027,95.01886792,1920x1080,48.04604021
GMOT-40,ByteTrack,0.25,ball-1,66.4672037,81.24494724,69.80469193,83.33333333,87.5,100,63.63636364,77.77777778,46.66666667,64.69122979,77.77000495,69.2668963,1256,277,146,65.4317064,88,85.28560458,81.41140518,6,81.89635917,64,96.52664577,85.97274961,1920x1080,40.84559349
GMOT-40,ByteTrack,0.25,ball-2,60.29887656,90.33537298,62.11007795,100,75,100,66.66666667,100,76,76.84152424,88.07599108,80.73136927,314,67,66,67.98121617,31,75.53285186,88.49380025,1,86.09047941,19,97.53222836,89.39905469,1920x1080,47.0553376
GMOT-40,ByteTrack,0.25,ball-3,51.47489777,81.82730736,53.90353426,18.18181818,44.44444444,100,33.33333333,100,100,48.93263943,73.21696462,54.70158315,1604,464,189,49.11597384,132,55.40883697,82.10385866,9,51.19787045,11,86.22327791,64.418811,1920x1080,46.21504134
GMOT-40,ByteTrack,0.25,balloon-0,40.98549418,71.36707798,45.65095743,95.12195122,94.11764706,82.14285714,83.33333333,100,89.65517241,61.29493178,77.6789095,65.9633046,968,178,288,49.94735421,169,60.80941565,81.93333298,3,74.89499809,59,95.99820144,81.51966399,1920x1080,44.43253325
GMOT-40,ByteTrack,0.25,balloon-1,27.1500753,76.12476476,29.0408744,77.77777778,67.85714286,64.28571429,76.92307692,80,58.53658537,65.05689088,78.6720358,69.75702079,1932,432,391,41.63078462,434,45.04684872,82.22272917,2,78.86227997,58,96.31933203,85.40454786,1920x1080,44.66767128
GMOT-40,ByteTrack,0.25,balloon-2,67.70640955,81.60895439,71.62404874,77.77777778,100,88.88888889,90,83.33333333,100,65.52954273,78.5101643,69.99255214,300,70,36,66.47520893,21,85.78553616,81.78769332,6,81.55660377,20,96.2962963,85.8490566,1920x1080,48.1100873
GMOT-40,ByteTrack,0.25,balloon-3,72.33635658,89.05174706,75.45583277,94.11764706,80,80,91.30434783,77.77777778,100,76.68082591,87.04007214,81.53433629,1929,526,155,74.34897853,89,84.12598645,88.62827743,0,88.53020739,67,97.46835443,91.30297565,1920x1080,43.11274629
GMOT-40,ByteTrack,0.25,bird-0,6.797647443,48.94259549,7.148915724,52.85714286,83.33333333,0,75.90361446,54.54545455,62.85714286,39.60377192,69.16318999,41.77332501,3781,340,1296,16.17734986,1728,20.90837339,75.41511668,0,32.68500403,1,93.52134146,56.48521119,1920x1080,38.25550398
GMOT-40,ByteTrack,0.25,bird-1,22.20154161,47.80335279,24.66462921,100,72.09302326,78.82352941,83.67346939,58.62068966,93.75,38.17917954,66.65562121,40.6329256,2141,310,486,28.97525052,554,37.85931912,74.32059339,8,35.92750533,18,89.15704792,54.34968017,1920x1080,43.80522008
GMOT-40,ByteTrack,0.25,bird-2,84.52221408,89.67328771,88.2863753,91.66666667,100,100,100,100,100,80.07629229,85.27611672,86.97905884,241,373,35,82.21648741,2,94.09826243,88.62607392,1,90.68078669,40,94.46751706,96.35400908,1920x1080,48.18405573
GMOT-40,ByteTrack,0.25,bird-3,15.63572962,66.06504468,16.76587002,33.33333333,30.3030303,57.14285714,33.33333333,50,60,75.80900259,82.47089549,81.0730837,299,176,133,34.33556424,151,29.76860538,85.03079443,0,91.37384594,10,97.53294085,95.87984015,1920x1080,50.40083423
GMOT-40,ByteTrack,0.25,boat-0,80.16499398,88.50319178,83.83204336,0,100,100,80,100,66.66666667,78.99097891,84.8812642,86.47427392,331,465,57,79.4930762,18,89.704454,89.10935025,0,88.59943978,38,93.60736871,95.36414566,1920x1080,44.14362433
GMOT-40,ByteTrack,0.25,boat-1,83.8806132,90.93677694,87.19631392,60,87.5,100,100,100,66.66666667,82.88098581,88.20071227,88.57817608,264,297,60,83.36740444,12,94.57133614,90.44324827,0,92.56905719,27,96.16477273,96.57631954,1920x1080,46.81163755
GMOT-40,ByteTrack,0.25,boat-2,85.67950543,89.77411589,88.178671,100,100,100,100,100,100,84.77288657,88.75243665,87.88444216,47,15,5,85.21243485,1,98.43366093,88.34014663,1,98.07457213,17,99.53703704,98.56356968,1920x1080,48.63812736
GMOT-40,ByteTrack,0.25,boat-3,79.21231861,89.41602206,81.89783254,100,100,100,100,100,100,73.55662198,84.66998413,79.83103781,405,196,27,76.12926206,29,86.19282196,88.72853763,0,82.77276456,21,94.31554524,88.92534865,1920x1080,47.38392052
GMOT-40,ByteTrack,0.25,car-0,71.1616607,85.15215704,74.94421827,73.07692308,92.30769231,100,95,94.28571429,100,72.7644604,80.32536523,79.3331224,770,620,132,71.76992581,45,87.31355651,84.29539884,1,88.18249197,69,94.83031769,93.65889813,1920x1080,44.34172507
GMOT-40,ByteTrack,0.25,car-1,85.58406051,91.64405696,89.14996155,97.22222222,100,100,100,100,100,84.01440124,90.05847953,88.03196109,261,111,27,84.74820808,3,97.02624791,90.00578008,0,94.37443744,43,98.29650092,96.08460846,1920x1080,47.67403779
GMOT-40,ByteTrack,0.25,car-2,83.18360121,89.22588599,86.25907103,0,60,75,50,0,88.88888889,77.6582059,86.77046518,82.14867065,252,66,28,80.3586287,0,95.32215357,87.9550948,2,90.89347079,22,98.00362976,92.78350515,1280x720,52.72239286
GMOT-40,ByteTrack,0.25,car-3,83.90933495,92.07776712,86.52859577,100,100,80,100,90,100,85.78158418,90.49508588,89.46460354,110,44,52,84.69521174,58,93.90942218,90.10226855,0,96.34230504,38,99.23211169,98.10213941,1920x1080,45.96662617
GMOT-40,ByteTrack,0.25,fish-0,64.61719448,82.7229945,68.44365961,85.71428571,76.47058824,100,85.71428571,94.44444444,87.5,67.13865425,79.85712948,73.48555,1339,559,179,65.58439784,125,78.51054762,84.36765342,3,79.30646481,78,93.78612717,86.30319149,1920x1080,39.72437468
GMOT-40,ByteTrack,0.25,fish-1,66.92186531,86.51257901,69.96175807,100,100,83.33333333,85.71428571,83.33333333,100,72.97646296,80.81282117,79.88680383,138,112,20,69.7235598,14,81.82624113,85.03290736,1,88.36491847,22,95.00668747,93.91802556,1920x1080,47.75832459
GMOT-40,ByteTrack,0.25,fish-2,59.33109788,80.70368599,64.00994706,91.30434783,96.22641509,96.22641509,86.20689655,86.95652174,76.47058824,64.46869807,77.98665386,70.91922269,1075,469,129,61.58126583,91,74.38909774,83.27534256,4,75.5495738,61,92.28745272,83.9240317,1920x1080,44.04054228
GMOT-40,ByteTrack,0.25,fish-3,56.01953774,75.71645902,60.39604317,94.59459459,90.74074074,90,100,97.95918367,88.88888889,60.30752086,73.92828305,66.46592971,542,220,89,58.03621719,47,75.17332453,80.41920714,0,74.63949843,42,92.32914923,83.00940439,1920x1080,49.22018773
GMOT-40,ByteTrack,0.25,insect-0,66.93792699,83.54342836,70.61620017,75,100,100,85.71428571,100,85.71428571,66.7128163,79.79103314,71.83108478,1094,346,134,66.56680237,56,81.59741718,83.20260522,7,80.0480128,60,94.87407407,85.40944252,1920x1080,41.99185744
GMOT-40,ByteTrack,0.25,insect-1,55.15863637,75.59809211,58.66665331,0,96,92.59259259,100,93.5483871,76.92307692,64.18318162,71.49871048,71.70693388,243,251,53,59.43304076,42,76.26317703,78.90493201,0,80.48780488,31,90.8892922,91.15398617,1920x1080,50.93713699
GMOT-40,ByteTrack,0.25,insect-2,55.26082701,74.56801713,58.5234612,50,100,92.30769231,100,100,90.90909091,62.24035102,73.04941289,67.15526453,229,74,71,58.59544024,42,82.12639002,78.25941333,0,82.04060385,24,95.80973952,88.07912546,1920x1080,49.06769905
GMOT-40,ByteTrack,0.25,insect-3,42.7915006,67.99780786,47.14537241,46.77419355,45.90163934,24.48979592,37.5,40,49.18032787,45.78018628,74.67236109,48.3581442,739,55,98,43.93205421,126,54.90931832,79.30636404,49,52.60175167,18,95.62450278,61.92684183,1920x1080,50.82467201
GMOT-40,ByteTrack,0.25,person-0,45.21312258,79.00340615,48.97993676,100,86.36363636,100,61.53846154,100,100,69.40301997,82.38796615,75.50258472,493,202,94,55.8995464,49,62.31080474,86.23077554,0,78.63296956,14,93.66969602,85.84147042,1920x1080,46.54755725
GMOT-40,ByteTrack,0.25,person-1,29.07097689,53.85540785,35.78084591,0,93.33333333,83.33333333,65.51724138,88.88888889,100,64.11527229,74.28930758,73.03798059,265,227,71,43.07567104,81,51.85516316,82.41210904,0,74.60106383,16,89.76555455,88.2535461,1920x1080,45.11454011
GMOT-40,ByteTrack,0.25,person-2,62.92983405,85.67198239,66.56327806,100,90.90909091,100,90,66.66666667,100,75.68810679,81.8251709,85.45759671,255,578,112,68.89397795,79,76.39663866,88.26570964,0,87.46564046,17,92.39373602,96.4953271,1920x1080,49.43474356
GMOT-40,ByteTrack,0.25,person-3,17.34402099,72.91638437,18.2317643,75,94.44444444,100,75,61.53846154,69.44444444,54.65791979,72.59221311,58.82108759,2333,505,666,30.43415227,726,29.40839257,78.1952353,4,63.01369863,20,93.53227459,75.78870901,1920x1080,47.3450182
GMOT-40,ByteTrack,0.25,stock-0,79.27160151,90.00373492,81.98445859,80,100,83.33333333,84.21052632,100,100,85.54130205,89.97992113,89.51676867,339,256,91,82.2707553,49,90.62704013,90.08838305,0,96.00620155,43,98.404189,97.89767442,1920x1012,42.12319106
GMOT-40,ByteTrack,0.25,stock-1,68.88546591,83.33207658,72.13199559,100,80,100,90,100,100,72.86004342,81.02487624,79.49197318,356,258,51,70.44436116,50,80.86143052,84.99800257,0,87.18146718,33,94.92325856,93.12741313,1920x1080,46.05098163
GMOT-40,ByteTrack,0.25,stock-2,67.49966365,84.09450083,70.99229959,50,95.23809524,95.65217391,81.81818182,77.77777778,100,67.49566887,78.06372635,75.83362379,924,704,135,67.27314735,83,79.91042023,84.87622899,1,77.78210622,33,90.58949338,88.00155824,1920x1080,43.5114644
GMOT-40,ByteTrack,0.25,stock-3,61.19594927,77.82166346,65.87048423,100,100,100,100,100,66.66666667,72.63792666,82.0796753,77.53052465,365,85,48,66.64727094,20,81.10749186,84.21222605,0,90.69675376,15,98.21877619,92.77513856,1920x1080,47.68502967
GMOT-40,ByteTrack,0.5,airplane-0,80.9295122,89.33317948,83.42539122,100,100,100,100,100,100,80.69014756,88.12107923,84.10897833,466,79,138,80.79379128,4,95.04604828,88.15548443,0,93.54117647,22,99.02625416,94.51764706,1920x1080,48.06951949
GMOT-40,ByteTrack,0.5,airplane-1,70.30167605,80.66020437,75.44436563,100,80,100,100,100,100,73.35053701,81.68361546,78.05883607,437,207,241,71.78410194,6,89.70007893,83.70249387,0,87.45900058,20,95.82071472,91.56858962,1920x1080,50.03415124
GMOT-40,ByteTrack,0.5,airplane-2,75.19808739,85.92923972,78.5515388,100,69.23076923,100,91.66666667,100,100,81.72869578,89.73078453,84.77056686,356,23,70,78.38168975,22,88.46777636,89.30336426,0,93.34329349,21,99.5958531,94.09030544,1920x1080,49.17557375
GMOT-40,ByteTrack,0.5,airplane-3,60.10799681,86.034499,62.61665536,33.33333333,75,100,60,60,100,76.14328379,83.48222397,80.60672515,155,31,80,67.55835088,13,78.97117015,85.02913216,0,94.47222222,12,99.10817031,95.69444444,1920x1080,49.57920816
GMOT-40,ByteTrack,0.5,ball-0,87.20117996,95.39268288,88.41195233,75,83.33333333,100,100,50,100,84.02006511,91.71382883,87.33002317,260,70,37,85.31851963,7,93.7371134,91.87436837,0,91.52201258,14,98.15059445,93.4591195,1920x1080,48.04604021
GMOT-40,ByteTrack,0.5,ball-1,66.11258434,82.55323818,69.06929843,80.55555556,75,100,63.63636364,77.77777778,46.66666667,61.6195642,79.42361371,64.89425485,1783,145,296,63.70005765,58,85.10141364,81.82800871,7,77.81996873,53,98.01804265,80.08711191,1920x1080,40.84559349
GMOT-40,ByteTrack,0.5,ball-2,59.97559036,90.35770603,61.81567726,100,75,100,66.66666667,100,76,76.02360278,88.39973151,79.56572728,341,45,75,67.43650388,28,75.62189055,88.52407162,1,86.02295746,18,98.31207802,88.48750844,1920x1080,47.0553376
GMOT-40,ByteTrack,0.5,ball-3,59.55867752,85.59587063,62.14714299,18.18181818,44.44444444,100,16.66666667,100,100,39.587073,82.38884248,41.45028721,2332,92,165,48.2069463,81,54.78158205,85.42304633,22,44.43212067,8,95.94356261,48.26974268,1920x1080,46.21504134
GMOT-40,ByteTrack,0.5,balloon-0,39.83225601,71.35855698,44.45085955,95.12195122,100,71.42857143,75.92592593,100,86.20689655,60.13054761,78.71493392,63.97278994,1117,136,320,48.77298035,157,59.92627699,82.04654635,3,73.08132875,52,96.80526192,78.67506682,1920x1080,44.43253325
GMOT-40,ByteTrack,0.5,balloon-1,27.31457267,77.36474226,29.02755176,77.77777778,60.71428571,71.42857143,76.92307692,76,60,64.38718015,79.20330237,68.66041359,2093,331,493,41.56086628,421,45.33829718,82.33747594,1,78.50721463,57,97.11546841,84.18826018,1920x1080,44.66767128
GMOT-40,ByteTrack,0.5,balloon-2,67.18364588,81.6404297,71.06328863,77.77777778,100,88.88888889,90,83.33333333,100,65.05672862,78.7695781,69.29493545,320,65,46,65.98401676,19,85.47051443,81.82461639,6,80.94339623,19,96.51474531,84.90566038,1920x1080,48.1100873
GMOT-40,ByteTrack,0.5,balloon-3,74.30039489,89.94759536,77.28420524,94.11764706,80,80,91.30434783,77.77777778,90,75.81659002,88.92965139,79.20672963,2638,213,305,74.96331011,34,86.50053654,89.02913199,0,86.99278629,61,98.92179195,88.10640216,1920x1080,43.11274629
GMOT-40,ByteTrack,0.5,bird-0,7.063181721,51.28739865,7.39952178,61.66666667,91.11111111,0,87.5,54.54545455,60,37.07093707,69.78742847,38.85735746,4109,258,1272,15.98732871,1526,21.40903378,75.60806856,0,32.17861664,1,94.66721786,52.7103234,1920x1080,38.25550398
GMOT-40,ByteTrack,0.5,bird-1,21.46381381,46.63892005,23.87107038,100,65.11627907,70.58823529,83.67346939,59.77011494,96.66666667,35.80954846,66.24191373,38.03613511,2313,316,507,27.56453999,554,35.08059055,74.14651742,8,32.13219616,12,88.26587449,50.68230277,1920x1080,43.80522008
GMOT-40,ByteTrack,0.5,bird-2,85.51995695,90.03164349,89.08338896,91.66666667,100,100,100,93.75,100,80.35593388,86.54018644,86.04267856,315,277,76,82.84759852,0,95.38764983,88.69570991,2,91.04387292,40,95.78514912,95.23449319,1920x1080,48.18405573
GMOT-40,ByteTrack,0.5,bird-3,18.27908489,68.57516011,19.60376058,38.46153846,35.71428571,57.14285714,34.48275862,50,75,75.41873276,83.46591168,79.75094827,413,90,195,37.02331678,139,33.62694666,85.11589274,0,91.15336916,10,98.70204788,94.30894309,1920x1080,50.40083423
GMOT-40,ByteTrack,0.5,boat-0,80.89210014,88.57020728,84.69173997,0,100,100,66.66666667,100,66.66666667,78.64502718,86.32555693,84.69335102,462,327,92,79.68991686,10,91.17002474,89.23077736,0,88.80952381,37,95.33190578,93.52941176,1920x1080,44.14362433
GMOT-40,ByteTrack,0.5,boat-1,84.19238965,90.8196971,87.67812076,60,87.5,100,100,100,66.66666667,82.09060283,89.21108802,86.7236825,390,175,112,83.12582992,5,95.33767344,90.3644871,0,92.60796265,27,97.66542156,94.94229023,1920x1080,46.81163755
GMOT-40,ByteTrack,0.5,boat-2,85.25763015,89.83992491,87.7254153,100,100,100,100,100,100,84.62104743,89.06731336,87.43404967,65,5,16,84.92601459,1,98.27267119,88.36417773,1,97.83007335,17,99.84433375,98.01344743,1920x1080,48.63812736
GMOT-40,ByteTrack,0.5,boat-3,80.45085502,90.14979396,83.07216546,100,100,100,100,100,100,73.28563861,88.30206814,76.68782292,544,63,58,76.63480598,8,87.75062198,89.08460698,1,83.18293683,21,98.0163728,85.12441892,1920x1080,47.38392052
GMOT-40,ByteTrack,0.5,car-0,71.65214397,85.53137477,75.30768561,73.07692308,88.46153846,100,95,91.42857143,100,71.82838684,81.41505778,77.40565281,1070,472,262,71.57661381,27,88.44140493,84.52039733,2,87.07897554,66,95.91165006,91.18833896,1920x1080,44.34172507
GMOT-40,ByteTrack,0.5,car-1,84.47160665,92.17220683,87.57381103,97.22222222,100,100,100,100,100,82.98630736,90.916204,86.23809749,405,62,67,83.68034141,1,96.38925244,90.27728815,0,92.97929793,42,99.01945279,93.92439244,1920x1080,47.67403779
GMOT-40,ByteTrack,0.5,car-2,81.56650276,89.29042675,84.5227462,0,60,100,50,0,77.77777778,77.1268157,88.19511066,80.3656478,326,16,57,79.30204565,0,94.8756368,88.01429932,2,90.20618557,22,99.49717159,90.66437572,1280x720,52.72239286
GMOT-40,ByteTrack,0.5,car-3,84.88369166,92.37958299,87.53145223,100,100,100,100,80,100,84.18150146,91.17683338,87.25981621,267,18,89,84.41412469,38,94.27840959,90.33369535,0,94.42719117,36,99.67550027,95.39337474,1920x1080,45.96662617
GMOT-40,ByteTrack,0.5,fish-0,65.94527411,82.3353074,70.06039858,85.71428571,64.70588235,100,80,94.11764706,87.5,65.39803231,82.55008736,69.69807908,1795,273,275,65.45951416,78,80.34387133,84.88511334,4,78.04828151,69,96.69251272,81.63870704,1920x1080,39.72437468
GMOT-40,ByteTrack,0.5,fish-1,72.55605976,86.65472373,75.82822046,100,83.33333333,100,100,83.33333333,100,72.93496613,81.98733749,78.69917191,167,76,33,72.62486423,10,88.95884866,85.05575779,1,88.84971353,22,96.51056015,92.63992948,1920x1080,47.75832459
GMOT-40,ByteTrack,0.5,fish-2,61.0565067,81.35913273,65.47715093,86.95652174,94.33962264,96.22641509,82.75862069,86.95652174,86.66666667,62.72110631,79.92471886,67.51827977,1305,267,205,61.66295325,56,77.09143969,83.49286682,5,75.65425452,56,95.27349973,80.48452221,1920x1080,44.04054228
GMOT-40,ByteTrack,0.5,fish-3,53.69757714,74.53221124,58.36252131,89.18918919,88.88888889,86,92.59259259,95.83333333,88.88888889,59.60362395,75.81467481,64.52565583,627,152,106,56.51070497,41,73.90347163,80.80840699,1,74.29467085,39,94.4014733,80.34482759,1920x1080,49.22018773
GMOT-40,ByteTrack,0.5,insect-0,70.275015,83.32685493,74.25588207,81.81818182,87.5,100,100,100,85.71428571,64.53614816,81.15326302,68.3817439,1368,188,200,67.11776837,22,85.24898668,83.33399676,12,78.95438784,50,97.0243748,81.7551347,1920x1080,41.99185744
GMOT-40,ByteTrack,0.5,insect-1,54.22658694,74.63749247,57.87912418,0,100,92.59259259,100,93.5483871,71.42857143,65.42062407,73.52400166,71.22219455,251,165,58,59.49564783,45,76.44230769,78.92071351,0,83.21805606,32,93.79932356,90.86275937,1920x1080,50.93713699
GMOT-40,ByteTrack,0.5,insect-2,55.75671559,75.18684425,59.15157903,50,100,92.30769231,50,88.23529412,100,60.15410392,74.4556728,63.99079427,314,44,101,57.88141576,22,83.09070549,78.57645095,0,80.21863613,18,97.33494852,83.65434669,1920x1080,49.06769905
GMOT-40,ByteTrack,0.5,insect-3,43.45074638,69.91006473,47.4409729,46.77419355,44.26229508,22.44897959,37.5,37.33333333,49.18032787,44.89001109,75.47767935,47.12980287,770,41,101,43.81772658,114,54.61465271,79.47917425,50,52.3441525,16,96.61716172,60.32972694,1920x1080,50.82467201
GMOT-40,ByteTrack,0.5,person-0,48.73295294,79.74585665,52.4594669,100,89.47368421,100,61.53846154,100,100,68.62829949,85.22594365,72.69415641,610,98,125,57.75530463,35,66.7699938,86.74050752,0,78.66168868,11,96.7003367,82.48133257,1920x1080,46.54755725
GMOT-40,ByteTrack,0.5,person-1,36.50857835,61.22665313,43.12800665,0,78.57142857,93.33333333,82.60869565,88.88888889,100,63.00083112,77.72087404,69.03928705,387,135,97,47.89797276,55,61.50234742,82.86516603,0,74.42375887,14,93.26347305,82.84574468,1920x1080,45.11454011
GMOT-40,ByteTrack,0.5,person-2,60.92508992,80.55373562,65.6077558,100,90.90909091,100,100,66.66666667,100,75.8346521,86.54568162,81.20497092,628,179,176,67.85814066,41,77.11834361,88.58942027,0,88.34524464,15,97.37805771,91.368884,1920x1080,49.43474356
GMOT-40,ByteTrack,0.5,person-3,19.28122524,76.01758114,20.24675709,75,64.70588235,100,75,61.53846154,86.20689655,49.52110065,75.04421996,52.14000131,3167,226,615,30.68728721,495,31.22895107,79.06882485,6,59.6513076,17,96.62434653,67.13366542,1920x1080,47.3450182
GMOT-40,ByteTrack,0.5,stock-0,83.64026105,91.38240341,86.19376361,80,92.85714286,86.95652174,100,100,100,85.19867198,90.93733503,88.2754794,566,94,176,84.36349917,27,94.30423563,90.19156264,0,95.73953488,43,99.39947614,96.48992248,1920x1012,42.12319106
GMOT-40,ByteTrack,0.5,stock-1,75.61018631,87.95611413,78.19852129,100,100,100,100,100,100,69.04274309,84.95457039,72.39179029,797,31,163,72.02862498,18,87.74233896,85.78760493,0,83.66795367,25,99.29768917,84.61389961,1920x1080,46.05098163
GMOT-40,ByteTrack,0.5,stock-2,69.76018162,84.04591281,73.4535172,100,95,95.45454545,81.81818182,87.5,100,67.3481079,81.60422156,72.81966115,1203,374,219,68.38050245,50,82.87929733,85.2886556,2,78.87287365,31,94.55762515,84.37865212,1920x1080,43.5114644
GMOT-40,ByteTrack,0.5,stock-3,61.48030045,76.08562849,67.22879041,100,100,100,100,80,66.66666667,70.49804197,82.11117682,75.21981914,469,45,86,65.82211237,13,83.30578512,84.27341185,0,89.56848773,15,99.02765774,90.7165479,1920x1080,47.68502967
GMOT-40,ByteTrack,0.75,airplane-0,77.92202052,89.81049173,80.06225667,100,50,100,100,100,100,77.57951218,89.00546598,80.15727554,870,25,246,77.73748634,2,92.85051068,88.43178301,0,89.44705882,18,99.67341607,89.76470588,1920x1080,48.06951949
GMOT-40,ByteTrack,0.75,airplane-1,68.54466593,83.32579242,72.11357179,100,80,100,100,100,66.66666667,68.69906426,82.29351253,72.6240645,782,173,356,68.6006121,6,86.64548529,84.02181427,0,81.4586147,15,96.21775251,84.912213,1920x1080,50.03415124
GMOT-40,ByteTrack,0.75,airplane-2,78.59638962,89.46710876,80.98933119,100,90,100,100,100,100,79.67620887,90.80644848,81.79212973,599,1,144,79.12855728,7,91.80786026,89.68181445,0,89.92363878,20,99.98157022,90.0564409,1920x1080,49.17557375
GMOT-40,ByteTrack,0.75,airplane-3,55.13294574,77.81858812,59.77700125,50,90,100,100,75,100,71.67713449,84.45387132,75.09356725,400,1,219,62.8302437,10,79.04719894,85.23924144,0,88.58333333,11,99.96875976,88.88888889,1920x1080,49.57920816
GMOT-40,ByteTrack,0.75,ball-0,79.98962051,94.60102565,81.35686879,50,50,100,100,50,100,80.58480792,93.38465925,82.38993711,476,8,65,79.99517989,8,88.93344026,91.97129892,0,87.62264151,12,99.7718848,88.02515723,1920x1080,48.04604021
GMOT-40,ByteTrack,0.75,ball-1,56.20886726,84.14003858,58.22785118,75,75,100,63.63636364,77.77777778,43.33333333,46.57177612,81.41484664,48.11786558,3709,47,573,51.07937527,47,70.98132809,82.79908013,19,57.52736207,20,99.11186697,58.57717221,1920x1080,40.84559349
GMOT-40,ByteTrack,0.75,ball-2,56.77666585,89.50631683,58.44378149,100,75,100,66.66666667,100,79.16666667,73.11968855,88.89142147,76.22694481,459,37,102,64.33401002,30,72.44638313,88.79202277,1,82.24172856,17,98.54330709,84.50371371,1920x1080,47.0553376
GMOT-40,ByteTrack,0.75,ball-3,61.19439226,90.25608232,62.93412093,18.18181818,33.33333333,100,8.333333333,100,100,27.31605464,89.11781232,27.7751833,3112,9,107,40.83667895,39,42.17825131,89.35531738,29,29.90239574,4,99.3594306,30.96716948,1920x1080,46.21504134
GMOT-40,ByteTrack,0.75,balloon-0,38.99256778,74.03576552,42.02944863,90.24390244,93.75,71.42857143,74.07407407,90.90909091,79.31034483,54.26896063,80.50640114,56.86782822,1601,63,403,45.88733427,143,58.15618707,82.70125585,5,65.50210004,31,98.2972973,69.43489882,1920x1080,44.43253325
GMOT-40,ByteTrack,0.75,balloon-1,26.05407449,77.8084264,27.47791012,77.77777778,53.57142857,57.14285714,80,72,67.6056338,60.40445555,80.7101679,63.57061347,2950,139,687,39.3423023,391,43.94201919,82.95208668,2,73.71005515,42,98.66679455,77.71398353,1920x1080,44.66767128
GMOT-40,ByteTrack,0.75,balloon-2,65.48951203,82.84058585,68.58623896,77.77777778,100,77.77777778,70,83.33333333,76.92307692,61.37060553,80.28944276,64.45878848,448,30,71,63.29770072,27,82.20826792,82.35120788,8,76.17924528,17,98.2373678,78.86792453,1920x1080,48.1100873
GMOT-40,ByteTrack,0.75,balloon-3,72.12684774,90.81911199,74.51113664,90.19607843,80,80,91.30434783,77.77777778,90,70.91218547,90.72117552,73.04731622,4372,51,495,71.45228712,23,83.71837458,89.83613561,1,79.95491434,48,99.7144297,80.28854824,1920x1080,43.11274629
GMOT-40,ByteTrack,0.75,bird-0,7.015088696,55.70189241,7.328666126,90.24390244,84.44444444,0,79.36507937,60.60606061,60,26.0723829,71.42650393,26.9051614,5554,138,955,13.40652547,986,19.32787159,76.41375319,15,23.14420532,1,95.78368469,36.08010128,1920x1080,38.25550398
GMOT-40,ByteTrack,0.75,bird-1,21.60418281,48.89084038,23.47650706,100,72.09302326,61.17647059,74.54545455,58.62068966,85.71428571,29.10097896,68.56788436,30.39501739,2777,166,480,24.95608567,503,31.23061013,75.15291937,24,26.52452026,8,92.01539202,40.78891258,1920x1080,43.80522008
GMOT-40,ByteTrack,0.75,bird-2,82.63702291,90.67708935,85.48398663,91.66666667,100,87.5,100,93.75,100,79.42619679,88.31804848,83.42782069,497,131,175,80.97315458,1,94.53866501,88.91953859,2,90.48411498,38,97.90198591,92.48108926,1920x1080,48.18405573
GMOT-40,ByteTrack,0.75,bird-3,18.53612317,75.24541599,19.23318597,37.03703704,31.25,57.14285714,38.46153846,50,60,72.10755496,84.53586446,75.37985103,820,34,385,36.46249532,130,32.13869464,85.39286424,0,86.44067797,10,99.47457889,88.70056497,1920x1080,50.40083423
GMOT-40,ByteTrack,0.75,boat-0,77.18417112,87.21767176,80.78076943,0,100,100,80,100,66.66666667,76.23431445,87.75345207,80.80937638,787,222,170,76.64421159,9,88.38497995,89.49608041,0,85.74229692,35,96.62357414,88.97759104,1920x1080,44.14362433
GMOT-40,ByteTrack,0.75,boat-1,81.01141301,90.91173355,84.19764144,60,100,92.85714286,100,100,66.66666667,79.43485585,90.21581025,82.97374223,714,95,228,80.21115795,4,93.53509424,90.49778922,0,89.45662041,26,98.66046249,90.74050058,1920x1080,46.81163755
GMOT-40,ByteTrack,0.75,boat-2,84.47122739,89.90539464,86.84395195,100,100,100,100,100,100,83.09854686,89.24084559,85.69521297,132,2,53,83.77299028,2,97.87963829,88.41990922,1,95.84352078,16,99.93634628,95.96577017,1920x1080,48.63812736
GMOT-40,ByteTrack,0.75,boat-3,79.86118255,92.37297608,81.75866008,100,100,100,0,100,100,65.76639154,90.67099944,67.463984,939,3,114,72.39652987,4,84.35246159,89.84580269,2,74.13180202,15,99.88974642,74.32321575,1920x1080,47.38392052
GMOT-40,ByteTrack,0.75,car-0,66.11657655,85.60120052,69.17599133,73.07692308,80.76923077,100,90,91.42857143,100,67.07024438,83.36322413,70.91675082,2035,222,495,66.44458204,28,83.58474614,85.19838532,2,81.18257432,49,97.85091965,83.24137363,1920x1080,44.34172507
GMOT-40,ByteTrack,0.75,car-1,81.8938116,93.0197871,84.31129993,97.22222222,100,100,100,100,100,80.27148591,91.86212577,82.78064649,683,24,146,81.03658175,0,94.42121045,90.76314662,0,89.39393939,41,99.60046612,89.7539754,1920x1080,47.67403779
GMOT-40,ByteTrack,0.75,car-2,78.12175451,89.32099099,80.86141887,0,60,33.33333333,33.33333333,0,55.55555556,73.36760439,88.36160168,76.16506903,491,9,84,75.69486986,2,92.27929868,88.01914734,2,85.62428408,18,99.70099668,85.93928981,1280x720,52.72239286
GMOT-40,ByteTrack,0.75,car-3,84.99166138,92.91215068,87.49127874,100,100,100,100,80,93.75,80.83232014,91.72718283,83.3869093,532,5,126,82.79578123,25,93.66470854,90.61299929,1,90.30365769,35,99.90510533,90.82125604,1920x1080,45.96662617
GMOT-40,ByteTrack,0.75,fish-0,66.74162262,86.83479765,69.63040907,85.71428571,70.58823529,90.90909091,83.33333333,100,87.5,59.26833089,84.67390746,62.07629856,2695,86,393,62.73801914,37,79.23036062,85.82271994,6,71.17430442,48,98.80005581,72.43248773,1920x1080,39.72437468
GMOT-40,ByteTrack,0.75,fish-1,71.48312548,87.46506635,74.46763717,87.5,83.33333333,100,100,100,71.42857143,69.97974677,83.96090075,74.11797453,302,36,69,70.6216003,8,87.35955056,85.63290914,1,84.75099163,21,98.20269596,86.69017188,1920x1080,47.75832459
GMOT-40,ByteTrack,0.75,fish-2,59.60504226,83.10319906,63.09239525,82.60869565,90.56603774,94.33962264,75.86206897,80.43478261,92.30769231,57.77135895,82.23657607,60.82579711,1834,93,283,58.50010068,37,76.98787931,84.17220721,6,70.62957978,41,98.11969268,72.57365037,1920x1080,44.04054228
GMOT-40,ByteTrack,0.75,fish-3,54.41303663,75.93561681,58.08417537,89.18918919,87.03703704,88,88.88888889,89.58333333,88.88888889,55.16582478,78.28061315,58.30556014,878,64,142,54.73351598,29,73.98490837,81.47759151,2,69.56112853,31,97.30639731,72.47648903,1920x1080,49.22018773
GMOT-40,ByteTrack,0.75,insect-0,67.97812665,84.58012782,71.22508949,81.81818182,85.71428571,75,100,100,85.71428571,58.92637656,82.72305069,61.63959512,2004,93,329,63.13089489,7,81.94115399,84.08499213,17,71.93918378,35,98.33542151,73.27287277,1920x1080,41.99185744
GMOT-40,ByteTrack,0.75,insect-1,52.71724641,74.03273899,57.19073065,0,96,88.88888889,100,96.66666667,76.92307692,64.19091605,74.94511009,68.67012818,327,97,87,58.10826463,42,74.92401216,79.11586173,0,83.03603932,29,96.1462058,88.09610484,1920x1080,50.93713699
GMOT-40,ByteTrack,0.75,insect-2,47.36063404,76.50133954,49.5046245,100,100,92.30769231,100,88.23529412,100,46.95365503,75.15504526,49.13833256,688,23,183,47.13431207,18,72.77305634,78.70792132,3,62.0510151,5,98.16878981,64.18532015,1920x1080,49.06769905
GMOT-40,ByteTrack,0.75,insect-3,41.58302737,70.13791987,45.31058106,46.77419355,40.98360656,20.40816327,34.375,34.66666667,40.98360656,41.75061574,76.34429033,43.58035738,865,32,114,41.33532616,104,51.42669728,79.83594412,55,48.42864503,12,97.11191336,55.43534261,1920x1080,50.82467201
GMOT-40,ByteTrack,0.75,person-0,43.73542327,79.15085477,47.45944129,100,78.94736842,100,72.72727273,100,100,61.93799552,87.17194616,64.51525137,942,37,183,51.98820421,31,62.58458492,87.63303639,0,70.99368179,7,98.56422196,72.94658242,1920x1080,46.54755725
GMOT-40,ByteTrack,0.75,person-1,27.82679895,56.06973363,33.89014243,0,92.85714286,80,100,100,100,56.9315983,80.72457904,60.50765211,612,47,141,39.74624932,52,48.84722574,83.72157472,0,68.48404255,8,97.22057954,72.87234043,1920x1080,45.11454011
GMOT-40,ByteTrack,0.75,person-2,58.20227026,82.89811688,62.33478123,100,90,100,90,66.66666667,100,69.44153928,88.58490483,72.81835016,1316,21,255,63.48899553,20,73.07837369,88.98858053,0,81.34964266,10,99.64888815,81.91313909,1920x1080,49.43474356
GMOT-40,ByteTrack,0.75,person-3,19.81417035,79.31760283,20.7231181,85.71428571,29.41176471,100,75,61.53846154,92.59259259,39.53862897,77.30411536,40.90635992,4600,63,481,27.85611892,307,29.20936546,80.10996908,14,48.42258198,12,98.76446362,52.26234952,1920x1080,47.3450182
GMOT-40,ByteTrack,0.75,stock-0,79.3422912,90.12798584,81.98564501,100,92.85714286,100,93.75,100,100,81.70766652,91.57539718,84.19257446,1327,27,389,80.46691332,13,91.05654281,90.50574056,0,91.52248062,38,99.81787521,91.77054264,1920x1012,42.12319106
GMOT-40,ByteTrack,0.75,stock-1,70.9547536,89.00907393,72.92972455,100,100,100,60,100,100,54.65835766,88.01479615,56.08819346,1880,1,162,62.18405715,11,75.03832095,87.62507447,8,63.47490347,17,99.96970615,63.70656371,1920x1080,46.05098163
GMOT-40,ByteTrack,0.75,stock-2,66.3248719,86.51320736,69.04175751,75,95,90.90909091,90,100,100,60.95245213,84.52739912,63.99100595,1988,117,361,63.46250424,33,80.17145813,85.99280367,2,72.23737177,23,97.99313894,74.18517076,1920x1080,43.5114644
GMOT-40,ByteTrack,0.75,stock-3,58.80723927,80.77879326,62.5281486,100,100,88.88888889,100,80,66.66666667,66.96810684,83.19098094,70.72550736,782,25,140,62.74322818,16,80.11126565,84.72901176,0,83.70942201,13,99.41792782,84.52098179,1920x1080,47.68502967
GMOT-40,ByteTraX,0.25,airplane-0,80.78419402,88.98946696,83.30266554,87.5,50,25,88.23529412,100,100,81.23794152,86.52462422,86.14798762,255,218,64,80.98654622,4,93.82774273,88.01378747,0,94.18823529,22,97.4240813,97,1920x1080,52.79386296
GMOT-40,ByteTraX,0.25,airplane-1,72.49967395,79.98680671,77.52116919,100,80,100,100,100,100,74.24743186,81.15884903,79.45205479,338,229,213,73.34296506,16,91.33274837,83.53771391,0,88.75168821,20,95.48679543,93.4786803,1920x1080,55.59656476
GMOT-40,ByteTraX,0.25,airplane-2,69.63392019,83.27834895,73.38985941,100,75,100,84.61538462,100,100,81.06063543,87.4211325,86.07150346,203,110,44,75.09714091,35,81.99079883,88.9373879,0,94.22310757,22,98.14533805,96.63014608,1920x1080,54.32996736
GMOT-40,ByteTraX,0.25,airplane-3,48.09683333,78.00975739,51.764006,33.33333333,64.28571429,100,50,50,100,75.45296762,80.76664329,82.49415205,75,152,34,60.02997665,41,66.78576336,85.02796572,0,92.55555556,12,95.86619527,97.91666667,1920x1080,54.91120757
GMOT-40,ByteTraX,0.25,ball-0,87.84475713,94.18920193,89.58711792,75,100,100,100,50,100,82.9314727,89.07415299,88.55875538,188,165,24,85.07772273,10,93.4527564,91.70895335,0,90.86792453,14,95.82489879,95.27044025,1920x1080,55.78392692
GMOT-40,ByteTraX,0.25,ball-1,65.13510938,78.25977658,69.43327699,81.81818182,100,100,93.93939394,88.88888889,70,66.35848183,76.6683395,71.83910749,968,404,154,65.57928028,83,84.12130996,81.03717463,5,83.7502792,68,95.18474374,89.18918919,1920x1080,43.88940537
GMOT-40,ByteTraX,0.25,ball-2,68.4395878,83.64536846,73.47144003,100,75,100,94.73684211,83.33333333,100,76.73036126,87.29457231,81.07608657,291,80,56,72.41957147,11,83.77384912,88.14278209,2,87.10330858,19,97.09196656,90.17555706,1920x1080,53.54962528
GMOT-40,ByteTraX,0.25,ball-3,50.52751153,73.42792574,55.53679028,18.18181818,100,100,100,100,100,49.48758323,69.51051923,57.28295895,1454,661,179,48.87362241,117,56.03794236,81.36460104,8,50.4880213,14,82.20726783,67.74622893,1920x1080,50.18897079
GMOT-40,ByteTraX,0.25,balloon-0,37.51732188,55.08055944,46.44087057,91.11111111,100,96.42857143,98.14814815,73.33333333,96.66666667,61.45414168,75.19784213,67.79003637,869,353,265,47.81645502,166,57.95180723,81.5095431,3,73.50133639,63,92.52435409,83.40969836,1920x1080,47.86851796
GMOT-40,ByteTraX,0.25,balloon-1,37.22165608,70.78539501,41.26295059,70,71.42857143,85.71428571,83.33333333,80,75,65.73081911,76.67231773,71.56932522,1574,693,335,49.18496498,287,59.32090806,81.35751058,3,80.70559795,62,94.3913888,88.10908816,1920x1080,50.35298188
GMOT-40,ByteTraX,0.25,balloon-2,70.5277665,80.71849955,75.21907737,100,100,100,100,83.33333333,100,66.82908913,77.29748399,72.22939424,250,111,23,68.51760972,3,89.34406242,81.32790846,3,82.83018868,22,94.39676931,88.20754717,1920x1080,52.33758183
GMOT-40,ByteTraX,0.25,balloon-3,75.21555028,88.48275443,78.97761118,98.03921569,100,100,91.30434783,77.77777778,90.90909091,76.30024811,86.38119308,81.67267809,1885,676,154,75.64804356,85,87.38152071,88.55723267,0,88.07033363,68,96.77650088,91.50135257,1920x1080,48.06657965
GMOT-40,ByteTraX,0.25,bird-0,16.15893184,38.44105995,19.09716178,56.06060606,70.3125,0,87.5,100,74.28571429,47.34169628,62.46855049,52.03675549,2461,1010,904,27.44999798,893,36.12733095,72.50933666,0,49.77557832,19,86.04586902,71.67683278,1920x1080,41.8923126
GMOT-40,ByteTraX,0.25,bird-1,41.87100136,56.42478837,48.24587997,100,90.69767442,94.11764706,100,80.45977011,80,46.93217134,64.58245614,51.63842442,1446,506,324,44.24258778,160,64.14691943,73.91956332,8,54.96801706,47,86.50666667,69.1684435,1920x1080,49.07807136
GMOT-40,ByteTraX,0.25,bird-2,85.38508706,89.38634822,89.43422324,91.66666667,100,88.88888889,100,100,91.66666667,79.72705032,84.90885903,86.93845051,246,404,34,82.45513836,3,94.66287935,88.57845087,1,90.12102874,40,94.03073286,96.27836611,1920x1080,51.45787986
GMOT-40,ByteTraX,0.25,bird-3,24.59290368,63.98138182,26.90585798,43.47826087,38.46153846,50,41.66666667,44.44444444,100,75.29266743,81.24521433,81.56988171,223,252,110,42.92401261,122,43.0447638,84.85722714,0,91.77346011,10,96.54131211,96.92710486,1920x1080,55.24643736
GMOT-40,ByteTraX,0.25,boat-0,80.75237264,87.95998441,84.87395745,0,100,100,50,100,100,78.42832661,84.35892633,86.3202123,327,493,56,79.50810733,21,90.69638654,89.00262696,0,88.22128852,38,93.25212154,95.42016807,1920x1080,49.06179713
GMOT-40,ByteTraX,0.25,boat-1,83.07285447,90.91063122,86.36928954,60,87.5,93.33333333,90,100,66.66666667,82.76914676,87.95464546,88.68465419,254,318,60,82.90697907,10,93.64587369,90.41521088,0,92.45234081,27,95.90996785,96.70600441,1920x1080,50.46788302
GMOT-40,ByteTraX,0.25,boat-2,85.67861869,89.75864625,88.18444235,100,100,100,100,100,100,84.77310017,88.73804381,87.89731051,47,16,5,85.21209188,1,98.41854752,88.33428271,1,98.04400978,17,99.50632521,98.56356968,1920x1080,55.13542737
GMOT-40,ByteTraX,0.25,boat-3,80.47272293,89.53377252,82.96210429,100,100,100,0,100,100,72.80113953,83.91922441,79.60508326,396,208,25,76.34219322,30,86.2475442,88.63149665,0,82.66338529,21,94.00403575,89.17145201,1920x1080,53.58962346
GMOT-40,ByteTraX,0.25,car-0,71.68464913,83.99236759,76.01939961,76.92307692,92.30769231,100,95,97.14285714,95.65217391,72.28555569,79.71224588,79.36432946,736,683,127,71.81007331,33,87.42623695,84.2638925,2,88.04249362,69,94.35070306,93.93889484,1920x1080,48.18391346
GMOT-40,ByteTraX,0.25,car-1,85.44999814,91.25391012,89.26512216,97.22222222,100,100,100,100,100,84.05741011,89.74646983,88.31935825,236,130,23,84.70432985,3,96.97565401,89.906903,0,94.46444644,43,98.01829268,96.45964596,1920x1080,54.54303815
GMOT-40,ByteTraX,0.25,car-2,83.16004905,89.12630396,86.3109223,0,80,60,50,0,88.88888889,77.63951143,86.65702893,82.21498764,250,71,28,80.33772441,0,95.28288024,87.91780796,2,90.80756014,22,97.85692726,92.84077892,1280x720,60.77895844
GMOT-40,ByteTraX,0.25,car-3,84.56239037,90.62841558,87.74536947,100,100,80,100,90,100,85.65485641,89.94099517,89.83237078,75,68,28,84.96646883,34,94.43245576,90.01467243,0,96.94616977,38,98.82535844,98.70600414,1920x1080,50.87152605
GMOT-40,ByteTraX,0.25,fish-0,61.04160972,76.66968072,66.6500082,100,76.47058824,91.66666667,70.58823529,85,80,66.2893709,78.00551027,73.92809458,1275,764,183,63.32087278,145,75.63678378,84.08985637,3,77.65957447,78,91.75391257,86.95785597,1920x1080,41.63593581
GMOT-40,ByteTraX,0.25,fish-1,65.13897632,82.18002415,69.31949404,100,85.71428571,71.42857143,87.5,83.33333333,87.5,72.7493672,79.93751292,80.71257916,128,150,20,68.70050679,15,79.42982456,85.24446083,1,87.08682239,22,93.45264077,94.35874835,1920x1080,53.48718198
GMOT-40,ByteTraX,0.25,fish-2,56.92688577,72.45806335,64.29080462,85.18518519,88.33333333,98.14814815,85.29411765,100,72.22222222,63.17841775,75.35076637,71.35053875,1048,693,124,59.71099744,82,72.81665258,82.86314148,2,72.73814865,62,89.05559065,84.32780021,1920x1080,48.40725508
GMOT-40,ByteTraX,0.25,fish-3,54.72532764,67.93212234,61.89537562,100,94.44444444,96,96.2962963,100,88.88888889,60.86345224,72.30568142,68.45240059,492,322,77,57.64491879,32,75.00805153,80.24049171,0,73.47962382,46,89.33774834,84.57680251,1920x1080,53.84674233
GMOT-40,ByteTraX,0.25,insect-0,66.12796531,79.57896406,71.8042453,75,58.33333333,100,75,100,87.5,66.46458742,78.64387134,72.39263804,1061,465,135,66.03649483,42,80.66666667,83.02940374,6,79.08775674,60,93.26282237,85.84955988,1920x1080,47.13503719
GMOT-40,ByteTraX,0.25,insect-1,60.67713016,69.2532723,68.52806196,100,96,96.2962963,92.85714286,100,90.90909091,63.81454659,70.15056251,72.04031192,234,308,36,62.172095,12,83.36925287,78.23892543,0,79.83254459,33,89.08188586,91.48161631,1920x1080,55.94791331
GMOT-40,ByteTraX,0.25,insect-2,56.24966913,68.29004312,62.2670545,100,100,92.30769231,50,94.44444444,90.90909091,62.43292498,71.77451826,68.37447601,197,106,57,59.22719706,29,83.17781925,78.06926955,0,82.71733472,25,94.20765027,89.74492452,1920x1080,55.51911923
GMOT-40,ByteTraX,0.25,insect-3,37.25784427,52.85817161,49.56309666,54.83870968,42.62295082,22.44897959,43.75,38.66666667,47.54098361,48.34156031,70.76471667,52.3170368,645,139,58,42.00347997,67,51.30331754,77.54685435,51,56.1566203,25,90.31358885,66.76970634,1920x1080,56.32650278
GMOT-40,ByteTraX,0.25,person-0,49.43002667,74.77875595,54.49457313,100,86.36363636,100,57.14285714,100,71.42857143,68.80035863,80.32354437,76.40194685,450,280,103,58.20641329,46,65.52840742,85.92258835,0,77.7139575,14,91.54589372,87.07639288,1920x1080,53.01485546
GMOT-40,ByteTraX,0.25,person-1,32.31157321,48.85493304,41.54766478,0,93.33333333,78.94736842,70.37037037,88.88888889,100,63.95534369,72.33671528,74.51707727,231,299,70,45.38142696,62,57.11790393,82.13098575,0,73.75886525,16,87.13425129,89.7606383,1920x1080,53.04092285
GMOT-40,ByteTraX,0.25,person-2,61.73355676,77.244581,67.88963436,100,58.82352941,100,75,66.66666667,100,72.58052024,79.25095978,84.2177599,214,670,92,66.83011234,82,76.09275053,87.86800817,0,86.72347444,17,91.33471288,97.05882353,1920x1080,54.16754665
GMOT-40,ByteTraX,0.25,person-3,40.87107408,61.69863234,45.58279952,85.71428571,80.95238095,100,100,100,80.64516129,57.49563949,67.4417279,64.6211575,1560,1157,460,48.24531575,311,60.98892363,76.32656694,4,68.57617269,28,87.46886169,83.81070984,1920x1080,52.20827442
GMOT-40,ByteTraX,0.25,stock-0,79.13833012,87.35438902,82.51867532,66.66666667,93.33333333,80,76.19047619,100,100,84.50047482,89.13063327,89.21354549,315,330,87,81.70068417,56,90.14721835,89.96472324,0,95.65271318,43,97.95539033,98.04651163,1920x1012,47.81039003
GMOT-40,ByteTraX,0.25,stock-1,63.32432307,74.82318533,67.89672652,100,66.66666667,100,71.42857143,100,100,71.97361354,79.80705494,79.51432636,341,322,54,67.01693567,51,75.75669664,84.85870637,0,86.21621622,33,93.76089905,93.41698842,1920x1080,52.82555292
GMOT-40,ByteTraX,0.25,stock-2,61.01604023,74.89965999,67.43236421,50,86.95652174,78.57142857,56.25,77.77777778,100,66.50194953,76.129305,76.3072465,869,887,128,63.50375812,88,75.86251621,84.61950023,1,76.05505778,34,88.50887421,88.7157512,1920x1080,48.37782628
GMOT-40,ByteTraX,0.25,stock-3,60.19004387,75.56115073,65.3878897,100,100,100,100,100,66.66666667,71.20410257,80.70139056,77.02733675,331,101,52,65.44218939,31,79.82580514,83.92427849,0,90.83531275,15,97.90543343,93.44813935,1920x1080,55.09018383
GMOT-40,ByteTraX,0.5,airplane-0,79.1853508,88.61377279,81.84008593,100,100,100,100,100,100,80.60703924,88.07177564,84.0619195,469,82,137,79.87028458,6,93.52916391,88.14690629,0,93.44705882,22,98.98927647,94.48235294,1920x1080,52.79386296
GMOT-40,ByteTraX,0.5,airplane-1,70.63681953,80.64116946,75.81110804,100,80,100,100,100,100,73.42581361,81.66595925,78.1522589,432,209,245,71.99345337,5,90.03253475,83.68999633,0,87.53617596,20,95.78629032,91.66505885,1920x1080,55.59656476
GMOT-40,ByteTraX,0.5,airplane-2,74.55546068,85.2192257,78.09830872,100,75,100,84.61538462,100,100,81.35224926,89.43860265,84.64300692,354,31,72,77.86446599,25,87.86353945,89.32928828,0,93.1938911,21,99.45623575,94.12350598,1920x1080,54.32996736
GMOT-40,ByteTraX,0.5,airplane-3,61.2728103,83.10224624,64.57325048,33.33333333,90,100,50,60,100,75.74027225,83.06741065,80.52923977,156,46,81,68.01371327,14,80.28208745,85.0066145,0,94,12,98.68194842,95.66666667,1920x1080,54.91120757
GMOT-40,ByteTraX,0.5,ball-0,89.68804195,95.16915336,91.14264283,75,100,100,100,50,100,83.92956946,91.53179391,87.38695796,251,71,35,86.50412347,3,95.54697555,91.81859578,0,91.82389937,14,98.12911726,93.68553459,1920x1080,55.78392692
GMOT-40,ByteTraX,0.5,ball-1,64.52570391,80.32776686,68.02559412,85.71428571,87.5,100,90.90909091,88.88888889,70,62.82065106,78.88594979,66.43722888,1597,184,316,63.51573954,55,83.75871476,81.5773475,6,79.49519768,54,97.5600053,82.1643958,1920x1080,43.88940537
GMOT-40,ByteTraX,0.5,ball-2,66.67195671,83.09038808,71.71971636,100,75,100,90,83.33333333,100,76.03014347,87.94308195,79.83759195,326,53,67,71.16295029,13,83.52503982,88.31227012,1,86.76569885,19,98.02900707,88.99392302,1920x1080,53.54962528
GMOT-40,ByteTraX,0.5,ball-3,58.34493823,80.28902293,62.66189884,18.18181818,77.77777778,100,58.33333333,100,100,40.00887154,81.01944251,42.18115164,2274,113,184,47.91810261,61,53.68344274,84.90784744,20,45.69653949,9,95.18534299,49.55634428,1920x1080,50.18897079
GMOT-40,ByteTraX,0.5,balloon-0,38.72982017,56.41395113,47.72119323,97.61904762,87.5,75,79.62962963,91.66666667,89.65517241,60.38449992,77.39424663,65.04190028,1033,197,319,48.20915562,149,58.65145228,81.72189355,3,73.67315769,56,95.52476147,80.27873234,1920x1080,47.86851796
GMOT-40,ByteTraX,0.5,balloon-1,37.01212887,72.19190929,40.98827895,70,67.85714286,71.42857143,90.90909091,80,78.68852459,65.22340633,77.67443496,70.26317778,1786,523,438,48.87999474,262,59.54543652,81.53965309,1,80.57717005,63,95.63220311,86.50751681,1920x1080,50.35298188
GMOT-40,ByteTraX,0.5,balloon-2,70.53927361,81.54533493,74.68810488,100,100,100,100,83.33333333,100,67.28754746,78.72693627,71.81976167,253,67,33,68.77601151,2,90.33053774,81.77565802,3,84.81132075,22,96.53567735,88.06603774,1920x1080,52.33758183
GMOT-40,ByteTraX,0.5,balloon-3,74.52040551,88.52865568,77.91692171,94.11764706,80,80,91.30434783,77.77777778,100,75.77242756,88.85174964,79.22547577,2631,228,303,75.05761848,36,87.00812737,89.03971728,0,86.94770063,61,98.84714567,88.13796213,1920x1080,48.06657965
GMOT-40,ByteTraX,0.5,bird-0,16.62939186,41.12979502,19.1551685,58.73015873,69.23076923,0,90,97.05882353,77.14285714,44.46466658,64.42836847,47.79666972,2979,736,1018,27.01211594,844,36.00925008,72.89942415,0,47.53136149,14,88.5820664,65.71527218,1920x1080,41.8923126
GMOT-40,ByteTraX,0.5,bird-1,39.03109508,55.50134004,44.9996128,100,81.39534884,91.76470588,92.68292683,71.26436782,83.33333333,42.92838666,65.14195337,46.68275166,1728,399,383,40.84364812,164,59.79381443,74.01851487,4,51.15138593,27,88.12853317,63.15565032,1920x1080,49.07807136
GMOT-40,ByteTraX,0.5,bird-2,85.35727218,89.85541981,89.05384245,91.66666667,100,100,100,93.75,100,80.14992637,86.37050904,85.96544311,322,291,76,82.66206118,0,95.23087421,88.65456585,2,90.72617247,40,95.57683539,95.12859304,1920x1080,51.45787986
GMOT-40,ByteTraX,0.5,bird-3,28.44549554,65.94303939,31.0868835,47.61904762,47.61904762,50,45.45454545,66.66666667,100,75.67494749,83.14407594,80.29126143,365,116,168,46.28766192,85,44.94917631,85.03973032,0,92.20063387,10,98.34474886,94.97037343,1920x1080,55.24643736
GMOT-40,ByteTraX,0.5,boat-0,79.9284944,87.16362545,84.36654048,0,100,100,66.66666667,100,66.66666667,78.5203847,86.19527862,84.67418546,461,335,92,79.14816825,13,90.85770807,89.21909316,0,88.66946779,37,95.22383804,93.54341737,1920x1080,49.06179713
GMOT-40,ByteTraX,0.5,boat-1,82.83298829,90.71053268,86.22858865,60,87.5,100,100,100,66.66666667,82.03904616,89.13351476,86.7407463,389,182,112,82.42815472,5,94.20966152,90.36581997,0,92.53015173,27,97.57462687,94.95525872,1920x1080,50.46788302
GMOT-40,ByteTraX,0.5,boat-2,85.25763015,89.83992491,87.7254153,100,100,100,100,100,100,84.62104743,89.06731336,87.43404967,65,5,16,84.92601459,1,98.27267119,88.36417773,1,97.83007335,17,99.84433375,98.01344743,1920x1080,55.13542737
GMOT-40,ByteTraX,0.5,boat-3,80.98171934,89.96183118,83.7561837,100,100,100,0,100,100,73.05961242,88.08507117,76.59571406,540,63,56,76.77462977,8,88.22583004,89.00628328,1,83.29231611,21,98.01886792,85.2337982,1920x1080,53.58962346
GMOT-40,ByteTraX,0.5,car-0,71.46686357,84.76294794,75.35788439,73.07692308,88.46153846,100,95,94.28571429,100,71.88333606,81.35902369,77.52658018,1060,488,267,71.50599381,26,87.90587838,84.51942106,2,87.03779956,66,95.78255985,91.27069093,1920x1080,48.18391346
GMOT-40,ByteTraX,0.5,car-1,84.24106518,91.94997063,87.46980002,97.22222222,100,100,100,100,100,82.92549826,90.84874348,86.22862286,405,66,68,83.5353556,1,96.26722081,90.26242732,0,92.91929193,42,98.95685159,93.92439244,1920x1080,54.54303815
GMOT-40,ByteTraX,0.5,car-2,81.56650276,89.29042675,84.5227462,0,60,100,50,0,77.77777778,77.1268157,88.19511066,80.3656478,326,16,57,79.30204565,0,94.8756368,88.01429932,2,90.20618557,22,99.49717159,90.66437572,1280x720,60.77895844
GMOT-40,ByteTraX,0.5,car-3,84.97440428,92.03506215,87.86505729,100,100,100,100,90,93.75,84.20070601,90.92659901,87.45959101,243,22,70,84.46462002,18,94.69703632,90.24709787,0,95.11732229,36,99.60538117,95.80745342,1920x1080,50.87152605
GMOT-40,ByteTraX,0.5,fish-0,65.14645423,80.4721039,70.15298791,85.71428571,64.70588235,100,85.71428571,88.23529412,87.5,65.13530918,82.0329082,69.70615471,1769,300,288,64.92292209,79,79.58856384,84.74967997,4,78.02782324,68,96.38858794,81.90466448,1920x1080,41.63593581
GMOT-40,ByteTraX,0.5,fish-1,69.98402276,85.80192696,73.43111294,100,100,100,100,83.33333333,87.5,72.55516215,81.50080546,78.6272645,165,85,32,71.12124938,8,85.73351279,84.91711881,1,88.62935214,22,96.11694838,92.72807404,1920x1080,53.48718198
GMOT-40,ByteTraX,0.5,fish-2,58.92253479,74.22244276,65.98745528,95.65217391,98.14814815,94.33962264,96.55172414,91.30434783,81.25,61.75853654,78.4543777,67.26169394,1283,329,206,60.11123212,52,75.60386473,83.14580445,5,75.11589652,57,94.26129426,80.81351877,1920x1080,48.40725508
GMOT-40,ByteTraX,0.5,fish-3,58.30335835,72.36847668,64.15243254,94.59459459,88.88888889,86,92.59259259,93.75,88.88888889,59.9063708,75.23914783,65.14436562,616,188,98,59.01868938,18,78.3938172,80.62043837,0,74.23197492,40,93.19333816,80.68965517,1920x1080,53.84674233
GMOT-40,ByteTraX,0.5,insect-0,65.76807782,77.56182375,71.62237918,81.81818182,87.5,100,100,100,87.5,64.53473255,80.96706795,68.548806,1362,212,200,64.89529711,25,80.47089412,83.34042816,12,78.67431315,48,96.66036547,81.83515604,1920x1080,47.13503719
GMOT-40,ByteTraX,0.5,insect-1,61.70558034,70.51553813,68.70924271,100,96,92.59259259,92.85714286,100,90.90909091,65.62177281,72.74879677,71.82189182,226,191,45,63.58542745,12,85.72998718,78.53396546,0,84.38296323,33,92.95722714,91.7728431,1920x1080,55.94791331
GMOT-40,ByteTraX,0.5,insect-2,57.84089065,73.55457431,61.92080887,50,100,92.30769231,50,100,90.90909091,60.24787061,73.7218269,64.43464204,297,55,104,59.00590362,12,86.22222222,78.31454856,0,81.05153566,18,96.72424062,84.53930245,1920x1080,55.51911923
GMOT-40,ByteTraX,0.5,insect-3,39.20112303,54.1687681,51.38461337,50,39.3442623,22.44897959,39.0625,40,49.18032787,47.3871558,71.3087694,50.95582852,681,127,68,42.67317958,60,51.74278846,77.56319049,52,55.2807831,22,90.84354722,64.91499227,1920x1080,56.32650278
GMOT-40,ByteTraX,0.5,person-0,44.37319422,68.4419469,51.23176363,100,89.47368421,100,66.66666667,100,100,68.30333522,84.35215947,72.9178633,605,133,129,54.97640386,35,64.57178065,86.63140213,0,77.80011488,12,95.58139535,82.6249282,1920x1080,53.01485546
GMOT-40,ByteTraX,0.5,person-1,34.3596997,52.23784848,42.56720124,0,92.85714286,93.75,90.47619048,100,100,63.36144514,77.50960241,69.67618514,374,146,99,46.60886953,55,59.01027077,82.92659961,0,74.51241135,14,92.80078895,83.42198582,1920x1080,53.04092285
GMOT-40,ByteTraX,0.5,person-2,61.82864279,81.78268603,66.50817999,100,100,100,100,66.66666667,100,75.42317303,86.16613861,81.05017216,621,189,173,68.18274157,35,78.31444759,88.52818211,0,88.38647609,16,97.23845704,91.46509071,1920x1080,54.16754665
GMOT-40,ByteTraX,0.5,person-3,43.19716413,69.18305962,46.86862417,85.71428571,94.11764706,100,100,100,100,51.59756801,71.34026846,55.47453628,2686,543,573,47.07695956,166,62.60727421,77.30980353,5,64.7675384,23,92.75323635,72.12536322,1920x1080,52.20827442
GMOT-40,ByteTraX,0.5,stock-0,82.0234329,89.93493194,85.05212484,80,100,86.95652174,88.88888889,100,100,84.67252068,90.57903131,88.05124439,559,109,178,83.28126012,30,92.66666667,90.13359236,0,95.67131783,43,99.3046252,96.53333333,1920x1012,47.81039003
GMOT-40,ByteTraX,0.5,stock-1,73.45677049,85.11122509,76.47382341,100,80,100,90.90909091,100,100,68.62701933,84.60466778,72.19162772,797,37,161,70.74779967,21,85.75,85.7513224,0,83.49420849,25,99.16289593,84.61389961,1920x1080,52.82555292
GMOT-40,ByteTraX,0.5,stock-2,63.74050876,79.49000503,68.60181488,100,90.90909091,100,69.23076923,93.33333333,100,66.37673202,80.58170545,72.4827261,1189,415,219,64.86353951,75,78.53431775,85.15564238,2,78.19763667,31,94.00895048,84.5604467,1920x1080,48.37782628
GMOT-40,ByteTraX,0.5,stock-3,53.26936725,68.39634346,60.40508686,100,100,100,88.88888889,80,66.66666667,71.08018467,82.3759139,75.59278243,475,59,85,61.5121223,20,76.91990091,84.26344086,0,89.03404592,15,98.72735116,90.59778306,1920x1080,55.09018383
GMOT-40,ByteTraX,0.75,airplane-0,79.00149123,89.78515619,81.19323835,100,50,100,100,100,100,77.59469737,89.00008936,80.17337461,868,25,247,78.28155059,1,93.85405707,88.4234204,0,89.48235294,19,99.67350137,89.78823529,1920x1080,52.79386296
GMOT-40,ByteTraX,0.75,airplane-1,68.52530958,83.29010267,72.11330816,100,80,100,100,100,66.66666667,68.67863929,82.25639492,72.62304904,782,175,356,68.58071157,6,86.62772825,84.00807448,0,81.42002701,15,96.1756993,84.912213,1920x1080,55.59656476
GMOT-40,ByteTraX,0.75,airplane-2,78.76147311,88.86855314,81.30289451,100,81.81818182,100,91.66666667,100,100,79.59181859,90.70928103,81.77989795,596,3,145,79.1709982,8,92.06460061,89.66202032,0,89.92363878,20,99.94476155,90.1062417,1920x1080,54.32996736
GMOT-40,ByteTraX,0.75,airplane-3,55.62991442,78.02675597,60.02037295,50,81.81818182,100,100,75,100,71.66237703,84.38952295,75.13011696,398,3,220,63.10618106,10,77.9426892,85.2196532,0,88.58333333,11,99.90639626,88.94444444,1920x1080,54.91120757
GMOT-40,ByteTraX,0.75,ball-0,81.2567109,95.00212814,82.55256984,75,50,100,100,50,100,80.55952874,93.32323974,82.42965905,474,10,64,80.62993243,6,89.3935346,91.9892516,0,87.67295597,12,99.71518086,88.0754717,1920x1080,55.78392692
GMOT-40,ByteTraX,0.75,ball-1,56.83922741,83.62213355,58.97409048,83.33333333,87.5,100,69.6969697,77.77777778,46.66666667,46.92616177,81.29431926,48.51874493,3656,46,583,51.56061244,37,71.67436005,82.73562604,18,58.24212642,20,99.13922156,59.16908644,1920x1080,43.88940537
GMOT-40,ByteTraX,0.75,ball-2,63.3503942,85.10605139,67.76197398,100,75,100,85.71428571,83.33333333,100,72.54199591,88.10238487,76.14520772,447,45,95,67.75394623,17,79.28286853,88.60820367,1,82.81566509,17,98.2421875,84.90884537,1920x1080,53.54962528
GMOT-40,ByteTraX,0.75,ball-3,54.03080085,81.51072868,57.57619742,18.18181818,44.44444444,100,8.333333333,100,100,27.42663785,88.0339369,27.9841685,3096,21,116,38.42064068,39,40.09426023,88.98341493,29,29.99112689,4,98.53454292,31.32209406,1920x1080,50.18897079
GMOT-40,ByteTraX,0.75,balloon-0,35.89877481,57.10233677,43.54388003,80.48780488,94.11764706,64.28571429,77.77777778,90.90909091,89.65517241,54.70461135,79.35456265,57.76612206,1523,98,397,44.20171983,159,54.07137333,82.31492925,5,66.01756396,39,97.42984527,70.9240168,1920x1080,47.86851796
GMOT-40,ByteTraX,0.75,balloon-1,35.51007752,72.1728323,38.71169003,70,53.57142857,64.28571429,86.95652174,80,88.88888889,61.19640153,79.26474721,65.04296171,2631,256,661,46.40944222,262,57.18079588,82.27460858,2,76.21062174,43,97.64315964,80.12389514,1920x1080,50.35298188
GMOT-40,ByteTraX,0.75,balloon-2,69.07805665,82.64982367,72.40167888,88.88888889,100,88.88888889,90,83.33333333,76.92307692,64.24993811,80.13591833,67.62413108,361,30,67,66.51873993,2,88.30903044,82.20689473,4,81.46226415,19,98.32308552,82.97169811,1920x1080,52.33758183
GMOT-40,ByteTraX,0.75,balloon-3,71.22292582,89.49362303,74.02953863,90.19607843,80,86.66666667,91.30434783,77.77777778,100,70.74568245,90.56748805,72.97256893,4368,59,497,70.91681856,27,83.30378767,89.81467677,1,79.91884581,48,99.66985619,80.30658251,1920x1080,48.06657965
GMOT-40,ByteTraX,0.75,bird-0,15.84009689,47.466156,17.18245486,69.81132075,77.77777778,0,79.36507937,84.84848485,71.42857143,31.34152804,66.68060663,32.83764712,4767,357,941,22.20117191,577,31.04565083,73.89548928,9,34.38830705,5,91.65692919,45.13753021,1920x1080,41.8923126
GMOT-40,ByteTraX,0.75,bird-1,34.6015685,55.5610363,39.02987675,100,69.76744186,75.29411765,100,66.66666667,60,34.38314144,67.86538058,36.32027831,2388,208,467,34.42821478,151,51.36111111,74.97997192,18,41.42857143,13,91.71314741,49.08315565,1920x1080,49.07807136
GMOT-40,ByteTraX,0.75,bird-2,83.28171992,90.38307528,86.38471835,91.66666667,100,87.5,100,93.75,100,79.32603188,88.25586785,83.38243491,498,133,174,81.23083007,1,94.93582264,88.92242748,2,90.4387292,38,97.87029624,92.46596067,1920x1080,51.45787986
GMOT-40,ByteTraX,0.75,bird-3,27.20358074,66.5796194,29.9457586,47.61904762,45.45454545,61.53846154,43.47826087,100,75,72.52629807,84.37179973,75.88462682,773,43,368,44.33138913,72,45.71967499,85.24849175,0,87.76353865,10,99.3411981,89.34821552,1920x1080,55.24643736
GMOT-40,ByteTraX,0.75,boat-0,76.23870708,85.81403919,80.3483043,0,100,100,66.66666667,100,66.66666667,76.13985582,87.66197408,80.78652514,786,226,172,76.12236228,12,87.60932945,89.49498159,0,85.65826331,35,96.56534954,88.99159664,1920x1080,49.06179713
GMOT-40,ByteTraX,0.75,boat-1,81.01141301,90.91173355,84.19764144,60,100,92.85714286,100,100,66.66666667,79.43485585,90.21581025,82.97374223,714,95,228,80.21115795,4,93.53509424,90.49778922,0,89.45662041,26,98.66046249,90.74050058,1920x1080,50.46788302
GMOT-40,ByteTraX,0.75,boat-2,84.47122739,89.90539464,86.84395195,100,100,100,100,100,100,83.09854686,89.24084559,85.69521297,132,2,53,83.77299028,2,97.87963829,88.41990922,1,95.84352078,16,99.93634628,95.96577017,1920x1080,55.13542737
GMOT-40,ByteTraX,0.75,boat-3,77.80537269,90.13334017,79.99426732,100,100,100,0,100,100,65.33812738,90.3370047,67.1660694,942,4,113,71.21124603,5,82.84190715,89.74620125,3,73.99507793,15,99.85288709,74.2411813,1920x1080,53.58962346
GMOT-40,ByteTraX,0.75,car-0,66.78909096,85.57930858,69.88099692,73.07692308,80.76923077,100,90,91.42857143,100,67.08170482,83.34487535,70.94232328,2036,229,495,66.79156466,26,84.06957605,85.19919051,2,81.13316314,49,97.78444272,83.23313843,1920x1080,48.18391346
GMOT-40,ByteTraX,0.75,car-1,81.56326579,92.68836155,84.12055394,97.22222222,100,100,100,100,100,80.13684378,91.75797707,82.71432406,683,26,148,80.80429545,3,94.21696252,90.73431051,0,89.31893189,41,99.56731569,89.7539754,1920x1080,54.54303815
GMOT-40,ByteTraX,0.75,car-2,77.6468074,88.86024264,80.45265341,0,60,33.33333333,33.33333333,0,55.55555556,73.33073031,88.32663053,76.13492494,492,10,84,75.44535649,3,92.03322055,87.99539458,2,85.53837342,18,99.66777409,85.91065292,1280x720,60.77895844
GMOT-40,ByteTraX,0.75,car-3,86.04299346,92.66889079,88.6785243,100,100,100,100,80,100,81.02640448,91.61992282,83.65297301,511,7,116,83.40951747,9,94.60678211,90.55467954,1,90.90752243,35,99.86772487,91.18357488,1920x1080,50.87152605
GMOT-40,ByteTraX,0.75,fish-0,64.62188992,82.46023006,68.69002139,85.71428571,70.58823529,90.90909091,75,100,100,58.89832364,84.21932391,61.84641227,2708,111,388,61.51658944,48,76.37864937,85.65634393,6,70.67307692,48,98.45382365,72.299509,1920x1080,41.63593581
GMOT-40,ByteTraX,0.75,fish-1,73.80811533,87.05300045,76.99308488,100,83.33333333,100,100,100,71.42857143,69.91772975,83.76494024,74.1295725,299,38,69,71.7368943,3,90.10989011,85.50857918,1,85.0154253,21,98.10756972,86.82238872,1920x1080,53.48718198
GMOT-40,ByteTraX,0.75,fish-2,53.77378979,73.53738457,59.88688017,91.30434783,92.45283019,90.56603774,75.86206897,80.43478261,92.85714286,57.02820228,81.35898659,60.40786129,1850,128,282,55.17961146,50,71.0607621,83.93851152,6,69.67249888,42,97.42195368,72.33438014,1920x1080,48.40725508
GMOT-40,ByteTraX,0.75,fish-3,56.18287606,75.12677652,60.35521182,89.18918919,87.03703704,86,88.88888889,85.41666667,88.88888889,55.4013497,78.06505421,58.68338558,863,71,145,55.73656898,19,76.4853257,81.42878718,2,70.12539185,31,97.03919933,72.94670846,1920x1080,53.84674233
GMOT-40,ByteTraX,0.75,insect-0,66.33329486,81.51676094,70.47454329,81.81818182,85.71428571,100,100,100,85.71428571,58.83824325,82.57220021,61.59326698,2006,101,330,62.30203587,11,80.65082881,84.01336653,17,71.75246732,36,98.19417129,73.24619899,1920x1080,47.13503719
GMOT-40,ByteTraX,0.75,insect-1,58.09460068,69.87139177,65.4357973,0,92,85.18518519,92.85714286,93.10344828,76.92307692,64.72533141,74.64152345,69.31580863,304,108,74,61.26742476,13,81.200453,78.8676046,0,84.52857663,30,95.76636613,88.93338187,1920x1080,55.94791331
GMOT-40,ByteTraX,0.75,insect-2,47.6922876,72.54739547,51.08748426,100,100,92.30769231,100,94.11764706,100,47.69842832,75.00822368,49.97945149,664,23,190,47.67656144,11,73.66447985,78.6238631,3,63.66475794,6,98.203125,65.43466944,1920x1080,55.51911923
GMOT-40,ByteTraX,0.75,insect-3,40.77979259,58.7191566,50.74664652,46.77419355,37.70491803,20.40816327,39.0625,38.66666667,45.90163934,43.81634314,72.46541835,46.59291196,787,94,86,41.80402805,60,51.67764189,77.97556438,59,51.51983514,18,92.46794872,59.45388975,1920x1080,56.32650278
GMOT-40,ByteTraX,0.75,person-0,42.55946866,68.46528074,48.61271501,100,78.94736842,100,80,100,80,61.5693615,86.56279835,64.41246712,928,37,187,51.13314742,30,61.78165651,87.4546032,0,71.4244687,7,98.57197993,73.3486502,1920x1080,53.01485546
GMOT-40,ByteTraX,0.75,person-1,28.6336007,52.17269321,35.56131352,0,92.85714286,86.66666667,94.73684211,100,100,56.19780966,79.84731877,60.02706234,608,48,143,40.05548345,57,51.16396761,83.4371828,0,68.39539007,8,97.16981132,73.04964539,1920x1080,53.04092285
GMOT-40,ByteTraX,0.75,person-2,58.00595831,82.33002494,62.17183687,100,90,100,90,66.66666667,100,69.29609529,88.49553626,72.70839964,1320,22,252,63.31408067,24,73.04964539,88.95385043,0,81.22594832,10,99.63198394,81.85816383,1920x1080,54.16754665
GMOT-40,ByteTraX,0.75,person-3,39.96515828,73.40783606,42.87173084,100,35.29411765,100,100,84.61538462,80,41.27876748,74.48668199,43.19547312,4265,217,489,40.53750591,85,54.41408303,78.59405312,13,52.60481528,18,96.1166786,55.73889581,1920x1080,52.20827442
GMOT-40,ByteTraX,0.75,stock-0,79.66181219,90.38828767,82.18484318,80,92.85714286,100,93.75,100,100,81.20600927,91.2297257,83.9370053,1328,39,395,80.3877778,20,91.15984626,90.40547347,0,91.39844961,39,99.73712591,91.76434109,1920x1012,47.81039003
GMOT-40,ByteTraX,0.75,stock-1,70.4984755,85.55412256,72.77874818,100,100,100,100,100,100,54.22177914,87.47094597,55.82605162,1876,2,166,61.72672765,21,73.10864954,87.46262599,7,63.33976834,17,99.93950393,63.78378378,1920x1080,52.82555292
GMOT-40,ByteTraX,0.75,stock-2,61.70210717,80.15765479,66.11578563,75,95,95.45454545,75,93.33333333,100,60.25490198,83.7156149,63.58299332,1984,132,359,60.86457039,47,77.46125461,85.76127234,2,71.91273861,24,97.74320397,74.23711206,1920x1080,48.37782628
GMOT-40,ByteTraX,0.75,stock-3,62.8295858,80.37137523,66.9362128,100,100,100,100,100,66.66666667,67.03641811,83.16572463,70.81926908,770,20,143,64.89314749,11,84.3275604,84.71515912,0,84.14489311,13,99.53509995,84.75851148,1920x1080,55.09018383
LC-MOT,ByteTrack,0.25,fish-04,80.56082679,91.57698506,83.38372196,39.28571429,70,81.81818182,79.31034483,100,100,84.86146861,88.84750048,90.32625413,388,908,136,82.65924831,17,92.52134717,90.12942566,0,95.79745863,15,97.14132796,98.75812182,1280x1024,55.03972157
LC-MOT,ByteTrack,0.25,fish-06,80.51000115,91.84733261,83.32820102,56.25,87.5,100,42.30769231,100,21.42857143,83.89537198,89.14349865,88.94379653,373,339,98,82.1267451,11,91.14116095,90.05082584,48,95.23621269,18,97.76134187,97.54233379,1280x1024,53.84716576
LC-MOT,ByteTrack,0.25,fish-07,73.99948983,89.2155939,76.74930955,100,36.36363636,75,50,100,40,79.38607993,85.70321488,85.81985757,500,512,62,76.59957047,14,85.07310439,88.43651299,0,88.36338891,14,94.20092876,94.32913689,1280x1024,54.16369007
LC-MOT,ByteTrack,0.25,fish-08,71.95557976,91.57242027,74.47668592,100,55.55555556,33.33333333,57.14285714,100,43.75,84.53091481,90.30206677,88.55337655,397,161,83,77.88612646,19,84.53890132,90.19367024,12,95.26544679,19,98.6528324,96.74243046,1280x1024,55.1827334
LC-MOT,ByteTrack,0.5,fish-04,79.75516967,91.7207959,82.48791173,39.28571429,70,81.81818182,79.31034483,100,85.71428571,85.13827469,89.87169416,89.61855877,642,554,246,82.38227859,12,92.13115805,90.15823714,0,96.13353391,15,98.22179425,97.94513971,1280x1024,55.03972157
LC-MOT,ByteTrack,0.5,fish-06,79.52846508,90.18541753,82.99424929,50,87.5,100,42.30769231,100,21.42857143,83.528778,89.99039829,87.75501711,562,185,142,81.44409842,11,91.25663008,90.08344784,48,95.00560058,17,98.75,96.2970284,1280x1024,53.84716576
LC-MOT,ByteTrack,0.5,fish-07,76.48264354,89.61946652,79.17675796,100,27.27272727,75,50,100,40,79.18165207,87.72742619,83.7574542,684,285,103,77.79060131,9,88.21583986,88.66151991,0,88.90779177,13,96.61439772,92.24225927,1280x1024,54.16369007
LC-MOT,ByteTrack,0.5,fish-08,74.23240364,89.41184213,77.64392577,100,55.55555556,33.33333333,57.14285714,100,43.75,83.43787507,91.08227424,86.78488294,673,98,131,78.63554761,10,87.42384134,90.4205222,13,93.59153196,18,99.15604547,94.47772216,1280x1024,55.1827334
LC-MOT,ByteTrack,0.75,fish-04,77.03869888,91.87060414,79.58949124,39.28571429,70,81.81818182,79.31034483,100,85.71428571,83.64774641,90.77451804,87.16596728,1515,273,567,80.24606519,4,90.10515316,90.21942268,0,94.26431521,15,99.09003033,95.1509138,1280x1024,55.03972157
LC-MOT,ByteTrack,0.75,fish-06,78.11728711,90.29001742,81.46608296,50,87.5,100,42.30769231,100,17.85714286,81.23662434,90.47335506,84.83404598,1046,100,321,79.61296137,6,91.13846572,90.10932909,48,92.40956711,17,99.29730869,93.10799236,1280x1024,53.84716576
LC-MOT,ByteTrack,0.75,fish-07,72.66850932,89.92275263,75.22710392,100,27.27272727,75,50,100,40,75.75972198,88.34889643,79.52102099,1074,193,216,74.17274285,6,85.69211485,88.83727774,0,85.56198253,11,97.56804435,87.81898605,1280x1024,54.16369007
LC-MOT,ByteTrack,0.75,fish-08,76.30639757,92.31865545,78.83326795,100,55.55555556,33.33333333,57.14285714,100,43.75,81.29525606,91.53340532,84.19541099,1034,57,254,78.70937372,8,89.01141172,90.61974616,14,90.98219414,17,99.49152542,91.51554936,1280x1024,55.1827334
LC-MOT,ByteTraX,0.25,fish-04,75.3990651,87.68972504,79.50611532,39.28571429,80,81.81818182,79.31034483,100,100,84.81498647,88.77885002,90.33602474,372,920,129,79.937401,22,89.80550179,90.1136086,0,95.79425791,15,97.10609921,98.80933329,1280x1024,61.82343207
LC-MOT,ByteTraX,0.25,fish-06,81.25810509,91.54551093,84.20740702,62.5,87.5,100,42.30769231,100,21.42857143,83.84599702,89.04787024,88.98333004,366,355,96,82.48802973,11,91.94212833,90.04290941,48,95.17691243,18,97.65923777,97.58845622,1280x1024,60.8339095
LC-MOT,ByteTraX,0.25,fish-07,71.38743526,87.06467413,74.40450279,100,63.63636364,75,50,100,40,78.52807187,85.0568364,85.49094751,500,545,60,74.81545388,22,81.72407942,88.42584216,0,87.89837813,14,93.85014669,94.32913689,1280x1024,61.64559468
LC-MOT,ByteTraX,0.25,fish-08,74.2565377,87.30145544,78.41987746,100,55.55555556,33.33333333,57.14285714,100,43.75,84.30031149,89.95418576,88.6108148,380,198,81,79.03056382,18,88.06216931,90.13427491,12,95.10954296,19,98.35068721,96.88192336,1280x1024,62.00656378
LC-MOT,ByteTraX,0.5,fish-04,79.75407056,91.70746723,82.49397803,39.28571429,70,81.81818182,79.31034483,100,85.71428571,85.1264316,89.86101398,89.61653726,641,556,246,82.37606664,12,92.12672874,90.15750867,0,96.13033319,15,98.21554657,97.94834043,1280x1024,61.82343207
LC-MOT,ByteTraX,0.5,fish-06,80.01420482,90.33581055,83.44462618,56.25,87.5,100,42.30769231,100,21.42857143,83.57048954,90.01315789,87.77721136,563,186,142,81.71548429,10,91.67695233,90.08261587,48,94.99901166,17,98.74324324,96.29043948,1280x1024,60.8339095
LC-MOT,ByteTraX,0.5,fish-07,77.3915602,88.65677462,80.72524643,100,54.54545455,75,50,100,40,78.72321588,87.38252437,83.58673137,684,301,103,78.03193764,8,89.23540664,88.67504309,0,88.73766587,13,96.43111217,92.24225927,1280x1024,61.64559468
LC-MOT,ByteTraX,0.5,fish-08,78.63707913,89.3884935,82.41769609,100,55.55555556,33.33333333,57.14285714,100,43.75,83.47854145,91.07931661,86.81943227,666,96,132,80.97226519,7,91.30398252,90.40579482,13,93.68999754,18,99.17362486,94.53516042,1280x1024,62.00656378
LC-MOT,ByteTraX,0.75,fish-04,78.69649276,91.86984928,81.32191323,39.28571429,70,81.81818182,79.31034483,100,85.71428571,83.65046064,90.77447468,87.16883108,1514,273,567,81.11180054,3,91.41970773,90.21927713,0,94.27071664,15,99.09006066,95.15411452,1280x1024,61.82343207
LC-MOT,ByteTraX,0.75,fish-06,78.11728711,90.29001742,81.46608296,50,87.5,100,42.30769231,100,17.85714286,81.23662434,90.47335506,84.83404598,1046,100,321,79.61296137,6,91.13846572,90.10932909,48,92.40956711,17,99.29730869,93.10799236,1280x1024,60.8339095
LC-MOT,ByteTraX,0.75,fish-07,72.6880522,90.04662725,75.261051,100,45.45454545,75,50,100,40,76.26441448,88.66468174,79.81530894,1062,182,215,74.43041147,5,86.12868569,88.88904406,0,85.83418396,11,97.70694217,87.95508676,1280x1024,61.64559468
LC-MOT,ByteTraX,0.75,fish-08,79.48595879,92.251789,82.24272973,100,55.55555556,33.33333333,57.14285714,100,43.75,81.33424183,91.54224185,84.22607351,1033,59,253,80.36126056,6,91.56410256,90.62677925,14,90.99039961,17,99.47382502,91.52375482,1280x1024,62.00656378
LC-MOT,ByteTraX-RT,0.25,fish-04,78.54368261,87.69475479,82.90348516,39.28571429,80,81.81818182,79.31034483,100,100,86.54636358,90.47726458,90.54676669,315,339,70,82.42304918,8,92.83634618,90.13706196,0,97.88112537,15,98.91578981,98.99177416,1280x1024,60.57268376
LC-MOT,ByteTraX-RT,0.25,fish-06,87.38819677,91.69163659,90.69121566,56.25,72.72727273,100,42.30769231,100,21.42857143,85.34334964,90.47349431,89.21567607,321,110,52,86.32100887,2,98.28484225,90.03396529,48,97.14699875,18,99.26500067,97.8849575,1280x1024,59.52152646
LC-MOT,ByteTraX-RT,0.25,fish-07,79.924933,88.38232027,83.44630369,100,63.63636364,75,50,100,40,80.03999517,86.67657436,85.64435928,493,388,46,79.95996768,7,91.53973415,88.45675056,0,89.92854712,14,95.54637282,94.40852898,1280x1024,60.7211306
LC-MOT,ByteTraX-RT,0.25,fish-08,76.26164863,87.35375974,80.52960208,100,55.55555556,33.33333333,57.14285714,100,43.75,85.01155345,90.61554876,88.76412744,365,116,67,80.44168336,8,89.8984456,90.15527983,12,95.98752769,19,99.02831295,97.00500533,1280x1024,61.23401392
LC-MOT,ByteTraX-RT,0.5,fish-04,82.97692055,91.61216603,85.98885412,39.28571429,70,81.81818182,79.31034483,100,85.71428571,85.95110602,90.71275586,89.68493153,621,267,223,84.43179983,5,95.15225649,90.1623968,0,97.14175975,15,99.13561462,98.01235477,1280x1024,60.57268376
LC-MOT,ByteTraX-RT,0.5,fish-06,83.4532947,90.33407379,87.08743171,56.25,87.5,100,42.30769231,100,21.42857143,84.17053026,90.60679221,87.8486491,547,85,126,83.76547865,3,95.85173291,90.0697,48,95.81603743,17,99.42235814,96.39586216,1280x1024,59.52152646
LC-MOT,ByteTraX-RT,0.5,fish-07,80.11512779,88.66252349,83.6880667,100,54.54545455,75,50,100,40,78.98356049,87.68215734,83.61478722,681,272,98,79.53297654,3,92.52830189,88.68618467,0,89.15730974,13,96.76498573,92.27628445,1280x1024,60.7211306
LC-MOT,ByteTraX-RT,0.5,fish-08,79.35954271,89.41864339,83.18824798,100,55.55555556,33.33333333,57.14285714,100,43.75,83.59593459,91.18952719,86.84966293,664,84,130,81.40407514,6,91.88030596,90.41253246,13,93.81307951,18,99.27629879,94.55157135,1280x1024,61.23401392
LC-MOT,ByteTraX-RT,0.75,fish-04,78.73275447,91.87924291,81.36020396,39.28571429,70,81.81818182,79.31034483,100,85.71428571,83.7989857,90.91940597,87.20033287,1505,227,558,81.20201293,3,91.50437851,90.22392024,0,94.44675607,15,99.24244952,95.18292097,1280x1024,60.57268376
LC-MOT,ByteTraX-RT,0.75,fish-06,75.49322225,87.26356978,79.27822362,56.25,87.5,100,42.30769231,100,17.85714286,81.40896462,90.60047292,84.90548371,1044,90,317,78.3436641,7,88.04761905,90.10882343,48,92.4820452,17,99.36722211,93.12117019,1280x1024,59.52152646
LC-MOT,ByteTraX-RT,0.75,fish-07,72.69356071,90.04206902,75.26699041,100,45.45454545,75,50,100,40,76.28247812,88.6811598,79.82008441,1061,180,213,74.44192857,5,86.14576494,88.89027393,0,85.86820914,11,97.73185484,87.96642849,1280x1024,60.7211306
LC-MOT,ByteTraX-RT,0.75,fish-08,80.13999438,92.25542147,82.9414997,100,55.55555556,33.33333333,57.14285714,100,43.75,81.35497687,91.56814874,84.22736911,1033,56,253,80.70461058,5,92.08018122,90.62837096,14,91.02322147,17,99.50044603,91.52375482,1280x1024,61.23401392
SportsMOT,ByteTrack,0.25,v_-6Os86HzwCs_c009,53.48899562,79.3683891,56.87546476,100,76.92307692,100,90,63.63636364,100,76.49238917,82.83859294,82.07510361,143,97,71,63.93289483,31,72.34299517,85.27581664,0,94.57022641,10,98.03842265,97.13484272,1280x720,57.04653389
SportsMOT,ByteTrack,0.25,v_ApPxnw_Jffg_c016,47.30586189,79.57403125,50.00330865,100,61.53846154,60,63.63636364,53.84615385,100,75.09908234,82.89300872,80.46243861,208,93,70,59.57519254,53,66.96855997,85.33144865,0,90.97399286,12,97.5571316,94.69658338,1280x720,57.97399579
SportsMOT,ByteTrack,0.25,v_gQNyhv8y0QY_c013,53.44399274,84.32632665,55.87038238,100,50,50,51.72413793,53.33333333,80,78.78184473,85.06317712,83.80620491,405,249,140,64.82803776,137,72.55463308,86.72686831,0,92.5073411,20,97.60599942,96.16368286,1280x720,56.72576743
SportsMOT,ByteTrack,0.5,v_-6Os86HzwCs_c009,55.0204294,72.47305,60.4604021,100,90.90909091,100,88.88888889,87.5,100,76.50122022,84.71896891,80.475382,287,37,138,64.85531105,23,74.02383888,85.62387779,0,93.04748547,10,99.21957393,94.24964937,1280x720,57.04653389
SportsMOT,ByteTrack,0.5,v_ApPxnw_Jffg_c016,49.54427517,81.92361535,51.80423871,100,57.14285714,75,77.77777778,53.84615385,100,73.13770562,83.7209976,77.57320379,337,49,118,60.18404141,41,68.58125993,85.42096893,0,89.1126976,10,98.65162356,91.40744518,1280x720,57.97399579
SportsMOT,ByteTrack,0.5,v_gQNyhv8y0QY_c013,52.94038431,84.28560374,55.32094857,100,50,50,51.72413793,53.33333333,80,78.35292727,85.62717321,82.74779019,537,182,233,64.3388289,134,73.06710343,86.71589485,0,91.92005305,20,98.21603607,94.91332765,1280x720,56.72576743
SportsMOT,ByteTrack,0.75,v_-6Os86HzwCs_c009,53.73507198,76.44465207,57.71642172,100,100,100,88.88888889,77.77777778,100,71.74241473,85.28042988,74.97706398,621,18,270,62.0744047,22,75.46646764,85.79153273,0,86.75616109,9,99.58979034,87.55760369,1280x720,57.04653389
SportsMOT,ByteTrack,0.75,v_ApPxnw_Jffg_c016,51.20907201,79.04987737,54.64692118,100,66.66666667,100,100,53.84615385,100,68.58944148,84.74648622,71.9329558,611,18,210,59.26221311,33,72.7347952,85.79583179,0,83.12085671,9,99.45929709,84.42121367,1280x720,57.97399579
SportsMOT,ByteTrack,0.75,v_gQNyhv8y0QY_c013,46.4426635,80.00898788,49.43025265,100,50,52.63157895,50,51.61290323,80,76.1016128,86.13173215,79.88214355,881,115,479,59.3891343,133,66.85669353,86.84831724,0,89.30567396,20,98.82545195,91.65482618,1280x720,56.72576743
SportsMOT,ByteTraX,0.25,v_-6Os86HzwCs_c009,58.15699529,74.43844017,63.57243415,100,83.33333333,100,81.81818182,77.77777778,100,74.76786299,81.30584409,81.46874901,116,126,64,65.9217353,27,78.62289832,84.99514258,0,94.61029854,10,97.4805039,97.67581647,1280x720,66.88450306
SportsMOT,ByteTraX,0.25,v_ApPxnw_Jffg_c016,47.1632907,73.57194155,51.37986501,75,66.66666667,66.66666667,70,53.84615385,100,75.59445621,81.93358588,81.85002281,135,131,63,59.69238667,57,68.57142857,85.23037072,0,91.76440592,12,96.65645738,96.55787863,1280x720,65.30428882
SportsMOT,ByteTraX,0.25,v_gQNyhv8y0QY_c013,57.4706116,81.75756507,61.08108044,85.71428571,58.62068966,62.5,68.18181818,61.53846154,88.88888889,78.13990265,83.87290853,84.09536202,285,313,95,66.95776782,72,76.45445086,86.4247723,0,93.65350005,20,97.04298536,97.30036942,1280x720,67.23764112
SportsMOT,ByteTraX,0.5,v_-6Os86HzwCs_c009,55.78758583,69.96812783,61.80087023,100,100,100,88.88888889,87.5,100,74.28414702,83.1871345,79.20361915,280,41,141,64.34828273,24,75.00769783,85.10930731,0,93.0875576,10,99.13720539,94.38990182,1280x720,66.88450306
SportsMOT,ByteTraX,0.5,v_ApPxnw_Jffg_c016,51.16574704,79.55879608,54.56308355,100,66.66666667,75,77.77777778,53.84615385,100,73.45311301,83.5529905,78.09925119,302,46,123,61.29179334,33,70.76963627,85.42728024,0,90.28556859,11,98.7452264,92.29984702,1280x720,65.30428882
SportsMOT,ByteTraX,0.5,v_gQNyhv8y0QY_c013,56.23837893,80.68575596,60.15271368,100,62.96296296,62.5,68.18181818,61.53846154,84.21052632,78.54385028,85.17955907,83.30765818,423,191,205,66.41240793,65,76.6880567,86.58589085,0,93.56824856,20,98.15012107,95.99317988,1280x720,67.23764112
SportsMOT,ByteTraX,0.75,v_-6Os86HzwCs_c009,54.08296763,73.83840708,59.10316005,100,100,100,100,87.5,100,71.32183783,84.94887869,74.7366312,618,18,270,62.09219511,20,76.6361117,85.67505142,0,86.85634141,9,99.5900706,87.61771188,1280x720,66.88450306
SportsMOT,ByteTraX,0.75,v_ApPxnw_Jffg_c016,55.20943877,81.65490286,58.52643,100,66.66666667,100,100,58.33333333,100,69.10130099,84.73135148,72.48181647,587,20,220,61.76291418,25,75.74549952,85.77629309,0,83.88577257,9,99.40387481,85.03314635,1280x720,65.30428882
SportsMOT,ByteTraX,0.75,v_gQNyhv8y0QY_c013,49.38227689,77.10375611,53.55931922,100,60.71428571,58.82352941,65.2173913,61.53846154,84.21052632,76.12081316,85.56444114,80.27998385,783,131,455,61.25849323,72,70.01270648,86.61041534,0,90.66022544,20,98.67743564,92.5831202,1280x720,67.23764112
TeamTrack,ByteTrack,0.25,D_20220220_1_1530_1560,46.20313217,76.22810018,49.86028277,60,100,100,92.85714286,77.77777778,78.94736842,61.41413231,72.0760381,69.22781592,3321,2503,339,53.17350996,95,63.73268937,79.89703619,1,71.4057971,18,87.41072327,83.95652174,3840x2160,35.76886223
TeamTrack,ByteTrack,0.25,D_20220220_1_1710_1740,30.7131152,75.26921536,32.5470714,100,100,55.55555556,73.33333333,100,100,52.57979361,62.81776471,63.11517719,4703,4801,401,39.60833277,168,39.75322923,76.90350031,1,53.27310498,10,76.91493965,77.27909561,3840x2160,35.82532788
TeamTrack,ByteTrack,0.5,D_20220220_1_1530_1560,45.70451602,78.22902156,48.70859725,60,94.11764706,100,92.85714286,85.71428571,78.94736842,59.35365792,74.26349985,65.158149,4436,1898,657,51.97629532,44,63.00241882,80.20330238,1,69.1884058,12,89.54960907,78.57004831,3840x2160,35.76886223
TeamTrack,ByteTrack,0.5,D_20220220_1_1710_1740,37.33445963,76.61781048,40.06009229,100,100,78.94736842,84.61538462,100,100,49.96935322,68.80680236,55.28744079,6778,2711,561,42.87446811,69,50.49422732,77.36497424,1,53.82385622,4,83.7000962,67.25445674,3840x2160,35.82532788
TeamTrack,ByteTrack,0.75,D_20220220_1_1530_1560,38.92363035,81.06594043,41.056397,60,88.23529412,100,84.61538462,85.71428571,83.33333333,50.192205,76.18826961,53.92804475,7359,1311,818,44.10803562,59,57.12830957,81.0765771,1,57.83091787,5,91.05241605,64.44927536,3840x2160,35.76886223
TeamTrack,ByteTrack,0.75,D_20220220_1_1710_1740,31.28232782,80.43145324,32.78523262,66.66666667,100,46.66666667,81.81818182,100,100,34.88773775,69.90228075,37.41472382,11471,1851,518,32.6303402,54,40.62559003,77.93115791,3,35.3785207,2,83.29271595,44.58186386,3840x2160,35.82532788
TeamTrack,ByteTraX,0.25,D_20220220_1_1530_1560,46.17283688,67.79878208,52.2605986,80,100,100,100,100,78.94736842,61.23675807,71.55452728,69.43554539,3256,2643,348,53.07335798,114,64.36364528,79.85080252,1,70.95169082,18,86.84223627,84.2705314,3840x2160,39.6257337
TeamTrack,ByteTraX,0.25,D_20220220_1_1710_1740,35.96905952,67.14948774,39.93701831,100,100,50,68.75,100,100,52.09500662,61.96668294,63.23900722,4618,5043,398,42.95675866,193,48.44702676,76.84879334,1,52.39383545,12,76.12668055,77.68974347,3840x2160,39.14022785
TeamTrack,ByteTraX,0.5,D_20220220_1_1530_1560,49.66973806,73.87060438,54.34462906,80,94.11764706,100,92.85714286,100,93.75,59.19148671,74.05876619,65.1037376,4407,1904,665,54.17083362,31,68.04123711,80.17335232,1,69.36231884,12,89.53673682,78.71014493,3840x2160,39.6257337
TeamTrack,ByteTraX,0.5,D_20220220_1_1710_1740,39.82501862,72.21440998,43.87958428,100,100,78.94736842,78.57142857,100,100,49.97522639,68.74842004,55.32024176,6767,2724,564,44.37929452,50,54.72359791,77.34938381,1,53.9059858,4,83.64553314,67.3075994,3840x2160,39.14022785
TeamTrack,ByteTraX,0.75,D_20220220_1_1530_1560,40.27955653,80.10752314,42.58887988,60,82.35294118,100,92.30769231,85.71428571,78.94736842,50.25063495,76.16696074,54.00127129,7339,1315,824,44.91627238,44,58.40117594,81.06963769,1,57.98067633,4,91.03979286,64.54589372,3840x2160,39.6257337
TeamTrack,ByteTraX,0.75,D_20220220_1_1710_1740,33.59473394,77.7136178,35.94695468,66.66666667,100,53.33333333,81.81818182,100,100,34.92084692,69.87845493,37.45261022,11459,1854,523,33.93435294,44,42.84590948,77.9157855,3,35.47031258,2,83.28826393,44.63983767,3840x2160,39.14022785
TeamTrack,ByteTraX-RT,0.25,D_20220220_1_1530_1560,51.28513568,66.76487906,58.36244738,80,94.11764706,100,100,100,93.75,62.02945112,72.66506258,69.4144419,3256,2330,322,56.34830046,38,70.64782329,79.86732406,1,72.83091787,18,88.21685041,84.2705314,3840x2160,40.71061567
TeamTrack,ByteTraX-RT,0.25,D_20220220_1_1710_1740,45.45141233,68.48222463,50.47290523,100,100,71.42857143,91.66666667,100,100,54.57901483,65.42590459,63.39665532,4621,3979,379,49.57723583,77,58.57297085,76.97001541,1,58.08010049,11,80.16153961,77.67525001,3840x2160,40.60079661
TeamTrack,ByteTraX-RT,0.5,D_20220220_1_1530_1560,51.00361721,73.74488898,55.87477672,80,94.11764706,100,92.85714286,100,100,59.21709881,74.10356144,65.1037376,4411,1897,665,54.90845912,30,69.36686725,80.17643794,1,69.38164251,12,89.56889915,78.69082126,3840x2160,40.71061567
TeamTrack,ByteTraX-RT,0.5,D_20220220_1_1710_1740,39.99738125,72.31049446,43.98814167,100,100,78.94736842,84.61538462,100,100,50.09779484,69.03696084,55.29227194,6766,2645,559,44.52000294,35,55.2512273,77.36126671,1,54.36494517,4,84.04512004,67.31243055,3840x2160,40.60079661
TeamTrack,ByteTraX-RT,0.75,D_20220220_1_1530_1560,40.27934621,80.1082139,42.58847642,60,82.35294118,100,92.30769231,85.71428571,78.94736842,50.25096127,76.16767798,54.00177981,7339,1315,824,44.91636252,44,58.40117594,81.07046561,1,57.98067633,4,91.03979286,64.54589372,3840x2160,40.71061567
TeamTrack,ByteTraX-RT,0.75,D_20220220_1_1710_1740,33.32733227,77.76435455,35.66045716,66.66666667,100,46.66666667,81.81818182,100,100,34.92300504,69.88177583,37.45439012,11459,1854,523,33.7922798,45,42.38668889,77.91633551,3,35.46548142,2,83.28826393,44.63983767,3840x2160,40.60079661
