1,1,291.75,112.0,45.25,45.0,1,1,-1,-1
2,1,291.75,112.0,45.5,45.25,1,1,-1,-1
3,1,292.0,112.25,45.5,45.25,1,1,-1,-1
4,1,291.25,113.25,45.5,45.25,1,1,-1,-1
5,1,291.25,112.0,45.25,45.25,1,1,-1,-1
6,1,291.25,112.0,45.25,45.25,1,1,-1,-1
7,1,291.0,112.25,45.5,45.25,1,1,-1,-1
8,1,291.0,111.5,45.5,45.5,1,1,-1,-1
9,1,290.75,111.75,45.5,45.25,1,1,-1,-1
10,1,290.75,111.25,45.5,45.25,1,1,-1,-1
11,1,291.25,111.5,45.25,45.25,1,1,-1,-1
12,1,291.5,111.25,45.25,45.25,1,1,-1,-1
13,1,291.25,111.25,45.5,45.25,1,1,-1,-1
14,1,291.0,111.25,45.5,45.25,1,1,-1,-1
15,1,291.5,111.0,45.5,45.25,1,1,-1,-1
16,1,291.5,111.0,45.25,45.25,1,1,-1,-1
17,1,291.25,111.25,45.5,45.25,1,1,-1,-1
18,1,291.0,111.5,45.5,45.25,1,1,-1,-1
19,1,291.0,112.0,45.5,45.0,1,1,-1,-1
20,1,291.5,111.75,45.25,45.25,1,1,-1,-1
21,1,291.25,112.25,45.25,45.25,1,1,-1,-1
22,1,291.25,111.75,45.5,45.25,1,1,-1,-1
23,1,291.75,111.5,45.5,45.25,1,1,-1,-1
24,1,292.0,111.0,45.5,45.25,1,1,-1,-1
25,1,292.0,111.0,45.5,45.0,1,1,-1,-1
26,1,292.0,111.0,45.5,45.25,1,1,-1,-1
27,1,292.25,110.5,45.75,45.0,1,1,-1,-1
28,1,292.75,110.5,45.75,44.75,1,1,-1,-1
29,1,292.5,110.5,45.75,45.0,1,1,-1,-1
30,1,292.0,110.0,45.75,45.25,1,1,-1,-1
31,1,292.0,109.5,45.75,45.0,1,1,-1,-1
32,1,292.25,109.5,45.75,45.25,1,1,-1,-1
33,1,292.5,110.25,45.5,45.25,1,1,-1,-1
34,1,292.5,110.0,45.75,45.0,1,1,-1,-1
35,1,291.0,110.0,45.75,45.0,1,1,-1,-1
36,1,287.75,111.5,45.5,45.5,1,1,-1,-1
37,1,291.75,111.75,45.75,45.0,1,1,-1,-1
38,1,292.0,110.5,45.5,45.0,1,1,-1,-1
39,1,292.25,111.5,45.75,45.0,1,1,-1,-1
40,1,288.25,111.5,45.75,45.25,1,1,-1,-1
41,1,290.25,110.75,45.75,45.25,1,1,-1,-1
42,1,285.75,110.5,45.75,45.5,1,1,-1,-1
43,1,285.0,111.25,45.75,45.25,1,1,-1,-1
44,1,286.0,111.0,45.75,45.25,1,1,-1,-1
45,1,288.75,111.25,45.75,45.0,1,1,-1,-1
46,1,294.25,113.0,45.75,45.0,1,1,-1,-1
47,1,294.5,111.5,45.0,45.0,1,1,-1,-1
48,1,294.5,112.5,45.0,45.0,1,1,-1,-1
49,1,290.75,111.75,45.5,45.25,1,1,-1,-1
50,1,290.0,111.5,45.25,45.25,1,1,-1,-1
51,1,297.25,114.25,46.0,45.25,1,1,-1,-1
52,1,294.0,111.75,45.75,45.25,1,1,-1,-1
53,1,294.5,112.5,45.75,45.25,1,1,-1,-1
54,1,292.25,111.25,45.5,45.0,1,1,-1,-1
55,1,289.0,110.25,45.5,45.25,1,1,-1,-1
56,1,289.75,110.25,45.5,45.25,1,1,-1,-1
57,1,292.0,110.0,45.25,45.0,1,1,-1,-1
58,1,290.5,109.75,45.25,45.25,1,1,-1,-1
59,1,291.0,109.75,45.5,45.25,1,1,-1,-1
60,1,291.25,110.25,45.5,45.0,1,1,-1,-1
61,1,291.25,109.5,45.5,45.25,1,1,-1,-1
62,1,291.25,109.25,45.75,45.25,1,1,-1,-1
63,1,291.25,109.25,45.5,45.25,1,1,-1,-1
64,1,290.25,109.0,45.5,45.25,1,1,-1,-1
65,1,291.0,109.0,45.75,45.25,1,1,-1,-1
66,1,291.75,109.25,45.75,45.25,1,1,-1,-1
67,1,291.25,109.0,45.5,45.5,1,1,-1,-1
68,1,282.75,111.5,46.0,45.0,1,1,-1,-1
69,1,291.0,109.25,45.5,45.25,1,1,-1,-1
70,1,292.25,109.75,45.5,45.25,1,1,-1,-1
71,1,292.0,110.25,45.5,45.25,1,1,-1,-1
72,1,292.0,111.0,45.5,45.0,1,1,-1,-1
73,1,291.5,110.75,45.5,45.0,1,1,-1,-1
74,1,291.25,111.0,45.25,45.25,1,1,-1,-1
75,1,291.0,111.0,45.5,45.25,1,1,-1,-1
76,1,290.0,111.0,45.5,45.0,1,1,-1,-1
77,1,289.75,110.75,45.5,45.25,1,1,-1,-1
78,1,290.25,110.75,45.5,45.25,1,1,-1,-1
79,1,290.75,111.25,45.75,45.25,1,1,-1,-1
80,1,290.0,111.0,45.75,45.25,1,1,-1,-1
81,1,290.5,110.75,45.5,45.25,1,1,-1,-1
82,1,291.75,110.75,45.5,45.25,1,1,-1,-1
83,1,291.5,111.5,45.5,45.25,1,1,-1,-1
84,1,291.25,112.0,45.25,45.25,1,1,-1,-1
85,1,291.5,112.0,45.5,45.25,1,1,-1,-1
86,1,291.25,111.25,45.5,45.5,1,1,-1,-1
87,1,291.0,111.0,45.25,45.25,1,1,-1,-1
88,1,290.75,111.0,45.75,45.5,1,1,-1,-1
89,1,291.25,111.0,45.5,45.5,1,1,-1,-1
90,1,291.0,111.25,45.5,45.5,1,1,-1,-1
91,1,290.75,111.5,45.75,45.25,1,1,-1,-1
92,1,290.75,111.5,45.75,45.25,1,1,-1,-1
93,1,291.0,111.5,45.75,45.25,1,1,-1,-1
94,1,290.75,112.0,45.75,45.25,1,1,-1,-1
95,1,290.75,112.25,45.5,45.25,1,1,-1,-1
96,1,290.75,111.5,45.5,45.5,1,1,-1,-1
97,1,291.0,110.75,45.5,45.5,1,1,-1,-1
98,1,291.0,111.0,45.5,45.5,1,1,-1,-1
99,1,290.75,111.25,45.5,45.25,1,1,-1,-1
100,1,290.75,111.5,45.5,45.5,1,1,-1,-1
101,1,290.75,111.75,45.5,45.25,1,1,-1,-1
102,1,290.75,111.5,45.5,45.25,1,1,-1,-1
103,1,290.0,111.75,45.5,45.5,1,1,-1,-1
104,1,290.75,110.25,45.5,45.25,1,1,-1,-1
105,1,289.75,111.25,45.5,45.25,1,1,-1,-1
106,1,289.75,110.25,45.5,45.25,1,1,-1,-1
107,1,293.0,106.0,45.25,45.25,1,1,-1,-1
108,1,291.75,108.0,45.5,45.25,1,1,-1,-1
109,1,290.0,109.25,45.5,45.25,1,1,-1,-1
110,1,292.25,109.0,45.25,45.25,1,1,-1,-1
111,1,291.0,109.5,45.25,45.25,1,1,-1,-1
112,1,289.5,109.0,45.25,45.25,1,1,-1,-1
113,1,288.75,109.25,45.5,45.25,1,1,-1,-1
114,1,290.25,109.25,45.25,45.25,1,1,-1,-1
115,1,290.25,109.0,45.5,45.25,1,1,-1,-1
116,1,290.5,108.75,45.25,45.25,1,1,-1,-1
117,1,290.5,108.75,45.5,45.25,1,1,-1,-1
118,1,290.75,109.25,45.5,45.5,1,1,-1,-1
119,1,290.25,107.75,45.25,45.5,1,1,-1,-1
120,1,290.5,108.0,45.25,45.25,1,1,-1,-1
121,1,290.0,107.75,45.25,45.5,1,1,-1,-1
122,1,290.75,108.25,45.25,45.25,1,1,-1,-1
123,1,288.25,108.75,45.25,45.25,1,1,-1,-1
124,1,292.5,111.5,45.0,45.0,1,1,-1,-1
125,1,292.5,111.5,45.0,45.0,1,1,-1,-1
126,1,292.5,111.5,45.0,45.0,1,1,-1,-1
127,1,292.5,111.5,45.0,45.0,1,1,-1,-1
128,1,292.5,111.5,45.0,45.0,1,1,-1,-1
129,1,292.5,111.5,45.0,45.0,1,1,-1,-1
130,1,292.5,111.5,45.0,45.0,1,1,-1,-1
131,1,289.25,112.25,45.5,45.25,1,1,-1,-1
132,1,283.0,113.0,45.75,45.25,1,1,-1,-1
133,1,287.5,112.5,45.5,45.25,1,1,-1,-1
134,1,288.5,112.5,45.5,45.25,1,1,-1,-1
135,1,289.25,111.75,45.5,45.5,1,1,-1,-1
136,1,288.75,112.0,45.5,45.5,1,1,-1,-1
137,1,289.0,111.75,45.5,45.25,1,1,-1,-1
138,1,288.75,111.75,45.5,45.5,1,1,-1,-1
139,1,289.25,111.75,45.5,45.25,1,1,-1,-1
140,1,290.25,111.25,45.5,45.5,1,1,-1,-1
141,1,290.25,111.0,45.5,45.25,1,1,-1,-1
142,1,289.25,112.0,45.5,45.25,1,1,-1,-1
143,1,288.0,112.75,45.5,45.25,1,1,-1,-1
144,1,289.5,112.5,45.5,45.0,1,1,-1,-1
145,1,289.25,113.75,45.5,45.25,1,1,-1,-1
146,1,288.5,114.25,45.5,45.0,1,1,-1,-1
147,1,288.5,114.0,45.5,45.25,1,1,-1,-1
148,1,288.25,113.75,45.25,45.25,1,1,-1,-1
149,1,287.25,113.25,45.5,45.25,1,1,-1,-1
150,1,287.5,112.5,45.5,45.25,1,1,-1,-1
151,1,287.5,112.5,45.5,45.5,1,1,-1,-1
152,1,287.5,112.75,45.5,45.25,1,1,-1,-1
153,1,287.25,112.25,45.5,45.25,1,1,-1,-1
154,1,286.75,112.0,45.5,45.25,1,1,-1,-1
155,1,286.25,111.5,45.5,45.25,1,1,-1,-1
156,1,285.75,111.25,45.5,45.25,1,1,-1,-1
157,1,285.25,111.0,45.5,45.25,1,1,-1,-1
158,1,285.0,109.75,45.5,45.5,1,1,-1,-1
159,1,283.5,106.75,45.5,45.25,1,1,-1,-1
160,1,282.5,105.5,45.25,45.25,1,1,-1,-1
161,1,281.5,105.0,45.25,45.25,1,1,-1,-1
162,1,280.75,105.0,45.25,45.25,1,1,-1,-1
163,1,281.75,105.75,45.5,45.25,1,1,-1,-1
164,1,281.75,105.25,45.5,45.25,1,1,-1,-1
165,1,280.5,104.0,45.5,45.5,1,1,-1,-1
166,1,279.75,104.75,45.25,45.5,1,1,-1,-1
167,1,279.75,106.5,45.5,45.25,1,1,-1,-1
168,1,280.0,107.75,45.25,45.5,1,1,-1,-1
169,1,282.0,108.0,45.5,45.25,1,1,-1,-1
170,1,283.5,109.75,45.75,45.25,1,1,-1,-1
171,1,284.25,110.0,45.5,45.0,1,1,-1,-1
172,1,283.75,110.5,45.5,45.5,1,1,-1,-1
173,1,285.75,112.0,45.5,45.25,1,1,-1,-1
174,1,286.25,116.25,45.25,45.25,1,1,-1,-1
175,1,287.25,117.0,45.25,45.25,1,1,-1,-1
176,1,289.75,118.5,45.0,45.25,1,1,-1,-1
177,1,291.25,120.5,45.25,45.25,1,1,-1,-1
178,1,291.5,123.5,45.0,45.25,1,1,-1,-1
179,1,291.5,124.5,45.0,45.25,1,1,-1,-1
180,1,291.5,125.75,45.0,45.25,1,1,-1,-1
181,1,291.25,128.5,45.0,45.25,1,1,-1,-1
182,1,290.25,128.5,45.25,45.5,1,1,-1,-1
183,1,290.0,130.5,45.25,45.25,1,1,-1,-1
184,1,288.25,132.75,45.25,45.5,1,1,-1,-1
185,1,286.25,134.75,45.25,45.25,1,1,-1,-1
186,1,284.5,136.75,45.25,45.25,1,1,-1,-1
187,1,282.5,138.5,45.0,45.25,1,1,-1,-1
188,1,279.0,140.5,45.0,45.0,1,1,-1,-1
189,1,279.0,142.25,45.0,45.0,1,1,-1,-1
190,1,277.5,143.25,45.0,45.25,1,1,-1,-1
191,1,274.75,145.25,44.75,45.25,1,1,-1,-1
192,1,271.25,149.75,45.0,45.25,1,1,-1,-1
193,1,271.25,151.0,45.25,45.5,1,1,-1,-1
194,1,272.25,152.75,45.25,45.5,1,1,-1,-1
195,1,272.5,152.5,45.25,45.25,1,1,-1,-1
196,1,271.75,153.5,45.5,45.5,1,1,-1,-1
197,1,272.0,153.25,45.75,45.5,1,1,-1,-1
198,1,268.75,153.75,45.75,45.5,1,1,-1,-1
199,1,268.75,152.75,45.5,45.25,1,1,-1,-1
200,1,265.5,153.5,45.75,45.25,1,1,-1,-1
201,1,266.75,154.75,45.75,45.75,1,1,-1,-1
202,1,267.75,154.5,45.75,46.0,1,1,-1,-1
203,1,269.5,157.0,45.5,45.5,1,1,-1,-1
204,1,268.0,161.25,45.75,45.5,1,1,-1,-1
205,1,268.0,158.25,45.5,45.75,1,1,-1,-1
206,1,268.5,155.75,46.0,45.75,1,1,-1,-1
207,1,267.25,153.0,46.0,45.75,1,1,-1,-1
208,1,270.5,159.5,45.0,45.0,1,1,-1,-1
209,1,270.5,159.5,45.0,45.0,1,1,-1,-1
210,1,270.5,159.5,45.0,45.0,1,1,-1,-1
211,1,269.5,160.5,45.0,45.0,1,1,-1,-1
212,1,258.0,161.75,45.5,45.5,1,1,-1,-1
213,1,259.25,163.5,45.75,47.0,1,1,-1,-1
214,1,257.75,166.25,45.25,45.25,1,1,-1,-1
215,1,255.25,169.25,45.25,45.75,1,1,-1,-1
216,1,255.25,173.25,45.0,45.5,1,1,-1,-1
217,1,254.0,176.25,45.0,45.5,1,1,-1,-1
218,1,250.75,179.25,45.25,45.75,1,1,-1,-1
219,1,249.0,183.75,45.5,45.5,1,1,-1,-1
220,1,244.5,191.5,45.5,45.5,1,1,-1,-1
221,1,240.0,197.75,45.5,45.5,1,1,-1,-1
222,1,233.0,188.25,45.25,45.25,1,1,-1,-1
223,1,235.0,192.25,45.25,45.25,1,1,-1,-1
224,1,234.25,193.75,45.0,45.25,1,1,-1,-1
225,1,235.5,195.0,45.0,45.5,1,1,-1,-1
226,1,235.25,197.5,45.25,45.5,1,1,-1,-1
227,1,233.75,197.5,45.25,45.5,1,1,-1,-1
228,1,233.5,198.25,45.25,45.5,1,1,-1,-1
229,1,231.75,203.25,45.25,45.5,1,1,-1,-1
230,1,231.25,210.25,45.25,45.5,1,1,-1,-1
231,1,228.25,212.75,45.0,45.5,1,1,-1,-1
232,1,221.5,216.75,45.0,45.5,1,1,-1,-1
233,1,222.0,217.0,45.0,45.5,1,1,-1,-1
234,1,222.5,219.5,45.0,45.25,1,1,-1,-1
235,1,225.25,220.25,45.0,45.25,1,1,-1,-1
236,1,226.5,221.5,45.0,45.25,1,1,-1,-1
237,1,221.25,220.75,45.25,45.25,1,1,-1,-1
238,1,225.5,220.5,45.0,45.0,1,1,-1,-1
239,1,225.5,220.5,45.0,45.0,1,1,-1,-1
240,1,225.5,220.5,45.0,45.0,1,1,-1,-1
241,1,225.5,220.5,45.0,45.0,1,1,-1,-1
242,1,225.5,219.5,45.0,45.0,1,1,-1,-1
243,1,225.5,219.5,45.0,45.0,1,1,-1,-1
244,1,225.5,219.5,45.0,45.0,1,1,-1,-1
245,1,225.5,219.5,45.0,45.0,1,1,-1,-1
246,1,225.5,219.5,45.0,45.0,1,1,-1,-1
247,1,225.5,219.5,45.0,45.0,1,1,-1,-1
248,1,225.5,219.5,45.0,45.0,1,1,-1,-1
249,1,224.25,218.75,45.25,45.5,1,1,-1,-1
250,1,222.25,219.25,45.0,45.5,1,1,-1,-1
251,1,221.75,222.75,45.0,45.5,1,1,-1,-1
252,1,219.5,224.25,45.0,46.25,1,1,-1,-1
253,1,226.75,231.75,45.0,45.5,1,1,-1,-1
254,1,225.5,233.25,45.0,45.25,1,1,-1,-1
255,1,224.0,232.5,45.0,45.5,1,1,-1,-1
256,1,224.25,233.0,45.0,45.5,1,1,-1,-1
257,1,224.75,232.75,45.0,45.25,1,1,-1,-1
258,1,217.5,231.5,45.0,45.0,1,1,-1,-1
259,1,217.5,231.5,45.0,45.0,1,1,-1,-1
260,1,217.5,232.5,45.0,45.0,1,1,-1,-1
261,1,217.5,235.5,45.0,45.0,1,1,-1,-1
262,1,205.5,239.5,45.0,45.0,1,1,-1,-1
263,1,205.5,239.5,45.0,45.0,1,1,-1,-1
264,1,204.25,236.25,45.0,45.5,1,1,-1,-1
265,1,201.25,237.25,45.0,45.25,1,1,-1,-1
266,1,200.75,239.5,45.0,45.75,1,1,-1,-1
267,1,201.25,238.0,44.75,45.75,1,1,-1,-1
268,1,203.5,239.5,45.0,45.0,1,1,-1,-1
269,1,203.5,239.5,45.0,45.0,1,1,-1,-1
270,1,205.75,244.75,45.0,45.5,1,1,-1,-1
271,1,208.5,243.25,45.0,45.5,1,1,-1,-1
272,1,208.25,243.75,45.0,45.5,1,1,-1,-1
273,1,209.5,243.75,45.0,45.5,1,1,-1,-1
274,1,213.25,245.5,45.0,45.5,1,1,-1,-1
275,1,214.75,248.25,45.25,45.5,1,1,-1,-1
276,1,217.25,253.5,45.0,45.5,1,1,-1,-1
277,1,216.5,254.5,44.75,45.25,1,1,-1,-1
278,1,215.75,257.5,44.75,45.25,1,1,-1,-1
279,1,211.25,257.0,45.0,45.5,1,1,-1,-1
280,1,211.25,267.0,44.75,45.5,1,1,-1,-1
281,1,209.5,266.5,45.0,45.0,1,1,-1,-1
282,1,209.5,266.5,45.0,45.0,1,1,-1,-1
283,1,209.5,266.5,45.0,45.0,1,1,-1,-1
284,1,208.5,273.5,45.0,45.0,1,1,-1,-1
285,1,205.5,280.5,45.0,45.0,1,1,-1,-1
286,1,205.5,286.5,45.0,45.0,1,1,-1,-1
287,1,205.5,286.5,45.0,45.0,1,1,-1,-1
288,1,204.5,286.5,45.0,45.0,1,1,-1,-1
289,1,204.5,286.5,45.0,45.0,1,1,-1,-1
290,1,204.5,286.5,45.0,45.0,1,1,-1,-1
291,1,204.5,286.5,45.0,45.0,1,1,-1,-1
292,1,203.75,288.75,45.25,46.0,1,1,-1,-1
293,1,203.5,288.25,45.25,45.5,1,1,-1,-1
294,1,203.75,290.0,45.25,45.75,1,1,-1,-1
295,1,203.5,290.0,45.5,46.0,1,1,-1,-1
296,1,203.75,291.75,45.0,45.5,1,1,-1,-1
297,1,203.5,291.75,45.0,45.5,1,1,-1,-1
298,1,203.75,291.0,45.25,45.5,1,1,-1,-1
299,1,204.5,292.5,45.25,45.5,1,1,-1,-1
300,1,204.0,290.5,45.25,45.5,1,1,-1,-1
301,1,204.0,289.75,45.0,45.5,1,1,-1,-1
302,1,205.5,297.5,45.0,45.0,1,1,-1,-1
303,1,205.5,297.5,45.0,45.0,1,1,-1,-1
304,1,205.5,297.5,45.0,45.0,1,1,-1,-1
305,1,205.5,297.5,45.0,45.0,1,1,-1,-1
306,1,205.5,297.5,45.0,45.0,1,1,-1,-1
307,1,205.5,297.5,45.0,45.0,1,1,-1,-1
308,1,205.5,297.5,45.0,45.0,1,1,-1,-1
309,1,205.5,297.5,45.0,45.0,1,1,-1,-1
310,1,205.5,297.5,45.0,45.0,1,1,-1,-1
311,1,205.5,297.5,45.0,45.0,1,1,-1,-1
312,1,206.5,302.5,45.0,45.0,1,1,-1,-1
313,1,206.5,302.5,45.0,45.0,1,1,-1,-1
314,1,206.5,302.5,45.0,45.0,1,1,-1,-1
315,1,206.5,302.5,45.0,45.0,1,1,-1,-1
316,1,206.5,302.5,45.0,45.0,1,1,-1,-1
317,1,206.5,302.5,45.0,45.0,1,1,-1,-1
318,1,209.5,301.5,45.0,45.0,1,1,-1,-1
319,1,209.5,301.5,45.0,45.0,1,1,-1,-1
320,1,209.5,301.5,45.0,45.0,1,1,-1,-1
321,1,212.5,301.5,45.0,45.0,1,1,-1,-1
322,1,213.5,301.5,45.0,45.0,1,1,-1,-1
323,1,213.5,301.5,45.0,45.0,1,1,-1,-1
324,1,213.5,301.5,45.0,45.0,1,1,-1,-1
325,1,220.5,306.5,45.0,45.0,1,1,-1,-1
326,1,220.5,306.5,45.0,45.0,1,1,-1,-1
327,1,220.5,306.5,45.0,45.0,1,1,-1,-1
328,1,220.5,306.5,45.0,45.0,1,1,-1,-1
329,1,220.5,306.5,45.0,45.0,1,1,-1,-1
330,1,220.5,308.5,45.0,45.0,1,1,-1,-1
331,1,229.5,314.5,45.0,45.0,1,1,-1,-1
332,1,228.5,315.5,45.0,45.0,1,1,-1,-1
333,1,228.5,315.5,45.0,45.0,1,1,-1,-1
334,1,237.5,325.5,45.0,45.0,1,1,-1,-1
335,1,237.5,325.5,45.0,45.0,1,1,-1,-1
336,1,230.5,330.5,45.0,45.0,1,1,-1,-1
337,1,233.75,338.5,45.0,45.75,1,1,-1,-1
338,1,234.0,344.0,45.0,45.5,1,1,-1,-1
339,1,229.0,347.25,45.0,46.5,1,1,-1,-1
340,1,226.25,348.5,44.75,45.5,1,1,-1,-1
341,1,226.25,352.5,45.0,45.75,1,1,-1,-1
342,1,226.75,355.0,45.0,45.75,1,1,-1,-1
343,1,227.75,360.0,44.75,45.75,1,1,-1,-1
344,1,228.5,362.25,44.75,46.25,1,1,-1,-1
345,1,228.5,363.25,45.0,45.75,1,1,-1,-1
346,1,225.0,363.25,45.0,45.75,1,1,-1,-1
347,1,227.0,364.5,44.75,46.25,1,1,-1,-1
348,1,226.75,364.0,44.75,45.75,1,1,-1,-1
349,1,226.25,363.5,44.75,45.5,1,1,-1,-1
350,1,225.5,360.5,44.75,45.75,1,1,-1,-1
351,1,221.5,355.75,44.75,45.5,1,1,-1,-1
352,1,222.75,356.0,45.0,45.5,1,1,-1,-1
353,1,223.5,353.5,45.0,45.75,1,1,-1,-1
354,1,224.5,353.25,44.75,45.5,1,1,-1,-1
355,1,225.0,351.75,44.75,45.5,1,1,-1,-1
356,1,224.0,348.25,44.75,45.5,1,1,-1,-1
357,1,223.25,346.25,45.0,45.5,1,1,-1,-1
358,1,225.75,345.5,44.75,45.25,1,1,-1,-1
359,1,226.75,344.75,45.0,45.5,1,1,-1,-1
360,1,226.75,341.75,45.0,45.5,1,1,-1,-1
361,1,228.25,341.75,44.75,45.75,1,1,-1,-1
362,1,230.25,341.5,44.75,45.5,1,1,-1,-1
363,1,230.75,341.0,45.0,45.5,1,1,-1,-1
364,1,232.0,340.25,44.75,45.25,1,1,-1,-1
365,1,232.5,336.75,44.75,45.5,1,1,-1,-1
366,1,232.979,334.665,44.75,45.5,1,1,-1,-1
367,1,234.25,334.5,44.75,45.5,1,1,-1,-1
368,1,235.5,330.75,44.75,45.5,1,1,-1,-1
369,1,236.5,328.0,45.0,45.5,1,1,-1,-1
370,1,236.75,325.75,45.0,45.75,1,1,-1,-1
371,1,237.75,321.75,45.0,46.25,1,1,-1,-1
372,1,237.75,316.75,45.25,45.5,1,1,-1,-1
373,1,238.25,314.75,45.0,45.75,1,1,-1,-1
374,1,238.25,313.0,45.0,45.5,1,1,-1,-1
375,1,237.25,309.75,45.0,46.5,1,1,-1,-1
376,1,236.5,307.75,45.0,45.25,1,1,-1,-1
377,1,236.25,306.5,45.0,45.25,1,1,-1,-1
378,1,237.25,303.5,45.0,45.25,1,1,-1,-1
379,1,237.0,301.25,45.0,45.0,1,1,-1,-1
380,1,236.5,300.75,45.0,45.0,1,1,-1,-1
381,1,236.5,300.0,45.0,45.25,1,1,-1,-1
382,1,236.75,300.0,45.0,45.25,1,1,-1,-1
383,1,237.25,299.0,45.0,45.5,1,1,-1,-1
384,1,238.25,298.0,45.0,45.25,1,1,-1,-1
385,1,239.75,298.75,44.5,45.25,1,1,-1,-1
386,1,239.75,298.5,44.5,45.75,1,1,-1,-1
387,1,238.5,297.5,44.75,46.0,1,1,-1,-1
388,1,238.531,296.614,44.75,46.0,1,1,-1,-1
389,1,239.5,297.5,45.0,45.0,1,1,-1,-1
390,1,240.75,298.25,45.0,45.0,1,1,-1,-1
391,1,237.5,297.5,45.25,46.5,1,1,-1,-1
392,1,236.75,298.0,45.25,46.0,1,1,-1,-1
393,1,236.5,300.25,45.0,45.5,1,1,-1,-1
394,1,234.25,302.5,45.0,46.25,1,1,-1,-1
395,1,233.5,299.5,45.25,45.75,1,1,-1,-1
396,1,236.75,299.0,45.0,45.5,1,1,-1,-1
397,1,235.5,299.25,45.25,46.75,1,1,-1,-1
398,1,236.5,300.25,45.0,45.75,1,1,-1,-1
399,1,236.25,300.25,45.0,45.5,1,1,-1,-1
400,1,237.25,300.25,45.0,45.25,1,1,-1,-1
401,1,238.5,301.0,44.75,45.25,1,1,-1,-1
402,1,239.291,301.558,44.75,45.25,1,1,-1,-1
403,1,240.2,302.08,44.75,45.25,1,1,-1,-1
404,1,243.0,296.25,45.25,45.25,1,1,-1,-1
405,1,239.25,301.75,45.25,45.25,1,1,-1,-1
406,1,240.0,302.0,45.25,45.25,1,1,-1,-1
407,1,239.0,301.75,45.0,45.25,1,1,-1,-1
408,1,240.75,302.0,45.0,44.75,1,1,-1,-1
409,1,240.0,302.5,45.0,45.0,1,1,-1,-1
410,1,242.0,297.5,45.25,45.25,1,1,-1,-1
411,1,237.25,303.25,44.75,45.0,1,1,-1,-1
412,1,237.75,302.0,45.25,45.0,1,1,-1,-1
413,1,237.75,301.25,45.0,45.0,1,1,-1,-1
414,1,237.5,299.5,45.25,45.25,1,1,-1,-1
415,1,236.25,299.5,45.5,46.5,1,1,-1,-1
416,1,235.5,299.5,45.0,45.0,1,1,-1,-1
417,1,235.5,299.5,45.0,45.0,1,1,-1,-1
418,1,235.5,299.5,45.0,45.0,1,1,-1,-1
419,1,235.75,296.5,45.5,46.5,1,1,-1,-1
420,1,237.0,297.25,45.25,45.5,1,1,-1,-1
421,1,236.75,297.5,45.25,45.25,1,1,-1,-1
422,1,236.5,297.25,45.0,45.25,1,1,-1,-1
423,1,233.25,300.0,45.25,45.25,1,1,-1,-1
424,1,234.75,298.0,45.25,45.25,1,1,-1,-1
425,1,236.0,298.75,45.5,45.25,1,1,-1,-1
426,1,235.5,296.0,45.25,45.25,1,1,-1,-1
427,1,235.25,297.0,45.25,45.0,1,1,-1,-1
428,1,233.0,290.5,45.25,45.25,1,1,-1,-1
429,1,233.25,290.5,45.25,45.5,1,1,-1,-1
430,1,233.5,292.5,45.5,45.5,1,1,-1,-1
431,1,231.5,291.0,45.25,45.5,1,1,-1,-1
432,1,233.0,292.0,45.5,45.5,1,1,-1,-1
433,1,233.0,294.0,45.5,45.25,1,1,-1,-1
434,1,236.0,296.0,45.25,45.5,1,1,-1,-1
435,1,236.0,296.25,45.25,45.5,1,1,-1,-1
436,1,238.25,298.0,45.25,45.25,1,1,-1,-1
437,1,239.75,298.0,45.25,46.0,1,1,-1,-1
438,1,239.0,298.0,45.25,45.25,1,1,-1,-1
439,1,238.0,297.5,45.5,45.25,1,1,-1,-1
440,1,238.5,297.25,45.25,45.25,1,1,-1,-1
441,1,239.0,297.5,45.25,45.25,1,1,-1,-1
442,1,238.25,297.5,45.5,45.25,1,1,-1,-1
443,1,237.25,295.75,45.5,45.25,1,1,-1,-1
444,1,238.5,297.0,45.5,45.75,1,1,-1,-1
445,1,238.25,297.5,45.25,45.25,1,1,-1,-1
446,1,238.5,297.25,45.5,45.25,1,1,-1,-1
447,1,237.25,295.75,45.5,45.25,1,1,-1,-1
448,1,237.75,297.25,45.5,45.25,1,1,-1,-1
449,1,237.0,297.5,45.5,45.5,1,1,-1,-1
450,1,236.815,297.775,45.5,45.5,1,1,-1,-1
451,1,236.499,298.106,45.5,45.5,1,1,-1,-1
452,1,236.182,298.437,45.5,45.5,1,1,-1,-1
453,1,237.0,298.0,45.5,46.0,1,1,-1,-1
454,1,234.25,299.25,45.5,46.0,1,1,-1,-1
455,1,235.25,302.0,45.25,45.75,1,1,-1,-1
456,1,234.5,298.75,45.25,45.5,1,1,-1,-1
457,1,234.0,299.0,45.0,45.5,1,1,-1,-1
458,1,236.0,302.75,45.25,45.5,1,1,-1,-1
459,1,237.5,299.5,45.0,45.0,1,1,-1,-1
460,1,237.5,299.5,45.0,45.0,1,1,-1,-1
461,1,237.5,299.5,45.0,45.0,1,1,-1,-1
462,1,237.5,299.5,45.0,45.0,1,1,-1,-1
463,1,237.5,299.5,45.0,45.0,1,1,-1,-1
464,1,237.5,299.5,45.0,45.0,1,1,-1,-1
465,1,237.5,299.5,45.0,45.0,1,1,-1,-1
466,1,237.5,299.5,45.0,45.0,1,1,-1,-1
467,1,237.5,299.5,45.0,45.0,1,1,-1,-1
468,1,237.5,299.5,45.0,45.0,1,1,-1,-1
469,1,237.5,299.5,45.0,45.0,1,1,-1,-1
470,1,234.25,301.75,45.25,45.0,1,1,-1,-1
471,1,235.25,300.0,45.25,45.5,1,1,-1,-1
472,1,236.5,300.5,45.25,45.25,1,1,-1,-1
473,1,236.25,300.0,45.5,45.25,1,1,-1,-1
474,1,236.5,300.0,45.25,45.25,1,1,-1,-1
475,1,236.25,299.75,45.25,45.5,1,1,-1,-1
476,1,236.5,300.0,45.5,45.25,1,1,-1,-1
477,1,237.75,299.75,45.25,45.25,1,1,-1,-1
478,1,237.0,300.0,45.25,45.5,1,1,-1,-1
479,1,236.5,299.25,45.25,45.75,1,1,-1,-1
480,1,236.5,295.5,45.0,45.0,1,1,-1,-1
481,1,236.5,295.5,45.0,45.0,1,1,-1,-1
482,1,236.5,295.5,45.0,45.0,1,1,-1,-1
483,1,239.5,292.5,45.0,45.0,1,1,-1,-1
484,1,238.5,292.0,45.5,46.0,1,1,-1,-1
485,1,244.0,282.75,45.0,45.25,1,1,-1,-1
486,1,242.75,286.25,45.5,45.5,1,1,-1,-1
487,1,242.5,285.25,45.25,45.5,1,1,-1,-1
488,1,242.25,282.75,45.5,46.0,1,1,-1,-1
489,1,242.134,281.188,45.5,46.0,1,1,-1,-1
490,1,244.5,267.0,44.75,45.0,1,1,-1,-1
491,1,243.5,270.5,45.5,46.5,1,1,-1,-1
492,1,243.5,270.0,45.25,45.5,1,1,-1,-1
493,1,243.25,270.0,45.25,45.25,1,1,-1,-1
494,1,243.5,269.5,45.25,45.25,1,1,-1,-1
495,1,243.75,268.25,45.0,45.25,1,1,-1,-1
496,1,244.0,268.0,45.25,45.25,1,1,-1,-1
497,1,242.75,267.75,45.0,45.25,1,1,-1,-1
498,1,242.0,267.5,45.0,45.25,1,1,-1,-1
499,1,242.0,265.5,45.0,45.0,1,1,-1,-1
500,1,242.0,264.0,45.0,45.25,1,1,-1,-1
1,2,192.0,258.25,45.0,45.5,1,1,-1,-1
2,2,189.25,255.25,45.0,45.5,1,1,-1,-1
3,2,186.5,252.75,45.5,45.75,1,1,-1,-1
4,2,187.0,247.75,45.25,45.75,1,1,-1,-1
5,2,187.5,244.0,45.25,45.5,1,1,-1,-1
6,2,187.0,241.75,45.25,45.5,1,1,-1,-1
7,2,187.5,239.25,45.0,45.5,1,1,-1,-1
8,2,186.0,233.0,45.25,45.75,1,1,-1,-1
9,2,189.0,231.0,45.0,45.5,1,1,-1,-1
10,2,193.25,227.0,45.0,45.75,1,1,-1,-1
11,2,196.25,222.25,45.0,45.5,1,1,-1,-1
12,2,199.25,217.5,45.25,45.25,1,1,-1,-1
13,2,201.5,212.0,45.25,45.25,1,1,-1,-1
14,2,204.25,205.5,45.5,45.5,1,1,-1,-1
15,2,207.5,199.75,45.25,45.75,1,1,-1,-1
16,2,210.0,195.0,45.25,46.0,1,1,-1,-1
17,2,213.0,188.5,45.25,46.5,1,1,-1,-1
18,2,216.75,180.25,45.5,46.75,1,1,-1,-1
19,2,218.25,176.25,45.25,46.0,1,1,-1,-1
20,2,219.75,165.5,45.5,46.5,1,1,-1,-1
21,2,221.75,162.5,45.25,45.25,1,1,-1,-1
22,2,221.5,156.25,45.25,45.25,1,1,-1,-1
23,2,220.0,152.5,45.0,45.0,1,1,-1,-1
24,2,220.5,148.75,45.0,45.0,1,1,-1,-1
25,2,221.5,144.75,45.0,45.0,1,1,-1,-1
26,2,223.5,140.75,45.0,45.0,1,1,-1,-1
27,2,226.5,136.25,44.75,45.0,1,1,-1,-1
28,2,227.25,133.5,45.0,45.25,1,1,-1,-1
29,2,227.5,132.75,45.0,45.0,1,1,-1,-1
30,2,228.0,131.25,45.0,45.0,1,1,-1,-1
31,2,227.75,129.5,44.75,45.0,1,1,-1,-1
32,2,226.75,127.25,45.0,45.5,1,1,-1,-1
33,2,227.0,127.25,45.0,45.25,1,1,-1,-1
34,2,229.75,125.5,45.25,45.5,1,1,-1,-1
35,2,231.75,122.75,45.5,45.5,1,1,-1,-1
36,2,230.75,121.75,45.0,45.25,1,1,-1,-1
37,2,230.75,121.25,45.0,45.25,1,1,-1,-1
38,2,230.25,120.0,45.25,45.25,1,1,-1,-1
39,2,231.25,119.5,45.0,45.25,1,1,-1,-1
40,2,232.5,118.75,45.0,45.25,1,1,-1,-1
41,2,232.75,117.25,45.0,45.25,1,1,-1,-1
42,2,234.75,115.5,45.0,45.5,1,1,-1,-1
43,2,234.5,115.0,45.0,45.25,1,1,-1,-1
44,2,234.25,113.75,45.0,45.25,1,1,-1,-1
45,2,232.5,105.5,45.0,45.0,1,1,-1,-1
46,2,232.5,106.5,45.0,45.0,1,1,-1,-1
47,2,232.5,106.5,45.0,45.0,1,1,-1,-1
48,2,232.5,106.5,45.0,45.0,1,1,-1,-1
49,2,232.5,106.5,45.0,45.0,1,1,-1,-1
50,2,232.5,106.5,45.0,45.0,1,1,-1,-1
51,2,232.5,106.5,45.0,45.0,1,1,-1,-1
52,2,237.5,97.5,45.0,45.0,1,1,-1,-1
53,2,238.5,97.5,45.0,45.0,1,1,-1,-1
54,2,238.5,97.5,45.0,45.0,1,1,-1,-1
55,2,238.5,97.5,45.0,45.0,1,1,-1,-1
56,2,238.5,97.5,45.0,45.0,1,1,-1,-1
57,2,246.5,92.5,45.0,45.0,1,1,-1,-1
58,2,246.5,92.5,45.0,45.0,1,1,-1,-1
59,2,246.5,92.5,45.0,45.0,1,1,-1,-1
60,2,246.0,93.75,45.25,45.25,1,1,-1,-1
61,2,248.0,92.0,45.25,45.25,1,1,-1,-1
62,2,251.25,87.5,45.25,45.5,1,1,-1,-1
63,2,256.0,83.0,45.25,45.5,1,1,-1,-1
64,2,257.0,78.5,45.25,45.5,1,1,-1,-1
65,2,256.5,79.5,45.25,45.5,1,1,-1,-1
66,2,257.5,78.75,45.0,46.5,1,1,-1,-1
67,2,259.75,78.5,45.25,46.5,1,1,-1,-1
68,2,263.75,77.0,45.0,46.0,1,1,-1,-1
69,2,266.75,77.0,45.0,45.25,1,1,-1,-1
70,2,273.0,76.25,45.0,44.5,1,1,-1,-1
71,2,276.5,72.5,44.75,45.0,1,1,-1,-1
72,2,279.0,70.75,44.75,45.0,1,1,-1,-1
73,2,282.5,68.25,45.25,45.25,1,1,-1,-1
74,2,285.907,65.894,45.25,45.25,1,1,-1,-1
75,2,292.0,60.5,45.0,45.5,1,1,-1,-1
76,2,296.75,59.25,45.0,45.25,1,1,-1,-1
77,2,300.0,59.25,45.25,45.5,1,1,-1,-1
78,2,305.0,58.5,45.25,45.25,1,1,-1,-1
79,2,308.5,58.5,45.25,45.25,1,1,-1,-1
80,2,313.25,60.0,45.5,45.5,1,1,-1,-1
81,2,317.0,60.0,45.75,46.5,1,1,-1,-1
82,2,318.25,61.0,45.25,45.75,1,1,-1,-1
83,2,321.5,60.0,46.5,47.0,1,1,-1,-1
84,2,324.75,61.25,45.25,45.75,1,1,-1,-1
85,2,327.75,61.25,44.75,45.25,1,1,-1,-1
86,2,331.25,62.25,45.25,45.5,1,1,-1,-1
87,2,333.75,63.0,45.0,45.25,1,1,-1,-1
88,2,333.75,64.5,45.0,45.25,1,1,-1,-1
89,2,334.25,64.5,45.0,45.25,1,1,-1,-1
90,2,335.25,66.25,45.0,45.5,1,1,-1,-1
91,2,335.75,67.0,45.25,45.5,1,1,-1,-1
92,2,336.0,68.75,45.25,45.25,1,1,-1,-1
93,2,336.25,71.25,45.25,45.5,1,1,-1,-1
94,2,340.0,74.25,45.25,45.5,1,1,-1,-1
95,2,340.25,75.75,45.25,45.5,1,1,-1,-1
96,2,342.0,76.5,45.25,45.5,1,1,-1,-1
97,2,346.25,77.25,45.25,45.5,1,1,-1,-1
98,2,348.0,77.25,45.0,45.5,1,1,-1,-1
99,2,349.5,79.0,45.25,45.5,1,1,-1,-1
100,2,353.75,78.25,45.25,45.5,1,1,-1,-1
101,2,354.5,78.75,45.25,45.5,1,1,-1,-1
102,2,356.25,77.0,45.25,45.25,1,1,-1,-1
103,2,357.25,75.5,45.0,45.5,1,1,-1,-1
104,2,357.0,75.0,45.0,45.25,1,1,-1,-1
105,2,357.0,73.25,45.0,45.5,1,1,-1,-1
106,2,356.5,73.5,45.25,45.25,1,1,-1,-1
107,2,355.25,73.75,45.0,45.0,1,1,-1,-1
108,2,355.25,72.0,45.0,45.25,1,1,-1,-1
109,2,356.25,70.5,45.25,45.25,1,1,-1,-1
110,2,354.75,72.25,45.0,45.25,1,1,-1,-1
111,2,354.25,72.0,45.25,45.25,1,1,-1,-1
112,2,354.0,70.25,45.25,45.5,1,1,-1,-1
113,2,352.5,71.75,45.25,45.25,1,1,-1,-1
114,2,353.25,69.75,45.0,45.25,1,1,-1,-1
115,2,355.75,68.0,45.25,45.5,1,1,-1,-1
116,2,355.25,66.75,45.0,45.5,1,1,-1,-1
117,2,354.0,66.25,45.0,45.5,1,1,-1,-1
118,2,354.25,66.0,45.0,45.5,1,1,-1,-1
119,2,353.0,65.25,45.25,45.5,1,1,-1,-1
120,2,352.5,63.75,45.25,45.5,1,1,-1,-1
121,2,350.75,64.0,45.5,45.5,1,1,-1,-1
122,2,352.75,62.0,45.25,45.5,1,1,-1,-1
123,2,352.25,60.25,45.5,45.5,1,1,-1,-1
124,2,351.5,58.5,45.5,45.5,1,1,-1,-1
125,2,349.75,58.0,45.5,45.5,1,1,-1,-1
126,2,349.25,57.25,45.5,45.5,1,1,-1,-1
127,2,348.5,57.0,45.5,45.75,1,1,-1,-1
128,2,347.799,56.46,45.5,45.75,1,1,-1,-1
129,2,349.5,57.75,46.0,45.5,1,1,-1,-1
130,2,350.0,58.5,45.75,45.5,1,1,-1,-1
131,2,350.25,58.75,45.5,45.75,1,1,-1,-1
132,2,351.25,60.0,45.25,45.5,1,1,-1,-1
133,2,351.75,61.25,45.25,45.5,1,1,-1,-1
134,2,344.25,68.25,45.25,45.5,1,1,-1,-1
135,2,348.75,60.75,45.5,45.75,1,1,-1,-1
136,2,345.994,60.457,45.5,45.75,1,1,-1,-1
137,2,352.25,59.25,45.25,45.75,1,1,-1,-1
138,2,353.25,59.75,45.5,45.5,1,1,-1,-1
139,2,354.5,59.5,45.25,45.75,1,1,-1,-1
140,2,357.0,59.0,45.25,45.5,1,1,-1,-1
141,2,358.0,57.75,45.25,45.5,1,1,-1,-1
142,2,359.0,56.5,45.25,45.5,1,1,-1,-1
143,2,361.0,51.5,45.25,45.5,1,1,-1,-1
144,2,360.75,50.25,45.25,45.25,1,1,-1,-1
145,2,359.25,49.25,45.5,45.25,1,1,-1,-1
146,2,357.75,46.75,45.5,45.5,1,1,-1,-1
147,2,356.75,44.75,45.5,45.5,1,1,-1,-1
148,2,356.75,41.75,45.75,45.75,1,1,-1,-1
149,2,354.75,38.5,45.5,45.5,1,1,-1,-1
150,2,353.75,35.5,45.25,45.5,1,1,-1,-1
151,2,354.0,34.0,45.5,45.5,1,1,-1,-1
152,2,351.5,33.5,45.0,45.5,1,1,-1,-1
153,2,350.0,33.25,45.0,45.25,1,1,-1,-1
154,2,348.25,32.75,45.0,45.25,1,1,-1,-1
155,2,348.75,32.0,45.25,45.5,1,1,-1,-1
156,2,348.5,31.75,45.5,45.75,1,1,-1,-1
157,2,349.5,32.25,45.5,45.75,1,1,-1,-1
158,2,350.0,32.75,45.5,45.75,1,1,-1,-1
159,2,350.5,34.0,45.5,45.75,1,1,-1,-1
160,2,352.0,35.5,45.25,45.75,1,1,-1,-1
161,2,354.0,35.5,45.5,45.5,1,1,-1,-1
162,2,357.0,35.5,45.75,45.75,1,1,-1,-1
163,2,358.25,37.0,45.75,45.75,1,1,-1,-1
164,2,358.75,36.0,45.75,45.5,1,1,-1,-1
165,2,359.5,35.0,45.5,45.5,1,1,-1,-1
166,2,360.0,33.75,45.5,45.5,1,1,-1,-1
167,2,359.25,31.75,45.5,45.75,1,1,-1,-1
168,2,359.0,29.25,45.75,45.75,1,1,-1,-1
169,2,359.0,28.75,45.75,45.75,1,1,-1,-1
170,2,359.0,30.0,45.5,45.5,1,1,-1,-1
171,2,357.75,31.25,45.5,45.5,1,1,-1,-1
172,2,357.25,36.0,45.5,45.5,1,1,-1,-1
173,2,355.0,34.75,45.5,45.75,1,1,-1,-1
174,2,351.75,32.75,45.5,45.5,1,1,-1,-1
175,2,349.5,31.75,45.25,45.5,1,1,-1,-1
176,2,345.0,31.0,45.25,45.5,1,1,-1,-1
177,2,344.0,31.5,45.25,45.5,1,1,-1,-1
178,2,342.75,33.0,45.25,45.25,1,1,-1,-1
179,2,342.0,33.75,45.0,45.25,1,1,-1,-1
180,2,342.5,33.5,45.0,45.0,1,1,-1,-1
181,2,342.25,33.5,44.75,45.0,1,1,-1,-1
182,2,342.0,33.25,45.0,45.0,1,1,-1,-1
183,2,341.5,34.25,45.0,44.75,1,1,-1,-1
184,2,340.25,34.25,45.0,45.0,1,1,-1,-1
185,2,339.0,34.5,45.0,45.0,1,1,-1,-1
186,2,338.0,34.0,45.0,45.25,1,1,-1,-1
187,2,338.0,34.0,45.0,45.0,1,1,-1,-1
188,2,338.0,34.0,45.0,45.25,1,1,-1,-1
189,2,338.75,34.5,45.0,45.0,1,1,-1,-1
190,2,341.25,35.25,44.75,45.0,1,1,-1,-1
191,2,344.25,36.75,45.0,45.25,1,1,-1,-1
192,2,346.0,39.0,45.25,45.25,1,1,-1,-1
193,2,347.25,41.75,45.25,45.25,1,1,-1,-1
194,2,349.25,42.5,45.0,45.25,1,1,-1,-1
195,2,350.75,43.0,45.25,45.5,1,1,-1,-1
196,2,350.75,44.0,45.25,45.5,1,1,-1,-1
197,2,351.25,46.0,45.25,45.25,1,1,-1,-1
198,2,352.75,47.0,45.5,45.5,1,1,-1,-1
199,2,353.75,50.25,45.5,45.75,1,1,-1,-1
200,2,355.25,48.5,45.5,45.5,1,1,-1,-1
201,2,357.0,49.0,45.5,46.0,1,1,-1,-1
202,2,354.25,52.25,45.25,45.75,1,1,-1,-1
203,2,354.5,54.75,45.25,45.5,1,1,-1,-1
204,2,354.5,54.25,45.25,45.5,1,1,-1,-1
205,2,356.5,57.25,45.25,45.5,1,1,-1,-1
206,2,358.25,60.25,45.25,45.75,1,1,-1,-1
207,2,358.25,63.25,45.25,45.75,1,1,-1,-1
208,2,358.75,70.0,45.0,45.5,1,1,-1,-1
209,2,359.0,77.25,45.0,45.25,1,1,-1,-1
210,2,359.75,82.5,45.0,45.25,1,1,-1,-1
211,2,361.25,87.5,45.0,45.25,1,1,-1,-1
212,2,363.25,91.5,45.0,45.25,1,1,-1,-1
213,2,361.0,97.0,45.25,45.0,1,1,-1,-1
214,2,361.604,101.451,45.25,45.0,1,1,-1,-1
215,2,373.0,109.75,45.25,45.5,1,1,-1,-1
216,2,375.25,114.25,45.25,45.5,1,1,-1,-1
217,2,379.5,118.5,45.25,45.25,1,1,-1,-1
218,2,385.0,120.5,45.25,45.25,1,1,-1,-1
219,2,390.5,123.0,45.0,45.25,1,1,-1,-1
220,2,394.5,123.75,45.0,45.5,1,1,-1,-1
221,2,400.0,125.0,45.0,45.5,1,1,-1,-1
222,2,406.25,124.25,45.25,45.25,1,1,-1,-1
223,2,410.0,125.0,45.25,45.25,1,1,-1,-1
224,2,412.0,124.75,45.25,45.25,1,1,-1,-1
225,2,413.0,122.5,45.25,45.25,1,1,-1,-1
226,2,416.5,120.25,45.25,45.25,1,1,-1,-1
227,2,420.25,117.5,45.5,45.25,1,1,-1,-1
228,2,422.898,115.481,45.5,45.25,1,1,-1,-1
229,2,421.5,110.0,45.25,45.0,1,1,-1,-1
230,2,423.5,105.75,44.75,44.75,1,1,-1,-1
231,2,425.25,104.5,44.75,44.5,1,1,-1,-1
232,2,428.5,98.75,44.5,44.5,1,1,-1,-1
233,2,429.5,95.5,44.5,44.5,1,1,-1,-1
234,2,433.0,91.0,44.5,44.75,1,1,-1,-1
235,2,436.75,86.5,44.75,44.75,1,1,-1,-1
236,2,439.75,81.0,44.75,45.0,1,1,-1,-1
237,2,440.75,76.5,44.75,45.25,1,1,-1,-1
238,2,447.0,71.25,44.75,45.25,1,1,-1,-1
239,2,451.25,64.75,45.25,45.5,1,1,-1,-1
240,2,455.75,59.25,45.25,45.5,1,1,-1,-1
241,2,461.0,52.5,45.25,45.5,1,1,-1,-1
242,2,464.75,46.0,45.0,45.25,1,1,-1,-1
243,2,469.75,38.25,45.25,45.25,1,1,-1,-1
244,2,474.5,32.25,45.0,45.25,1,1,-1,-1
245,2,476.25,29.75,45.0,45.25,1,1,-1,-1
246,2,477.5,28.25,45.0,45.25,1,1,-1,-1
247,2,478.75,28.75,45.0,45.25,1,1,-1,-1
248,2,478.25,29.25,45.25,45.25,1,1,-1,-1
249,2,481.75,28.25,45.0,45.25,1,1,-1,-1
250,2,482.98,28.18,45.0,45.25,1,1,-1,-1
251,2,486.25,31.25,44.75,44.75,1,1,-1,-1
252,2,488.25,33.75,44.75,45.0,1,1,-1,-1
253,2,491.0,34.0,44.75,45.25,1,1,-1,-1
254,2,494.0,34.5,45.0,45.25,1,1,-1,-1
255,2,498.0,35.25,45.0,45.25,1,1,-1,-1
256,2,502.25,35.75,45.0,45.5,1,1,-1,-1
257,2,507.25,37.0,45.25,45.25,1,1,-1,-1
258,2,512.75,37.5,45.25,45.5,1,1,-1,-1
259,2,516.75,40.25,45.5,45.5,1,1,-1,-1
260,2,519.5,42.5,45.5,45.5,1,1,-1,-1
261,2,519.5,42.75,45.5,45.25,1,1,-1,-1
262,2,520.75,42.25,45.5,45.5,1,1,-1,-1
263,2,521.75,42.0,45.25,45.25,1,1,-1,-1
264,2,522.25,41.75,45.5,45.5,1,1,-1,-1
265,2,524.5,41.75,45.25,45.75,1,1,-1,-1
266,2,525.0,41.75,45.25,45.5,1,1,-1,-1
267,2,526.25,42.0,45.25,45.5,1,1,-1,-1
268,2,526.25,43.25,45.5,45.25,1,1,-1,-1
269,2,526.5,42.25,45.5,45.25,1,1,-1,-1
270,2,527.0,42.25,45.5,45.5,1,1,-1,-1
271,2,526.5,42.0,45.5,45.5,1,1,-1,-1
272,2,524.75,42.5,45.25,45.25,1,1,-1,-1
273,2,524.0,43.5,45.25,45.25,1,1,-1,-1
274,2,518.75,40.5,45.25,45.25,1,1,-1,-1
275,2,514.25,40.75,45.5,45.25,1,1,-1,-1
276,2,512.25,40.75,45.5,45.25,1,1,-1,-1
277,2,511.75,39.5,45.5,45.0,1,1,-1,-1
278,2,511.75,38.0,45.5,45.0,1,1,-1,-1
279,2,508.75,36.0,45.25,45.0,1,1,-1,-1
280,2,506.0,37.75,45.25,45.0,1,1,-1,-1
281,2,501.0,32.25,45.0,45.0,1,1,-1,-1
282,2,497.75,28.5,44.75,44.75,1,1,-1,-1
283,2,490.0,26.5,44.75,45.0,1,1,-1,-1
284,2,500.75,31.0,45.0,44.5,1,1,-1,-1
285,2,486.0,24.75,44.75,45.0,1,1,-1,-1
286,2,482.25,23.0,45.0,45.0,1,1,-1,-1
287,2,475.5,21.0,45.25,45.25,1,1,-1,-1
288,2,474.5,20.25,45.25,45.5,1,1,-1,-1
289,2,472.75,21.5,45.0,45.25,1,1,-1,-1
290,2,468.25,21.0,45.25,45.25,1,1,-1,-1
291,2,462.5,20.5,45.25,45.25,1,1,-1,-1
292,2,460.25,20.25,45.5,45.25,1,1,-1,-1
293,2,459.75,20.5,45.0,45.25,1,1,-1,-1
294,2,457.75,19.75,45.25,45.25,1,1,-1,-1
295,2,456.0,18.0,45.25,45.5,1,1,-1,-1
296,2,456.0,17.75,45.25,45.25,1,1,-1,-1
297,2,455.5,17.25,45.25,45.25,1,1,-1,-1
298,2,455.5,17.25,45.25,45.5,1,1,-1,-1
299,2,455.25,17.25,45.25,45.5,1,1,-1,-1
300,2,455.25,17.25,45.0,45.5,1,1,-1,-1
301,2,455.25,17.75,45.0,45.25,1,1,-1,-1
302,2,455.25,17.75,45.25,45.0,1,1,-1,-1
303,2,454.75,17.25,45.0,45.25,1,1,-1,-1
304,2,454.5,17.0,45.0,45.25,1,1,-1,-1
305,2,454.0,16.5,45.0,45.5,1,1,-1,-1
306,2,453.75,16.75,45.25,45.5,1,1,-1,-1
307,2,453.5,17.5,45.25,45.25,1,1,-1,-1
308,2,451.5,17.25,45.25,45.25,1,1,-1,-1
309,2,449.75,16.5,45.25,45.5,1,1,-1,-1
310,2,448.5,16.75,45.25,45.5,1,1,-1,-1
311,2,447.0,19.75,45.25,45.0,1,1,-1,-1
312,2,445.0,20.25,45.0,45.25,1,1,-1,-1
313,2,440.25,18.5,45.25,45.5,1,1,-1,-1
314,2,437.75,16.5,45.0,45.5,1,1,-1,-1
315,2,435.5,16.0,45.0,45.5,1,1,-1,-1
316,2,434.0,14.5,45.0,45.5,1,1,-1,-1
317,2,433.75,13.5,45.25,45.25,1,1,-1,-1
318,2,433.5,14.0,45.25,45.5,1,1,-1,-1
319,2,432.5,12.25,45.25,45.5,1,1,-1,-1
320,2,433.25,11.75,45.25,45.25,1,1,-1,-1
321,2,432.75,12.0,45.25,45.25,1,1,-1,-1
322,2,431.75,12.0,45.0,45.25,1,1,-1,-1
323,2,431.5,12.0,45.25,45.25,1,1,-1,-1
324,2,430.75,12.75,45.25,45.75,1,1,-1,-1
325,2,430.0,13.5,45.25,45.75,1,1,-1,-1
326,2,429.25,14.0,45.25,45.75,1,1,-1,-1
327,2,428.75,13.5,45.25,45.75,1,1,-1,-1
328,2,427.75,13.5,45.25,45.75,1,1,-1,-1
329,2,428.5,13.5,45.25,46.0,1,1,-1,-1
330,2,429.75,13.5,45.5,45.75,1,1,-1,-1
331,2,429.25,12.5,45.5,45.5,1,1,-1,-1
332,2,429.25,12.75,45.5,45.5,1,1,-1,-1
333,2,428.25,12.0,45.5,45.25,1,1,-1,-1
334,2,426.5,13.0,45.75,45.25,1,1,-1,-1
335,2,426.75,11.5,45.5,45.25,1,1,-1,-1
336,2,427.0,11.0,45.75,44.75,1,1,-1,-1
337,2,427.75,13.5,45.75,44.75,1,1,-1,-1
338,2,428.316,14.559,45.75,44.75,1,1,-1,-1
339,2,428.861,15.726,45.75,44.75,1,1,-1,-1
340,2,429.405,16.892,45.75,44.75,1,1,-1,-1
341,2,429.95,18.059,45.75,44.75,1,1,-1,-1
342,2,429.5,10.5,45.0,45.0,1,1,-1,-1
343,2,429.5,10.5,45.0,45.0,1,1,-1,-1
344,2,429.5,10.5,45.0,45.0,1,1,-1,-1
345,2,429.5,10.5,45.0,45.0,1,1,-1,-1
346,2,429.5,10.5,45.0,45.0,1,1,-1,-1
347,2,429.5,10.5,45.0,45.0,1,1,-1,-1
348,2,429.5,10.5,45.0,45.0,1,1,-1,-1
349,2,429.5,10.5,45.0,45.0,1,1,-1,-1
350,2,429.5,10.5,45.0,45.0,1,1,-1,-1
351,2,429.5,10.5,45.0,45.0,1,1,-1,-1
352,2,429.5,10.5,45.0,45.0,1,1,-1,-1
353,2,429.5,10.5,45.0,45.0,1,1,-1,-1
354,2,429.5,10.5,45.0,45.0,1,1,-1,-1
355,2,429.5,10.5,45.0,45.0,1,1,-1,-1
356,2,429.5,10.5,45.0,45.0,1,1,-1,-1
357,2,429.5,10.5,45.0,45.0,1,1,-1,-1
358,2,429.5,10.5,45.0,45.0,1,1,-1,-1
359,2,429.5,11.5,45.0,45.0,1,1,-1,-1
360,2,431.5,12.5,45.0,45.0,1,1,-1,-1
361,2,431.5,12.5,45.0,45.0,1,1,-1,-1
362,2,431.5,12.5,45.0,45.0,1,1,-1,-1
363,2,431.5,12.5,45.0,45.0,1,1,-1,-1
364,2,431.5,12.5,45.0,45.0,1,1,-1,-1
365,2,431.5,12.5,45.0,45.0,1,1,-1,-1
366,2,431.5,12.5,45.0,45.0,1,1,-1,-1
367,2,431.5,12.5,45.0,45.0,1,1,-1,-1
368,2,431.5,12.5,45.0,45.0,1,1,-1,-1
369,2,431.5,12.5,45.0,45.0,1,1,-1,-1
370,2,431.5,12.5,45.0,45.0,1,1,-1,-1
371,2,431.5,12.5,45.0,45.0,1,1,-1,-1
372,2,431.5,12.5,45.0,45.0,1,1,-1,-1
373,2,431.5,12.5,45.0,45.0,1,1,-1,-1
374,2,431.5,12.5,45.0,45.0,1,1,-1,-1
375,2,431.5,12.5,45.0,45.0,1,1,-1,-1
376,2,431.5,12.5,45.0,45.0,1,1,-1,-1
377,2,431.5,12.5,45.0,45.0,1,1,-1,-1
378,2,431.5,12.5,45.0,45.0,1,1,-1,-1
379,2,431.5,12.5,45.0,45.0,1,1,-1,-1
380,2,431.5,12.5,45.0,45.0,1,1,-1,-1
381,2,431.5,12.5,45.0,45.0,1,1,-1,-1
382,2,431.5,12.5,45.0,45.0,1,1,-1,-1
383,2,431.5,12.5,45.0,45.0,1,1,-1,-1
384,2,431.5,12.5,45.0,45.0,1,1,-1,-1
385,2,431.5,12.5,45.0,45.0,1,1,-1,-1
386,2,431.5,12.5,45.0,45.0,1,1,-1,-1
387,2,431.5,12.5,45.0,45.0,1,1,-1,-1
388,2,431.5,12.5,45.0,45.0,1,1,-1,-1
389,2,431.5,12.5,45.0,45.0,1,1,-1,-1
390,2,431.5,12.5,45.0,45.0,1,1,-1,-1
391,2,431.5,12.5,45.0,45.0,1,1,-1,-1
392,2,431.5,12.5,45.0,45.0,1,1,-1,-1
393,2,431.5,12.5,45.0,45.0,1,1,-1,-1
394,2,431.5,12.5,45.0,45.0,1,1,-1,-1
395,2,431.5,12.5,45.0,45.0,1,1,-1,-1
396,2,431.5,12.5,45.0,45.0,1,1,-1,-1
397,2,431.5,12.5,45.0,45.0,1,1,-1,-1
398,2,431.5,12.5,45.0,45.0,1,1,-1,-1
399,2,431.5,12.5,45.0,45.0,1,1,-1,-1
400,2,431.5,12.5,45.0,45.0,1,1,-1,-1
401,2,431.5,12.5,45.0,45.0,1,1,-1,-1
402,2,431.5,12.5,45.0,45.0,1,1,-1,-1
403,2,431.5,12.5,45.0,45.0,1,1,-1,-1
404,2,431.5,12.5,45.0,45.0,1,1,-1,-1
405,2,431.5,12.5,45.0,45.0,1,1,-1,-1
406,2,431.5,12.5,45.0,45.0,1,1,-1,-1
407,2,431.5,12.5,45.0,45.0,1,1,-1,-1
408,2,431.5,12.5,45.0,45.0,1,1,-1,-1
409,2,431.5,12.5,45.0,45.0,1,1,-1,-1
410,2,431.5,12.5,45.0,45.0,1,1,-1,-1
411,2,431.5,12.5,45.0,45.0,1,1,-1,-1
412,2,431.5,12.5,45.0,45.0,1,1,-1,-1
413,2,431.5,12.5,45.0,45.0,1,1,-1,-1
414,2,431.5,12.5,45.0,45.0,1,1,-1,-1
415,2,431.5,12.5,45.0,45.0,1,1,-1,-1
416,2,431.5,12.5,45.0,45.0,1,1,-1,-1
417,2,431.5,12.5,45.0,45.0,1,1,-1,-1
418,2,431.5,12.5,45.0,45.0,1,1,-1,-1
419,2,431.5,12.5,45.0,45.0,1,1,-1,-1
420,2,431.5,12.5,45.0,45.0,1,1,-1,-1
421,2,431.5,12.5,45.0,45.0,1,1,-1,-1
422,2,431.5,12.5,45.0,45.0,1,1,-1,-1
423,2,431.5,12.5,45.0,45.0,1,1,-1,-1
424,2,431.5,12.5,45.0,45.0,1,1,-1,-1
425,2,431.5,12.5,45.0,45.0,1,1,-1,-1
426,2,431.5,12.5,45.0,45.0,1,1,-1,-1
427,2,431.5,12.5,45.0,45.0,1,1,-1,-1
428,2,431.5,12.5,45.0,45.0,1,1,-1,-1
429,2,431.5,12.5,45.0,45.0,1,1,-1,-1
430,2,431.5,12.5,45.0,45.0,1,1,-1,-1
431,2,437.5,15.0,45.5,45.5,1,1,-1,-1
432,2,436.5,14.5,45.75,46.0,1,1,-1,-1
433,2,437.75,15.75,45.5,45.5,1,1,-1,-1
434,2,437.75,13.5,45.5,45.5,1,1,-1,-1
435,2,438.5,14.0,45.5,45.75,1,1,-1,-1
436,2,439.5,12.5,45.0,45.0,1,1,-1,-1
437,2,439.5,12.5,45.0,45.0,1,1,-1,-1
438,2,432.75,13.75,45.25,45.5,1,1,-1,-1
439,2,436.5,12.5,45.0,45.0,1,1,-1,-1
440,2,437.5,12.5,45.0,45.0,1,1,-1,-1
441,2,437.5,12.5,45.0,45.0,1,1,-1,-1
442,2,437.5,12.5,45.0,45.0,1,1,-1,-1
443,2,437.5,12.5,45.0,45.0,1,1,-1,-1
444,2,437.5,12.5,45.0,45.0,1,1,-1,-1
445,2,437.5,12.5,45.0,45.0,1,1,-1,-1
446,2,437.5,12.5,45.0,45.0,1,1,-1,-1
447,2,437.5,12.5,45.0,45.0,1,1,-1,-1
448,2,437.5,18.5,45.0,45.0,1,1,-1,-1
449,2,439.5,18.5,45.0,45.0,1,1,-1,-1
450,2,441.5,19.5,45.0,45.0,1,1,-1,-1
451,2,442.5,20.5,45.0,45.0,1,1,-1,-1
452,2,446.5,25.5,45.0,45.0,1,1,-1,-1
453,2,450.0,25.75,45.5,45.25,1,1,-1,-1
454,2,447.0,25.0,45.75,45.5,1,1,-1,-1
455,2,453.5,24.5,45.0,45.0,1,1,-1,-1
456,2,449.5,22.0,45.75,45.75,1,1,-1,-1
457,2,450.5,23.25,45.5,45.5,1,1,-1,-1
458,2,449.25,21.5,45.75,45.75,1,1,-1,-1
459,2,451.5,22.25,45.75,45.75,1,1,-1,-1
460,2,451.75,23.0,45.5,45.5,1,1,-1,-1
461,2,451.5,24.25,45.75,45.5,1,1,-1,-1
462,2,451.5,23.75,45.75,45.5,1,1,-1,-1
463,2,450.75,24.5,46.0,46.0,1,1,-1,-1
464,2,457.5,24.5,45.0,45.0,1,1,-1,-1
465,2,457.5,24.5,45.0,45.0,1,1,-1,-1
466,2,457.5,24.5,45.0,45.0,1,1,-1,-1
467,2,457.5,24.5,45.0,45.0,1,1,-1,-1
468,2,457.5,24.5,45.0,45.0,1,1,-1,-1
469,2,457.5,24.5,45.0,45.0,1,1,-1,-1
470,2,452.5,26.5,45.0,45.0,1,1,-1,-1
471,2,452.5,26.5,45.0,45.0,1,1,-1,-1
472,2,452.5,26.5,45.0,45.0,1,1,-1,-1
473,2,451.5,21.5,45.0,45.0,1,1,-1,-1
474,2,451.5,21.5,45.0,45.0,1,1,-1,-1
475,2,446.5,19.5,45.0,45.0,1,1,-1,-1
476,2,446.5,19.5,45.0,45.0,1,1,-1,-1
477,2,446.5,19.5,45.0,45.0,1,1,-1,-1
478,2,446.5,19.5,45.0,45.0,1,1,-1,-1
479,2,446.5,19.5,45.0,45.0,1,1,-1,-1
480,2,446.5,19.5,45.0,45.0,1,1,-1,-1
481,2,446.5,19.5,45.0,45.0,1,1,-1,-1
482,2,441.5,16.5,45.0,45.0,1,1,-1,-1
483,2,441.5,16.5,45.0,45.0,1,1,-1,-1
484,2,441.5,15.5,45.0,45.0,1,1,-1,-1
485,2,436.5,16.5,45.0,45.0,1,1,-1,-1
486,2,436.5,15.5,45.0,45.0,1,1,-1,-1
487,2,430.5,17.5,45.0,45.0,1,1,-1,-1
488,2,430.5,17.5,45.0,45.0,1,1,-1,-1
489,2,422.5,14.5,45.0,45.0,1,1,-1,-1
490,2,422.5,14.5,45.0,45.0,1,1,-1,-1
491,2,419.5,12.5,45.0,45.0,1,1,-1,-1
492,2,414.5,15.5,45.0,45.0,1,1,-1,-1
493,2,414.5,15.5,45.0,45.0,1,1,-1,-1
494,2,409.5,16.5,45.0,45.0,1,1,-1,-1
495,2,409.5,16.5,45.0,45.0,1,1,-1,-1
496,2,409.5,16.5,45.0,45.0,1,1,-1,-1
497,2,408.5,17.5,45.0,45.0,1,1,-1,-1
498,2,405.5,20.5,45.0,45.0,1,1,-1,-1
499,2,406.5,20.5,45.0,45.0,1,1,-1,-1
500,2,406.5,20.5,45.0,45.0,1,1,-1,-1
1,3,313.0,421.0,45.5,45.75,1,1,-1,-1
2,3,313.75,429.75,45.5,45.5,1,1,-1,-1
3,3,314.25,434.0,45.25,45.5,1,1,-1,-1
4,3,315.25,435.25,45.25,45.5,1,1,-1,-1
5,3,315.75,435.0,45.25,45.25,1,1,-1,-1
6,3,318.0,433.25,45.5,45.25,1,1,-1,-1
7,3,316.75,432.25,45.5,45.0,1,1,-1,-1
8,3,316.75,432.25,45.75,45.25,1,1,-1,-1
9,3,316.5,430.25,45.5,45.25,1,1,-1,-1
10,3,317.75,430.0,45.5,45.5,1,1,-1,-1
11,3,319.75,427.5,45.5,45.25,1,1,-1,-1
12,3,319.25,423.5,45.5,45.5,1,1,-1,-1
13,3,320.25,420.25,45.5,45.5,1,1,-1,-1
14,3,326.75,419.0,45.5,45.5,1,1,-1,-1
15,3,328.75,417.0,45.5,45.25,1,1,-1,-1
16,3,332.5,416.25,45.5,45.5,1,1,-1,-1
17,3,335.25,415.25,45.5,45.25,1,1,-1,-1
18,3,340.75,411.75,45.25,45.25,1,1,-1,-1
19,3,344.75,411.5,45.25,45.25,1,1,-1,-1
20,3,346.0,413.0,45.75,45.5,1,1,-1,-1
21,3,350.5,416.75,45.75,45.75,1,1,-1,-1
22,3,352.25,415.5,45.5,45.5,1,1,-1,-1
23,3,352.75,417.0,45.75,45.5,1,1,-1,-1
24,3,362.0,416.25,45.5,45.5,1,1,-1,-1
25,3,366.25,417.5,45.5,45.5,1,1,-1,-1
26,3,367.75,417.5,45.25,45.5,1,1,-1,-1
27,3,369.5,418.5,45.25,45.25,1,1,-1,-1
28,3,371.75,420.5,45.5,45.5,1,1,-1,-1
29,3,376.75,427.25,45.25,45.5,1,1,-1,-1
30,3,376.75,430.5,45.25,45.5,1,1,-1,-1
31,3,376.75,431.75,45.0,45.5,1,1,-1,-1
32,3,375.5,433.0,45.25,46.0,1,1,-1,-1
33,3,376.75,438.25,45.0,45.25,1,1,-1,-1
34,3,374.25,447.0,45.0,46.0,1,1,-1,-1
35,3,373.5,451.0,45.0,45.75,1,1,-1,-1
36,3,373.75,456.0,45.0,46.0,1,1,-1,-1
37,3,374.25,460.0,45.25,46.25,1,1,-1,-1
38,3,375.25,460.0,45.25,46.25,1,1,-1,-1
39,3,377.0,458.75,45.25,46.5,1,1,-1,-1
40,3,379.0,458.25,45.25,45.25,1,1,-1,-1
41,3,378.5,455.25,45.25,45.25,1,1,-1,-1
42,3,379.0,450.25,45.0,45.5,1,1,-1,-1
43,3,381.0,444.75,45.0,46.0,1,1,-1,-1
44,3,379.5,442.5,44.75,45.25,1,1,-1,-1
45,3,380.0,439.25,45.0,45.75,1,1,-1,-1
46,3,381.5,432.25,45.0,45.75,1,1,-1,-1
47,3,383.25,430.0,45.0,45.5,1,1,-1,-1
48,3,388.0,423.75,45.0,46.0,1,1,-1,-1
49,3,391.75,419.5,45.0,45.5,1,1,-1,-1
50,3,393.5,416.75,45.0,45.25,1,1,-1,-1
51,3,398.25,412.5,45.0,45.5,1,1,-1,-1
52,3,402.25,404.5,45.25,47.25,1,1,-1,-1
53,3,405.5,399.5,45.0,45.5,1,1,-1,-1
54,3,412.25,394.5,45.0,45.5,1,1,-1,-1
55,3,416.25,391.75,45.25,45.75,1,1,-1,-1
56,3,420.0,388.5,45.25,45.25,1,1,-1,-1
57,3,428.5,386.5,45.0,45.25,1,1,-1,-1
58,3,436.5,383.0,45.25,46.0,1,1,-1,-1
59,3,442.25,380.0,45.5,45.25,1,1,-1,-1
60,3,450.0,376.0,45.25,46.5,1,1,-1,-1
61,3,459.5,376.25,45.25,45.5,1,1,-1,-1
62,3,465.5,375.25,45.25,45.25,1,1,-1,-1
63,3,474.0,374.5,45.25,46.0,1,1,-1,-1
64,3,482.5,374.25,45.25,46.5,1,1,-1,-1
65,3,489.0,373.25,45.5,45.75,1,1,-1,-1
66,3,495.25,374.5,45.25,46.0,1,1,-1,-1
67,3,503.75,377.25,45.25,45.75,1,1,-1,-1
68,3,510.5,380.25,45.25,45.25,1,1,-1,-1
69,3,517.0,383.25,45.25,45.25,1,1,-1,-1
70,3,524.0,388.25,45.0,45.25,1,1,-1,-1
71,3,529.75,392.75,45.0,45.25,1,1,-1,-1
72,3,535.0,395.25,45.0,45.5,1,1,-1,-1
73,3,542.75,398.5,44.75,45.25,1,1,-1,-1
74,3,545.75,402.25,45.0,45.0,1,1,-1,-1
75,3,546.0,403.0,44.75,45.0,1,1,-1,-1
76,3,545.25,399.0,44.5,45.0,1,1,-1,-1
77,3,544.5,396.0,44.5,45.0,1,1,-1,-1
78,3,544.5,395.0,44.5,45.25,1,1,-1,-1
79,3,544.5,393.75,44.75,45.0,1,1,-1,-1
80,3,544.5,385.0,44.75,45.25,1,1,-1,-1
81,3,543.75,381.25,45.0,45.75,1,1,-1,-1
82,3,545.0,377.5,45.25,45.5,1,1,-1,-1
83,3,544.0,371.5,45.0,45.25,1,1,-1,-1
84,3,541.0,367.0,45.0,45.25,1,1,-1,-1
85,3,542.75,360.25,45.0,45.75,1,1,-1,-1
86,3,542.75,354.25,45.0,45.25,1,1,-1,-1
87,3,545.25,349.0,45.25,45.25,1,1,-1,-1
88,3,545.75,343.5,45.0,45.0,1,1,-1,-1
89,3,546.25,335.25,45.25,46.0,1,1,-1,-1
90,3,545.5,330.0,45.0,45.25,1,1,-1,-1
91,3,548.5,323.5,45.0,45.25,1,1,-1,-1
92,3,549.5,318.25,45.25,45.0,1,1,-1,-1
93,3,552.0,312.75,45.0,45.5,1,1,-1,-1
94,3,549.75,308.5,45.25,45.0,1,1,-1,-1
95,3,548.75,306.0,45.25,45.25,1,1,-1,-1
96,3,548.0,305.75,45.0,45.25,1,1,-1,-1
97,3,547.0,305.25,45.0,45.25,1,1,-1,-1
98,3,546.25,292.5,45.25,45.5,1,1,-1,-1
99,3,559.25,278.75,45.0,45.25,1,1,-1,-1
100,3,558.75,274.0,45.25,45.25,1,1,-1,-1
101,3,557.75,269.5,45.0,45.25,1,1,-1,-1
102,3,555.5,266.5,45.0,45.0,1,1,-1,-1
103,3,552.5,261.75,44.75,45.0,1,1,-1,-1
104,3,551.25,256.5,45.0,45.0,1,1,-1,-1
105,3,549.25,249.0,45.0,45.0,1,1,-1,-1
106,3,550.0,243.75,44.75,45.0,1,1,-1,-1
107,3,547.5,239.0,44.75,45.0,1,1,-1,-1
108,3,544.5,231.25,45.0,45.0,1,1,-1,-1
109,3,544.0,227.75,45.0,45.0,1,1,-1,-1
110,3,544.0,225.75,44.75,45.0,1,1,-1,-1
111,3,544.75,221.75,45.25,45.25,1,1,-1,-1
112,3,547.0,217.25,45.0,45.25,1,1,-1,-1
113,3,549.25,212.0,45.0,45.25,1,1,-1,-1
114,3,551.0,211.0,45.25,45.0,1,1,-1,-1
115,3,552.0,207.75,45.25,45.0,1,1,-1,-1
116,3,554.75,204.25,45.25,45.25,1,1,-1,-1
117,3,555.75,200.5,45.5,45.25,1,1,-1,-1
118,3,561.0,194.75,45.25,45.25,1,1,-1,-1
119,3,559.5,194.75,45.5,45.25,1,1,-1,-1
120,3,561.75,194.5,45.25,45.0,1,1,-1,-1
121,3,563.0,192.5,45.25,45.25,1,1,-1,-1
122,3,566.0,190.0,45.0,45.25,1,1,-1,-1
123,3,570.0,187.5,45.0,45.0,1,1,-1,-1
124,3,574.0,184.5,45.0,45.0,1,1,-1,-1
125,3,575.25,181.25,45.0,45.25,1,1,-1,-1
126,3,574.25,175.0,44.75,45.0,1,1,-1,-1
127,3,573.5,171.0,44.75,44.75,1,1,-1,-1
128,3,569.0,167.75,45.0,45.25,1,1,-1,-1
129,3,565.0,164.5,45.0,45.0,1,1,-1,-1
130,3,559.25,159.25,45.25,45.25,1,1,-1,-1
131,3,556.5,155.75,45.25,45.25,1,1,-1,-1
132,3,549.25,153.75,45.0,45.0,1,1,-1,-1
133,3,543.75,151.5,45.0,44.75,1,1,-1,-1
134,3,539.0,147.75,45.0,45.0,1,1,-1,-1
135,3,536.5,145.5,44.75,44.75,1,1,-1,-1
136,3,532.5,141.0,45.0,45.0,1,1,-1,-1
137,3,531.25,137.75,44.75,45.0,1,1,-1,-1
138,3,528.5,134.5,45.0,45.25,1,1,-1,-1
139,3,526.0,127.0,45.25,45.75,1,1,-1,-1
140,3,520.5,122.25,45.25,46.75,1,1,-1,-1
141,3,514.5,118.75,45.25,45.25,1,1,-1,-1
142,3,510.25,115.0,45.25,45.0,1,1,-1,-1
143,3,505.25,106.25,45.25,46.0,1,1,-1,-1
144,3,500.5,104.25,45.0,45.0,1,1,-1,-1
145,3,492.75,105.75,45.0,44.75,1,1,-1,-1
146,3,487.75,107.75,45.25,45.25,1,1,-1,-1
147,3,484.0,108.75,45.25,45.25,1,1,-1,-1
148,3,478.0,109.75,45.25,45.5,1,1,-1,-1
149,3,472.25,109.75,45.5,46.75,1,1,-1,-1
150,3,467.25,111.75,45.5,45.75,1,1,-1,-1
151,3,462.0,112.75,45.75,47.0,1,1,-1,-1
152,3,456.25,116.0,45.5,45.75,1,1,-1,-1
153,3,453.0,116.75,45.25,45.5,1,1,-1,-1
154,3,449.75,117.25,45.25,45.25,1,1,-1,-1
155,3,449.0,117.75,45.0,45.0,1,1,-1,-1
156,3,444.5,117.25,45.0,45.0,1,1,-1,-1
157,3,444.0,113.5,45.75,46.25,1,1,-1,-1
158,3,439.0,109.0,45.25,45.25,1,1,-1,-1
159,3,436.75,106.0,45.0,45.5,1,1,-1,-1
160,3,433.5,102.5,45.25,46.25,1,1,-1,-1
161,3,431.75,101.0,45.0,45.25,1,1,-1,-1
162,3,428.75,95.75,45.0,45.25,1,1,-1,-1
163,3,427.25,89.25,45.25,47.25,1,1,-1,-1
164,3,419.0,83.75,45.25,46.25,1,1,-1,-1
165,3,418.5,84.25,45.25,45.5,1,1,-1,-1
166,3,416.25,83.25,45.0,45.25,1,1,-1,-1
167,3,411.5,83.25,45.0,45.5,1,1,-1,-1
168,3,402.75,81.5,44.75,46.0,1,1,-1,-1
169,3,398.5,82.5,44.75,45.25,1,1,-1,-1
170,3,393.0,82.5,45.0,45.25,1,1,-1,-1
171,3,392.25,83.25,44.75,45.25,1,1,-1,-1
172,3,389.75,82.25,45.0,45.25,1,1,-1,-1
173,3,389.25,82.75,45.0,45.25,1,1,-1,-1
174,3,387.0,83.25,45.0,45.25,1,1,-1,-1
175,3,385.75,84.0,45.0,45.25,1,1,-1,-1
176,3,384.25,85.0,45.0,45.25,1,1,-1,-1
177,3,383.0,89.25,45.25,45.25,1,1,-1,-1
178,3,383.75,91.75,45.0,45.25,1,1,-1,-1
179,3,384.5,95.0,44.75,45.0,1,1,-1,-1
180,3,384.25,99.0,45.0,45.25,1,1,-1,-1
181,3,381.5,103.75,45.25,45.25,1,1,-1,-1
182,3,379.25,109.5,45.5,45.25,1,1,-1,-1
183,3,379.5,113.5,45.0,45.0,1,1,-1,-1
184,3,379.25,120.25,45.25,45.25,1,1,-1,-1
185,3,380.0,130.25,45.0,45.0,1,1,-1,-1
186,3,379.25,129.75,44.75,45.0,1,1,-1,-1
187,3,378.5,129.5,45.0,45.0,1,1,-1,-1
188,3,376.75,131.5,44.5,45.0,1,1,-1,-1
189,3,372.75,134.0,44.75,45.0,1,1,-1,-1
190,3,369.75,134.5,44.75,45.0,1,1,-1,-1
191,3,366.0,134.25,44.75,45.0,1,1,-1,-1
192,3,360.75,135.5,45.0,45.25,1,1,-1,-1
193,3,356.997,135.942,45.0,45.25,1,1,-1,-1
194,3,352.836,136.6,45.0,45.25,1,1,-1,-1
195,3,349.25,140.0,45.25,45.0,1,1,-1,-1
196,3,348.5,145.5,45.25,45.0,1,1,-1,-1
197,3,341.0,146.25,45.25,45.0,1,1,-1,-1
198,3,336.75,148.25,45.25,45.0,1,1,-1,-1
199,3,336.5,150.5,45.5,45.25,1,1,-1,-1
200,3,333.25,153.0,45.75,45.25,1,1,-1,-1
201,3,328.5,155.75,45.75,45.25,1,1,-1,-1
202,3,329.75,158.5,45.75,45.5,1,1,-1,-1
203,3,327.5,164.75,45.5,45.25,1,1,-1,-1
204,3,324.0,169.25,45.5,45.25,1,1,-1,-1
205,3,319.25,177.0,45.5,45.25,1,1,-1,-1
206,3,318.75,180.75,45.5,45.25,1,1,-1,-1
207,3,319.0,185.25,45.5,45.25,1,1,-1,-1
208,3,315.5,188.5,45.75,46.5,1,1,-1,-1
209,3,313.25,194.0,45.5,45.25,1,1,-1,-1
210,3,307.25,197.75,45.5,45.5,1,1,-1,-1
211,3,302.5,201.0,45.25,45.25,1,1,-1,-1
212,3,296.5,208.0,45.5,45.5,1,1,-1,-1
213,3,293.25,212.75,45.75,45.5,1,1,-1,-1
214,3,292.0,218.5,45.5,45.5,1,1,-1,-1
215,3,288.5,225.75,45.25,45.5,1,1,-1,-1
216,3,286.25,231.0,45.25,45.25,1,1,-1,-1
217,3,281.75,235.75,45.5,45.25,1,1,-1,-1
218,3,276.75,237.0,45.0,45.5,1,1,-1,-1
219,3,270.75,241.25,45.25,45.25,1,1,-1,-1
220,3,264.75,244.5,45.25,45.5,1,1,-1,-1
221,3,262.0,243.5,45.0,45.25,1,1,-1,-1
222,3,262.5,247.5,45.0,45.0,1,1,-1,-1
223,3,260.5,246.5,45.0,45.0,1,1,-1,-1
224,3,259.5,246.5,45.0,45.0,1,1,-1,-1
225,3,255.75,242.5,45.25,45.5,1,1,-1,-1
226,3,254.25,240.5,45.5,45.25,1,1,-1,-1
227,3,251.0,243.25,45.5,45.5,1,1,-1,-1
228,3,247.5,239.25,45.5,45.5,1,1,-1,-1
229,3,248.75,240.25,45.5,45.5,1,1,-1,-1
230,3,247.75,241.5,45.5,45.5,1,1,-1,-1
231,3,250.0,239.25,45.5,45.5,1,1,-1,-1
232,3,246.75,242.0,45.5,45.5,1,1,-1,-1
233,3,244.75,243.5,45.25,45.5,1,1,-1,-1
234,3,241.75,243.25,45.25,45.5,1,1,-1,-1
235,3,239.5,235.5,45.0,45.0,1,1,-1,-1
236,3,236.5,238.5,45.0,45.0,1,1,-1,-1
237,3,236.5,238.5,45.0,45.0,1,1,-1,-1
238,3,236.5,238.5,45.0,45.0,1,1,-1,-1
239,3,236.5,238.5,45.0,45.0,1,1,-1,-1
240,3,235.5,240.5,45.0,45.0,1,1,-1,-1
241,3,232.5,240.5,45.0,45.0,1,1,-1,-1
242,3,226.5,240.5,45.0,45.0,1,1,-1,-1
243,3,220.5,242.5,45.0,45.0,1,1,-1,-1
244,3,224.5,242.5,45.0,45.0,1,1,-1,-1
245,3,231.237,240.441,44.5,45.25,1,1,-1,-1
246,3,233.5,242.5,45.0,45.0,1,1,-1,-1
247,3,233.5,242.5,45.0,45.0,1,1,-1,-1
248,3,236.5,242.5,45.0,45.0,1,1,-1,-1
249,3,241.5,242.5,45.0,45.0,1,1,-1,-1
250,3,241.5,242.5,45.0,45.0,1,1,-1,-1
251,3,241.5,242.5,45.0,45.0,1,1,-1,-1
252,3,240.5,236.75,45.25,45.25,1,1,-1,-1
253,3,241.5,237.5,45.0,45.0,1,1,-1,-1
254,3,241.5,237.5,45.0,45.0,1,1,-1,-1
255,3,241.5,237.5,45.0,45.0,1,1,-1,-1
256,3,241.5,237.5,45.0,45.0,1,1,-1,-1
257,3,232.5,238.5,45.0,45.0,1,1,-1,-1
258,3,226.5,234.5,45.0,45.0,1,1,-1,-1
259,3,226.5,234.5,45.0,45.0,1,1,-1,-1
260,3,224.75,232.75,45.0,45.5,1,1,-1,-1
261,3,229.25,237.5,45.0,45.25,1,1,-1,-1
262,3,233.75,239.75,45.25,45.5,1,1,-1,-1
263,3,236.0,239.75,45.0,45.5,1,1,-1,-1
264,3,238.75,240.5,45.0,45.5,1,1,-1,-1
265,3,237.75,242.5,44.75,45.25,1,1,-1,-1
266,3,243.75,237.0,45.0,45.0,1,1,-1,-1
267,3,245.0,242.5,45.25,45.25,1,1,-1,-1
268,3,248.25,242.0,45.25,45.5,1,1,-1,-1
269,3,250.25,243.75,45.25,45.25,1,1,-1,-1
270,3,252.5,242.0,45.5,45.25,1,1,-1,-1
271,3,253.75,242.0,45.25,45.5,1,1,-1,-1
272,3,256.5,241.25,45.25,45.25,1,1,-1,-1
273,3,260.0,243.5,45.25,45.25,1,1,-1,-1
274,3,263.75,242.75,45.25,45.0,1,1,-1,-1
275,3,258.933,235.958,45.25,45.0,1,1,-1,-1
276,3,267.75,233.75,45.25,45.25,1,1,-1,-1
277,3,268.75,229.75,45.5,45.5,1,1,-1,-1
278,3,272.25,225.25,45.5,45.5,1,1,-1,-1
279,3,273.25,219.25,45.5,45.25,1,1,-1,-1
280,3,273.75,214.5,45.5,45.5,1,1,-1,-1
281,3,273.25,209.5,45.75,45.5,1,1,-1,-1
282,3,276.5,205.75,45.75,45.5,1,1,-1,-1
283,3,278.25,202.5,45.25,45.5,1,1,-1,-1
284,3,279.75,198.75,45.5,45.5,1,1,-1,-1
285,3,280.25,196.5,45.25,45.25,1,1,-1,-1
286,3,278.25,195.0,45.25,45.5,1,1,-1,-1
287,3,277.0,193.0,45.25,45.5,1,1,-1,-1
288,3,275.25,193.0,45.25,45.25,1,1,-1,-1
289,3,275.75,193.0,45.25,45.25,1,1,-1,-1
290,3,276.25,193.0,45.25,45.5,1,1,-1,-1
291,3,276.0,192.75,45.25,45.25,1,1,-1,-1
292,3,276.5,191.75,45.25,45.5,1,1,-1,-1
293,3,277.5,190.5,45.25,45.5,1,1,-1,-1
294,3,278.5,186.5,45.25,45.5,1,1,-1,-1
295,3,280.0,180.0,45.25,45.75,1,1,-1,-1
296,3,279.25,175.75,45.0,45.5,1,1,-1,-1
297,3,280.5,170.25,45.0,45.25,1,1,-1,-1
298,3,283.5,164.25,45.25,45.5,1,1,-1,-1
299,3,286.25,157.25,45.5,45.5,1,1,-1,-1
300,3,284.75,150.0,45.25,45.25,1,1,-1,-1
301,3,281.25,146.0,45.25,45.25,1,1,-1,-1
302,3,278.5,142.75,45.0,45.0,1,1,-1,-1
303,3,279.25,138.5,45.0,45.0,1,1,-1,-1
304,3,280.5,137.5,45.0,45.0,1,1,-1,-1
305,3,279.75,136.75,45.0,45.0,1,1,-1,-1
306,3,279.0,132.5,45.0,45.0,1,1,-1,-1
307,3,272.75,128.25,44.75,45.0,1,1,-1,-1
308,3,267.5,127.5,44.75,45.0,1,1,-1,-1
309,3,264.0,125.5,45.0,45.25,1,1,-1,-1
310,3,263.0,123.0,45.0,46.0,1,1,-1,-1
311,3,261.25,122.0,45.0,45.5,1,1,-1,-1
312,3,258.75,124.25,45.0,45.0,1,1,-1,-1
313,3,255.5,124.5,45.0,45.25,1,1,-1,-1
314,3,254.0,125.5,45.0,45.5,1,1,-1,-1
315,3,250.5,122.25,45.25,45.5,1,1,-1,-1
316,3,248.25,120.0,45.0,45.5,1,1,-1,-1
317,3,247.0,117.0,45.25,45.5,1,1,-1,-1
318,3,248.75,118.5,45.25,45.5,1,1,-1,-1
319,3,251.5,118.75,45.25,45.5,1,1,-1,-1
320,3,253.0,121.5,45.0,45.25,1,1,-1,-1
321,3,255.25,118.75,45.0,45.25,1,1,-1,-1
322,3,255.25,119.75,45.0,45.25,1,1,-1,-1
323,3,256.0,120.0,45.0,45.0,1,1,-1,-1
324,3,258.75,119.75,45.0,45.0,1,1,-1,-1
325,3,262.25,117.5,45.0,46.0,1,1,-1,-1
326,3,267.5,119.25,45.0,45.0,1,1,-1,-1
327,3,272.5,116.75,45.0,45.0,1,1,-1,-1
328,3,271.75,117.25,45.0,45.0,1,1,-1,-1
329,3,271.25,116.75,45.25,45.0,1,1,-1,-1
330,3,272.25,113.5,45.25,45.0,1,1,-1,-1
331,3,272.75,111.25,45.25,45.0,1,1,-1,-1
332,3,271.25,108.0,45.25,45.0,1,1,-1,-1
333,3,272.0,105.75,45.25,44.75,1,1,-1,-1
334,3,275.5,100.0,45.0,45.0,1,1,-1,-1
335,3,277.25,97.25,45.0,45.0,1,1,-1,-1
336,3,277.5,96.75,45.0,45.0,1,1,-1,-1
337,3,278.0,94.25,45.0,45.0,1,1,-1,-1
338,3,278.5,88.75,45.0,45.0,1,1,-1,-1
339,3,279.5,87.5,45.0,45.0,1,1,-1,-1
340,3,281.75,87.5,45.0,45.0,1,1,-1,-1
341,3,283.409,86.427,45.0,45.0,1,1,-1,-1
342,3,285.084,85.436,45.0,45.0,1,1,-1,-1
343,3,283.75,80.25,45.0,45.25,1,1,-1,-1
344,3,284.5,77.0,45.25,45.25,1,1,-1,-1
345,3,285.0,78.5,45.0,45.25,1,1,-1,-1
346,3,285.5,80.5,45.25,45.25,1,1,-1,-1
347,3,286.5,83.5,45.0,45.25,1,1,-1,-1
348,3,284.25,86.0,45.0,45.25,1,1,-1,-1
349,3,280.0,91.0,45.0,45.25,1,1,-1,-1
350,3,279.25,91.5,45.0,45.25,1,1,-1,-1
351,3,278.0,93.5,45.0,45.25,1,1,-1,-1
352,3,276.5,101.75,45.0,45.0,1,1,-1,-1
353,3,275.0,104.75,45.0,45.0,1,1,-1,-1
354,3,274.25,107.75,45.0,45.25,1,1,-1,-1
355,3,273.75,111.25,45.25,45.25,1,1,-1,-1
356,3,272.5,117.5,45.25,45.0,1,1,-1,-1
357,3,271.0,121.5,45.0,45.25,1,1,-1,-1
358,3,269.75,125.0,45.0,45.25,1,1,-1,-1
359,3,269.5,130.0,44.75,45.0,1,1,-1,-1
360,3,269.5,134.75,44.5,44.75,1,1,-1,-1
361,3,267.5,140.75,44.75,45.0,1,1,-1,-1
362,3,264.25,149.0,45.25,45.25,1,1,-1,-1
363,3,260.0,154.5,45.5,45.25,1,1,-1,-1
364,3,257.5,152.75,45.5,45.25,1,1,-1,-1
365,3,255.25,151.0,45.5,45.25,1,1,-1,-1
366,3,253.5,149.5,45.25,45.25,1,1,-1,-1
367,3,247.25,149.75,45.25,45.25,1,1,-1,-1
368,3,245.75,148.25,45.25,45.25,1,1,-1,-1
369,3,245.25,148.5,45.25,46.0,1,1,-1,-1
370,3,242.75,150.0,45.25,45.5,1,1,-1,-1
371,3,245.0,151.75,45.5,45.25,1,1,-1,-1
372,3,248.5,154.75,45.75,45.5,1,1,-1,-1
373,3,249.686,157.609,45.75,45.5,1,1,-1,-1
374,3,256.25,153.0,45.5,45.5,1,1,-1,-1
375,3,260.75,151.75,45.25,45.25,1,1,-1,-1
376,3,265.75,153.5,45.0,45.5,1,1,-1,-1
377,3,267.5,154.75,45.25,45.5,1,1,-1,-1
378,3,272.25,155.0,45.25,45.5,1,1,-1,-1
379,3,278.75,155.5,45.25,45.5,1,1,-1,-1
380,3,287.25,157.75,45.5,45.5,1,1,-1,-1
381,3,292.25,159.25,45.25,45.5,1,1,-1,-1
382,3,298.5,164.25,45.25,45.25,1,1,-1,-1
383,3,306.25,168.0,45.5,45.25,1,1,-1,-1
384,3,312.75,167.5,45.25,45.25,1,1,-1,-1
385,3,317.75,165.0,45.25,45.0,1,1,-1,-1
386,3,323.25,161.75,45.25,45.0,1,1,-1,-1
387,3,326.75,157.75,45.5,45.75,1,1,-1,-1
388,3,327.5,153.5,45.25,45.25,1,1,-1,-1
389,3,330.5,150.5,45.0,45.0,1,1,-1,-1
390,3,334.75,146.25,45.0,45.25,1,1,-1,-1
391,3,336.75,144.75,45.25,45.25,1,1,-1,-1
392,3,341.75,142.5,45.25,45.0,1,1,-1,-1
393,3,350.25,142.25,45.25,45.25,1,1,-1,-1
394,3,356.0,141.25,45.25,45.25,1,1,-1,-1
395,3,360.25,137.5,45.5,45.25,1,1,-1,-1
396,3,363.0,132.25,45.25,45.25,1,1,-1,-1
397,3,364.0,136.0,45.25,45.5,1,1,-1,-1
398,3,363.5,134.75,45.25,45.25,1,1,-1,-1
399,3,356.75,125.75,45.25,45.5,1,1,-1,-1
400,3,367.5,123.75,45.0,45.5,1,1,-1,-1
401,3,367.5,118.0,45.25,45.25,1,1,-1,-1
402,3,369.323,113.488,45.25,45.25,1,1,-1,-1
403,3,371.354,108.746,45.25,45.25,1,1,-1,-1
404,3,369.5,97.5,45.0,45.0,1,1,-1,-1
405,3,368.5,93.5,45.0,45.0,1,1,-1,-1
406,3,368.5,91.5,45.0,45.0,1,1,-1,-1
407,3,368.5,90.5,45.0,45.0,1,1,-1,-1
408,3,368.5,90.5,45.0,45.0,1,1,-1,-1
409,3,368.5,90.5,45.0,45.0,1,1,-1,-1
410,3,367.5,86.5,45.0,45.0,1,1,-1,-1
411,3,361.75,86.75,45.0,45.25,1,1,-1,-1
412,3,362.5,82.5,45.25,45.5,1,1,-1,-1
413,3,363.25,83.25,45.25,45.25,1,1,-1,-1
414,3,365.5,84.5,45.25,45.25,1,1,-1,-1
415,3,367.25,84.5,45.0,45.5,1,1,-1,-1
416,3,369.5,84.75,45.0,45.25,1,1,-1,-1
417,3,369.5,88.0,44.75,45.25,1,1,-1,-1
418,3,368.25,90.75,44.75,45.25,1,1,-1,-1
419,3,368.75,90.75,45.0,45.5,1,1,-1,-1
420,3,373.75,89.25,45.25,45.25,1,1,-1,-1
421,3,376.75,88.75,45.25,45.25,1,1,-1,-1
422,3,377.0,82.5,45.0,45.5,1,1,-1,-1
423,3,378.208,78.92,45.0,45.5,1,1,-1,-1
424,3,379.563,75.065,45.0,45.5,1,1,-1,-1
425,3,380.918,71.21,45.0,45.5,1,1,-1,-1
426,3,382.274,67.355,45.0,45.5,1,1,-1,-1
427,3,388.5,70.75,45.0,46.25,1,1,-1,-1
428,3,394.75,73.0,45.0,45.5,1,1,-1,-1
429,3,397.25,67.5,45.0,45.75,1,1,-1,-1
430,3,397.75,66.75,45.0,45.75,1,1,-1,-1
431,3,398.0,59.25,44.75,45.5,1,1,-1,-1
432,3,393.25,60.0,45.25,46.5,1,1,-1,-1
433,3,401.0,48.75,45.0,46.0,1,1,-1,-1
434,3,401.25,46.25,45.75,47.5,1,1,-1,-1
435,3,403.0,45.25,45.0,45.5,1,1,-1,-1
436,3,403.5,44.0,45.25,45.5,1,1,-1,-1
437,3,404.25,42.75,45.0,45.5,1,1,-1,-1
438,3,403.75,42.25,45.0,45.25,1,1,-1,-1
439,3,404.5,42.25,45.0,45.0,1,1,-1,-1
440,3,404.25,38.75,45.25,45.25,1,1,-1,-1
441,3,403.994,36.825,45.25,45.25,1,1,-1,-1
442,3,403.841,34.75,45.25,45.25,1,1,-1,-1
443,3,397.5,41.5,45.0,45.0,1,1,-1,-1
444,3,395.0,35.5,45.25,45.5,1,1,-1,-1
445,3,394.0,34.75,45.25,45.75,1,1,-1,-1
446,3,392.25,32.25,45.25,45.5,1,1,-1,-1
447,3,391.25,31.75,45.25,45.75,1,1,-1,-1
448,3,390.75,31.5,45.25,45.75,1,1,-1,-1
449,3,392.0,32.25,45.25,45.75,1,1,-1,-1
450,3,395.25,34.25,45.25,45.75,1,1,-1,-1
451,3,397.75,36.5,45.25,45.5,1,1,-1,-1
452,3,400.0,38.5,45.25,46.0,1,1,-1,-1
453,3,402.75,39.0,45.25,46.25,1,1,-1,-1
454,3,404.75,41.0,45.0,45.5,1,1,-1,-1
455,3,406.25,43.75,45.0,45.5,1,1,-1,-1
456,3,408.5,47.5,45.0,45.25,1,1,-1,-1
457,3,412.25,50.0,45.0,45.75,1,1,-1,-1
458,3,418.75,53.25,45.25,45.5,1,1,-1,-1
459,3,425.5,53.75,45.25,47.0,1,1,-1,-1
460,3,432.0,56.25,45.25,45.75,1,1,-1,-1
461,3,435.75,58.75,45.5,45.75,1,1,-1,-1
462,3,441.5,53.25,45.25,45.5,1,1,-1,-1
463,3,444.0,48.75,45.5,45.75,1,1,-1,-1
464,3,451.25,43.75,46.0,46.25,1,1,-1,-1
465,3,445.25,47.25,45.25,46.25,1,1,-1,-1
466,3,449.25,43.75,45.5,45.75,1,1,-1,-1
467,3,454.25,43.25,45.5,45.75,1,1,-1,-1
468,3,457.25,44.5,45.75,45.5,1,1,-1,-1
469,3,459.75,38.75,45.5,45.5,1,1,-1,-1
470,3,458.75,37.5,45.5,45.25,1,1,-1,-1
471,3,458.25,36.5,46.0,46.75,1,1,-1,-1
472,3,457.5,31.5,45.75,46.75,1,1,-1,-1
473,3,459.25,31.5,46.0,46.75,1,1,-1,-1
474,3,459.0,32.75,45.75,47.25,1,1,-1,-1
475,3,459.5,33.25,45.75,46.25,1,1,-1,-1
476,3,460.25,33.5,46.0,46.25,1,1,-1,-1
477,3,462.0,33.75,46.0,46.0,1,1,-1,-1
478,3,460.75,35.5,46.25,46.25,1,1,-1,-1
479,3,471.5,34.5,45.0,45.0,1,1,-1,-1
480,3,471.5,34.5,45.0,45.0,1,1,-1,-1
481,3,471.5,34.5,45.0,45.0,1,1,-1,-1
482,3,473.5,32.5,45.0,45.0,1,1,-1,-1
483,3,476.25,34.5,45.75,46.25,1,1,-1,-1
484,3,477.25,35.5,45.75,46.75,1,1,-1,-1
485,3,476.0,37.75,47.0,48.0,1,1,-1,-1
486,3,480.5,35.5,45.0,45.0,1,1,-1,-1
487,3,480.5,35.5,45.0,45.0,1,1,-1,-1
488,3,480.5,35.5,45.0,45.0,1,1,-1,-1
489,3,480.5,35.5,45.0,45.0,1,1,-1,-1
490,3,480.5,35.5,45.0,45.0,1,1,-1,-1
491,3,480.5,35.5,45.0,45.0,1,1,-1,-1
492,3,480.5,35.5,45.0,45.0,1,1,-1,-1
493,3,484.5,35.5,45.0,45.0,1,1,-1,-1
494,3,489.5,35.5,45.0,45.0,1,1,-1,-1
495,3,489.5,35.5,45.0,45.0,1,1,-1,-1
496,3,486.25,40.5,45.5,45.75,1,1,-1,-1
497,3,489.0,42.5,45.5,46.75,1,1,-1,-1
498,3,487.5,40.0,45.75,46.75,1,1,-1,-1
499,3,488.75,42.0,45.5,46.0,1,1,-1,-1
500,3,489.75,42.0,45.5,45.75,1,1,-1,-1
1,4,311.75,374.5,45.25,45.0,1,1,-1,-1
2,4,308.75,375.25,45.25,45.25,1,1,-1,-1
3,4,306.0,379.0,45.0,45.25,1,1,-1,-1
4,4,305.0,381.5,45.25,44.75,1,1,-1,-1
5,4,304.25,388.0,45.0,45.25,1,1,-1,-1
6,4,301.5,391.5,45.0,45.0,1,1,-1,-1
7,4,301.5,391.5,45.0,45.0,1,1,-1,-1
8,4,303.5,398.5,44.75,45.5,1,1,-1,-1
9,4,300.75,401.0,45.0,45.25,1,1,-1,-1
10,4,300.75,402.25,45.0,45.25,1,1,-1,-1
11,4,298.0,402.5,45.0,45.25,1,1,-1,-1
12,4,296.75,403.25,44.75,45.25,1,1,-1,-1
13,4,294.0,403.75,45.0,45.25,1,1,-1,-1
14,4,291.75,405.25,45.0,45.25,1,1,-1,-1
15,4,290.5,406.0,45.0,45.25,1,1,-1,-1
16,4,290.75,406.25,45.0,45.25,1,1,-1,-1
17,4,291.5,408.0,45.0,45.25,1,1,-1,-1
18,4,292.5,408.25,45.0,45.0,1,1,-1,-1
19,4,295.0,407.75,45.25,45.5,1,1,-1,-1
20,4,297.75,407.25,45.25,46.5,1,1,-1,-1
21,4,299.25,407.0,45.25,45.0,1,1,-1,-1
22,4,303.0,406.0,45.25,45.25,1,1,-1,-1
23,4,306.0,407.0,45.25,45.25,1,1,-1,-1
24,4,307.25,409.0,45.25,45.0,1,1,-1,-1
25,4,310.0,409.5,45.25,45.0,1,1,-1,-1
26,4,311.25,410.25,45.25,45.75,1,1,-1,-1
27,4,314.0,412.0,45.5,45.25,1,1,-1,-1
28,4,315.25,413.5,45.5,45.5,1,1,-1,-1
29,4,320.5,415.75,45.5,45.25,1,1,-1,-1
30,4,323.25,418.75,45.5,45.5,1,1,-1,-1
31,4,329.5,421.5,45.5,46.25,1,1,-1,-1
32,4,333.0,424.25,45.25,45.5,1,1,-1,-1
33,4,337.75,426.75,45.0,45.5,1,1,-1,-1
34,4,340.25,431.0,45.25,45.5,1,1,-1,-1
35,4,340.0,432.0,45.25,45.5,1,1,-1,-1
36,4,339.75,433.0,45.5,45.75,1,1,-1,-1
37,4,339.25,435.5,45.25,45.75,1,1,-1,-1
38,4,338.25,436.5,45.25,45.75,1,1,-1,-1
39,4,338.0,438.0,45.25,46.25,1,1,-1,-1
40,4,338.75,438.5,45.0,45.75,1,1,-1,-1
41,4,339.5,438.25,45.25,46.25,1,1,-1,-1
42,4,341.75,439.25,45.25,45.5,1,1,-1,-1
43,4,343.0,438.75,45.0,45.75,1,1,-1,-1
44,4,344.0,437.5,45.25,45.5,1,1,-1,-1
45,4,344.25,436.5,45.25,46.0,1,1,-1,-1
46,4,344.5,436.0,45.5,46.75,1,1,-1,-1
47,4,344.75,434.0,45.5,47.5,1,1,-1,-1
48,4,344.5,433.75,45.5,47.25,1,1,-1,-1
49,4,344.5,432.25,45.5,46.5,1,1,-1,-1
50,4,344.5,432.0,45.25,46.75,1,1,-1,-1
51,4,346.25,432.25,46.0,47.75,1,1,-1,-1
52,4,348.25,432.5,46.5,48.0,1,1,-1,-1
53,4,350.25,433.75,45.75,47.25,1,1,-1,-1
54,4,354.0,434.25,45.25,46.5,1,1,-1,-1
55,4,357.25,435.75,45.25,46.5,1,1,-1,-1
56,4,359.5,437.25,45.25,46.5,1,1,-1,-1
57,4,365.0,437.25,45.25,47.0,1,1,-1,-1
58,4,368.25,437.25,45.0,46.5,1,1,-1,-1
59,4,373.25,436.25,46.5,48.75,1,1,-1,-1
60,4,377.25,437.0,45.5,47.5,1,1,-1,-1
61,4,381.5,436.25,45.25,47.5,1,1,-1,-1
62,4,388.5,437.25,45.0,46.0,1,1,-1,-1
63,4,394.25,437.25,45.0,46.75,1,1,-1,-1
64,4,401.0,438.75,45.0,47.25,1,1,-1,-1
65,4,408.25,440.5,45.25,47.25,1,1,-1,-1
66,4,415.25,441.5,45.25,47.25,1,1,-1,-1
67,4,423.5,445.5,45.75,48.0,1,1,-1,-1
68,4,433.0,450.25,45.25,45.5,1,1,-1,-1
69,4,439.5,453.75,45.0,45.25,1,1,-1,-1
70,4,445.5,456.0,45.25,45.25,1,1,-1,-1
71,4,453.0,458.5,45.25,45.25,1,1,-1,-1
72,4,458.0,460.0,45.25,45.25,1,1,-1,-1
73,4,458.5,459.5,45.25,45.5,1,1,-1,-1
74,4,462.5,460.75,45.5,45.5,1,1,-1,-1
75,4,464.25,461.5,45.25,45.75,1,1,-1,-1
76,4,466.25,461.25,45.25,45.5,1,1,-1,-1
77,4,469.5,459.5,45.75,47.5,1,1,-1,-1
78,4,474.25,458.25,45.75,47.5,1,1,-1,-1
79,4,477.5,458.25,45.5,47.0,1,1,-1,-1
80,4,481.0,456.75,45.75,47.5,1,1,-1,-1
81,4,487.25,455.5,46.0,48.0,1,1,-1,-1
82,4,490.5,454.75,45.25,46.25,1,1,-1,-1
83,4,495.0,450.75,45.5,47.5,1,1,-1,-1
84,4,498.75,449.25,46.25,48.25,1,1,-1,-1
85,4,501.25,448.75,46.75,48.75,1,1,-1,-1
86,4,508.0,448.75,45.75,47.25,1,1,-1,-1
87,4,511.5,447.25,46.0,47.75,1,1,-1,-1
88,4,515.25,445.75,45.5,47.25,1,1,-1,-1
89,4,520.0,445.25,45.5,46.75,1,1,-1,-1
90,4,521.5,443.75,45.25,46.5,1,1,-1,-1
91,4,521.25,442.75,45.5,46.75,1,1,-1,-1
92,4,521.75,440.5,45.5,46.5,1,1,-1,-1
93,4,521.5,439.75,45.0,45.5,1,1,-1,-1
94,4,522.0,438.5,45.0,45.25,1,1,-1,-1
95,4,522.5,435.25,45.25,45.25,1,1,-1,-1
96,4,523.0,434.25,45.25,45.5,1,1,-1,-1
97,4,523.25,432.25,45.25,45.5,1,1,-1,-1
98,4,523.5,431.0,45.25,45.5,1,1,-1,-1
99,4,523.75,430.0,45.25,45.75,1,1,-1,-1
100,4,524.0,428.75,45.25,45.5,1,1,-1,-1
101,4,522.75,427.75,45.25,45.25,1,1,-1,-1
102,4,521.75,427.25,45.5,45.25,1,1,-1,-1
103,4,521.25,423.0,45.25,45.75,1,1,-1,-1
104,4,520.0,420.5,45.0,45.25,1,1,-1,-1
105,4,520.5,418.75,45.0,45.25,1,1,-1,-1
106,4,521.75,413.5,45.0,45.25,1,1,-1,-1
107,4,521.5,409.5,44.75,45.0,1,1,-1,-1
108,4,522.5,403.5,44.75,45.25,1,1,-1,-1
109,4,523.75,397.25,44.75,45.25,1,1,-1,-1
110,4,526.0,392.5,44.75,45.0,1,1,-1,-1
111,4,528.75,388.0,45.0,45.0,1,1,-1,-1
112,4,529.75,385.25,45.0,45.0,1,1,-1,-1
113,4,529.75,381.5,45.25,45.25,1,1,-1,-1
114,4,533.25,377.75,45.25,45.5,1,1,-1,-1
115,4,538.25,375.0,45.0,45.25,1,1,-1,-1
116,4,545.25,372.5,44.75,45.5,1,1,-1,-1
117,4,551.25,371.0,45.0,46.25,1,1,-1,-1
118,4,556.25,371.5,45.25,46.0,1,1,-1,-1
119,4,561.5,370.5,45.25,47.0,1,1,-1,-1
120,4,566.5,369.75,45.25,46.0,1,1,-1,-1
121,4,574.0,371.5,45.25,46.75,1,1,-1,-1
122,4,578.75,371.5,45.0,45.5,1,1,-1,-1
123,4,583.25,371.0,45.25,47.25,1,1,-1,-1
124,4,587.5,371.25,45.25,46.5,1,1,-1,-1
125,4,591.0,371.5,45.25,46.0,1,1,-1,-1
126,4,590.75,371.0,45.25,45.5,1,1,-1,-1
127,4,590.5,370.0,45.25,45.5,1,1,-1,-1
128,4,590.5,367.25,45.25,46.25,1,1,-1,-1
129,4,589.25,365.75,45.0,45.25,1,1,-1,-1
130,4,587.75,362.75,45.0,45.25,1,1,-1,-1
131,4,584.5,360.5,45.0,45.25,1,1,-1,-1
132,4,581.75,358.0,45.0,45.25,1,1,-1,-1
133,4,580.0,353.0,45.0,45.25,1,1,-1,-1
134,4,579.75,349.5,45.0,45.0,1,1,-1,-1
135,4,578.5,348.5,45.0,45.0,1,1,-1,-1
136,4,576.75,347.75,45.0,45.0,1,1,-1,-1
137,4,574.5,346.0,45.0,45.0,1,1,-1,-1
138,4,570.5,342.5,45.0,45.0,1,1,-1,-1
139,4,569.25,339.75,45.0,45.0,1,1,-1,-1
140,4,566.5,335.75,45.0,45.25,1,1,-1,-1
141,4,565.5,332.75,45.25,45.25,1,1,-1,-1
142,4,565.25,327.0,45.25,45.25,1,1,-1,-1
143,4,564.25,320.5,45.25,45.0,1,1,-1,-1
144,4,566.0,315.25,45.5,45.25,1,1,-1,-1
145,4,567.0,311.25,45.25,45.0,1,1,-1,-1
146,4,569.0,305.5,45.0,45.0,1,1,-1,-1
147,4,571.75,301.0,45.25,45.0,1,1,-1,-1
148,4,572.25,294.5,45.5,45.5,1,1,-1,-1
149,4,572.25,290.75,45.25,45.25,1,1,-1,-1
150,4,573.0,282.25,45.25,45.75,1,1,-1,-1
151,4,572.75,276.25,45.0,45.25,1,1,-1,-1
152,4,572.5,269.5,45.25,45.25,1,1,-1,-1
153,4,571.75,262.25,45.0,45.25,1,1,-1,-1
154,4,569.5,258.25,45.25,45.0,1,1,-1,-1
155,4,568.0,252.5,45.0,45.0,1,1,-1,-1
156,4,566.75,251.0,45.0,45.0,1,1,-1,-1
157,4,566.25,250.5,45.0,45.0,1,1,-1,-1
158,4,566.0,251.0,45.0,45.0,1,1,-1,-1
159,4,565.75,250.0,45.25,45.25,1,1,-1,-1
160,4,566.25,250.5,45.0,45.0,1,1,-1,-1
161,4,566.5,250.5,45.0,45.25,1,1,-1,-1
162,4,566.25,250.5,45.0,45.0,1,1,-1,-1
163,4,566.5,250.0,45.0,45.25,1,1,-1,-1
164,4,566.75,248.75,45.0,45.0,1,1,-1,-1
165,4,567.25,248.75,45.0,45.25,1,1,-1,-1
166,4,568.0,248.75,45.0,45.0,1,1,-1,-1
167,4,568.5,248.25,45.0,45.0,1,1,-1,-1
168,4,568.5,248.5,45.25,45.0,1,1,-1,-1
169,4,568.25,248.5,45.25,45.0,1,1,-1,-1
170,4,568.0,248.5,45.25,45.25,1,1,-1,-1
171,4,567.5,249.0,45.25,45.0,1,1,-1,-1
172,4,566.5,249.75,45.25,45.0,1,1,-1,-1
173,4,566.25,250.5,45.25,45.0,1,1,-1,-1
174,4,565.25,251.5,45.25,45.0,1,1,-1,-1
175,4,565.0,251.75,45.0,45.0,1,1,-1,-1
176,4,564.0,252.75,45.0,45.0,1,1,-1,-1
177,4,563.25,253.0,45.0,45.0,1,1,-1,-1
178,4,562.75,253.5,45.0,44.75,1,1,-1,-1
179,4,562.0,252.5,45.0,45.0,1,1,-1,-1
180,4,561.25,252.75,45.25,45.0,1,1,-1,-1
181,4,560.25,254.0,45.0,44.75,1,1,-1,-1
182,4,559.5,253.75,45.0,45.0,1,1,-1,-1
183,4,559.25,254.0,45.25,44.75,1,1,-1,-1
184,4,559.5,253.25,45.25,45.0,1,1,-1,-1
185,4,559.25,252.75,45.0,45.0,1,1,-1,-1
186,4,558.75,252.25,45.0,45.0,1,1,-1,-1
187,4,559.5,252.25,45.0,45.0,1,1,-1,-1
188,4,559.0,252.25,45.0,45.0,1,1,-1,-1
189,4,559.75,252.25,45.0,45.0,1,1,-1,-1
190,4,560.0,252.5,45.0,45.0,1,1,-1,-1
191,4,560.5,252.75,45.0,45.0,1,1,-1,-1
192,4,560.25,252.25,45.25,45.0,1,1,-1,-1
193,4,560.5,252.5,45.0,45.0,1,1,-1,-1
194,4,560.5,252.75,45.0,45.0,1,1,-1,-1
195,4,560.75,253.25,45.0,45.25,1,1,-1,-1
196,4,561.0,253.75,45.0,45.0,1,1,-1,-1
197,4,561.5,255.0,45.25,45.0,1,1,-1,-1
198,4,560.75,255.25,45.25,45.0,1,1,-1,-1
199,4,561.75,255.5,45.0,45.0,1,1,-1,-1
200,4,561.75,256.0,45.0,45.0,1,1,-1,-1
201,4,561.25,255.75,45.0,45.25,1,1,-1,-1
202,4,560.75,256.0,45.25,45.0,1,1,-1,-1
203,4,559.75,256.25,45.0,45.0,1,1,-1,-1
204,4,560.25,256.0,45.0,45.25,1,1,-1,-1
205,4,560.75,256.25,45.25,45.0,1,1,-1,-1
206,4,560.75,256.5,45.0,45.0,1,1,-1,-1
207,4,560.75,256.25,45.25,45.0,1,1,-1,-1
208,4,560.75,256.75,45.0,45.0,1,1,-1,-1
209,4,560.5,256.75,45.0,45.0,1,1,-1,-1
210,4,560.0,256.25,45.0,45.0,1,1,-1,-1
211,4,560.75,256.25,45.25,45.0,1,1,-1,-1
212,4,561.25,256.5,45.0,45.0,1,1,-1,-1
213,4,561.5,256.75,45.25,45.0,1,1,-1,-1
214,4,561.75,256.0,45.0,45.0,1,1,-1,-1
215,4,562.0,255.75,45.0,45.0,1,1,-1,-1
216,4,562.5,256.0,44.75,45.0,1,1,-1,-1
217,4,562.75,256.0,45.0,45.0,1,1,-1,-1
218,4,563.0,256.25,45.0,45.0,1,1,-1,-1
219,4,563.25,256.25,45.0,45.0,1,1,-1,-1
220,4,563.5,256.5,45.0,45.0,1,1,-1,-1
221,4,563.5,256.0,45.25,45.25,1,1,-1,-1
222,4,564.0,255.75,45.0,45.0,1,1,-1,-1
223,4,563.5,256.0,45.0,45.25,1,1,-1,-1
224,4,563.5,255.75,45.25,45.0,1,1,-1,-1
225,4,563.75,255.75,45.25,45.0,1,1,-1,-1
226,4,564.0,256.75,45.25,45.0,1,1,-1,-1
227,4,564.0,256.5,45.25,45.0,1,1,-1,-1
228,4,564.0,256.25,45.0,45.0,1,1,-1,-1
229,4,564.0,256.0,45.25,45.0,1,1,-1,-1
230,4,564.5,256.0,45.0,45.0,1,1,-1,-1
231,4,564.75,256.75,45.0,45.25,1,1,-1,-1
232,4,565.0,257.25,45.0,45.0,1,1,-1,-1
233,4,564.75,257.25,45.0,45.0,1,1,-1,-1
234,4,564.25,257.75,45.25,45.25,1,1,-1,-1
235,4,564.25,258.0,45.25,45.0,1,1,-1,-1
236,4,564.25,258.25,45.0,45.0,1,1,-1,-1
237,4,564.75,258.25,45.0,45.25,1,1,-1,-1
238,4,564.5,258.5,45.0,45.0,1,1,-1,-1
239,4,564.5,258.5,45.25,45.25,1,1,-1,-1
240,4,564.25,258.75,45.0,45.0,1,1,-1,-1
241,4,564.25,258.5,45.25,45.0,1,1,-1,-1
242,4,564.0,258.5,45.0,45.0,1,1,-1,-1
243,4,563.25,258.5,45.0,45.0,1,1,-1,-1
244,4,563.25,258.5,45.0,44.75,1,1,-1,-1
245,4,563.25,258.25,45.0,45.0,1,1,-1,-1
246,4,563.5,258.25,45.0,45.0,1,1,-1,-1
247,4,563.0,258.75,45.0,45.0,1,1,-1,-1
248,4,563.75,259.0,45.0,45.0,1,1,-1,-1
249,4,563.75,258.5,44.75,45.0,1,1,-1,-1
250,4,564.0,258.75,45.0,45.0,1,1,-1,-1
251,4,564.25,258.75,45.0,45.0,1,1,-1,-1
252,4,564.25,258.25,45.0,45.0,1,1,-1,-1
253,4,564.5,258.25,45.0,45.25,1,1,-1,-1
254,4,564.0,257.75,45.25,45.25,1,1,-1,-1
255,4,564.5,258.25,45.0,45.25,1,1,-1,-1
256,4,564.25,258.25,45.0,45.25,1,1,-1,-1
257,4,564.0,257.5,45.0,45.25,1,1,-1,-1
258,4,564.0,257.25,45.0,45.0,1,1,-1,-1
259,4,563.75,257.0,45.0,45.25,1,1,-1,-1
260,4,564.0,257.0,45.0,45.0,1,1,-1,-1
261,4,564.25,257.25,44.75,45.0,1,1,-1,-1
262,4,564.5,257.75,45.0,45.0,1,1,-1,-1
263,4,564.5,257.5,45.0,45.0,1,1,-1,-1
264,4,564.5,257.75,45.0,45.25,1,1,-1,-1
265,4,565.25,258.25,44.75,45.0,1,1,-1,-1
266,4,565.5,258.25,44.75,45.0,1,1,-1,-1
267,4,564.75,258.25,45.0,45.25,1,1,-1,-1
268,4,565.5,257.75,44.75,45.25,1,1,-1,-1
269,4,565.75,257.75,44.75,45.0,1,1,-1,-1
270,4,565.5,257.0,44.75,45.25,1,1,-1,-1
271,4,565.25,257.25,44.75,45.25,1,1,-1,-1
272,4,565.25,257.0,45.0,45.0,1,1,-1,-1
273,4,565.5,257.25,44.75,45.25,1,1,-1,-1
274,4,565.25,257.5,45.0,45.0,1,1,-1,-1
275,4,565.25,257.5,45.0,45.0,1,1,-1,-1
276,4,565.5,257.5,45.0,45.0,1,1,-1,-1
277,4,565.5,257.25,45.0,45.25,1,1,-1,-1
278,4,565.25,257.0,45.0,45.25,1,1,-1,-1
279,4,564.75,257.0,45.0,45.0,1,1,-1,-1
280,4,565.0,257.25,45.0,45.0,1,1,-1,-1
281,4,565.5,257.25,45.0,45.0,1,1,-1,-1
282,4,565.25,257.25,45.0,45.0,1,1,-1,-1
283,4,565.5,257.0,45.25,45.0,1,1,-1,-1
284,4,565.5,257.0,45.25,45.25,1,1,-1,-1
285,4,565.75,257.25,45.25,45.25,1,1,-1,-1
286,4,565.5,257.25,45.25,45.0,1,1,-1,-1
287,4,565.5,257.25,45.25,45.25,1,1,-1,-1
288,4,565.25,257.25,45.25,45.0,1,1,-1,-1
289,4,565.5,257.5,45.0,45.0,1,1,-1,-1
290,4,565.25,257.25,45.0,45.25,1,1,-1,-1
291,4,565.25,257.5,45.0,45.25,1,1,-1,-1
292,4,565.25,257.5,45.0,45.0,1,1,-1,-1
293,4,565.25,257.75,45.0,45.0,1,1,-1,-1
294,4,565.25,257.5,45.0,45.0,1,1,-1,-1
295,4,565.0,257.5,45.0,45.25,1,1,-1,-1
296,4,565.5,257.75,45.0,45.25,1,1,-1,-1
297,4,565.5,257.75,45.0,45.0,1,1,-1,-1
298,4,565.75,257.5,45.0,45.0,1,1,-1,-1
299,4,565.842,257.433,45.0,45.0,1,1,-1,-1
300,4,565.984,257.332,45.0,45.0,1,1,-1,-1
301,4,566.127,257.232,45.0,45.0,1,1,-1,-1
302,4,566.269,257.132,45.0,45.0,1,1,-1,-1
303,4,565.25,258.0,45.0,45.0,1,1,-1,-1
304,4,565.0,257.25,45.0,45.25,1,1,-1,-1
305,4,564.75,257.0,45.25,45.5,1,1,-1,-1
306,4,565.0,257.25,45.25,45.25,1,1,-1,-1
307,4,565.0,256.75,45.25,45.25,1,1,-1,-1
308,4,565.25,257.25,45.0,45.0,1,1,-1,-1
309,4,565.0,256.75,45.25,45.25,1,1,-1,-1
310,4,565.5,257.0,45.25,45.25,1,1,-1,-1
311,4,564.5,257.0,45.25,45.0,1,1,-1,-1
312,4,565.0,257.25,45.25,45.0,1,1,-1,-1
313,4,564.75,257.0,45.25,45.25,1,1,-1,-1
314,4,564.5,257.0,45.0,45.25,1,1,-1,-1
315,4,564.75,257.25,45.0,45.25,1,1,-1,-1
316,4,565.0,257.25,45.0,45.0,1,1,-1,-1
317,4,564.75,256.75,45.25,45.25,1,1,-1,-1
318,4,564.5,256.75,45.25,45.25,1,1,-1,-1
319,4,565.0,256.75,45.0,45.25,1,1,-1,-1
320,4,565.0,256.75,45.25,45.25,1,1,-1,-1
321,4,565.25,257.0,45.0,45.0,1,1,-1,-1
322,4,565.0,257.25,45.25,45.0,1,1,-1,-1
323,4,565.0,257.0,45.5,46.0,1,1,-1,-1
324,4,565.5,257.0,45.25,45.75,1,1,-1,-1
325,4,566.0,258.0,45.25,45.0,1,1,-1,-1
326,4,567.25,257.5,45.0,45.25,1,1,-1,-1
327,4,567.0,257.5,45.25,45.25,1,1,-1,-1
328,4,566.0,256.5,45.0,45.0,1,1,-1,-1
329,4,566.0,256.5,45.0,45.0,1,1,-1,-1
330,4,565.75,255.75,45.0,45.0,1,1,-1,-1
331,4,565.75,255.75,45.0,45.25,1,1,-1,-1
332,4,566.25,255.5,44.75,45.0,1,1,-1,-1
333,4,565.75,255.25,45.0,45.0,1,1,-1,-1
334,4,565.5,255.0,44.75,45.0,1,1,-1,-1
335,4,565.5,254.5,44.75,45.0,1,1,-1,-1
336,4,565.5,254.25,45.0,45.0,1,1,-1,-1
337,4,565.5,254.0,45.0,45.0,1,1,-1,-1
338,4,565.5,254.0,45.0,45.0,1,1,-1,-1
339,4,565.75,253.75,45.0,45.0,1,1,-1,-1
340,4,566.25,254.0,44.75,45.0,1,1,-1,-1
341,4,565.75,254.0,44.75,45.0,1,1,-1,-1
342,4,566.25,253.25,45.25,45.25,1,1,-1,-1
343,4,565.5,253.5,45.0,45.25,1,1,-1,-1
344,4,565.25,254.0,45.0,45.25,1,1,-1,-1
345,4,566.0,254.5,45.0,45.0,1,1,-1,-1
346,4,566.25,255.5,45.0,45.0,1,1,-1,-1
347,4,566.25,254.75,45.0,45.25,1,1,-1,-1
348,4,566.5,255.5,45.0,45.0,1,1,-1,-1
349,4,566.75,255.0,45.25,45.25,1,1,-1,-1
350,4,566.75,255.25,45.25,45.0,1,1,-1,-1
351,4,566.5,255.25,45.25,45.25,1,1,-1,-1
352,4,566.5,255.5,45.0,45.0,1,1,-1,-1
353,4,565.75,255.75,45.0,45.25,1,1,-1,-1
354,4,566.25,255.25,44.75,45.0,1,1,-1,-1
355,4,566.5,255.25,45.0,45.0,1,1,-1,-1
356,4,567.0,255.25,44.75,45.0,1,1,-1,-1
357,4,566.5,256.0,45.0,45.0,1,1,-1,-1
358,4,566.25,255.25,45.0,45.25,1,1,-1,-1
359,4,566.0,255.75,45.0,45.25,1,1,-1,-1
360,4,566.0,256.0,45.0,45.0,1,1,-1,-1
361,4,566.25,256.5,45.0,45.25,1,1,-1,-1
362,4,566.25,256.5,45.0,45.25,1,1,-1,-1
363,4,566.5,256.75,45.25,45.25,1,1,-1,-1
364,4,566.25,257.0,45.0,45.25,1,1,-1,-1
365,4,565.5,256.5,45.25,45.25,1,1,-1,-1
366,4,565.0,256.5,45.25,45.25,1,1,-1,-1
367,4,565.25,256.5,45.0,45.25,1,1,-1,-1
368,4,565.5,256.5,45.0,45.25,1,1,-1,-1
369,4,565.25,256.75,45.0,45.0,1,1,-1,-1
370,4,565.0,256.5,45.0,45.0,1,1,-1,-1
371,4,565.0,256.5,45.0,45.25,1,1,-1,-1
372,4,564.75,256.5,45.0,45.5,1,1,-1,-1
373,4,565.5,257.75,45.0,45.25,1,1,-1,-1
374,4,565.5,257.25,45.25,45.0,1,1,-1,-1
375,4,565.0,256.75,45.25,45.25,1,1,-1,-1
376,4,566.0,257.25,45.0,45.25,1,1,-1,-1
377,4,565.75,258.0,45.0,45.25,1,1,-1,-1
378,4,565.75,257.0,45.0,45.25,1,1,-1,-1
379,4,565.25,257.25,45.0,45.0,1,1,-1,-1
380,4,565.75,257.25,45.0,45.0,1,1,-1,-1
381,4,564.75,256.5,45.0,45.25,1,1,-1,-1
382,4,564.25,257.5,45.0,45.0,1,1,-1,-1
383,4,563.25,257.25,45.0,45.0,1,1,-1,-1
384,4,563.25,257.25,44.75,45.25,1,1,-1,-1
385,4,562.75,257.0,45.25,45.0,1,1,-1,-1
386,4,562.0,256.5,45.25,45.25,1,1,-1,-1
387,4,559.25,255.0,45.25,45.0,1,1,-1,-1
388,4,556.5,253.5,45.0,45.25,1,1,-1,-1
389,4,552.5,252.75,45.0,45.0,1,1,-1,-1
390,4,549.25,251.25,45.0,45.0,1,1,-1,-1
391,4,545.25,250.0,45.0,45.25,1,1,-1,-1
392,4,539.75,246.75,45.0,45.25,1,1,-1,-1
393,4,533.75,244.0,45.0,45.0,1,1,-1,-1
394,4,528.5,240.25,45.25,45.0,1,1,-1,-1
395,4,521.0,234.75,45.25,46.0,1,1,-1,-1
396,4,516.5,230.75,45.0,45.5,1,1,-1,-1
397,4,510.75,225.75,45.5,46.0,1,1,-1,-1
398,4,504.0,219.5,45.25,45.0,1,1,-1,-1
399,4,497.5,212.75,44.75,45.0,1,1,-1,-1
400,4,490.0,205.5,45.0,45.0,1,1,-1,-1
401,4,483.5,197.5,45.5,45.5,1,1,-1,-1
402,4,477.75,190.75,45.25,45.5,1,1,-1,-1
403,4,471.75,184.0,45.25,45.0,1,1,-1,-1
404,4,466.5,176.75,45.25,45.0,1,1,-1,-1
405,4,462.25,167.0,45.5,45.25,1,1,-1,-1
406,4,459.0,158.5,45.75,45.75,1,1,-1,-1
407,4,459.5,158.75,45.5,45.5,1,1,-1,-1
408,4,458.75,159.25,45.5,45.25,1,1,-1,-1
409,4,457.25,158.0,45.5,45.25,1,1,-1,-1
410,4,455.0,157.5,45.5,45.25,1,1,-1,-1
411,4,454.75,157.25,45.25,45.25,1,1,-1,-1
412,4,454.0,157.0,45.5,45.25,1,1,-1,-1
413,4,453.5,156.5,45.25,45.25,1,1,-1,-1
414,4,453.25,155.75,45.5,45.0,1,1,-1,-1
415,4,453.0,155.5,45.5,45.25,1,1,-1,-1
416,4,453.5,154.75,45.25,45.25,1,1,-1,-1
417,4,453.25,153.25,45.25,45.25,1,1,-1,-1
418,4,454.5,152.25,45.5,45.0,1,1,-1,-1
419,4,455.0,148.75,45.25,45.75,1,1,-1,-1
420,4,456.25,145.0,45.25,45.0,1,1,-1,-1
421,4,457.0,141.75,45.25,45.0,1,1,-1,-1
422,4,458.0,136.75,45.0,45.25,1,1,-1,-1
423,4,458.0,132.5,45.25,45.5,1,1,-1,-1
424,4,456.5,128.5,45.0,45.0,1,1,-1,-1
425,4,460.5,122.5,45.0,45.0,1,1,-1,-1
426,4,456.5,117.25,45.5,46.5,1,1,-1,-1
427,4,453.5,114.0,45.5,46.0,1,1,-1,-1
428,4,451.5,113.25,45.25,45.5,1,1,-1,-1
429,4,450.25,112.75,45.25,45.0,1,1,-1,-1
430,4,447.75,109.75,45.25,45.75,1,1,-1,-1
431,4,448.5,109.75,45.5,46.5,1,1,-1,-1
432,4,447.5,110.25,45.5,46.5,1,1,-1,-1
433,4,446.0,110.75,45.25,45.75,1,1,-1,-1
434,4,445.5,111.0,45.25,45.25,1,1,-1,-1
435,4,444.75,109.75,45.5,45.25,1,1,-1,-1
436,4,444.75,109.75,45.25,45.25,1,1,-1,-1
437,4,445.0,109.25,45.25,45.25,1,1,-1,-1
438,4,444.25,108.0,45.5,45.75,1,1,-1,-1
439,4,445.25,106.5,45.0,45.5,1,1,-1,-1
440,4,446.0,104.25,45.25,45.0,1,1,-1,-1
441,4,446.5,103.0,45.0,45.0,1,1,-1,-1
442,4,445.75,102.5,45.0,45.25,1,1,-1,-1
443,4,447.25,97.5,45.0,45.5,1,1,-1,-1
444,4,444.0,96.75,45.0,46.0,1,1,-1,-1
445,4,444.25,95.0,44.75,45.5,1,1,-1,-1
446,4,443.25,93.5,45.25,46.75,1,1,-1,-1
447,4,442.25,92.5,45.25,46.5,1,1,-1,-1
448,4,442.25,91.75,45.25,46.0,1,1,-1,-1
449,4,441.5,93.5,45.0,45.0,1,1,-1,-1
450,4,441.5,93.5,45.0,45.0,1,1,-1,-1
451,4,441.5,93.5,45.0,45.0,1,1,-1,-1
452,4,441.5,93.5,45.0,45.0,1,1,-1,-1
453,4,441.5,93.5,45.0,45.0,1,1,-1,-1
454,4,439.5,94.5,45.0,45.0,1,1,-1,-1
455,4,437.5,93.75,45.25,45.25,1,1,-1,-1
456,4,433.75,94.0,45.25,45.0,1,1,-1,-1
457,4,430.0,97.5,45.25,45.25,1,1,-1,-1
458,4,429.75,97.0,45.5,45.0,1,1,-1,-1
459,4,431.75,92.5,45.25,45.25,1,1,-1,-1
460,4,430.25,83.75,45.25,45.5,1,1,-1,-1
461,4,426.5,88.5,45.0,45.0,1,1,-1,-1
462,4,426.5,86.5,45.0,45.0,1,1,-1,-1
463,4,418.25,79.25,45.25,45.5,1,1,-1,-1
464,4,417.75,78.75,45.25,45.5,1,1,-1,-1
465,4,413.75,82.25,45.0,45.5,1,1,-1,-1
466,4,408.75,82.5,45.0,45.25,1,1,-1,-1
467,4,404.75,81.5,45.25,45.5,1,1,-1,-1
468,4,401.0,80.75,45.0,45.5,1,1,-1,-1
469,4,394.0,81.0,44.75,45.75,1,1,-1,-1
470,4,389.304,80.387,44.75,45.75,1,1,-1,-1
471,4,377.0,85.0,45.0,45.5,1,1,-1,-1
472,4,372.5,90.5,45.0,45.0,1,1,-1,-1
473,4,372.5,90.5,45.0,45.0,1,1,-1,-1
474,4,375.5,87.75,44.75,45.5,1,1,-1,-1
475,4,373.0,89.25,45.0,45.5,1,1,-1,-1
476,4,374.0,89.5,45.0,45.25,1,1,-1,-1
477,4,370.5,90.5,45.0,45.0,1,1,-1,-1
478,4,370.5,92.5,45.0,45.0,1,1,-1,-1
479,4,370.5,91.5,45.0,45.0,1,1,-1,-1
480,4,370.5,91.5,45.0,45.0,1,1,-1,-1
481,4,370.5,91.5,45.0,45.0,1,1,-1,-1
482,4,370.5,91.5,45.0,45.0,1,1,-1,-1
483,4,368.0,92.5,44.75,45.5,1,1,-1,-1
484,4,365.25,91.5,45.0,45.5,1,1,-1,-1
485,4,363.75,91.25,44.75,45.5,1,1,-1,-1
486,4,365.0,91.0,45.0,45.5,1,1,-1,-1
487,4,362.75,92.75,44.75,45.25,1,1,-1,-1
488,4,360.5,94.0,45.25,45.25,1,1,-1,-1
489,4,358.5,94.25,45.25,45.25,1,1,-1,-1
490,4,355.0,94.5,45.25,45.5,1,1,-1,-1
491,4,353.25,95.5,45.0,45.25,1,1,-1,-1
492,4,350.5,97.0,45.0,45.5,1,1,-1,-1
493,4,345.5,98.25,45.25,45.25,1,1,-1,-1
494,4,342.25,97.5,45.0,45.5,1,1,-1,-1
495,4,339.75,98.0,45.0,45.0,1,1,-1,-1
496,4,337.25,96.75,45.0,45.0,1,1,-1,-1
497,4,336.0,94.5,44.75,45.25,1,1,-1,-1
498,4,331.5,91.0,44.75,45.0,1,1,-1,-1
499,4,327.75,88.75,44.75,45.0,1,1,-1,-1
500,4,325.0,88.75,44.75,45.75,1,1,-1,-1
1,5,419.0,211.25,45.25,45.25,1,1,-1,-1
2,5,419.25,210.5,45.25,45.25,1,1,-1,-1
3,5,418.75,211.0,45.25,45.25,1,1,-1,-1
4,5,418.75,211.75,45.25,45.25,1,1,-1,-1
5,5,418.25,210.75,45.5,45.25,1,1,-1,-1
6,5,418.0,210.75,45.25,45.25,1,1,-1,-1
7,5,418.25,210.25,45.25,45.25,1,1,-1,-1
8,5,416.0,211.75,45.25,45.25,1,1,-1,-1
9,5,417.75,211.75,45.25,45.25,1,1,-1,-1
10,5,416.0,213.0,45.25,45.25,1,1,-1,-1
11,5,414.25,215.25,45.25,45.25,1,1,-1,-1
12,5,415.0,211.5,45.25,45.25,1,1,-1,-1
13,5,412.0,212.25,45.25,45.25,1,1,-1,-1
14,5,412.0,211.75,45.25,45.25,1,1,-1,-1
15,5,410.75,212.25,45.25,45.5,1,1,-1,-1
16,5,412.5,209.75,45.5,45.25,1,1,-1,-1
17,5,408.5,210.5,45.5,46.25,1,1,-1,-1
18,5,408.75,209.5,45.25,45.5,1,1,-1,-1
19,5,408.0,209.0,45.25,46.25,1,1,-1,-1
20,5,407.75,208.5,45.25,45.75,1,1,-1,-1
21,5,407.75,208.25,45.0,45.25,1,1,-1,-1
22,5,407.75,207.25,45.25,45.0,1,1,-1,-1
23,5,406.5,206.25,45.0,45.25,1,1,-1,-1
24,5,405.0,205.0,45.0,45.25,1,1,-1,-1
25,5,404.75,204.5,45.0,45.25,1,1,-1,-1
26,5,403.75,204.0,45.0,45.25,1,1,-1,-1
27,5,403.25,204.0,45.0,45.0,1,1,-1,-1
28,5,403.75,201.0,45.0,45.25,1,1,-1,-1
29,5,403.0,198.75,45.0,45.25,1,1,-1,-1
30,5,402.25,196.5,45.0,45.25,1,1,-1,-1
31,5,401.5,194.75,45.0,45.25,1,1,-1,-1
32,5,400.25,193.5,45.0,45.25,1,1,-1,-1
33,5,398.75,192.5,44.75,45.0,1,1,-1,-1
34,5,397.75,191.5,45.0,45.25,1,1,-1,-1
35,5,396.25,191.5,45.0,46.0,1,1,-1,-1
36,5,396.5,190.75,45.25,46.5,1,1,-1,-1
37,5,393.0,190.75,45.0,45.75,1,1,-1,-1
38,5,390.25,189.5,45.5,46.0,1,1,-1,-1
39,5,390.25,188.0,45.0,45.25,1,1,-1,-1
40,5,388.29,187.219,45.0,45.25,1,1,-1,-1
41,5,386.76,186.225,45.0,45.25,1,1,-1,-1
42,5,385.23,185.231,45.0,45.25,1,1,-1,-1
43,5,383.701,184.237,45.0,45.25,1,1,-1,-1
44,5,382.171,183.244,45.0,45.25,1,1,-1,-1
45,5,354.75,185.5,45.5,45.25,1,1,-1,-1
46,5,348.396,184.912,45.5,45.25,1,1,-1,-1
47,5,348.25,191.0,45.5,46.25,1,1,-1,-1
48,5,343.75,190.0,45.5,45.75,1,1,-1,-1
49,5,337.75,188.75,45.25,45.75,1,1,-1,-1
50,5,336.25,187.5,45.25,45.25,1,1,-1,-1
51,5,335.25,186.5,45.25,46.25,1,1,-1,-1
52,5,334.25,186.75,45.25,46.25,1,1,-1,-1
53,5,333.75,187.25,45.25,45.5,1,1,-1,-1
54,5,333.5,186.5,45.5,46.0,1,1,-1,-1
55,5,332.5,185.75,45.5,46.5,1,1,-1,-1
56,5,331.75,184.5,45.25,45.5,1,1,-1,-1
57,5,331.5,184.0,45.25,45.25,1,1,-1,-1
58,5,331.0,182.0,45.25,45.25,1,1,-1,-1
59,5,328.75,180.0,45.25,45.25,1,1,-1,-1
60,5,327.25,177.75,45.0,45.25,1,1,-1,-1
61,5,327.0,176.5,45.25,45.5,1,1,-1,-1
62,5,327.25,176.0,45.0,45.25,1,1,-1,-1
63,5,325.25,175.0,45.25,45.25,1,1,-1,-1
64,5,324.0,174.75,45.25,45.25,1,1,-1,-1
65,5,323.5,173.0,46.0,46.75,1,1,-1,-1
66,5,322.75,172.75,45.5,46.25,1,1,-1,-1
67,5,323.5,172.5,45.5,46.0,1,1,-1,-1
68,5,324.0,172.75,45.25,45.5,1,1,-1,-1
69,5,324.0,171.75,45.25,45.25,1,1,-1,-1
70,5,324.25,171.25,45.5,45.25,1,1,-1,-1
71,5,324.25,171.0,45.25,45.25,1,1,-1,-1
72,5,324.25,170.5,45.25,45.25,1,1,-1,-1
73,5,323.75,169.75,45.25,45.25,1,1,-1,-1
74,5,323.5,169.5,45.5,45.0,1,1,-1,-1
75,5,322.75,169.0,45.25,45.25,1,1,-1,-1
76,5,322.0,169.0,45.25,45.0,1,1,-1,-1
77,5,321.75,168.75,45.5,45.25,1,1,-1,-1
78,5,322.25,169.25,45.5,45.25,1,1,-1,-1
79,5,322.25,169.5,45.5,45.5,1,1,-1,-1
80,5,322.25,169.75,45.5,46.0,1,1,-1,-1
81,5,321.75,169.75,45.5,46.25,1,1,-1,-1
82,5,321.75,170.25,45.5,45.25,1,1,-1,-1
83,5,320.75,170.75,45.5,46.25,1,1,-1,-1
84,5,319.0,171.5,45.25,45.25,1,1,-1,-1
85,5,317.75,171.0,45.5,45.25,1,1,-1,-1
86,5,317.0,170.75,45.5,45.25,1,1,-1,-1
87,5,314.75,168.0,45.5,45.5,1,1,-1,-1
88,5,313.5,166.0,45.5,45.25,1,1,-1,-1
89,5,312.25,162.0,45.5,45.75,1,1,-1,-1
90,5,308.0,158.75,45.5,45.5,1,1,-1,-1
91,5,306.0,158.25,45.25,45.5,1,1,-1,-1
92,5,303.25,155.5,45.75,45.25,1,1,-1,-1
93,5,301.5,154.5,45.5,45.25,1,1,-1,-1
94,5,299.75,153.0,45.5,45.5,1,1,-1,-1
95,5,297.0,152.5,45.5,45.75,1,1,-1,-1
96,5,293.5,149.75,45.25,45.25,1,1,-1,-1
97,5,292.5,150.0,45.25,45.25,1,1,-1,-1
98,5,291.25,149.0,45.25,45.25,1,1,-1,-1
99,5,290.25,149.25,45.0,45.25,1,1,-1,-1
100,5,289.75,149.75,45.25,45.25,1,1,-1,-1
101,5,289.75,149.75,45.25,45.0,1,1,-1,-1
102,5,289.0,150.0,45.25,45.25,1,1,-1,-1
103,5,290.25,151.0,45.25,45.25,1,1,-1,-1
104,5,290.25,151.0,45.25,45.25,1,1,-1,-1
105,5,287.5,151.25,45.25,45.25,1,1,-1,-1
106,5,285.75,152.75,45.25,45.5,1,1,-1,-1
107,5,282.25,153.5,45.25,45.5,1,1,-1,-1
108,5,278.0,153.75,45.25,45.25,1,1,-1,-1
109,5,272.0,155.75,45.25,45.25,1,1,-1,-1
110,5,264.0,157.75,45.25,45.5,1,1,-1,-1
111,5,264.25,157.75,45.5,45.5,1,1,-1,-1
112,5,266.25,157.0,45.5,45.5,1,1,-1,-1
113,5,267.5,156.5,45.5,45.75,1,1,-1,-1
114,5,269.5,153.75,45.5,45.5,1,1,-1,-1
115,5,274.25,153.5,45.5,45.5,1,1,-1,-1
116,5,274.5,153.0,45.5,45.5,1,1,-1,-1
117,5,276.5,151.25,45.5,46.5,1,1,-1,-1
118,5,277.75,151.0,45.5,45.75,1,1,-1,-1
119,5,284.0,152.0,45.5,45.5,1,1,-1,-1
120,5,286.0,152.0,45.5,45.5,1,1,-1,-1
121,5,289.5,150.25,45.25,45.25,1,1,-1,-1
122,5,290.5,151.0,45.5,45.25,1,1,-1,-1
123,5,290.75,151.5,45.5,46.0,1,1,-1,-1
124,5,291.25,153.75,45.5,45.5,1,1,-1,-1
125,5,292.75,155.25,45.5,45.25,1,1,-1,-1
126,5,295.75,158.25,45.5,45.5,1,1,-1,-1
127,5,298.0,162.0,45.5,45.5,1,1,-1,-1
128,5,300.75,167.5,45.25,45.5,1,1,-1,-1
129,5,303.5,170.0,45.25,45.25,1,1,-1,-1
130,5,312.0,175.25,45.25,45.25,1,1,-1,-1
131,5,315.75,177.25,45.5,46.5,1,1,-1,-1
132,5,319.25,181.0,45.25,45.25,1,1,-1,-1
133,5,323.805,184.129,45.25,45.25,1,1,-1,-1
134,5,326.0,191.25,45.25,45.25,1,1,-1,-1
135,5,329.0,194.0,45.25,45.25,1,1,-1,-1
136,5,332.75,196.0,45.25,45.25,1,1,-1,-1
137,5,336.0,202.0,45.25,45.25,1,1,-1,-1
138,5,337.25,206.0,45.25,45.25,1,1,-1,-1
139,5,341.5,207.5,45.25,45.25,1,1,-1,-1
140,5,344.5,209.75,45.25,45.75,1,1,-1,-1
141,5,346.75,212.75,45.5,46.5,1,1,-1,-1
142,5,349.5,215.75,45.5,46.0,1,1,-1,-1
143,5,350.25,217.75,45.5,46.0,1,1,-1,-1
144,5,355.75,222.5,45.5,46.0,1,1,-1,-1
145,5,359.0,226.5,45.25,45.5,1,1,-1,-1
146,5,362.25,230.0,45.0,45.5,1,1,-1,-1
147,5,366.25,233.25,45.0,45.0,1,1,-1,-1
148,5,368.25,235.0,45.0,45.25,1,1,-1,-1
149,5,371.75,238.25,45.0,46.5,1,1,-1,-1
150,5,374.0,241.5,44.75,45.25,1,1,-1,-1
151,5,376.25,244.0,45.25,46.0,1,1,-1,-1
152,5,377.75,246.25,45.25,46.5,1,1,-1,-1
153,5,378.5,248.5,45.25,45.5,1,1,-1,-1
154,5,380.25,249.75,45.0,45.75,1,1,-1,-1
155,5,380.25,251.25,45.25,46.25,1,1,-1,-1
156,5,380.75,252.75,45.25,45.25,1,1,-1,-1
157,5,380.25,253.25,45.25,45.5,1,1,-1,-1
158,5,381.0,254.25,45.25,45.25,1,1,-1,-1
159,5,382.25,257.5,44.75,45.0,1,1,-1,-1
160,5,384.75,262.25,44.75,45.25,1,1,-1,-1
161,5,385.25,264.75,45.0,45.25,1,1,-1,-1
162,5,384.75,266.0,45.0,45.5,1,1,-1,-1
163,5,384.75,268.5,45.0,45.25,1,1,-1,-1
164,5,384.5,270.75,45.0,45.25,1,1,-1,-1
165,5,383.5,271.25,44.75,45.25,1,1,-1,-1
166,5,382.5,272.0,45.0,45.25,1,1,-1,-1
167,5,383.0,273.5,44.75,45.0,1,1,-1,-1
168,5,382.5,275.0,44.75,45.0,1,1,-1,-1
169,5,381.5,277.25,45.0,45.25,1,1,-1,-1
170,5,380.75,278.25,45.0,45.0,1,1,-1,-1
171,5,381.5,282.0,45.25,46.25,1,1,-1,-1
172,5,382.0,284.75,45.0,46.5,1,1,-1,-1
173,5,382.0,288.75,45.5,46.75,1,1,-1,-1
174,5,380.75,291.5,45.5,47.0,1,1,-1,-1
175,5,379.5,295.75,45.25,46.5,1,1,-1,-1
176,5,378.75,299.0,45.0,45.25,1,1,-1,-1
177,5,377.25,301.75,45.0,45.0,1,1,-1,-1
178,5,374.0,305.0,45.25,45.0,1,1,-1,-1
179,5,372.75,306.25,45.25,45.0,1,1,-1,-1
180,5,371.5,307.25,45.5,46.25,1,1,-1,-1
181,5,372.75,308.0,45.5,47.0,1,1,-1,-1
182,5,374.0,309.25,45.5,46.5,1,1,-1,-1
183,5,374.25,309.0,45.25,46.75,1,1,-1,-1
184,5,374.75,309.5,45.5,45.75,1,1,-1,-1
185,5,376.25,310.25,45.25,45.75,1,1,-1,-1
186,5,379.0,311.25,45.25,45.75,1,1,-1,-1
187,5,380.0,312.0,45.25,45.25,1,1,-1,-1
188,5,381.5,313.25,45.25,45.25,1,1,-1,-1
189,5,384.75,316.5,45.25,45.25,1,1,-1,-1
190,5,387.5,317.5,45.25,45.75,1,1,-1,-1
191,5,389.0,319.0,45.25,45.25,1,1,-1,-1
192,5,392.25,320.5,45.25,45.0,1,1,-1,-1
193,5,393.25,322.0,45.0,45.25,1,1,-1,-1
194,5,393.5,322.25,45.0,45.25,1,1,-1,-1
195,5,394.0,323.0,45.25,45.25,1,1,-1,-1
196,5,393.25,327.25,45.25,45.25,1,1,-1,-1
197,5,392.75,330.0,45.0,45.25,1,1,-1,-1
198,5,394.0,336.25,45.25,45.5,1,1,-1,-1
199,5,394.0,339.5,45.0,45.25,1,1,-1,-1
200,5,397.0,343.75,45.0,45.25,1,1,-1,-1
201,5,402.25,349.75,45.25,46.0,1,1,-1,-1
202,5,407.25,354.25,45.25,45.75,1,1,-1,-1
203,5,414.75,358.0,45.5,47.25,1,1,-1,-1
204,5,421.5,363.0,45.75,47.5,1,1,-1,-1
205,5,428.25,367.5,45.25,46.75,1,1,-1,-1
206,5,437.25,370.75,45.75,48.0,1,1,-1,-1
207,5,439.0,372.0,45.5,47.25,1,1,-1,-1
208,5,439.0,373.25,45.5,46.75,1,1,-1,-1
209,5,440.25,375.0,45.25,45.75,1,1,-1,-1
210,5,442.25,375.5,45.5,46.75,1,1,-1,-1
211,5,442.5,376.0,45.25,46.25,1,1,-1,-1
212,5,443.25,377.25,45.25,46.0,1,1,-1,-1
213,5,443.75,379.25,45.5,45.75,1,1,-1,-1
214,5,444.25,381.5,45.25,45.25,1,1,-1,-1
215,5,444.0,382.25,45.25,45.75,1,1,-1,-1
216,5,446.75,385.5,45.25,46.25,1,1,-1,-1
217,5,450.25,387.0,45.0,46.0,1,1,-1,-1
218,5,452.75,388.75,45.0,46.0,1,1,-1,-1
219,5,455.0,390.0,45.5,47.75,1,1,-1,-1
220,5,454.5,391.25,45.25,47.0,1,1,-1,-1
221,5,456.0,392.5,45.0,45.75,1,1,-1,-1
222,5,456.5,392.0,45.0,45.25,1,1,-1,-1
223,5,457.5,390.0,45.25,46.25,1,1,-1,-1
224,5,457.75,388.5,45.0,46.0,1,1,-1,-1
225,5,458.75,386.5,45.25,46.5,1,1,-1,-1
226,5,460.0,383.5,45.25,46.25,1,1,-1,-1
227,5,463.0,380.0,45.5,45.75,1,1,-1,-1
228,5,467.25,378.0,45.25,45.5,1,1,-1,-1
229,5,471.25,376.0,45.25,45.5,1,1,-1,-1
230,5,473.25,370.5,45.0,45.0,1,1,-1,-1
231,5,478.25,368.5,45.0,45.0,1,1,-1,-1
232,5,481.75,364.5,45.0,45.0,1,1,-1,-1
233,5,484.75,360.5,45.0,45.0,1,1,-1,-1
234,5,487.25,357.0,45.0,45.0,1,1,-1,-1
235,5,491.0,354.5,44.75,45.0,1,1,-1,-1
236,5,496.0,350.5,45.0,45.25,1,1,-1,-1
237,5,500.25,348.0,45.0,45.25,1,1,-1,-1
238,5,507.25,346.25,45.25,45.25,1,1,-1,-1
239,5,512.5,345.0,45.0,45.5,1,1,-1,-1
240,5,518.25,344.75,45.25,45.5,1,1,-1,-1
241,5,523.25,345.25,45.5,47.25,1,1,-1,-1
242,5,528.25,346.0,45.5,45.25,1,1,-1,-1
243,5,532.0,347.5,45.5,46.25,1,1,-1,-1
244,5,538.25,348.25,45.0,45.0,1,1,-1,-1
245,5,542.75,348.0,45.0,45.0,1,1,-1,-1
246,5,549.5,347.25,45.0,45.25,1,1,-1,-1
247,5,552.75,346.25,45.25,45.25,1,1,-1,-1
248,5,559.0,343.0,45.25,45.0,1,1,-1,-1
249,5,564.0,339.5,45.25,46.0,1,1,-1,-1
250,5,568.5,335.75,45.0,45.0,1,1,-1,-1
251,5,571.0,332.0,44.75,45.0,1,1,-1,-1
252,5,577.25,325.25,45.0,45.25,1,1,-1,-1
253,5,577.5,321.25,45.25,45.5,1,1,-1,-1
254,5,579.25,316.75,45.0,45.25,1,1,-1,-1
255,5,583.25,310.25,45.0,45.25,1,1,-1,-1
256,5,585.75,306.75,45.0,45.5,1,1,-1,-1
257,5,586.75,304.0,45.5,46.5,1,1,-1,-1
258,5,590.75,300.0,45.5,47.0,1,1,-1,-1
259,5,592.0,298.5,45.75,47.75,1,1,-1,-1
260,5,592.5,298.75,45.5,47.0,1,1,-1,-1
261,5,593.25,298.75,45.5,46.75,1,1,-1,-1
262,5,593.25,298.75,45.25,46.75,1,1,-1,-1
263,5,593.0,299.0,45.5,46.5,1,1,-1,-1
264,5,591.5,296.0,45.25,45.5,1,1,-1,-1
265,5,591.25,292.25,45.25,45.5,1,1,-1,-1
266,5,590.5,291.0,45.25,45.5,1,1,-1,-1
267,5,591.0,287.0,45.0,45.5,1,1,-1,-1
268,5,591.5,287.75,45.25,45.25,1,1,-1,-1
269,5,592.75,288.0,45.0,45.5,1,1,-1,-1
270,5,594.0,286.0,45.25,45.25,1,1,-1,-1
271,5,595.75,284.75,45.25,46.25,1,1,-1,-1
272,5,599.0,287.5,45.0,45.5,1,1,-1,-1
273,5,601.75,286.5,44.75,45.25,1,1,-1,-1
274,5,604.5,290.0,45.0,45.25,1,1,-1,-1
275,5,604.75,290.75,45.25,45.25,1,1,-1,-1
276,5,605.0,290.25,45.25,45.25,1,1,-1,-1
277,5,605.25,290.25,45.25,45.5,1,1,-1,-1
278,5,606.0,291.25,45.0,45.5,1,1,-1,-1
279,5,606.0,291.0,45.25,45.25,1,1,-1,-1
280,5,605.75,290.5,45.0,45.5,1,1,-1,-1
281,5,605.75,290.75,45.0,45.25,1,1,-1,-1
282,5,605.75,290.5,45.0,45.5,1,1,-1,-1
283,5,609.0,291.5,45.25,45.25,1,1,-1,-1
284,5,609.25,291.25,45.25,45.25,1,1,-1,-1
285,5,609.5,291.0,45.0,45.25,1,1,-1,-1
286,5,611.0,290.75,45.25,45.5,1,1,-1,-1
287,5,611.5,291.5,45.25,45.25,1,1,-1,-1
288,5,612.25,291.75,45.5,45.25,1,1,-1,-1
289,5,612.75,291.5,45.25,45.25,1,1,-1,-1
290,5,613.25,290.5,45.25,45.25,1,1,-1,-1
291,5,613.5,290.0,45.25,45.5,1,1,-1,-1
292,5,612.75,288.5,45.0,45.25,1,1,-1,-1
293,5,611.25,287.0,44.75,45.0,1,1,-1,-1
294,5,611.25,287.5,45.0,45.25,1,1,-1,-1
295,5,610.0,286.75,45.0,45.25,1,1,-1,-1
296,5,606.75,287.25,45.0,45.25,1,1,-1,-1
297,5,605.5,287.5,45.25,45.5,1,1,-1,-1
298,5,604.0,288.0,45.25,45.5,1,1,-1,-1
299,5,602.75,288.75,45.5,47.0,1,1,-1,-1
300,5,599.25,291.5,45.5,46.5,1,1,-1,-1
301,5,596.5,294.75,45.25,45.5,1,1,-1,-1
302,5,597.25,295.5,45.25,45.75,1,1,-1,-1
303,5,598.5,299.25,45.25,45.25,1,1,-1,-1
304,5,601.0,303.25,45.25,45.25,1,1,-1,-1
305,5,602.0,306.75,45.5,45.25,1,1,-1,-1
306,5,604.25,311.0,45.25,45.25,1,1,-1,-1
307,5,606.5,313.5,45.25,45.0,1,1,-1,-1
308,5,606.5,315.25,45.25,45.0,1,1,-1,-1
309,5,606.75,317.5,45.25,45.25,1,1,-1,-1
310,5,607.0,320.0,45.25,45.25,1,1,-1,-1
311,5,606.75,321.25,45.25,45.75,1,1,-1,-1
312,5,607.0,325.5,45.0,45.5,1,1,-1,-1
313,5,606.5,326.75,45.0,45.25,1,1,-1,-1
314,5,606.5,329.0,45.0,45.25,1,1,-1,-1
315,5,607.0,330.25,45.0,45.0,1,1,-1,-1
316,5,606.5,330.0,45.0,45.25,1,1,-1,-1
317,5,606.5,330.0,45.0,45.0,1,1,-1,-1
318,5,607.25,329.75,45.0,45.0,1,1,-1,-1
319,5,608.0,331.0,45.0,45.25,1,1,-1,-1
320,5,607.25,330.0,45.0,45.0,1,1,-1,-1
321,5,607.0,328.75,44.75,45.0,1,1,-1,-1
322,5,607.0,328.0,44.75,45.0,1,1,-1,-1
323,5,606.0,327.5,45.0,45.5,1,1,-1,-1
324,5,606.5,327.0,44.75,45.25,1,1,-1,-1
325,5,606.5,326.5,45.0,45.25,1,1,-1,-1
326,5,606.75,326.25,44.75,45.25,1,1,-1,-1
327,5,606.5,325.75,44.75,45.0,1,1,-1,-1
328,5,605.0,323.25,45.25,45.75,1,1,-1,-1
329,5,604.0,320.5,45.0,45.25,1,1,-1,-1
330,5,604.5,317.75,45.0,45.25,1,1,-1,-1
331,5,604.25,314.75,44.75,45.25,1,1,-1,-1
332,5,605.25,312.75,45.0,45.25,1,1,-1,-1
333,5,608.5,310.25,45.25,46.75,1,1,-1,-1
334,5,612.5,309.0,45.25,45.0,1,1,-1,-1
335,5,615.75,308.0,45.25,45.25,1,1,-1,-1
336,5,618.25,306.5,45.25,45.5,1,1,-1,-1
337,5,620.0,304.75,45.5,46.25,1,1,-1,-1
338,5,623.75,304.5,45.5,45.25,1,1,-1,-1
339,5,625.5,303.25,45.5,45.75,1,1,-1,-1
340,5,626.0,301.0,45.5,45.5,1,1,-1,-1
341,5,627.25,298.5,45.5,45.25,1,1,-1,-1
342,5,628.25,295.5,45.75,45.25,1,1,-1,-1
343,5,628.0,293.0,45.75,45.25,1,1,-1,-1
344,5,629.75,290.25,45.25,45.0,1,1,-1,-1
345,5,632.25,285.0,45.25,45.25,1,1,-1,-1
346,5,631.75,281.5,45.25,45.25,1,1,-1,-1
347,5,631.75,275.5,45.25,45.0,1,1,-1,-1
348,5,632.5,271.5,45.25,45.0,1,1,-1,-1
349,5,631.0,268.25,45.25,45.0,1,1,-1,-1
350,5,630.0,264.0,45.0,45.0,1,1,-1,-1
351,5,628.5,259.0,45.0,45.25,1,1,-1,-1
352,5,627.25,251.75,45.25,45.25,1,1,-1,-1
353,5,624.0,249.5,45.25,45.25,1,1,-1,-1
354,5,622.75,245.5,45.25,45.25,1,1,-1,-1
355,5,622.0,242.25,45.25,45.25,1,1,-1,-1
356,5,621.25,238.75,45.0,45.0,1,1,-1,-1
357,5,619.75,231.25,45.0,45.0,1,1,-1,-1
358,5,618.5,229.25,45.0,45.25,1,1,-1,-1
359,5,618.0,229.25,44.75,45.25,1,1,-1,-1
360,5,617.0,229.5,44.75,45.0,1,1,-1,-1
361,5,617.25,230.0,45.25,45.0,1,1,-1,-1
362,5,616.5,230.25,45.0,45.0,1,1,-1,-1
363,5,613.75,226.25,45.0,45.0,1,1,-1,-1
364,5,613.5,227.5,45.0,45.0,1,1,-1,-1
365,5,615.25,225.75,45.0,45.25,1,1,-1,-1
366,5,615.0,225.0,45.0,45.25,1,1,-1,-1
367,5,613.25,225.0,45.0,45.0,1,1,-1,-1
368,5,616.0,222.25,45.25,45.25,1,1,-1,-1
369,5,613.75,222.5,45.0,45.25,1,1,-1,-1
370,5,614.25,222.75,45.0,45.25,1,1,-1,-1
371,5,612.75,221.75,45.0,45.25,1,1,-1,-1
372,5,610.75,221.25,45.0,45.5,1,1,-1,-1
373,5,608.0,218.75,45.0,45.25,1,1,-1,-1
374,5,605.5,216.0,45.25,45.25,1,1,-1,-1
375,5,605.25,211.75,45.0,45.25,1,1,-1,-1
376,5,601.5,204.0,45.0,45.25,1,1,-1,-1
377,5,600.5,200.0,45.0,45.25,1,1,-1,-1
378,5,597.75,196.5,45.0,45.25,1,1,-1,-1
379,5,594.25,191.25,45.0,45.0,1,1,-1,-1
380,5,594.25,187.25,45.0,45.25,1,1,-1,-1
381,5,589.25,178.0,45.0,45.25,1,1,-1,-1
382,5,589.75,177.0,45.0,45.25,1,1,-1,-1
383,5,591.5,173.5,45.25,45.25,1,1,-1,-1
384,5,592.25,170.5,45.25,45.25,1,1,-1,-1
385,5,591.75,169.0,45.0,45.25,1,1,-1,-1
386,5,589.0,163.0,45.5,45.25,1,1,-1,-1
387,5,587.75,158.0,45.25,45.25,1,1,-1,-1
388,5,591.5,155.5,45.25,45.25,1,1,-1,-1
389,5,575.25,142.25,45.0,45.0,1,1,-1,-1
390,5,592.75,146.5,45.25,45.5,1,1,-1,-1
391,5,593.5,137.5,45.0,45.25,1,1,-1,-1
392,5,593.75,132.5,45.25,46.25,1,1,-1,-1
393,5,594.5,129.25,45.25,46.5,1,1,-1,-1
394,5,595.5,122.5,45.25,46.75,1,1,-1,-1
395,5,593.5,119.75,45.25,46.25,1,1,-1,-1
396,5,593.5,117.0,45.25,46.25,1,1,-1,-1
397,5,592.5,115.75,45.5,46.25,1,1,-1,-1
398,5,590.5,114.75,45.25,45.5,1,1,-1,-1
399,5,589.0,111.75,45.25,46.5,1,1,-1,-1
400,5,586.0,108.25,45.25,46.75,1,1,-1,-1
401,5,582.25,106.75,45.0,45.0,1,1,-1,-1
402,5,579.5,103.25,44.75,45.0,1,1,-1,-1
403,5,576.75,99.0,45.0,46.0,1,1,-1,-1
404,5,575.0,96.0,44.75,46.5,1,1,-1,-1
405,5,572.5,90.0,44.75,45.5,1,1,-1,-1
406,5,570.5,86.0,44.75,45.5,1,1,-1,-1
407,5,569.75,82.25,44.75,45.25,1,1,-1,-1
408,5,568.0,81.5,44.75,45.0,1,1,-1,-1
409,5,567.0,82.0,44.75,45.0,1,1,-1,-1
410,5,563.75,80.5,44.75,45.25,1,1,-1,-1
411,5,560.5,78.25,45.0,46.5,1,1,-1,-1
412,5,558.0,78.25,45.0,47.25,1,1,-1,-1
413,5,553.25,79.5,44.75,45.0,1,1,-1,-1
414,5,550.0,76.75,44.75,45.5,1,1,-1,-1
415,5,541.75,73.5,45.0,46.0,1,1,-1,-1
416,5,536.0,71.75,45.0,46.25,1,1,-1,-1
417,5,530.75,70.5,44.75,45.5,1,1,-1,-1
418,5,526.75,67.0,45.0,45.5,1,1,-1,-1
419,5,522.25,61.5,45.5,47.25,1,1,-1,-1
420,5,518.0,60.5,45.0,45.5,1,1,-1,-1
421,5,514.75,59.25,45.0,45.75,1,1,-1,-1
422,5,510.5,57.75,45.0,45.75,1,1,-1,-1
423,5,505.5,54.75,45.0,46.25,1,1,-1,-1
424,5,503.25,50.25,45.0,46.0,1,1,-1,-1
425,5,502.25,46.5,45.0,46.25,1,1,-1,-1
426,5,501.5,44.75,45.25,45.5,1,1,-1,-1
427,5,500.75,43.25,45.0,45.5,1,1,-1,-1
428,5,499.75,41.75,45.0,45.5,1,1,-1,-1
429,5,500.5,40.25,45.0,45.5,1,1,-1,-1
430,5,501.0,41.25,45.0,45.5,1,1,-1,-1
431,5,501.25,42.5,45.0,45.5,1,1,-1,-1
432,5,501.5,42.0,45.0,45.5,1,1,-1,-1
433,5,501.75,42.75,45.0,45.25,1,1,-1,-1
434,5,501.75,42.25,45.25,45.5,1,1,-1,-1
435,5,501.5,42.0,45.0,45.5,1,1,-1,-1
436,5,501.0,42.75,45.0,45.25,1,1,-1,-1
437,5,501.75,43.75,45.0,45.5,1,1,-1,-1
438,5,501.0,45.5,45.0,45.5,1,1,-1,-1
439,5,501.15,46.591,45.0,45.5,1,1,-1,-1
440,5,501.066,47.821,45.0,45.5,1,1,-1,-1
441,5,500.25,61.75,45.25,45.75,1,1,-1,-1
442,5,495.25,54.25,45.25,45.75,1,1,-1,-1
443,5,495.25,54.75,45.25,45.75,1,1,-1,-1
444,5,493.75,52.25,45.25,45.5,1,1,-1,-1
445,5,493.25,56.5,45.25,45.75,1,1,-1,-1
446,5,492.78,57.935,45.25,45.75,1,1,-1,-1
447,5,492.182,59.606,45.25,45.75,1,1,-1,-1
448,5,491.584,61.278,45.25,45.75,1,1,-1,-1
449,5,492.25,53.25,45.0,45.75,1,1,-1,-1
450,5,491.25,56.0,45.5,45.75,1,1,-1,-1
451,5,491.429,56.808,45.5,45.75,1,1,-1,-1
452,5,486.75,61.5,45.5,46.0,1,1,-1,-1
453,5,485.428,63.711,45.5,46.0,1,1,-1,-1
454,5,483.667,66.167,45.5,46.0,1,1,-1,-1
455,5,481.906,68.622,45.5,46.0,1,1,-1,-1
456,5,486.5,64.5,45.0,45.0,1,1,-1,-1
457,5,484.5,65.5,45.0,45.0,1,1,-1,-1
458,5,483.5,67.5,45.0,45.0,1,1,-1,-1
459,5,483.5,67.5,45.0,45.0,1,1,-1,-1
460,5,483.5,67.5,45.0,45.0,1,1,-1,-1
461,5,483.5,67.5,45.0,45.0,1,1,-1,-1
462,5,483.5,67.5,45.0,45.0,1,1,-1,-1
463,5,478.75,65.0,45.75,47.5,1,1,-1,-1
464,5,476.25,70.25,45.5,47.0,1,1,-1,-1
465,5,474.75,69.75,45.5,47.0,1,1,-1,-1
466,5,467.5,65.75,45.5,46.5,1,1,-1,-1
467,5,465.0,67.5,45.25,45.75,1,1,-1,-1
468,5,464.25,66.25,45.25,45.75,1,1,-1,-1
469,5,464.25,66.25,45.5,45.5,1,1,-1,-1
470,5,464.5,66.0,45.25,45.75,1,1,-1,-1
471,5,463.25,64.0,45.5,46.75,1,1,-1,-1
472,5,462.5,61.5,45.5,46.5,1,1,-1,-1
473,5,461.5,62.25,45.5,46.0,1,1,-1,-1
474,5,459.75,63.5,45.5,45.75,1,1,-1,-1
475,5,458.5,63.0,45.5,45.75,1,1,-1,-1
476,5,456.75,61.5,45.5,45.75,1,1,-1,-1
477,5,453.0,57.75,45.75,47.0,1,1,-1,-1
478,5,450.5,53.75,47.25,48.75,1,1,-1,-1
479,5,447.5,52.75,47.75,49.25,1,1,-1,-1
480,5,445.5,50.5,46.5,47.75,1,1,-1,-1
481,5,442.5,46.5,45.0,45.0,1,1,-1,-1
482,5,439.5,45.25,45.5,46.0,1,1,-1,-1
483,5,439.25,45.25,45.75,45.5,1,1,-1,-1
484,5,436.75,51.0,45.75,45.5,1,1,-1,-1
485,5,439.25,43.5,45.75,45.25,1,1,-1,-1
486,5,438.75,40.0,45.75,46.5,1,1,-1,-1
487,5,438.016,37.002,45.75,46.5,1,1,-1,-1
488,5,439.0,35.25,46.25,47.5,1,1,-1,-1
489,5,441.5,37.5,45.0,45.0,1,1,-1,-1
490,5,441.5,37.5,45.0,45.0,1,1,-1,-1
491,5,442.5,34.5,45.0,45.0,1,1,-1,-1
492,5,446.5,28.5,45.0,45.0,1,1,-1,-1
493,5,442.25,25.25,45.25,46.25,1,1,-1,-1
494,5,443.75,26.25,45.25,46.0,1,1,-1,-1
495,5,443.75,26.75,45.25,45.75,1,1,-1,-1
496,5,443.25,27.25,45.25,45.25,1,1,-1,-1
497,5,442.25,28.25,45.25,45.25,1,1,-1,-1
498,5,437.25,29.5,45.0,45.0,1,1,-1,-1
499,5,443.5,32.5,45.0,45.0,1,1,-1,-1
500,5,443.5,32.5,45.0,45.0,1,1,-1,-1
1,6,612.5,146.5,45.0,45.0,1,1,-1,-1
2,6,613.5,142.5,45.0,45.0,1,1,-1,-1
3,6,609.25,136.75,45.5,45.0,1,1,-1,-1
4,6,609.75,137.75,45.25,45.0,1,1,-1,-1
5,6,607.25,136.5,45.0,45.0,1,1,-1,-1
6,6,606.25,136.0,45.0,45.0,1,1,-1,-1
7,6,606.0,134.5,45.25,45.0,1,1,-1,-1
8,6,605.25,135.5,45.0,45.0,1,1,-1,-1
9,6,608.0,141.75,44.75,45.0,1,1,-1,-1
10,6,601.5,137.75,45.0,45.0,1,1,-1,-1
11,6,598.25,136.75,45.25,45.25,1,1,-1,-1
12,6,595.25,135.5,45.25,45.25,1,1,-1,-1
13,6,593.0,133.25,45.25,45.25,1,1,-1,-1
14,6,587.75,127.75,45.25,45.25,1,1,-1,-1
15,6,585.25,124.75,45.25,45.0,1,1,-1,-1
16,6,584.25,125.25,45.0,45.0,1,1,-1,-1
17,6,583.75,123.5,45.25,45.25,1,1,-1,-1
18,6,581.25,120.75,45.25,46.75,1,1,-1,-1
19,6,579.75,120.5,45.25,46.0,1,1,-1,-1
20,6,577.0,119.75,45.25,45.25,1,1,-1,-1
21,6,574.75,119.0,45.25,45.0,1,1,-1,-1
22,6,568.75,114.75,45.25,45.25,1,1,-1,-1
23,6,567.0,113.25,45.5,45.25,1,1,-1,-1
24,6,565.0,111.25,45.5,45.0,1,1,-1,-1
25,6,564.0,108.0,45.25,45.25,1,1,-1,-1
26,6,563.0,103.0,45.25,45.0,1,1,-1,-1
27,6,565.25,98.25,45.0,45.0,1,1,-1,-1
28,6,562.5,94.5,45.25,45.0,1,1,-1,-1
29,6,561.5,88.75,45.25,45.25,1,1,-1,-1
30,6,558.75,85.0,44.75,45.25,1,1,-1,-1
31,6,556.75,81.0,44.75,45.0,1,1,-1,-1
32,6,554.25,76.0,44.75,45.0,1,1,-1,-1
33,6,551.0,69.0,44.75,45.25,1,1,-1,-1
34,6,548.5,65.25,45.0,45.5,1,1,-1,-1
35,6,545.75,61.5,45.0,45.25,1,1,-1,-1
36,6,542.5,61.75,45.25,45.5,1,1,-1,-1
37,6,538.25,60.5,45.0,45.5,1,1,-1,-1
38,6,533.75,59.0,45.0,45.5,1,1,-1,-1
39,6,532.0,57.75,45.25,45.5,1,1,-1,-1
40,6,530.0,55.5,45.0,45.5,1,1,-1,-1
41,6,529.5,54.0,45.0,45.25,1,1,-1,-1
42,6,527.75,53.5,44.75,45.5,1,1,-1,-1
43,6,526.5,53.75,45.0,45.25,1,1,-1,-1
44,6,525.25,52.5,45.0,45.5,1,1,-1,-1
45,6,524.75,52.5,45.0,45.75,1,1,-1,-1
46,6,523.75,51.25,45.0,45.5,1,1,-1,-1
47,6,523.5,50.5,45.0,45.75,1,1,-1,-1
48,6,522.75,50.25,45.25,45.75,1,1,-1,-1
49,6,522.0,48.5,45.25,45.5,1,1,-1,-1
50,6,521.25,46.5,45.25,45.5,1,1,-1,-1
51,6,519.5,44.25,45.25,45.25,1,1,-1,-1
52,6,518.75,44.25,45.25,45.0,1,1,-1,-1
53,6,518.25,43.0,45.5,45.25,1,1,-1,-1
54,6,516.25,42.5,45.25,45.5,1,1,-1,-1
55,6,513.25,42.5,45.25,45.5,1,1,-1,-1
56,6,510.5,44.25,45.5,45.5,1,1,-1,-1
57,6,506.75,45.75,45.5,45.5,1,1,-1,-1
58,6,501.0,44.5,45.5,46.0,1,1,-1,-1
59,6,497.75,43.75,45.5,45.75,1,1,-1,-1
60,6,494.25,43.0,45.5,45.5,1,1,-1,-1
61,6,488.0,41.5,45.5,45.5,1,1,-1,-1
62,6,480.5,40.75,45.25,45.25,1,1,-1,-1
63,6,475.75,38.75,45.25,45.25,1,1,-1,-1
64,6,470.5,35.75,45.25,45.5,1,1,-1,-1
65,6,462.75,34.25,45.25,45.5,1,1,-1,-1
66,6,455.0,33.5,45.25,45.25,1,1,-1,-1
67,6,454.0,34.5,45.0,45.25,1,1,-1,-1
68,6,450.75,35.75,45.25,45.75,1,1,-1,-1
69,6,446.0,37.75,45.25,45.5,1,1,-1,-1
70,6,439.5,41.5,45.25,45.75,1,1,-1,-1
71,6,434.0,43.25,45.5,45.5,1,1,-1,-1
72,6,431.75,45.0,45.5,45.5,1,1,-1,-1
73,6,429.25,47.75,45.0,45.25,1,1,-1,-1
74,6,425.638,50.492,45.0,45.25,1,1,-1,-1
75,6,422.411,53.067,45.0,45.25,1,1,-1,-1
76,6,425.5,51.5,45.0,45.0,1,1,-1,-1
77,6,425.5,46.5,45.0,45.0,1,1,-1,-1
78,6,422.5,43.5,45.0,45.0,1,1,-1,-1
79,6,415.75,36.25,45.0,45.5,1,1,-1,-1
80,6,413.25,34.75,45.0,45.5,1,1,-1,-1
81,6,410.0,31.0,45.0,45.25,1,1,-1,-1
82,6,404.75,28.0,45.0,45.0,1,1,-1,-1
83,6,401.0,28.0,45.0,45.25,1,1,-1,-1
84,6,399.0,28.5,44.75,45.0,1,1,-1,-1
85,6,397.5,29.5,44.75,45.0,1,1,-1,-1
86,6,395.25,31.0,44.75,45.0,1,1,-1,-1
87,6,394.25,31.75,44.75,45.0,1,1,-1,-1
88,6,392.0,32.5,44.75,45.0,1,1,-1,-1
89,6,389.0,33.0,45.0,45.0,1,1,-1,-1
90,6,383.5,33.0,45.0,45.25,1,1,-1,-1
91,6,380.75,34.5,44.75,45.0,1,1,-1,-1
92,6,379.5,36.5,45.0,45.25,1,1,-1,-1
93,6,378.25,37.0,45.0,45.25,1,1,-1,-1
94,6,378.0,37.25,45.0,45.0,1,1,-1,-1
95,6,378.25,36.75,44.75,45.0,1,1,-1,-1
96,6,376.0,37.25,45.0,45.0,1,1,-1,-1
97,6,373.75,37.25,45.25,45.25,1,1,-1,-1
98,6,371.5,37.25,45.25,45.25,1,1,-1,-1
99,6,366.0,38.0,45.25,45.5,1,1,-1,-1
100,6,367.5,38.25,45.25,45.25,1,1,-1,-1
101,6,370.0,39.75,45.5,45.5,1,1,-1,-1
102,6,367.25,37.5,45.5,45.5,1,1,-1,-1
103,6,366.46,36.617,45.5,45.5,1,1,-1,-1
104,6,368.5,43.5,45.0,45.0,1,1,-1,-1
105,6,368.5,43.5,45.0,45.0,1,1,-1,-1
106,6,368.5,43.5,45.0,45.0,1,1,-1,-1
107,6,368.0,41.5,46.0,45.5,1,1,-1,-1
108,6,366.5,43.5,46.0,45.5,1,1,-1,-1
109,6,363.924,44.629,46.0,45.5,1,1,-1,-1
110,6,359.0,44.25,45.75,45.5,1,1,-1,-1
111,6,357.25,43.75,45.75,45.5,1,1,-1,-1
112,6,357.5,43.0,46.0,45.5,1,1,-1,-1
113,6,357.25,42.75,45.75,45.75,1,1,-1,-1
114,6,354.0,40.5,45.75,45.75,1,1,-1,-1
115,6,352.75,39.0,45.5,45.75,1,1,-1,-1
116,6,349.25,36.0,45.75,45.75,1,1,-1,-1
117,6,347.25,35.75,45.5,45.5,1,1,-1,-1
118,6,347.25,35.75,45.75,45.75,1,1,-1,-1
119,6,347.25,36.0,45.5,45.75,1,1,-1,-1
120,6,347.5,36.25,45.75,45.75,1,1,-1,-1
121,6,347.75,36.75,45.5,45.5,1,1,-1,-1
122,6,348.0,38.75,45.5,45.75,1,1,-1,-1
123,6,348.0,40.0,45.75,45.75,1,1,-1,-1
124,6,348.25,39.5,45.75,45.5,1,1,-1,-1
125,6,347.5,40.75,45.75,45.5,1,1,-1,-1
126,6,347.5,41.75,45.75,45.75,1,1,-1,-1
127,6,347.5,45.25,45.5,45.75,1,1,-1,-1
128,6,345.5,49.75,46.0,45.75,1,1,-1,-1
129,6,342.5,44.25,45.25,45.5,1,1,-1,-1
130,6,341.25,44.25,45.5,46.5,1,1,-1,-1
131,6,340.5,44.5,45.5,45.5,1,1,-1,-1
132,6,336.0,44.5,45.25,45.5,1,1,-1,-1
133,6,336.25,45.75,45.5,45.5,1,1,-1,-1
134,6,333.75,46.75,45.5,45.5,1,1,-1,-1
135,6,331.5,46.25,45.25,45.5,1,1,-1,-1
136,6,330.25,46.5,45.25,45.5,1,1,-1,-1
137,6,327.75,49.25,45.0,45.75,1,1,-1,-1
138,6,322.0,51.75,45.0,45.75,1,1,-1,-1
139,6,315.75,53.25,45.25,45.25,1,1,-1,-1
140,6,314.75,54.25,45.25,45.5,1,1,-1,-1
141,6,312.0,56.0,45.25,46.0,1,1,-1,-1
142,6,309.5,56.75,45.25,46.0,1,1,-1,-1
143,6,307.25,58.5,45.25,46.0,1,1,-1,-1
144,6,304.5,59.75,45.25,45.75,1,1,-1,-1
145,6,301.5,58.5,45.25,45.5,1,1,-1,-1
146,6,296.75,58.25,45.25,46.0,1,1,-1,-1
147,6,294.5,59.5,45.0,45.75,1,1,-1,-1
148,6,292.75,59.75,45.5,46.25,1,1,-1,-1
149,6,291.25,62.75,45.5,45.5,1,1,-1,-1
150,6,293.0,62.5,45.75,45.5,1,1,-1,-1
151,6,292.25,64.25,45.25,45.75,1,1,-1,-1
152,6,299.25,58.5,45.5,45.75,1,1,-1,-1
153,6,302.0,58.25,45.5,45.75,1,1,-1,-1
154,6,307.75,60.25,45.5,45.75,1,1,-1,-1
155,6,314.75,57.5,45.0,45.5,1,1,-1,-1
156,6,313.5,62.0,45.25,45.75,1,1,-1,-1
157,6,316.25,63.75,45.25,45.75,1,1,-1,-1
158,6,320.0,63.25,45.25,45.75,1,1,-1,-1
159,6,324.25,60.0,45.5,46.25,1,1,-1,-1
160,6,326.75,58.5,45.25,46.0,1,1,-1,-1
161,6,330.75,56.75,45.0,45.75,1,1,-1,-1
162,6,332.75,58.5,45.25,45.75,1,1,-1,-1
163,6,334.0,59.25,45.25,45.75,1,1,-1,-1
164,6,335.0,61.25,45.25,45.75,1,1,-1,-1
165,6,336.75,63.0,45.25,45.75,1,1,-1,-1
166,6,340.25,64.5,45.25,45.75,1,1,-1,-1
167,6,345.25,68.25,45.25,45.75,1,1,-1,-1
168,6,348.25,69.0,45.5,45.75,1,1,-1,-1
169,6,351.25,70.75,45.25,45.5,1,1,-1,-1
170,6,354.0,72.0,45.5,45.5,1,1,-1,-1
171,6,355.0,71.5,45.25,45.5,1,1,-1,-1
172,6,357.175,71.663,45.25,45.5,1,1,-1,-1
173,6,359.134,71.862,45.25,45.5,1,1,-1,-1
174,6,362.25,68.0,45.75,45.5,1,1,-1,-1
175,6,368.5,70.5,45.0,45.0,1,1,-1,-1
176,6,363.0,69.0,45.75,45.5,1,1,-1,-1
177,6,361.5,75.5,45.0,45.0,1,1,-1,-1
178,6,368.5,70.5,45.0,45.0,1,1,-1,-1
179,6,368.5,70.5,45.0,45.0,1,1,-1,-1
180,6,368.5,70.5,45.0,45.0,1,1,-1,-1
181,6,376.0,67.75,45.25,45.5,1,1,-1,-1
182,6,379.0,70.75,45.5,46.0,1,1,-1,-1
183,6,384.5,72.5,46.25,47.0,1,1,-1,-1
184,6,391.25,72.5,46.25,48.0,1,1,-1,-1
185,6,396.0,71.5,45.0,46.25,1,1,-1,-1
186,6,400.5,71.25,44.75,45.5,1,1,-1,-1
187,6,404.25,69.5,45.0,45.5,1,1,-1,-1
188,6,408.25,66.0,45.0,45.5,1,1,-1,-1
189,6,409.75,63.5,45.25,45.5,1,1,-1,-1
190,6,414.75,59.25,45.25,45.75,1,1,-1,-1
191,6,417.75,54.75,45.25,45.75,1,1,-1,-1
192,6,423.75,46.5,45.25,45.5,1,1,-1,-1
193,6,425.25,41.5,45.25,45.5,1,1,-1,-1
194,6,425.0,37.25,45.0,45.25,1,1,-1,-1
195,6,425.25,37.0,45.25,45.0,1,1,-1,-1
196,6,425.0,37.25,45.0,45.25,1,1,-1,-1
197,6,424.5,37.25,45.25,45.25,1,1,-1,-1
198,6,423.75,36.75,45.25,45.25,1,1,-1,-1
199,6,422.25,35.25,45.25,45.25,1,1,-1,-1
200,6,420.5,33.5,45.25,45.25,1,1,-1,-1
201,6,419.5,33.0,45.25,45.25,1,1,-1,-1
202,6,418.5,32.25,45.25,45.25,1,1,-1,-1
203,6,419.0,30.5,45.25,45.25,1,1,-1,-1
204,6,419.0,28.25,45.5,45.25,1,1,-1,-1
205,6,419.75,28.25,45.25,45.25,1,1,-1,-1
206,6,420.5,27.25,45.25,45.5,1,1,-1,-1
207,6,421.0,29.75,45.5,45.25,1,1,-1,-1
208,6,425.25,32.25,45.25,45.5,1,1,-1,-1
209,6,429.25,32.0,45.25,45.25,1,1,-1,-1
210,6,432.5,31.75,45.25,46.0,1,1,-1,-1
211,6,435.5,31.5,45.25,45.25,1,1,-1,-1
212,6,437.0,31.25,45.25,45.25,1,1,-1,-1
213,6,441.5,31.5,45.25,45.25,1,1,-1,-1
214,6,446.5,31.5,45.0,45.25,1,1,-1,-1
215,6,449.5,32.5,45.0,45.25,1,1,-1,-1
216,6,453.75,32.0,45.0,45.25,1,1,-1,-1
217,6,460.25,31.5,45.25,45.5,1,1,-1,-1
218,6,470.25,31.0,45.25,45.25,1,1,-1,-1
219,6,476.0,30.5,45.25,45.75,1,1,-1,-1
220,6,481.0,32.5,45.25,45.75,1,1,-1,-1
221,6,484.5,34.5,45.0,45.25,1,1,-1,-1
222,6,486.5,34.75,45.25,45.25,1,1,-1,-1
223,6,488.0,34.75,45.0,45.5,1,1,-1,-1
224,6,488.75,35.25,45.25,45.25,1,1,-1,-1
225,6,489.25,34.75,45.0,45.25,1,1,-1,-1
226,6,494.0,40.25,45.25,45.25,1,1,-1,-1
227,6,493.5,40.25,45.0,45.25,1,1,-1,-1
228,6,493.75,40.75,45.0,45.0,1,1,-1,-1
229,6,495.25,46.0,45.25,45.25,1,1,-1,-1
230,6,494.75,45.75,45.25,45.25,1,1,-1,-1
231,6,495.0,45.25,45.25,45.25,1,1,-1,-1
232,6,496.0,44.25,45.25,45.25,1,1,-1,-1
233,6,496.75,43.5,45.25,45.25,1,1,-1,-1
234,6,496.5,43.75,45.0,45.25,1,1,-1,-1
235,6,496.5,43.25,45.25,45.25,1,1,-1,-1
236,6,497.0,41.25,45.0,45.0,1,1,-1,-1
237,6,499.25,38.75,45.0,45.0,1,1,-1,-1
238,6,501.0,35.75,44.75,45.25,1,1,-1,-1
239,6,501.75,36.0,45.0,45.25,1,1,-1,-1
240,6,503.75,37.5,45.0,45.25,1,1,-1,-1
241,6,506.25,38.75,45.0,45.25,1,1,-1,-1
242,6,508.25,39.25,45.0,45.25,1,1,-1,-1
243,6,512.5,40.5,45.25,45.25,1,1,-1,-1
244,6,518.0,41.75,45.25,45.0,1,1,-1,-1
245,6,525.0,44.0,45.25,45.5,1,1,-1,-1
246,6,529.25,46.0,45.25,45.25,1,1,-1,-1
247,6,531.0,48.75,45.25,45.25,1,1,-1,-1
248,6,535.75,51.5,45.25,45.5,1,1,-1,-1
249,6,541.5,59.0,45.5,45.5,1,1,-1,-1
250,6,546.5,62.75,45.25,45.5,1,1,-1,-1
251,6,546.0,63.25,45.25,45.5,1,1,-1,-1
252,6,546.0,64.0,45.25,45.5,1,1,-1,-1
253,6,547.393,64.936,45.25,45.5,1,1,-1,-1
254,6,544.0,62.5,45.25,45.75,1,1,-1,-1
255,6,552.25,67.75,45.0,45.25,1,1,-1,-1
256,6,552.0,67.0,45.25,45.25,1,1,-1,-1
257,6,553.0,67.0,45.0,45.25,1,1,-1,-1
258,6,552.75,66.25,45.0,45.5,1,1,-1,-1
259,6,551.75,66.5,45.25,45.5,1,1,-1,-1
260,6,554.25,67.0,45.25,45.5,1,1,-1,-1
261,6,555.25,67.5,45.25,45.5,1,1,-1,-1
262,6,555.0,67.75,45.25,45.5,1,1,-1,-1
263,6,560.5,67.0,44.75,45.25,1,1,-1,-1
264,6,559.5,66.0,45.0,45.25,1,1,-1,-1
265,6,558.5,65.0,45.0,45.25,1,1,-1,-1
266,6,554.5,67.75,45.0,45.25,1,1,-1,-1
267,6,554.75,67.25,45.0,45.25,1,1,-1,-1
268,6,554.0,68.75,45.25,45.5,1,1,-1,-1
269,6,555.0,63.25,44.75,45.5,1,1,-1,-1
270,6,553.5,64.5,44.75,45.25,1,1,-1,-1
271,6,553.25,63.25,45.0,45.25,1,1,-1,-1
272,6,553.0,63.25,45.25,45.5,1,1,-1,-1
273,6,551.75,64.25,45.25,45.25,1,1,-1,-1
274,6,552.25,66.5,45.0,45.25,1,1,-1,-1
275,6,553.0,68.5,45.0,45.0,1,1,-1,-1
276,6,553.75,69.25,45.25,45.25,1,1,-1,-1
277,6,554.75,68.25,45.0,45.25,1,1,-1,-1
278,6,558.0,69.0,45.0,45.25,1,1,-1,-1
279,6,559.75,69.0,45.0,45.25,1,1,-1,-1
280,6,563.25,70.0,45.0,45.25,1,1,-1,-1
281,6,562.75,70.75,45.0,45.25,1,1,-1,-1
282,6,565.0,73.75,45.0,45.25,1,1,-1,-1
283,6,570.0,77.5,44.75,45.25,1,1,-1,-1
284,6,577.25,83.0,44.25,44.75,1,1,-1,-1
285,6,581.5,87.75,44.25,44.75,1,1,-1,-1
286,6,587.25,92.75,44.5,45.25,1,1,-1,-1
287,6,591.5,99.5,44.75,45.25,1,1,-1,-1
288,6,597.0,104.0,45.0,45.0,1,1,-1,-1
289,6,600.75,112.0,45.25,45.0,1,1,-1,-1
290,6,605.75,118.0,45.0,45.25,1,1,-1,-1
291,6,608.75,124.25,45.0,45.0,1,1,-1,-1
292,6,610.75,129.75,45.0,45.25,1,1,-1,-1
293,6,611.75,131.25,44.75,45.0,1,1,-1,-1
294,6,610.5,130.5,44.75,45.25,1,1,-1,-1
295,6,611.25,130.5,45.0,45.25,1,1,-1,-1
296,6,612.0,129.5,45.0,45.25,1,1,-1,-1
297,6,610.75,128.0,45.0,45.25,1,1,-1,-1
298,6,609.5,126.25,45.0,45.5,1,1,-1,-1
299,6,607.75,124.0,45.0,45.25,1,1,-1,-1
300,6,610.5,121.75,45.0,45.25,1,1,-1,-1
301,6,610.5,120.75,45.0,45.0,1,1,-1,-1
302,6,606.75,120.75,45.25,45.25,1,1,-1,-1
303,6,603.5,119.25,45.25,45.25,1,1,-1,-1
304,6,602.75,117.5,45.0,45.0,1,1,-1,-1
305,6,601.0,115.75,45.25,45.25,1,1,-1,-1
306,6,600.25,113.5,45.25,45.25,1,1,-1,-1
307,6,598.75,110.25,45.0,45.0,1,1,-1,-1
308,6,596.25,107.5,45.0,45.0,1,1,-1,-1
309,6,593.5,105.25,45.0,45.25,1,1,-1,-1
310,6,592.5,103.25,44.75,45.25,1,1,-1,-1
311,6,589.5,98.5,45.0,45.25,1,1,-1,-1
312,6,588.5,97.25,45.0,45.5,1,1,-1,-1
313,6,586.5,95.75,45.0,45.25,1,1,-1,-1
314,6,581.5,90.75,45.0,45.25,1,1,-1,-1
315,6,576.25,84.5,44.75,45.0,1,1,-1,-1
316,6,571.75,79.75,44.75,45.0,1,1,-1,-1
317,6,567.0,71.5,45.0,45.25,1,1,-1,-1
318,6,560.25,66.25,45.0,45.25,1,1,-1,-1
319,6,554.0,63.75,45.0,45.5,1,1,-1,-1
320,6,547.25,61.0,45.0,45.5,1,1,-1,-1
321,6,541.5,58.0,45.0,45.25,1,1,-1,-1
322,6,537.5,55.0,45.25,45.5,1,1,-1,-1
323,6,536.75,51.0,44.75,45.0,1,1,-1,-1
324,6,534.0,47.5,44.75,45.0,1,1,-1,-1
325,6,529.25,46.0,45.0,45.25,1,1,-1,-1
326,6,522.25,44.25,45.5,45.5,1,1,-1,-1
327,6,517.5,43.5,45.5,45.5,1,1,-1,-1
328,6,515.25,42.25,45.5,45.5,1,1,-1,-1
329,6,513.75,41.75,45.25,45.75,1,1,-1,-1
330,6,506.75,37.25,45.0,45.25,1,1,-1,-1
331,6,504.75,36.75,45.0,45.25,1,1,-1,-1
332,6,500.75,37.5,45.25,45.25,1,1,-1,-1
333,6,498.25,38.25,45.5,45.5,1,1,-1,-1
334,6,490.75,36.25,45.25,45.25,1,1,-1,-1
335,6,481.75,33.75,45.25,45.5,1,1,-1,-1
336,6,479.75,31.0,45.0,45.25,1,1,-1,-1
337,6,478.0,29.25,45.0,45.25,1,1,-1,-1
338,6,475.75,27.25,45.0,45.25,1,1,-1,-1
339,6,472.5,27.25,45.25,45.25,1,1,-1,-1
340,6,470.5,28.5,45.25,45.5,1,1,-1,-1
341,6,468.0,29.75,45.25,45.5,1,1,-1,-1
342,6,465.5,30.5,45.5,45.5,1,1,-1,-1
343,6,462.5,30.75,45.5,45.75,1,1,-1,-1
344,6,456.25,28.75,45.25,45.5,1,1,-1,-1
345,6,448.75,26.75,45.25,45.5,1,1,-1,-1
346,6,444.0,26.5,45.25,45.25,1,1,-1,-1
347,6,441.0,25.0,45.25,45.5,1,1,-1,-1
348,6,441.0,26.25,45.25,45.25,1,1,-1,-1
349,6,434.75,22.25,45.25,45.25,1,1,-1,-1
350,6,435.25,21.75,45.25,45.25,1,1,-1,-1
351,6,436.25,22.5,45.5,45.5,1,1,-1,-1
352,6,431.5,22.75,45.5,45.5,1,1,-1,-1
353,6,431.0,22.25,46.0,45.5,1,1,-1,-1
354,6,429.209,22.17,46.0,45.5,1,1,-1,-1
355,6,427.559,22.027,46.0,45.5,1,1,-1,-1
356,6,429.5,23.0,45.5,45.0,1,1,-1,-1
357,6,430.75,22.25,45.25,45.5,1,1,-1,-1
358,6,430.0,22.25,45.0,45.5,1,1,-1,-1
359,6,429.5,22.5,45.5,45.25,1,1,-1,-1
360,6,421.5,23.25,45.25,45.25,1,1,-1,-1
361,6,423.25,22.0,45.25,45.25,1,1,-1,-1
362,6,420.25,22.25,45.25,45.25,1,1,-1,-1
363,6,416.25,22.75,45.5,45.25,1,1,-1,-1
364,6,412.0,20.25,45.25,45.0,1,1,-1,-1
365,6,411.75,19.25,45.0,45.75,1,1,-1,-1
366,6,412.75,20.0,45.0,45.75,1,1,-1,-1
367,6,413.25,21.0,45.25,45.5,1,1,-1,-1
368,6,409.0,18.25,45.25,46.0,1,1,-1,-1
369,6,408.25,17.0,45.25,46.0,1,1,-1,-1
370,6,407.0,18.25,45.0,46.0,1,1,-1,-1
371,6,407.0,16.75,45.0,46.0,1,1,-1,-1
372,6,407.25,15.5,45.25,46.0,1,1,-1,-1
373,6,408.0,16.5,45.25,46.25,1,1,-1,-1
374,6,407.25,15.5,45.0,46.0,1,1,-1,-1
375,6,406.75,14.75,45.0,46.0,1,1,-1,-1
376,6,406.5,15.25,45.0,46.0,1,1,-1,-1
377,6,406.75,15.75,45.0,46.0,1,1,-1,-1
378,6,406.25,15.5,45.0,46.0,1,1,-1,-1
379,6,405.25,16.75,45.0,46.0,1,1,-1,-1
380,6,404.5,17.75,45.0,45.75,1,1,-1,-1
381,6,404.75,16.75,45.0,45.75,1,1,-1,-1
382,6,403.75,17.75,44.75,45.75,1,1,-1,-1
383,6,403.0,17.5,45.0,45.75,1,1,-1,-1
384,6,403.5,17.5,45.0,45.5,1,1,-1,-1
385,6,402.75,18.25,45.0,45.5,1,1,-1,-1
386,6,402.75,18.5,45.0,45.25,1,1,-1,-1
387,6,402.25,16.75,45.25,45.75,1,1,-1,-1
388,6,404.25,15.5,45.0,45.75,1,1,-1,-1
389,6,405.75,14.75,45.25,45.75,1,1,-1,-1
390,6,405.5,14.75,45.25,45.75,1,1,-1,-1
391,6,405.5,14.75,45.25,45.75,1,1,-1,-1
392,6,406.5,16.25,45.0,45.75,1,1,-1,-1
393,6,406.75,19.25,45.25,45.5,1,1,-1,-1
394,6,407.75,19.0,45.5,45.75,1,1,-1,-1
395,6,408.25,19.75,45.25,45.75,1,1,-1,-1
396,6,411.75,19.75,45.5,45.5,1,1,-1,-1
397,6,407.75,21.75,45.25,45.75,1,1,-1,-1
398,6,415.5,27.5,45.0,45.0,1,1,-1,-1
399,6,417.75,24.25,45.25,45.5,1,1,-1,-1
400,6,418.75,23.5,45.25,45.75,1,1,-1,-1
401,6,419.0,25.0,45.25,45.5,1,1,-1,-1
402,6,418.25,27.75,45.25,45.25,1,1,-1,-1
403,6,419.25,30.0,45.25,45.25,1,1,-1,-1
404,6,421.0,32.5,45.25,45.25,1,1,-1,-1
405,6,422.25,33.75,45.0,45.0,1,1,-1,-1
406,6,421.75,36.0,45.25,45.25,1,1,-1,-1
407,6,420.5,38.0,45.5,45.5,1,1,-1,-1
408,6,419.75,39.25,45.5,45.5,1,1,-1,-1
409,6,419.5,39.5,45.5,45.5,1,1,-1,-1
410,6,420.25,41.0,45.25,45.5,1,1,-1,-1
411,6,421.25,43.0,45.25,45.25,1,1,-1,-1
412,6,422.75,44.0,45.25,45.5,1,1,-1,-1
413,6,423.0,47.75,45.0,45.25,1,1,-1,-1
414,6,421.5,49.5,45.0,45.5,1,1,-1,-1
415,6,419.25,53.0,45.0,45.5,1,1,-1,-1
416,6,419.0,52.5,45.25,45.5,1,1,-1,-1
417,6,420.25,53.25,45.25,45.5,1,1,-1,-1
418,6,422.25,50.0,45.0,45.5,1,1,-1,-1
419,6,419.5,47.5,45.0,45.0,1,1,-1,-1
420,6,424.0,46.75,45.0,45.5,1,1,-1,-1
421,6,418.75,41.75,45.25,45.5,1,1,-1,-1
422,6,414.5,37.0,45.25,45.25,1,1,-1,-1
423,6,416.75,35.25,45.5,45.5,1,1,-1,-1
424,6,420.0,32.5,45.25,45.5,1,1,-1,-1
425,6,422.5,28.75,45.25,45.5,1,1,-1,-1
426,6,421.75,26.75,45.25,45.5,1,1,-1,-1
427,6,424.25,24.75,45.25,45.75,1,1,-1,-1
428,6,426.25,24.0,45.25,45.5,1,1,-1,-1
429,6,425.75,23.75,45.25,45.25,1,1,-1,-1
430,6,428.25,24.5,45.25,45.25,1,1,-1,-1
431,6,428.0,25.75,45.25,45.5,1,1,-1,-1
432,6,427.25,28.75,45.5,45.25,1,1,-1,-1
433,6,425.75,30.75,45.5,45.5,1,1,-1,-1
434,6,425.25,32.5,45.5,45.75,1,1,-1,-1
435,6,425.25,34.25,45.5,45.5,1,1,-1,-1
436,6,425.75,34.25,45.75,46.0,1,1,-1,-1
437,6,426.5,34.5,45.75,46.0,1,1,-1,-1
438,6,426.25,38.25,45.5,45.75,1,1,-1,-1
439,6,426.5,42.25,45.5,45.5,1,1,-1,-1
440,6,429.25,45.0,45.25,45.5,1,1,-1,-1
441,6,437.5,47.75,46.0,46.25,1,1,-1,-1
442,6,439.25,47.5,45.25,45.75,1,1,-1,-1
443,6,441.5,48.5,45.0,45.75,1,1,-1,-1
444,6,442.75,50.0,45.5,46.25,1,1,-1,-1
445,6,443.75,53.25,45.5,45.75,1,1,-1,-1
446,6,443.75,55.0,45.25,45.75,1,1,-1,-1
447,6,443.0,55.5,45.25,45.75,1,1,-1,-1
448,6,442.75,58.5,45.25,45.5,1,1,-1,-1
449,6,444.5,62.5,45.25,45.5,1,1,-1,-1
450,6,448.25,64.0,45.5,45.75,1,1,-1,-1
451,6,452.75,64.0,46.0,45.5,1,1,-1,-1
452,6,454.25,63.75,45.5,45.75,1,1,-1,-1
453,6,455.5,62.75,45.5,45.75,1,1,-1,-1
454,6,456.25,64.75,45.75,46.0,1,1,-1,-1
455,6,461.5,63.5,45.0,45.0,1,1,-1,-1
456,6,466.5,62.5,45.0,45.0,1,1,-1,-1
457,6,466.5,62.5,45.0,45.0,1,1,-1,-1
458,6,468.0,61.0,45.75,46.75,1,1,-1,-1
459,6,467.0,56.5,47.75,49.75,1,1,-1,-1
460,6,471.75,57.0,46.75,48.75,1,1,-1,-1
461,6,471.25,57.0,48.0,50.0,1,1,-1,-1
462,6,472.802,56.215,48.0,50.0,1,1,-1,-1
463,6,473.827,55.625,48.0,50.0,1,1,-1,-1
464,6,484.0,45.25,45.5,45.75,1,1,-1,-1
465,6,488.25,42.25,45.25,45.5,1,1,-1,-1
466,6,492.25,39.25,45.25,45.5,1,1,-1,-1
467,6,497.024,35.253,45.25,45.5,1,1,-1,-1
468,6,503.75,39.0,45.25,45.25,1,1,-1,-1
469,6,511.75,41.0,45.0,45.5,1,1,-1,-1
470,6,515.25,41.5,45.0,45.25,1,1,-1,-1
471,6,517.25,40.5,44.75,45.25,1,1,-1,-1
472,6,521.0,41.5,45.0,45.25,1,1,-1,-1
473,6,521.25,42.5,45.25,45.5,1,1,-1,-1
474,6,522.25,44.0,45.25,45.5,1,1,-1,-1
475,6,526.25,44.0,45.0,46.25,1,1,-1,-1
476,6,530.5,45.0,44.75,45.25,1,1,-1,-1
477,6,531.25,45.25,44.75,45.25,1,1,-1,-1
478,6,532.25,46.25,45.0,45.25,1,1,-1,-1
479,6,533.5,46.75,44.75,45.25,1,1,-1,-1
480,6,538.0,48.75,44.75,45.25,1,1,-1,-1
481,6,542.5,49.75,44.75,45.75,1,1,-1,-1
482,6,546.5,53.25,44.75,46.0,1,1,-1,-1
483,6,551.5,55.0,45.0,46.0,1,1,-1,-1
484,6,555.5,57.75,45.0,46.0,1,1,-1,-1
485,6,562.25,63.0,45.25,45.75,1,1,-1,-1
486,6,567.5,69.25,45.25,46.25,1,1,-1,-1
487,6,575.5,75.0,45.0,47.0,1,1,-1,-1
488,6,583.0,82.75,44.75,45.25,1,1,-1,-1
489,6,586.5,88.75,45.0,46.5,1,1,-1,-1
490,6,591.5,97.5,44.75,45.25,1,1,-1,-1
491,6,595.0,104.25,44.75,45.25,1,1,-1,-1
492,6,598.0,113.25,45.25,46.0,1,1,-1,-1
493,6,603.5,119.75,45.25,46.25,1,1,-1,-1
494,6,610.5,127.25,45.0,46.0,1,1,-1,-1
495,6,616.5,136.25,45.0,46.0,1,1,-1,-1
496,6,621.0,143.75,44.75,45.0,1,1,-1,-1
497,6,625.75,153.5,45.5,45.25,1,1,-1,-1
498,6,627.25,159.0,45.5,45.0,1,1,-1,-1
499,6,628.0,165.5,45.25,45.25,1,1,-1,-1
500,6,628.75,173.5,45.25,45.0,1,1,-1,-1
1,7,388.0,13.5,45.0,46.0,1,1,-1,-1
2,7,387.25,12.75,45.0,45.5,1,1,-1,-1
3,7,387.25,14.0,45.0,45.75,1,1,-1,-1
4,7,387.5,14.0,45.0,46.0,1,1,-1,-1
5,7,386.5,15.0,45.0,45.75,1,1,-1,-1
6,7,385.5,16.25,45.0,45.75,1,1,-1,-1
7,7,386.0,17.0,45.0,45.75,1,1,-1,-1
8,7,384.5,18.5,45.0,45.5,1,1,-1,-1
9,7,385.0,18.75,45.0,45.75,1,1,-1,-1
10,7,388.75,15.5,45.0,46.0,1,1,-1,-1
11,7,395.5,12.25,45.0,45.5,1,1,-1,-1
12,7,398.0,12.25,45.0,45.75,1,1,-1,-1
13,7,400.0,14.25,45.0,45.75,1,1,-1,-1
14,7,401.0,13.25,45.0,46.0,1,1,-1,-1
15,7,400.75,14.75,44.75,45.75,1,1,-1,-1
16,7,400.0,15.75,45.0,45.75,1,1,-1,-1
17,7,403.0,14.5,45.0,45.75,1,1,-1,-1
18,7,403.75,16.5,45.0,45.5,1,1,-1,-1
19,7,404.0,19.0,45.0,45.25,1,1,-1,-1
20,7,409.5,21.75,45.25,45.25,1,1,-1,-1
21,7,415.75,23.75,45.25,45.25,1,1,-1,-1
22,7,424.25,27.25,45.25,45.25,1,1,-1,-1
23,7,434.0,31.0,45.25,44.75,1,1,-1,-1
24,7,442.75,33.25,45.75,45.0,1,1,-1,-1
25,7,442.5,40.5,45.0,45.0,1,1,-1,-1
26,7,441.5,42.5,45.0,45.0,1,1,-1,-1
27,7,444.5,47.5,45.0,45.0,1,1,-1,-1
28,7,448.0,48.25,45.0,45.75,1,1,-1,-1
29,7,452.25,51.5,45.25,45.5,1,1,-1,-1
30,7,457.25,55.0,45.0,45.5,1,1,-1,-1
31,7,463.0,60.5,45.25,45.75,1,1,-1,-1
32,7,467.5,63.75,45.5,45.5,1,1,-1,-1
33,7,473.75,65.5,45.25,45.5,1,1,-1,-1
34,7,478.388,68.593,45.25,45.5,1,1,-1,-1
35,7,472.0,64.75,45.5,45.75,1,1,-1,-1
36,7,473.319,64.088,45.5,45.75,1,1,-1,-1
37,7,474.008,63.661,45.5,45.75,1,1,-1,-1
38,7,474.696,63.235,45.5,45.75,1,1,-1,-1
39,7,475.385,62.809,45.5,45.75,1,1,-1,-1
40,7,484.0,55.5,45.25,45.25,1,1,-1,-1
41,7,487.25,54.25,45.25,45.75,1,1,-1,-1
42,7,492.75,54.5,45.25,45.75,1,1,-1,-1
43,7,497.75,55.5,45.0,45.5,1,1,-1,-1
44,7,498.75,57.5,45.25,45.5,1,1,-1,-1
45,7,501.25,59.5,45.25,45.75,1,1,-1,-1
46,7,502.25,60.5,45.25,46.0,1,1,-1,-1
47,7,502.5,60.75,45.25,45.75,1,1,-1,-1
48,7,503.5,60.5,45.5,46.5,1,1,-1,-1
49,7,504.25,61.0,45.25,45.75,1,1,-1,-1
50,7,504.75,61.25,45.25,45.75,1,1,-1,-1
51,7,505.0,62.75,45.25,45.75,1,1,-1,-1
52,7,504.75,63.75,45.25,45.5,1,1,-1,-1
53,7,505.25,64.75,45.5,45.5,1,1,-1,-1
54,7,507.0,65.0,45.25,45.5,1,1,-1,-1
55,7,509.25,64.5,45.5,45.5,1,1,-1,-1
56,7,509.0,63.0,45.5,45.5,1,1,-1,-1
57,7,511.0,62.5,45.5,45.75,1,1,-1,-1
58,7,512.75,62.5,45.5,45.75,1,1,-1,-1
59,7,516.5,61.25,46.0,47.75,1,1,-1,-1
60,7,518.494,60.879,46.0,47.75,1,1,-1,-1
61,7,521.5,62.5,45.0,45.0,1,1,-1,-1
62,7,521.75,61.25,45.5,45.75,1,1,-1,-1
63,7,523.0,57.75,45.75,45.5,1,1,-1,-1
64,7,527.75,56.0,45.5,45.5,1,1,-1,-1
65,7,529.25,53.0,45.5,45.75,1,1,-1,-1
66,7,530.0,52.0,45.25,45.5,1,1,-1,-1
67,7,532.25,51.25,45.25,45.5,1,1,-1,-1
68,7,532.75,51.5,45.25,45.5,1,1,-1,-1
69,7,533.0,52.25,45.25,45.25,1,1,-1,-1
70,7,532.0,54.5,45.25,45.25,1,1,-1,-1
71,7,532.0,56.25,45.25,45.25,1,1,-1,-1
72,7,534.25,55.5,45.25,45.25,1,1,-1,-1
73,7,536.75,54.5,45.0,45.25,1,1,-1,-1
74,7,542.0,54.25,45.0,45.0,1,1,-1,-1
75,7,545.5,54.0,45.25,45.0,1,1,-1,-1
76,7,548.25,55.75,45.0,45.25,1,1,-1,-1
77,7,553.5,57.25,45.0,45.25,1,1,-1,-1
78,7,557.25,56.75,45.0,45.25,1,1,-1,-1
79,7,561.75,60.0,45.25,45.25,1,1,-1,-1
80,7,567.25,64.75,45.0,45.25,1,1,-1,-1
81,7,571.5,69.5,45.0,45.5,1,1,-1,-1
82,7,573.25,72.0,45.0,45.0,1,1,-1,-1
83,7,579.25,77.25,44.75,45.25,1,1,-1,-1
84,7,584.75,84.5,44.75,45.25,1,1,-1,-1
85,7,588.75,91.25,44.75,45.25,1,1,-1,-1
86,7,592.75,93.5,45.0,45.25,1,1,-1,-1
87,7,595.5,97.0,44.5,45.0,1,1,-1,-1
88,7,596.75,99.75,44.75,45.0,1,1,-1,-1
89,7,598.25,100.5,44.75,45.0,1,1,-1,-1
90,7,598.75,100.5,44.75,45.0,1,1,-1,-1
91,7,598.75,101.0,44.75,45.0,1,1,-1,-1
92,7,599.5,102.0,44.75,45.0,1,1,-1,-1
93,7,599.75,104.75,44.75,45.0,1,1,-1,-1
94,7,600.75,105.75,45.0,45.0,1,1,-1,-1
95,7,601.0,107.5,45.0,45.0,1,1,-1,-1
96,7,601.25,107.5,45.0,45.0,1,1,-1,-1
97,7,604.5,108.25,45.25,45.0,1,1,-1,-1
98,7,605.75,109.0,45.0,45.0,1,1,-1,-1
99,7,608.0,112.5,45.25,45.25,1,1,-1,-1
100,7,607.5,113.5,45.25,45.25,1,1,-1,-1
101,7,609.0,111.75,45.25,45.0,1,1,-1,-1
102,7,609.75,112.25,45.25,45.0,1,1,-1,-1
103,7,609.75,112.5,45.5,45.0,1,1,-1,-1
104,7,610.0,116.0,45.75,45.0,1,1,-1,-1
105,7,611.5,116.0,45.5,45.0,1,1,-1,-1
106,7,615.25,116.75,45.5,45.0,1,1,-1,-1
107,7,616.691,118.147,45.5,45.0,1,1,-1,-1
108,7,618.749,119.247,45.5,45.0,1,1,-1,-1
109,7,620.807,120.347,45.5,45.0,1,1,-1,-1
110,7,622.865,121.448,45.5,45.0,1,1,-1,-1
111,7,624.923,122.548,45.5,45.0,1,1,-1,-1
112,7,626.982,123.648,45.5,45.0,1,1,-1,-1
113,7,629.04,124.749,45.5,45.0,1,1,-1,-1
114,7,629.25,137.25,45.0,45.0,1,1,-1,-1
115,7,631.5,138.5,45.25,45.0,1,1,-1,-1
116,7,632.75,141.75,45.25,45.0,1,1,-1,-1
117,7,633.0,144.25,45.25,45.0,1,1,-1,-1
118,7,632.0,147.0,45.5,45.25,1,1,-1,-1
119,7,632.25,149.75,45.5,45.25,1,1,-1,-1
120,7,630.75,153.75,45.5,45.5,1,1,-1,-1
121,7,630.75,163.75,45.5,45.25,1,1,-1,-1
122,7,632.75,164.0,45.25,45.0,1,1,-1,-1
123,7,631.75,164.75,45.5,45.25,1,1,-1,-1
124,7,632.5,166.5,45.5,45.0,1,1,-1,-1
125,7,633.0,167.75,45.25,45.0,1,1,-1,-1
126,7,631.0,164.25,45.25,45.0,1,1,-1,-1
127,7,630.75,163.25,45.5,45.0,1,1,-1,-1
128,7,631.75,166.25,45.5,45.0,1,1,-1,-1
129,7,633.5,168.0,45.25,44.75,1,1,-1,-1
130,7,633.5,166.25,45.5,45.0,1,1,-1,-1
131,7,633.0,167.75,45.25,45.0,1,1,-1,-1
132,7,632.75,167.0,45.25,45.0,1,1,-1,-1
133,7,631.75,167.0,45.25,45.0,1,1,-1,-1
134,7,633.0,167.5,45.25,45.0,1,1,-1,-1
135,7,636.0,166.0,45.0,44.75,1,1,-1,-1
136,7,638.25,167.0,45.25,44.75,1,1,-1,-1
137,7,639.5,167.5,45.25,45.0,1,1,-1,-1
138,7,641.25,170.75,45.25,45.0,1,1,-1,-1
139,7,642.75,174.5,45.25,44.75,1,1,-1,-1
140,7,644.75,179.25,45.0,44.75,1,1,-1,-1
141,7,644.25,183.25,45.0,45.0,1,1,-1,-1
142,7,645.5,186.25,45.25,45.25,1,1,-1,-1
143,7,644.0,194.0,45.5,45.0,1,1,-1,-1
144,7,644.0,201.75,45.5,45.0,1,1,-1,-1
145,7,643.0,208.25,45.5,45.25,1,1,-1,-1
146,7,641.0,221.0,45.5,45.25,1,1,-1,-1
147,7,642.25,231.25,45.25,45.0,1,1,-1,-1
148,7,640.5,241.75,45.25,45.0,1,1,-1,-1
149,7,642.0,254.25,45.25,45.25,1,1,-1,-1
150,7,641.25,267.25,45.0,45.0,1,1,-1,-1
151,7,640.75,278.25,45.25,45.0,1,1,-1,-1
152,7,641.75,288.5,45.25,45.25,1,1,-1,-1
153,7,640.25,296.0,45.5,45.25,1,1,-1,-1
154,7,637.25,302.75,45.25,45.0,1,1,-1,-1
155,7,634.5,308.75,45.25,45.0,1,1,-1,-1
156,7,630.0,315.0,45.25,45.0,1,1,-1,-1
157,7,623.5,321.0,45.5,45.25,1,1,-1,-1
158,7,621.5,326.5,45.25,45.25,1,1,-1,-1
159,7,621.75,327.0,45.0,45.25,1,1,-1,-1
160,7,621.25,330.25,45.5,45.0,1,1,-1,-1
161,7,619.75,336.0,45.25,45.5,1,1,-1,-1
162,7,620.25,339.75,45.25,45.5,1,1,-1,-1
163,7,619.0,343.25,45.25,45.0,1,1,-1,-1
164,7,615.25,349.0,45.25,45.25,1,1,-1,-1
165,7,612.5,350.75,45.25,45.5,1,1,-1,-1
166,7,610.25,355.0,45.0,45.25,1,1,-1,-1
167,7,606.5,360.5,45.0,45.25,1,1,-1,-1
168,7,602.0,368.0,45.0,45.5,1,1,-1,-1
169,7,598.0,371.0,45.25,45.5,1,1,-1,-1
170,7,592.25,377.25,45.25,45.75,1,1,-1,-1
171,7,588.0,380.5,45.25,45.5,1,1,-1,-1
172,7,586.5,380.75,45.25,45.25,1,1,-1,-1
173,7,585.5,382.5,45.0,45.5,1,1,-1,-1
174,7,585.5,386.75,45.25,46.5,1,1,-1,-1
175,7,586.25,388.75,45.0,46.0,1,1,-1,-1
176,7,587.25,391.5,45.0,46.25,1,1,-1,-1
177,7,587.25,394.5,45.0,45.25,1,1,-1,-1
178,7,586.25,395.0,45.0,45.25,1,1,-1,-1
179,7,585.75,396.5,44.75,45.25,1,1,-1,-1
180,7,585.5,398.0,44.75,45.25,1,1,-1,-1
181,7,584.0,400.75,44.75,45.5,1,1,-1,-1
182,7,582.0,402.0,45.0,46.0,1,1,-1,-1
183,7,581.25,403.25,45.0,45.5,1,1,-1,-1
184,7,578.0,406.5,45.0,45.5,1,1,-1,-1
185,7,575.0,409.25,45.0,45.25,1,1,-1,-1
186,7,568.75,414.0,45.0,45.0,1,1,-1,-1
187,7,566.75,416.75,44.75,45.0,1,1,-1,-1
188,7,566.5,417.25,45.0,45.0,1,1,-1,-1
189,7,566.5,418.75,45.0,45.25,1,1,-1,-1
190,7,563.25,420.5,45.25,45.25,1,1,-1,-1
191,7,560.0,424.25,45.25,45.25,1,1,-1,-1
192,7,559.0,427.25,45.0,45.25,1,1,-1,-1
193,7,558.5,427.75,45.25,45.25,1,1,-1,-1
194,7,558.5,428.75,45.0,45.25,1,1,-1,-1
195,7,556.75,429.5,45.0,45.25,1,1,-1,-1
196,7,554.25,430.75,45.0,45.5,1,1,-1,-1
197,7,552.25,431.0,45.0,45.25,1,1,-1,-1
198,7,551.5,431.0,45.25,45.5,1,1,-1,-1
199,7,551.25,430.5,45.25,45.5,1,1,-1,-1
200,7,551.25,430.5,45.0,45.5,1,1,-1,-1
201,7,550.75,430.0,45.25,45.5,1,1,-1,-1
202,7,549.25,432.0,45.25,45.5,1,1,-1,-1
203,7,549.0,431.5,45.0,45.5,1,1,-1,-1
204,7,548.75,431.75,45.25,45.5,1,1,-1,-1
205,7,548.5,430.5,45.0,45.5,1,1,-1,-1
206,7,547.75,432.75,45.0,45.25,1,1,-1,-1
207,7,547.0,435.0,45.0,45.25,1,1,-1,-1
208,7,546.25,437.25,45.0,45.25,1,1,-1,-1
209,7,547.0,434.0,45.0,45.5,1,1,-1,-1
210,7,546.25,433.5,45.25,47.0,1,1,-1,-1
211,7,545.25,434.75,45.25,46.25,1,1,-1,-1
212,7,545.25,435.0,45.0,45.5,1,1,-1,-1
213,7,544.0,435.0,45.0,46.25,1,1,-1,-1
214,7,543.25,435.75,45.0,45.5,1,1,-1,-1
215,7,542.25,436.0,45.0,46.0,1,1,-1,-1
216,7,541.25,436.5,45.0,45.25,1,1,-1,-1
217,7,540.25,439.25,45.0,45.25,1,1,-1,-1
218,7,537.5,440.25,45.0,45.75,1,1,-1,-1
219,7,537.5,439.5,45.0,45.5,1,1,-1,-1
220,7,537.75,443.0,45.0,45.5,1,1,-1,-1
221,7,536.5,444.0,45.25,46.5,1,1,-1,-1
222,7,536.0,445.75,45.25,46.5,1,1,-1,-1
223,7,535.0,447.0,45.25,45.75,1,1,-1,-1
224,7,532.0,447.75,45.5,46.0,1,1,-1,-1
225,7,525.25,449.75,45.25,45.75,1,1,-1,-1
226,7,527.25,451.5,45.25,45.5,1,1,-1,-1
227,7,524.75,453.0,45.5,47.25,1,1,-1,-1
228,7,523.25,456.25,45.25,45.75,1,1,-1,-1
229,7,524.25,455.5,45.0,45.5,1,1,-1,-1
230,7,523.25,455.5,45.0,45.25,1,1,-1,-1
231,7,519.25,457.5,45.5,45.25,1,1,-1,-1
232,7,516.5,457.25,45.5,45.25,1,1,-1,-1
233,7,514.75,458.5,45.75,45.75,1,1,-1,-1
234,7,509.75,463.25,45.5,45.5,1,1,-1,-1
235,7,505.75,464.5,45.25,45.5,1,1,-1,-1
236,7,503.5,466.0,45.25,45.5,1,1,-1,-1
237,7,499.25,465.25,45.25,45.5,1,1,-1,-1
238,7,493.5,464.25,45.25,45.5,1,1,-1,-1
239,7,487.25,464.0,45.5,45.75,1,1,-1,-1
240,7,479.0,464.75,45.25,45.5,1,1,-1,-1
241,7,471.75,465.0,45.25,45.5,1,1,-1,-1
242,7,461.75,463.0,45.25,45.75,1,1,-1,-1
243,7,454.0,460.5,45.25,45.5,1,1,-1,-1
244,7,446.75,459.5,45.0,45.25,1,1,-1,-1
245,7,439.25,455.75,45.0,45.25,1,1,-1,-1
246,7,433.5,451.25,44.75,45.0,1,1,-1,-1
247,7,425.75,448.75,45.0,45.25,1,1,-1,-1
248,7,418.5,445.75,45.25,45.75,1,1,-1,-1
249,7,409.25,443.0,45.0,45.5,1,1,-1,-1
250,7,400.75,438.5,45.0,45.75,1,1,-1,-1
251,7,391.5,436.5,45.0,45.5,1,1,-1,-1
252,7,380.5,433.25,45.0,45.5,1,1,-1,-1
253,7,370.5,428.75,45.0,45.75,1,1,-1,-1
254,7,364.75,428.0,45.25,46.0,1,1,-1,-1
255,7,361.75,431.25,45.25,45.5,1,1,-1,-1
256,7,360.5,431.75,45.0,45.5,1,1,-1,-1
257,7,355.5,435.25,45.5,45.5,1,1,-1,-1
258,7,352.25,436.25,45.25,46.25,1,1,-1,-1
259,7,350.0,435.0,45.5,46.0,1,1,-1,-1
260,7,343.75,433.75,45.75,46.5,1,1,-1,-1
261,7,338.75,433.25,45.5,45.75,1,1,-1,-1
262,7,331.5,431.75,45.25,45.75,1,1,-1,-1
263,7,329.75,430.0,45.25,45.75,1,1,-1,-1
264,7,329.75,428.75,45.25,45.5,1,1,-1,-1
265,7,330.75,427.5,45.25,45.5,1,1,-1,-1
266,7,331.25,426.75,45.25,45.5,1,1,-1,-1
267,7,329.75,428.5,45.5,45.25,1,1,-1,-1
268,7,329.5,428.75,45.5,45.5,1,1,-1,-1
269,7,333.5,426.0,45.5,45.25,1,1,-1,-1
270,7,332.578,426.299,45.5,45.25,1,1,-1,-1
271,7,328.25,428.5,45.25,45.25,1,1,-1,-1
272,7,327.5,429.5,45.5,45.75,1,1,-1,-1
273,7,326.0,430.0,45.5,45.5,1,1,-1,-1
274,7,327.5,428.25,45.25,45.5,1,1,-1,-1
275,7,324.75,428.75,45.5,45.5,1,1,-1,-1
276,7,332.0,419.75,45.75,45.75,1,1,-1,-1
277,7,324.5,426.75,45.5,45.75,1,1,-1,-1
278,7,329.0,425.75,45.75,45.75,1,1,-1,-1
279,7,327.5,426.25,45.75,45.5,1,1,-1,-1
280,7,327.75,426.0,45.75,45.5,1,1,-1,-1
281,7,326.75,426.0,45.75,45.5,1,1,-1,-1
282,7,327.75,426.0,45.5,45.75,1,1,-1,-1
283,7,327.0,425.25,45.5,45.5,1,1,-1,-1
284,7,327.0,426.25,45.75,45.75,1,1,-1,-1
285,7,326.5,425.75,45.75,45.75,1,1,-1,-1
286,7,328.0,425.25,45.5,45.5,1,1,-1,-1
287,7,327.75,424.75,45.5,45.75,1,1,-1,-1
288,7,328.5,424.25,45.5,45.5,1,1,-1,-1
289,7,329.0,423.5,45.75,45.5,1,1,-1,-1
290,7,329.25,423.75,45.5,45.5,1,1,-1,-1
291,7,329.0,424.25,45.5,45.5,1,1,-1,-1
292,7,329.25,423.25,45.5,45.5,1,1,-1,-1
293,7,328.75,423.75,45.75,45.75,1,1,-1,-1
294,7,328.75,423.5,45.5,45.5,1,1,-1,-1
295,7,328.5,422.75,45.75,46.0,1,1,-1,-1
296,7,329.0,423.25,45.5,45.5,1,1,-1,-1
297,7,329.25,423.5,45.75,45.5,1,1,-1,-1
298,7,329.25,423.25,45.5,45.75,1,1,-1,-1
299,7,329.75,424.0,45.5,45.5,1,1,-1,-1
300,7,330.5,424.25,45.75,45.5,1,1,-1,-1
301,7,329.75,424.0,45.75,45.5,1,1,-1,-1
302,7,330.25,424.5,45.5,45.5,1,1,-1,-1
303,7,329.0,424.0,45.5,45.75,1,1,-1,-1
304,7,330.5,424.5,45.5,45.5,1,1,-1,-1
305,7,330.5,424.25,45.5,45.75,1,1,-1,-1
306,7,330.75,424.5,45.5,45.5,1,1,-1,-1
307,7,330.75,424.5,45.5,45.5,1,1,-1,-1
308,7,330.0,424.25,45.75,45.75,1,1,-1,-1
309,7,329.75,424.25,45.5,45.5,1,1,-1,-1
310,7,330.0,424.5,45.5,45.5,1,1,-1,-1
311,7,330.25,424.25,45.5,45.5,1,1,-1,-1
312,7,330.75,424.5,45.5,45.75,1,1,-1,-1
313,7,330.75,424.75,45.5,45.5,1,1,-1,-1
314,7,331.0,424.0,45.5,45.5,1,1,-1,-1
315,7,330.75,424.5,45.5,45.5,1,1,-1,-1
316,7,331.0,424.5,45.5,45.5,1,1,-1,-1
317,7,331.0,425.25,45.5,45.5,1,1,-1,-1
318,7,331.0,425.0,45.5,45.5,1,1,-1,-1
319,7,331.0,425.5,45.5,45.5,1,1,-1,-1
320,7,331.25,425.25,45.5,45.5,1,1,-1,-1
321,7,331.25,425.25,45.5,45.5,1,1,-1,-1
322,7,331.25,425.0,45.5,45.5,1,1,-1,-1
323,7,331.25,425.0,45.75,45.5,1,1,-1,-1
324,7,330.75,424.5,45.75,45.75,1,1,-1,-1
325,7,331.0,424.75,45.5,45.75,1,1,-1,-1
326,7,331.0,425.5,45.5,45.5,1,1,-1,-1
327,7,330.75,426.0,45.5,45.5,1,1,-1,-1
328,7,331.25,425.75,45.5,45.5,1,1,-1,-1
329,7,331.25,427.0,45.75,45.5,1,1,-1,-1
330,7,331.0,427.0,45.5,46.5,1,1,-1,-1
331,7,331.25,427.0,45.5,45.5,1,1,-1,-1
332,7,331.75,427.0,45.5,45.5,1,1,-1,-1
333,7,331.25,427.25,45.5,45.75,1,1,-1,-1
334,7,331.75,427.75,45.5,45.5,1,1,-1,-1
335,7,331.25,428.0,45.25,45.5,1,1,-1,-1
336,7,331.25,428.5,45.5,45.5,1,1,-1,-1
337,7,330.75,428.25,45.75,45.5,1,1,-1,-1
338,7,331.0,427.75,45.5,45.5,1,1,-1,-1
339,7,330.5,428.5,45.5,45.5,1,1,-1,-1
340,7,330.5,429.25,45.25,45.5,1,1,-1,-1
341,7,330.25,429.75,45.25,45.5,1,1,-1,-1
342,7,330.75,429.75,45.25,45.5,1,1,-1,-1
343,7,331.0,429.5,45.5,45.5,1,1,-1,-1
344,7,330.75,430.0,45.5,45.5,1,1,-1,-1
345,7,330.75,429.5,45.25,45.5,1,1,-1,-1
346,7,331.25,429.5,45.25,45.5,1,1,-1,-1
347,7,332.25,429.0,45.0,45.5,1,1,-1,-1
348,7,331.75,429.0,45.0,45.5,1,1,-1,-1
349,7,331.25,428.75,45.25,45.75,1,1,-1,-1
350,7,331.75,428.75,45.0,45.5,1,1,-1,-1
351,7,332.75,428.75,45.25,45.5,1,1,-1,-1
352,7,332.0,427.75,45.5,46.5,1,1,-1,-1
353,7,330.25,427.0,45.25,46.75,1,1,-1,-1
354,7,330.0,427.0,45.5,46.75,1,1,-1,-1
355,7,331.0,426.0,45.5,46.75,1,1,-1,-1
356,7,332.75,424.75,45.25,46.0,1,1,-1,-1
357,7,332.25,426.25,45.5,46.25,1,1,-1,-1
358,7,334.0,426.0,45.5,46.5,1,1,-1,-1
359,7,334.5,426.25,45.5,46.0,1,1,-1,-1
360,7,334.75,424.75,45.25,45.75,1,1,-1,-1
361,7,334.75,424.25,45.5,45.5,1,1,-1,-1
362,7,335.75,423.75,45.25,45.75,1,1,-1,-1
363,7,335.5,423.25,45.5,45.75,1,1,-1,-1
364,7,333.75,423.5,45.5,45.75,1,1,-1,-1
365,7,334.0,424.5,45.5,45.75,1,1,-1,-1
366,7,333.5,422.75,45.5,45.75,1,1,-1,-1
367,7,333.0,422.5,45.75,45.75,1,1,-1,-1
368,7,332.75,421.5,45.75,45.75,1,1,-1,-1
369,7,333.0,419.0,45.75,45.5,1,1,-1,-1
370,7,333.5,419.25,45.75,45.5,1,1,-1,-1
371,7,333.75,419.5,45.75,45.25,1,1,-1,-1
372,7,334.0,418.75,45.5,45.25,1,1,-1,-1
373,7,333.0,418.5,45.5,45.25,1,1,-1,-1
374,7,332.0,418.75,45.5,45.5,1,1,-1,-1
375,7,330.75,419.5,45.75,45.5,1,1,-1,-1
376,7,329.5,419.5,45.75,45.5,1,1,-1,-1
377,7,326.5,420.0,45.75,45.75,1,1,-1,-1
378,7,323.0,423.25,45.5,45.5,1,1,-1,-1
379,7,322.0,422.5,45.75,45.5,1,1,-1,-1
380,7,317.25,420.5,45.75,45.75,1,1,-1,-1
381,7,315.25,418.75,45.75,46.75,1,1,-1,-1
382,7,312.0,419.5,45.75,47.5,1,1,-1,-1
383,7,309.0,418.75,45.5,46.5,1,1,-1,-1
384,7,302.75,416.0,45.5,46.25,1,1,-1,-1
385,7,296.25,412.0,45.5,47.0,1,1,-1,-1
386,7,288.75,407.25,45.25,47.25,1,1,-1,-1
387,7,283.25,404.0,45.25,46.5,1,1,-1,-1
388,7,277.75,397.75,45.0,46.75,1,1,-1,-1
389,7,270.5,393.0,45.0,46.75,1,1,-1,-1
390,7,263.25,387.5,45.25,47.75,1,1,-1,-1
391,7,256.75,381.25,45.5,47.75,1,1,-1,-1
392,7,251.75,374.25,45.5,47.75,1,1,-1,-1
393,7,248.25,369.5,45.5,48.0,1,1,-1,-1
394,7,245.25,365.0,45.25,46.75,1,1,-1,-1
395,7,244.5,360.5,45.25,46.5,1,1,-1,-1
396,7,244.5,357.0,45.0,46.75,1,1,-1,-1
397,7,242.75,351.25,45.25,47.0,1,1,-1,-1
398,7,242.5,347.25,45.25,46.25,1,1,-1,-1
399,7,244.25,347.5,45.25,45.5,1,1,-1,-1
400,7,244.5,343.0,45.25,46.5,1,1,-1,-1
401,7,243.5,338.5,45.25,45.5,1,1,-1,-1
402,7,243.25,318.75,45.25,45.5,1,1,-1,-1
403,7,241.0,314.75,45.5,45.25,1,1,-1,-1
404,7,243.75,322.75,45.25,45.5,1,1,-1,-1
405,7,245.0,323.5,45.25,45.25,1,1,-1,-1
406,7,245.0,322.5,45.25,45.25,1,1,-1,-1
407,7,246.5,320.75,45.25,45.25,1,1,-1,-1
408,7,245.0,313.0,45.25,45.25,1,1,-1,-1
409,7,244.75,313.25,45.25,45.5,1,1,-1,-1
410,7,245.75,313.75,45.25,45.25,1,1,-1,-1
411,7,244.5,312.75,45.5,45.5,1,1,-1,-1
412,7,245.25,313.0,45.5,45.25,1,1,-1,-1
413,7,246.25,315.25,45.5,45.5,1,1,-1,-1
414,7,246.0,314.25,45.5,45.5,1,1,-1,-1
415,7,242.5,312.5,45.5,45.5,1,1,-1,-1
416,7,238.25,314.75,45.5,45.0,1,1,-1,-1
417,7,239.0,311.75,45.25,45.25,1,1,-1,-1
418,7,233.25,320.0,45.25,46.25,1,1,-1,-1
419,7,228.0,317.25,47.5,49.5,1,1,-1,-1
420,7,229.25,318.0,46.25,47.75,1,1,-1,-1
421,7,229.25,316.25,46.5,48.5,1,1,-1,-1
422,7,230.25,315.25,45.5,47.25,1,1,-1,-1
423,7,233.25,314.0,45.75,46.25,1,1,-1,-1
424,7,234.5,318.5,45.0,45.0,1,1,-1,-1
425,7,236.75,316.0,45.5,45.75,1,1,-1,-1
426,7,240.5,318.5,45.0,45.0,1,1,-1,-1
427,7,240.5,319.5,45.25,45.5,1,1,-1,-1
428,7,242.5,315.5,45.5,45.5,1,1,-1,-1
429,7,243.75,314.25,45.5,45.5,1,1,-1,-1
430,7,246.25,313.5,45.5,45.5,1,1,-1,-1
431,7,250.5,310.25,45.25,45.75,1,1,-1,-1
432,7,252.5,307.75,46.25,48.0,1,1,-1,-1
433,7,255.75,305.5,45.25,46.25,1,1,-1,-1
434,7,261.5,303.0,45.0,45.5,1,1,-1,-1
435,7,258.75,301.25,45.0,46.0,1,1,-1,-1
436,7,261.5,299.0,45.0,45.25,1,1,-1,-1
437,7,265.0,292.25,45.5,45.25,1,1,-1,-1
438,7,267.5,288.0,45.25,45.25,1,1,-1,-1
439,7,273.5,283.5,45.0,45.25,1,1,-1,-1
440,7,273.25,280.0,45.0,45.25,1,1,-1,-1
441,7,272.0,277.25,45.25,45.25,1,1,-1,-1
442,7,271.25,274.25,45.0,44.75,1,1,-1,-1
443,7,268.5,272.75,45.0,44.75,1,1,-1,-1
444,7,265.25,269.25,45.25,45.25,1,1,-1,-1
445,7,266.25,262.25,45.0,45.5,1,1,-1,-1
446,7,266.0,259.5,45.5,45.25,1,1,-1,-1
447,7,263.5,255.5,45.5,45.5,1,1,-1,-1
448,7,263.75,255.75,45.5,45.5,1,1,-1,-1
449,7,262.75,256.0,45.5,45.5,1,1,-1,-1
450,7,262.0,257.25,45.5,45.5,1,1,-1,-1
451,7,261.5,257.5,45.5,45.5,1,1,-1,-1
452,7,260.75,258.25,45.5,45.25,1,1,-1,-1
453,7,260.0,259.25,45.25,45.5,1,1,-1,-1
454,7,258.75,260.25,45.5,46.0,1,1,-1,-1
455,7,259.25,262.0,45.25,45.5,1,1,-1,-1
456,7,258.0,261.5,45.25,45.25,1,1,-1,-1
457,7,258.25,261.5,45.25,45.5,1,1,-1,-1
458,7,257.641,261.817,45.25,45.5,1,1,-1,-1
459,7,257.256,262.019,45.25,45.5,1,1,-1,-1
460,7,259.75,260.25,45.0,45.25,1,1,-1,-1
461,7,259.25,259.5,45.0,45.25,1,1,-1,-1
462,7,258.0,258.75,45.0,45.25,1,1,-1,-1
463,7,256.5,260.25,45.25,45.25,1,1,-1,-1
464,7,256.75,260.25,45.25,45.5,1,1,-1,-1
465,7,256.0,261.0,45.25,45.5,1,1,-1,-1
466,7,255.5,261.25,45.25,45.5,1,1,-1,-1
467,7,253.75,261.0,45.25,45.5,1,1,-1,-1
468,7,255.25,259.75,45.25,45.5,1,1,-1,-1
469,7,254.0,259.0,45.25,45.5,1,1,-1,-1
470,7,251.5,256.25,45.5,45.5,1,1,-1,-1
471,7,254.25,252.75,45.0,45.25,1,1,-1,-1
472,7,247.75,255.0,45.5,45.5,1,1,-1,-1
473,7,246.25,252.5,45.25,45.5,1,1,-1,-1
474,7,246.75,248.5,45.5,46.5,1,1,-1,-1
475,7,245.75,247.0,45.5,46.0,1,1,-1,-1
476,7,242.75,246.0,45.5,46.5,1,1,-1,-1
477,7,237.5,243.0,45.25,45.5,1,1,-1,-1
478,7,236.5,243.5,45.25,45.5,1,1,-1,-1
479,7,235.5,243.75,45.25,45.75,1,1,-1,-1
480,7,235.75,242.75,45.0,45.5,1,1,-1,-1
481,7,235.25,240.5,45.0,46.0,1,1,-1,-1
482,7,235.5,240.5,45.25,45.25,1,1,-1,-1
483,7,235.75,239.25,45.0,45.25,1,1,-1,-1
484,7,235.75,237.75,45.0,45.5,1,1,-1,-1
485,7,236.75,238.5,45.0,45.25,1,1,-1,-1
486,7,235.75,237.0,45.25,45.25,1,1,-1,-1
487,7,235.75,235.5,45.25,45.25,1,1,-1,-1
488,7,236.75,235.75,45.0,45.75,1,1,-1,-1
489,7,241.0,241.5,45.25,45.5,1,1,-1,-1
490,7,236.25,237.75,45.25,45.5,1,1,-1,-1
491,7,235.25,236.0,45.0,45.25,1,1,-1,-1
492,7,234.5,234.25,45.0,45.5,1,1,-1,-1
493,7,230.5,232.0,45.0,45.25,1,1,-1,-1
494,7,227.75,229.5,45.0,45.25,1,1,-1,-1
495,7,224.25,229.0,45.0,45.5,1,1,-1,-1
496,7,220.25,228.5,45.0,45.25,1,1,-1,-1
497,7,217.75,229.5,45.25,45.25,1,1,-1,-1
498,7,216.5,229.0,45.25,45.5,1,1,-1,-1
499,7,215.25,229.0,45.25,46.0,1,1,-1,-1
500,7,213.25,229.5,45.5,45.75,1,1,-1,-1
1,8,520.0,168.25,45.0,45.0,1,1,-1,-1
2,8,518.75,167.5,44.75,45.0,1,1,-1,-1
3,8,517.25,166.75,45.0,45.0,1,1,-1,-1
4,8,517.5,167.5,45.0,44.75,1,1,-1,-1
5,8,518.5,167.75,45.25,45.0,1,1,-1,-1
6,8,518.0,167.75,45.0,45.0,1,1,-1,-1
7,8,518.0,167.75,45.25,45.0,1,1,-1,-1
8,8,518.5,168.0,45.0,45.0,1,1,-1,-1
9,8,518.25,167.75,45.25,45.25,1,1,-1,-1
10,8,517.75,167.75,45.25,45.0,1,1,-1,-1
11,8,517.5,167.75,45.0,45.0,1,1,-1,-1
12,8,517.75,168.0,45.25,45.0,1,1,-1,-1
13,8,517.75,168.0,45.25,45.25,1,1,-1,-1
14,8,517.75,168.25,45.25,45.25,1,1,-1,-1
15,8,517.0,167.75,45.25,45.25,1,1,-1,-1
16,8,518.25,168.0,45.25,45.0,1,1,-1,-1
17,8,518.5,168.0,45.25,45.0,1,1,-1,-1
18,8,518.5,168.0,45.25,45.0,1,1,-1,-1
19,8,519.0,168.25,45.5,45.25,1,1,-1,-1
20,8,519.0,167.75,45.25,45.25,1,1,-1,-1
21,8,518.75,166.75,45.25,45.25,1,1,-1,-1
22,8,519.25,167.0,45.25,45.0,1,1,-1,-1
23,8,520.0,166.75,45.25,45.0,1,1,-1,-1
24,8,520.75,166.0,45.25,45.0,1,1,-1,-1
25,8,520.75,166.5,45.0,45.0,1,1,-1,-1
26,8,520.0,165.75,45.5,45.5,1,1,-1,-1
27,8,519.25,165.75,45.75,45.5,1,1,-1,-1
28,8,519.25,166.25,45.5,45.5,1,1,-1,-1
29,8,519.0,166.75,45.5,45.0,1,1,-1,-1
30,8,518.75,167.0,45.5,45.0,1,1,-1,-1
31,8,518.75,167.0,45.25,45.25,1,1,-1,-1
32,8,519.0,167.25,45.25,45.0,1,1,-1,-1
33,8,519.25,167.5,45.25,45.0,1,1,-1,-1
34,8,519.25,167.25,45.0,45.0,1,1,-1,-1
35,8,519.25,167.5,45.25,44.75,1,1,-1,-1
36,8,519.75,167.25,45.25,45.0,1,1,-1,-1
37,8,519.5,167.5,45.25,44.75,1,1,-1,-1
38,8,520.25,167.75,45.0,45.0,1,1,-1,-1
39,8,520.75,168.25,45.0,45.0,1,1,-1,-1
40,8,520.5,167.5,45.25,45.0,1,1,-1,-1
41,8,520.5,167.75,45.25,45.0,1,1,-1,-1
42,8,520.5,167.5,45.25,45.0,1,1,-1,-1
43,8,520.25,167.5,45.25,45.0,1,1,-1,-1
44,8,520.5,167.25,45.25,45.0,1,1,-1,-1
45,8,520.25,167.0,45.25,45.0,1,1,-1,-1
46,8,520.25,166.5,45.25,45.25,1,1,-1,-1
47,8,520.5,166.5,45.25,45.0,1,1,-1,-1
48,8,520.75,166.75,45.25,45.0,1,1,-1,-1
49,8,520.75,166.75,45.25,45.0,1,1,-1,-1
50,8,521.5,167.75,45.25,45.0,1,1,-1,-1
51,8,520.5,166.75,45.5,45.0,1,1,-1,-1
52,8,520.5,167.75,45.25,45.0,1,1,-1,-1
53,8,520.25,167.75,45.25,45.0,1,1,-1,-1
54,8,520.25,167.25,45.0,45.0,1,1,-1,-1
55,8,520.5,166.0,45.25,45.0,1,1,-1,-1
56,8,520.75,166.5,45.25,45.0,1,1,-1,-1
57,8,521.0,166.5,45.5,45.0,1,1,-1,-1
58,8,520.75,166.5,45.5,45.0,1,1,-1,-1
59,8,521.0,166.25,45.25,45.25,1,1,-1,-1
60,8,521.0,166.25,45.5,45.25,1,1,-1,-1
61,8,520.75,166.25,45.5,45.25,1,1,-1,-1
62,8,521.25,165.75,45.25,45.0,1,1,-1,-1
63,8,521.0,166.5,45.25,44.75,1,1,-1,-1
64,8,520.75,166.25,45.25,45.0,1,1,-1,-1
65,8,520.75,166.25,45.25,45.0,1,1,-1,-1
66,8,520.5,166.0,45.5,45.25,1,1,-1,-1
67,8,520.5,166.0,45.25,45.0,1,1,-1,-1
68,8,520.25,166.0,45.25,45.0,1,1,-1,-1
69,8,520.75,167.0,45.25,45.0,1,1,-1,-1
70,8,520.5,166.5,45.25,44.75,1,1,-1,-1
71,8,520.25,166.5,45.25,45.0,1,1,-1,-1
72,8,519.75,167.0,45.25,44.75,1,1,-1,-1
73,8,520.0,166.75,45.0,45.0,1,1,-1,-1
74,8,520.25,166.5,45.25,44.75,1,1,-1,-1
75,8,520.5,166.25,45.25,45.0,1,1,-1,-1
76,8,520.75,166.5,45.0,44.75,1,1,-1,-1
77,8,520.5,166.75,45.25,44.75,1,1,-1,-1
78,8,520.75,166.5,45.25,45.0,1,1,-1,-1
79,8,520.5,166.75,45.25,45.0,1,1,-1,-1
80,8,522.0,166.5,45.25,45.0,1,1,-1,-1
81,8,522.25,166.5,45.25,45.0,1,1,-1,-1
82,8,521.75,166.25,45.25,45.25,1,1,-1,-1
83,8,521.0,165.75,45.25,45.0,1,1,-1,-1
84,8,521.5,165.75,45.25,45.25,1,1,-1,-1
85,8,521.75,165.5,45.25,45.25,1,1,-1,-1
86,8,521.25,165.0,45.25,45.25,1,1,-1,-1
87,8,521.0,164.5,45.25,45.25,1,1,-1,-1
88,8,520.75,165.5,45.25,45.25,1,1,-1,-1
89,8,521.25,166.0,45.25,45.25,1,1,-1,-1
90,8,521.0,165.5,45.0,45.25,1,1,-1,-1
91,8,521.25,165.75,45.0,45.0,1,1,-1,-1
92,8,520.75,166.0,45.25,45.25,1,1,-1,-1
93,8,520.0,165.75,45.25,45.0,1,1,-1,-1
94,8,520.75,165.5,45.0,45.0,1,1,-1,-1
95,8,520.75,165.75,45.0,45.0,1,1,-1,-1
96,8,521.0,165.75,45.0,45.0,1,1,-1,-1
97,8,520.5,166.0,45.25,45.0,1,1,-1,-1
98,8,520.75,166.25,45.25,45.0,1,1,-1,-1
99,8,520.5,166.25,45.25,45.0,1,1,-1,-1
100,8,520.5,166.0,45.0,45.0,1,1,-1,-1
101,8,521.0,166.75,44.75,44.75,1,1,-1,-1
102,8,520.25,166.0,45.0,45.0,1,1,-1,-1
103,8,520.5,166.25,45.0,44.75,1,1,-1,-1
104,8,521.0,166.0,44.75,44.75,1,1,-1,-1
105,8,521.25,166.25,45.0,44.75,1,1,-1,-1
106,8,520.75,166.75,44.75,44.75,1,1,-1,-1
107,8,521.0,166.25,44.75,45.0,1,1,-1,-1
108,8,521.5,166.25,44.75,45.0,1,1,-1,-1
109,8,522.25,166.5,44.75,45.0,1,1,-1,-1
110,8,522.25,166.5,45.0,44.75,1,1,-1,-1
111,8,522.25,166.25,44.75,45.0,1,1,-1,-1
112,8,522.25,166.25,45.0,45.0,1,1,-1,-1
113,8,523.0,166.0,45.0,45.25,1,1,-1,-1
114,8,522.75,166.0,44.75,45.0,1,1,-1,-1
115,8,522.0,165.75,45.0,45.25,1,1,-1,-1
116,8,522.75,166.0,45.25,45.25,1,1,-1,-1
117,8,523.25,166.75,45.25,45.25,1,1,-1,-1
118,8,528.5,166.0,45.0,45.25,1,1,-1,-1
119,8,524.5,165.75,45.25,45.0,1,1,-1,-1
120,8,525.0,165.75,45.0,45.0,1,1,-1,-1
121,8,524.75,165.75,45.0,45.0,1,1,-1,-1
122,8,522.0,168.25,45.0,45.0,1,1,-1,-1
123,8,520.75,167.5,45.25,45.0,1,1,-1,-1
124,8,521.25,166.25,45.5,45.0,1,1,-1,-1
125,8,521.0,166.25,45.0,45.25,1,1,-1,-1
126,8,521.0,165.75,45.25,45.0,1,1,-1,-1
127,8,521.5,165.5,45.25,45.0,1,1,-1,-1
128,8,521.5,165.5,45.25,45.0,1,1,-1,-1
129,8,521.75,165.0,45.25,45.0,1,1,-1,-1
130,8,521.5,164.75,45.25,45.25,1,1,-1,-1
131,8,520.75,165.25,45.0,45.25,1,1,-1,-1
132,8,520.75,166.0,45.0,45.0,1,1,-1,-1
133,8,520.5,165.75,45.0,45.0,1,1,-1,-1
134,8,520.5,165.5,45.0,45.0,1,1,-1,-1
135,8,520.75,165.5,45.0,45.0,1,1,-1,-1
136,8,521.0,165.75,45.25,44.75,1,1,-1,-1
137,8,521.0,164.75,45.0,44.75,1,1,-1,-1
138,8,521.25,165.0,45.25,44.75,1,1,-1,-1
139,8,521.25,165.5,45.0,45.0,1,1,-1,-1
140,8,521.5,166.0,45.0,45.0,1,1,-1,-1
141,8,521.5,166.25,45.0,45.0,1,1,-1,-1
142,8,521.5,166.0,45.0,45.0,1,1,-1,-1
143,8,522.0,166.75,45.0,45.0,1,1,-1,-1
144,8,521.25,166.5,45.25,45.0,1,1,-1,-1
145,8,521.5,167.0,45.0,45.0,1,1,-1,-1
146,8,521.25,167.0,45.25,45.0,1,1,-1,-1
147,8,522.0,166.5,45.25,45.0,1,1,-1,-1
148,8,522.25,166.0,45.25,45.0,1,1,-1,-1
149,8,522.0,166.0,45.25,45.0,1,1,-1,-1
150,8,521.75,166.0,45.25,45.25,1,1,-1,-1
151,8,521.5,165.75,45.25,45.25,1,1,-1,-1
152,8,521.25,166.25,45.25,45.0,1,1,-1,-1
153,8,521.75,166.5,45.25,45.0,1,1,-1,-1
154,8,522.25,166.5,45.25,45.0,1,1,-1,-1
155,8,522.0,166.75,45.25,44.75,1,1,-1,-1
156,8,521.5,166.75,45.0,45.0,1,1,-1,-1
157,8,521.75,166.5,45.0,45.0,1,1,-1,-1
158,8,521.25,166.5,45.0,45.0,1,1,-1,-1
159,8,521.0,166.25,45.0,45.0,1,1,-1,-1
160,8,520.75,166.25,45.25,45.0,1,1,-1,-1
161,8,520.25,166.25,45.25,45.0,1,1,-1,-1
162,8,520.5,166.5,45.25,45.0,1,1,-1,-1
163,8,520.5,166.5,45.5,45.25,1,1,-1,-1
164,8,520.75,166.5,45.25,45.0,1,1,-1,-1
165,8,520.5,166.25,45.25,45.0,1,1,-1,-1
166,8,520.0,166.25,45.25,45.25,1,1,-1,-1
167,8,520.5,166.5,45.25,45.0,1,1,-1,-1
168,8,520.5,166.5,45.25,45.0,1,1,-1,-1
169,8,520.25,166.25,45.25,45.25,1,1,-1,-1
170,8,521.25,166.0,45.25,45.0,1,1,-1,-1
171,8,520.25,166.25,45.25,45.0,1,1,-1,-1
172,8,519.75,166.25,45.25,44.75,1,1,-1,-1
173,8,519.25,166.25,45.25,45.0,1,1,-1,-1
174,8,519.25,166.0,45.25,44.75,1,1,-1,-1
175,8,519.5,165.75,45.0,45.0,1,1,-1,-1
176,8,519.0,166.0,45.25,45.0,1,1,-1,-1
177,8,519.5,166.25,45.25,44.75,1,1,-1,-1
178,8,519.5,166.25,45.25,45.0,1,1,-1,-1
179,8,519.75,166.0,45.0,45.0,1,1,-1,-1
180,8,520.0,166.0,45.25,45.0,1,1,-1,-1
181,8,520.0,166.0,45.0,44.75,1,1,-1,-1
182,8,519.75,166.25,45.25,44.75,1,1,-1,-1
183,8,519.25,166.25,45.25,44.75,1,1,-1,-1
184,8,518.75,165.75,45.0,45.0,1,1,-1,-1
185,8,519.0,165.75,45.25,45.0,1,1,-1,-1
186,8,519.25,165.5,45.0,44.75,1,1,-1,-1
187,8,518.5,166.0,45.25,44.75,1,1,-1,-1
188,8,519.5,165.75,45.0,45.0,1,1,-1,-1
189,8,519.25,165.5,45.0,44.75,1,1,-1,-1
190,8,519.75,166.0,45.0,45.0,1,1,-1,-1
191,8,519.25,165.75,45.0,45.0,1,1,-1,-1
192,8,519.75,166.5,45.0,45.0,1,1,-1,-1
193,8,519.25,166.5,45.0,45.0,1,1,-1,-1
194,8,518.75,166.0,45.0,45.0,1,1,-1,-1
195,8,519.0,166.0,45.0,45.0,1,1,-1,-1
196,8,518.75,166.0,45.0,44.75,1,1,-1,-1
197,8,518.5,165.25,45.0,44.75,1,1,-1,-1
198,8,519.25,166.25,44.75,44.75,1,1,-1,-1
199,8,519.25,165.5,45.0,44.5,1,1,-1,-1
200,8,519.25,165.25,45.0,44.75,1,1,-1,-1
201,8,519.5,165.0,45.25,45.0,1,1,-1,-1
202,8,519.25,164.75,45.0,44.75,1,1,-1,-1
203,8,519.0,164.75,45.25,45.0,1,1,-1,-1
204,8,519.0,164.75,45.0,44.75,1,1,-1,-1
205,8,519.25,164.75,45.0,44.75,1,1,-1,-1
206,8,519.25,164.25,45.0,45.0,1,1,-1,-1
207,8,519.5,164.0,45.0,45.0,1,1,-1,-1
208,8,520.0,164.5,45.25,44.75,1,1,-1,-1
209,8,519.5,164.75,45.25,44.75,1,1,-1,-1
210,8,519.5,165.5,45.25,44.75,1,1,-1,-1
211,8,519.75,164.5,45.0,45.0,1,1,-1,-1
212,8,519.25,164.75,45.0,45.0,1,1,-1,-1
213,8,519.25,164.5,45.0,45.0,1,1,-1,-1
214,8,518.75,164.5,45.0,45.0,1,1,-1,-1
215,8,518.75,164.5,45.25,45.0,1,1,-1,-1
216,8,519.0,165.0,45.25,45.0,1,1,-1,-1
217,8,519.25,165.25,45.0,44.75,1,1,-1,-1
218,8,519.25,165.5,45.0,44.75,1,1,-1,-1
219,8,519.25,166.0,45.25,44.75,1,1,-1,-1
220,8,519.0,166.5,45.25,45.0,1,1,-1,-1
221,8,519.0,166.0,45.25,45.25,1,1,-1,-1
222,8,519.0,167.0,45.25,45.0,1,1,-1,-1
223,8,519.25,168.75,45.0,44.75,1,1,-1,-1
224,8,520.0,171.25,45.0,44.75,1,1,-1,-1
225,8,520.5,172.0,44.75,44.5,1,1,-1,-1
226,8,519.5,169.0,45.25,44.75,1,1,-1,-1
227,8,519.25,168.25,45.25,45.0,1,1,-1,-1
228,8,518.75,167.0,45.25,45.0,1,1,-1,-1
229,8,519.25,167.5,45.0,45.0,1,1,-1,-1
230,8,518.5,166.75,45.25,45.0,1,1,-1,-1
231,8,518.75,166.0,45.0,45.0,1,1,-1,-1
232,8,519.0,166.0,45.25,45.0,1,1,-1,-1
233,8,518.25,165.75,45.25,44.75,1,1,-1,-1
234,8,518.5,166.0,45.25,44.75,1,1,-1,-1
235,8,518.5,165.75,45.0,45.0,1,1,-1,-1
236,8,518.5,166.25,45.0,45.0,1,1,-1,-1
237,8,518.25,165.75,45.0,45.0,1,1,-1,-1
238,8,518.25,165.25,45.0,45.0,1,1,-1,-1
239,8,519.0,165.25,45.0,45.0,1,1,-1,-1
240,8,519.0,164.75,45.0,45.0,1,1,-1,-1
241,8,519.25,165.0,45.25,44.75,1,1,-1,-1
242,8,519.25,164.0,45.25,45.0,1,1,-1,-1
243,8,519.5,164.5,45.25,44.75,1,1,-1,-1
244,8,519.25,165.0,45.0,44.75,1,1,-1,-1
245,8,519.75,165.0,45.25,44.75,1,1,-1,-1
246,8,519.0,165.25,45.0,44.75,1,1,-1,-1
247,8,519.5,165.75,45.0,44.75,1,1,-1,-1
248,8,519.25,165.75,45.25,44.75,1,1,-1,-1
249,8,519.0,165.75,45.25,45.0,1,1,-1,-1
250,8,519.25,165.5,45.0,44.75,1,1,-1,-1
251,8,518.0,164.75,45.0,44.75,1,1,-1,-1
252,8,518.75,165.5,45.25,45.0,1,1,-1,-1
253,8,519.0,165.5,45.25,45.0,1,1,-1,-1
254,8,518.75,165.5,45.25,45.0,1,1,-1,-1
255,8,518.0,165.5,45.25,45.0,1,1,-1,-1
256,8,518.75,166.0,45.25,45.0,1,1,-1,-1
257,8,519.0,165.5,45.25,45.0,1,1,-1,-1
258,8,518.25,165.75,45.25,45.25,1,1,-1,-1
259,8,518.0,165.75,45.25,45.0,1,1,-1,-1
260,8,517.75,165.25,45.25,45.0,1,1,-1,-1
261,8,518.5,165.25,45.25,44.75,1,1,-1,-1
262,8,518.75,164.75,45.0,44.75,1,1,-1,-1
263,8,518.5,164.25,45.25,45.0,1,1,-1,-1
264,8,518.5,164.75,45.25,45.0,1,1,-1,-1
265,8,517.75,164.25,45.25,45.0,1,1,-1,-1
266,8,517.75,164.0,45.0,45.0,1,1,-1,-1
267,8,517.25,164.0,45.25,44.75,1,1,-1,-1
268,8,518.25,164.25,45.0,44.75,1,1,-1,-1
269,8,518.25,164.5,45.0,44.75,1,1,-1,-1
270,8,518.75,165.25,44.75,44.75,1,1,-1,-1
271,8,519.0,165.5,45.0,44.75,1,1,-1,-1
272,8,518.0,164.5,45.0,45.0,1,1,-1,-1
273,8,517.25,164.0,45.0,45.0,1,1,-1,-1
274,8,517.75,164.5,45.0,45.0,1,1,-1,-1
275,8,517.25,164.5,45.0,45.0,1,1,-1,-1
276,8,517.75,164.75,45.0,45.25,1,1,-1,-1
277,8,517.75,165.0,45.0,45.0,1,1,-1,-1
278,8,517.75,165.0,45.0,44.75,1,1,-1,-1
279,8,517.75,165.0,45.0,44.5,1,1,-1,-1
280,8,517.0,165.5,45.0,44.75,1,1,-1,-1
281,8,518.0,165.25,45.0,45.0,1,1,-1,-1
282,8,518.0,165.25,45.0,44.75,1,1,-1,-1
283,8,518.0,165.5,45.0,44.75,1,1,-1,-1
284,8,517.25,165.5,45.25,44.75,1,1,-1,-1
285,8,517.25,165.5,45.0,44.75,1,1,-1,-1
286,8,517.25,165.0,45.0,45.0,1,1,-1,-1
287,8,517.5,165.0,45.25,44.75,1,1,-1,-1
288,8,518.0,164.75,45.0,44.75,1,1,-1,-1
289,8,518.0,164.75,45.0,44.75,1,1,-1,-1
290,8,518.5,164.5,45.0,44.75,1,1,-1,-1
291,8,519.0,164.75,45.0,44.75,1,1,-1,-1
292,8,518.25,163.75,45.0,44.75,1,1,-1,-1
293,8,517.75,163.5,44.75,44.75,1,1,-1,-1
294,8,518.25,163.75,45.0,44.75,1,1,-1,-1
295,8,518.0,163.75,45.0,44.75,1,1,-1,-1
296,8,517.5,163.0,45.25,44.75,1,1,-1,-1
297,8,518.0,163.5,45.25,45.0,1,1,-1,-1
298,8,517.75,163.5,45.25,44.75,1,1,-1,-1
299,8,518.25,164.0,45.0,44.75,1,1,-1,-1
300,8,518.0,163.25,45.25,45.0,1,1,-1,-1
301,8,518.0,162.5,45.0,45.0,1,1,-1,-1
302,8,517.25,162.0,45.25,45.0,1,1,-1,-1
303,8,517.5,162.5,45.0,45.0,1,1,-1,-1
304,8,517.75,163.0,45.0,44.75,1,1,-1,-1
305,8,517.0,162.75,45.25,45.0,1,1,-1,-1
306,8,517.0,162.75,45.25,45.0,1,1,-1,-1
307,8,517.0,162.5,45.5,45.0,1,1,-1,-1
308,8,517.0,162.25,45.5,45.25,1,1,-1,-1
309,8,516.75,162.25,45.5,45.0,1,1,-1,-1
310,8,516.5,162.75,45.5,45.0,1,1,-1,-1
311,8,516.25,162.0,45.5,45.25,1,1,-1,-1
312,8,516.75,162.5,45.25,45.25,1,1,-1,-1
313,8,516.25,162.75,45.25,45.0,1,1,-1,-1
314,8,516.0,163.25,45.25,45.0,1,1,-1,-1
315,8,515.5,164.25,45.0,45.0,1,1,-1,-1
316,8,515.0,165.0,45.0,45.0,1,1,-1,-1
317,8,514.0,164.5,45.25,45.0,1,1,-1,-1
318,8,513.5,165.0,45.25,45.0,1,1,-1,-1
319,8,514.25,164.75,45.25,45.0,1,1,-1,-1
320,8,515.25,164.75,45.0,45.0,1,1,-1,-1
321,8,515.25,164.25,45.0,44.75,1,1,-1,-1
322,8,515.75,165.0,45.0,44.75,1,1,-1,-1
323,8,515.5,165.0,45.0,44.75,1,1,-1,-1
324,8,515.5,165.0,45.25,44.75,1,1,-1,-1
325,8,515.5,165.0,45.25,44.75,1,1,-1,-1
326,8,515.25,164.5,45.0,44.75,1,1,-1,-1
327,8,515.25,164.5,45.0,44.75,1,1,-1,-1
328,8,516.25,165.0,45.0,44.75,1,1,-1,-1
329,8,516.25,164.5,45.25,44.75,1,1,-1,-1
330,8,516.75,164.5,45.0,44.75,1,1,-1,-1
331,8,515.75,163.75,45.25,45.0,1,1,-1,-1
332,8,515.75,163.5,45.25,45.0,1,1,-1,-1
333,8,515.25,163.0,45.25,45.0,1,1,-1,-1
334,8,515.25,163.5,45.25,45.0,1,1,-1,-1
335,8,514.75,163.0,45.25,45.0,1,1,-1,-1
336,8,515.5,163.0,45.0,44.75,1,1,-1,-1
337,8,516.25,162.25,45.0,44.75,1,1,-1,-1
338,8,516.75,162.75,45.0,44.75,1,1,-1,-1
339,8,516.0,163.25,45.25,44.75,1,1,-1,-1
340,8,516.5,163.5,45.0,44.75,1,1,-1,-1
341,8,517.0,163.75,44.75,44.75,1,1,-1,-1
342,8,516.75,164.25,45.0,44.5,1,1,-1,-1
343,8,516.75,164.0,45.0,44.5,1,1,-1,-1
344,8,517.5,164.25,45.0,44.75,1,1,-1,-1
345,8,517.25,164.0,45.0,44.75,1,1,-1,-1
346,8,516.75,164.75,45.0,44.75,1,1,-1,-1
347,8,516.75,164.75,44.75,44.75,1,1,-1,-1
348,8,516.75,164.75,45.0,44.75,1,1,-1,-1
349,8,516.5,164.75,45.25,44.75,1,1,-1,-1
350,8,516.75,165.0,45.0,45.0,1,1,-1,-1
351,8,516.75,165.25,45.0,45.0,1,1,-1,-1
352,8,516.75,165.25,45.25,45.0,1,1,-1,-1
353,8,517.0,165.25,45.0,45.0,1,1,-1,-1
354,8,516.75,165.25,45.0,45.0,1,1,-1,-1
355,8,516.0,164.75,45.0,45.0,1,1,-1,-1
356,8,516.75,163.5,45.0,45.0,1,1,-1,-1
357,8,516.75,159.0,45.25,45.25,1,1,-1,-1
358,8,516.25,157.5,45.25,45.25,1,1,-1,-1
359,8,516.0,154.25,45.25,45.25,1,1,-1,-1
360,8,515.75,151.5,45.0,45.0,1,1,-1,-1
361,8,517.25,148.25,44.75,45.0,1,1,-1,-1
362,8,518.5,144.5,44.75,45.0,1,1,-1,-1
363,8,521.5,138.5,44.75,45.0,1,1,-1,-1
364,8,525.0,133.25,45.25,45.5,1,1,-1,-1
365,8,527.75,129.5,45.0,45.25,1,1,-1,-1
366,8,530.5,125.5,45.0,45.0,1,1,-1,-1
367,8,537.0,121.25,45.25,45.5,1,1,-1,-1
368,8,542.5,117.5,45.0,44.75,1,1,-1,-1
369,8,547.0,114.5,45.25,45.0,1,1,-1,-1
370,8,556.5,109.0,45.0,45.25,1,1,-1,-1
371,8,568.0,104.25,44.75,45.0,1,1,-1,-1
372,8,572.75,102.25,44.75,46.25,1,1,-1,-1
373,8,574.25,101.75,44.75,45.25,1,1,-1,-1
374,8,574.75,100.25,45.0,46.25,1,1,-1,-1
375,8,575.0,98.5,45.0,46.75,1,1,-1,-1
376,8,574.75,97.25,44.75,46.25,1,1,-1,-1
377,8,573.5,98.75,44.75,45.0,1,1,-1,-1
378,8,571.25,99.25,45.0,45.25,1,1,-1,-1
379,8,565.75,101.25,45.0,45.0,1,1,-1,-1
380,8,562.75,103.5,44.75,45.0,1,1,-1,-1
381,8,558.75,102.75,44.75,44.75,1,1,-1,-1
382,8,555.25,106.25,44.75,44.75,1,1,-1,-1
383,8,551.5,108.0,45.0,44.75,1,1,-1,-1
384,8,548.25,107.75,45.0,45.0,1,1,-1,-1
385,8,543.75,108.75,45.0,44.75,1,1,-1,-1
386,8,540.75,110.5,45.25,45.0,1,1,-1,-1
387,8,538.5,113.0,45.25,45.0,1,1,-1,-1
388,8,532.25,115.25,45.25,45.0,1,1,-1,-1
389,8,521.5,111.75,45.5,45.0,1,1,-1,-1
390,8,522.5,121.0,45.25,45.25,1,1,-1,-1
391,8,519.5,125.25,45.25,45.25,1,1,-1,-1
392,8,515.75,128.75,45.0,45.0,1,1,-1,-1
393,8,510.75,130.75,45.0,45.0,1,1,-1,-1
394,8,504.0,130.75,45.0,45.0,1,1,-1,-1
395,8,493.5,133.75,45.0,45.0,1,1,-1,-1
396,8,489.75,134.0,45.25,45.75,1,1,-1,-1
397,8,481.0,135.25,45.0,45.5,1,1,-1,-1
398,8,471.5,135.5,45.5,46.0,1,1,-1,-1
399,8,463.0,138.75,45.25,45.25,1,1,-1,-1
400,8,454.5,140.5,45.0,45.0,1,1,-1,-1
401,8,445.0,142.0,45.0,45.0,1,1,-1,-1
402,8,438.5,141.5,45.25,45.0,1,1,-1,-1
403,8,438.25,142.0,45.0,45.0,1,1,-1,-1
404,8,438.0,142.25,45.25,45.0,1,1,-1,-1
405,8,438.5,143.75,45.25,45.0,1,1,-1,-1
406,8,437.0,142.75,45.5,45.25,1,1,-1,-1
407,8,436.5,143.75,45.5,45.0,1,1,-1,-1
408,8,434.5,147.5,45.0,45.0,1,1,-1,-1
409,8,434.5,147.5,45.0,45.0,1,1,-1,-1
410,8,433.25,146.0,45.5,45.0,1,1,-1,-1
411,8,434.5,144.5,45.5,45.0,1,1,-1,-1
412,8,435.25,144.25,45.75,45.25,1,1,-1,-1
413,8,435.5,143.5,45.5,45.0,1,1,-1,-1
414,8,434.5,146.5,45.0,45.0,1,1,-1,-1
415,8,435.5,146.5,45.0,45.0,1,1,-1,-1
416,8,435.5,146.5,45.0,45.0,1,1,-1,-1
417,8,435.5,146.5,45.0,45.0,1,1,-1,-1
418,8,435.5,146.5,45.0,45.0,1,1,-1,-1
419,8,435.5,150.5,45.0,45.0,1,1,-1,-1
420,8,435.5,150.5,45.0,45.0,1,1,-1,-1
421,8,433.0,160.0,45.5,45.5,1,1,-1,-1
422,8,432.5,166.25,45.5,45.25,1,1,-1,-1
423,8,435.75,167.5,45.25,45.0,1,1,-1,-1
424,8,437.5,170.5,45.5,45.5,1,1,-1,-1
425,8,439.25,172.25,45.25,45.25,1,1,-1,-1
426,8,441.25,177.0,45.0,45.25,1,1,-1,-1
427,8,442.5,181.0,45.25,45.0,1,1,-1,-1
428,8,444.0,186.75,44.75,44.75,1,1,-1,-1
429,8,445.5,191.5,45.0,45.0,1,1,-1,-1
430,8,444.75,197.25,45.25,45.5,1,1,-1,-1
431,8,445.75,203.0,45.0,45.75,1,1,-1,-1
432,8,446.25,210.25,45.0,45.5,1,1,-1,-1
433,8,446.0,216.75,45.0,45.5,1,1,-1,-1
434,8,445.75,220.75,45.25,45.25,1,1,-1,-1
435,8,446.75,228.25,45.25,45.5,1,1,-1,-1
436,8,446.75,235.0,45.0,45.0,1,1,-1,-1
437,8,446.5,237.25,45.0,45.25,1,1,-1,-1
438,8,445.25,240.5,45.25,45.75,1,1,-1,-1
439,8,444.0,244.0,45.25,46.25,1,1,-1,-1
440,8,441.5,246.25,45.0,45.0,1,1,-1,-1
441,8,438.25,247.25,45.25,45.0,1,1,-1,-1
442,8,434.25,249.25,45.0,45.25,1,1,-1,-1
443,8,429.75,251.5,45.25,45.0,1,1,-1,-1
444,8,425.25,254.5,45.25,45.25,1,1,-1,-1
445,8,419.25,258.25,45.25,45.25,1,1,-1,-1
446,8,415.0,260.5,45.25,46.0,1,1,-1,-1
447,8,411.5,261.5,45.5,46.75,1,1,-1,-1
448,8,409.0,257.75,45.0,45.5,1,1,-1,-1
449,8,406.75,257.75,45.0,45.25,1,1,-1,-1
450,8,403.0,256.75,45.25,45.5,1,1,-1,-1
451,8,398.25,253.5,45.25,46.5,1,1,-1,-1
452,8,391.75,252.0,45.25,45.25,1,1,-1,-1
453,8,385.5,251.25,45.0,45.25,1,1,-1,-1
454,8,378.25,248.5,45.5,46.25,1,1,-1,-1
455,8,368.5,246.25,45.5,46.25,1,1,-1,-1
456,8,365.75,245.75,45.25,45.5,1,1,-1,-1
457,8,361.75,242.75,45.25,45.5,1,1,-1,-1
458,8,355.75,239.25,45.25,45.5,1,1,-1,-1
459,8,349.0,236.25,45.5,45.5,1,1,-1,-1
460,8,342.0,232.75,45.0,45.25,1,1,-1,-1
461,8,332.75,228.5,45.0,45.5,1,1,-1,-1
462,8,326.0,224.0,45.25,45.5,1,1,-1,-1
463,8,317.75,218.0,45.5,45.5,1,1,-1,-1
464,8,312.25,212.75,45.25,45.25,1,1,-1,-1
465,8,304.0,210.75,45.5,45.25,1,1,-1,-1
466,8,296.25,204.5,45.5,45.5,1,1,-1,-1
467,8,291.5,199.5,45.5,45.75,1,1,-1,-1
468,8,283.25,196.75,45.25,45.5,1,1,-1,-1
469,8,276.0,193.75,45.25,45.25,1,1,-1,-1
470,8,270.0,195.25,45.25,45.25,1,1,-1,-1
471,8,265.75,199.75,45.25,45.75,1,1,-1,-1
472,8,261.0,203.25,45.25,45.5,1,1,-1,-1
473,8,261.0,206.25,45.25,45.5,1,1,-1,-1
474,8,259.0,208.25,45.25,45.25,1,1,-1,-1
475,8,258.75,210.0,45.25,45.5,1,1,-1,-1
476,8,259.25,210.0,45.5,45.5,1,1,-1,-1
477,8,259.0,210.0,45.5,45.25,1,1,-1,-1
478,8,259.25,210.0,45.25,45.25,1,1,-1,-1
479,8,258.25,210.75,45.5,45.25,1,1,-1,-1
480,8,258.0,211.25,45.25,45.25,1,1,-1,-1
481,8,256.0,211.75,45.75,45.5,1,1,-1,-1
482,8,256.5,212.0,45.75,45.5,1,1,-1,-1
483,8,255.5,213.0,45.75,45.5,1,1,-1,-1
484,8,254.75,212.5,45.75,45.75,1,1,-1,-1
485,8,253.5,210.5,45.5,45.5,1,1,-1,-1
486,8,252.25,208.0,45.5,45.75,1,1,-1,-1
487,8,250.0,205.5,45.5,47.25,1,1,-1,-1
488,8,250.25,204.0,45.25,45.75,1,1,-1,-1
489,8,249.0,199.0,45.5,46.75,1,1,-1,-1
490,8,250.0,197.25,45.5,45.5,1,1,-1,-1
491,8,250.5,197.0,45.5,45.25,1,1,-1,-1
492,8,250.75,197.0,45.5,45.5,1,1,-1,-1
493,8,250.25,198.25,45.5,45.25,1,1,-1,-1
494,8,250.5,198.75,45.25,45.5,1,1,-1,-1
495,8,250.25,200.0,45.25,45.25,1,1,-1,-1
496,8,251.0,201.0,45.25,45.5,1,1,-1,-1
497,8,252.25,202.75,45.5,45.75,1,1,-1,-1
498,8,254.75,204.0,45.25,45.25,1,1,-1,-1
499,8,257.0,205.75,45.25,45.25,1,1,-1,-1
500,8,259.0,206.75,45.5,45.25,1,1,-1,-1
1,9,568.75,171.25,45.0,45.0,1,1,-1,-1
2,9,566.25,169.0,45.25,45.0,1,1,-1,-1
3,9,566.5,164.75,45.25,45.0,1,1,-1,-1
4,9,567.25,159.0,45.5,45.25,1,1,-1,-1
5,9,569.5,153.5,45.25,45.25,1,1,-1,-1
6,9,569.5,150.5,45.25,45.25,1,1,-1,-1
7,9,567.0,146.25,45.25,45.0,1,1,-1,-1
8,9,567.0,139.25,45.0,45.0,1,1,-1,-1
9,9,565.25,138.0,45.0,45.0,1,1,-1,-1
10,9,564.75,132.0,45.25,45.25,1,1,-1,-1
11,9,562.0,131.25,45.25,45.25,1,1,-1,-1
12,9,560.5,128.5,45.25,45.25,1,1,-1,-1
13,9,556.75,124.25,45.25,45.25,1,1,-1,-1
14,9,559.0,120.5,45.5,45.25,1,1,-1,-1
15,9,559.0,114.25,45.5,45.25,1,1,-1,-1
16,9,560.25,107.75,45.5,45.25,1,1,-1,-1
17,9,559.25,100.25,45.25,46.25,1,1,-1,-1
18,9,557.75,98.0,45.25,46.0,1,1,-1,-1
19,9,555.75,95.25,45.0,45.25,1,1,-1,-1
20,9,551.25,90.25,44.75,45.0,1,1,-1,-1
21,9,548.25,82.5,45.0,45.25,1,1,-1,-1
22,9,545.0,77.75,45.0,45.0,1,1,-1,-1
23,9,540.25,70.0,45.0,45.0,1,1,-1,-1
24,9,533.25,63.5,45.25,45.5,1,1,-1,-1
25,9,528.5,59.0,45.25,45.25,1,1,-1,-1
26,9,520.5,56.25,45.0,45.25,1,1,-1,-1
27,9,512.0,50.25,45.0,45.25,1,1,-1,-1
28,9,509.5,46.75,45.25,45.25,1,1,-1,-1
29,9,505.5,42.75,45.0,45.25,1,1,-1,-1
30,9,502.75,38.75,45.0,45.25,1,1,-1,-1
31,9,498.5,35.5,45.0,45.25,1,1,-1,-1
32,9,497.5,35.25,45.0,45.25,1,1,-1,-1
33,9,495.25,34.5,45.0,45.25,1,1,-1,-1
34,9,493.0,33.75,45.0,45.25,1,1,-1,-1
35,9,488.0,33.5,45.0,45.25,1,1,-1,-1
36,9,480.75,32.0,45.0,45.25,1,1,-1,-1
37,9,472.5,29.25,45.25,45.25,1,1,-1,-1
38,9,470.5,28.25,45.25,45.25,1,1,-1,-1
39,9,468.25,24.0,45.25,45.25,1,1,-1,-1
40,9,467.5,21.25,45.0,45.25,1,1,-1,-1
41,9,467.0,20.75,45.0,45.0,1,1,-1,-1
42,9,465.25,20.25,45.25,45.25,1,1,-1,-1
43,9,464.75,20.75,45.0,45.0,1,1,-1,-1
44,9,463.75,21.5,45.0,45.25,1,1,-1,-1
45,9,460.5,22.0,45.0,45.25,1,1,-1,-1
46,9,460.75,23.0,45.25,45.0,1,1,-1,-1
47,9,459.5,23.5,45.25,45.25,1,1,-1,-1
48,9,454.5,25.75,45.0,45.75,1,1,-1,-1
49,9,451.25,22.5,45.25,45.5,1,1,-1,-1
50,9,446.75,20.5,45.25,45.5,1,1,-1,-1
51,9,444.75,20.0,45.25,45.25,1,1,-1,-1
52,9,442.5,19.75,45.25,45.5,1,1,-1,-1
53,9,437.25,19.75,45.25,45.5,1,1,-1,-1
54,9,434.75,21.0,45.25,45.5,1,1,-1,-1
55,9,433.25,21.5,45.25,45.5,1,1,-1,-1
56,9,430.75,23.0,45.25,45.25,1,1,-1,-1
57,9,430.0,24.25,45.25,45.25,1,1,-1,-1
58,9,430.25,24.25,45.25,45.0,1,1,-1,-1
59,9,430.5,23.75,45.25,45.25,1,1,-1,-1
60,9,430.5,24.25,45.25,45.25,1,1,-1,-1
61,9,426.0,27.5,45.25,45.25,1,1,-1,-1
62,9,423.75,30.0,45.25,45.25,1,1,-1,-1
63,9,421.996,31.938,45.25,45.25,1,1,-1,-1
64,9,419.818,34.123,45.25,45.25,1,1,-1,-1
65,9,414.75,33.0,45.25,45.25,1,1,-1,-1
66,9,404.5,38.5,45.25,44.75,1,1,-1,-1
67,9,402.75,34.75,45.25,45.25,1,1,-1,-1
68,9,394.25,34.25,45.0,45.25,1,1,-1,-1
69,9,385.0,34.0,45.0,45.25,1,1,-1,-1
70,9,377.25,31.75,45.25,45.25,1,1,-1,-1
71,9,372.75,30.5,45.25,45.25,1,1,-1,-1
72,9,365.5,29.25,45.0,45.0,1,1,-1,-1
73,9,363.5,29.5,45.0,45.0,1,1,-1,-1
74,9,363.5,29.5,45.0,45.0,1,1,-1,-1
75,9,359.5,25.5,45.0,45.0,1,1,-1,-1
76,9,354.5,28.0,45.25,45.25,1,1,-1,-1
77,9,354.25,28.25,45.25,45.25,1,1,-1,-1
78,9,351.5,30.25,45.25,45.25,1,1,-1,-1
79,9,347.75,31.5,45.5,45.25,1,1,-1,-1
80,9,347.75,30.75,45.25,45.5,1,1,-1,-1
81,9,346.75,30.75,45.25,45.75,1,1,-1,-1
82,9,341.25,30.75,45.5,45.75,1,1,-1,-1
83,9,339.5,29.25,45.25,45.75,1,1,-1,-1
84,9,341.75,28.0,45.25,45.0,1,1,-1,-1
85,9,341.5,28.0,45.25,45.25,1,1,-1,-1
86,9,344.75,29.25,45.75,47.0,1,1,-1,-1
87,9,344.0,30.75,45.25,45.5,1,1,-1,-1
88,9,344.25,30.25,45.25,45.75,1,1,-1,-1
89,9,343.75,29.0,45.25,45.75,1,1,-1,-1
90,9,343.5,31.5,45.5,45.25,1,1,-1,-1
91,9,341.75,32.5,45.5,45.25,1,1,-1,-1
92,9,330.25,34.75,45.5,45.25,1,1,-1,-1
93,9,329.75,36.75,45.5,45.5,1,1,-1,-1
94,9,331.25,36.75,45.25,45.25,1,1,-1,-1
95,9,327.25,40.0,45.25,45.25,1,1,-1,-1
96,9,328.25,39.25,45.25,45.25,1,1,-1,-1
97,9,325.75,40.0,45.5,45.5,1,1,-1,-1
98,9,327.0,40.0,45.25,45.25,1,1,-1,-1
99,9,324.75,40.75,45.5,45.5,1,1,-1,-1
100,9,323.25,41.25,45.5,45.5,1,1,-1,-1
101,9,322.75,42.25,45.25,45.5,1,1,-1,-1
102,9,319.0,44.5,45.25,45.25,1,1,-1,-1
103,9,316.25,45.75,46.25,45.5,1,1,-1,-1
104,9,310.75,48.25,45.25,45.25,1,1,-1,-1
105,9,300.5,54.75,45.25,45.25,1,1,-1,-1
106,9,295.25,61.0,45.0,45.5,1,1,-1,-1
107,9,288.5,67.5,45.0,45.25,1,1,-1,-1
108,9,281.0,74.75,45.0,45.25,1,1,-1,-1
109,9,270.5,83.5,45.0,45.0,1,1,-1,-1
110,9,261.75,90.25,45.0,45.25,1,1,-1,-1
111,9,258.25,91.25,45.25,45.25,1,1,-1,-1
112,9,256.75,89.0,45.0,45.25,1,1,-1,-1
113,9,256.0,88.0,45.25,45.25,1,1,-1,-1
114,9,253.25,89.25,45.25,45.25,1,1,-1,-1
115,9,248.5,91.5,45.25,45.25,1,1,-1,-1
116,9,248.5,93.5,45.0,45.5,1,1,-1,-1
117,9,246.25,93.25,45.0,45.5,1,1,-1,-1
118,9,247.75,94.5,45.0,45.5,1,1,-1,-1
119,9,247.5,96.0,45.0,45.25,1,1,-1,-1
120,9,246.75,97.25,45.0,45.25,1,1,-1,-1
121,9,245.75,97.0,45.0,45.25,1,1,-1,-1
122,9,242.25,95.75,45.75,44.75,1,1,-1,-1
123,9,243.0,103.0,45.0,45.25,1,1,-1,-1
124,9,237.75,98.25,46.0,44.5,1,1,-1,-1
125,9,235.5,109.5,45.0,45.0,1,1,-1,-1
126,9,235.5,109.5,45.0,45.0,1,1,-1,-1
127,9,232.5,112.5,45.0,45.0,1,1,-1,-1
128,9,229.5,115.5,45.0,45.0,1,1,-1,-1
129,9,225.5,120.5,45.0,45.0,1,1,-1,-1
130,9,230.75,123.0,44.75,45.5,1,1,-1,-1
131,9,224.25,127.5,44.75,45.25,1,1,-1,-1
132,9,221.25,132.5,45.0,45.25,1,1,-1,-1
133,9,219.5,140.75,44.75,45.0,1,1,-1,-1
134,9,219.5,145.5,44.75,45.25,1,1,-1,-1
135,9,216.0,152.0,45.25,45.25,1,1,-1,-1
136,9,214.09,157.86,45.25,45.25,1,1,-1,-1
137,9,211.936,163.837,45.25,45.25,1,1,-1,-1
138,9,206.75,184.0,45.25,45.75,1,1,-1,-1
139,9,203.75,195.5,45.5,45.75,1,1,-1,-1
140,9,200.75,205.75,45.5,45.75,1,1,-1,-1
141,9,199.25,215.5,45.25,45.5,1,1,-1,-1
142,9,198.25,223.25,45.25,45.5,1,1,-1,-1
143,9,197.0,226.0,45.5,45.75,1,1,-1,-1
144,9,197.25,227.0,45.25,45.5,1,1,-1,-1
145,9,197.0,227.75,45.25,45.75,1,1,-1,-1
146,9,197.0,228.5,45.25,45.75,1,1,-1,-1
147,9,196.75,231.0,45.25,45.5,1,1,-1,-1
148,9,195.25,236.25,45.25,45.5,1,1,-1,-1
149,9,194.5,238.0,45.25,45.75,1,1,-1,-1
150,9,193.5,238.75,45.25,45.5,1,1,-1,-1
151,9,191.75,238.75,45.25,45.5,1,1,-1,-1
152,9,191.5,239.0,45.0,45.5,1,1,-1,-1
153,9,191.25,241.0,45.25,45.5,1,1,-1,-1
154,9,193.0,243.25,45.0,45.5,1,1,-1,-1
155,9,194.75,244.25,45.0,45.5,1,1,-1,-1
156,9,193.25,251.5,45.0,45.5,1,1,-1,-1
157,9,193.25,256.75,45.25,45.5,1,1,-1,-1
158,9,192.75,258.5,45.5,46.0,1,1,-1,-1
159,9,191.5,263.75,45.25,45.75,1,1,-1,-1
160,9,192.0,266.0,45.0,45.5,1,1,-1,-1
161,9,192.0,269.75,45.0,45.5,1,1,-1,-1
162,9,194.5,271.75,45.0,45.25,1,1,-1,-1
163,9,194.5,272.5,45.0,45.5,1,1,-1,-1
164,9,192.0,273.0,45.25,45.75,1,1,-1,-1
165,9,190.5,273.75,45.5,46.25,1,1,-1,-1
166,9,191.25,274.5,45.25,45.75,1,1,-1,-1
167,9,192.25,275.0,45.25,45.5,1,1,-1,-1
168,9,193.0,275.0,45.0,45.75,1,1,-1,-1
169,9,195.0,279.75,45.0,45.75,1,1,-1,-1
170,9,191.5,273.5,45.0,45.0,1,1,-1,-1
171,9,197.5,270.5,45.0,45.0,1,1,-1,-1
172,9,197.5,270.5,45.0,45.0,1,1,-1,-1
173,9,199.5,270.5,45.0,45.0,1,1,-1,-1
174,9,208.5,270.5,45.0,45.0,1,1,-1,-1
175,9,213.5,275.5,45.0,45.0,1,1,-1,-1
176,9,213.5,275.5,45.0,45.0,1,1,-1,-1
177,9,218.5,285.5,45.0,45.0,1,1,-1,-1
178,9,218.5,285.5,45.0,45.0,1,1,-1,-1
179,9,216.5,292.5,45.0,45.0,1,1,-1,-1
180,9,216.5,292.5,45.0,45.0,1,1,-1,-1
181,9,220.5,295.5,45.0,45.0,1,1,-1,-1
182,9,220.5,295.5,45.0,45.0,1,1,-1,-1
183,9,220.5,297.5,45.0,45.0,1,1,-1,-1
184,9,220.5,298.5,45.0,45.0,1,1,-1,-1
185,9,220.5,298.5,45.0,45.0,1,1,-1,-1
186,9,220.5,298.5,45.0,45.0,1,1,-1,-1
187,9,220.5,298.5,45.0,45.0,1,1,-1,-1
188,9,223.5,300.5,45.0,45.0,1,1,-1,-1
189,9,222.5,305.5,45.0,45.0,1,1,-1,-1
190,9,222.5,305.5,45.0,45.0,1,1,-1,-1
191,9,222.5,305.5,45.0,45.0,1,1,-1,-1
192,9,222.5,305.5,45.0,45.0,1,1,-1,-1
193,9,222.5,305.5,45.0,45.0,1,1,-1,-1
194,9,221.5,314.0,45.25,45.5,1,1,-1,-1
195,9,224.25,316.5,45.25,45.25,1,1,-1,-1
196,9,222.75,319.25,45.0,45.5,1,1,-1,-1
197,9,222.25,320.75,45.5,45.75,1,1,-1,-1
198,9,224.75,324.75,45.25,45.75,1,1,-1,-1
199,9,228.75,327.25,45.25,45.75,1,1,-1,-1
200,9,234.5,330.75,45.25,45.25,1,1,-1,-1
201,9,237.0,332.75,45.0,45.5,1,1,-1,-1
202,9,239.75,337.5,45.0,45.5,1,1,-1,-1
203,9,243.0,339.25,45.0,45.25,1,1,-1,-1
204,9,248.0,343.5,46.75,48.5,1,1,-1,-1
205,9,252.25,348.75,45.25,46.5,1,1,-1,-1
206,9,256.0,355.75,44.75,45.5,1,1,-1,-1
207,9,255.25,364.25,45.0,46.0,1,1,-1,-1
208,9,253.5,375.75,45.0,45.25,1,1,-1,-1
209,9,251.5,383.5,45.0,45.25,1,1,-1,-1
210,9,248.25,387.25,45.25,45.75,1,1,-1,-1
211,9,245.5,389.25,45.0,45.5,1,1,-1,-1
212,9,245.75,388.25,45.25,45.5,1,1,-1,-1
213,9,246.75,388.5,44.75,45.25,1,1,-1,-1
214,9,249.0,385.0,45.0,45.0,1,1,-1,-1
215,9,250.25,384.0,44.75,45.0,1,1,-1,-1
216,9,249.75,382.25,45.0,45.25,1,1,-1,-1
217,9,248.5,381.5,45.0,45.25,1,1,-1,-1
218,9,246.5,381.75,45.0,45.5,1,1,-1,-1
219,9,247.25,379.5,45.0,45.75,1,1,-1,-1
220,9,245.0,377.5,45.0,45.5,1,1,-1,-1
221,9,244.25,375.25,45.0,45.5,1,1,-1,-1
222,9,239.5,370.75,45.0,45.5,1,1,-1,-1
223,9,235.75,368.0,45.0,45.5,1,1,-1,-1
224,9,232.75,363.0,45.0,46.25,1,1,-1,-1
225,9,229.75,356.75,44.75,45.75,1,1,-1,-1
226,9,224.0,351.25,45.0,46.75,1,1,-1,-1
227,9,221.5,347.25,44.75,46.0,1,1,-1,-1
228,9,217.75,342.5,44.75,45.25,1,1,-1,-1
229,9,216.0,339.0,44.75,45.25,1,1,-1,-1
230,9,214.5,335.0,44.75,45.25,1,1,-1,-1
231,9,214.25,333.75,45.0,45.25,1,1,-1,-1
232,9,213.5,333.0,45.0,45.5,1,1,-1,-1
233,9,213.5,330.5,45.0,45.25,1,1,-1,-1
234,9,214.25,330.75,45.0,45.25,1,1,-1,-1
235,9,213.5,330.75,45.0,45.25,1,1,-1,-1
236,9,213.0,328.75,45.0,45.5,1,1,-1,-1
237,9,214.25,331.0,44.75,45.25,1,1,-1,-1
238,9,214.75,328.5,45.0,45.25,1,1,-1,-1
239,9,214.0,326.5,45.0,45.25,1,1,-1,-1
240,9,213.75,328.0,44.75,45.25,1,1,-1,-1
241,9,211.25,328.0,45.0,45.5,1,1,-1,-1
242,9,209.0,327.5,45.0,45.25,1,1,-1,-1
243,9,207.5,326.25,45.25,46.0,1,1,-1,-1
244,9,208.25,324.5,44.75,45.5,1,1,-1,-1
245,9,210.75,325.75,45.0,45.5,1,1,-1,-1
246,9,210.0,322.25,45.25,45.75,1,1,-1,-1
247,9,210.0,318.0,45.5,46.0,1,1,-1,-1
248,9,211.0,315.5,45.5,46.25,1,1,-1,-1
249,9,211.0,312.25,45.25,46.0,1,1,-1,-1
250,9,210.5,316.5,45.0,45.0,1,1,-1,-1
251,9,211.5,314.5,45.25,46.0,1,1,-1,-1
252,9,211.0,313.25,45.75,47.5,1,1,-1,-1
253,9,210.25,311.25,45.75,48.0,1,1,-1,-1
254,9,210.75,311.75,45.5,47.25,1,1,-1,-1
255,9,210.5,310.0,45.25,46.75,1,1,-1,-1
256,9,209.75,311.0,45.5,46.0,1,1,-1,-1
257,9,209.75,310.0,45.25,46.5,1,1,-1,-1
258,9,209.5,310.25,45.25,46.75,1,1,-1,-1
259,9,208.5,309.75,45.0,45.5,1,1,-1,-1
260,9,207.75,300.5,45.25,45.25,1,1,-1,-1
261,9,201.75,296.75,45.25,45.25,1,1,-1,-1
262,9,200.75,294.75,45.5,45.25,1,1,-1,-1
263,9,201.25,293.5,45.25,45.5,1,1,-1,-1
264,9,199.75,286.25,45.0,45.75,1,1,-1,-1
265,9,196.25,278.75,45.25,46.25,1,1,-1,-1
266,9,194.0,272.25,44.75,45.75,1,1,-1,-1
267,9,191.631,265.651,44.75,45.75,1,1,-1,-1
268,9,193.5,260.25,44.5,45.25,1,1,-1,-1
269,9,196.25,255.0,44.75,45.25,1,1,-1,-1
270,9,193.5,256.5,45.0,45.0,1,1,-1,-1
271,9,193.5,255.5,45.0,45.0,1,1,-1,-1
272,9,193.5,255.5,45.0,45.0,1,1,-1,-1
273,9,191.5,246.5,45.0,45.0,1,1,-1,-1
274,9,192.5,246.5,45.0,45.0,1,1,-1,-1
275,9,191.75,234.75,45.0,45.5,1,1,-1,-1
276,9,191.25,234.5,44.75,45.5,1,1,-1,-1
277,9,190.25,234.25,45.0,45.75,1,1,-1,-1
278,9,189.0,233.25,45.0,45.5,1,1,-1,-1
279,9,193.0,226.5,44.75,45.75,1,1,-1,-1
280,9,191.75,224.25,45.0,45.5,1,1,-1,-1
281,9,193.75,224.5,45.0,45.75,1,1,-1,-1
282,9,196.25,224.75,45.0,45.5,1,1,-1,-1
283,9,199.0,224.5,44.75,45.25,1,1,-1,-1
284,9,197.5,224.0,45.0,45.75,1,1,-1,-1
285,9,196.0,223.5,45.0,45.75,1,1,-1,-1
286,9,196.5,223.5,45.0,45.0,1,1,-1,-1
287,9,196.5,223.5,45.0,45.0,1,1,-1,-1
288,9,196.5,223.5,45.0,45.0,1,1,-1,-1
289,9,198.5,224.0,45.25,45.25,1,1,-1,-1
290,9,196.0,216.25,45.25,46.0,1,1,-1,-1
291,9,197.25,212.25,45.25,46.0,1,1,-1,-1
292,9,198.25,211.0,45.5,46.25,1,1,-1,-1
293,9,199.5,211.75,45.25,45.5,1,1,-1,-1
294,9,198.5,212.5,45.25,46.25,1,1,-1,-1
295,9,201.5,213.5,45.25,45.5,1,1,-1,-1
296,9,202.5,212.75,45.25,45.5,1,1,-1,-1
297,9,205.25,210.75,45.5,45.5,1,1,-1,-1
298,9,210.25,212.75,45.25,45.5,1,1,-1,-1
299,9,215.75,212.5,45.25,45.25,1,1,-1,-1
300,9,219.5,211.5,45.25,45.5,1,1,-1,-1
301,9,222.75,207.5,45.25,45.5,1,1,-1,-1
302,9,226.5,200.0,45.25,45.75,1,1,-1,-1
303,9,223.0,196.0,45.25,45.5,1,1,-1,-1
304,9,220.25,192.5,45.0,45.25,1,1,-1,-1
305,9,216.0,185.75,45.25,45.5,1,1,-1,-1
306,9,210.0,179.5,45.25,45.5,1,1,-1,-1
307,9,208.0,178.25,45.0,45.25,1,1,-1,-1
308,9,208.25,175.25,45.25,45.75,1,1,-1,-1
309,9,208.0,169.25,45.0,45.25,1,1,-1,-1
310,9,210.75,164.75,45.25,45.5,1,1,-1,-1
311,9,212.25,159.25,45.25,45.5,1,1,-1,-1
312,9,214.0,153.75,45.25,45.25,1,1,-1,-1
313,9,217.75,146.5,45.25,45.5,1,1,-1,-1
314,9,220.25,145.0,45.25,45.25,1,1,-1,-1
315,9,223.75,142.25,45.0,45.25,1,1,-1,-1
316,9,227.0,138.25,45.0,45.25,1,1,-1,-1
317,9,231.75,135.75,45.25,45.25,1,1,-1,-1
318,9,234.5,128.25,45.25,45.5,1,1,-1,-1
319,9,234.25,124.0,45.25,45.25,1,1,-1,-1
320,9,232.25,124.0,45.5,45.5,1,1,-1,-1
321,9,231.25,122.75,45.5,45.5,1,1,-1,-1
322,9,231.75,122.0,45.25,45.5,1,1,-1,-1
323,9,230.5,118.5,45.0,45.0,1,1,-1,-1
324,9,237.5,111.5,45.0,45.0,1,1,-1,-1
325,9,238.5,110.5,45.0,45.0,1,1,-1,-1
326,9,238.5,110.5,45.0,45.0,1,1,-1,-1
327,9,245.5,103.5,45.0,45.0,1,1,-1,-1
328,9,245.5,103.5,45.0,45.0,1,1,-1,-1
329,9,258.25,93.75,44.75,45.25,1,1,-1,-1
330,9,259.75,87.25,45.0,45.5,1,1,-1,-1
331,9,260.25,83.0,45.0,45.0,1,1,-1,-1
332,9,262.75,81.75,44.75,45.0,1,1,-1,-1
333,9,263.75,79.5,44.75,45.25,1,1,-1,-1
334,9,264.0,78.0,44.75,45.0,1,1,-1,-1
335,9,266.5,76.25,44.75,45.25,1,1,-1,-1
336,9,268.75,74.75,44.75,45.0,1,1,-1,-1
337,9,273.0,73.25,44.75,45.0,1,1,-1,-1
338,9,278.5,68.75,45.0,45.25,1,1,-1,-1
339,9,287.25,62.75,45.0,45.25,1,1,-1,-1
340,9,295.25,56.0,45.25,45.5,1,1,-1,-1
341,9,303.0,51.75,45.0,45.5,1,1,-1,-1
342,9,310.75,45.75,45.0,45.5,1,1,-1,-1
343,9,311.75,44.25,45.0,45.25,1,1,-1,-1
344,9,316.75,40.5,45.5,45.75,1,1,-1,-1
345,9,321.25,39.75,45.5,45.25,1,1,-1,-1
346,9,322.5,37.5,45.25,45.25,1,1,-1,-1
347,9,323.75,37.5,45.25,45.25,1,1,-1,-1
348,9,325.0,37.25,45.25,45.5,1,1,-1,-1
349,9,325.5,37.0,45.0,45.25,1,1,-1,-1
350,9,328.25,36.5,45.5,45.25,1,1,-1,-1
351,9,332.0,35.25,45.0,45.0,1,1,-1,-1
352,9,334.0,33.5,45.0,45.25,1,1,-1,-1
353,9,332.25,31.5,45.25,45.25,1,1,-1,-1
354,9,333.0,32.25,45.25,45.25,1,1,-1,-1
355,9,332.5,30.75,45.25,45.25,1,1,-1,-1
356,9,334.5,28.5,45.25,45.0,1,1,-1,-1
357,9,336.25,27.25,45.0,45.25,1,1,-1,-1
358,9,340.5,27.5,45.25,45.5,1,1,-1,-1
359,9,342.5,27.0,45.25,45.5,1,1,-1,-1
360,9,342.0,27.5,45.25,45.25,1,1,-1,-1
361,9,342.0,27.75,45.25,45.25,1,1,-1,-1
362,9,344.0,26.75,45.5,45.25,1,1,-1,-1
363,9,346.5,25.75,45.5,45.5,1,1,-1,-1
364,9,346.25,26.25,45.5,45.25,1,1,-1,-1
365,9,349.75,24.0,45.5,45.5,1,1,-1,-1
366,9,350.75,23.25,45.75,45.25,1,1,-1,-1
367,9,351.5,22.0,45.5,45.25,1,1,-1,-1
368,9,360.25,23.75,45.75,45.5,1,1,-1,-1
369,9,362.0,22.5,45.5,45.0,1,1,-1,-1
370,9,365.74,21.983,45.5,45.0,1,1,-1,-1
371,9,369.368,21.426,45.5,45.0,1,1,-1,-1
372,9,372.996,20.87,45.5,45.0,1,1,-1,-1
373,9,363.75,19.0,45.75,45.25,1,1,-1,-1
374,9,365.25,20.25,46.0,45.25,1,1,-1,-1
375,9,365.5,17.25,45.75,45.25,1,1,-1,-1
376,9,368.0,15.75,45.75,45.5,1,1,-1,-1
377,9,369.0,16.5,45.75,45.25,1,1,-1,-1
378,9,371.5,14.5,45.75,45.5,1,1,-1,-1
379,9,373.0,16.5,45.5,45.25,1,1,-1,-1
380,9,374.75,15.5,45.25,45.25,1,1,-1,-1
381,9,374.75,15.0,45.25,45.25,1,1,-1,-1
382,9,375.0,15.75,45.25,45.25,1,1,-1,-1
383,9,375.25,15.25,45.5,45.25,1,1,-1,-1
384,9,375.5,15.75,45.25,45.25,1,1,-1,-1
385,9,375.75,15.0,45.5,45.25,1,1,-1,-1
386,9,377.25,13.75,45.5,45.5,1,1,-1,-1
387,9,376.0,14.5,45.5,45.25,1,1,-1,-1
388,9,375.0,14.75,45.5,45.25,1,1,-1,-1
389,9,373.5,14.75,45.5,45.25,1,1,-1,-1
390,9,372.75,14.25,45.5,45.25,1,1,-1,-1
391,9,376.0,13.75,45.25,45.5,1,1,-1,-1
392,9,376.25,15.0,45.5,45.25,1,1,-1,-1
393,9,376.5,13.5,45.5,45.5,1,1,-1,-1
394,9,378.25,14.25,45.75,45.5,1,1,-1,-1
395,9,379.5,15.25,45.75,45.5,1,1,-1,-1
396,9,380.25,12.0,45.5,46.0,1,1,-1,-1
397,9,381.5,11.0,45.5,46.25,1,1,-1,-1
398,9,384.5,11.5,45.0,45.0,1,1,-1,-1
399,9,384.5,11.5,45.0,45.0,1,1,-1,-1
400,9,387.5,9.5,45.0,45.0,1,1,-1,-1
401,9,387.5,9.5,45.0,45.0,1,1,-1,-1
402,9,392.5,9.5,45.0,45.0,1,1,-1,-1
403,9,402.5,9.5,45.0,45.0,1,1,-1,-1
404,9,402.5,9.5,45.0,45.0,1,1,-1,-1
405,9,398.5,9.5,45.0,45.0,1,1,-1,-1
406,9,401.5,9.5,45.0,45.0,1,1,-1,-1
407,9,401.5,9.5,45.0,45.0,1,1,-1,-1
408,9,401.5,9.5,45.0,45.0,1,1,-1,-1
409,9,402.5,9.5,45.0,45.0,1,1,-1,-1
410,9,402.5,13.75,45.0,46.0,1,1,-1,-1
411,9,402.75,12.75,45.0,45.5,1,1,-1,-1
412,9,404.0,13.25,45.0,46.0,1,1,-1,-1
413,9,407.75,16.0,45.25,46.0,1,1,-1,-1
414,9,412.75,14.0,45.0,46.25,1,1,-1,-1
415,9,416.75,12.5,45.25,46.0,1,1,-1,-1
416,9,417.25,14.5,45.25,46.25,1,1,-1,-1
417,9,419.0,16.5,45.25,46.25,1,1,-1,-1
418,9,421.5,17.5,45.25,46.0,1,1,-1,-1
419,9,425.25,19.25,45.25,46.5,1,1,-1,-1
420,9,430.75,22.0,45.0,45.25,1,1,-1,-1
421,9,435.0,25.25,45.25,46.0,1,1,-1,-1
422,9,442.25,26.0,45.0,45.25,1,1,-1,-1
423,9,446.25,22.5,45.0,45.75,1,1,-1,-1
424,9,446.5,24.0,45.0,45.25,1,1,-1,-1
425,9,450.524,23.201,45.0,45.25,1,1,-1,-1
426,9,458.0,24.0,45.0,45.25,1,1,-1,-1
427,9,464.25,23.5,45.5,45.5,1,1,-1,-1
428,9,474.5,23.0,45.25,45.25,1,1,-1,-1
429,9,477.0,23.5,45.25,45.0,1,1,-1,-1
430,9,478.0,24.75,45.25,45.0,1,1,-1,-1
431,9,480.75,23.25,45.25,45.25,1,1,-1,-1
432,9,484.0,24.75,45.25,45.0,1,1,-1,-1
433,9,487.5,26.25,45.25,45.25,1,1,-1,-1
434,9,489.0,25.75,45.0,45.25,1,1,-1,-1
435,9,491.5,27.0,45.0,45.25,1,1,-1,-1
436,9,493.5,27.75,44.75,45.0,1,1,-1,-1
437,9,495.75,27.75,44.75,45.0,1,1,-1,-1
438,9,500.75,29.75,45.0,45.75,1,1,-1,-1
439,9,504.75,31.0,45.0,45.25,1,1,-1,-1
440,9,506.0,32.25,44.75,45.25,1,1,-1,-1
441,9,511.75,33.25,45.25,45.5,1,1,-1,-1
442,9,515.5,35.5,45.0,45.25,1,1,-1,-1
443,9,520.25,38.0,45.0,45.0,1,1,-1,-1
444,9,524.0,40.0,45.0,45.5,1,1,-1,-1
445,9,526.25,41.5,45.0,45.25,1,1,-1,-1
446,9,532.0,46.25,44.75,45.25,1,1,-1,-1
447,9,536.5,49.25,45.0,45.25,1,1,-1,-1
448,9,541.5,52.5,44.75,45.25,1,1,-1,-1
449,9,546.0,57.25,45.0,45.25,1,1,-1,-1
450,9,549.5,59.5,45.0,45.0,1,1,-1,-1
451,9,555.25,61.75,45.0,45.25,1,1,-1,-1
452,9,560.75,64.5,44.75,45.5,1,1,-1,-1
453,9,565.5,69.0,44.75,45.25,1,1,-1,-1
454,9,571.5,74.0,44.75,46.0,1,1,-1,-1
455,9,573.75,74.75,44.75,45.25,1,1,-1,-1
456,9,574.0,74.25,45.0,45.75,1,1,-1,-1
457,9,575.5,73.5,44.5,45.25,1,1,-1,-1
458,9,574.25,73.75,44.5,45.25,1,1,-1,-1
459,9,572.75,72.25,44.75,45.25,1,1,-1,-1
460,9,570.5,72.5,44.5,45.25,1,1,-1,-1
461,9,568.75,71.75,44.75,45.25,1,1,-1,-1
462,9,563.75,70.0,44.75,45.25,1,1,-1,-1
463,9,563.5,70.0,44.75,45.25,1,1,-1,-1
464,9,563.25,70.75,44.75,45.5,1,1,-1,-1
465,9,561.75,70.5,44.75,45.25,1,1,-1,-1
466,9,559.5,69.0,44.75,45.25,1,1,-1,-1
467,9,556.0,66.25,44.75,45.25,1,1,-1,-1
468,9,550.25,59.5,44.75,45.25,1,1,-1,-1
469,9,548.5,61.5,45.0,45.0,1,1,-1,-1
470,9,548.5,61.5,45.0,45.0,1,1,-1,-1
471,9,548.5,61.5,45.0,45.0,1,1,-1,-1
472,9,543.25,61.25,45.0,45.5,1,1,-1,-1
473,9,541.5,61.75,45.0,45.5,1,1,-1,-1
474,9,541.25,64.5,45.0,45.75,1,1,-1,-1
475,9,539.75,66.0,45.25,45.25,1,1,-1,-1
476,9,537.75,65.5,45.0,45.25,1,1,-1,-1
477,9,536.5,66.25,45.0,45.25,1,1,-1,-1
478,9,536.25,66.0,45.0,45.5,1,1,-1,-1
479,9,536.0,65.0,45.0,45.5,1,1,-1,-1
480,9,531.5,63.5,45.0,45.5,1,1,-1,-1
481,9,528.25,63.5,45.25,45.5,1,1,-1,-1
482,9,525.0,62.25,45.25,45.75,1,1,-1,-1
483,9,524.0,59.5,45.25,45.75,1,1,-1,-1
484,9,523.5,55.75,45.75,47.25,1,1,-1,-1
485,9,523.5,53.5,45.0,45.0,1,1,-1,-1
486,9,522.0,49.25,45.25,45.75,1,1,-1,-1
487,9,524.5,49.5,45.0,45.0,1,1,-1,-1
488,9,521.984,43.894,45.5,46.0,1,1,-1,-1
489,9,525.676,42.574,45.5,46.0,1,1,-1,-1
490,9,521.5,49.5,45.25,46.5,1,1,-1,-1
491,9,521.5,51.5,45.5,45.75,1,1,-1,-1
492,9,520.75,56.0,45.25,45.5,1,1,-1,-1
493,9,521.75,59.0,45.25,45.5,1,1,-1,-1
494,9,525.25,61.75,45.25,45.5,1,1,-1,-1
495,9,527.75,65.0,45.25,45.5,1,1,-1,-1
496,9,528.0,66.75,45.25,45.25,1,1,-1,-1
497,9,529.5,72.25,45.0,45.25,1,1,-1,-1
498,9,529.75,73.0,45.0,45.5,1,1,-1,-1
499,9,528.0,76.25,45.25,45.5,1,1,-1,-1
500,9,524.75,79.0,45.0,45.25,1,1,-1,-1
1,10,332.5,387.5,45.0,45.0,1,1,-1,-1
2,10,331.5,390.5,45.0,45.0,1,1,-1,-1
3,10,331.5,390.5,45.0,45.0,1,1,-1,-1
4,10,331.5,390.5,45.0,45.0,1,1,-1,-1
5,10,330.5,391.5,45.0,45.0,1,1,-1,-1
6,10,330.5,391.5,45.0,45.0,1,1,-1,-1
7,10,330.5,391.5,45.0,45.0,1,1,-1,-1
8,10,324.5,395.5,45.0,45.0,1,1,-1,-1
9,10,325.25,395.25,44.5,45.25,1,1,-1,-1
10,10,325.25,396.75,45.0,45.25,1,1,-1,-1
11,10,324.25,398.75,45.0,45.25,1,1,-1,-1
12,10,324.75,396.75,44.75,45.25,1,1,-1,-1
13,10,323.5,396.5,45.25,45.25,1,1,-1,-1
14,10,323.0,398.0,45.0,45.25,1,1,-1,-1
15,10,323.5,397.75,45.25,45.5,1,1,-1,-1
16,10,321.25,398.25,45.25,45.5,1,1,-1,-1
17,10,321.75,397.5,45.25,45.25,1,1,-1,-1
18,10,321.5,397.0,45.25,45.5,1,1,-1,-1
19,10,321.75,395.75,45.0,45.25,1,1,-1,-1
20,10,321.75,395.0,45.0,45.25,1,1,-1,-1
21,10,319.0,394.25,45.25,45.5,1,1,-1,-1
22,10,320.75,394.0,45.0,45.25,1,1,-1,-1
23,10,319.5,393.75,45.25,45.25,1,1,-1,-1
24,10,317.75,393.0,45.5,45.5,1,1,-1,-1
25,10,318.25,393.25,45.5,45.5,1,1,-1,-1
26,10,319.5,392.0,45.5,45.5,1,1,-1,-1
27,10,322.5,392.5,45.5,46.0,1,1,-1,-1
28,10,319.5,393.5,45.75,45.5,1,1,-1,-1
29,10,314.25,394.0,45.25,45.5,1,1,-1,-1
30,10,313.75,393.0,45.0,45.75,1,1,-1,-1
31,10,307.5,389.75,45.0,46.25,1,1,-1,-1
32,10,302.75,388.25,45.0,46.5,1,1,-1,-1
33,10,298.509,386.232,45.0,46.5,1,1,-1,-1
34,10,297.0,390.0,45.0,46.0,1,1,-1,-1
35,10,294.75,392.5,44.75,46.0,1,1,-1,-1
36,10,296.0,394.25,44.75,45.5,1,1,-1,-1
37,10,295.0,398.0,44.75,45.5,1,1,-1,-1
38,10,295.25,400.75,44.75,45.5,1,1,-1,-1
39,10,294.5,404.25,44.75,45.5,1,1,-1,-1
40,10,294.0,410.0,45.0,45.25,1,1,-1,-1
41,10,294.5,412.75,45.25,46.0,1,1,-1,-1
42,10,295.5,419.25,45.25,45.75,1,1,-1,-1
43,10,294.0,422.0,45.25,45.75,1,1,-1,-1
44,10,293.25,425.75,45.25,45.75,1,1,-1,-1
45,10,293.0,426.75,45.25,45.75,1,1,-1,-1
46,10,292.0,424.25,45.25,46.0,1,1,-1,-1
47,10,291.0,419.75,45.25,46.75,1,1,-1,-1
48,10,289.5,417.75,45.75,45.75,1,1,-1,-1
49,10,287.75,417.25,45.5,45.5,1,1,-1,-1
50,10,286.75,414.75,45.25,45.5,1,1,-1,-1
51,10,286.25,410.0,45.25,46.25,1,1,-1,-1
52,10,284.0,407.25,45.0,45.25,1,1,-1,-1
53,10,282.25,404.0,45.0,45.5,1,1,-1,-1
54,10,278.5,400.0,44.75,45.25,1,1,-1,-1
55,10,276.0,396.75,45.0,46.75,1,1,-1,-1
56,10,270.25,394.0,45.0,47.25,1,1,-1,-1
57,10,264.75,391.75,45.0,47.75,1,1,-1,-1
58,10,260.75,389.25,45.0,47.5,1,1,-1,-1
59,10,258.0,384.5,45.5,48.5,1,1,-1,-1
60,10,260.25,381.5,45.0,47.0,1,1,-1,-1
61,10,259.75,377.5,45.0,46.5,1,1,-1,-1
62,10,258.5,372.75,45.0,46.0,1,1,-1,-1
63,10,256.0,369.5,44.75,46.25,1,1,-1,-1
64,10,252.0,364.25,45.0,47.5,1,1,-1,-1
65,10,248.75,361.5,46.25,48.5,1,1,-1,-1
66,10,243.25,356.75,46.0,48.25,1,1,-1,-1
67,10,239.0,353.0,45.5,48.25,1,1,-1,-1
68,10,236.0,350.25,45.0,47.0,1,1,-1,-1
69,10,235.25,349.0,45.25,47.25,1,1,-1,-1
70,10,235.75,350.0,45.0,45.5,1,1,-1,-1
71,10,235.75,348.75,45.0,46.5,1,1,-1,-1
72,10,235.5,347.75,45.0,46.5,1,1,-1,-1
73,10,235.25,348.25,45.0,46.0,1,1,-1,-1
74,10,233.25,348.0,44.75,46.0,1,1,-1,-1
75,10,230.25,347.25,45.0,46.5,1,1,-1,-1
76,10,227.75,346.25,45.0,46.5,1,1,-1,-1
77,10,227.0,345.5,45.75,48.0,1,1,-1,-1
78,10,224.5,343.0,45.0,47.75,1,1,-1,-1
79,10,224.25,342.75,45.25,47.25,1,1,-1,-1
80,10,225.0,340.75,45.5,48.0,1,1,-1,-1
81,10,229.25,339.75,45.0,47.5,1,1,-1,-1
82,10,232.0,339.25,45.0,46.75,1,1,-1,-1
83,10,232.5,338.0,45.0,47.25,1,1,-1,-1
84,10,231.0,335.75,45.75,48.25,1,1,-1,-1
85,10,228.75,333.25,45.75,47.75,1,1,-1,-1
86,10,226.75,329.25,46.5,49.0,1,1,-1,-1
87,10,224.25,326.75,45.75,48.25,1,1,-1,-1
88,10,221.25,324.25,45.75,48.25,1,1,-1,-1
89,10,218.5,320.5,46.0,48.75,1,1,-1,-1
90,10,217.0,317.5,45.25,47.75,1,1,-1,-1
91,10,216.75,315.25,45.25,48.0,1,1,-1,-1
92,10,217.25,315.5,45.25,47.5,1,1,-1,-1
93,10,217.0,318.0,45.25,47.0,1,1,-1,-1
94,10,218.0,322.0,45.5,48.5,1,1,-1,-1
95,10,218.0,324.75,45.5,48.25,1,1,-1,-1
96,10,220.5,326.75,45.25,48.0,1,1,-1,-1
97,10,221.75,330.0,44.75,46.5,1,1,-1,-1
98,10,225.75,332.5,44.75,45.5,1,1,-1,-1
99,10,226.5,335.0,45.0,47.25,1,1,-1,-1
100,10,227.25,337.75,45.25,46.5,1,1,-1,-1
101,10,227.0,339.75,45.0,47.0,1,1,-1,-1
102,10,227.5,344.0,44.75,45.75,1,1,-1,-1
103,10,226.75,347.75,44.75,45.5,1,1,-1,-1
104,10,227.0,350.75,45.0,46.75,1,1,-1,-1
105,10,229.25,355.75,44.75,46.0,1,1,-1,-1
106,10,230.75,357.25,44.75,45.75,1,1,-1,-1
107,10,234.25,357.5,45.0,46.5,1,1,-1,-1
108,10,237.75,359.75,45.0,47.0,1,1,-1,-1
109,10,240.75,362.5,45.25,47.0,1,1,-1,-1
110,10,244.25,368.0,45.0,45.5,1,1,-1,-1
111,10,246.75,370.75,45.0,45.5,1,1,-1,-1
112,10,250.5,376.0,45.25,45.5,1,1,-1,-1
113,10,254.25,379.75,45.0,45.5,1,1,-1,-1
114,10,260.0,384.25,45.0,46.75,1,1,-1,-1
115,10,263.0,387.25,45.0,47.25,1,1,-1,-1
116,10,266.5,391.75,45.0,47.0,1,1,-1,-1
117,10,270.25,395.5,45.0,47.5,1,1,-1,-1
118,10,276.5,402.0,45.0,47.25,1,1,-1,-1
119,10,279.5,405.5,45.0,46.25,1,1,-1,-1
120,10,283.5,410.25,45.25,46.75,1,1,-1,-1
121,10,287.5,416.0,45.5,46.75,1,1,-1,-1
122,10,292.25,421.25,45.5,46.25,1,1,-1,-1
123,10,296.25,422.25,45.5,46.25,1,1,-1,-1
124,10,301.0,423.75,45.25,45.75,1,1,-1,-1
125,10,306.5,425.25,45.25,45.5,1,1,-1,-1
126,10,314.0,426.0,45.25,45.5,1,1,-1,-1
127,10,317.75,426.0,45.5,45.75,1,1,-1,-1
128,10,324.0,425.75,45.25,45.5,1,1,-1,-1
129,10,330.0,425.25,45.25,45.5,1,1,-1,-1
130,10,334.5,424.5,45.25,45.5,1,1,-1,-1
131,10,336.0,423.0,45.5,45.5,1,1,-1,-1
132,10,336.25,423.0,45.25,45.5,1,1,-1,-1
133,10,338.0,422.0,45.25,45.5,1,1,-1,-1
134,10,338.0,420.25,45.25,45.25,1,1,-1,-1
135,10,341.0,418.75,45.5,45.5,1,1,-1,-1
136,10,344.75,416.0,45.25,45.25,1,1,-1,-1
137,10,346.25,412.75,45.5,45.25,1,1,-1,-1
138,10,349.25,410.5,45.25,45.25,1,1,-1,-1
139,10,348.5,410.0,45.5,45.25,1,1,-1,-1
140,10,349.0,407.75,45.0,45.5,1,1,-1,-1
141,10,349.75,407.0,45.0,45.5,1,1,-1,-1
142,10,349.5,406.75,45.0,45.25,1,1,-1,-1
143,10,349.75,406.5,45.25,46.25,1,1,-1,-1
144,10,349.5,407.0,45.25,45.5,1,1,-1,-1
145,10,349.75,406.75,45.25,45.25,1,1,-1,-1
146,10,350.25,407.0,45.0,45.0,1,1,-1,-1
147,10,350.75,406.75,45.25,45.25,1,1,-1,-1
148,10,350.75,405.75,45.0,45.25,1,1,-1,-1
149,10,349.5,406.0,45.25,45.25,1,1,-1,-1
150,10,349.75,405.25,45.0,45.5,1,1,-1,-1
151,10,348.75,406.0,45.25,45.25,1,1,-1,-1
152,10,349.75,404.5,45.25,45.5,1,1,-1,-1
153,10,349.75,404.0,45.0,45.25,1,1,-1,-1
154,10,349.75,404.0,45.25,45.25,1,1,-1,-1
155,10,348.75,403.75,45.25,45.5,1,1,-1,-1
156,10,348.25,404.0,45.0,45.25,1,1,-1,-1
157,10,347.75,404.0,45.25,45.0,1,1,-1,-1
158,10,349.25,403.5,45.25,45.0,1,1,-1,-1
159,10,349.143,403.616,45.25,45.0,1,1,-1,-1
160,10,349.0,404.5,45.25,45.25,1,1,-1,-1
161,10,348.5,404.5,45.25,45.0,1,1,-1,-1
162,10,349.25,404.5,45.5,45.25,1,1,-1,-1
163,10,350.0,404.75,45.25,45.0,1,1,-1,-1
164,10,349.75,404.75,45.25,45.0,1,1,-1,-1
165,10,351.75,404.75,45.25,45.0,1,1,-1,-1
166,10,352.25,405.25,45.25,45.0,1,1,-1,-1
167,10,351.5,405.5,45.25,45.0,1,1,-1,-1
168,10,351.5,405.0,45.25,45.0,1,1,-1,-1
169,10,351.0,405.5,45.25,45.25,1,1,-1,-1
170,10,350.25,405.75,45.25,45.0,1,1,-1,-1
171,10,348.25,405.5,45.0,45.0,1,1,-1,-1
172,10,349.0,405.5,45.25,45.25,1,1,-1,-1
173,10,349.75,405.5,45.5,45.25,1,1,-1,-1
174,10,350.25,405.25,45.5,45.25,1,1,-1,-1
175,10,350.0,405.5,45.5,45.25,1,1,-1,-1
176,10,350.0,404.75,45.25,45.25,1,1,-1,-1
177,10,350.5,405.25,45.25,45.0,1,1,-1,-1
178,10,350.25,405.0,45.25,45.25,1,1,-1,-1
179,10,349.75,404.75,45.0,45.25,1,1,-1,-1
180,10,349.75,405.0,45.25,45.0,1,1,-1,-1
181,10,349.0,404.75,45.25,45.25,1,1,-1,-1
182,10,350.25,404.5,45.25,45.25,1,1,-1,-1
183,10,350.0,404.75,45.25,45.25,1,1,-1,-1
184,10,350.0,405.25,45.25,45.25,1,1,-1,-1
185,10,349.5,405.5,45.25,45.0,1,1,-1,-1
186,10,350.25,406.0,45.25,45.0,1,1,-1,-1
187,10,349.5,402.5,45.0,45.0,1,1,-1,-1
188,10,349.5,402.5,45.0,45.0,1,1,-1,-1
189,10,349.5,402.5,45.0,45.0,1,1,-1,-1
190,10,349.5,402.5,45.0,45.0,1,1,-1,-1
191,10,349.5,402.5,45.0,45.0,1,1,-1,-1
192,10,349.5,402.5,45.0,45.0,1,1,-1,-1
193,10,349.5,402.5,45.0,45.0,1,1,-1,-1
194,10,350.0,401.5,45.25,45.0,1,1,-1,-1
195,10,350.0,401.25,45.0,45.25,1,1,-1,-1
196,10,350.5,401.5,45.0,45.0,1,1,-1,-1
197,10,349.75,401.5,45.0,44.75,1,1,-1,-1
198,10,350.25,401.0,45.0,45.0,1,1,-1,-1
199,10,350.75,401.0,45.0,45.0,1,1,-1,-1
200,10,351.75,401.5,45.0,45.0,1,1,-1,-1
201,10,350.75,401.5,45.0,45.0,1,1,-1,-1
202,10,351.0,401.75,45.0,45.25,1,1,-1,-1
203,10,350.75,403.25,45.0,45.0,1,1,-1,-1
204,10,351.25,402.5,45.0,45.0,1,1,-1,-1
205,10,350.25,403.0,45.25,45.0,1,1,-1,-1
206,10,350.0,403.0,45.0,45.0,1,1,-1,-1
207,10,350.0,402.5,45.25,45.25,1,1,-1,-1
208,10,348.75,403.0,45.25,45.0,1,1,-1,-1
209,10,348.75,403.25,45.25,45.0,1,1,-1,-1
210,10,348.75,403.0,45.25,45.25,1,1,-1,-1
211,10,348.75,403.0,45.25,45.25,1,1,-1,-1
212,10,349.25,403.25,45.0,45.0,1,1,-1,-1
213,10,348.75,403.25,45.0,45.0,1,1,-1,-1
214,10,348.5,403.75,45.25,44.75,1,1,-1,-1
215,10,348.5,403.75,45.0,44.75,1,1,-1,-1
216,10,348.75,403.75,45.0,45.0,1,1,-1,-1
217,10,348.75,404.0,45.0,45.0,1,1,-1,-1
218,10,348.5,403.75,45.25,45.25,1,1,-1,-1
219,10,348.0,404.0,45.25,45.25,1,1,-1,-1
220,10,347.5,404.0,45.25,45.25,1,1,-1,-1
221,10,347.5,404.0,45.25,45.25,1,1,-1,-1
222,10,347.75,403.5,45.25,45.25,1,1,-1,-1
223,10,346.75,404.0,45.25,45.0,1,1,-1,-1
224,10,346.75,403.5,45.25,45.25,1,1,-1,-1
225,10,346.5,403.25,45.25,45.0,1,1,-1,-1
226,10,347.25,403.25,45.25,45.25,1,1,-1,-1
227,10,347.0,403.5,45.25,45.25,1,1,-1,-1
228,10,347.25,403.5,45.25,45.0,1,1,-1,-1
229,10,347.25,403.5,45.25,45.25,1,1,-1,-1
230,10,346.75,403.5,45.25,45.0,1,1,-1,-1
231,10,346.5,403.5,45.25,45.25,1,1,-1,-1
232,10,347.0,403.75,45.25,45.25,1,1,-1,-1
233,10,346.75,404.0,45.0,45.25,1,1,-1,-1
234,10,347.0,404.0,45.25,45.0,1,1,-1,-1
235,10,347.0,404.0,45.25,45.0,1,1,-1,-1
236,10,347.0,403.5,45.25,45.25,1,1,-1,-1
237,10,346.75,403.5,45.25,45.0,1,1,-1,-1
238,10,347.0,403.5,45.25,45.0,1,1,-1,-1
239,10,347.0,404.0,45.0,45.0,1,1,-1,-1
240,10,346.25,403.75,45.25,45.0,1,1,-1,-1
241,10,346.75,403.75,45.25,45.25,1,1,-1,-1
242,10,345.0,404.0,45.25,45.0,1,1,-1,-1
243,10,344.75,404.75,45.0,45.0,1,1,-1,-1
244,10,345.0,404.25,45.0,45.0,1,1,-1,-1
245,10,346.5,403.75,45.25,45.0,1,1,-1,-1
246,10,347.25,403.5,45.0,45.0,1,1,-1,-1
247,10,346.25,403.25,45.0,45.0,1,1,-1,-1
248,10,346.5,403.75,45.0,45.0,1,1,-1,-1
249,10,346.5,404.0,45.0,45.25,1,1,-1,-1
250,10,346.25,404.5,45.0,45.0,1,1,-1,-1
251,10,346.25,403.5,45.0,45.0,1,1,-1,-1
252,10,345.75,403.5,45.0,45.0,1,1,-1,-1
253,10,345.75,404.5,45.0,45.0,1,1,-1,-1
254,10,345.75,404.75,45.0,45.0,1,1,-1,-1
255,10,345.5,405.0,45.0,45.25,1,1,-1,-1
256,10,346.5,404.5,45.0,45.25,1,1,-1,-1
257,10,345.75,404.0,45.0,45.25,1,1,-1,-1
258,10,346.25,404.0,45.0,45.25,1,1,-1,-1
259,10,345.75,404.5,45.0,45.25,1,1,-1,-1
260,10,345.75,404.0,45.25,45.25,1,1,-1,-1
261,10,345.75,404.0,45.25,45.0,1,1,-1,-1
262,10,346.0,403.75,45.25,45.0,1,1,-1,-1
263,10,346.0,403.5,45.25,45.0,1,1,-1,-1
264,10,345.5,403.5,45.25,45.0,1,1,-1,-1
265,10,345.5,403.75,45.0,45.25,1,1,-1,-1
266,10,343.75,403.5,45.25,45.25,1,1,-1,-1
267,10,344.0,403.5,45.25,45.25,1,1,-1,-1
268,10,344.0,403.25,45.0,45.25,1,1,-1,-1
269,10,344.25,403.5,45.0,45.0,1,1,-1,-1
270,10,346.25,401.75,45.0,45.25,1,1,-1,-1
271,10,345.75,402.25,45.0,45.25,1,1,-1,-1
272,10,345.5,402.0,45.0,45.25,1,1,-1,-1
273,10,345.0,402.5,45.25,45.25,1,1,-1,-1
274,10,345.5,401.5,45.25,45.25,1,1,-1,-1
275,10,345.75,401.5,45.0,45.25,1,1,-1,-1
276,10,345.25,401.75,45.25,45.25,1,1,-1,-1
277,10,345.5,401.75,45.25,45.25,1,1,-1,-1
278,10,344.25,401.5,45.25,45.5,1,1,-1,-1
279,10,344.5,402.0,45.0,45.25,1,1,-1,-1
280,10,343.5,402.25,45.0,45.25,1,1,-1,-1
281,10,343.75,402.0,45.0,45.25,1,1,-1,-1
282,10,343.25,401.75,45.25,45.25,1,1,-1,-1
283,10,343.75,402.0,45.25,45.0,1,1,-1,-1
284,10,343.25,402.0,45.25,45.25,1,1,-1,-1
285,10,343.75,401.75,45.25,45.25,1,1,-1,-1
286,10,343.5,403.25,45.25,45.25,1,1,-1,-1
287,10,342.25,403.75,45.5,45.5,1,1,-1,-1
288,10,343.0,404.25,45.25,45.5,1,1,-1,-1
289,10,341.75,404.0,45.25,45.5,1,1,-1,-1
290,10,341.75,404.0,45.5,45.25,1,1,-1,-1
291,10,340.5,403.75,45.5,45.5,1,1,-1,-1
292,10,341.25,404.0,45.25,45.25,1,1,-1,-1
293,10,338.75,403.25,45.25,45.5,1,1,-1,-1
294,10,339.5,403.0,45.5,45.5,1,1,-1,-1
295,10,340.25,403.5,45.5,45.5,1,1,-1,-1
296,10,341.0,404.25,45.25,45.25,1,1,-1,-1
297,10,341.0,404.0,45.25,45.25,1,1,-1,-1
298,10,341.25,403.75,45.5,45.25,1,1,-1,-1
299,10,341.0,403.5,45.5,45.25,1,1,-1,-1
300,10,340.5,403.25,45.5,45.5,1,1,-1,-1
301,10,340.5,402.5,45.5,45.25,1,1,-1,-1
302,10,340.25,402.5,45.5,45.5,1,1,-1,-1
303,10,340.5,402.75,45.5,45.5,1,1,-1,-1
304,10,339.75,402.5,45.5,45.5,1,1,-1,-1
305,10,340.25,402.0,45.25,45.75,1,1,-1,-1
306,10,340.5,401.75,45.5,45.5,1,1,-1,-1
307,10,338.0,401.75,45.5,46.0,1,1,-1,-1
308,10,337.75,401.75,45.75,46.5,1,1,-1,-1
309,10,341.0,402.0,45.5,46.75,1,1,-1,-1
310,10,340.25,400.25,45.5,47.25,1,1,-1,-1
311,10,343.25,404.75,45.5,45.25,1,1,-1,-1
312,10,342.75,404.25,45.25,45.5,1,1,-1,-1
313,10,342.5,404.25,45.5,45.25,1,1,-1,-1
314,10,341.25,403.5,45.25,45.25,1,1,-1,-1
315,10,341.5,404.0,45.5,45.5,1,1,-1,-1
316,10,342.75,405.5,45.5,45.25,1,1,-1,-1
317,10,343.0,404.25,45.5,45.25,1,1,-1,-1
318,10,344.5,406.0,45.75,46.75,1,1,-1,-1
319,10,344.25,405.75,45.5,45.25,1,1,-1,-1
320,10,343.75,407.0,45.5,45.25,1,1,-1,-1
321,10,345.75,407.25,45.5,45.25,1,1,-1,-1
322,10,345.5,408.0,45.75,45.5,1,1,-1,-1
323,10,348.25,405.0,45.5,45.5,1,1,-1,-1
324,10,347.25,406.25,45.75,45.75,1,1,-1,-1
325,10,346.0,405.0,46.25,47.5,1,1,-1,-1
326,10,347.75,407.0,45.75,45.25,1,1,-1,-1
327,10,348.75,409.25,45.75,45.25,1,1,-1,-1
328,10,351.0,408.25,45.75,45.25,1,1,-1,-1
329,10,351.75,408.75,45.75,45.25,1,1,-1,-1
330,10,351.75,410.0,45.75,45.25,1,1,-1,-1
331,10,351.25,412.0,45.75,45.25,1,1,-1,-1
332,10,351.25,412.0,45.75,45.25,1,1,-1,-1
333,10,351.0,413.5,45.75,45.25,1,1,-1,-1
334,10,351.5,413.5,45.75,45.25,1,1,-1,-1
335,10,352.0,412.25,45.5,45.25,1,1,-1,-1
336,10,354.0,413.75,45.5,45.5,1,1,-1,-1
337,10,355.5,414.5,45.5,45.5,1,1,-1,-1
338,10,355.75,415.25,45.25,45.5,1,1,-1,-1
339,10,355.25,416.25,45.5,45.25,1,1,-1,-1
340,10,358.5,416.75,45.25,45.5,1,1,-1,-1
341,10,361.25,417.25,45.25,45.5,1,1,-1,-1
342,10,363.5,416.5,45.0,45.5,1,1,-1,-1
343,10,369.75,413.5,45.0,45.25,1,1,-1,-1
344,10,373.25,411.75,45.25,45.5,1,1,-1,-1
345,10,378.25,408.5,45.0,45.25,1,1,-1,-1
346,10,384.0,407.25,45.0,45.25,1,1,-1,-1
347,10,389.5,403.5,44.75,45.25,1,1,-1,-1
348,10,391.75,401.0,44.5,45.0,1,1,-1,-1
349,10,391.5,396.0,44.75,45.5,1,1,-1,-1
350,10,392.25,391.0,44.75,45.5,1,1,-1,-1
351,10,394.75,386.25,44.75,45.25,1,1,-1,-1
352,10,395.5,381.5,44.75,45.25,1,1,-1,-1
353,10,395.0,375.5,45.0,45.5,1,1,-1,-1
354,10,394.0,373.75,45.0,45.25,1,1,-1,-1
355,10,392.25,367.0,44.75,45.0,1,1,-1,-1
356,10,393.5,363.25,44.75,45.0,1,1,-1,-1
357,10,393.75,356.25,44.75,45.0,1,1,-1,-1
358,10,393.25,350.75,44.75,45.25,1,1,-1,-1
359,10,392.5,342.75,44.75,45.25,1,1,-1,-1
360,10,391.5,340.5,44.5,44.75,1,1,-1,-1
361,10,390.0,337.0,44.75,45.25,1,1,-1,-1
362,10,387.5,333.0,44.75,45.25,1,1,-1,-1
363,10,386.0,328.0,45.25,45.25,1,1,-1,-1
364,10,383.75,322.5,45.25,45.25,1,1,-1,-1
365,10,382.25,319.0,45.25,45.0,1,1,-1,-1
366,10,380.5,315.0,45.25,45.0,1,1,-1,-1
367,10,379.75,310.75,45.25,45.0,1,1,-1,-1
368,10,378.0,306.5,45.25,45.0,1,1,-1,-1
369,10,378.25,300.75,44.75,45.0,1,1,-1,-1
370,10,378.0,296.5,45.0,45.25,1,1,-1,-1
371,10,376.25,288.75,45.0,46.0,1,1,-1,-1
372,10,376.0,282.5,44.75,46.0,1,1,-1,-1
373,10,375.0,276.0,45.0,45.5,1,1,-1,-1
374,10,373.0,269.0,45.0,46.0,1,1,-1,-1
375,10,371.25,265.0,44.75,45.25,1,1,-1,-1
376,10,366.0,258.25,44.75,45.25,1,1,-1,-1
377,10,362.0,257.25,45.0,45.25,1,1,-1,-1
378,10,359.0,256.5,45.0,45.25,1,1,-1,-1
379,10,357.0,254.5,45.0,45.25,1,1,-1,-1
380,10,357.25,253.0,45.0,45.25,1,1,-1,-1
381,10,352.25,250.5,45.25,45.25,1,1,-1,-1
382,10,347.0,248.25,45.25,45.25,1,1,-1,-1
383,10,343.0,246.5,45.0,45.0,1,1,-1,-1
384,10,336.5,241.25,44.75,45.25,1,1,-1,-1
385,10,330.5,239.0,45.0,45.0,1,1,-1,-1
386,10,323.5,238.75,45.0,45.0,1,1,-1,-1
387,10,316.25,236.25,45.5,45.0,1,1,-1,-1
388,10,308.5,234.25,45.25,45.0,1,1,-1,-1
389,10,297.5,234.5,45.0,45.0,1,1,-1,-1
390,10,296.5,231.5,45.0,45.0,1,1,-1,-1
391,10,294.5,230.5,45.0,45.0,1,1,-1,-1
392,10,292.5,224.5,45.0,45.0,1,1,-1,-1
393,10,294.5,226.5,45.0,45.0,1,1,-1,-1
394,10,296.25,222.0,45.0,45.25,1,1,-1,-1
395,10,294.0,218.5,45.5,45.5,1,1,-1,-1
396,10,294.0,214.25,45.5,45.25,1,1,-1,-1
397,10,294.25,209.0,45.5,45.25,1,1,-1,-1
398,10,294.75,204.75,45.25,45.25,1,1,-1,-1
399,10,293.0,199.25,45.0,45.0,1,1,-1,-1
400,10,291.25,194.75,45.0,45.25,1,1,-1,-1
401,10,289.75,191.5,45.25,45.25,1,1,-1,-1
402,10,287.0,191.75,45.5,45.25,1,1,-1,-1
403,10,287.5,187.75,45.25,45.25,1,1,-1,-1
404,10,284.75,184.25,45.5,45.75,1,1,-1,-1
405,10,283.75,183.5,45.5,45.5,1,1,-1,-1
406,10,284.75,184.0,45.25,45.5,1,1,-1,-1
407,10,286.25,184.5,45.25,45.25,1,1,-1,-1
408,10,285.5,182.5,45.25,45.5,1,1,-1,-1
409,10,286.0,182.25,45.25,45.25,1,1,-1,-1
410,10,289.0,184.5,45.5,45.25,1,1,-1,-1
411,10,289.5,184.5,45.5,45.25,1,1,-1,-1
412,10,289.75,185.0,45.5,45.25,1,1,-1,-1
413,10,289.5,184.25,45.25,45.5,1,1,-1,-1
414,10,290.25,184.25,45.5,45.25,1,1,-1,-1
415,10,283.0,185.5,45.5,45.5,1,1,-1,-1
416,10,282.75,185.5,45.5,45.5,1,1,-1,-1
417,10,286.75,188.0,45.5,45.25,1,1,-1,-1
418,10,282.5,184.5,45.5,45.5,1,1,-1,-1
419,10,281.75,182.0,45.75,45.5,1,1,-1,-1
420,10,280.5,180.75,45.5,45.5,1,1,-1,-1
421,10,281.25,179.75,45.5,45.5,1,1,-1,-1
422,10,281.75,180.5,45.75,45.25,1,1,-1,-1
423,10,284.25,180.75,45.75,45.25,1,1,-1,-1
424,10,286.0,177.75,45.5,45.25,1,1,-1,-1
425,10,286.5,178.25,45.5,45.25,1,1,-1,-1
426,10,289.75,179.5,45.5,45.25,1,1,-1,-1
427,10,293.25,180.75,45.25,45.0,1,1,-1,-1
428,10,295.75,176.75,45.5,45.25,1,1,-1,-1
429,10,297.0,175.0,45.25,45.25,1,1,-1,-1
430,10,296.75,172.75,45.5,45.0,1,1,-1,-1
431,10,298.0,170.25,45.5,45.25,1,1,-1,-1
432,10,300.25,168.25,45.5,45.25,1,1,-1,-1
433,10,301.0,164.5,45.5,45.0,1,1,-1,-1
434,10,299.5,161.75,45.5,45.5,1,1,-1,-1
435,10,296.25,156.75,45.75,45.5,1,1,-1,-1
436,10,294.0,152.75,45.75,45.5,1,1,-1,-1
437,10,290.25,148.0,45.5,45.25,1,1,-1,-1
438,10,285.75,144.0,45.5,45.25,1,1,-1,-1
439,10,283.5,140.0,45.25,45.25,1,1,-1,-1
440,10,279.5,135.0,45.0,45.0,1,1,-1,-1
441,10,278.5,130.75,45.25,45.0,1,1,-1,-1
442,10,276.25,125.75,45.25,44.75,1,1,-1,-1
443,10,274.0,122.75,45.25,45.0,1,1,-1,-1
444,10,272.75,120.5,45.25,45.0,1,1,-1,-1
445,10,271.25,117.5,45.5,45.25,1,1,-1,-1
446,10,270.0,118.75,45.25,45.25,1,1,-1,-1
447,10,267.5,121.5,45.0,45.0,1,1,-1,-1
448,10,267.5,121.5,45.0,45.0,1,1,-1,-1
449,10,267.5,121.5,45.0,45.0,1,1,-1,-1
450,10,267.5,121.5,45.0,45.0,1,1,-1,-1
451,10,260.5,92.5,45.0,45.0,1,1,-1,-1
452,10,260.5,91.5,45.0,45.0,1,1,-1,-1
453,10,260.5,91.5,45.0,45.0,1,1,-1,-1
454,10,260.5,91.5,45.0,45.0,1,1,-1,-1
455,10,266.5,92.5,45.0,45.0,1,1,-1,-1
456,10,266.5,92.5,45.0,45.0,1,1,-1,-1
457,10,266.5,92.5,45.0,45.0,1,1,-1,-1
458,10,272.25,83.25,44.75,45.25,1,1,-1,-1
459,10,272.75,79.5,45.0,45.25,1,1,-1,-1
460,10,275.0,76.0,44.75,45.0,1,1,-1,-1
461,10,278.5,73.75,44.75,45.25,1,1,-1,-1
462,10,283.0,72.5,45.0,45.25,1,1,-1,-1
463,10,287.0,71.0,45.0,45.75,1,1,-1,-1
464,10,291.0,69.25,45.25,45.5,1,1,-1,-1
465,10,293.75,67.25,45.25,45.5,1,1,-1,-1
466,10,295.25,62.0,45.25,45.5,1,1,-1,-1
467,10,296.5,61.0,45.0,45.5,1,1,-1,-1
468,10,296.75,60.5,45.25,45.5,1,1,-1,-1
469,10,300.0,60.0,45.0,45.5,1,1,-1,-1
470,10,302.75,60.0,45.0,45.25,1,1,-1,-1
471,10,305.5,58.25,45.0,45.25,1,1,-1,-1
472,10,309.75,54.0,45.25,45.5,1,1,-1,-1
473,10,310.75,53.0,45.25,45.25,1,1,-1,-1
474,10,317.0,48.75,45.0,45.75,1,1,-1,-1
475,10,321.75,46.5,44.75,45.25,1,1,-1,-1
476,10,324.25,44.75,45.0,45.25,1,1,-1,-1
477,10,329.25,40.5,45.0,46.0,1,1,-1,-1
478,10,331.75,38.75,44.75,45.5,1,1,-1,-1
479,10,334.75,38.0,44.75,45.25,1,1,-1,-1
480,10,339.0,36.5,44.75,45.25,1,1,-1,-1
481,10,342.25,35.75,45.0,45.75,1,1,-1,-1
482,10,350.5,34.5,45.25,45.5,1,1,-1,-1
483,10,355.25,32.25,45.25,45.5,1,1,-1,-1
484,10,362.25,28.75,45.25,46.5,1,1,-1,-1
485,10,366.25,28.5,45.0,45.25,1,1,-1,-1
486,10,371.5,26.5,45.25,45.75,1,1,-1,-1
487,10,375.5,25.0,45.5,45.75,1,1,-1,-1
488,10,377.75,23.25,45.25,45.5,1,1,-1,-1
489,10,381.25,21.5,45.25,45.25,1,1,-1,-1
490,10,383.5,21.5,45.25,45.25,1,1,-1,-1
491,10,385.5,22.75,45.0,45.25,1,1,-1,-1
492,10,388.75,22.25,45.0,45.25,1,1,-1,-1
493,10,388.75,22.0,45.0,45.0,1,1,-1,-1
494,10,389.25,21.75,45.0,45.25,1,1,-1,-1
495,10,390.0,21.75,44.75,45.0,1,1,-1,-1
496,10,390.5,22.0,44.75,45.25,1,1,-1,-1
497,10,393.0,22.25,44.75,45.0,1,1,-1,-1
498,10,392.0,22.25,44.75,45.0,1,1,-1,-1
499,10,391.5,22.0,44.75,45.0,1,1,-1,-1
500,10,392.0,20.75,45.0,45.0,1,1,-1,-1
1,11,339.5,351.0,45.25,45.25,1,1,-1,-1
2,11,343.75,348.75,45.0,45.25,1,1,-1,-1
3,11,345.0,347.25,45.0,45.25,1,1,-1,-1
4,11,347.75,346.0,45.25,45.5,1,1,-1,-1
5,11,352.75,345.75,45.25,45.25,1,1,-1,-1
6,11,354.0,346.5,45.25,45.25,1,1,-1,-1
7,11,356.25,347.75,45.25,45.25,1,1,-1,-1
8,11,358.25,350.75,45.25,45.5,1,1,-1,-1
9,11,360.25,351.75,45.25,46.75,1,1,-1,-1
10,11,361.5,354.5,45.25,46.25,1,1,-1,-1
11,11,363.25,357.5,45.25,45.75,1,1,-1,-1
12,11,365.0,360.5,45.25,46.0,1,1,-1,-1
13,11,365.5,363.75,45.25,46.25,1,1,-1,-1
14,11,366.0,368.0,45.25,45.75,1,1,-1,-1
15,11,366.25,370.0,45.0,45.25,1,1,-1,-1
16,11,366.75,373.75,45.25,46.5,1,1,-1,-1
17,11,368.0,375.5,45.5,47.25,1,1,-1,-1
18,11,368.5,379.0,46.25,48.0,1,1,-1,-1
19,11,369.5,382.25,45.25,47.25,1,1,-1,-1
20,11,370.75,383.25,45.25,46.75,1,1,-1,-1
21,11,372.25,384.0,45.0,45.5,1,1,-1,-1
22,11,373.5,384.5,45.0,45.5,1,1,-1,-1
23,11,374.5,385.75,45.0,45.25,1,1,-1,-1
24,11,376.75,386.0,45.0,45.75,1,1,-1,-1
25,11,379.75,387.5,45.25,46.0,1,1,-1,-1
26,11,383.25,387.5,45.25,47.0,1,1,-1,-1
27,11,385.0,388.0,45.0,46.25,1,1,-1,-1
28,11,387.5,387.75,45.25,46.5,1,1,-1,-1
29,11,388.0,388.5,45.0,46.0,1,1,-1,-1
30,11,388.5,389.0,44.75,45.75,1,1,-1,-1
31,11,387.5,389.5,44.75,45.25,1,1,-1,-1
32,11,387.25,390.75,44.75,45.25,1,1,-1,-1
33,11,385.75,390.75,45.0,45.25,1,1,-1,-1
34,11,386.5,390.75,44.75,45.25,1,1,-1,-1
35,11,386.25,390.0,44.75,45.25,1,1,-1,-1
36,11,386.75,389.75,44.75,45.5,1,1,-1,-1
37,11,387.0,390.75,44.75,45.5,1,1,-1,-1
38,11,387.25,387.0,45.0,45.5,1,1,-1,-1
39,11,387.0,381.25,45.0,45.5,1,1,-1,-1
40,11,386.268,377.47,45.0,45.5,1,1,-1,-1
41,11,389.25,373.75,45.5,47.0,1,1,-1,-1
42,11,388.0,371.75,45.0,45.75,1,1,-1,-1
43,11,386.0,368.25,45.25,45.25,1,1,-1,-1
44,11,385.0,365.5,45.0,45.5,1,1,-1,-1
45,11,383.25,365.0,45.0,45.25,1,1,-1,-1
46,11,379.5,363.5,45.25,45.5,1,1,-1,-1
47,11,377.5,361.75,45.25,45.5,1,1,-1,-1
48,11,375.5,361.25,45.0,46.0,1,1,-1,-1
49,11,372.5,359.75,45.0,46.0,1,1,-1,-1
50,11,367.75,357.25,45.25,46.25,1,1,-1,-1
51,11,364.25,357.25,45.25,46.75,1,1,-1,-1
52,11,360.75,355.25,45.5,47.0,1,1,-1,-1
53,11,357.75,354.0,46.0,47.25,1,1,-1,-1
54,11,352.25,352.25,45.75,47.25,1,1,-1,-1
55,11,349.0,353.5,45.25,46.5,1,1,-1,-1
56,11,347.25,352.25,46.0,48.0,1,1,-1,-1
57,11,345.75,350.75,45.75,48.0,1,1,-1,-1
58,11,346.25,347.75,46.0,47.75,1,1,-1,-1
59,11,343.25,343.5,47.5,49.25,1,1,-1,-1
60,11,344.0,341.75,46.5,48.25,1,1,-1,-1
61,11,342.0,339.25,46.75,48.5,1,1,-1,-1
62,11,339.5,337.25,44.75,46.25,1,1,-1,-1
63,11,336.75,335.25,45.5,46.75,1,1,-1,-1
64,11,332.0,333.5,45.5,46.75,1,1,-1,-1
65,11,328.75,332.5,46.25,47.5,1,1,-1,-1
66,11,326.0,333.5,46.5,47.5,1,1,-1,-1
67,11,324.0,335.5,45.0,46.0,1,1,-1,-1
68,11,319.0,336.25,45.75,46.5,1,1,-1,-1
69,11,315.5,336.0,46.25,46.75,1,1,-1,-1
70,11,313.75,337.25,45.25,45.25,1,1,-1,-1
71,11,308.5,337.5,45.5,46.0,1,1,-1,-1
72,11,303.5,336.75,45.25,45.75,1,1,-1,-1
73,11,300.0,335.75,45.0,45.25,1,1,-1,-1
74,11,296.75,333.25,45.0,45.75,1,1,-1,-1
75,11,293.5,330.0,45.0,45.5,1,1,-1,-1
76,11,292.5,328.0,45.25,45.5,1,1,-1,-1
77,11,289.75,323.75,45.5,47.0,1,1,-1,-1
78,11,289.5,322.75,45.25,46.25,1,1,-1,-1
79,11,288.75,322.75,45.25,45.5,1,1,-1,-1
80,11,287.0,322.75,45.25,45.75,1,1,-1,-1
81,11,285.0,323.75,45.5,45.75,1,1,-1,-1
82,11,283.0,326.25,45.25,45.5,1,1,-1,-1
83,11,280.75,327.25,45.25,46.0,1,1,-1,-1
84,11,277.25,327.5,45.25,46.25,1,1,-1,-1
85,11,274.0,326.0,45.5,46.0,1,1,-1,-1
86,11,272.5,325.5,45.5,46.0,1,1,-1,-1
87,11,271.75,324.5,45.25,46.25,1,1,-1,-1
88,11,271.75,322.75,45.5,46.5,1,1,-1,-1
89,11,273.0,322.25,45.5,46.75,1,1,-1,-1
90,11,274.0,321.5,45.5,45.5,1,1,-1,-1
91,11,275.25,319.75,45.25,45.5,1,1,-1,-1
92,11,275.75,319.0,45.5,45.5,1,1,-1,-1
93,11,276.0,318.5,45.5,45.5,1,1,-1,-1
94,11,276.0,318.0,45.5,45.5,1,1,-1,-1
95,11,276.25,317.25,45.5,45.5,1,1,-1,-1
96,11,277.0,317.5,45.5,45.5,1,1,-1,-1
97,11,278.0,316.25,45.5,45.5,1,1,-1,-1
98,11,279.5,315.25,45.5,45.5,1,1,-1,-1
99,11,281.0,315.25,45.5,45.75,1,1,-1,-1
100,11,283.0,315.75,45.75,45.75,1,1,-1,-1
101,11,284.5,316.0,45.75,45.5,1,1,-1,-1
102,11,286.0,314.25,45.75,45.5,1,1,-1,-1
103,11,287.25,312.75,45.5,45.75,1,1,-1,-1
104,11,289.0,312.25,45.5,46.25,1,1,-1,-1
105,11,291.0,313.25,45.5,46.0,1,1,-1,-1
106,11,292.25,313.0,45.5,45.5,1,1,-1,-1
107,11,294.0,312.5,45.25,45.5,1,1,-1,-1
108,11,295.25,312.0,45.5,45.5,1,1,-1,-1
109,11,298.25,310.5,45.5,45.5,1,1,-1,-1
110,11,301.25,309.25,45.5,46.25,1,1,-1,-1
111,11,301.5,307.5,45.25,46.0,1,1,-1,-1
112,11,301.5,306.25,45.5,45.5,1,1,-1,-1
113,11,301.75,303.5,45.25,45.75,1,1,-1,-1
114,11,302.0,301.0,45.5,46.25,1,1,-1,-1
115,11,302.5,299.75,45.25,46.25,1,1,-1,-1
116,11,302.25,298.5,45.5,46.5,1,1,-1,-1
117,11,301.25,295.5,45.75,47.0,1,1,-1,-1
118,11,296.0,293.0,45.75,46.75,1,1,-1,-1
119,11,291.5,291.25,45.5,46.0,1,1,-1,-1
120,11,302.0,289.75,45.5,46.0,1,1,-1,-1
121,11,301.5,287.75,45.5,46.25,1,1,-1,-1
122,11,298.5,284.5,45.25,46.0,1,1,-1,-1
123,11,297.25,282.5,45.25,46.25,1,1,-1,-1
124,11,296.0,282.0,45.25,46.0,1,1,-1,-1
125,11,295.25,280.25,45.25,45.25,1,1,-1,-1
126,11,294.5,276.5,45.0,45.25,1,1,-1,-1
127,11,295.5,273.75,45.0,45.25,1,1,-1,-1
128,11,296.0,270.5,45.25,45.75,1,1,-1,-1
129,11,296.75,267.0,45.0,45.25,1,1,-1,-1
130,11,296.5,262.25,45.0,45.75,1,1,-1,-1
131,11,295.25,260.25,45.25,45.25,1,1,-1,-1
132,11,292.0,254.75,45.25,45.25,1,1,-1,-1
133,11,289.75,251.0,45.25,45.25,1,1,-1,-1
134,11,287.75,246.0,45.25,45.5,1,1,-1,-1
135,11,284.75,241.75,45.25,45.5,1,1,-1,-1
136,11,282.75,238.75,45.0,45.25,1,1,-1,-1
137,11,280.5,239.25,45.25,45.5,1,1,-1,-1
138,11,281.75,238.5,45.25,45.25,1,1,-1,-1
139,11,279.0,238.5,45.25,45.5,1,1,-1,-1
140,11,278.0,237.25,45.25,45.75,1,1,-1,-1
141,11,278.25,237.25,45.25,45.25,1,1,-1,-1
142,11,278.5,236.5,45.0,45.5,1,1,-1,-1
143,11,278.25,236.25,45.25,45.75,1,1,-1,-1
144,11,278.5,236.75,45.25,45.25,1,1,-1,-1
145,11,279.25,236.5,45.25,45.25,1,1,-1,-1
146,11,280.25,234.0,45.25,45.5,1,1,-1,-1
147,11,281.5,231.25,45.25,45.5,1,1,-1,-1
148,11,284.5,228.25,45.25,45.75,1,1,-1,-1
149,11,284.25,228.0,45.25,45.75,1,1,-1,-1
150,11,286.5,225.5,45.5,46.0,1,1,-1,-1
151,11,290.0,222.75,45.5,45.75,1,1,-1,-1
152,11,292.5,221.5,45.5,45.5,1,1,-1,-1
153,11,296.25,216.25,45.5,46.0,1,1,-1,-1
154,11,299.5,213.25,45.5,46.25,1,1,-1,-1
155,11,301.75,211.0,45.5,46.75,1,1,-1,-1
156,11,304.5,207.75,45.5,46.25,1,1,-1,-1
157,11,307.25,204.75,45.25,45.75,1,1,-1,-1
158,11,309.5,200.75,45.75,46.75,1,1,-1,-1
159,11,314.0,198.5,45.5,46.75,1,1,-1,-1
160,11,315.0,196.0,45.75,47.0,1,1,-1,-1
161,11,317.75,193.75,45.5,47.0,1,1,-1,-1
162,11,319.25,191.5,45.5,45.75,1,1,-1,-1
163,11,321.25,187.5,45.5,46.25,1,1,-1,-1
164,11,323.75,183.5,45.5,47.5,1,1,-1,-1
165,11,326.0,182.0,45.5,47.25,1,1,-1,-1
166,11,326.5,181.5,45.25,47.25,1,1,-1,-1
167,11,326.75,181.5,45.25,46.75,1,1,-1,-1
168,11,327.0,181.25,45.5,47.0,1,1,-1,-1
169,11,328.0,181.0,45.5,46.25,1,1,-1,-1
170,11,331.0,181.0,45.5,47.25,1,1,-1,-1
171,11,335.0,182.75,45.25,45.25,1,1,-1,-1
172,11,338.75,182.0,45.25,45.25,1,1,-1,-1
173,11,341.5,182.0,45.25,45.25,1,1,-1,-1
174,11,341.0,182.0,45.0,45.25,1,1,-1,-1
175,11,342.0,181.75,45.25,45.25,1,1,-1,-1
176,11,341.75,180.25,45.5,45.5,1,1,-1,-1
177,11,345.0,179.25,45.25,45.5,1,1,-1,-1
178,11,347.75,176.5,45.25,45.5,1,1,-1,-1
179,11,348.5,175.25,45.0,45.25,1,1,-1,-1
180,11,350.5,174.25,45.25,45.5,1,1,-1,-1
181,11,353.5,173.25,45.0,45.25,1,1,-1,-1
182,11,354.5,169.75,45.25,45.25,1,1,-1,-1
183,11,357.25,168.5,45.25,45.25,1,1,-1,-1
184,11,360.25,167.0,45.5,45.5,1,1,-1,-1
185,11,361.25,165.0,45.5,45.25,1,1,-1,-1
186,11,362.75,164.0,45.5,45.25,1,1,-1,-1
187,11,363.75,164.25,45.25,45.25,1,1,-1,-1
188,11,365.0,165.25,45.5,45.25,1,1,-1,-1
189,11,366.5,166.0,45.5,45.25,1,1,-1,-1
190,11,368.25,167.0,45.5,45.25,1,1,-1,-1
191,11,371.0,167.5,45.25,45.25,1,1,-1,-1
192,11,373.0,168.75,45.25,45.5,1,1,-1,-1
193,11,375.75,169.0,45.0,45.5,1,1,-1,-1
194,11,379.75,169.5,44.75,45.25,1,1,-1,-1
195,11,380.75,168.5,45.0,46.25,1,1,-1,-1
196,11,382.75,167.5,45.0,45.75,1,1,-1,-1
197,11,383.75,166.5,45.25,45.5,1,1,-1,-1
198,11,384.25,165.5,45.0,45.25,1,1,-1,-1
199,11,385.0,164.25,45.25,45.5,1,1,-1,-1
200,11,387.25,163.75,45.25,45.75,1,1,-1,-1
201,11,389.5,162.5,45.25,45.75,1,1,-1,-1
202,11,391.75,159.25,45.0,45.25,1,1,-1,-1
203,11,392.25,156.5,45.25,45.25,1,1,-1,-1
204,11,392.25,153.25,45.5,46.75,1,1,-1,-1
205,11,393.0,151.0,45.25,45.75,1,1,-1,-1
206,11,394.25,147.5,45.25,47.25,1,1,-1,-1
207,11,396.5,145.25,45.25,47.25,1,1,-1,-1
208,11,398.0,144.25,45.25,48.0,1,1,-1,-1
209,11,400.0,142.0,45.25,47.0,1,1,-1,-1
210,11,402.25,139.75,45.25,47.75,1,1,-1,-1
211,11,403.75,139.25,45.25,47.5,1,1,-1,-1
212,11,407.75,138.75,45.25,46.5,1,1,-1,-1
213,11,410.75,138.0,45.25,46.5,1,1,-1,-1
214,11,413.0,137.75,45.0,46.0,1,1,-1,-1
215,11,414.5,137.0,45.5,47.0,1,1,-1,-1
216,11,418.0,135.25,45.25,46.75,1,1,-1,-1
217,11,422.5,135.0,45.25,46.25,1,1,-1,-1
218,11,424.25,135.5,45.25,45.75,1,1,-1,-1
219,11,428.25,133.5,45.5,46.5,1,1,-1,-1
220,11,432.0,133.5,45.25,45.0,1,1,-1,-1
221,11,435.0,131.5,45.5,45.75,1,1,-1,-1
222,11,439.0,128.5,45.25,47.0,1,1,-1,-1
223,11,444.0,126.25,45.0,46.0,1,1,-1,-1
224,11,449.25,125.5,45.25,46.25,1,1,-1,-1
225,11,454.25,124.25,45.5,46.75,1,1,-1,-1
226,11,460.25,121.25,46.0,47.5,1,1,-1,-1
227,11,471.25,115.5,45.5,46.25,1,1,-1,-1
228,11,475.75,118.5,45.25,45.25,1,1,-1,-1
229,11,487.25,116.0,45.75,46.0,1,1,-1,-1
230,11,493.5,117.75,45.5,46.25,1,1,-1,-1
231,11,501.0,121.0,45.0,45.25,1,1,-1,-1
232,11,505.75,122.25,45.25,45.25,1,1,-1,-1
233,11,513.25,122.25,45.0,45.25,1,1,-1,-1
234,11,517.5,122.25,45.0,45.25,1,1,-1,-1
235,11,523.0,122.75,45.25,45.25,1,1,-1,-1
236,11,527.0,123.5,45.25,45.25,1,1,-1,-1
237,11,529.25,123.75,45.25,45.25,1,1,-1,-1
238,11,529.75,123.5,45.25,45.25,1,1,-1,-1
239,11,529.5,122.75,45.25,45.25,1,1,-1,-1
240,11,528.25,122.25,45.25,45.25,1,1,-1,-1
241,11,524.75,122.25,45.25,45.25,1,1,-1,-1
242,11,520.0,120.5,45.25,45.0,1,1,-1,-1
243,11,517.0,119.5,45.25,45.25,1,1,-1,-1
244,11,514.0,119.0,45.25,45.25,1,1,-1,-1
245,11,511.5,118.75,45.0,45.0,1,1,-1,-1
246,11,507.0,119.25,45.0,45.25,1,1,-1,-1
247,11,502.5,116.25,45.25,45.75,1,1,-1,-1
248,11,499.25,115.0,45.5,46.5,1,1,-1,-1
249,11,495.75,116.5,45.25,45.5,1,1,-1,-1
250,11,492.75,116.75,45.25,45.25,1,1,-1,-1
251,11,490.0,117.5,45.0,45.25,1,1,-1,-1
252,11,485.5,117.5,45.25,45.75,1,1,-1,-1
253,11,482.75,119.0,45.5,46.5,1,1,-1,-1
254,11,479.0,118.75,45.75,47.0,1,1,-1,-1
255,11,475.75,120.75,45.5,45.75,1,1,-1,-1
256,11,472.0,119.0,45.5,46.5,1,1,-1,-1
257,11,466.5,119.75,45.5,46.75,1,1,-1,-1
258,11,464.5,121.75,45.5,46.0,1,1,-1,-1
259,11,462.0,122.25,45.75,47.0,1,1,-1,-1
260,11,459.0,124.0,45.5,46.75,1,1,-1,-1
261,11,454.75,124.5,45.25,46.5,1,1,-1,-1
262,11,451.75,125.25,45.75,47.5,1,1,-1,-1
263,11,449.0,125.25,45.25,46.25,1,1,-1,-1
264,11,444.0,123.0,45.25,46.0,1,1,-1,-1
265,11,440.5,121.25,45.25,45.75,1,1,-1,-1
266,11,439.0,120.5,45.5,46.25,1,1,-1,-1
267,11,436.5,121.25,45.25,45.5,1,1,-1,-1
268,11,435.5,121.5,45.25,45.5,1,1,-1,-1
269,11,434.5,122.5,45.25,45.75,1,1,-1,-1
270,11,432.0,125.25,45.25,45.25,1,1,-1,-1
271,11,429.75,126.0,45.5,46.25,1,1,-1,-1
272,11,426.5,128.5,45.25,45.25,1,1,-1,-1
273,11,423.0,130.25,45.25,45.25,1,1,-1,-1
274,11,417.5,131.75,45.25,45.25,1,1,-1,-1
275,11,415.0,132.25,45.25,46.0,1,1,-1,-1
276,11,409.75,133.0,45.25,46.25,1,1,-1,-1
277,11,405.25,132.5,45.0,45.25,1,1,-1,-1
278,11,403.25,132.5,45.0,45.25,1,1,-1,-1
279,11,400.5,132.75,45.0,45.75,1,1,-1,-1
280,11,396.0,133.0,45.0,46.0,1,1,-1,-1
281,11,392.5,132.5,45.0,45.5,1,1,-1,-1
282,11,387.5,131.5,45.0,45.5,1,1,-1,-1
283,11,381.0,130.75,45.25,45.75,1,1,-1,-1
284,11,377.5,130.5,45.25,46.0,1,1,-1,-1
285,11,374.5,131.75,44.75,45.25,1,1,-1,-1
286,11,369.5,129.0,45.25,46.25,1,1,-1,-1
287,11,366.0,125.75,45.5,46.5,1,1,-1,-1
288,11,364.0,124.75,45.75,47.0,1,1,-1,-1
289,11,363.25,123.5,45.25,46.0,1,1,-1,-1
290,11,362.75,124.25,45.0,46.25,1,1,-1,-1
291,11,361.0,124.25,45.0,45.25,1,1,-1,-1
292,11,359.25,124.25,44.75,45.5,1,1,-1,-1
293,11,357.0,122.75,45.0,45.25,1,1,-1,-1
294,11,356.5,122.75,45.25,45.5,1,1,-1,-1
295,11,356.25,123.5,45.25,45.25,1,1,-1,-1
296,11,355.75,124.25,45.25,45.25,1,1,-1,-1
297,11,354.25,126.75,45.25,45.5,1,1,-1,-1
298,11,353.5,129.0,45.5,45.5,1,1,-1,-1
299,11,349.25,130.0,46.0,47.5,1,1,-1,-1
300,11,349.0,133.0,45.25,46.25,1,1,-1,-1
301,11,348.75,135.75,45.5,45.5,1,1,-1,-1
302,11,347.25,137.75,45.5,45.5,1,1,-1,-1
303,11,345.0,141.25,45.5,45.25,1,1,-1,-1
304,11,346.5,144.5,45.5,45.25,1,1,-1,-1
305,11,344.5,146.0,45.5,47.0,1,1,-1,-1
306,11,341.75,151.0,45.25,45.25,1,1,-1,-1
307,11,338.5,154.0,45.5,45.25,1,1,-1,-1
308,11,332.5,156.5,45.75,45.5,1,1,-1,-1
309,11,331.0,157.0,45.75,45.25,1,1,-1,-1
310,11,325.5,160.5,45.5,45.5,1,1,-1,-1
311,11,322.75,163.5,45.5,45.25,1,1,-1,-1
312,11,318.5,167.25,45.5,45.25,1,1,-1,-1
313,11,313.5,169.0,45.5,45.5,1,1,-1,-1
314,11,310.0,171.0,45.5,45.5,1,1,-1,-1
315,11,304.75,174.25,45.5,45.25,1,1,-1,-1
316,11,300.75,178.25,45.25,45.5,1,1,-1,-1
317,11,298.0,179.75,45.25,45.5,1,1,-1,-1
318,11,296.0,182.5,45.25,45.25,1,1,-1,-1
319,11,294.0,184.5,45.25,45.25,1,1,-1,-1
320,11,292.25,185.25,45.25,45.25,1,1,-1,-1
321,11,290.25,186.25,45.25,45.25,1,1,-1,-1
322,11,291.0,187.25,45.25,45.25,1,1,-1,-1
323,11,290.5,187.5,45.25,45.25,1,1,-1,-1
324,11,291.5,188.75,45.25,45.25,1,1,-1,-1
325,11,293.5,188.75,45.25,45.5,1,1,-1,-1
326,11,293.75,193.25,45.25,45.25,1,1,-1,-1
327,11,294.5,195.5,45.25,45.5,1,1,-1,-1
328,11,293.75,198.0,45.25,45.5,1,1,-1,-1
329,11,292.75,201.75,45.75,46.75,1,1,-1,-1
330,11,292.5,204.0,46.0,47.75,1,1,-1,-1
331,11,291.25,207.25,45.75,46.75,1,1,-1,-1
332,11,288.25,208.5,47.0,48.25,1,1,-1,-1
333,11,286.25,211.75,45.75,46.75,1,1,-1,-1
334,11,284.0,213.0,45.75,46.25,1,1,-1,-1
335,11,280.75,216.25,45.75,46.25,1,1,-1,-1
336,11,278.25,220.25,45.75,45.5,1,1,-1,-1
337,11,278.5,223.25,45.5,45.5,1,1,-1,-1
338,11,277.75,226.0,45.5,45.5,1,1,-1,-1
339,11,277.25,229.5,45.5,45.25,1,1,-1,-1
340,11,275.75,232.25,45.75,45.5,1,1,-1,-1
341,11,274.25,236.0,45.5,45.5,1,1,-1,-1
342,11,271.25,241.25,45.75,45.5,1,1,-1,-1
343,11,272.0,240.0,45.75,45.75,1,1,-1,-1
344,11,271.5,240.0,45.5,45.5,1,1,-1,-1
345,11,271.0,239.0,45.5,45.5,1,1,-1,-1
346,11,268.5,236.75,45.5,45.25,1,1,-1,-1
347,11,269.0,236.0,45.25,45.5,1,1,-1,-1
348,11,268.75,236.25,45.25,45.5,1,1,-1,-1
349,11,272.0,235.0,45.0,45.25,1,1,-1,-1
350,11,271.25,235.25,45.0,45.25,1,1,-1,-1
351,11,272.0,239.25,45.0,45.25,1,1,-1,-1
352,11,269.25,233.0,45.5,45.5,1,1,-1,-1
353,11,268.0,232.75,45.25,45.25,1,1,-1,-1
354,11,267.0,233.0,45.5,45.5,1,1,-1,-1
355,11,266.5,232.25,45.25,45.5,1,1,-1,-1
356,11,266.25,232.5,45.25,45.25,1,1,-1,-1
357,11,266.0,231.25,45.25,45.5,1,1,-1,-1
358,11,267.0,231.25,45.25,45.5,1,1,-1,-1
359,11,267.5,230.75,45.25,45.75,1,1,-1,-1
360,11,266.5,230.75,45.25,45.5,1,1,-1,-1
361,11,265.75,228.5,45.25,45.75,1,1,-1,-1
362,11,267.5,231.75,45.25,45.5,1,1,-1,-1
363,11,260.0,221.25,45.5,45.5,1,1,-1,-1
364,11,260.25,222.25,45.5,46.25,1,1,-1,-1
365,11,266.0,229.5,45.5,45.75,1,1,-1,-1
366,11,265.5,231.25,45.5,46.0,1,1,-1,-1
367,11,265.75,233.0,45.5,46.5,1,1,-1,-1
368,11,266.75,232.0,45.25,45.5,1,1,-1,-1
369,11,267.0,231.75,45.25,45.5,1,1,-1,-1
370,11,268.25,233.5,45.25,45.5,1,1,-1,-1
371,11,267.75,234.75,45.5,46.0,1,1,-1,-1
372,11,269.25,234.25,45.75,45.75,1,1,-1,-1
373,11,268.25,235.0,45.75,45.5,1,1,-1,-1
374,11,266.25,234.75,45.75,45.75,1,1,-1,-1
375,11,265.25,231.5,45.5,45.75,1,1,-1,-1
376,11,265.75,233.75,45.5,45.75,1,1,-1,-1
377,11,271.5,232.5,45.0,45.0,1,1,-1,-1
378,11,271.5,231.5,45.0,45.0,1,1,-1,-1
379,11,271.5,231.5,45.0,45.0,1,1,-1,-1
380,11,271.5,231.5,45.0,45.0,1,1,-1,-1
381,11,270.5,232.5,45.0,45.0,1,1,-1,-1
382,11,270.5,232.5,45.0,45.0,1,1,-1,-1
383,11,270.5,232.5,45.0,45.0,1,1,-1,-1
384,11,270.5,232.5,45.0,45.0,1,1,-1,-1
385,11,270.5,232.5,45.0,45.0,1,1,-1,-1
386,11,270.5,232.5,45.0,45.0,1,1,-1,-1
387,11,270.5,232.5,45.0,45.0,1,1,-1,-1
388,11,270.5,232.5,45.0,45.0,1,1,-1,-1
389,11,270.5,232.5,45.0,45.0,1,1,-1,-1
390,11,270.5,232.5,45.0,45.0,1,1,-1,-1
391,11,270.5,232.5,45.0,45.0,1,1,-1,-1
392,11,269.5,232.5,45.0,45.0,1,1,-1,-1
393,11,269.5,232.5,45.0,45.0,1,1,-1,-1
394,11,269.5,232.5,45.0,45.0,1,1,-1,-1
395,11,269.5,232.5,45.0,45.0,1,1,-1,-1
396,11,269.5,232.5,45.0,45.0,1,1,-1,-1
397,11,269.5,232.5,45.0,45.0,1,1,-1,-1
398,11,269.5,232.5,45.0,45.0,1,1,-1,-1
399,11,269.5,232.5,45.0,45.0,1,1,-1,-1
400,11,269.5,232.5,45.0,45.0,1,1,-1,-1
401,11,269.5,232.5,45.0,45.0,1,1,-1,-1
402,11,269.5,232.5,45.0,45.0,1,1,-1,-1
403,11,269.5,232.5,45.0,45.0,1,1,-1,-1
404,11,269.5,232.5,45.0,45.0,1,1,-1,-1
405,11,269.5,232.5,45.0,45.0,1,1,-1,-1
406,11,268.5,233.5,45.0,45.0,1,1,-1,-1
407,11,268.5,233.5,45.0,45.0,1,1,-1,-1
408,11,268.5,233.5,45.0,45.0,1,1,-1,-1
409,11,268.5,233.5,45.0,45.0,1,1,-1,-1
410,11,268.5,233.5,45.0,45.0,1,1,-1,-1
411,11,268.5,233.5,45.0,45.0,1,1,-1,-1
412,11,268.5,233.5,45.0,45.0,1,1,-1,-1
413,11,268.5,233.5,45.0,45.0,1,1,-1,-1
414,11,268.5,233.5,45.0,45.0,1,1,-1,-1
415,11,268.5,233.5,45.0,45.0,1,1,-1,-1
416,11,268.5,233.5,45.0,45.0,1,1,-1,-1
417,11,268.5,233.5,45.0,45.0,1,1,-1,-1
418,11,268.5,233.5,45.0,45.0,1,1,-1,-1
419,11,268.5,233.5,45.0,45.0,1,1,-1,-1
420,11,268.5,233.5,45.0,45.0,1,1,-1,-1
421,11,268.5,233.5,45.0,45.0,1,1,-1,-1
422,11,268.5,233.5,45.0,45.0,1,1,-1,-1
423,11,268.5,233.5,45.0,45.0,1,1,-1,-1
424,11,268.5,233.5,45.0,45.0,1,1,-1,-1
425,11,268.5,233.5,45.0,45.0,1,1,-1,-1
426,11,268.5,233.5,45.0,45.0,1,1,-1,-1
427,11,268.5,233.5,45.0,45.0,1,1,-1,-1
428,11,268.5,233.5,45.0,45.0,1,1,-1,-1
429,11,268.5,233.5,45.0,45.0,1,1,-1,-1
430,11,268.5,233.5,45.0,45.0,1,1,-1,-1
431,11,268.5,233.5,45.0,45.0,1,1,-1,-1
432,11,268.5,233.5,45.0,45.0,1,1,-1,-1
433,11,268.5,233.5,45.0,45.0,1,1,-1,-1
434,11,268.5,233.5,45.0,45.0,1,1,-1,-1
435,11,268.5,233.5,45.0,45.0,1,1,-1,-1
436,11,268.5,233.5,45.0,45.0,1,1,-1,-1
437,11,268.5,233.5,45.0,45.0,1,1,-1,-1
438,11,268.5,233.5,45.0,45.0,1,1,-1,-1
439,11,268.5,233.5,45.0,45.0,1,1,-1,-1
440,11,268.5,233.5,45.0,45.0,1,1,-1,-1
441,11,268.5,233.5,45.0,45.0,1,1,-1,-1
442,11,268.5,233.5,45.0,45.0,1,1,-1,-1
443,11,268.5,233.5,45.0,45.0,1,1,-1,-1
444,11,268.5,233.5,45.0,45.0,1,1,-1,-1
445,11,268.5,233.5,45.0,45.0,1,1,-1,-1
446,11,268.5,233.5,45.0,45.0,1,1,-1,-1
447,11,268.5,233.5,45.0,45.0,1,1,-1,-1
448,11,268.5,233.5,45.0,45.0,1,1,-1,-1
449,11,268.5,233.5,45.0,45.0,1,1,-1,-1
450,11,268.5,233.5,45.0,45.0,1,1,-1,-1
451,11,268.5,233.5,45.0,45.0,1,1,-1,-1
452,11,268.5,233.5,45.0,45.0,1,1,-1,-1
453,11,268.5,233.5,45.0,45.0,1,1,-1,-1
454,11,268.5,233.5,45.0,45.0,1,1,-1,-1
455,11,268.5,233.5,45.0,45.0,1,1,-1,-1
456,11,268.5,233.5,45.0,45.0,1,1,-1,-1
457,11,268.5,233.5,45.0,45.0,1,1,-1,-1
458,11,268.5,233.5,45.0,45.0,1,1,-1,-1
459,11,268.5,233.5,45.0,45.0,1,1,-1,-1
460,11,268.5,233.5,45.0,45.0,1,1,-1,-1
461,11,268.5,233.5,45.0,45.0,1,1,-1,-1
462,11,268.5,233.5,45.0,45.0,1,1,-1,-1
463,11,268.5,233.5,45.0,45.0,1,1,-1,-1
464,11,268.5,232.5,45.0,45.0,1,1,-1,-1
465,11,268.5,232.5,45.0,45.0,1,1,-1,-1
466,11,268.5,232.5,45.0,45.0,1,1,-1,-1
467,11,268.5,232.5,45.0,45.0,1,1,-1,-1
468,11,268.5,232.5,45.0,45.0,1,1,-1,-1
469,11,268.5,232.5,45.0,45.0,1,1,-1,-1
470,11,268.5,232.5,45.0,45.0,1,1,-1,-1
471,11,268.5,232.5,45.0,45.0,1,1,-1,-1
472,11,268.5,232.5,45.0,45.0,1,1,-1,-1
473,11,268.5,232.5,45.0,45.0,1,1,-1,-1
474,11,268.5,232.5,45.0,45.0,1,1,-1,-1
475,11,268.5,232.5,45.0,45.0,1,1,-1,-1
476,11,268.5,232.5,45.0,45.0,1,1,-1,-1
477,11,268.5,232.5,45.0,45.0,1,1,-1,-1
478,11,268.5,232.5,45.0,45.0,1,1,-1,-1
479,11,268.5,232.5,45.0,45.0,1,1,-1,-1
480,11,268.5,232.5,45.0,45.0,1,1,-1,-1
481,11,268.5,232.5,45.0,45.0,1,1,-1,-1
482,11,268.5,232.5,45.0,45.0,1,1,-1,-1
483,11,268.5,232.5,45.0,45.0,1,1,-1,-1
484,11,268.5,232.5,45.0,45.0,1,1,-1,-1
485,11,268.5,232.5,45.0,45.0,1,1,-1,-1
486,11,268.5,232.5,45.0,45.0,1,1,-1,-1
487,11,268.5,232.5,45.0,45.0,1,1,-1,-1
488,11,268.5,232.5,45.0,45.0,1,1,-1,-1
489,11,268.5,232.5,45.0,45.0,1,1,-1,-1
490,11,268.5,232.5,45.0,45.0,1,1,-1,-1
491,11,268.5,232.5,45.0,45.0,1,1,-1,-1
492,11,268.5,232.5,45.0,45.0,1,1,-1,-1
493,11,268.5,232.5,45.0,45.0,1,1,-1,-1
494,11,268.5,232.5,45.0,45.0,1,1,-1,-1
495,11,268.5,232.5,45.0,45.0,1,1,-1,-1
496,11,268.5,232.5,45.0,45.0,1,1,-1,-1
497,11,268.5,232.5,45.0,45.0,1,1,-1,-1
498,11,268.5,232.5,45.0,45.0,1,1,-1,-1
499,11,268.5,232.5,45.0,45.0,1,1,-1,-1
500,11,268.5,232.5,45.0,45.0,1,1,-1,-1
1,12,614.0,174.75,45.25,44.75,1,1,-1,-1
2,12,616.5,173.75,45.25,45.0,1,1,-1,-1
3,12,621.25,173.0,45.75,45.0,1,1,-1,-1
4,12,624.0,171.75,45.5,45.25,1,1,-1,-1
5,12,628.5,171.0,45.5,45.0,1,1,-1,-1
6,12,631.0,169.25,45.25,44.75,1,1,-1,-1
7,12,630.75,168.25,45.5,45.0,1,1,-1,-1
8,12,630.5,166.75,45.5,45.0,1,1,-1,-1
9,12,630.0,166.5,45.5,45.0,1,1,-1,-1
10,12,624.5,167.25,45.75,45.25,1,1,-1,-1
11,12,622.75,167.75,45.75,45.0,1,1,-1,-1
12,12,620.25,168.75,45.5,45.0,1,1,-1,-1
13,12,618.25,167.75,45.5,45.0,1,1,-1,-1
14,12,613.75,172.0,45.0,44.75,1,1,-1,-1
15,12,611.25,169.0,45.0,45.0,1,1,-1,-1
16,12,607.25,167.25,45.25,45.0,1,1,-1,-1
17,12,603.75,168.25,45.25,45.0,1,1,-1,-1
18,12,599.25,166.25,45.25,45.25,1,1,-1,-1
19,12,592.0,167.25,45.25,45.25,1,1,-1,-1
20,12,589.75,167.5,45.0,45.0,1,1,-1,-1
21,12,586.0,166.0,45.25,45.0,1,1,-1,-1
22,12,583.0,166.5,45.0,45.0,1,1,-1,-1
23,12,577.5,164.75,45.25,45.0,1,1,-1,-1
24,12,573.5,163.75,45.5,45.0,1,1,-1,-1
25,12,572.0,163.0,45.5,45.25,1,1,-1,-1
26,12,568.75,161.0,45.25,45.0,1,1,-1,-1
27,12,566.5,158.25,45.25,45.0,1,1,-1,-1
28,12,564.0,156.5,45.25,45.25,1,1,-1,-1
29,12,559.75,154.5,45.5,45.25,1,1,-1,-1
30,12,558.25,153.5,45.25,45.0,1,1,-1,-1
31,12,553.25,149.75,45.25,45.0,1,1,-1,-1
32,12,552.0,147.5,45.0,44.75,1,1,-1,-1
33,12,548.5,144.75,45.0,45.0,1,1,-1,-1
34,12,545.25,141.0,45.0,45.0,1,1,-1,-1
35,12,545.0,138.75,45.0,45.25,1,1,-1,-1
36,12,542.5,135.75,45.0,45.25,1,1,-1,-1
37,12,541.5,133.25,45.0,45.0,1,1,-1,-1
38,12,542.0,130.25,45.0,44.75,1,1,-1,-1
39,12,542.25,130.25,45.0,45.0,1,1,-1,-1
40,12,542.0,128.25,45.0,44.75,1,1,-1,-1
41,12,541.5,124.25,45.25,45.25,1,1,-1,-1
42,12,541.75,124.0,45.0,45.0,1,1,-1,-1
43,12,541.75,121.0,45.0,45.25,1,1,-1,-1
44,12,541.25,118.5,45.25,45.0,1,1,-1,-1
45,12,540.75,118.0,45.25,45.0,1,1,-1,-1
46,12,540.5,116.5,45.25,45.25,1,1,-1,-1
47,12,541.5,113.75,45.5,45.0,1,1,-1,-1
48,12,541.288,111.935,45.5,45.0,1,1,-1,-1
49,12,538.5,108.75,45.25,45.0,1,1,-1,-1
50,12,529.0,98.0,45.0,45.25,1,1,-1,-1
51,12,534.25,100.0,45.25,45.25,1,1,-1,-1
52,12,536.0,97.25,45.25,45.25,1,1,-1,-1
53,12,540.75,99.25,45.0,45.0,1,1,-1,-1
54,12,543.0,95.5,44.75,45.25,1,1,-1,-1
55,12,545.0,93.25,44.75,45.0,1,1,-1,-1
56,12,548.75,88.75,44.75,45.25,1,1,-1,-1
57,12,553.75,84.0,45.0,45.25,1,1,-1,-1
58,12,554.25,77.25,44.75,45.25,1,1,-1,-1
59,12,553.0,69.75,47.25,49.25,1,1,-1,-1
60,12,550.75,68.75,45.75,47.5,1,1,-1,-1
61,12,544.5,65.75,44.75,45.25,1,1,-1,-1
62,12,545.0,65.75,45.0,45.25,1,1,-1,-1
63,12,545.25,66.5,45.0,45.25,1,1,-1,-1
64,12,543.75,65.75,45.25,45.5,1,1,-1,-1
65,12,544.0,64.75,45.25,46.75,1,1,-1,-1
66,12,544.0,66.5,45.0,45.25,1,1,-1,-1
67,12,543.0,66.0,45.0,45.5,1,1,-1,-1
68,12,542.75,65.75,45.0,45.25,1,1,-1,-1
69,12,542.5,65.25,45.0,45.0,1,1,-1,-1
70,12,541.0,64.5,45.0,45.25,1,1,-1,-1
71,12,541.25,65.0,45.25,45.25,1,1,-1,-1
72,12,542.5,66.5,45.0,45.25,1,1,-1,-1
73,12,543.5,67.0,44.75,44.5,1,1,-1,-1
74,12,539.75,66.25,45.25,45.25,1,1,-1,-1
75,12,537.5,65.0,45.25,46.5,1,1,-1,-1
76,12,535.758,63.998,45.25,46.5,1,1,-1,-1
77,12,535.75,64.5,45.25,45.5,1,1,-1,-1
78,12,534.446,64.286,45.25,45.5,1,1,-1,-1
79,12,530.75,64.75,45.25,45.75,1,1,-1,-1
80,12,528.75,62.5,45.5,46.0,1,1,-1,-1
81,12,527.5,59.0,45.5,45.75,1,1,-1,-1
82,12,523.0,54.75,45.25,45.75,1,1,-1,-1
83,12,517.5,49.0,45.5,46.0,1,1,-1,-1
84,12,510.75,45.5,45.75,46.5,1,1,-1,-1
85,12,510.25,47.5,45.25,45.25,1,1,-1,-1
86,12,509.75,47.5,45.25,45.25,1,1,-1,-1
87,12,509.5,47.5,45.25,45.25,1,1,-1,-1
88,12,507.5,48.0,45.25,45.5,1,1,-1,-1
89,12,504.75,49.75,45.25,45.5,1,1,-1,-1
90,12,501.75,50.5,45.0,45.25,1,1,-1,-1
91,12,496.75,53.25,45.0,45.5,1,1,-1,-1
92,12,494.0,55.25,45.0,45.5,1,1,-1,-1
93,12,489.0,56.25,45.25,45.25,1,1,-1,-1
94,12,482.5,57.0,45.25,45.5,1,1,-1,-1
95,12,476.25,55.5,45.25,45.5,1,1,-1,-1
96,12,468.75,57.25,45.25,45.5,1,1,-1,-1
97,12,460.5,57.75,45.0,45.5,1,1,-1,-1
98,12,450.5,58.0,45.0,45.25,1,1,-1,-1
99,12,447.5,56.75,45.0,45.25,1,1,-1,-1
100,12,443.25,54.5,45.25,45.5,1,1,-1,-1
101,12,439.25,50.75,45.5,45.5,1,1,-1,-1
102,12,432.0,46.0,45.5,45.25,1,1,-1,-1
103,12,425.75,42.25,45.25,45.25,1,1,-1,-1
104,12,421.5,37.5,45.25,45.25,1,1,-1,-1
105,12,418.0,32.75,45.25,45.0,1,1,-1,-1
106,12,415.75,27.0,45.25,45.0,1,1,-1,-1
107,12,414.25,26.25,45.0,45.0,1,1,-1,-1
108,12,411.5,25.0,45.0,45.25,1,1,-1,-1
109,12,408.25,24.75,45.0,44.75,1,1,-1,-1
110,12,408.5,27.25,45.0,45.0,1,1,-1,-1
111,12,410.5,26.25,45.0,45.25,1,1,-1,-1
112,12,410.25,26.75,45.0,45.25,1,1,-1,-1
113,12,407.25,26.25,45.0,45.0,1,1,-1,-1
114,12,407.0,26.5,45.0,45.0,1,1,-1,-1
115,12,407.25,25.75,44.75,45.0,1,1,-1,-1
116,12,403.25,24.75,45.0,45.25,1,1,-1,-1
117,12,404.0,25.25,45.0,45.0,1,1,-1,-1
118,12,404.0,25.0,44.75,45.0,1,1,-1,-1
119,12,403.75,25.25,45.25,45.25,1,1,-1,-1
120,12,403.5,25.5,44.75,45.0,1,1,-1,-1
121,12,403.25,25.25,45.0,45.0,1,1,-1,-1
122,12,398.0,25.75,45.0,45.5,1,1,-1,-1
123,12,397.0,24.0,45.0,45.25,1,1,-1,-1
124,12,398.0,22.75,45.0,45.5,1,1,-1,-1
125,12,399.75,23.75,45.0,45.25,1,1,-1,-1
126,12,396.0,25.5,44.75,45.0,1,1,-1,-1
127,12,401.25,24.0,45.0,45.25,1,1,-1,-1
128,12,404.0,25.5,45.0,45.25,1,1,-1,-1
129,12,404.75,26.5,45.0,45.25,1,1,-1,-1
130,12,406.75,28.5,45.0,45.25,1,1,-1,-1
131,12,408.0,33.75,45.0,45.25,1,1,-1,-1
132,12,408.25,34.75,45.25,45.25,1,1,-1,-1
133,12,406.25,35.25,45.25,45.25,1,1,-1,-1
134,12,403.75,33.0,45.25,45.25,1,1,-1,-1
135,12,402.0,31.75,45.25,45.5,1,1,-1,-1
136,12,402.25,32.0,45.25,45.5,1,1,-1,-1
137,12,401.104,31.884,45.25,45.5,1,1,-1,-1
138,12,395.25,30.75,45.0,45.25,1,1,-1,-1
139,12,390.75,29.75,45.25,45.25,1,1,-1,-1
140,12,389.75,28.5,45.25,45.25,1,1,-1,-1
141,12,388.75,27.0,45.0,45.5,1,1,-1,-1
142,12,387.75,25.0,44.75,45.25,1,1,-1,-1
143,12,386.5,24.0,45.0,45.25,1,1,-1,-1
144,12,386.25,23.25,45.0,45.25,1,1,-1,-1
145,12,386.5,22.75,44.75,45.25,1,1,-1,-1
146,12,386.5,21.75,44.75,45.5,1,1,-1,-1
147,12,386.5,19.5,44.75,45.25,1,1,-1,-1
148,12,385.25,19.25,45.0,45.5,1,1,-1,-1
149,12,385.0,13.75,45.0,46.5,1,1,-1,-1
150,12,378.5,22.25,45.0,45.25,1,1,-1,-1
151,12,374.75,27.75,45.0,45.25,1,1,-1,-1
152,12,373.0,26.0,45.0,45.25,1,1,-1,-1
153,12,373.0,25.5,45.0,45.0,1,1,-1,-1
154,12,373.5,26.0,45.0,45.25,1,1,-1,-1
155,12,372.25,26.0,45.0,45.0,1,1,-1,-1
156,12,370.0,23.5,45.0,45.25,1,1,-1,-1
157,12,365.0,25.5,45.25,44.75,1,1,-1,-1
158,12,368.25,24.25,45.0,45.25,1,1,-1,-1
159,12,370.25,23.0,45.0,45.25,1,1,-1,-1
160,12,370.75,23.75,45.25,45.25,1,1,-1,-1
161,12,372.25,21.0,45.25,45.25,1,1,-1,-1
162,12,372.5,17.75,45.25,45.75,1,1,-1,-1
163,12,372.25,14.25,45.5,45.75,1,1,-1,-1
164,12,370.75,15.0,45.25,45.75,1,1,-1,-1
165,12,369.75,15.25,45.5,45.5,1,1,-1,-1
166,12,370.5,11.5,45.25,45.5,1,1,-1,-1
167,12,370.5,12.75,45.5,45.5,1,1,-1,-1
168,12,375.5,13.75,45.5,44.75,1,1,-1,-1
169,12,373.25,14.25,45.75,45.0,1,1,-1,-1
170,12,370.75,13.25,45.25,45.5,1,1,-1,-1
171,12,373.75,12.0,45.25,45.5,1,1,-1,-1
172,12,375.0,11.75,45.5,45.75,1,1,-1,-1
173,12,375.5,12.25,45.25,46.0,1,1,-1,-1
174,12,377.25,11.0,45.0,45.75,1,1,-1,-1
175,12,377.0,10.5,45.25,45.5,1,1,-1,-1
176,12,378.75,11.75,45.25,45.75,1,1,-1,-1
177,12,377.75,10.5,45.25,45.5,1,1,-1,-1
178,12,380.0,9.25,45.0,45.5,1,1,-1,-1
179,12,381.0,8.75,45.0,45.0,1,1,-1,-1
180,12,381.5,10.75,45.0,45.5,1,1,-1,-1
181,12,384.5,8.5,44.75,45.5,1,1,-1,-1
182,12,384.5,10.25,45.0,45.25,1,1,-1,-1
183,12,386.25,10.25,45.0,45.5,1,1,-1,-1
184,12,390.0,10.5,45.0,45.5,1,1,-1,-1
185,12,390.25,10.0,45.0,46.0,1,1,-1,-1
186,12,391.5,9.75,45.0,45.75,1,1,-1,-1
187,12,391.25,10.5,45.0,45.75,1,1,-1,-1
188,12,391.5,10.25,44.75,45.75,1,1,-1,-1
189,12,392.25,10.25,44.75,45.75,1,1,-1,-1
190,12,392.75,10.5,44.75,45.75,1,1,-1,-1
191,12,391.25,11.75,45.0,45.75,1,1,-1,-1
192,12,391.75,12.5,45.25,45.5,1,1,-1,-1
193,12,393.25,10.75,44.75,45.25,1,1,-1,-1
194,12,391.25,10.0,44.75,45.5,1,1,-1,-1
195,12,391.0,10.0,44.75,45.25,1,1,-1,-1
196,12,390.75,9.5,44.75,45.5,1,1,-1,-1
197,12,390.5,9.5,44.75,45.0,1,1,-1,-1
198,12,389.5,9.75,45.0,45.5,1,1,-1,-1
199,12,388.0,10.0,45.0,45.75,1,1,-1,-1
200,12,389.25,10.0,45.0,45.5,1,1,-1,-1
201,12,389.0,10.0,45.0,45.75,1,1,-1,-1
202,12,388.25,9.75,45.0,45.75,1,1,-1,-1
203,12,389.25,10.0,45.0,46.0,1,1,-1,-1
204,12,388.75,9.5,45.0,45.75,1,1,-1,-1
205,12,389.0,9.75,45.0,45.75,1,1,-1,-1
206,12,389.0,9.5,45.0,45.25,1,1,-1,-1
207,12,389.25,8.5,44.75,45.75,1,1,-1,-1
208,12,388.5,9.25,45.0,45.75,1,1,-1,-1
209,12,388.5,8.75,44.75,45.5,1,1,-1,-1
210,12,387.5,8.5,44.75,45.75,1,1,-1,-1
211,12,387.25,8.5,44.75,45.75,1,1,-1,-1
212,12,387.25,8.75,44.75,45.25,1,1,-1,-1
213,12,387.5,9.0,44.75,46.0,1,1,-1,-1
214,12,387.25,8.75,44.75,45.75,1,1,-1,-1
215,12,386.5,8.5,44.75,46.0,1,1,-1,-1
216,12,385.25,9.25,44.5,45.5,1,1,-1,-1
217,12,382.75,9.75,44.75,45.75,1,1,-1,-1
218,12,381.25,9.75,44.75,45.5,1,1,-1,-1
219,12,379.75,9.5,45.0,46.0,1,1,-1,-1
220,12,378.5,9.0,45.0,45.5,1,1,-1,-1
221,12,376.25,9.75,45.0,45.75,1,1,-1,-1
222,12,374.75,8.5,45.0,45.25,1,1,-1,-1
223,12,371.5,9.0,45.0,45.0,1,1,-1,-1
224,12,371.0,8.5,45.0,45.0,1,1,-1,-1
225,12,370.5,9.0,45.25,45.25,1,1,-1,-1
226,12,369.0,9.0,45.25,45.25,1,1,-1,-1
227,12,369.0,8.25,45.25,45.5,1,1,-1,-1
228,12,369.25,9.25,45.25,45.25,1,1,-1,-1
229,12,366.75,13.25,45.5,45.25,1,1,-1,-1
230,12,368.25,8.75,45.25,45.0,1,1,-1,-1
231,12,366.25,8.75,45.0,45.25,1,1,-1,-1
232,12,366.25,9.0,45.25,45.0,1,1,-1,-1
233,12,367.5,9.5,45.0,45.0,1,1,-1,-1
234,12,367.5,9.5,45.0,45.0,1,1,-1,-1
235,12,367.5,9.5,45.0,45.0,1,1,-1,-1
236,12,358.5,9.5,45.0,45.0,1,1,-1,-1
237,12,358.5,10.5,45.0,45.0,1,1,-1,-1
238,12,358.5,10.5,45.0,45.0,1,1,-1,-1
239,12,358.5,10.5,45.0,45.0,1,1,-1,-1
240,12,358.5,10.5,45.0,45.0,1,1,-1,-1
241,12,358.5,10.5,45.0,45.0,1,1,-1,-1
242,12,358.5,10.5,45.0,45.0,1,1,-1,-1
243,12,358.5,10.5,45.0,45.0,1,1,-1,-1
244,12,358.5,10.5,45.0,45.0,1,1,-1,-1
245,12,347.5,16.5,45.0,45.0,1,1,-1,-1
246,12,345.5,17.5,45.0,45.0,1,1,-1,-1
247,12,346.5,18.5,45.0,45.0,1,1,-1,-1
248,12,346.5,18.5,45.0,45.0,1,1,-1,-1
249,12,346.5,18.5,45.0,45.0,1,1,-1,-1
250,12,344.5,19.5,45.0,45.0,1,1,-1,-1
251,12,341.25,24.25,45.25,45.25,1,1,-1,-1
252,12,344.25,24.0,45.25,45.5,1,1,-1,-1
253,12,345.25,23.25,45.25,45.5,1,1,-1,-1
254,12,345.0,25.0,45.0,46.25,1,1,-1,-1
255,12,343.0,24.75,45.0,45.5,1,1,-1,-1
256,12,341.25,25.25,45.25,45.75,1,1,-1,-1
257,12,341.75,24.5,45.0,45.5,1,1,-1,-1
258,12,341.0,24.25,45.25,46.25,1,1,-1,-1
259,12,341.25,24.5,45.5,46.75,1,1,-1,-1
260,12,340.25,24.25,45.0,45.5,1,1,-1,-1
261,12,338.75,24.5,45.25,45.25,1,1,-1,-1
262,12,338.0,25.25,45.25,45.25,1,1,-1,-1
263,12,339.25,25.5,45.0,45.5,1,1,-1,-1
264,12,338.25,25.5,45.0,45.25,1,1,-1,-1
265,12,337.0,25.0,45.0,45.25,1,1,-1,-1
266,12,336.0,25.5,45.0,45.25,1,1,-1,-1
267,12,333.75,26.75,45.0,45.0,1,1,-1,-1
268,12,332.75,26.75,45.0,45.25,1,1,-1,-1
269,12,331.0,26.5,45.0,45.25,1,1,-1,-1
270,12,332.5,26.25,45.0,45.25,1,1,-1,-1
271,12,333.5,26.5,44.75,45.0,1,1,-1,-1
272,12,335.5,26.75,44.75,45.0,1,1,-1,-1
273,12,335.25,26.25,44.75,45.0,1,1,-1,-1
274,12,335.5,24.5,44.75,45.0,1,1,-1,-1
275,12,332.5,26.5,44.75,45.25,1,1,-1,-1
276,12,333.75,27.75,45.0,45.25,1,1,-1,-1
277,12,333.0,31.25,44.75,45.25,1,1,-1,-1
278,12,334.75,34.25,45.0,45.0,1,1,-1,-1
279,12,333.5,36.75,45.0,45.25,1,1,-1,-1
280,12,334.25,40.25,45.0,45.25,1,1,-1,-1
281,12,334.5,44.5,45.0,45.25,1,1,-1,-1
282,12,335.0,47.75,44.75,45.25,1,1,-1,-1
283,12,335.75,51.5,45.0,45.5,1,1,-1,-1
284,12,335.25,58.5,45.25,47.0,1,1,-1,-1
285,12,334.5,65.0,45.25,45.75,1,1,-1,-1
286,12,332.25,69.0,45.0,45.5,1,1,-1,-1
287,12,330.5,73.5,45.0,45.5,1,1,-1,-1
288,12,328.921,78.099,45.0,45.5,1,1,-1,-1
289,12,325.5,87.0,45.0,45.25,1,1,-1,-1
290,12,320.75,93.75,45.0,45.25,1,1,-1,-1
291,12,318.5,98.5,45.0,45.25,1,1,-1,-1
292,12,316.75,101.25,45.25,45.25,1,1,-1,-1
293,12,313.25,104.25,45.5,45.0,1,1,-1,-1
294,12,311.0,103.75,45.25,45.25,1,1,-1,-1
295,12,308.75,104.0,45.5,45.25,1,1,-1,-1
296,12,308.25,106.25,45.25,45.25,1,1,-1,-1
297,12,305.0,110.0,45.5,45.0,1,1,-1,-1
298,12,305.5,110.75,45.5,45.25,1,1,-1,-1
299,12,305.0,111.0,45.5,45.25,1,1,-1,-1
300,12,304.5,111.75,45.5,45.5,1,1,-1,-1
301,12,303.0,113.0,45.5,45.25,1,1,-1,-1
302,12,304.0,112.5,45.5,45.25,1,1,-1,-1
303,12,305.25,111.75,45.5,45.25,1,1,-1,-1
304,12,305.0,111.5,45.5,45.5,1,1,-1,-1
305,12,305.5,111.75,45.25,45.25,1,1,-1,-1
306,12,305.25,111.0,45.5,45.5,1,1,-1,-1
307,12,305.0,110.75,45.5,45.5,1,1,-1,-1
308,12,305.0,111.0,45.25,45.5,1,1,-1,-1
309,12,305.0,111.5,45.5,45.25,1,1,-1,-1
310,12,306.0,111.0,45.5,45.25,1,1,-1,-1
311,12,306.0,111.0,45.25,45.25,1,1,-1,-1
312,12,304.25,111.5,45.5,45.25,1,1,-1,-1
313,12,304.75,109.75,45.5,45.25,1,1,-1,-1
314,12,303.75,111.0,45.5,45.25,1,1,-1,-1
315,12,304.5,112.5,45.5,45.5,1,1,-1,-1
316,12,304.0,110.75,45.5,45.5,1,1,-1,-1
317,12,304.5,111.0,45.5,45.5,1,1,-1,-1
318,12,303.75,110.75,45.5,45.25,1,1,-1,-1
319,12,303.5,110.5,45.5,45.25,1,1,-1,-1
320,12,304.25,110.25,45.5,45.25,1,1,-1,-1
321,12,306.0,111.0,45.75,45.25,1,1,-1,-1
322,12,306.5,114.0,45.5,45.25,1,1,-1,-1
323,12,303.75,112.75,45.25,45.25,1,1,-1,-1
324,12,303.5,112.0,45.5,45.25,1,1,-1,-1
325,12,304.75,111.25,45.5,45.25,1,1,-1,-1
326,12,302.75,110.75,45.5,45.25,1,1,-1,-1
327,12,303.25,111.25,45.5,45.0,1,1,-1,-1
328,12,304.5,110.25,45.25,45.0,1,1,-1,-1
329,12,304.75,110.25,45.25,45.5,1,1,-1,-1
330,12,309.25,110.5,45.5,45.25,1,1,-1,-1
331,12,308.25,111.5,45.5,45.25,1,1,-1,-1
332,12,308.75,112.25,45.5,45.25,1,1,-1,-1
333,12,308.25,110.5,45.5,45.25,1,1,-1,-1
334,12,308.253,109.801,45.5,45.25,1,1,-1,-1
335,12,308.167,109.069,45.5,45.25,1,1,-1,-1
336,12,308.081,108.336,45.5,45.25,1,1,-1,-1
337,12,309.25,108.75,45.5,45.5,1,1,-1,-1
338,12,306.75,110.0,45.75,45.25,1,1,-1,-1
339,12,308.0,109.5,45.75,45.25,1,1,-1,-1
340,12,307.25,108.5,45.75,45.25,1,1,-1,-1
341,12,307.0,108.75,45.5,45.5,1,1,-1,-1
342,12,307.0,108.25,45.5,45.25,1,1,-1,-1
343,12,305.25,110.5,45.5,45.25,1,1,-1,-1
344,12,305.5,109.5,45.25,45.25,1,1,-1,-1
345,12,305.75,109.0,45.5,45.0,1,1,-1,-1
346,12,305.0,109.75,45.5,45.0,1,1,-1,-1
347,12,305.25,109.75,45.5,45.0,1,1,-1,-1
348,12,306.75,109.5,45.25,45.25,1,1,-1,-1
349,12,306.0,110.0,45.5,45.25,1,1,-1,-1
350,12,305.75,109.5,45.75,45.25,1,1,-1,-1
351,12,305.75,110.5,45.5,45.25,1,1,-1,-1
352,12,306.0,109.5,45.75,45.5,1,1,-1,-1
353,12,306.25,110.25,45.75,45.5,1,1,-1,-1
354,12,307.0,110.5,45.75,45.25,1,1,-1,-1
355,12,307.25,109.75,45.75,45.5,1,1,-1,-1
356,12,307.5,109.5,45.5,45.25,1,1,-1,-1
357,12,307.75,109.25,45.75,45.25,1,1,-1,-1
358,12,306.75,108.75,45.5,45.25,1,1,-1,-1
359,12,306.75,108.5,45.75,45.25,1,1,-1,-1
360,12,308.5,112.5,45.0,45.0,1,1,-1,-1
361,12,308.5,112.5,45.0,45.0,1,1,-1,-1
362,12,308.5,112.5,45.0,45.0,1,1,-1,-1
363,12,308.5,111.5,45.0,45.0,1,1,-1,-1
364,12,308.5,111.5,45.0,45.0,1,1,-1,-1
365,12,308.5,111.5,45.0,45.0,1,1,-1,-1
366,12,308.5,111.5,45.0,45.0,1,1,-1,-1
367,12,308.5,111.5,45.0,45.0,1,1,-1,-1
368,12,308.5,111.5,45.0,45.0,1,1,-1,-1
369,12,308.5,111.5,45.0,45.0,1,1,-1,-1
370,12,308.5,111.5,45.0,45.0,1,1,-1,-1
371,12,308.5,111.5,45.0,45.0,1,1,-1,-1
372,12,308.5,111.5,45.0,45.0,1,1,-1,-1
373,12,306.0,109.25,45.5,45.0,1,1,-1,-1
374,12,305.5,109.0,45.25,45.0,1,1,-1,-1
375,12,306.0,108.75,45.25,45.0,1,1,-1,-1
376,12,305.75,107.75,45.25,45.0,1,1,-1,-1
377,12,305.75,107.75,45.25,45.0,1,1,-1,-1
378,12,306.25,107.25,45.5,45.0,1,1,-1,-1
379,12,305.75,107.5,45.25,45.0,1,1,-1,-1
380,12,306.0,108.25,45.5,44.75,1,1,-1,-1
381,12,306.25,108.0,45.5,45.0,1,1,-1,-1
382,12,306.5,108.25,45.5,44.75,1,1,-1,-1
383,12,306.0,108.75,45.5,45.0,1,1,-1,-1
384,12,306.5,109.0,45.5,44.75,1,1,-1,-1
385,12,307.75,108.5,45.5,44.75,1,1,-1,-1
386,12,308.0,108.25,45.25,44.75,1,1,-1,-1
387,12,308.0,108.5,45.5,44.75,1,1,-1,-1
388,12,308.5,108.25,45.5,44.75,1,1,-1,-1
389,12,309.0,108.5,45.5,44.5,1,1,-1,-1
390,12,309.0,109.0,45.5,44.75,1,1,-1,-1
391,12,309.5,108.25,45.25,44.75,1,1,-1,-1
392,12,307.5,109.0,45.5,44.75,1,1,-1,-1
393,12,307.5,109.5,45.5,45.0,1,1,-1,-1
394,12,307.25,109.75,45.5,44.75,1,1,-1,-1
395,12,306.75,110.25,45.5,45.0,1,1,-1,-1
396,12,307.25,110.25,45.5,44.75,1,1,-1,-1
397,12,307.25,110.25,45.5,44.75,1,1,-1,-1
398,12,307.5,110.5,45.5,44.75,1,1,-1,-1
399,12,307.0,111.25,45.5,45.0,1,1,-1,-1
400,12,307.25,111.5,45.5,45.0,1,1,-1,-1
401,12,307.0,110.75,45.5,45.0,1,1,-1,-1
402,12,309.25,110.25,45.25,44.75,1,1,-1,-1
403,12,309.0,109.0,45.25,45.0,1,1,-1,-1
404,12,309.48,108.093,45.25,45.0,1,1,-1,-1
405,12,309.949,107.148,45.25,45.0,1,1,-1,-1
406,12,310.5,109.5,45.0,45.0,1,1,-1,-1
407,12,310.5,109.5,45.0,45.0,1,1,-1,-1
408,12,310.5,109.5,45.0,45.0,1,1,-1,-1
409,12,310.5,109.5,45.0,45.0,1,1,-1,-1
410,12,310.5,109.5,45.0,45.0,1,1,-1,-1
411,12,311.0,106.5,45.25,45.0,1,1,-1,-1
412,12,310.75,106.5,45.75,45.0,1,1,-1,-1
413,12,312.5,106.75,45.25,44.75,1,1,-1,-1
414,12,312.25,106.75,45.25,45.0,1,1,-1,-1
415,12,311.75,107.0,45.25,45.0,1,1,-1,-1
416,12,311.75,106.25,45.25,45.0,1,1,-1,-1
417,12,311.75,106.25,45.5,45.0,1,1,-1,-1
418,12,312.5,106.0,45.25,45.0,1,1,-1,-1
419,12,313.0,104.75,45.25,45.25,1,1,-1,-1
420,12,312.75,105.5,45.25,45.0,1,1,-1,-1
421,12,312.0,105.75,45.25,45.0,1,1,-1,-1
422,12,311.75,105.5,45.25,45.0,1,1,-1,-1
423,12,312.0,105.0,45.5,45.25,1,1,-1,-1
424,12,312.25,105.0,45.5,45.25,1,1,-1,-1
425,12,311.5,105.0,45.5,45.25,1,1,-1,-1
426,12,311.0,105.25,45.25,45.25,1,1,-1,-1
427,12,310.75,105.75,45.5,45.25,1,1,-1,-1
428,12,310.25,105.0,45.5,45.25,1,1,-1,-1
429,12,309.0,105.25,45.5,45.0,1,1,-1,-1
430,12,309.5,105.25,45.25,45.25,1,1,-1,-1
431,12,309.25,106.0,45.5,45.25,1,1,-1,-1
432,12,310.0,106.25,45.5,45.5,1,1,-1,-1
433,12,310.0,106.25,45.5,45.25,1,1,-1,-1
434,12,310.25,106.25,45.5,45.25,1,1,-1,-1
435,12,310.5,105.75,45.5,45.25,1,1,-1,-1
436,12,309.0,106.0,45.5,45.25,1,1,-1,-1
437,12,309.5,105.5,45.75,45.25,1,1,-1,-1
438,12,311.0,106.0,45.75,45.25,1,1,-1,-1
439,12,310.75,105.75,45.5,45.25,1,1,-1,-1
440,12,310.0,106.0,45.5,45.0,1,1,-1,-1
441,12,311.0,106.0,45.75,45.25,1,1,-1,-1
442,12,311.0,106.0,45.5,45.25,1,1,-1,-1
443,12,312.0,105.75,45.5,45.25,1,1,-1,-1
444,12,310.75,105.0,45.5,45.25,1,1,-1,-1
445,12,312.25,105.0,45.5,45.0,1,1,-1,-1
446,12,313.75,105.0,45.5,45.0,1,1,-1,-1
447,12,314.25,105.75,45.5,45.25,1,1,-1,-1
448,12,315.287,106.018,45.5,45.25,1,1,-1,-1
449,12,310.5,105.25,45.5,45.5,1,1,-1,-1
450,12,313.5,103.5,45.25,45.0,1,1,-1,-1
451,12,314.0,104.25,45.5,45.25,1,1,-1,-1
452,12,312.25,104.75,45.5,45.25,1,1,-1,-1
453,12,311.75,105.0,45.75,45.25,1,1,-1,-1
454,12,313.75,105.5,45.75,45.25,1,1,-1,-1
455,12,314.25,105.0,45.75,45.25,1,1,-1,-1
456,12,312.0,105.25,45.75,45.25,1,1,-1,-1
457,12,312.25,105.75,45.5,45.25,1,1,-1,-1
458,12,310.5,105.75,45.25,45.25,1,1,-1,-1
459,12,306.0,109.25,45.75,45.75,1,1,-1,-1
460,12,315.5,101.75,45.25,45.0,1,1,-1,-1
461,12,314.5,101.147,45.25,45.0,1,1,-1,-1
462,12,311.5,103.5,45.0,45.0,1,1,-1,-1
463,12,311.5,103.5,45.0,45.0,1,1,-1,-1
464,12,316.75,104.0,45.5,44.75,1,1,-1,-1
465,12,314.75,103.75,45.5,44.75,1,1,-1,-1
466,12,314.25,104.75,45.5,44.75,1,1,-1,-1
467,12,311.5,103.25,45.25,44.75,1,1,-1,-1
468,12,311.25,103.25,45.25,45.0,1,1,-1,-1
469,12,311.5,102.75,45.0,45.0,1,1,-1,-1
470,12,311.5,102.75,45.0,45.0,1,1,-1,-1
471,12,312.0,102.75,45.0,45.0,1,1,-1,-1
472,12,312.0,102.75,45.25,45.0,1,1,-1,-1
473,12,312.5,102.5,45.25,45.0,1,1,-1,-1
474,12,312.75,102.5,45.25,45.0,1,1,-1,-1
475,12,312.75,103.0,45.25,45.0,1,1,-1,-1
476,12,311.25,102.5,45.25,45.0,1,1,-1,-1
477,12,312.25,102.75,45.0,45.0,1,1,-1,-1
478,12,311.75,103.25,45.25,44.75,1,1,-1,-1
479,12,311.75,103.25,45.0,45.0,1,1,-1,-1
480,12,314.5,104.5,44.75,44.75,1,1,-1,-1
481,12,311.5,103.5,45.0,45.0,1,1,-1,-1
482,12,311.5,103.5,45.0,45.0,1,1,-1,-1
483,12,311.5,103.5,45.0,45.0,1,1,-1,-1
484,12,311.5,103.5,45.0,45.0,1,1,-1,-1
485,12,311.5,103.5,45.0,45.0,1,1,-1,-1
486,12,311.5,103.5,45.0,45.0,1,1,-1,-1
487,12,311.5,103.5,45.0,45.0,1,1,-1,-1
488,12,311.5,103.5,45.0,45.0,1,1,-1,-1
489,12,306.5,110.5,45.0,45.0,1,1,-1,-1
490,12,306.5,109.5,45.0,45.0,1,1,-1,-1
491,12,306.5,109.5,45.0,45.0,1,1,-1,-1
492,12,306.5,109.5,45.0,45.0,1,1,-1,-1
493,12,306.5,109.5,45.0,45.0,1,1,-1,-1
494,12,306.5,109.5,45.0,45.0,1,1,-1,-1
495,12,306.5,109.5,45.0,45.0,1,1,-1,-1
496,12,306.5,109.5,45.0,45.0,1,1,-1,-1
497,12,306.5,109.5,45.0,45.0,1,1,-1,-1
498,12,300.5,120.5,45.0,45.0,1,1,-1,-1
499,12,300.5,120.5,45.0,45.0,1,1,-1,-1
500,12,296.5,122.5,45.0,45.0,1,1,-1,-1
1,13,603.75,254.0,45.0,45.0,1,1,-1,-1
2,13,604.25,254.25,44.5,45.0,1,1,-1,-1
3,13,604.0,254.0,44.5,44.75,1,1,-1,-1
4,13,604.25,254.0,44.5,45.0,1,1,-1,-1
5,13,603.75,254.25,44.75,44.75,1,1,-1,-1
6,13,603.75,254.5,44.5,44.75,1,1,-1,-1
7,13,604.25,254.0,44.5,45.0,1,1,-1,-1
8,13,604.25,254.0,44.5,44.75,1,1,-1,-1
9,13,604.0,254.0,44.5,45.0,1,1,-1,-1
10,13,603.5,253.75,44.5,45.0,1,1,-1,-1
11,13,603.25,254.5,44.75,45.0,1,1,-1,-1
12,13,602.25,253.25,44.75,45.25,1,1,-1,-1
13,13,602.75,253.0,44.75,45.25,1,1,-1,-1
14,13,602.25,254.0,44.5,45.0,1,1,-1,-1
15,13,601.75,253.75,44.75,45.0,1,1,-1,-1
16,13,603.25,254.25,44.5,44.75,1,1,-1,-1
17,13,603.0,254.0,44.5,45.25,1,1,-1,-1
18,13,602.25,254.0,44.75,45.0,1,1,-1,-1
19,13,601.75,253.5,44.75,45.0,1,1,-1,-1
20,13,601.75,252.75,44.75,45.25,1,1,-1,-1
21,13,600.75,253.5,44.75,45.0,1,1,-1,-1
22,13,600.75,254.0,44.5,45.0,1,1,-1,-1
23,13,599.25,253.25,44.5,45.25,1,1,-1,-1
24,13,599.5,252.75,44.75,45.0,1,1,-1,-1
25,13,598.75,253.0,44.75,45.0,1,1,-1,-1
26,13,596.25,252.5,45.0,45.0,1,1,-1,-1
27,13,597.25,252.5,44.75,45.0,1,1,-1,-1
28,13,598.25,252.5,44.75,45.0,1,1,-1,-1
29,13,600.5,253.0,44.75,45.0,1,1,-1,-1
30,13,601.0,252.25,44.75,45.0,1,1,-1,-1
31,13,601.5,252.25,44.75,45.0,1,1,-1,-1
32,13,601.0,252.25,44.75,45.0,1,1,-1,-1
33,13,599.75,253.25,44.75,45.0,1,1,-1,-1
34,13,600.75,252.5,44.75,45.0,1,1,-1,-1
35,13,600.25,253.0,44.75,45.0,1,1,-1,-1
36,13,600.25,253.0,44.75,45.0,1,1,-1,-1
37,13,600.5,253.5,45.0,45.0,1,1,-1,-1
38,13,600.0,253.5,45.0,45.0,1,1,-1,-1
39,13,600.25,252.5,45.25,45.25,1,1,-1,-1
40,13,600.25,252.75,45.0,45.25,1,1,-1,-1
41,13,601.0,254.5,44.75,45.0,1,1,-1,-1
42,13,601.0,255.0,45.0,45.0,1,1,-1,-1
43,13,601.25,255.25,45.0,45.0,1,1,-1,-1
44,13,601.25,255.5,44.75,45.0,1,1,-1,-1
45,13,601.5,255.0,45.0,45.0,1,1,-1,-1
46,13,602.25,255.0,44.75,45.25,1,1,-1,-1
47,13,601.75,255.25,44.75,45.0,1,1,-1,-1
48,13,600.25,256.0,44.75,45.25,1,1,-1,-1
49,13,600.75,256.0,45.0,45.25,1,1,-1,-1
50,13,602.0,256.0,44.75,45.0,1,1,-1,-1
51,13,603.5,256.75,45.0,45.0,1,1,-1,-1
52,13,603.5,256.75,45.0,45.0,1,1,-1,-1
53,13,608.25,255.75,45.0,45.25,1,1,-1,-1
54,13,610.25,257.0,45.0,45.25,1,1,-1,-1
55,13,612.5,257.5,45.25,45.25,1,1,-1,-1
56,13,616.5,260.5,45.25,46.25,1,1,-1,-1
57,13,621.0,264.5,45.5,47.25,1,1,-1,-1
58,13,624.75,265.25,45.25,46.25,1,1,-1,-1
59,13,628.5,269.75,45.5,46.25,1,1,-1,-1
60,13,632.0,272.75,45.5,46.5,1,1,-1,-1
61,13,631.75,274.0,45.25,45.5,1,1,-1,-1
62,13,631.25,275.5,45.25,45.0,1,1,-1,-1
63,13,631.0,277.0,45.0,45.25,1,1,-1,-1
64,13,628.5,278.0,45.25,45.5,1,1,-1,-1
65,13,626.25,276.25,45.25,46.25,1,1,-1,-1
66,13,623.5,278.0,45.25,46.25,1,1,-1,-1
67,13,622.0,278.5,45.0,45.0,1,1,-1,-1
68,13,620.5,280.0,45.0,45.25,1,1,-1,-1
69,13,619.0,281.25,45.0,45.0,1,1,-1,-1
70,13,615.75,280.5,44.75,45.0,1,1,-1,-1
71,13,612.5,280.0,44.75,45.0,1,1,-1,-1
72,13,610.0,280.0,44.75,45.0,1,1,-1,-1
73,13,606.0,281.5,44.75,45.25,1,1,-1,-1
74,13,602.25,282.25,44.75,45.25,1,1,-1,-1
75,13,601.25,281.75,44.75,45.0,1,1,-1,-1
76,13,600.0,280.25,44.75,45.0,1,1,-1,-1
77,13,598.0,281.0,45.0,45.0,1,1,-1,-1
78,13,598.5,280.5,44.75,45.0,1,1,-1,-1
79,13,597.0,281.0,45.0,45.25,1,1,-1,-1
80,13,596.0,281.5,45.0,45.25,1,1,-1,-1
81,13,596.5,281.0,45.25,45.25,1,1,-1,-1
82,13,597.0,280.25,45.0,45.25,1,1,-1,-1
83,13,594.75,281.0,45.0,45.5,1,1,-1,-1
84,13,593.0,280.0,45.25,46.0,1,1,-1,-1
85,13,590.25,279.25,45.5,46.5,1,1,-1,-1
86,13,589.0,279.0,45.5,46.5,1,1,-1,-1
87,13,585.75,278.25,45.0,45.75,1,1,-1,-1
88,13,580.25,276.5,45.25,46.5,1,1,-1,-1
89,13,578.0,274.75,45.25,46.25,1,1,-1,-1
90,13,572.5,274.5,45.0,45.25,1,1,-1,-1
91,13,564.0,272.25,45.25,46.0,1,1,-1,-1
92,13,556.25,270.25,45.0,45.25,1,1,-1,-1
93,13,550.25,269.5,45.25,45.75,1,1,-1,-1
94,13,542.25,268.0,45.25,46.0,1,1,-1,-1
95,13,535.5,264.5,45.0,45.75,1,1,-1,-1
96,13,528.0,257.5,45.0,45.25,1,1,-1,-1
97,13,526.75,254.25,45.0,45.0,1,1,-1,-1
98,13,524.25,249.75,44.75,45.0,1,1,-1,-1
99,13,523.0,242.5,45.0,45.0,1,1,-1,-1
100,13,522.0,235.25,45.0,45.25,1,1,-1,-1
101,13,521.75,227.25,45.0,45.25,1,1,-1,-1
102,13,523.0,220.5,45.25,45.25,1,1,-1,-1
103,13,526.25,215.25,45.0,45.0,1,1,-1,-1
104,13,528.0,210.0,45.5,45.25,1,1,-1,-1
105,13,529.5,201.0,45.25,45.25,1,1,-1,-1
106,13,530.75,196.25,45.25,45.25,1,1,-1,-1
107,13,532.0,193.0,45.25,45.0,1,1,-1,-1
108,13,532.75,191.75,45.25,45.25,1,1,-1,-1
109,13,534.25,191.0,45.0,45.0,1,1,-1,-1
110,13,537.25,187.25,45.25,45.25,1,1,-1,-1
111,13,539.25,185.0,45.0,45.0,1,1,-1,-1
112,13,541.0,183.75,45.0,45.25,1,1,-1,-1
113,13,545.5,182.75,45.0,45.25,1,1,-1,-1
114,13,551.0,180.25,45.0,45.0,1,1,-1,-1
115,13,553.5,179.25,45.0,45.25,1,1,-1,-1
116,13,557.25,175.0,45.0,45.0,1,1,-1,-1
117,13,559.5,168.5,45.25,45.0,1,1,-1,-1
118,13,563.25,163.5,45.25,45.25,1,1,-1,-1
119,13,562.25,159.25,45.25,45.5,1,1,-1,-1
120,13,562.25,159.75,45.5,45.25,1,1,-1,-1
121,13,561.5,159.0,45.5,45.5,1,1,-1,-1
122,13,560.0,150.75,45.0,45.0,1,1,-1,-1
123,13,556.75,140.75,45.0,45.5,1,1,-1,-1
124,13,554.5,136.25,45.0,45.25,1,1,-1,-1
125,13,552.0,128.0,45.0,45.0,1,1,-1,-1
126,13,549.25,118.0,45.0,45.25,1,1,-1,-1
127,13,546.5,111.0,45.25,45.0,1,1,-1,-1
128,13,541.25,103.75,45.25,45.25,1,1,-1,-1
129,13,533.75,95.0,44.75,45.25,1,1,-1,-1
130,13,529.75,91.0,45.0,45.5,1,1,-1,-1
131,13,523.25,86.75,45.0,45.25,1,1,-1,-1
132,13,518.75,82.0,45.0,45.25,1,1,-1,-1
133,13,512.0,76.25,45.25,45.5,1,1,-1,-1
134,13,505.25,68.75,45.25,45.25,1,1,-1,-1
135,13,504.25,63.5,45.0,45.5,1,1,-1,-1
136,13,506.0,59.25,45.0,45.75,1,1,-1,-1
137,13,506.75,56.25,45.0,45.5,1,1,-1,-1
138,13,508.25,55.0,45.0,45.5,1,1,-1,-1
139,13,511.25,52.0,45.25,45.5,1,1,-1,-1
140,13,513.0,50.0,45.5,46.75,1,1,-1,-1
141,13,516.5,49.5,45.25,46.25,1,1,-1,-1
142,13,519.0,49.5,45.25,45.75,1,1,-1,-1
143,13,521.0,49.75,45.25,45.75,1,1,-1,-1
144,13,522.75,50.25,45.25,45.75,1,1,-1,-1
145,13,525.0,52.0,45.0,45.5,1,1,-1,-1
146,13,526.5,54.0,45.25,45.5,1,1,-1,-1
147,13,530.25,57.25,45.0,45.5,1,1,-1,-1
148,13,533.75,60.0,45.0,45.25,1,1,-1,-1
149,13,538.75,60.75,45.25,46.25,1,1,-1,-1
150,13,543.5,62.5,45.25,45.5,1,1,-1,-1
151,13,545.75,64.75,45.25,45.5,1,1,-1,-1
152,13,548.25,66.75,45.0,45.25,1,1,-1,-1
153,13,551.5,68.5,45.0,46.25,1,1,-1,-1
154,13,556.0,71.75,45.0,45.25,1,1,-1,-1
155,13,564.0,74.5,45.0,46.0,1,1,-1,-1
156,13,568.5,77.5,44.75,45.25,1,1,-1,-1
157,13,572.5,81.0,44.75,45.25,1,1,-1,-1
158,13,576.75,85.0,44.75,45.25,1,1,-1,-1
159,13,580.0,89.75,44.75,45.25,1,1,-1,-1
160,13,580.75,93.75,45.0,45.25,1,1,-1,-1
161,13,583.0,98.0,45.0,45.25,1,1,-1,-1
162,13,587.25,100.0,45.25,46.5,1,1,-1,-1
163,13,588.0,101.0,45.25,46.5,1,1,-1,-1
164,13,588.0,101.25,45.25,46.5,1,1,-1,-1
165,13,587.5,103.0,45.5,46.25,1,1,-1,-1
166,13,587.75,106.75,45.5,45.75,1,1,-1,-1
167,13,587.75,108.0,45.5,45.5,1,1,-1,-1
168,13,588.25,108.0,45.5,45.75,1,1,-1,-1
169,13,588.25,107.5,45.5,45.25,1,1,-1,-1
170,13,588.0,107.75,45.5,45.5,1,1,-1,-1
171,13,588.0,108.75,45.25,45.25,1,1,-1,-1
172,13,587.25,108.25,45.25,45.0,1,1,-1,-1
173,13,588.0,108.75,45.25,45.25,1,1,-1,-1
174,13,590.75,111.75,45.75,45.75,1,1,-1,-1
175,13,593.0,115.0,45.25,45.25,1,1,-1,-1
176,13,596.25,117.25,45.25,45.5,1,1,-1,-1
177,13,596.25,117.25,45.5,45.0,1,1,-1,-1
178,13,596.75,116.75,45.25,45.25,1,1,-1,-1
179,13,596.5,118.25,45.25,45.0,1,1,-1,-1
180,13,596.75,118.75,45.5,45.0,1,1,-1,-1
181,13,598.0,118.75,45.5,46.75,1,1,-1,-1
182,13,597.75,119.75,45.5,46.75,1,1,-1,-1
183,13,599.0,119.0,45.5,46.5,1,1,-1,-1
184,13,600.0,118.0,45.5,46.25,1,1,-1,-1
185,13,600.25,119.0,45.5,46.5,1,1,-1,-1
186,13,599.5,119.75,45.25,46.5,1,1,-1,-1
187,13,598.5,120.75,45.5,46.0,1,1,-1,-1
188,13,599.0,122.25,45.25,45.5,1,1,-1,-1
189,13,598.25,124.0,45.25,46.0,1,1,-1,-1
190,13,598.5,124.75,45.25,46.25,1,1,-1,-1
191,13,598.75,125.5,45.25,45.75,1,1,-1,-1
192,13,598.75,126.75,45.25,45.25,1,1,-1,-1
193,13,600.0,128.0,45.0,45.0,1,1,-1,-1
194,13,600.75,130.0,45.0,45.0,1,1,-1,-1
195,13,601.0,130.5,45.0,45.25,1,1,-1,-1
196,13,600.5,132.5,45.0,45.0,1,1,-1,-1
197,13,598.0,131.5,45.0,45.0,1,1,-1,-1
198,13,599.5,135.75,45.25,44.75,1,1,-1,-1
199,13,599.0,134.0,45.0,45.0,1,1,-1,-1
200,13,598.5,133.25,45.0,45.0,1,1,-1,-1
201,13,599.25,132.75,45.0,45.0,1,1,-1,-1
202,13,598.25,132.0,45.25,45.25,1,1,-1,-1
203,13,598.75,131.5,45.0,45.25,1,1,-1,-1
204,13,597.25,131.75,45.25,45.25,1,1,-1,-1
205,13,597.02,131.326,45.25,45.25,1,1,-1,-1
206,13,597.5,132.5,45.0,45.25,1,1,-1,-1
207,13,597.362,132.877,45.0,45.25,1,1,-1,-1
208,13,597.249,133.256,45.0,45.25,1,1,-1,-1
209,13,598.5,134.75,45.5,45.25,1,1,-1,-1
210,13,600.0,135.25,45.25,45.25,1,1,-1,-1
211,13,598.25,136.75,45.0,45.25,1,1,-1,-1
212,13,596.75,136.25,45.0,45.25,1,1,-1,-1
213,13,597.5,136.0,45.25,45.0,1,1,-1,-1
214,13,598.25,134.75,45.25,45.25,1,1,-1,-1
215,13,599.5,133.0,45.0,45.25,1,1,-1,-1
216,13,599.5,132.5,45.0,45.25,1,1,-1,-1
217,13,599.75,134.75,45.0,45.25,1,1,-1,-1
218,13,601.75,137.25,45.0,45.0,1,1,-1,-1
219,13,604.75,137.5,45.25,45.0,1,1,-1,-1
220,13,602.25,137.25,45.0,45.25,1,1,-1,-1
221,13,600.75,136.5,45.0,45.0,1,1,-1,-1
222,13,597.75,137.25,45.0,45.25,1,1,-1,-1
223,13,599.25,140.75,45.25,45.0,1,1,-1,-1
224,13,604.75,147.75,45.25,45.0,1,1,-1,-1
225,13,600.75,146.25,45.25,45.0,1,1,-1,-1
226,13,602.75,150.0,45.25,45.25,1,1,-1,-1
227,13,607.0,152.75,45.0,44.75,1,1,-1,-1
228,13,610.25,155.75,45.0,45.25,1,1,-1,-1
229,13,610.25,154.5,45.0,45.25,1,1,-1,-1
230,13,612.5,152.5,45.25,45.25,1,1,-1,-1
231,13,614.5,152.0,45.0,45.25,1,1,-1,-1
232,13,614.25,152.0,45.0,45.0,1,1,-1,-1
233,13,614.25,151.0,45.0,45.0,1,1,-1,-1
234,13,615.75,148.75,45.0,45.25,1,1,-1,-1
235,13,615.75,147.5,45.0,45.0,1,1,-1,-1
236,13,617.75,145.75,45.5,45.0,1,1,-1,-1
237,13,618.75,145.75,45.25,45.0,1,1,-1,-1
238,13,618.25,145.75,45.25,45.0,1,1,-1,-1
239,13,617.75,146.5,45.25,45.0,1,1,-1,-1
240,13,618.5,147.0,45.25,45.0,1,1,-1,-1
241,13,618.25,145.75,45.25,45.0,1,1,-1,-1
242,13,618.25,146.25,45.0,45.0,1,1,-1,-1
243,13,617.25,144.75,45.0,45.0,1,1,-1,-1
244,13,618.0,143.25,44.75,45.0,1,1,-1,-1
245,13,617.5,141.5,44.75,45.0,1,1,-1,-1
246,13,616.0,138.75,44.75,44.75,1,1,-1,-1
247,13,614.25,137.25,44.75,45.0,1,1,-1,-1
248,13,612.5,132.75,44.75,45.0,1,1,-1,-1
249,13,610.25,129.0,45.0,45.0,1,1,-1,-1
250,13,607.75,127.0,44.75,45.0,1,1,-1,-1
251,13,603.0,121.0,45.0,45.0,1,1,-1,-1
252,13,599.5,118.0,45.25,44.75,1,1,-1,-1
253,13,594.25,111.0,45.25,45.5,1,1,-1,-1
254,13,592.5,108.25,45.25,45.25,1,1,-1,-1
255,13,591.0,106.25,45.25,45.25,1,1,-1,-1
256,13,590.5,103.5,45.0,45.25,1,1,-1,-1
257,13,586.75,100.5,45.0,45.25,1,1,-1,-1
258,13,584.0,101.75,45.0,45.25,1,1,-1,-1
259,13,580.25,99.5,45.5,47.25,1,1,-1,-1
260,13,577.0,98.25,45.0,45.25,1,1,-1,-1
261,13,573.5,98.25,44.75,45.0,1,1,-1,-1
262,13,569.25,99.75,45.0,45.25,1,1,-1,-1
263,13,563.75,94.25,45.0,45.25,1,1,-1,-1
264,13,561.25,95.75,45.25,45.25,1,1,-1,-1
265,13,556.0,95.75,45.0,45.25,1,1,-1,-1
266,13,548.75,92.5,44.75,45.25,1,1,-1,-1
267,13,544.0,91.5,44.75,45.25,1,1,-1,-1
268,13,538.75,85.75,45.0,45.5,1,1,-1,-1
269,13,532.75,82.75,45.25,45.5,1,1,-1,-1
270,13,533.5,79.75,45.25,45.75,1,1,-1,-1
271,13,533.0,77.5,45.0,45.5,1,1,-1,-1
272,13,531.75,76.25,45.25,45.5,1,1,-1,-1
273,13,531.0,75.5,45.0,45.5,1,1,-1,-1
274,13,531.25,75.25,45.25,45.5,1,1,-1,-1
275,13,531.25,75.25,45.25,45.5,1,1,-1,-1
276,13,531.5,75.25,45.0,45.5,1,1,-1,-1
277,13,530.0,73.5,45.25,45.75,1,1,-1,-1
278,13,529.5,73.0,45.25,45.5,1,1,-1,-1
279,13,528.25,72.75,45.5,45.5,1,1,-1,-1
280,13,528.0,72.5,45.25,45.5,1,1,-1,-1
281,13,526.0,68.0,45.5,45.75,1,1,-1,-1
282,13,524.75,65.25,45.25,45.75,1,1,-1,-1
283,13,522.5,63.5,45.25,45.75,1,1,-1,-1
284,13,518.5,63.0,45.5,45.5,1,1,-1,-1
285,13,513.25,60.75,45.25,45.75,1,1,-1,-1
286,13,510.0,59.75,45.25,45.5,1,1,-1,-1
287,13,507.75,59.5,45.0,45.5,1,1,-1,-1
288,13,509.5,60.0,45.0,45.5,1,1,-1,-1
289,13,510.75,58.25,45.0,45.5,1,1,-1,-1
290,13,512.75,55.25,45.25,45.5,1,1,-1,-1
291,13,513.0,54.0,45.0,45.25,1,1,-1,-1
292,13,513.0,51.0,45.0,45.5,1,1,-1,-1
293,13,512.5,46.25,45.5,45.5,1,1,-1,-1
294,13,513.25,42.25,45.5,45.5,1,1,-1,-1
295,13,512.75,42.25,45.25,45.5,1,1,-1,-1
296,13,512.75,43.0,45.5,45.5,1,1,-1,-1
297,13,513.5,40.5,45.25,45.5,1,1,-1,-1
298,13,512.0,39.75,45.5,45.5,1,1,-1,-1
299,13,511.5,38.75,45.25,45.25,1,1,-1,-1
300,13,510.0,39.5,45.5,45.5,1,1,-1,-1
301,13,510.25,40.25,45.25,45.25,1,1,-1,-1
302,13,509.5,40.25,45.5,45.25,1,1,-1,-1
303,13,508.0,39.75,45.25,45.25,1,1,-1,-1
304,13,503.0,39.0,45.25,45.5,1,1,-1,-1
305,13,500.866,37.849,45.25,45.5,1,1,-1,-1
306,13,490.75,35.75,45.25,45.5,1,1,-1,-1
307,13,483.0,34.25,45.5,45.5,1,1,-1,-1
308,13,479.25,31.5,45.25,45.25,1,1,-1,-1
309,13,477.0,29.5,45.5,45.5,1,1,-1,-1
310,13,472.75,31.75,45.0,45.5,1,1,-1,-1
311,13,470.75,36.0,45.25,45.75,1,1,-1,-1
312,13,467.5,34.25,45.25,45.75,1,1,-1,-1
313,13,464.75,35.0,45.5,45.75,1,1,-1,-1
314,13,464.5,35.25,45.25,45.75,1,1,-1,-1
315,13,461.5,36.5,45.0,45.0,1,1,-1,-1
316,13,460.5,36.5,45.0,45.0,1,1,-1,-1
317,13,454.0,37.75,45.5,45.75,1,1,-1,-1
318,13,448.75,36.25,45.25,45.5,1,1,-1,-1
319,13,444.75,39.0,45.5,45.5,1,1,-1,-1
320,13,439.75,42.0,45.5,45.75,1,1,-1,-1
321,13,437.75,43.5,45.25,45.5,1,1,-1,-1
322,13,428.5,44.5,45.25,45.5,1,1,-1,-1
323,13,424.25,45.25,45.25,45.75,1,1,-1,-1
324,13,415.25,46.5,45.25,46.25,1,1,-1,-1
325,13,413.0,47.25,45.25,46.75,1,1,-1,-1
326,13,409.75,49.75,45.0,45.75,1,1,-1,-1
327,13,405.75,54.25,45.0,46.0,1,1,-1,-1
328,13,401.25,58.5,46.25,48.25,1,1,-1,-1
329,13,395.5,63.0,45.25,45.75,1,1,-1,-1
330,13,392.5,63.5,45.5,47.5,1,1,-1,-1
331,13,388.5,67.5,45.0,46.0,1,1,-1,-1
332,13,384.5,68.5,45.5,47.25,1,1,-1,-1
333,13,378.75,68.5,46.5,48.5,1,1,-1,-1
334,13,374.0,73.0,45.25,46.5,1,1,-1,-1
335,13,369.719,75.493,45.25,46.5,1,1,-1,-1
336,13,358.5,79.75,45.25,45.5,1,1,-1,-1
337,13,359.5,81.5,45.25,45.5,1,1,-1,-1
338,13,350.5,80.25,45.25,45.5,1,1,-1,-1
339,13,347.5,84.75,45.25,45.5,1,1,-1,-1
340,13,341.25,90.75,45.0,45.25,1,1,-1,-1
341,13,338.0,89.25,45.0,45.25,1,1,-1,-1
342,13,335.75,88.0,45.0,45.5,1,1,-1,-1
343,13,333.5,86.0,45.25,45.25,1,1,-1,-1
344,13,332.5,84.0,45.0,45.25,1,1,-1,-1
345,13,327.75,82.75,45.0,45.5,1,1,-1,-1
346,13,325.0,82.75,45.0,45.5,1,1,-1,-1
347,13,322.0,81.0,45.25,45.5,1,1,-1,-1
348,13,320.25,79.75,45.0,45.25,1,1,-1,-1
349,13,320.0,77.25,45.0,45.25,1,1,-1,-1
350,13,320.25,72.5,45.0,45.5,1,1,-1,-1
351,13,317.0,72.25,45.25,45.5,1,1,-1,-1
352,13,316.25,72.5,45.25,45.75,1,1,-1,-1
353,13,315.356,71.705,45.25,45.75,1,1,-1,-1
354,13,315.75,71.5,45.25,45.75,1,1,-1,-1
355,13,314.0,69.5,45.25,45.5,1,1,-1,-1
356,13,310.75,68.75,45.25,45.5,1,1,-1,-1
357,13,309.5,69.25,45.25,45.25,1,1,-1,-1
358,13,308.0,70.5,45.0,45.5,1,1,-1,-1
359,13,304.0,71.5,45.0,45.25,1,1,-1,-1
360,13,297.5,75.25,45.25,47.25,1,1,-1,-1
361,13,295.5,76.5,45.0,45.0,1,1,-1,-1
362,13,293.5,79.5,45.0,45.0,1,1,-1,-1
363,13,286.5,84.5,45.0,45.0,1,1,-1,-1
364,13,275.25,85.75,45.25,46.0,1,1,-1,-1
365,13,271.25,87.5,45.0,45.25,1,1,-1,-1
366,13,265.75,92.0,45.0,45.25,1,1,-1,-1
367,13,263.25,98.25,45.0,45.5,1,1,-1,-1
368,13,261.0,102.25,45.25,45.5,1,1,-1,-1
369,13,259.75,108.25,45.25,45.5,1,1,-1,-1
370,13,256.75,114.25,45.5,45.5,1,1,-1,-1
371,13,253.5,120.0,45.5,45.5,1,1,-1,-1
372,13,249.25,126.0,45.25,46.0,1,1,-1,-1
373,13,244.5,131.0,45.25,45.75,1,1,-1,-1
374,13,237.75,135.75,45.0,45.25,1,1,-1,-1
375,13,234.0,137.5,45.0,46.0,1,1,-1,-1
376,13,230.5,142.0,45.25,45.5,1,1,-1,-1
377,13,231.0,142.75,45.25,45.25,1,1,-1,-1
378,13,230.25,144.0,45.25,46.0,1,1,-1,-1
379,13,229.75,146.75,45.25,45.25,1,1,-1,-1
380,13,227.25,150.5,45.25,45.25,1,1,-1,-1
381,13,227.75,155.0,45.25,45.5,1,1,-1,-1
382,13,232.75,161.0,44.75,45.75,1,1,-1,-1
383,13,228.5,156.75,45.0,45.5,1,1,-1,-1
384,13,227.5,156.5,45.0,45.5,1,1,-1,-1
385,13,225.75,155.5,45.25,45.5,1,1,-1,-1
386,13,222.0,160.5,45.25,45.5,1,1,-1,-1
387,13,221.5,159.75,45.5,45.5,1,1,-1,-1
388,13,221.0,160.0,45.25,45.5,1,1,-1,-1
389,13,219.5,160.25,45.25,45.5,1,1,-1,-1
390,13,218.0,160.5,45.25,45.5,1,1,-1,-1
391,13,217.5,160.75,45.5,45.5,1,1,-1,-1
392,13,217.25,162.75,45.25,45.75,1,1,-1,-1
393,13,217.5,164.5,45.25,45.5,1,1,-1,-1
394,13,218.0,165.25,45.25,45.5,1,1,-1,-1
395,13,218.25,166.25,45.0,45.5,1,1,-1,-1
396,13,218.393,167.353,45.0,45.5,1,1,-1,-1
397,13,218.621,168.407,45.0,45.5,1,1,-1,-1
398,13,218.849,169.461,45.0,45.5,1,1,-1,-1
399,13,209.5,181.5,45.0,45.0,1,1,-1,-1
400,13,209.5,181.5,45.0,45.0,1,1,-1,-1
401,13,208.5,184.25,45.25,47.0,1,1,-1,-1
402,13,208.75,189.0,45.25,46.5,1,1,-1,-1
403,13,208.5,197.25,45.25,45.5,1,1,-1,-1
404,13,211.25,202.0,45.25,47.0,1,1,-1,-1
405,13,212.5,208.0,45.25,46.75,1,1,-1,-1
406,13,213.25,215.0,45.5,47.0,1,1,-1,-1
407,13,214.75,223.25,45.5,47.5,1,1,-1,-1
408,13,214.75,229.5,45.5,48.25,1,1,-1,-1
409,13,214.75,234.5,45.25,46.75,1,1,-1,-1
410,13,215.5,241.75,45.5,47.0,1,1,-1,-1
411,13,216.5,248.5,45.5,46.75,1,1,-1,-1
412,13,218.0,256.0,45.25,47.25,1,1,-1,-1
413,13,217.75,261.25,45.5,45.5,1,1,-1,-1
414,13,219.75,269.0,45.25,45.5,1,1,-1,-1
415,13,224.25,278.5,45.5,46.5,1,1,-1,-1
416,13,224.5,281.5,45.25,45.5,1,1,-1,-1
417,13,224.0,281.0,45.25,46.0,1,1,-1,-1
418,13,223.75,280.75,45.75,46.5,1,1,-1,-1
419,13,223.75,280.5,45.75,47.5,1,1,-1,-1
420,13,224.25,280.5,45.5,45.5,1,1,-1,-1
421,13,224.25,280.5,45.25,45.5,1,1,-1,-1
422,13,224.25,281.0,45.25,45.5,1,1,-1,-1
423,13,224.25,280.75,45.25,46.0,1,1,-1,-1
424,13,227.0,281.0,45.25,45.5,1,1,-1,-1
425,13,226.25,281.25,45.5,45.5,1,1,-1,-1
426,13,226.5,281.75,45.25,45.5,1,1,-1,-1
427,13,226.25,282.0,45.25,45.5,1,1,-1,-1
428,13,226.5,281.5,45.25,45.5,1,1,-1,-1
429,13,226.75,281.5,45.5,45.5,1,1,-1,-1
430,13,227.0,281.5,45.25,45.25,1,1,-1,-1
431,13,227.25,281.5,45.25,45.5,1,1,-1,-1
432,13,227.75,281.5,45.25,45.5,1,1,-1,-1
433,13,227.5,282.0,45.25,45.5,1,1,-1,-1
434,13,228.0,281.75,45.25,45.5,1,1,-1,-1
435,13,228.0,282.75,45.25,45.5,1,1,-1,-1
436,13,228.75,283.0,45.25,45.25,1,1,-1,-1
437,13,228.5,282.75,45.25,45.25,1,1,-1,-1
438,13,228.0,282.5,45.25,45.5,1,1,-1,-1
439,13,228.25,282.75,45.25,45.5,1,1,-1,-1
440,13,228.75,282.75,45.25,45.25,1,1,-1,-1
441,13,228.0,282.5,45.5,45.5,1,1,-1,-1
442,13,228.25,282.25,45.25,45.5,1,1,-1,-1
443,13,228.5,282.0,45.25,45.5,1,1,-1,-1
444,13,228.25,282.75,45.5,45.5,1,1,-1,-1
445,13,228.25,282.5,45.25,45.5,1,1,-1,-1
446,13,227.0,282.75,45.5,45.5,1,1,-1,-1
447,13,226.5,283.0,45.5,45.5,1,1,-1,-1
448,13,226.25,284.0,45.5,45.25,1,1,-1,-1
449,13,226.75,284.25,45.5,45.5,1,1,-1,-1
450,13,226.5,284.75,45.5,45.5,1,1,-1,-1
451,13,231.25,291.0,45.25,45.25,1,1,-1,-1
452,13,229.75,289.25,45.5,45.5,1,1,-1,-1
453,13,224.75,284.5,45.25,45.5,1,1,-1,-1
454,13,226.0,287.0,45.25,45.5,1,1,-1,-1
455,13,228.25,288.0,45.0,45.25,1,1,-1,-1
456,13,226.25,285.75,45.0,45.75,1,1,-1,-1
457,13,225.25,284.75,45.25,45.5,1,1,-1,-1
458,13,224.75,284.0,45.25,46.25,1,1,-1,-1
459,13,224.0,283.5,45.25,46.0,1,1,-1,-1
460,13,224.25,284.0,45.0,45.25,1,1,-1,-1
461,13,223.5,283.75,45.25,45.25,1,1,-1,-1
462,13,224.0,282.75,45.25,45.5,1,1,-1,-1
463,13,224.25,282.25,45.25,46.25,1,1,-1,-1
464,13,224.0,283.25,45.25,45.75,1,1,-1,-1
465,13,224.75,282.75,45.0,45.5,1,1,-1,-1
466,13,224.25,282.5,45.25,46.5,1,1,-1,-1
467,13,224.5,282.25,45.25,46.0,1,1,-1,-1
468,13,225.0,281.5,45.25,45.5,1,1,-1,-1
469,13,224.25,281.5,45.0,45.75,1,1,-1,-1
470,13,223.5,283.0,45.0,45.5,1,1,-1,-1
471,13,223.0,281.5,45.25,46.5,1,1,-1,-1
472,13,222.25,282.5,45.25,45.75,1,1,-1,-1
473,13,221.75,282.0,45.0,45.25,1,1,-1,-1
474,13,221.0,282.75,45.25,45.5,1,1,-1,-1
475,13,221.75,284.75,45.0,45.25,1,1,-1,-1
476,13,221.75,285.75,45.0,45.5,1,1,-1,-1
477,13,221.25,285.75,45.25,45.25,1,1,-1,-1
478,13,219.25,288.5,45.5,45.75,1,1,-1,-1
479,13,215.25,288.5,45.5,46.5,1,1,-1,-1
480,13,211.0,290.5,45.5,45.5,1,1,-1,-1
481,13,208.5,291.5,45.5,46.25,1,1,-1,-1
482,13,208.0,293.25,45.5,45.75,1,1,-1,-1
483,13,208.0,293.75,45.5,45.5,1,1,-1,-1
484,13,209.0,293.75,45.75,47.5,1,1,-1,-1
485,13,211.0,295.75,45.25,45.5,1,1,-1,-1
486,13,213.5,296.0,45.5,46.5,1,1,-1,-1
487,13,215.5,297.5,45.25,47.25,1,1,-1,-1
488,13,218.25,299.25,45.5,46.5,1,1,-1,-1
489,13,219.5,301.25,45.25,46.25,1,1,-1,-1
490,13,219.5,301.75,45.25,46.25,1,1,-1,-1
491,13,219.5,306.75,45.5,46.0,1,1,-1,-1
492,13,219.75,308.5,45.5,45.5,1,1,-1,-1
493,13,221.0,311.5,45.25,45.5,1,1,-1,-1
494,13,222.5,313.25,45.25,45.5,1,1,-1,-1
495,13,222.25,315.0,45.25,45.25,1,1,-1,-1
496,13,222.5,319.0,45.0,45.5,1,1,-1,-1
497,13,221.0,320.25,45.25,45.5,1,1,-1,-1
498,13,219.5,320.25,45.25,45.5,1,1,-1,-1
499,13,218.75,321.25,45.0,45.5,1,1,-1,-1
500,13,216.75,324.25,45.25,45.75,1,1,-1,-1
1,14,360.5,33.5,45.0,45.0,1,1,-1,-1
2,14,363.5,34.5,45.0,45.0,1,1,-1,-1
3,14,364.5,32.5,45.0,45.0,1,1,-1,-1
4,14,365.5,32.5,45.0,45.0,1,1,-1,-1
5,14,369.5,31.5,45.0,45.0,1,1,-1,-1
6,14,369.5,31.5,45.0,45.0,1,1,-1,-1
7,14,369.5,31.5,45.0,45.0,1,1,-1,-1
8,14,369.5,31.5,45.0,45.0,1,1,-1,-1
9,14,373.5,29.5,45.0,45.0,1,1,-1,-1
10,14,375.5,28.5,45.0,45.0,1,1,-1,-1
11,14,377.5,26.5,45.0,45.0,1,1,-1,-1
12,14,378.5,26.5,45.0,45.0,1,1,-1,-1
13,14,378.5,26.5,45.0,45.0,1,1,-1,-1
14,14,383.5,26.5,45.0,45.0,1,1,-1,-1
15,14,383.5,26.5,45.0,45.0,1,1,-1,-1
16,14,383.5,26.5,45.0,45.0,1,1,-1,-1
17,14,383.5,26.5,45.0,45.0,1,1,-1,-1
18,14,386.5,21.5,45.0,45.0,1,1,-1,-1
19,14,386.5,21.5,45.0,45.0,1,1,-1,-1
20,14,386.5,21.5,45.0,45.0,1,1,-1,-1
21,14,390.5,24.5,45.0,45.0,1,1,-1,-1
22,14,384.5,29.5,45.0,45.0,1,1,-1,-1
23,14,388.75,33.25,45.5,45.5,1,1,-1,-1
24,14,394.5,32.0,45.0,45.25,1,1,-1,-1
25,14,398.25,32.25,45.0,45.5,1,1,-1,-1
26,14,401.75,32.0,45.25,45.25,1,1,-1,-1
27,14,406.75,31.75,45.0,45.25,1,1,-1,-1
28,14,410.25,30.75,45.25,45.25,1,1,-1,-1
29,14,413.75,29.25,45.0,45.5,1,1,-1,-1
30,14,410.75,31.0,45.0,45.25,1,1,-1,-1
31,14,414.0,29.75,45.0,45.25,1,1,-1,-1
32,14,415.5,30.0,45.25,45.0,1,1,-1,-1
33,14,415.5,32.0,45.25,45.25,1,1,-1,-1
34,14,418.0,31.5,45.5,45.5,1,1,-1,-1
35,14,417.5,32.5,45.5,45.25,1,1,-1,-1
36,14,417.5,34.5,45.25,45.5,1,1,-1,-1
37,14,417.75,34.25,45.5,45.5,1,1,-1,-1
38,14,418.5,37.75,45.5,45.25,1,1,-1,-1
39,14,420.25,42.75,45.5,45.5,1,1,-1,-1
40,14,422.0,46.0,45.0,45.25,1,1,-1,-1
41,14,423.75,50.5,45.0,45.5,1,1,-1,-1
42,14,425.25,54.5,45.0,45.5,1,1,-1,-1
43,14,427.25,58.25,45.0,45.5,1,1,-1,-1
44,14,427.5,64.0,45.25,45.5,1,1,-1,-1
45,14,428.0,70.25,45.25,45.5,1,1,-1,-1
46,14,429.75,76.5,45.25,45.5,1,1,-1,-1
47,14,433.5,85.5,45.25,45.5,1,1,-1,-1
48,14,433.25,92.5,45.0,45.5,1,1,-1,-1
49,14,434.25,99.75,45.0,45.25,1,1,-1,-1
50,14,436.5,108.25,45.0,45.25,1,1,-1,-1
51,14,436.5,115.25,45.25,45.25,1,1,-1,-1
52,14,435.25,121.0,45.25,45.25,1,1,-1,-1
53,14,439.0,122.25,45.25,45.25,1,1,-1,-1
54,14,439.25,124.0,45.25,45.25,1,1,-1,-1
55,14,441.0,123.75,45.0,45.25,1,1,-1,-1
56,14,442.75,126.0,45.25,45.25,1,1,-1,-1
57,14,446.5,127.5,45.25,45.75,1,1,-1,-1
58,14,448.5,127.5,45.25,45.5,1,1,-1,-1
59,14,449.75,127.0,45.5,46.75,1,1,-1,-1
60,14,448.25,127.5,45.25,45.5,1,1,-1,-1
61,14,449.25,127.25,45.25,45.25,1,1,-1,-1
62,14,451.75,130.0,45.0,45.25,1,1,-1,-1
63,14,453.25,129.5,45.0,45.25,1,1,-1,-1
64,14,455.75,128.0,45.25,46.0,1,1,-1,-1
65,14,455.5,128.25,45.25,46.75,1,1,-1,-1
66,14,455.0,130.0,45.25,45.5,1,1,-1,-1
67,14,453.25,130.5,45.25,45.25,1,1,-1,-1
68,14,452.5,129.25,45.25,45.25,1,1,-1,-1
69,14,450.5,134.5,45.0,45.0,1,1,-1,-1
70,14,450.0,134.25,44.75,45.0,1,1,-1,-1
71,14,448.0,137.0,44.75,44.75,1,1,-1,-1
72,14,445.75,141.75,44.75,44.75,1,1,-1,-1
73,14,445.75,141.75,44.75,44.75,1,1,-1,-1
74,14,445.75,141.75,44.75,44.75,1,1,-1,-1
75,14,442.75,142.0,45.0,44.75,1,1,-1,-1
76,14,437.75,140.75,44.75,44.75,1,1,-1,-1
77,14,438.25,142.75,45.0,44.75,1,1,-1,-1
78,14,435.75,139.75,45.0,44.75,1,1,-1,-1
79,14,433.5,140.0,45.0,45.0,1,1,-1,-1
80,14,430.75,140.75,45.25,45.0,1,1,-1,-1
81,14,428.0,139.0,45.0,44.75,1,1,-1,-1
82,14,423.75,138.75,45.25,45.25,1,1,-1,-1
83,14,418.5,139.0,45.25,45.0,1,1,-1,-1
84,14,416.0,139.75,45.5,45.75,1,1,-1,-1
85,14,414.25,138.25,45.25,45.75,1,1,-1,-1
86,14,410.0,140.25,45.25,45.5,1,1,-1,-1
87,14,405.5,137.5,45.25,46.75,1,1,-1,-1
88,14,399.5,138.5,45.0,45.25,1,1,-1,-1
89,14,390.25,139.5,45.0,45.0,1,1,-1,-1
90,14,383.75,141.75,45.0,45.0,1,1,-1,-1
91,14,374.0,146.5,45.25,45.0,1,1,-1,-1
92,14,363.5,151.5,45.25,45.25,1,1,-1,-1
93,14,356.0,156.0,45.5,45.25,1,1,-1,-1
94,14,346.75,163.0,45.5,45.5,1,1,-1,-1
95,14,336.0,170.5,45.0,45.25,1,1,-1,-1
96,14,326.5,174.25,45.0,45.0,1,1,-1,-1
97,14,328.0,173.25,44.75,45.0,1,1,-1,-1
98,14,329.25,174.25,44.75,44.75,1,1,-1,-1
99,14,326.25,173.75,45.25,45.5,1,1,-1,-1
100,14,326.25,173.75,45.25,45.25,1,1,-1,-1
101,14,321.0,174.25,45.0,45.5,1,1,-1,-1
102,14,316.75,172.5,45.25,45.5,1,1,-1,-1
103,14,306.25,174.0,45.25,45.25,1,1,-1,-1
104,14,304.5,175.5,45.25,45.25,1,1,-1,-1
105,14,301.75,179.5,45.0,45.25,1,1,-1,-1
106,14,297.903,182.5,45.0,45.25,1,1,-1,-1
107,14,286.5,190.25,45.25,45.25,1,1,-1,-1
108,14,282.75,195.0,45.25,45.5,1,1,-1,-1
109,14,278.75,201.0,45.25,45.25,1,1,-1,-1
110,14,269.5,209.5,45.75,45.5,1,1,-1,-1
111,14,266.25,219.0,45.25,45.5,1,1,-1,-1
112,14,263.0,229.5,45.25,45.5,1,1,-1,-1
113,14,262.5,237.5,45.25,45.5,1,1,-1,-1
114,14,263.75,248.75,45.0,45.25,1,1,-1,-1
115,14,263.25,259.5,45.0,45.5,1,1,-1,-1
116,14,260.0,262.25,45.0,45.5,1,1,-1,-1
117,14,256.75,266.0,45.25,45.5,1,1,-1,-1
118,14,255.75,268.0,45.0,45.5,1,1,-1,-1
119,14,257.0,268.75,45.25,45.5,1,1,-1,-1
120,14,256.75,273.75,45.25,45.25,1,1,-1,-1
121,14,256.75,275.25,45.25,45.25,1,1,-1,-1
122,14,252.75,276.25,45.25,45.25,1,1,-1,-1
123,14,251.75,282.25,45.25,45.25,1,1,-1,-1
124,14,249.5,285.25,45.5,45.5,1,1,-1,-1
125,14,247.25,289.25,45.25,45.75,1,1,-1,-1
126,14,247.0,292.25,45.5,45.5,1,1,-1,-1
127,14,243.75,297.75,45.5,45.5,1,1,-1,-1
128,14,238.5,304.5,45.25,45.25,1,1,-1,-1
129,14,233.0,312.0,45.25,46.0,1,1,-1,-1
130,14,229.0,321.25,45.25,47.5,1,1,-1,-1
131,14,226.75,327.5,44.75,45.75,1,1,-1,-1
132,14,225.75,333.5,44.75,46.0,1,1,-1,-1
133,14,226.25,338.25,44.75,46.25,1,1,-1,-1
134,14,228.75,340.5,44.75,46.25,1,1,-1,-1
135,14,230.75,341.5,45.0,45.5,1,1,-1,-1
136,14,235.75,341.75,45.0,47.0,1,1,-1,-1
137,14,239.0,345.5,45.0,46.0,1,1,-1,-1
138,14,243.0,349.5,45.0,46.5,1,1,-1,-1
139,14,247.75,354.25,45.0,46.75,1,1,-1,-1
140,14,252.75,361.0,45.25,47.75,1,1,-1,-1
141,14,258.0,368.5,44.75,46.75,1,1,-1,-1
142,14,262.75,374.25,45.0,47.0,1,1,-1,-1
143,14,267.75,383.25,44.75,45.75,1,1,-1,-1
144,14,272.25,390.75,44.75,47.25,1,1,-1,-1
145,14,273.75,395.5,44.5,46.0,1,1,-1,-1
146,14,274.5,398.5,44.75,45.25,1,1,-1,-1
147,14,278.25,402.0,44.75,45.25,1,1,-1,-1
148,14,278.5,403.0,45.0,45.25,1,1,-1,-1
149,14,279.75,403.75,45.0,45.25,1,1,-1,-1
150,14,281.25,403.25,45.0,45.5,1,1,-1,-1
151,14,281.25,404.0,45.0,45.5,1,1,-1,-1
152,14,280.5,404.25,44.75,45.25,1,1,-1,-1
153,14,279.5,403.75,44.75,45.25,1,1,-1,-1
154,14,280.25,404.75,44.75,45.25,1,1,-1,-1
155,14,283.5,406.0,45.25,46.0,1,1,-1,-1
156,14,284.0,405.5,45.25,45.5,1,1,-1,-1
157,14,287.0,406.5,45.25,45.75,1,1,-1,-1
158,14,286.0,405.75,45.0,45.5,1,1,-1,-1
159,14,286.75,404.5,45.25,45.75,1,1,-1,-1
160,14,290.75,402.0,45.0,46.5,1,1,-1,-1
161,14,295.0,401.0,44.75,46.0,1,1,-1,-1
162,14,301.75,399.5,45.0,45.25,1,1,-1,-1
163,14,307.25,397.75,44.75,45.5,1,1,-1,-1
164,14,310.25,400.5,45.0,45.25,1,1,-1,-1
165,14,314.25,403.75,45.25,45.25,1,1,-1,-1
166,14,316.0,402.0,45.25,45.25,1,1,-1,-1
167,14,314.75,404.25,45.0,45.0,1,1,-1,-1
168,14,313.75,405.5,45.25,45.0,1,1,-1,-1
169,14,314.5,408.5,45.5,45.25,1,1,-1,-1
170,14,317.25,411.75,45.5,45.75,1,1,-1,-1
171,14,318.25,413.25,45.5,45.5,1,1,-1,-1
172,14,319.75,417.75,45.75,46.5,1,1,-1,-1
173,14,323.0,421.0,45.75,47.0,1,1,-1,-1
174,14,327.75,428.75,45.5,46.5,1,1,-1,-1
175,14,330.0,434.5,45.25,45.5,1,1,-1,-1
176,14,333.75,440.0,45.25,46.5,1,1,-1,-1
177,14,336.0,442.75,45.25,46.25,1,1,-1,-1
178,14,339.75,448.5,45.0,46.0,1,1,-1,-1
179,14,341.0,450.25,45.0,45.25,1,1,-1,-1
180,14,340.75,451.0,45.0,45.25,1,1,-1,-1
181,14,341.25,451.0,45.0,45.25,1,1,-1,-1
182,14,342.0,450.75,45.0,45.0,1,1,-1,-1
183,14,341.75,450.25,45.0,45.5,1,1,-1,-1
184,14,341.75,449.5,45.0,45.75,1,1,-1,-1
185,14,343.5,447.5,45.25,45.75,1,1,-1,-1
186,14,343.0,444.5,45.0,45.5,1,1,-1,-1
187,14,343.25,442.75,45.0,45.25,1,1,-1,-1
188,14,344.75,440.0,45.25,45.25,1,1,-1,-1
189,14,345.5,439.25,45.25,45.5,1,1,-1,-1
190,14,345.25,439.25,45.25,45.5,1,1,-1,-1
191,14,347.75,439.5,45.25,46.25,1,1,-1,-1
192,14,354.25,438.75,45.5,46.0,1,1,-1,-1
193,14,358.0,441.5,45.25,46.0,1,1,-1,-1
194,14,362.25,441.0,45.25,45.75,1,1,-1,-1
195,14,367.75,441.5,45.25,45.75,1,1,-1,-1
196,14,376.75,440.75,45.0,46.25,1,1,-1,-1
197,14,384.5,440.25,45.0,46.5,1,1,-1,-1
198,14,393.5,439.5,45.0,46.75,1,1,-1,-1
199,14,403.75,440.25,45.0,46.5,1,1,-1,-1
200,14,414.5,439.5,45.25,47.5,1,1,-1,-1
201,14,418.25,441.5,45.5,45.75,1,1,-1,-1
202,14,419.5,445.0,45.5,45.5,1,1,-1,-1
203,14,423.5,448.75,45.25,45.5,1,1,-1,-1
204,14,424.5,452.75,45.25,45.0,1,1,-1,-1
205,14,426.0,457.75,45.25,45.5,1,1,-1,-1
206,14,427.0,460.75,45.5,46.25,1,1,-1,-1
207,14,429.75,463.25,45.25,45.5,1,1,-1,-1
208,14,432.75,463.5,45.25,45.25,1,1,-1,-1
209,14,433.25,463.0,45.0,45.25,1,1,-1,-1
210,14,438.0,462.5,45.5,45.5,1,1,-1,-1
211,14,441.0,464.25,45.5,45.25,1,1,-1,-1
212,14,440.75,464.25,45.25,45.25,1,1,-1,-1
213,14,440.25,464.0,45.25,45.5,1,1,-1,-1
214,14,441.75,462.75,45.5,45.25,1,1,-1,-1
215,14,441.75,462.75,45.25,45.25,1,1,-1,-1
216,14,442.25,462.25,45.25,45.25,1,1,-1,-1
217,14,444.0,462.75,45.25,45.5,1,1,-1,-1
218,14,445.25,464.0,45.25,45.25,1,1,-1,-1
219,14,449.25,464.25,45.5,46.0,1,1,-1,-1
220,14,454.5,464.5,45.5,45.5,1,1,-1,-1
221,14,460.0,464.5,45.75,45.5,1,1,-1,-1
222,14,465.75,463.25,45.5,45.5,1,1,-1,-1
223,14,467.5,464.0,45.5,45.5,1,1,-1,-1
224,14,469.5,462.0,45.5,45.5,1,1,-1,-1
225,14,471.25,460.5,45.5,45.5,1,1,-1,-1
226,14,472.5,459.0,45.75,45.5,1,1,-1,-1
227,14,472.25,458.5,45.5,45.25,1,1,-1,-1
228,14,474.25,455.0,45.0,45.5,1,1,-1,-1
229,14,474.5,450.0,45.25,45.25,1,1,-1,-1
230,14,475.75,448.5,45.25,45.0,1,1,-1,-1
231,14,485.75,450.0,45.25,45.25,1,1,-1,-1
232,14,489.5,445.25,45.25,45.0,1,1,-1,-1
233,14,495.5,441.75,45.25,45.25,1,1,-1,-1
234,14,499.25,440.5,45.25,45.25,1,1,-1,-1
235,14,504.75,435.75,45.0,45.25,1,1,-1,-1
236,14,508.75,432.5,45.0,45.25,1,1,-1,-1
237,14,514.75,431.5,44.75,45.25,1,1,-1,-1
238,14,518.5,431.25,45.0,45.5,1,1,-1,-1
239,14,523.5,432.25,45.75,47.25,1,1,-1,-1
240,14,528.75,434.75,45.5,45.75,1,1,-1,-1
241,14,537.75,434.75,45.25,45.5,1,1,-1,-1
242,14,540.5,434.25,45.0,45.25,1,1,-1,-1
243,14,546.25,431.25,45.0,45.75,1,1,-1,-1
244,14,552.0,428.0,45.0,45.5,1,1,-1,-1
245,14,556.5,425.5,45.25,45.25,1,1,-1,-1
246,14,562.75,421.75,45.25,45.5,1,1,-1,-1
247,14,568.0,416.5,45.25,45.5,1,1,-1,-1
248,14,574.0,409.25,45.0,45.75,1,1,-1,-1
249,14,576.75,402.25,44.75,45.5,1,1,-1,-1
250,14,581.5,397.25,44.75,45.75,1,1,-1,-1
251,14,587.25,391.5,44.75,45.5,1,1,-1,-1
252,14,591.5,386.5,45.25,45.5,1,1,-1,-1
253,14,595.75,380.75,45.25,45.5,1,1,-1,-1
254,14,601.75,375.25,45.0,45.5,1,1,-1,-1
255,14,600.0,376.5,45.25,45.5,1,1,-1,-1
256,14,600.75,377.0,45.25,45.25,1,1,-1,-1
257,14,601.25,376.25,45.25,46.0,1,1,-1,-1
258,14,601.5,376.5,45.5,46.25,1,1,-1,-1
259,14,601.5,376.5,45.25,46.0,1,1,-1,-1
260,14,602.0,376.75,45.25,45.25,1,1,-1,-1
261,14,601.5,376.25,45.25,45.25,1,1,-1,-1
262,14,598.75,375.25,45.25,45.75,1,1,-1,-1
263,14,597.75,373.0,45.25,46.25,1,1,-1,-1
264,14,595.25,369.75,45.0,45.5,1,1,-1,-1
265,14,593.75,366.25,45.0,45.5,1,1,-1,-1
266,14,592.5,359.5,45.0,45.25,1,1,-1,-1
267,14,592.25,355.5,45.0,45.25,1,1,-1,-1
268,14,592.0,345.5,45.25,45.25,1,1,-1,-1
269,14,595.0,341.0,45.0,45.0,1,1,-1,-1
270,14,595.75,338.0,44.75,45.25,1,1,-1,-1
271,14,597.5,336.25,45.0,45.0,1,1,-1,-1
272,14,601.0,332.25,45.0,45.0,1,1,-1,-1
273,14,604.0,325.5,45.0,45.0,1,1,-1,-1
274,14,610.0,325.5,45.25,45.5,1,1,-1,-1
275,14,612.5,325.0,45.25,45.25,1,1,-1,-1
276,14,615.75,322.75,45.25,45.25,1,1,-1,-1
277,14,618.25,320.5,45.25,45.0,1,1,-1,-1
278,14,617.5,316.0,45.5,45.0,1,1,-1,-1
279,14,619.0,313.0,45.5,45.0,1,1,-1,-1
280,14,621.5,312.25,45.25,45.0,1,1,-1,-1
281,14,625.0,310.0,45.25,45.0,1,1,-1,-1
282,14,629.5,309.5,45.25,45.0,1,1,-1,-1
283,14,632.75,309.75,45.25,45.0,1,1,-1,-1
284,14,633.5,309.75,45.5,45.0,1,1,-1,-1
285,14,635.25,308.75,45.25,45.0,1,1,-1,-1
286,14,636.0,308.0,45.5,45.0,1,1,-1,-1
287,14,636.75,307.5,45.0,45.0,1,1,-1,-1
288,14,636.25,307.25,45.25,45.0,1,1,-1,-1
289,14,635.25,306.25,45.25,44.75,1,1,-1,-1
290,14,634.25,303.5,45.25,45.0,1,1,-1,-1
291,14,633.75,301.0,45.25,45.0,1,1,-1,-1
292,14,632.5,298.0,45.5,45.25,1,1,-1,-1
293,14,631.25,291.75,45.25,45.0,1,1,-1,-1
294,14,631.0,287.0,45.5,45.25,1,1,-1,-1
295,14,628.0,282.5,45.5,45.25,1,1,-1,-1
296,14,629.0,279.0,45.25,45.0,1,1,-1,-1
297,14,629.5,278.75,45.25,45.0,1,1,-1,-1
298,14,630.25,277.5,45.25,45.25,1,1,-1,-1
299,14,629.0,278.5,45.25,45.25,1,1,-1,-1
300,14,628.5,278.25,45.25,45.25,1,1,-1,-1
301,14,625.75,280.0,45.25,45.25,1,1,-1,-1
302,14,625.0,280.5,45.0,45.0,1,1,-1,-1
303,14,625.25,279.0,45.0,45.25,1,1,-1,-1
304,14,626.25,279.25,45.0,45.0,1,1,-1,-1
305,14,626.25,278.25,45.0,45.0,1,1,-1,-1
306,14,625.75,278.5,44.75,45.0,1,1,-1,-1
307,14,626.0,279.5,45.0,45.0,1,1,-1,-1
308,14,626.0,280.5,45.0,44.75,1,1,-1,-1
309,14,626.5,280.0,45.0,45.0,1,1,-1,-1
310,14,628.0,282.0,45.0,45.0,1,1,-1,-1
311,14,628.75,283.0,45.0,45.25,1,1,-1,-1
312,14,627.75,284.25,45.0,45.0,1,1,-1,-1
313,14,627.25,284.5,45.0,45.0,1,1,-1,-1
314,14,627.5,283.75,45.0,45.0,1,1,-1,-1
315,14,627.75,283.75,45.0,45.0,1,1,-1,-1
316,14,626.25,288.25,45.25,45.25,1,1,-1,-1
317,14,625.5,288.5,45.25,45.0,1,1,-1,-1
318,14,623.75,286.25,45.0,45.0,1,1,-1,-1
319,14,623.75,285.25,45.0,45.0,1,1,-1,-1
320,14,622.75,279.25,45.0,45.0,1,1,-1,-1
321,14,623.75,276.0,45.0,45.25,1,1,-1,-1
322,14,624.5,269.75,45.25,45.25,1,1,-1,-1
323,14,624.0,266.5,45.5,45.5,1,1,-1,-1
324,14,625.25,260.75,45.0,45.25,1,1,-1,-1
325,14,628.0,254.0,45.25,45.25,1,1,-1,-1
326,14,631.75,247.25,45.25,45.25,1,1,-1,-1
327,14,631.5,244.5,45.25,45.25,1,1,-1,-1
328,14,631.5,236.5,45.25,45.0,1,1,-1,-1
329,14,630.25,233.5,45.25,45.0,1,1,-1,-1
330,14,625.0,230.75,45.0,45.0,1,1,-1,-1
331,14,625.0,230.5,45.0,45.0,1,1,-1,-1
332,14,623.25,231.0,45.0,45.0,1,1,-1,-1
333,14,623.0,231.25,45.0,45.0,1,1,-1,-1
334,14,621.0,233.0,45.0,45.25,1,1,-1,-1
335,14,618.5,234.75,45.0,45.25,1,1,-1,-1
336,14,614.5,234.0,45.0,45.0,1,1,-1,-1
337,14,611.75,234.25,44.75,45.0,1,1,-1,-1
338,14,610.25,232.25,44.75,45.25,1,1,-1,-1
339,14,606.0,232.0,44.75,45.0,1,1,-1,-1
340,14,604.0,231.75,44.75,45.0,1,1,-1,-1
341,14,600.75,232.0,45.0,45.25,1,1,-1,-1
342,14,598.25,233.5,45.0,45.25,1,1,-1,-1
343,14,600.0,230.5,45.0,45.25,1,1,-1,-1
344,14,599.25,230.0,45.0,45.0,1,1,-1,-1
345,14,596.5,227.0,44.75,45.25,1,1,-1,-1
346,14,595.0,226.25,45.0,45.25,1,1,-1,-1
347,14,594.0,224.5,44.75,45.25,1,1,-1,-1
348,14,593.0,222.25,44.75,45.25,1,1,-1,-1
349,14,593.25,220.5,44.75,45.25,1,1,-1,-1
350,14,592.5,217.75,45.0,45.0,1,1,-1,-1
351,14,591.5,214.75,45.0,45.0,1,1,-1,-1
352,14,591.75,210.5,45.0,45.25,1,1,-1,-1
353,14,592.5,205.25,45.25,45.25,1,1,-1,-1
354,14,593.75,202.0,45.0,45.25,1,1,-1,-1
355,14,594.0,202.75,45.0,45.25,1,1,-1,-1
356,14,591.5,202.5,45.0,45.25,1,1,-1,-1
357,14,591.0,202.75,45.0,45.0,1,1,-1,-1
358,14,590.55,202.438,45.0,45.0,1,1,-1,-1
359,14,589.828,202.303,45.0,45.0,1,1,-1,-1
360,14,589.107,202.168,45.0,45.0,1,1,-1,-1
361,14,591.0,210.0,45.25,45.25,1,1,-1,-1
362,14,588.5,215.25,45.0,45.25,1,1,-1,-1
363,14,591.0,221.5,45.0,45.25,1,1,-1,-1
364,14,591.5,222.75,44.75,45.25,1,1,-1,-1
365,14,591.25,223.25,45.0,45.25,1,1,-1,-1
366,14,590.75,223.0,45.0,45.25,1,1,-1,-1
367,14,590.75,224.5,45.0,45.25,1,1,-1,-1
368,14,591.25,225.25,44.75,45.25,1,1,-1,-1
369,14,590.75,226.75,45.0,45.25,1,1,-1,-1
370,14,590.0,228.5,44.75,45.0,1,1,-1,-1
371,14,587.0,231.25,44.75,45.25,1,1,-1,-1
372,14,584.5,231.0,44.75,45.25,1,1,-1,-1
373,14,581.25,232.25,44.75,45.0,1,1,-1,-1
374,14,582.25,233.25,44.75,45.0,1,1,-1,-1
375,14,583.0,235.25,44.75,45.0,1,1,-1,-1
376,14,582.5,236.75,45.0,45.25,1,1,-1,-1
377,14,583.25,238.25,44.75,45.25,1,1,-1,-1
378,14,583.25,238.75,44.75,45.25,1,1,-1,-1
379,14,582.5,238.0,44.75,45.25,1,1,-1,-1
380,14,581.75,239.5,44.75,45.25,1,1,-1,-1
381,14,580.75,239.0,45.0,45.0,1,1,-1,-1
382,14,580.25,240.5,44.75,45.0,1,1,-1,-1
383,14,579.5,241.25,45.0,45.25,1,1,-1,-1
384,14,579.5,243.75,45.0,45.0,1,1,-1,-1
385,14,580.0,245.75,45.0,45.25,1,1,-1,-1
386,14,578.0,247.5,45.25,45.0,1,1,-1,-1
387,14,577.75,247.5,45.0,45.25,1,1,-1,-1
388,14,578.75,249.25,45.0,45.25,1,1,-1,-1
389,14,582.5,252.0,44.75,45.25,1,1,-1,-1
390,14,577.25,259.0,45.0,45.25,1,1,-1,-1
391,14,578.25,263.25,45.0,45.25,1,1,-1,-1
392,14,579.0,266.25,45.0,45.25,1,1,-1,-1
393,14,580.5,269.5,45.0,45.25,1,1,-1,-1
394,14,584.25,276.25,44.75,45.0,1,1,-1,-1
395,14,585.5,282.75,45.0,45.25,1,1,-1,-1
396,14,585.5,288.25,45.25,45.5,1,1,-1,-1
397,14,583.5,294.0,45.25,46.0,1,1,-1,-1
398,14,582.5,299.25,45.25,45.0,1,1,-1,-1
399,14,581.25,309.0,45.25,45.25,1,1,-1,-1
400,14,581.5,317.75,45.25,45.25,1,1,-1,-1
401,14,582.25,327.25,45.0,45.0,1,1,-1,-1
402,14,584.5,338.5,45.0,45.0,1,1,-1,-1
403,14,585.75,344.25,45.0,45.25,1,1,-1,-1
404,14,586.5,353.25,45.0,45.25,1,1,-1,-1
405,14,588.0,352.5,45.0,45.25,1,1,-1,-1
406,14,590.0,352.5,45.0,45.0,1,1,-1,-1
407,14,594.25,355.5,45.0,45.25,1,1,-1,-1
408,14,597.5,356.75,45.0,45.25,1,1,-1,-1
409,14,598.0,356.75,44.75,45.25,1,1,-1,-1
410,14,597.75,357.0,44.75,45.0,1,1,-1,-1
411,14,597.75,356.75,44.75,45.0,1,1,-1,-1
412,14,595.75,357.0,44.75,45.0,1,1,-1,-1
413,14,593.5,359.0,44.75,45.0,1,1,-1,-1
414,14,590.25,357.5,45.0,45.25,1,1,-1,-1
415,14,589.5,358.5,45.0,45.0,1,1,-1,-1
416,14,588.5,360.25,45.0,45.0,1,1,-1,-1
417,14,585.75,360.5,45.0,45.0,1,1,-1,-1
418,14,581.5,364.0,45.0,45.25,1,1,-1,-1
419,14,575.75,368.5,45.25,45.5,1,1,-1,-1
420,14,572.0,375.0,45.0,45.25,1,1,-1,-1
421,14,568.75,380.0,45.0,45.75,1,1,-1,-1
422,14,566.0,387.75,45.25,45.25,1,1,-1,-1
423,14,564.25,393.5,45.0,45.5,1,1,-1,-1
424,14,563.5,402.0,45.25,46.5,1,1,-1,-1
425,14,562.75,412.25,45.5,46.5,1,1,-1,-1
426,14,561.5,417.5,45.5,47.0,1,1,-1,-1
427,14,558.75,418.75,45.25,46.0,1,1,-1,-1
428,14,556.75,418.75,45.25,46.75,1,1,-1,-1
429,14,554.75,419.25,45.25,46.25,1,1,-1,-1
430,14,552.25,419.75,45.0,45.5,1,1,-1,-1
431,14,547.75,419.25,44.75,45.25,1,1,-1,-1
432,14,544.0,419.0,45.0,45.5,1,1,-1,-1
433,14,537.75,420.5,45.25,45.5,1,1,-1,-1
434,14,532.5,421.5,45.25,45.5,1,1,-1,-1
435,14,527.0,422.25,45.25,45.5,1,1,-1,-1
436,14,521.25,423.75,45.25,45.5,1,1,-1,-1
437,14,512.5,425.75,45.25,45.25,1,1,-1,-1
438,14,512.0,425.5,45.25,45.5,1,1,-1,-1
439,14,511.5,427.25,45.25,46.5,1,1,-1,-1
440,14,508.75,431.75,45.25,45.25,1,1,-1,-1
441,14,508.0,434.25,45.25,46.75,1,1,-1,-1
442,14,508.5,439.25,45.0,45.25,1,1,-1,-1
443,14,506.0,446.25,45.0,45.5,1,1,-1,-1
444,14,501.5,449.75,45.25,46.5,1,1,-1,-1
445,14,496.0,457.0,45.25,45.25,1,1,-1,-1
446,14,491.5,457.5,45.25,45.5,1,1,-1,-1
447,14,488.25,456.75,45.25,45.5,1,1,-1,-1
448,14,484.25,457.5,45.25,45.25,1,1,-1,-1
449,14,478.0,457.0,45.25,46.25,1,1,-1,-1
450,14,470.25,459.5,45.5,47.0,1,1,-1,-1
451,14,460.5,461.75,45.5,46.25,1,1,-1,-1
452,14,454.25,464.25,45.25,45.5,1,1,-1,-1
453,14,445.75,466.75,45.0,45.25,1,1,-1,-1
454,14,437.25,468.75,45.0,45.25,1,1,-1,-1
455,14,432.25,466.75,45.0,45.25,1,1,-1,-1
456,14,428.0,464.75,45.0,45.25,1,1,-1,-1
457,14,421.25,463.75,45.0,45.25,1,1,-1,-1
458,14,415.0,463.0,45.0,45.25,1,1,-1,-1
459,14,409.0,461.0,45.0,45.0,1,1,-1,-1
460,14,400.25,460.0,45.0,45.25,1,1,-1,-1
461,14,388.0,460.25,45.0,45.5,1,1,-1,-1
462,14,382.75,461.75,45.0,45.5,1,1,-1,-1
463,14,374.25,461.75,45.25,46.0,1,1,-1,-1
464,14,367.75,460.25,45.25,45.5,1,1,-1,-1
465,14,363.25,458.25,45.25,45.75,1,1,-1,-1
466,14,358.5,453.75,45.0,45.5,1,1,-1,-1
467,14,356.5,449.5,45.0,45.5,1,1,-1,-1
468,14,350.5,446.5,45.25,46.75,1,1,-1,-1
469,14,343.25,444.75,45.0,45.5,1,1,-1,-1
470,14,332.75,443.25,45.0,45.75,1,1,-1,-1
471,14,323.5,437.0,45.5,48.0,1,1,-1,-1
472,14,315.25,435.5,46.0,48.5,1,1,-1,-1
473,14,307.5,434.75,45.25,47.5,1,1,-1,-1
474,14,301.5,430.5,45.0,46.75,1,1,-1,-1
475,14,299.5,426.5,45.25,46.5,1,1,-1,-1
476,14,296.75,420.75,45.5,46.25,1,1,-1,-1
477,14,291.5,419.25,45.5,46.25,1,1,-1,-1
478,14,287.75,415.0,45.25,46.0,1,1,-1,-1
479,14,281.25,407.75,46.25,48.25,1,1,-1,-1
480,14,274.0,404.5,44.75,46.25,1,1,-1,-1
481,14,263.75,397.0,45.25,47.5,1,1,-1,-1
482,14,258.25,393.25,44.75,46.25,1,1,-1,-1
483,14,263.0,400.5,44.75,45.25,1,1,-1,-1
484,14,245.75,384.25,45.25,47.0,1,1,-1,-1
485,14,246.0,379.25,45.25,46.0,1,1,-1,-1
486,14,245.75,376.75,45.25,46.5,1,1,-1,-1
487,14,245.5,376.0,45.25,46.75,1,1,-1,-1
488,14,245.25,376.75,45.25,46.25,1,1,-1,-1
489,14,244.75,377.5,45.0,45.75,1,1,-1,-1
490,14,244.75,380.25,45.0,45.75,1,1,-1,-1
491,14,246.5,382.5,45.25,46.25,1,1,-1,-1
492,14,245.0,381.75,45.0,46.75,1,1,-1,-1
493,14,244.75,382.0,45.25,46.5,1,1,-1,-1
494,14,244.0,381.0,45.0,45.5,1,1,-1,-1
495,14,243.5,378.5,45.0,45.5,1,1,-1,-1
496,14,243.25,377.5,45.0,45.5,1,1,-1,-1
497,14,242.75,377.25,45.0,46.0,1,1,-1,-1
498,14,241.75,376.5,45.0,46.5,1,1,-1,-1
499,14,241.0,375.75,45.25,46.75,1,1,-1,-1
500,14,241.75,375.25,45.0,46.75,1,1,-1,-1
1,15,441.25,189.5,45.0,45.0,1,1,-1,-1
2,15,441.0,190.25,45.0,45.0,1,1,-1,-1
3,15,440.75,190.25,45.0,45.0,1,1,-1,-1
4,15,440.0,189.75,45.25,45.0,1,1,-1,-1
5,15,440.5,190.0,45.25,45.0,1,1,-1,-1
6,15,440.25,189.0,45.0,45.0,1,1,-1,-1
7,15,440.75,187.5,45.0,45.0,1,1,-1,-1
8,15,441.0,186.5,45.25,45.0,1,1,-1,-1
9,15,440.25,186.75,45.25,45.0,1,1,-1,-1
10,15,440.75,185.5,45.25,45.25,1,1,-1,-1
11,15,440.5,185.25,45.25,45.0,1,1,-1,-1
12,15,441.5,185.5,45.25,45.25,1,1,-1,-1
13,15,439.5,186.75,45.25,45.0,1,1,-1,-1
14,15,441.5,187.5,45.25,44.75,1,1,-1,-1
15,15,433.5,194.75,45.25,45.0,1,1,-1,-1
16,15,441.25,188.5,45.5,44.75,1,1,-1,-1
17,15,440.5,186.5,45.5,45.5,1,1,-1,-1
18,15,441.0,187.75,45.25,45.25,1,1,-1,-1
19,15,439.25,182.0,45.5,45.75,1,1,-1,-1
20,15,439.75,185.75,45.5,45.5,1,1,-1,-1
21,15,442.25,187.25,45.0,45.0,1,1,-1,-1
22,15,441.5,187.0,45.25,45.0,1,1,-1,-1
23,15,441.5,187.0,45.25,45.0,1,1,-1,-1
24,15,440.75,186.75,45.0,45.0,1,1,-1,-1
25,15,441.0,186.75,45.25,45.0,1,1,-1,-1
26,15,440.5,187.25,45.0,45.0,1,1,-1,-1
27,15,441.25,187.0,45.25,45.0,1,1,-1,-1
28,15,440.5,186.25,45.25,45.0,1,1,-1,-1
29,15,441.5,186.75,45.25,44.75,1,1,-1,-1
30,15,441.75,187.0,45.0,44.75,1,1,-1,-1
31,15,441.5,186.75,45.25,45.5,1,1,-1,-1
32,15,442.0,186.75,45.0,45.0,1,1,-1,-1
33,15,442.0,186.5,45.25,45.0,1,1,-1,-1
34,15,442.0,186.75,45.0,45.0,1,1,-1,-1
35,15,441.75,186.5,45.25,45.5,1,1,-1,-1
36,15,442.0,186.25,45.25,45.5,1,1,-1,-1
37,15,442.25,186.25,45.0,45.0,1,1,-1,-1
38,15,442.75,186.25,45.25,45.0,1,1,-1,-1
39,15,442.5,186.25,45.25,45.0,1,1,-1,-1
40,15,442.25,186.5,45.0,45.0,1,1,-1,-1
41,15,442.5,186.75,45.25,45.0,1,1,-1,-1
42,15,442.75,187.0,45.0,45.0,1,1,-1,-1
43,15,442.75,187.0,45.25,45.0,1,1,-1,-1
44,15,443.0,187.25,45.0,45.0,1,1,-1,-1
45,15,443.0,187.0,45.25,45.0,1,1,-1,-1
46,15,442.75,186.25,45.25,45.0,1,1,-1,-1
47,15,443.5,186.5,45.25,45.0,1,1,-1,-1
48,15,443.75,185.75,45.0,45.0,1,1,-1,-1
49,15,443.5,186.5,45.0,45.0,1,1,-1,-1
50,15,443.0,186.5,45.25,45.0,1,1,-1,-1
51,15,443.0,187.0,45.25,45.0,1,1,-1,-1
52,15,443.25,186.25,45.25,45.25,1,1,-1,-1
53,15,442.75,187.5,45.25,45.0,1,1,-1,-1
54,15,442.5,186.25,45.25,45.0,1,1,-1,-1
55,15,443.0,185.75,45.5,46.5,1,1,-1,-1
56,15,443.75,186.0,45.5,46.0,1,1,-1,-1
57,15,444.5,186.5,45.5,45.5,1,1,-1,-1
58,15,444.25,187.0,45.25,45.5,1,1,-1,-1
59,15,444.5,186.5,45.5,46.25,1,1,-1,-1
60,15,445.0,186.25,45.25,45.75,1,1,-1,-1
61,15,444.5,187.0,45.5,45.5,1,1,-1,-1
62,15,445.0,187.5,45.25,44.75,1,1,-1,-1
63,15,445.0,187.25,45.25,45.0,1,1,-1,-1
64,15,445.25,187.5,45.25,45.0,1,1,-1,-1
65,15,446.0,187.25,45.25,45.25,1,1,-1,-1
66,15,446.25,187.5,44.75,44.75,1,1,-1,-1
67,15,445.75,188.25,45.25,44.75,1,1,-1,-1
68,15,446.25,188.0,45.0,45.0,1,1,-1,-1
69,15,446.25,188.0,45.25,44.75,1,1,-1,-1
70,15,446.25,188.0,45.0,44.75,1,1,-1,-1
71,15,446.25,188.25,45.0,44.5,1,1,-1,-1
72,15,446.25,188.0,45.0,44.5,1,1,-1,-1
73,15,447.5,187.75,45.0,44.75,1,1,-1,-1
74,15,447.0,188.25,45.25,44.75,1,1,-1,-1
75,15,448.25,187.0,45.0,44.75,1,1,-1,-1
76,15,448.25,187.25,45.0,44.5,1,1,-1,-1
77,15,448.5,186.75,45.0,44.75,1,1,-1,-1
78,15,449.0,186.75,45.0,44.75,1,1,-1,-1
79,15,449.75,185.5,45.0,44.75,1,1,-1,-1
80,15,450.25,185.25,45.0,44.75,1,1,-1,-1
81,15,449.5,184.75,45.0,44.75,1,1,-1,-1
82,15,448.25,184.5,45.0,44.75,1,1,-1,-1
83,15,448.0,185.5,45.0,44.75,1,1,-1,-1
84,15,448.25,186.75,45.0,44.75,1,1,-1,-1
85,15,448.0,186.25,45.0,44.75,1,1,-1,-1
86,15,447.75,185.75,45.0,44.75,1,1,-1,-1
87,15,447.75,186.25,45.0,44.75,1,1,-1,-1
88,15,447.25,186.5,45.0,44.75,1,1,-1,-1
89,15,447.5,186.0,45.25,45.0,1,1,-1,-1
90,15,447.75,186.5,45.25,45.0,1,1,-1,-1
91,15,447.75,186.25,45.25,45.0,1,1,-1,-1
92,15,447.75,186.75,45.25,45.0,1,1,-1,-1
93,15,447.75,185.75,45.25,44.75,1,1,-1,-1
94,15,448.0,185.75,45.0,45.0,1,1,-1,-1
95,15,448.0,186.0,45.0,45.0,1,1,-1,-1
96,15,448.25,185.0,45.25,45.0,1,1,-1,-1
97,15,448.25,185.0,45.25,45.0,1,1,-1,-1
98,15,447.75,184.75,45.0,45.0,1,1,-1,-1
99,15,447.75,183.75,45.0,45.0,1,1,-1,-1
100,15,447.25,183.75,45.0,45.0,1,1,-1,-1
101,15,447.0,183.75,45.25,45.0,1,1,-1,-1
102,15,446.5,183.75,45.0,45.0,1,1,-1,-1
103,15,446.75,183.75,45.0,44.75,1,1,-1,-1
104,15,446.25,184.0,45.0,45.0,1,1,-1,-1
105,15,446.25,184.0,45.0,45.0,1,1,-1,-1
106,15,446.75,184.25,44.75,44.75,1,1,-1,-1
107,15,446.0,184.25,45.0,45.0,1,1,-1,-1
108,15,446.0,184.0,44.75,45.0,1,1,-1,-1
109,15,446.0,184.5,45.0,45.0,1,1,-1,-1
110,15,446.0,184.5,45.0,45.0,1,1,-1,-1
111,15,446.25,184.5,45.0,45.0,1,1,-1,-1
112,15,445.75,184.75,45.0,45.0,1,1,-1,-1
113,15,445.25,184.5,45.0,45.0,1,1,-1,-1
114,15,445.0,184.5,45.0,45.0,1,1,-1,-1
115,15,444.5,184.75,45.25,45.0,1,1,-1,-1
116,15,444.25,185.0,45.0,45.0,1,1,-1,-1
117,15,444.0,185.0,45.25,45.0,1,1,-1,-1
118,15,443.5,185.5,45.25,45.0,1,1,-1,-1
119,15,443.5,186.0,44.75,44.75,1,1,-1,-1
120,15,444.25,186.0,45.25,45.0,1,1,-1,-1
121,15,444.75,188.25,45.25,45.0,1,1,-1,-1
122,15,442.25,192.25,45.25,45.0,1,1,-1,-1
123,15,439.5,194.5,45.25,45.0,1,1,-1,-1
124,15,442.0,195.75,45.0,45.0,1,1,-1,-1
125,15,441.75,199.0,45.25,45.0,1,1,-1,-1
126,15,442.0,200.25,45.0,45.0,1,1,-1,-1
127,15,441.75,200.75,45.0,45.0,1,1,-1,-1
128,15,441.5,201.5,45.25,45.0,1,1,-1,-1
129,15,441.25,202.25,45.25,45.0,1,1,-1,-1
130,15,441.0,203.0,45.25,45.0,1,1,-1,-1
131,15,440.5,203.0,45.0,44.75,1,1,-1,-1
132,15,440.75,204.25,45.0,45.0,1,1,-1,-1
133,15,440.25,204.25,45.25,45.25,1,1,-1,-1
134,15,440.25,204.25,45.25,45.0,1,1,-1,-1
135,15,440.0,204.0,45.5,45.25,1,1,-1,-1
136,15,440.25,204.75,45.5,45.25,1,1,-1,-1
137,15,440.5,205.0,45.25,45.0,1,1,-1,-1
138,15,439.5,205.0,45.5,45.75,1,1,-1,-1
139,15,439.5,204.5,45.5,46.0,1,1,-1,-1
140,15,439.75,205.0,45.5,45.75,1,1,-1,-1
141,15,440.0,204.5,45.5,46.25,1,1,-1,-1
142,15,439.75,203.5,45.75,47.0,1,1,-1,-1
143,15,439.75,203.5,45.75,47.0,1,1,-1,-1
144,15,440.25,204.0,45.5,45.25,1,1,-1,-1
145,15,439.25,204.0,45.25,45.75,1,1,-1,-1
146,15,439.0,203.25,45.5,46.25,1,1,-1,-1
147,15,438.25,203.5,45.5,46.0,1,1,-1,-1
148,15,436.25,203.5,45.25,45.25,1,1,-1,-1
149,15,435.0,203.5,45.25,45.25,1,1,-1,-1
150,15,433.5,203.75,45.25,45.0,1,1,-1,-1
151,15,432.25,203.75,45.5,45.5,1,1,-1,-1
152,15,429.25,204.0,45.5,46.0,1,1,-1,-1
153,15,425.0,205.25,45.75,45.25,1,1,-1,-1
154,15,421.0,209.0,45.25,45.25,1,1,-1,-1
155,15,415.5,213.0,45.5,45.25,1,1,-1,-1
156,15,409.75,216.5,45.25,45.25,1,1,-1,-1
157,15,404.0,224.5,45.0,45.5,1,1,-1,-1
158,15,404.0,226.0,45.0,45.25,1,1,-1,-1
159,15,405.5,227.75,45.0,45.5,1,1,-1,-1
160,15,407.5,229.75,45.0,45.25,1,1,-1,-1
161,15,409.0,232.0,45.0,45.0,1,1,-1,-1
162,15,409.75,235.25,45.0,45.25,1,1,-1,-1
163,15,409.0,235.0,44.75,45.0,1,1,-1,-1
164,15,407.25,233.25,45.0,45.0,1,1,-1,-1
165,15,404.75,230.75,45.0,45.25,1,1,-1,-1
166,15,400.25,229.0,45.25,45.5,1,1,-1,-1
167,15,393.25,226.75,45.5,47.25,1,1,-1,-1
168,15,389.0,223.5,45.5,46.5,1,1,-1,-1
169,15,381.75,219.0,45.0,45.25,1,1,-1,-1
170,15,374.25,215.0,45.5,46.0,1,1,-1,-1
171,15,364.5,212.25,45.5,45.5,1,1,-1,-1
172,15,356.25,205.25,45.5,45.25,1,1,-1,-1
173,15,355.25,205.25,45.5,45.5,1,1,-1,-1
174,15,355.0,206.75,45.5,45.0,1,1,-1,-1
175,15,354.0,207.25,45.5,45.25,1,1,-1,-1
176,15,353.25,208.25,45.5,45.25,1,1,-1,-1
177,15,346.5,208.75,45.5,45.25,1,1,-1,-1
178,15,343.0,208.75,45.5,45.25,1,1,-1,-1
179,15,337.25,209.0,45.5,45.25,1,1,-1,-1
180,15,331.75,211.25,45.5,45.25,1,1,-1,-1
181,15,325.0,212.25,45.25,45.25,1,1,-1,-1
182,15,317.5,210.0,45.75,46.25,1,1,-1,-1
183,15,308.25,206.75,45.5,45.5,1,1,-1,-1
184,15,296.75,203.25,46.5,47.25,1,1,-1,-1
185,15,291.75,201.25,45.25,45.25,1,1,-1,-1
186,15,290.0,199.25,45.5,46.5,1,1,-1,-1
187,15,289.75,198.0,45.25,45.5,1,1,-1,-1
188,15,291.25,195.75,45.25,45.25,1,1,-1,-1
189,15,290.25,192.5,45.25,45.25,1,1,-1,-1
190,15,290.25,189.25,45.5,45.25,1,1,-1,-1
191,15,289.75,184.5,45.25,45.5,1,1,-1,-1
192,15,290.75,182.0,45.5,45.5,1,1,-1,-1
193,15,290.75,180.75,45.5,45.5,1,1,-1,-1
194,15,290.0,177.0,45.5,45.5,1,1,-1,-1
195,15,288.25,172.25,45.5,45.5,1,1,-1,-1
196,15,289.75,166.75,45.75,45.5,1,1,-1,-1
197,15,290.0,162.0,45.5,45.5,1,1,-1,-1
198,15,289.5,154.75,45.5,45.25,1,1,-1,-1
199,15,290.0,151.5,45.5,45.25,1,1,-1,-1
200,15,293.5,148.5,45.25,45.5,1,1,-1,-1
201,15,294.5,148.0,45.25,45.25,1,1,-1,-1
202,15,295.75,145.75,45.25,45.25,1,1,-1,-1
203,15,296.0,140.0,45.25,45.25,1,1,-1,-1
204,15,294.25,136.5,45.0,45.25,1,1,-1,-1
205,15,292.0,135.75,45.0,45.0,1,1,-1,-1
206,15,289.25,140.5,45.25,45.0,1,1,-1,-1
207,15,288.857,141.294,45.25,45.0,1,1,-1,-1
208,15,292.5,143.5,46.0,45.25,1,1,-1,-1
209,15,285.438,144.098,46.0,45.25,1,1,-1,-1
210,15,291.5,143.25,45.75,45.25,1,1,-1,-1
211,15,292.5,142.5,45.5,45.0,1,1,-1,-1
212,15,295.5,145.75,45.75,45.25,1,1,-1,-1
213,15,295.955,148.071,45.75,45.25,1,1,-1,-1
214,15,290.5,140.5,45.0,45.0,1,1,-1,-1
215,15,292.5,142.5,45.0,45.0,1,1,-1,-1
216,15,284.5,143.75,45.25,45.0,1,1,-1,-1
217,15,283.5,143.75,45.25,45.25,1,1,-1,-1
218,15,277.841,145.295,45.25,45.25,1,1,-1,-1
219,15,273.25,140.75,45.0,45.25,1,1,-1,-1
220,15,270.5,140.75,45.25,45.25,1,1,-1,-1
221,15,271.5,142.25,45.25,45.25,1,1,-1,-1
222,15,271.25,143.75,45.0,45.0,1,1,-1,-1
223,15,271.5,144.75,45.25,45.25,1,1,-1,-1
224,15,270.0,148.0,45.25,46.5,1,1,-1,-1
225,15,269.5,153.75,45.25,46.0,1,1,-1,-1
226,15,268.75,159.0,45.25,45.5,1,1,-1,-1
227,15,264.25,164.5,45.25,45.5,1,1,-1,-1
228,15,260.75,167.5,45.25,45.25,1,1,-1,-1
229,15,259.25,169.5,45.25,45.25,1,1,-1,-1
230,15,256.25,170.5,45.5,45.5,1,1,-1,-1
231,15,256.5,172.0,45.25,45.25,1,1,-1,-1
232,15,256.25,174.25,45.25,45.5,1,1,-1,-1
233,15,260.25,177.0,45.25,45.5,1,1,-1,-1
234,15,261.75,177.25,45.0,45.5,1,1,-1,-1
235,15,263.0,183.25,45.0,45.5,1,1,-1,-1
236,15,264.75,185.75,45.0,45.25,1,1,-1,-1
237,15,270.5,182.5,45.0,45.0,1,1,-1,-1
238,15,270.5,182.5,45.0,45.0,1,1,-1,-1
239,15,278.25,188.0,45.0,45.5,1,1,-1,-1
240,15,286.75,191.75,45.25,45.75,1,1,-1,-1
241,15,289.25,195.5,45.25,45.5,1,1,-1,-1
242,15,292.75,201.25,45.0,45.25,1,1,-1,-1
243,15,297.25,201.5,45.0,45.75,1,1,-1,-1
244,15,301.0,204.25,45.25,45.25,1,1,-1,-1
245,15,304.75,206.25,45.25,45.0,1,1,-1,-1
246,15,308.25,209.0,45.5,45.25,1,1,-1,-1
247,15,313.25,212.0,45.25,45.25,1,1,-1,-1
248,15,314.5,211.25,45.25,45.25,1,1,-1,-1
249,15,314.0,208.0,45.5,45.25,1,1,-1,-1
250,15,318.5,211.0,45.5,45.25,1,1,-1,-1
251,15,320.75,211.75,45.5,45.0,1,1,-1,-1
252,15,324.0,211.75,45.25,45.5,1,1,-1,-1
253,15,324.75,211.0,45.5,45.5,1,1,-1,-1
254,15,325.5,211.75,45.25,45.5,1,1,-1,-1
255,15,325.25,212.75,45.25,45.25,1,1,-1,-1
256,15,324.75,217.5,45.25,45.25,1,1,-1,-1
257,15,321.75,218.75,45.25,46.0,1,1,-1,-1
258,15,320.75,223.25,45.25,45.25,1,1,-1,-1
259,15,319.5,226.75,45.25,45.75,1,1,-1,-1
260,15,316.5,229.25,45.5,45.5,1,1,-1,-1
261,15,312.5,235.25,45.5,45.25,1,1,-1,-1
262,15,307.75,242.5,45.5,45.5,1,1,-1,-1
263,15,302.5,245.0,45.25,45.25,1,1,-1,-1
264,15,295.75,252.5,45.25,45.5,1,1,-1,-1
265,15,290.0,259.75,45.25,45.5,1,1,-1,-1
266,15,287.0,262.25,45.25,45.5,1,1,-1,-1
267,15,286.5,261.75,45.0,45.5,1,1,-1,-1
268,15,285.5,261.75,45.0,45.5,1,1,-1,-1
269,15,283.75,263.25,45.0,45.5,1,1,-1,-1
270,15,282.089,264.346,45.0,45.5,1,1,-1,-1
271,15,276.75,269.75,45.0,45.5,1,1,-1,-1
272,15,276.5,272.75,45.25,45.25,1,1,-1,-1
273,15,281.5,268.5,45.0,45.0,1,1,-1,-1
274,15,281.5,268.5,45.0,45.0,1,1,-1,-1
275,15,281.5,268.5,45.0,45.0,1,1,-1,-1
276,15,281.5,268.5,45.0,45.0,1,1,-1,-1
277,15,275.5,275.5,45.0,45.0,1,1,-1,-1
278,15,275.5,275.5,45.0,45.0,1,1,-1,-1
279,15,271.5,280.5,45.0,45.0,1,1,-1,-1
280,15,271.5,280.5,45.0,45.0,1,1,-1,-1
281,15,268.0,282.75,45.25,45.0,1,1,-1,-1
282,15,263.75,283.75,45.25,45.25,1,1,-1,-1
283,15,257.75,282.5,45.25,45.25,1,1,-1,-1
284,15,260.25,291.5,45.75,45.5,1,1,-1,-1
285,15,259.898,296.559,45.75,45.5,1,1,-1,-1
286,15,258.75,300.5,45.0,45.25,1,1,-1,-1
287,15,255.5,300.0,45.0,45.25,1,1,-1,-1
288,15,254.5,302.0,45.0,45.25,1,1,-1,-1
289,15,253.75,301.75,45.0,45.25,1,1,-1,-1
290,15,253.5,304.0,45.25,45.25,1,1,-1,-1
291,15,254.5,305.0,45.0,45.25,1,1,-1,-1
292,15,252.25,308.25,45.5,45.5,1,1,-1,-1
293,15,255.0,311.25,45.0,45.25,1,1,-1,-1
294,15,252.25,314.0,45.5,45.75,1,1,-1,-1
295,15,249.25,320.0,45.5,45.5,1,1,-1,-1
296,15,248.0,326.5,45.5,46.75,1,1,-1,-1
297,15,247.25,330.5,45.25,45.5,1,1,-1,-1
298,15,248.25,334.5,45.25,45.5,1,1,-1,-1
299,15,249.75,335.75,45.25,47.0,1,1,-1,-1
300,15,248.75,336.75,45.25,45.75,1,1,-1,-1
301,15,250.5,337.25,45.25,45.5,1,1,-1,-1
302,15,250.5,337.25,44.75,45.5,1,1,-1,-1
303,15,251.0,337.25,45.0,45.5,1,1,-1,-1
304,15,252.0,336.5,45.0,45.5,1,1,-1,-1
305,15,255.25,336.75,45.0,45.25,1,1,-1,-1
306,15,257.25,338.75,45.0,45.25,1,1,-1,-1
307,15,258.75,338.5,44.75,45.25,1,1,-1,-1
308,15,258.5,339.0,44.75,45.25,1,1,-1,-1
309,15,261.5,339.0,44.75,45.25,1,1,-1,-1
310,15,261.25,340.0,44.5,45.25,1,1,-1,-1
311,15,262.25,340.0,44.75,45.5,1,1,-1,-1
312,15,262.0,341.0,44.75,45.25,1,1,-1,-1
313,15,259.0,342.25,44.75,45.5,1,1,-1,-1
314,15,255.5,343.75,45.0,45.5,1,1,-1,-1
315,15,253.75,338.5,45.0,45.5,1,1,-1,-1
316,15,253.25,335.0,45.25,45.5,1,1,-1,-1
317,15,253.5,331.25,45.25,45.5,1,1,-1,-1
318,15,253.0,326.25,45.5,45.5,1,1,-1,-1
319,15,252.75,322.5,45.25,45.75,1,1,-1,-1
320,15,252.0,319.0,45.25,45.75,1,1,-1,-1
321,15,250.75,314.25,45.5,46.25,1,1,-1,-1
322,15,249.75,311.25,45.5,45.5,1,1,-1,-1
323,15,248.75,307.75,45.75,46.0,1,1,-1,-1
324,15,246.75,305.25,45.75,46.25,1,1,-1,-1
325,15,245.5,301.0,45.75,46.5,1,1,-1,-1
326,15,243.937,297.434,45.75,46.5,1,1,-1,-1
327,15,242.425,293.81,45.75,46.5,1,1,-1,-1
328,15,245.5,298.5,45.0,45.0,1,1,-1,-1
329,15,245.5,298.5,45.0,45.0,1,1,-1,-1
330,15,245.5,298.5,45.0,45.0,1,1,-1,-1
331,15,239.75,297.0,45.5,45.25,1,1,-1,-1
332,15,240.0,297.25,45.5,45.25,1,1,-1,-1
333,15,243.5,294.5,45.0,45.0,1,1,-1,-1
334,15,243.5,294.5,45.0,45.0,1,1,-1,-1
335,15,244.5,294.75,45.25,45.25,1,1,-1,-1
336,15,241.0,295.75,45.25,45.25,1,1,-1,-1
337,15,241.5,293.5,45.5,45.5,1,1,-1,-1
338,15,246.5,289.5,45.0,45.0,1,1,-1,-1
339,15,246.5,289.5,45.0,45.0,1,1,-1,-1
340,15,241.5,282.5,45.0,45.0,1,1,-1,-1
341,15,244.5,282.5,45.0,45.0,1,1,-1,-1
342,15,238.75,279.0,45.0,45.25,1,1,-1,-1
343,15,238.0,277.25,45.0,45.25,1,1,-1,-1
344,15,236.75,273.75,45.0,45.25,1,1,-1,-1
345,15,234.5,271.0,45.25,45.25,1,1,-1,-1
346,15,232.75,268.0,45.0,45.25,1,1,-1,-1
347,15,232.0,264.25,45.0,45.25,1,1,-1,-1
348,15,233.75,261.75,45.0,45.25,1,1,-1,-1
349,15,231.25,257.25,45.25,45.25,1,1,-1,-1
350,15,229.5,254.25,45.25,45.25,1,1,-1,-1
351,15,228.75,253.25,45.25,45.5,1,1,-1,-1
352,15,226.25,249.25,45.25,45.25,1,1,-1,-1
353,15,222.75,240.5,45.0,45.5,1,1,-1,-1
354,15,222.25,239.5,45.0,45.25,1,1,-1,-1
355,15,221.75,241.25,45.0,46.0,1,1,-1,-1
356,15,221.0,243.0,44.75,45.5,1,1,-1,-1
357,15,222.5,244.5,45.0,45.5,1,1,-1,-1
358,15,228.75,243.5,44.75,45.5,1,1,-1,-1
359,15,230.5,244.0,45.0,45.25,1,1,-1,-1
360,15,233.75,244.5,45.0,45.5,1,1,-1,-1
361,15,234.0,243.5,45.0,45.25,1,1,-1,-1
362,15,235.25,241.5,44.75,45.25,1,1,-1,-1
363,15,235.75,240.5,45.0,45.5,1,1,-1,-1
364,15,236.5,240.0,44.75,45.5,1,1,-1,-1
365,15,237.25,239.0,45.0,45.25,1,1,-1,-1
366,15,239.5,235.25,45.0,45.5,1,1,-1,-1
367,15,240.5,232.75,44.75,45.25,1,1,-1,-1
368,15,242.5,230.75,45.0,45.25,1,1,-1,-1
369,15,243.25,230.25,44.75,45.25,1,1,-1,-1
370,15,243.25,230.5,45.0,45.25,1,1,-1,-1
371,15,243.0,231.0,45.0,45.25,1,1,-1,-1
372,15,243.25,231.0,45.25,45.25,1,1,-1,-1
373,15,243.75,230.0,45.0,45.25,1,1,-1,-1
374,15,246.0,227.5,45.0,45.5,1,1,-1,-1
375,15,250.0,225.5,45.25,46.0,1,1,-1,-1
376,15,252.0,221.25,45.5,45.75,1,1,-1,-1
377,15,253.25,215.75,45.5,45.5,1,1,-1,-1
378,15,257.25,210.0,45.25,45.5,1,1,-1,-1
379,15,259.372,205.172,45.25,45.5,1,1,-1,-1
380,15,270.5,198.75,45.25,45.25,1,1,-1,-1
381,15,276.25,198.0,45.0,45.25,1,1,-1,-1
382,15,282.893,194.819,45.0,45.25,1,1,-1,-1
383,15,289.322,191.876,45.0,45.25,1,1,-1,-1
384,15,295.752,188.932,45.0,45.25,1,1,-1,-1
385,15,298.0,194.0,45.5,45.0,1,1,-1,-1
386,15,303.75,194.0,45.0,45.25,1,1,-1,-1
387,15,309.5,193.5,45.25,46.0,1,1,-1,-1
388,15,315.092,193.168,45.25,46.0,1,1,-1,-1
389,15,320.72,192.813,45.25,46.0,1,1,-1,-1
390,15,326.347,192.459,45.25,46.0,1,1,-1,-1
391,15,331.974,192.104,45.25,46.0,1,1,-1,-1
392,15,334.25,196.0,45.25,45.25,1,1,-1,-1
393,15,342.25,192.25,45.5,46.0,1,1,-1,-1
394,15,350.25,185.25,45.75,46.25,1,1,-1,-1
395,15,356.0,181.5,45.75,46.0,1,1,-1,-1
396,15,357.75,180.75,45.5,45.25,1,1,-1,-1
397,15,365.25,178.0,45.5,45.25,1,1,-1,-1
398,15,368.25,177.25,45.5,45.0,1,1,-1,-1
399,15,370.25,178.5,45.25,45.0,1,1,-1,-1
400,15,374.0,178.25,45.25,45.0,1,1,-1,-1
401,15,377.499,178.135,45.25,45.0,1,1,-1,-1
402,15,382.25,180.75,45.25,45.5,1,1,-1,-1
403,15,383.0,180.25,45.25,45.5,1,1,-1,-1
404,15,383.0,179.75,45.25,45.25,1,1,-1,-1
405,15,383.25,179.5,45.25,45.5,1,1,-1,-1
406,15,383.0,179.5,45.25,45.25,1,1,-1,-1
407,15,382.25,179.5,45.25,45.25,1,1,-1,-1
408,15,384.25,183.5,45.25,45.25,1,1,-1,-1
409,15,384.5,183.25,45.25,45.25,1,1,-1,-1
410,15,385.0,183.25,45.0,45.25,1,1,-1,-1
411,15,386.75,183.75,45.0,45.25,1,1,-1,-1
412,15,387.75,185.5,45.25,45.25,1,1,-1,-1
413,15,387.25,184.75,45.25,45.5,1,1,-1,-1
414,15,391.5,187.75,45.0,45.25,1,1,-1,-1
415,15,394.0,187.75,45.5,45.5,1,1,-1,-1
416,15,393.75,187.75,45.25,45.25,1,1,-1,-1
417,15,393.75,188.0,45.5,45.5,1,1,-1,-1
418,15,394.25,188.0,45.5,45.75,1,1,-1,-1
419,15,394.25,187.0,45.5,46.25,1,1,-1,-1
420,15,393.75,187.75,45.25,45.25,1,1,-1,-1
421,15,393.25,188.0,45.25,45.0,1,1,-1,-1
422,15,394.25,186.5,45.25,46.0,1,1,-1,-1
423,15,394.25,187.75,45.25,45.5,1,1,-1,-1
424,15,394.75,188.0,45.25,45.5,1,1,-1,-1
425,15,394.25,188.0,45.25,45.0,1,1,-1,-1
426,15,394.5,188.0,45.0,45.0,1,1,-1,-1
427,15,392.5,187.0,45.25,45.25,1,1,-1,-1
428,15,393.5,186.5,45.0,45.0,1,1,-1,-1
429,15,393.5,186.5,45.0,45.0,1,1,-1,-1
430,15,393.5,185.5,45.0,45.0,1,1,-1,-1
431,15,394.0,187.25,45.25,45.0,1,1,-1,-1
432,15,396.58,190.805,45.25,45.0,1,1,-1,-1
433,15,399.089,194.805,45.25,45.0,1,1,-1,-1
434,15,395.5,186.25,45.25,45.25,1,1,-1,-1
435,15,395.25,187.75,45.25,45.0,1,1,-1,-1
436,15,395.25,187.25,45.25,45.25,1,1,-1,-1
437,15,393.75,189.25,45.0,45.0,1,1,-1,-1
438,15,394.5,188.5,45.0,45.25,1,1,-1,-1
439,15,394.5,188.5,45.0,46.0,1,1,-1,-1
440,15,396.0,186.75,45.5,45.25,1,1,-1,-1
441,15,395.0,186.75,45.5,45.75,1,1,-1,-1
442,15,393.75,186.0,45.25,45.25,1,1,-1,-1
443,15,395.5,184.75,45.0,45.25,1,1,-1,-1
444,15,396.25,185.25,45.25,45.5,1,1,-1,-1
445,15,396.75,185.0,45.0,45.0,1,1,-1,-1
446,15,396.75,183.5,45.25,45.75,1,1,-1,-1
447,15,395.25,182.75,45.25,45.75,1,1,-1,-1
448,15,394.75,179.75,45.25,45.25,1,1,-1,-1
449,15,394.5,176.5,45.25,45.5,1,1,-1,-1
450,15,394.25,173.0,45.25,46.0,1,1,-1,-1
451,15,394.0,169.25,45.5,46.25,1,1,-1,-1
452,15,395.25,167.25,45.25,45.75,1,1,-1,-1
453,15,395.0,165.25,45.5,46.5,1,1,-1,-1
454,15,396.75,161.75,45.5,46.25,1,1,-1,-1
455,15,399.0,158.75,45.25,45.25,1,1,-1,-1
456,15,401.75,155.25,45.25,45.0,1,1,-1,-1
457,15,404.75,150.5,45.25,45.25,1,1,-1,-1
458,15,411.25,147.25,45.25,45.0,1,1,-1,-1
459,15,414.75,146.0,45.25,45.0,1,1,-1,-1
460,15,417.75,146.75,45.25,45.0,1,1,-1,-1
461,15,421.25,147.75,45.25,44.75,1,1,-1,-1
462,15,425.0,148.75,45.25,44.75,1,1,-1,-1
463,15,429.75,150.75,45.25,45.0,1,1,-1,-1
464,15,434.75,152.25,45.25,45.25,1,1,-1,-1
465,15,440.5,152.5,45.5,45.25,1,1,-1,-1
466,15,444.75,156.75,45.5,45.5,1,1,-1,-1
467,15,450.5,159.75,45.5,45.5,1,1,-1,-1
468,15,455.5,162.5,45.5,46.0,1,1,-1,-1
469,15,459.0,165.75,45.25,45.25,1,1,-1,-1
470,15,463.0,168.75,45.25,45.25,1,1,-1,-1
471,15,468.5,175.5,45.25,45.5,1,1,-1,-1
472,15,470.75,178.0,45.25,46.0,1,1,-1,-1
473,15,474.75,182.0,45.25,46.5,1,1,-1,-1
474,15,478.5,190.0,45.25,46.0,1,1,-1,-1
475,15,482.5,195.75,45.0,45.0,1,1,-1,-1
476,15,484.5,198.75,45.25,45.25,1,1,-1,-1
477,15,492.25,204.0,45.25,44.75,1,1,-1,-1
478,15,495.75,203.0,45.0,44.75,1,1,-1,-1
479,15,499.5,200.25,45.0,45.5,1,1,-1,-1
480,15,506.25,198.75,45.0,44.75,1,1,-1,-1
481,15,512.0,196.75,45.25,45.75,1,1,-1,-1
482,15,517.5,194.75,45.0,45.0,1,1,-1,-1
483,15,519.5,192.0,45.0,44.75,1,1,-1,-1
484,15,518.5,191.0,45.0,44.75,1,1,-1,-1
485,15,517.5,187.25,44.75,44.75,1,1,-1,-1
486,15,518.25,184.5,44.75,45.0,1,1,-1,-1
487,15,519.0,182.5,44.75,45.0,1,1,-1,-1
488,15,519.5,180.75,44.75,45.0,1,1,-1,-1
489,15,518.75,179.0,44.75,45.0,1,1,-1,-1
490,15,518.25,179.5,45.0,45.25,1,1,-1,-1
491,15,521.75,176.5,45.0,45.5,1,1,-1,-1
492,15,525.25,173.75,45.25,46.0,1,1,-1,-1
493,15,528.75,170.5,45.5,46.25,1,1,-1,-1
494,15,533.75,170.25,45.25,45.0,1,1,-1,-1
495,15,537.75,174.0,45.25,45.5,1,1,-1,-1
496,15,541.25,177.25,45.25,45.75,1,1,-1,-1
497,15,543.75,180.5,45.25,46.5,1,1,-1,-1
498,15,545.75,186.75,45.25,45.75,1,1,-1,-1
499,15,548.0,195.25,45.0,45.0,1,1,-1,-1
500,15,551.5,201.75,45.5,46.5,1,1,-1,-1
1,16,625.25,236.5,45.25,45.25,1,1,-1,-1
2,16,627.0,232.75,45.25,45.25,1,1,-1,-1
3,16,627.75,230.5,45.5,45.25,1,1,-1,-1
4,16,629.75,230.75,45.25,45.25,1,1,-1,-1
5,16,627.0,228.25,45.25,45.25,1,1,-1,-1
6,16,629.75,229.5,45.25,45.25,1,1,-1,-1
7,16,633.75,223.75,45.25,45.25,1,1,-1,-1
8,16,636.5,223.75,45.0,45.25,1,1,-1,-1
9,16,638.0,222.5,45.25,45.25,1,1,-1,-1
10,16,640.5,222.0,45.25,45.25,1,1,-1,-1
11,16,642.75,221.25,45.25,45.25,1,1,-1,-1
12,16,642.25,219.5,45.5,45.25,1,1,-1,-1
13,16,641.0,216.75,45.5,45.25,1,1,-1,-1
14,16,643.75,222.25,45.25,45.25,1,1,-1,-1
15,16,642.5,224.0,45.0,45.0,1,1,-1,-1
16,16,641.25,226.75,45.25,45.0,1,1,-1,-1
17,16,637.5,229.75,45.25,45.0,1,1,-1,-1
18,16,634.0,232.5,45.5,45.25,1,1,-1,-1
19,16,634.0,236.75,45.25,45.0,1,1,-1,-1
20,16,636.0,238.75,45.5,45.75,1,1,-1,-1
21,16,637.0,241.5,45.25,45.25,1,1,-1,-1
22,16,636.0,245.5,45.25,45.25,1,1,-1,-1
23,16,636.25,251.5,45.25,45.25,1,1,-1,-1
24,16,635.75,255.5,45.0,45.25,1,1,-1,-1
25,16,638.25,259.75,45.0,45.0,1,1,-1,-1
26,16,640.0,263.75,45.0,45.0,1,1,-1,-1
27,16,640.75,264.0,45.25,45.0,1,1,-1,-1
28,16,641.5,263.75,45.25,45.0,1,1,-1,-1
29,16,640.5,259.5,45.0,45.0,1,1,-1,-1
30,16,638.75,256.5,45.25,45.25,1,1,-1,-1
31,16,638.0,255.0,45.25,45.0,1,1,-1,-1
32,16,638.25,252.75,45.25,45.0,1,1,-1,-1
33,16,635.0,251.75,45.25,45.25,1,1,-1,-1
34,16,633.0,250.0,45.25,45.0,1,1,-1,-1
35,16,632.5,246.75,45.25,45.25,1,1,-1,-1
36,16,630.5,241.5,45.25,45.0,1,1,-1,-1
37,16,629.0,238.75,45.25,45.0,1,1,-1,-1
38,16,627.25,232.75,45.25,45.0,1,1,-1,-1
39,16,623.5,228.5,45.25,45.25,1,1,-1,-1
40,16,621.75,230.25,45.0,44.75,1,1,-1,-1
41,16,620.75,231.25,45.0,45.0,1,1,-1,-1
42,16,621.75,232.0,45.0,45.25,1,1,-1,-1
43,16,620.5,232.0,45.0,45.0,1,1,-1,-1
44,16,618.75,231.75,45.0,45.25,1,1,-1,-1
45,16,615.25,231.25,45.0,45.0,1,1,-1,-1
46,16,612.25,232.75,45.0,45.0,1,1,-1,-1
47,16,610.0,234.0,45.25,45.25,1,1,-1,-1
48,16,610.25,236.5,45.0,45.0,1,1,-1,-1
49,16,610.5,237.0,45.0,45.0,1,1,-1,-1
50,16,609.0,238.25,45.25,45.25,1,1,-1,-1
51,16,607.75,237.25,45.0,45.25,1,1,-1,-1
52,16,605.25,236.75,44.75,45.0,1,1,-1,-1
53,16,605.0,236.75,45.0,45.25,1,1,-1,-1
54,16,602.5,237.0,44.75,45.0,1,1,-1,-1
55,16,600.5,236.0,44.75,45.0,1,1,-1,-1
56,16,597.25,234.0,44.5,45.0,1,1,-1,-1
57,16,590.0,235.0,45.0,45.25,1,1,-1,-1
58,16,586.25,233.75,45.25,45.25,1,1,-1,-1
59,16,580.5,233.0,45.25,45.5,1,1,-1,-1
60,16,576.25,233.0,45.25,45.25,1,1,-1,-1
61,16,571.25,234.5,45.25,46.0,1,1,-1,-1
62,16,567.5,236.25,45.0,45.0,1,1,-1,-1
63,16,562.5,237.5,45.25,46.0,1,1,-1,-1
64,16,553.5,239.5,45.0,44.75,1,1,-1,-1
65,16,549.75,240.0,45.25,45.75,1,1,-1,-1
66,16,545.75,241.25,45.25,46.5,1,1,-1,-1
67,16,539.5,242.5,45.25,45.75,1,1,-1,-1
68,16,532.75,245.25,45.25,45.25,1,1,-1,-1
69,16,528.0,249.5,45.0,45.0,1,1,-1,-1
70,16,523.5,254.5,45.0,45.0,1,1,-1,-1
71,16,517.25,259.25,45.0,45.0,1,1,-1,-1
72,16,512.25,265.0,45.25,45.0,1,1,-1,-1
73,16,507.25,271.5,45.0,44.75,1,1,-1,-1
74,16,502.5,276.25,45.0,45.5,1,1,-1,-1
75,16,496.75,284.0,45.25,45.25,1,1,-1,-1
76,16,492.5,290.25,45.25,45.0,1,1,-1,-1
77,16,487.75,296.0,45.75,46.25,1,1,-1,-1
78,16,487.5,303.5,45.25,45.5,1,1,-1,-1
79,16,485.75,311.75,45.5,46.25,1,1,-1,-1
80,16,488.25,317.75,45.25,45.75,1,1,-1,-1
81,16,492.0,323.5,45.25,46.75,1,1,-1,-1
82,16,495.25,332.5,45.25,46.25,1,1,-1,-1
83,16,499.5,339.0,45.25,46.25,1,1,-1,-1
84,16,503.5,347.0,45.25,46.0,1,1,-1,-1
85,16,508.5,355.25,45.25,46.25,1,1,-1,-1
86,16,511.5,363.5,45.25,45.25,1,1,-1,-1
87,16,511.5,367.0,45.25,45.25,1,1,-1,-1
88,16,511.0,371.5,45.0,45.25,1,1,-1,-1
89,16,511.75,378.25,45.75,45.75,1,1,-1,-1
90,16,512.25,386.5,44.75,45.0,1,1,-1,-1
91,16,512.75,390.75,45.0,46.0,1,1,-1,-1
92,16,513.75,398.5,45.0,45.75,1,1,-1,-1
93,16,514.0,403.0,44.75,45.25,1,1,-1,-1
94,16,512.75,407.0,44.75,45.25,1,1,-1,-1
95,16,510.5,409.5,45.0,45.25,1,1,-1,-1
96,16,508.5,411.5,45.0,45.25,1,1,-1,-1
97,16,505.75,414.0,45.0,45.0,1,1,-1,-1
98,16,502.25,416.75,45.0,45.0,1,1,-1,-1
99,16,498.0,418.75,45.0,45.0,1,1,-1,-1
100,16,495.0,421.25,45.0,45.25,1,1,-1,-1
101,16,493.5,422.5,45.0,45.25,1,1,-1,-1
102,16,491.75,427.5,45.25,45.25,1,1,-1,-1
103,16,490.5,431.75,45.0,45.25,1,1,-1,-1
104,16,489.75,436.5,45.25,45.25,1,1,-1,-1
105,16,489.5,442.0,45.25,45.25,1,1,-1,-1
106,16,488.5,446.0,45.0,45.25,1,1,-1,-1
107,16,484.75,451.5,45.25,45.5,1,1,-1,-1
108,16,482.75,454.0,45.25,45.25,1,1,-1,-1
109,16,479.75,459.0,45.25,45.5,1,1,-1,-1
110,16,476.25,461.5,45.25,45.5,1,1,-1,-1
111,16,475.25,461.75,45.25,45.5,1,1,-1,-1
112,16,474.5,461.5,45.5,45.5,1,1,-1,-1
113,16,473.25,461.25,45.25,45.75,1,1,-1,-1
114,16,471.25,460.5,45.5,45.5,1,1,-1,-1
115,16,466.25,460.25,45.25,45.5,1,1,-1,-1
116,16,462.5,459.75,45.25,45.5,1,1,-1,-1
117,16,457.5,459.25,45.75,46.0,1,1,-1,-1
118,16,452.5,458.5,45.5,45.5,1,1,-1,-1
119,16,444.25,460.5,45.5,45.5,1,1,-1,-1
120,16,435.25,462.5,45.25,45.25,1,1,-1,-1
121,16,423.75,464.25,45.25,45.5,1,1,-1,-1
122,16,415.0,465.0,45.25,45.25,1,1,-1,-1
123,16,403.75,466.25,45.0,45.25,1,1,-1,-1
124,16,394.5,467.25,45.0,45.25,1,1,-1,-1
125,16,387.75,465.25,44.75,45.5,1,1,-1,-1
126,16,378.25,460.75,45.25,46.5,1,1,-1,-1
127,16,374.75,459.5,45.25,45.75,1,1,-1,-1
128,16,369.25,455.25,45.25,45.5,1,1,-1,-1
129,16,362.5,450.75,45.0,45.75,1,1,-1,-1
130,16,356.75,450.5,45.25,45.25,1,1,-1,-1
131,16,356.25,452.0,45.25,45.5,1,1,-1,-1
132,16,352.75,454.25,45.0,45.5,1,1,-1,-1
133,16,349.0,456.5,45.25,45.5,1,1,-1,-1
134,16,344.5,455.5,45.25,45.25,1,1,-1,-1
135,16,342.25,454.5,45.0,45.25,1,1,-1,-1
136,16,339.25,452.75,45.0,45.5,1,1,-1,-1
137,16,339.75,451.0,45.0,45.75,1,1,-1,-1
138,16,335.5,448.5,44.75,45.5,1,1,-1,-1
139,16,330.0,446.25,45.0,46.25,1,1,-1,-1
140,16,320.75,442.5,45.0,46.5,1,1,-1,-1
141,16,315.5,439.25,45.25,47.25,1,1,-1,-1
142,16,308.0,436.75,45.25,46.25,1,1,-1,-1
143,16,304.25,432.5,45.25,47.25,1,1,-1,-1
144,16,298.5,428.75,45.25,46.5,1,1,-1,-1
145,16,294.5,426.0,45.25,45.75,1,1,-1,-1
146,16,289.0,425.25,45.5,46.75,1,1,-1,-1
147,16,288.5,426.25,45.5,45.75,1,1,-1,-1
148,16,288.25,426.0,45.25,45.75,1,1,-1,-1
149,16,287.0,424.25,45.5,46.0,1,1,-1,-1
150,16,287.25,423.5,45.75,46.0,1,1,-1,-1
151,16,284.0,423.0,45.5,46.0,1,1,-1,-1
152,16,282.0,423.5,45.5,45.5,1,1,-1,-1
153,16,281.0,422.0,45.75,45.75,1,1,-1,-1
154,16,281.25,421.5,45.5,45.5,1,1,-1,-1
155,16,281.0,420.25,45.5,46.0,1,1,-1,-1
156,16,277.75,420.5,45.5,45.5,1,1,-1,-1
157,16,274.0,420.75,45.25,45.25,1,1,-1,-1
158,16,273.5,420.0,45.0,45.5,1,1,-1,-1
159,16,270.0,414.0,45.0,45.5,1,1,-1,-1
160,16,265.75,410.0,45.0,45.25,1,1,-1,-1
161,16,264.5,408.0,44.75,45.25,1,1,-1,-1
162,16,262.75,403.25,44.75,45.5,1,1,-1,-1
163,16,260.0,396.0,44.75,45.75,1,1,-1,-1
164,16,255.75,388.75,45.25,46.5,1,1,-1,-1
165,16,253.75,383.5,45.0,46.5,1,1,-1,-1
166,16,245.5,375.75,45.0,46.25,1,1,-1,-1
167,16,240.25,368.75,45.25,47.5,1,1,-1,-1
168,16,234.0,361.25,45.0,47.25,1,1,-1,-1
169,16,229.0,351.75,45.0,47.25,1,1,-1,-1
170,16,223.0,341.75,45.25,47.5,1,1,-1,-1
171,16,221.25,338.0,44.75,45.5,1,1,-1,-1
172,16,221.75,336.25,45.0,46.5,1,1,-1,-1
173,16,224.25,335.5,45.0,45.75,1,1,-1,-1
174,16,225.25,332.25,45.25,47.0,1,1,-1,-1
175,16,226.25,333.0,45.0,46.5,1,1,-1,-1
176,16,226.25,333.0,44.75,46.25,1,1,-1,-1
177,16,226.25,332.0,44.75,46.5,1,1,-1,-1
178,16,227.75,327.75,45.0,45.25,1,1,-1,-1
179,16,229.5,325.75,45.0,45.5,1,1,-1,-1
180,16,230.25,326.0,44.75,45.5,1,1,-1,-1
181,16,228.5,325.0,45.25,45.25,1,1,-1,-1
182,16,227.25,323.5,45.0,45.25,1,1,-1,-1
183,16,226.25,323.5,45.0,45.5,1,1,-1,-1
184,16,226.75,323.5,45.0,45.5,1,1,-1,-1
185,16,227.5,323.75,45.0,45.25,1,1,-1,-1
186,16,228.0,323.5,45.25,45.5,1,1,-1,-1
187,16,232.0,324.0,45.0,45.25,1,1,-1,-1
188,16,234.25,322.25,45.0,45.25,1,1,-1,-1
189,16,236.0,320.25,45.0,45.25,1,1,-1,-1
190,16,238.0,319.25,45.25,45.25,1,1,-1,-1
191,16,240.25,318.25,45.25,45.25,1,1,-1,-1
192,16,240.5,315.25,45.25,45.25,1,1,-1,-1
193,16,241.75,312.5,45.5,45.25,1,1,-1,-1
194,16,244.75,308.75,45.25,45.25,1,1,-1,-1
195,16,246.5,306.25,45.5,45.5,1,1,-1,-1
196,16,248.25,303.5,45.25,45.25,1,1,-1,-1
197,16,248.75,302.75,45.25,45.25,1,1,-1,-1
198,16,247.5,301.5,45.25,45.25,1,1,-1,-1
199,16,244.75,300.25,45.5,45.25,1,1,-1,-1
200,16,244.177,298.348,45.5,45.25,1,1,-1,-1
201,16,242.915,296.781,45.5,45.25,1,1,-1,-1
202,16,241.653,295.215,45.5,45.25,1,1,-1,-1
203,16,240.391,293.648,45.5,45.25,1,1,-1,-1
204,16,239.129,292.082,45.5,45.25,1,1,-1,-1
205,16,241.5,289.0,45.25,45.25,1,1,-1,-1
206,16,231.223,289.196,45.25,45.25,1,1,-1,-1
207,16,237.5,289.5,45.0,45.0,1,1,-1,-1
208,16,237.5,289.5,45.0,45.0,1,1,-1,-1
209,16,234.5,288.5,45.0,45.0,1,1,-1,-1
210,16,230.5,287.5,45.0,45.0,1,1,-1,-1
211,16,225.25,286.25,44.75,45.25,1,1,-1,-1
212,16,223.25,286.0,45.0,45.25,1,1,-1,-1
213,16,221.25,283.5,45.0,46.5,1,1,-1,-1
214,16,217.0,282.25,45.0,46.25,1,1,-1,-1
215,16,213.25,277.0,45.25,47.25,1,1,-1,-1
216,16,210.5,275.5,45.25,46.75,1,1,-1,-1
217,16,209.0,272.0,45.25,46.25,1,1,-1,-1
218,16,208.0,268.75,45.0,45.5,1,1,-1,-1
219,16,206.25,263.5,45.5,46.5,1,1,-1,-1
220,16,203.75,256.25,45.5,46.5,1,1,-1,-1
221,16,202.5,250.25,45.25,45.5,1,1,-1,-1
222,16,203.75,243.0,45.0,45.25,1,1,-1,-1
223,16,203.25,236.25,45.25,45.75,1,1,-1,-1
224,16,202.75,231.0,45.5,47.25,1,1,-1,-1
225,16,202.25,226.0,45.5,46.75,1,1,-1,-1
226,16,202.0,218.5,45.5,46.25,1,1,-1,-1
227,16,203.5,220.0,45.25,46.0,1,1,-1,-1
228,16,204.0,221.5,45.25,45.5,1,1,-1,-1
229,16,205.0,223.5,45.25,46.25,1,1,-1,-1
230,16,205.5,222.75,45.25,46.25,1,1,-1,-1
231,16,205.5,223.0,45.25,46.25,1,1,-1,-1
232,16,207.5,219.0,45.25,45.5,1,1,-1,-1
233,16,205.5,221.5,45.0,45.0,1,1,-1,-1
234,16,207.5,218.5,45.0,45.0,1,1,-1,-1
235,16,207.5,218.5,45.0,45.0,1,1,-1,-1
236,16,207.5,220.5,45.0,45.0,1,1,-1,-1
237,16,207.5,220.5,45.0,45.0,1,1,-1,-1
238,16,211.5,211.5,45.0,45.0,1,1,-1,-1
239,16,211.5,211.5,45.0,45.0,1,1,-1,-1
240,16,211.5,211.5,45.0,45.0,1,1,-1,-1
241,16,211.5,211.5,45.0,45.0,1,1,-1,-1
242,16,209.25,212.0,45.5,45.5,1,1,-1,-1
243,16,208.0,208.75,45.25,45.5,1,1,-1,-1
244,16,206.0,204.75,45.25,45.5,1,1,-1,-1
245,16,204.5,204.75,45.0,45.5,1,1,-1,-1
246,16,202.75,208.0,45.25,45.5,1,1,-1,-1
247,16,200.634,207.022,45.25,45.5,1,1,-1,-1
248,16,209.0,203.25,45.25,46.5,1,1,-1,-1
249,16,208.963,203.196,45.25,46.5,1,1,-1,-1
250,16,206.5,197.5,45.0,45.0,1,1,-1,-1
251,16,208.5,200.5,45.25,45.5,1,1,-1,-1
252,16,208.25,199.0,45.25,45.5,1,1,-1,-1
253,16,207.25,196.75,45.5,46.25,1,1,-1,-1
254,16,209.25,190.25,45.25,45.75,1,1,-1,-1
255,16,208.5,191.0,45.5,46.0,1,1,-1,-1
256,16,210.25,193.0,45.25,45.5,1,1,-1,-1
257,16,212.75,192.0,45.5,46.75,1,1,-1,-1
258,16,214.0,192.0,45.25,45.25,1,1,-1,-1
259,16,215.75,188.0,45.25,47.0,1,1,-1,-1
260,16,218.25,185.75,45.25,45.5,1,1,-1,-1
261,16,219.75,184.0,45.25,45.5,1,1,-1,-1
262,16,220.75,181.5,45.25,45.25,1,1,-1,-1
263,16,221.5,181.0,45.0,45.25,1,1,-1,-1
264,16,221.0,181.5,45.0,45.25,1,1,-1,-1
265,16,220.25,182.5,45.25,45.5,1,1,-1,-1
266,16,220.5,182.0,45.25,45.75,1,1,-1,-1
267,16,220.75,183.75,45.25,45.5,1,1,-1,-1
268,16,222.5,185.5,45.0,45.0,1,1,-1,-1
269,16,221.5,184.75,45.25,45.5,1,1,-1,-1
270,16,222.75,184.25,45.0,45.25,1,1,-1,-1
271,16,222.0,183.0,45.0,45.25,1,1,-1,-1
272,16,221.75,182.0,45.0,45.25,1,1,-1,-1
273,16,223.0,181.75,45.0,45.5,1,1,-1,-1
274,16,223.0,180.5,45.0,45.5,1,1,-1,-1
275,16,227.25,178.0,45.25,45.5,1,1,-1,-1
276,16,229.0,174.25,45.25,45.5,1,1,-1,-1
277,16,229.0,171.25,45.25,45.5,1,1,-1,-1
278,16,226.0,166.75,45.25,45.5,1,1,-1,-1
279,16,224.5,161.0,45.25,45.5,1,1,-1,-1
280,16,224.25,154.25,45.25,45.25,1,1,-1,-1
281,16,225.25,147.75,44.75,45.0,1,1,-1,-1
282,16,227.75,143.75,44.75,45.0,1,1,-1,-1
283,16,232.75,142.5,44.75,45.0,1,1,-1,-1
284,16,235.75,138.5,45.0,46.25,1,1,-1,-1
285,16,239.0,132.0,45.0,45.75,1,1,-1,-1
286,16,242.75,122.25,45.0,46.25,1,1,-1,-1
287,16,245.234,115.001,45.0,46.25,1,1,-1,-1
288,16,253.25,105.25,45.5,45.5,1,1,-1,-1
289,16,255.25,97.75,45.25,45.75,1,1,-1,-1
290,16,261.75,91.0,44.75,45.25,1,1,-1,-1
291,16,266.25,89.75,44.75,45.25,1,1,-1,-1
292,16,270.0,85.75,45.0,45.25,1,1,-1,-1
293,16,274.5,82.0,45.0,45.25,1,1,-1,-1
294,16,282.75,74.25,45.25,46.25,1,1,-1,-1
295,16,283.75,71.75,45.5,45.25,1,1,-1,-1
296,16,282.25,70.25,45.25,45.0,1,1,-1,-1
297,16,282.25,69.0,45.25,45.0,1,1,-1,-1
298,16,282.25,69.25,45.25,45.25,1,1,-1,-1
299,16,281.75,70.5,45.25,45.25,1,1,-1,-1
300,16,280.5,73.0,45.25,45.25,1,1,-1,-1
301,16,278.25,75.5,45.0,45.25,1,1,-1,-1
302,16,274.25,78.0,45.25,45.25,1,1,-1,-1
303,16,272.5,77.25,44.75,45.25,1,1,-1,-1
304,16,270.0,77.5,44.75,45.25,1,1,-1,-1
305,16,269.25,78.25,44.75,45.25,1,1,-1,-1
306,16,267.194,79.113,44.75,45.25,1,1,-1,-1
307,16,268.25,79.25,44.75,45.25,1,1,-1,-1
308,16,268.5,80.5,45.0,45.25,1,1,-1,-1
309,16,270.25,81.0,45.0,45.25,1,1,-1,-1
310,16,271.5,81.5,45.0,45.25,1,1,-1,-1
311,16,274.0,85.5,44.75,45.25,1,1,-1,-1
312,16,276.0,89.75,45.0,45.25,1,1,-1,-1
313,16,279.0,91.0,45.25,45.25,1,1,-1,-1
314,16,284.25,91.75,45.25,45.25,1,1,-1,-1
315,16,285.75,93.0,45.25,45.25,1,1,-1,-1
316,16,286.5,93.5,45.25,45.25,1,1,-1,-1
317,16,286.5,92.0,45.25,45.5,1,1,-1,-1
318,16,286.75,89.75,45.25,46.25,1,1,-1,-1
319,16,288.75,87.25,45.0,45.75,1,1,-1,-1
320,16,289.25,84.0,45.25,45.5,1,1,-1,-1
321,16,289.5,80.5,45.25,46.0,1,1,-1,-1
322,16,289.5,78.5,45.0,45.25,1,1,-1,-1
323,16,289.0,75.0,44.75,46.0,1,1,-1,-1
324,16,291.0,72.25,44.75,45.25,1,1,-1,-1
325,16,292.0,67.25,44.75,45.25,1,1,-1,-1
326,16,293.0,65.25,44.75,45.25,1,1,-1,-1
327,16,297.5,63.0,45.0,45.5,1,1,-1,-1
328,16,300.5,60.75,45.0,45.5,1,1,-1,-1
329,16,303.75,59.5,45.0,45.5,1,1,-1,-1
330,16,308.0,56.5,45.0,45.5,1,1,-1,-1
331,16,311.5,52.75,45.0,45.25,1,1,-1,-1
332,16,314.859,49.714,45.0,45.25,1,1,-1,-1
333,16,318.381,46.55,45.0,45.25,1,1,-1,-1
334,16,321.904,43.386,45.0,45.25,1,1,-1,-1
335,16,325.426,40.221,45.0,45.25,1,1,-1,-1
336,16,333.75,43.5,45.0,45.75,1,1,-1,-1
337,16,341.25,36.25,45.5,45.75,1,1,-1,-1
338,16,345.627,32.152,45.5,45.75,1,1,-1,-1
339,16,340.5,39.5,45.0,45.0,1,1,-1,-1
340,16,342.5,37.5,45.0,45.0,1,1,-1,-1
341,16,342.5,37.5,45.0,45.0,1,1,-1,-1
342,16,342.5,37.5,45.0,45.0,1,1,-1,-1
343,16,350.25,31.75,45.5,45.75,1,1,-1,-1
344,16,348.25,33.25,45.5,45.75,1,1,-1,-1
345,16,346.75,35.75,45.25,45.75,1,1,-1,-1
346,16,349.25,35.5,45.25,46.0,1,1,-1,-1
347,16,352.5,30.75,45.5,46.0,1,1,-1,-1
348,16,354.75,29.25,45.5,45.25,1,1,-1,-1
349,16,357.25,27.5,45.5,45.25,1,1,-1,-1
350,16,351.75,31.5,45.25,45.75,1,1,-1,-1
351,16,352.25,31.0,45.5,46.0,1,1,-1,-1
352,16,352.75,27.75,48.0,48.25,1,1,-1,-1
353,16,347.25,31.0,46.25,46.5,1,1,-1,-1
354,16,355.75,28.0,46.5,46.5,1,1,-1,-1
355,16,357.0,30.25,46.0,45.75,1,1,-1,-1
356,16,358.5,31.0,45.75,45.75,1,1,-1,-1
357,16,360.5,30.5,46.0,46.0,1,1,-1,-1
358,16,357.5,28.5,45.0,45.0,1,1,-1,-1
359,16,362.5,26.5,46.25,45.75,1,1,-1,-1
360,16,365.25,28.25,46.0,45.75,1,1,-1,-1
361,16,364.25,27.25,46.25,45.75,1,1,-1,-1
362,16,363.153,27.285,46.25,45.75,1,1,-1,-1
363,16,362.294,27.143,46.25,45.75,1,1,-1,-1
364,16,371.25,26.5,45.5,45.5,1,1,-1,-1
365,16,371.0,25.75,45.25,45.25,1,1,-1,-1
366,16,370.0,26.75,45.5,45.5,1,1,-1,-1
367,16,370.75,26.0,45.25,45.25,1,1,-1,-1
368,16,370.25,26.25,45.5,45.25,1,1,-1,-1
369,16,374.75,25.75,45.5,45.5,1,1,-1,-1
370,16,370.25,24.75,45.5,45.25,1,1,-1,-1
371,16,374.0,25.75,45.5,45.25,1,1,-1,-1
372,16,372.0,25.25,45.75,45.5,1,1,-1,-1
373,16,376.25,27.75,46.25,46.0,1,1,-1,-1
374,16,375.25,27.75,45.75,45.75,1,1,-1,-1
375,16,376.0,27.0,46.25,46.25,1,1,-1,-1
376,16,374.5,32.25,46.5,46.0,1,1,-1,-1
377,16,374.0,32.75,46.25,46.0,1,1,-1,-1
378,16,373.523,34.359,46.25,46.0,1,1,-1,-1
379,16,373.75,34.25,46.5,46.0,1,1,-1,-1
380,16,379.75,29.75,46.5,46.0,1,1,-1,-1
381,16,379.5,30.25,46.75,46.75,1,1,-1,-1
382,16,380.0,29.5,46.25,46.75,1,1,-1,-1
383,16,379.25,30.25,46.75,47.0,1,1,-1,-1
384,16,379.25,31.0,46.75,47.25,1,1,-1,-1
385,16,379.5,30.25,46.75,47.25,1,1,-1,-1
386,16,377.75,31.5,47.25,47.5,1,1,-1,-1
387,16,378.25,32.0,47.0,47.5,1,1,-1,-1
388,16,377.75,32.75,46.75,47.25,1,1,-1,-1
389,16,377.0,33.0,46.25,46.5,1,1,-1,-1
390,16,377.5,32.25,46.0,46.0,1,1,-1,-1
391,16,376.0,32.0,46.25,46.5,1,1,-1,-1
392,16,376.75,31.5,45.75,45.75,1,1,-1,-1
393,16,376.75,32.25,46.0,46.0,1,1,-1,-1
394,16,377.5,31.5,45.75,46.0,1,1,-1,-1
395,16,377.75,31.5,45.75,46.0,1,1,-1,-1
396,16,376.75,31.25,45.75,46.0,1,1,-1,-1
397,16,376.25,31.0,45.75,45.75,1,1,-1,-1
398,16,376.0,32.0,45.5,45.5,1,1,-1,-1
399,16,376.0,29.0,45.5,45.5,1,1,-1,-1
400,16,372.5,32.5,45.25,45.5,1,1,-1,-1
401,16,370.5,31.75,45.75,45.75,1,1,-1,-1
402,16,368.75,30.5,45.25,45.5,1,1,-1,-1
403,16,368.25,28.75,45.5,45.5,1,1,-1,-1
404,16,368.0,27.75,45.25,45.5,1,1,-1,-1
405,16,369.0,25.25,45.5,46.0,1,1,-1,-1
406,16,368.25,24.0,45.5,46.0,1,1,-1,-1
407,16,367.0,23.75,45.75,47.0,1,1,-1,-1
408,16,366.75,24.5,45.5,47.25,1,1,-1,-1
409,16,367.0,26.25,45.5,46.0,1,1,-1,-1
410,16,369.5,24.5,45.5,46.75,1,1,-1,-1
411,16,371.75,25.75,45.5,46.25,1,1,-1,-1
412,16,372.25,25.25,45.75,47.0,1,1,-1,-1
413,16,372.5,25.0,45.5,45.5,1,1,-1,-1
414,16,372.25,24.25,45.5,45.5,1,1,-1,-1
415,16,372.25,23.25,45.25,45.25,1,1,-1,-1
416,16,373.25,24.0,45.5,45.5,1,1,-1,-1
417,16,374.25,26.0,45.5,45.75,1,1,-1,-1
418,16,373.75,28.0,45.5,45.5,1,1,-1,-1
419,16,373.75,27.5,45.75,46.25,1,1,-1,-1
420,16,374.5,29.25,45.5,45.5,1,1,-1,-1
421,16,374.75,28.0,45.5,46.25,1,1,-1,-1
422,16,376.25,27.0,45.5,45.5,1,1,-1,-1
423,16,377.75,25.25,45.75,46.25,1,1,-1,-1
424,16,379.75,23.5,45.75,47.0,1,1,-1,-1
425,16,382.5,20.5,45.5,45.25,1,1,-1,-1
426,16,386.5,18.5,45.0,45.25,1,1,-1,-1
427,16,393.5,20.0,45.0,45.25,1,1,-1,-1
428,16,394.75,16.25,45.0,45.5,1,1,-1,-1
429,16,395.75,16.5,44.75,45.5,1,1,-1,-1
430,16,397.75,18.75,44.75,45.25,1,1,-1,-1
431,16,399.75,20.75,45.0,45.25,1,1,-1,-1
432,16,401.75,21.75,45.0,45.0,1,1,-1,-1
433,16,403.0,20.5,45.0,45.25,1,1,-1,-1
434,16,404.306,20.5,45.0,45.25,1,1,-1,-1
435,16,405.697,20.376,45.0,45.25,1,1,-1,-1
436,16,407.087,20.251,45.0,45.25,1,1,-1,-1
437,16,407.5,16.5,45.0,45.0,1,1,-1,-1
438,16,407.5,16.5,45.0,45.0,1,1,-1,-1
439,16,407.5,16.5,45.0,45.0,1,1,-1,-1
440,16,410.75,14.0,45.25,46.0,1,1,-1,-1
441,16,412.0,13.25,45.25,46.0,1,1,-1,-1
442,16,413.25,15.25,45.5,46.0,1,1,-1,-1
443,16,419.25,14.75,45.75,45.75,1,1,-1,-1
444,16,414.5,14.5,45.25,46.0,1,1,-1,-1
445,16,416.5,15.0,45.25,46.0,1,1,-1,-1
446,16,418.0,18.5,45.5,45.75,1,1,-1,-1
447,16,418.5,20.5,45.0,45.0,1,1,-1,-1
448,16,418.5,20.5,45.0,45.0,1,1,-1,-1
449,16,421.5,20.5,45.0,45.0,1,1,-1,-1
450,16,421.5,20.5,45.0,45.0,1,1,-1,-1
451,16,421.5,20.5,45.0,45.0,1,1,-1,-1
452,16,426.5,24.5,45.0,45.0,1,1,-1,-1
453,16,426.5,24.5,45.0,45.0,1,1,-1,-1
454,16,430.75,22.0,45.5,45.5,1,1,-1,-1
455,16,431.5,20.5,45.5,45.5,1,1,-1,-1
456,16,432.0,19.75,45.5,45.5,1,1,-1,-1
457,16,431.5,20.0,45.25,45.5,1,1,-1,-1
458,16,432.0,19.5,45.5,45.75,1,1,-1,-1
459,16,433.25,17.5,45.75,46.0,1,1,-1,-1
460,16,433.75,17.0,45.5,45.75,1,1,-1,-1
461,16,438.0,14.25,45.5,45.75,1,1,-1,-1
462,16,438.75,14.75,45.5,46.0,1,1,-1,-1
463,16,440.25,13.75,45.75,46.0,1,1,-1,-1
464,16,441.5,13.25,45.5,45.75,1,1,-1,-1
465,16,444.25,14.25,45.5,46.0,1,1,-1,-1
466,16,444.75,14.25,45.5,46.25,1,1,-1,-1
467,16,446.0,14.25,45.5,46.25,1,1,-1,-1
468,16,445.5,12.75,45.5,46.0,1,1,-1,-1
469,16,447.5,13.75,45.5,46.0,1,1,-1,-1
470,16,449.75,12.75,45.5,46.0,1,1,-1,-1
471,16,451.25,12.75,45.75,46.0,1,1,-1,-1
472,16,453.0,13.5,45.75,46.25,1,1,-1,-1
473,16,455.75,14.25,45.5,46.0,1,1,-1,-1
474,16,453.5,16.0,45.5,46.75,1,1,-1,-1
475,16,456.5,16.5,45.0,45.0,1,1,-1,-1
476,16,459.5,15.5,45.0,45.0,1,1,-1,-1
477,16,458.5,14.5,45.0,45.0,1,1,-1,-1
478,16,461.5,12.5,45.0,45.0,1,1,-1,-1
479,16,465.5,13.5,45.0,45.0,1,1,-1,-1
480,16,465.5,13.5,45.0,45.0,1,1,-1,-1
481,16,471.5,14.5,45.0,45.0,1,1,-1,-1
482,16,469.0,15.25,45.75,46.5,1,1,-1,-1
483,16,468.25,15.5,45.5,45.75,1,1,-1,-1
484,16,468.25,16.5,45.75,46.0,1,1,-1,-1
485,16,469.5,17.75,45.75,46.0,1,1,-1,-1
486,16,472.5,19.5,45.5,46.0,1,1,-1,-1
487,16,475.75,21.0,45.75,46.25,1,1,-1,-1
488,16,476.75,21.75,45.5,46.0,1,1,-1,-1
489,16,480.0,21.0,45.75,46.5,1,1,-1,-1
490,16,480.0,21.75,45.5,45.75,1,1,-1,-1
491,16,482.5,22.75,45.5,46.0,1,1,-1,-1
492,16,484.75,24.5,45.25,45.25,1,1,-1,-1
493,16,485.5,23.75,45.25,45.5,1,1,-1,-1
494,16,487.5,23.75,45.25,45.25,1,1,-1,-1
495,16,489.5,23.0,45.25,45.25,1,1,-1,-1
496,16,492.0,23.25,45.25,45.25,1,1,-1,-1
497,16,493.75,23.25,45.0,45.25,1,1,-1,-1
498,16,494.25,23.25,45.0,45.25,1,1,-1,-1
499,16,494.25,23.25,45.0,45.25,1,1,-1,-1
500,16,493.5,23.5,45.25,45.25,1,1,-1,-1
1,17,289.5,193.5,45.25,45.25,1,1,-1,-1
2,17,290.5,192.5,45.25,45.25,1,1,-1,-1
3,17,292.75,190.25,45.25,45.25,1,1,-1,-1
4,17,294.25,187.0,45.25,45.25,1,1,-1,-1
5,17,295.0,185.25,45.25,45.0,1,1,-1,-1
6,17,295.25,183.5,45.25,45.25,1,1,-1,-1
7,17,295.75,181.75,45.25,45.25,1,1,-1,-1
8,17,295.75,180.25,45.25,45.5,1,1,-1,-1
9,17,294.75,179.25,45.25,45.25,1,1,-1,-1
10,17,294.5,177.5,45.25,45.25,1,1,-1,-1
11,17,294.5,176.75,45.25,45.25,1,1,-1,-1
12,17,294.5,175.25,45.25,45.0,1,1,-1,-1
13,17,294.75,174.25,45.25,45.0,1,1,-1,-1
14,17,295.0,174.5,45.25,45.25,1,1,-1,-1
15,17,296.5,173.0,45.25,45.25,1,1,-1,-1
16,17,296.5,171.75,45.25,45.25,1,1,-1,-1
17,17,297.25,172.25,45.25,45.25,1,1,-1,-1
18,17,297.5,171.75,45.5,45.25,1,1,-1,-1
19,17,298.25,169.5,45.25,45.5,1,1,-1,-1
20,17,299.75,165.75,45.25,45.25,1,1,-1,-1
21,17,302.25,163.75,45.25,45.0,1,1,-1,-1
22,17,305.5,159.75,45.5,45.25,1,1,-1,-1
23,17,307.0,156.0,45.75,45.5,1,1,-1,-1
24,17,307.5,154.5,45.75,45.25,1,1,-1,-1
25,17,308.0,153.0,46.0,45.25,1,1,-1,-1
26,17,308.25,151.0,45.75,45.5,1,1,-1,-1
27,17,308.0,150.5,45.5,45.25,1,1,-1,-1
28,17,307.5,150.5,45.5,45.25,1,1,-1,-1
29,17,307.5,150.0,45.5,45.0,1,1,-1,-1
30,17,304.75,149.25,45.5,45.0,1,1,-1,-1
31,17,304.75,148.0,45.25,45.0,1,1,-1,-1
32,17,305.0,147.25,45.25,45.0,1,1,-1,-1
33,17,303.5,147.25,45.5,45.0,1,1,-1,-1
34,17,304.5,147.5,45.25,45.0,1,1,-1,-1
35,17,304.75,148.5,45.5,45.0,1,1,-1,-1
36,17,305.0,147.25,45.75,45.0,1,1,-1,-1
37,17,306.5,147.25,45.5,45.0,1,1,-1,-1
38,17,308.25,147.75,45.5,45.0,1,1,-1,-1
39,17,308.75,146.25,45.75,45.0,1,1,-1,-1
40,17,309.25,146.75,45.5,45.0,1,1,-1,-1
41,17,311.0,145.0,45.75,45.0,1,1,-1,-1
42,17,312.25,145.75,45.75,45.25,1,1,-1,-1
43,17,313.25,146.25,45.5,45.25,1,1,-1,-1
44,17,316.5,145.5,45.5,45.0,1,1,-1,-1
45,17,319.5,145.25,45.25,45.0,1,1,-1,-1
46,17,320.75,145.0,45.25,44.75,1,1,-1,-1
47,17,321.25,143.0,45.25,45.0,1,1,-1,-1
48,17,326.25,141.25,45.0,45.0,1,1,-1,-1
49,17,327.5,139.5,45.25,45.0,1,1,-1,-1
50,17,330.0,136.0,45.25,45.0,1,1,-1,-1
51,17,333.75,132.75,45.0,45.0,1,1,-1,-1
52,17,334.75,131.0,45.25,45.0,1,1,-1,-1
53,17,338.25,128.5,45.0,45.25,1,1,-1,-1
54,17,339.75,126.25,45.25,45.0,1,1,-1,-1
55,17,340.75,120.25,45.25,45.25,1,1,-1,-1
56,17,341.5,116.5,45.5,45.5,1,1,-1,-1
57,17,341.25,109.75,45.5,45.5,1,1,-1,-1
58,17,342.75,105.5,45.0,45.25,1,1,-1,-1
59,17,343.0,96.5,45.75,46.75,1,1,-1,-1
60,17,342.75,94.25,45.0,45.25,1,1,-1,-1
61,17,342.0,87.25,45.0,45.5,1,1,-1,-1
62,17,342.75,83.0,45.25,45.25,1,1,-1,-1
63,17,342.25,81.25,45.25,45.5,1,1,-1,-1
64,17,343.5,76.25,45.25,45.5,1,1,-1,-1
65,17,341.75,76.25,45.5,45.5,1,1,-1,-1
66,17,343.0,72.0,45.25,45.5,1,1,-1,-1
67,17,344.5,67.25,45.25,45.75,1,1,-1,-1
68,17,342.0,66.25,45.5,45.75,1,1,-1,-1
69,17,343.5,63.5,45.5,45.75,1,1,-1,-1
70,17,345.0,62.0,45.5,45.75,1,1,-1,-1
71,17,346.5,61.0,45.5,45.75,1,1,-1,-1
72,17,345.25,60.5,45.25,45.5,1,1,-1,-1
73,17,349.25,57.0,45.25,45.75,1,1,-1,-1
74,17,349.0,56.25,45.5,45.5,1,1,-1,-1
75,17,349.25,55.0,45.25,45.75,1,1,-1,-1
76,17,350.75,54.25,45.25,46.0,1,1,-1,-1
77,17,350.0,54.25,45.5,45.75,1,1,-1,-1
78,17,350.0,53.75,45.5,45.75,1,1,-1,-1
79,17,351.0,51.5,45.5,45.75,1,1,-1,-1
80,17,351.25,51.5,45.75,45.75,1,1,-1,-1
81,17,350.5,51.0,45.75,45.75,1,1,-1,-1
82,17,352.0,49.0,45.5,45.75,1,1,-1,-1
83,17,353.0,48.25,45.5,45.75,1,1,-1,-1
84,17,353.75,48.25,45.5,45.5,1,1,-1,-1
85,17,354.0,48.25,45.5,45.5,1,1,-1,-1
86,17,353.0,47.25,46.5,46.5,1,1,-1,-1
87,17,352.75,48.25,45.5,45.75,1,1,-1,-1
88,17,354.5,51.5,45.75,45.5,1,1,-1,-1
89,17,353.75,51.75,45.5,45.75,1,1,-1,-1
90,17,354.0,51.5,45.5,45.75,1,1,-1,-1
91,17,354.5,52.0,45.75,45.75,1,1,-1,-1
92,17,354.75,52.25,45.75,45.75,1,1,-1,-1
93,17,355.25,54.25,45.75,46.0,1,1,-1,-1
94,17,355.0,54.25,45.5,45.75,1,1,-1,-1
95,17,353.75,54.0,45.75,45.75,1,1,-1,-1
96,17,353.25,54.0,45.75,45.75,1,1,-1,-1
97,17,352.25,51.75,45.5,46.0,1,1,-1,-1
98,17,350.0,54.0,45.5,45.75,1,1,-1,-1
99,17,347.25,54.25,45.75,46.0,1,1,-1,-1
100,17,346.5,58.75,45.5,45.75,1,1,-1,-1
101,17,347.5,54.25,45.5,45.75,1,1,-1,-1
102,17,348.25,51.75,45.5,46.0,1,1,-1,-1
103,17,346.25,49.5,45.25,46.0,1,1,-1,-1
104,17,344.5,47.75,45.25,45.5,1,1,-1,-1
105,17,344.5,45.75,45.5,45.5,1,1,-1,-1
106,17,340.5,49.5,45.0,45.0,1,1,-1,-1
107,17,336.25,45.5,45.25,45.25,1,1,-1,-1
108,17,336.25,43.75,45.25,45.25,1,1,-1,-1
109,17,333.5,42.0,45.0,45.25,1,1,-1,-1
110,17,331.5,40.0,44.75,45.0,1,1,-1,-1
111,17,330.0,39.75,45.0,45.25,1,1,-1,-1
112,17,329.25,40.75,45.0,45.25,1,1,-1,-1
113,17,329.0,40.75,45.25,45.0,1,1,-1,-1
114,17,328.75,40.0,45.25,45.25,1,1,-1,-1
115,17,328.75,39.25,45.25,45.25,1,1,-1,-1
116,17,328.75,39.5,45.25,45.0,1,1,-1,-1
117,17,328.75,38.25,45.25,45.25,1,1,-1,-1
118,17,326.25,37.25,45.25,45.25,1,1,-1,-1
119,17,323.75,36.75,45.25,45.25,1,1,-1,-1
120,17,322.25,34.75,45.25,45.25,1,1,-1,-1
121,17,322.5,34.75,45.5,45.0,1,1,-1,-1
122,17,319.75,33.5,45.25,45.25,1,1,-1,-1
123,17,324.25,33.5,45.5,46.25,1,1,-1,-1
124,17,319.5,34.0,45.25,45.0,1,1,-1,-1
125,17,321.25,34.0,45.25,45.75,1,1,-1,-1
126,17,315.5,33.75,45.25,45.25,1,1,-1,-1
127,17,318.5,33.0,47.0,48.25,1,1,-1,-1
128,17,314.5,36.5,45.0,45.0,1,1,-1,-1
129,17,314.5,36.5,45.0,45.0,1,1,-1,-1
130,17,314.855,35.53,45.75,45.5,1,1,-1,-1
131,17,320.75,39.25,46.0,45.5,1,1,-1,-1
132,17,322.75,35.0,46.5,46.0,1,1,-1,-1
133,17,309.5,35.5,45.0,45.0,1,1,-1,-1
134,17,309.5,35.5,45.0,45.0,1,1,-1,-1
135,17,308.5,35.5,45.0,45.0,1,1,-1,-1
136,17,306.5,36.5,45.0,45.0,1,1,-1,-1
137,17,306.5,36.5,45.0,45.0,1,1,-1,-1
138,17,306.5,36.5,45.0,45.0,1,1,-1,-1
139,17,306.5,36.5,45.0,45.0,1,1,-1,-1
140,17,306.5,36.5,45.0,45.0,1,1,-1,-1
141,17,306.5,36.5,45.0,45.0,1,1,-1,-1
142,17,306.5,36.5,45.0,45.0,1,1,-1,-1
143,17,304.5,36.5,45.0,45.0,1,1,-1,-1
144,17,304.5,36.5,45.0,45.0,1,1,-1,-1
145,17,304.5,36.5,45.0,45.0,1,1,-1,-1
146,17,304.5,36.5,45.0,45.0,1,1,-1,-1
147,17,304.5,36.5,45.0,45.0,1,1,-1,-1
148,17,304.5,36.5,45.0,45.0,1,1,-1,-1
149,17,304.5,36.5,45.0,45.0,1,1,-1,-1
150,17,304.5,36.5,45.0,45.0,1,1,-1,-1
151,17,304.5,36.5,45.0,45.0,1,1,-1,-1
152,17,304.5,36.5,45.0,45.0,1,1,-1,-1
153,17,304.5,36.5,45.0,45.0,1,1,-1,-1
154,17,304.5,36.5,45.0,45.0,1,1,-1,-1
155,17,304.5,36.5,45.0,45.0,1,1,-1,-1
156,17,304.5,36.5,45.0,45.0,1,1,-1,-1
157,17,304.5,36.5,45.0,45.0,1,1,-1,-1
158,17,302.5,38.5,45.0,45.0,1,1,-1,-1
159,17,302.5,38.5,45.0,45.0,1,1,-1,-1
160,17,302.5,38.5,45.0,45.0,1,1,-1,-1
161,17,302.5,38.5,45.0,45.0,1,1,-1,-1
162,17,302.5,38.5,45.0,45.0,1,1,-1,-1
163,17,302.5,38.5,45.0,45.0,1,1,-1,-1
164,17,291.5,39.75,46.0,45.5,1,1,-1,-1
165,17,291.0,41.5,46.0,45.5,1,1,-1,-1
166,17,290.5,43.25,46.0,45.5,1,1,-1,-1
167,17,290.0,45.0,46.0,45.5,1,1,-1,-1
168,17,293.25,46.0,45.0,45.5,1,1,-1,-1
169,17,291.75,47.0,45.0,45.5,1,1,-1,-1
170,17,292.0,46.75,45.0,45.25,1,1,-1,-1
171,17,290.5,48.0,45.25,45.25,1,1,-1,-1
172,17,291.5,48.25,45.0,45.5,1,1,-1,-1
173,17,294.0,47.75,45.0,46.0,1,1,-1,-1
174,17,294.25,49.5,45.25,46.0,1,1,-1,-1
175,17,294.75,50.75,45.0,45.5,1,1,-1,-1
176,17,295.25,52.5,45.0,45.5,1,1,-1,-1
177,17,294.75,53.5,45.0,45.5,1,1,-1,-1
178,17,293.0,56.5,45.0,45.25,1,1,-1,-1
179,17,291.25,58.5,45.0,45.25,1,1,-1,-1
180,17,289.25,59.5,45.0,45.25,1,1,-1,-1
181,17,287.25,61.75,45.0,45.25,1,1,-1,-1
182,17,287.25,62.5,45.0,45.25,1,1,-1,-1
183,17,285.25,63.5,45.0,45.25,1,1,-1,-1
184,17,283.75,64.75,45.0,45.5,1,1,-1,-1
185,17,282.25,64.75,45.0,45.25,1,1,-1,-1
186,17,281.0,65.5,45.0,45.25,1,1,-1,-1
187,17,278.5,68.75,45.0,45.25,1,1,-1,-1
188,17,277.75,71.25,45.0,45.5,1,1,-1,-1
189,17,278.25,72.75,45.0,45.25,1,1,-1,-1
190,17,276.5,75.0,45.0,45.25,1,1,-1,-1
191,17,275.25,75.75,45.0,45.5,1,1,-1,-1
192,17,271.75,77.0,45.0,45.5,1,1,-1,-1
193,17,270.0,76.5,44.75,45.5,1,1,-1,-1
194,17,268.75,76.5,44.75,45.5,1,1,-1,-1
195,17,268.0,77.5,44.75,45.25,1,1,-1,-1
196,17,267.0,77.75,44.75,45.25,1,1,-1,-1
197,17,266.25,78.75,45.0,45.5,1,1,-1,-1
198,17,264.0,81.75,45.0,45.5,1,1,-1,-1
199,17,263.0,82.5,45.25,45.25,1,1,-1,-1
200,17,263.25,82.0,45.25,45.5,1,1,-1,-1
201,17,262.5,82.75,45.0,45.5,1,1,-1,-1
202,17,261.25,82.25,45.25,45.5,1,1,-1,-1
203,17,261.25,82.25,45.25,45.5,1,1,-1,-1
204,17,260.25,84.25,45.25,45.5,1,1,-1,-1
205,17,260.5,85.25,45.25,45.25,1,1,-1,-1
206,17,261.25,85.75,45.0,45.5,1,1,-1,-1
207,17,261.0,87.25,44.75,45.5,1,1,-1,-1
208,17,261.5,89.75,44.75,45.25,1,1,-1,-1
209,17,262.75,91.75,44.75,45.25,1,1,-1,-1
210,17,262.0,94.25,45.0,45.25,1,1,-1,-1
211,17,260.25,98.0,44.75,45.5,1,1,-1,-1
212,17,256.5,102.0,45.25,45.25,1,1,-1,-1
213,17,254.75,103.25,45.25,45.25,1,1,-1,-1
214,17,250.0,108.0,45.5,45.5,1,1,-1,-1
215,17,245.75,114.25,45.25,46.5,1,1,-1,-1
216,17,243.5,116.5,45.0,45.0,1,1,-1,-1
217,17,234.5,119.5,45.0,45.0,1,1,-1,-1
218,17,234.5,119.5,45.0,45.0,1,1,-1,-1
219,17,234.5,119.5,45.0,45.0,1,1,-1,-1
220,17,235.25,120.25,45.5,45.75,1,1,-1,-1
221,17,236.25,120.25,45.5,45.5,1,1,-1,-1
222,17,235.0,121.75,45.25,46.0,1,1,-1,-1
223,17,234.75,122.0,45.25,45.5,1,1,-1,-1
224,17,235.75,120.75,45.25,45.5,1,1,-1,-1
225,17,235.0,121.0,45.25,45.5,1,1,-1,-1
226,17,235.25,121.0,45.25,45.5,1,1,-1,-1
227,17,232.75,122.25,45.5,45.5,1,1,-1,-1
228,17,232.0,123.25,45.25,45.5,1,1,-1,-1
229,17,231.0,123.25,45.25,45.5,1,1,-1,-1
230,17,231.25,123.0,45.25,45.5,1,1,-1,-1
231,17,230.75,121.25,45.25,45.75,1,1,-1,-1
232,17,231.0,121.25,45.5,45.5,1,1,-1,-1
233,17,230.5,120.5,45.25,45.75,1,1,-1,-1
234,17,230.5,120.5,45.5,45.5,1,1,-1,-1
235,17,230.5,120.75,45.25,45.5,1,1,-1,-1
236,17,230.5,121.25,45.25,45.5,1,1,-1,-1
237,17,231.25,120.5,45.25,45.5,1,1,-1,-1
238,17,231.75,119.25,45.25,45.5,1,1,-1,-1
239,17,232.0,118.25,45.5,45.75,1,1,-1,-1
240,17,233.0,117.5,45.5,45.5,1,1,-1,-1
241,17,232.25,115.75,45.5,45.75,1,1,-1,-1
242,17,233.75,116.0,45.25,45.75,1,1,-1,-1
243,17,235.25,114.25,45.25,45.5,1,1,-1,-1
244,17,235.25,114.0,45.25,45.5,1,1,-1,-1
245,17,234.75,115.25,45.25,45.5,1,1,-1,-1
246,17,237.0,114.5,45.25,45.75,1,1,-1,-1
247,17,239.5,113.0,45.5,45.5,1,1,-1,-1
248,17,241.0,111.25,45.5,45.5,1,1,-1,-1
249,17,243.5,109.25,45.25,45.25,1,1,-1,-1
250,17,244.0,108.5,45.25,45.5,1,1,-1,-1
251,17,244.75,107.5,45.25,45.25,1,1,-1,-1
252,17,246.25,106.25,45.25,45.25,1,1,-1,-1
253,17,247.0,104.0,45.25,45.5,1,1,-1,-1
254,17,247.25,102.75,45.25,45.75,1,1,-1,-1
255,17,247.5,101.5,45.25,45.5,1,1,-1,-1
256,17,248.25,101.5,45.25,45.25,1,1,-1,-1
257,17,248.0,100.5,45.25,45.5,1,1,-1,-1
258,17,250.0,99.25,45.25,45.5,1,1,-1,-1
259,17,251.25,97.5,45.0,46.0,1,1,-1,-1
260,17,254.25,96.25,44.75,45.5,1,1,-1,-1
261,17,255.0,95.0,44.75,45.25,1,1,-1,-1
262,17,256.75,92.5,44.75,45.25,1,1,-1,-1
263,17,257.5,91.25,45.0,45.5,1,1,-1,-1
264,17,259.5,91.75,45.0,45.5,1,1,-1,-1
265,17,262.25,91.5,45.0,45.25,1,1,-1,-1
266,17,265.25,88.5,44.75,45.25,1,1,-1,-1
267,17,267.25,87.75,44.75,45.25,1,1,-1,-1
268,17,269.25,86.0,45.0,45.25,1,1,-1,-1
269,17,272.5,81.5,45.0,45.25,1,1,-1,-1
270,17,274.0,79.5,44.75,45.0,1,1,-1,-1
271,17,275.0,76.75,44.75,45.25,1,1,-1,-1
272,17,276.75,74.0,44.75,45.25,1,1,-1,-1
273,17,280.0,72.0,44.75,45.25,1,1,-1,-1
274,17,281.75,69.75,45.0,45.0,1,1,-1,-1
275,17,284.75,67.5,45.0,45.25,1,1,-1,-1
276,17,287.25,64.5,45.0,45.5,1,1,-1,-1
277,17,290.0,62.25,45.0,45.5,1,1,-1,-1
278,17,292.75,61.5,45.0,45.5,1,1,-1,-1
279,17,295.5,60.5,45.25,45.5,1,1,-1,-1
280,17,296.75,60.0,45.25,45.5,1,1,-1,-1
281,17,298.5,61.0,45.25,45.5,1,1,-1,-1
282,17,300.75,60.0,45.25,45.25,1,1,-1,-1
283,17,301.75,56.5,45.0,45.5,1,1,-1,-1
284,17,304.0,54.75,45.0,45.25,1,1,-1,-1
285,17,304.75,53.0,45.0,45.25,1,1,-1,-1
286,17,304.25,52.25,45.0,45.5,1,1,-1,-1
287,17,303.5,52.0,45.0,45.25,1,1,-1,-1
288,17,303.75,52.25,45.0,45.25,1,1,-1,-1
289,17,303.25,52.75,44.75,45.0,1,1,-1,-1
290,17,302.5,53.0,44.75,45.25,1,1,-1,-1
291,17,302.5,53.0,44.75,45.0,1,1,-1,-1
292,17,301.5,53.5,45.0,45.25,1,1,-1,-1
293,17,300.0,53.5,44.75,45.0,1,1,-1,-1
294,17,298.0,55.25,45.0,45.25,1,1,-1,-1
295,17,296.75,55.75,45.0,45.25,1,1,-1,-1
296,17,296.5,56.25,45.25,45.25,1,1,-1,-1
297,17,296.0,56.5,45.0,45.25,1,1,-1,-1
298,17,296.0,57.25,45.0,45.5,1,1,-1,-1
299,17,294.75,58.25,45.25,45.25,1,1,-1,-1
300,17,294.25,56.75,45.0,45.25,1,1,-1,-1
301,17,293.75,58.5,45.0,45.25,1,1,-1,-1
302,17,291.5,59.0,45.0,45.5,1,1,-1,-1
303,17,290.57,59.348,45.0,45.5,1,1,-1,-1
304,17,289.315,59.838,45.0,45.5,1,1,-1,-1
305,17,288.06,60.329,45.0,45.5,1,1,-1,-1
306,17,291.5,56.0,45.0,45.5,1,1,-1,-1
307,17,294.75,54.75,45.0,45.25,1,1,-1,-1
308,17,288.75,60.5,45.25,45.5,1,1,-1,-1
309,17,297.5,56.0,44.75,45.25,1,1,-1,-1
310,17,301.75,56.75,45.0,45.25,1,1,-1,-1
311,17,303.5,58.0,45.25,45.25,1,1,-1,-1
312,17,305.0,59.0,45.25,45.25,1,1,-1,-1
313,17,305.75,60.5,45.0,45.5,1,1,-1,-1
314,17,307.75,61.5,45.0,45.5,1,1,-1,-1
315,17,310.25,62.25,45.25,45.5,1,1,-1,-1
316,17,313.0,62.5,45.25,45.5,1,1,-1,-1
317,17,317.25,63.0,45.25,45.5,1,1,-1,-1
318,17,325.75,61.75,45.0,45.5,1,1,-1,-1
319,17,329.5,60.5,44.75,45.25,1,1,-1,-1
320,17,338.25,54.5,45.0,45.25,1,1,-1,-1
321,17,338.0,59.5,45.25,45.5,1,1,-1,-1
322,17,349.75,52.5,45.0,45.25,1,1,-1,-1
323,17,354.682,50.752,45.0,45.25,1,1,-1,-1
324,17,361.107,48.115,45.0,45.25,1,1,-1,-1
325,17,367.532,45.477,45.0,45.25,1,1,-1,-1
326,17,373.958,42.839,45.0,45.25,1,1,-1,-1
327,17,380.383,40.201,45.0,45.25,1,1,-1,-1
328,17,366.0,42.0,45.5,45.5,1,1,-1,-1
329,17,364.5,40.0,45.75,45.75,1,1,-1,-1
330,17,364.75,39.0,45.5,45.75,1,1,-1,-1
331,17,361.5,37.5,45.5,45.5,1,1,-1,-1
332,17,365.5,32.5,45.25,45.5,1,1,-1,-1
333,17,366.75,30.75,45.0,45.25,1,1,-1,-1
334,17,367.5,30.0,45.0,45.25,1,1,-1,-1
335,17,369.0,26.75,45.25,45.25,1,1,-1,-1
336,17,369.5,25.25,45.0,45.25,1,1,-1,-1
337,17,368.5,24.25,45.0,45.25,1,1,-1,-1
338,17,365.5,24.0,45.0,45.25,1,1,-1,-1
339,17,360.25,24.5,45.25,44.5,1,1,-1,-1
340,17,368.245,19.247,45.25,44.5,1,1,-1,-1
341,17,360.25,24.25,45.25,44.75,1,1,-1,-1
342,17,360.25,25.0,45.0,45.0,1,1,-1,-1
343,17,359.25,26.0,45.25,45.0,1,1,-1,-1
344,17,359.0,26.0,45.25,45.0,1,1,-1,-1
345,17,357.75,26.0,45.25,45.25,1,1,-1,-1
346,17,356.673,26.243,45.25,45.25,1,1,-1,-1
347,17,355.66,26.43,45.25,45.25,1,1,-1,-1
348,17,360.5,24.5,45.0,45.0,1,1,-1,-1
349,17,360.5,24.5,45.0,45.0,1,1,-1,-1
350,17,361.5,22.5,45.0,45.0,1,1,-1,-1
351,17,361.5,22.5,45.0,45.0,1,1,-1,-1
352,17,365.5,21.5,45.0,45.0,1,1,-1,-1
353,17,368.5,20.5,45.0,45.0,1,1,-1,-1
354,17,369.5,21.5,45.0,45.0,1,1,-1,-1
355,17,369.25,26.5,45.5,45.5,1,1,-1,-1
356,17,369.5,27.75,45.75,45.5,1,1,-1,-1
357,17,372.75,29.75,45.5,45.5,1,1,-1,-1
358,17,376.699,30.577,45.5,45.5,1,1,-1,-1
359,17,374.75,28.0,45.75,46.25,1,1,-1,-1
360,17,376.75,31.25,45.75,45.75,1,1,-1,-1
361,17,374.75,31.25,46.0,45.75,1,1,-1,-1
362,17,372.5,32.5,46.25,45.5,1,1,-1,-1
363,17,377.5,32.5,45.0,45.0,1,1,-1,-1
364,17,377.25,35.25,45.75,45.5,1,1,-1,-1
365,17,375.25,36.75,45.75,45.75,1,1,-1,-1
366,17,377.0,38.0,45.5,45.75,1,1,-1,-1
367,17,378.0,39.75,45.5,45.5,1,1,-1,-1
368,17,377.75,39.75,45.5,45.5,1,1,-1,-1
369,17,377.25,40.25,45.5,45.5,1,1,-1,-1
370,17,375.75,40.75,45.5,45.5,1,1,-1,-1
371,17,375.5,41.0,45.5,45.75,1,1,-1,-1
372,17,376.25,41.25,45.5,45.75,1,1,-1,-1
373,17,376.25,42.25,45.25,45.75,1,1,-1,-1
374,17,377.0,42.75,45.25,45.75,1,1,-1,-1
375,17,377.75,43.0,45.25,45.75,1,1,-1,-1
376,17,377.75,43.0,45.25,46.0,1,1,-1,-1
377,17,377.75,44.75,45.25,45.75,1,1,-1,-1
378,17,378.0,45.0,45.25,45.75,1,1,-1,-1
379,17,379.5,46.0,45.25,45.5,1,1,-1,-1
380,17,380.5,49.5,45.0,45.0,1,1,-1,-1
381,17,380.5,49.5,45.0,45.0,1,1,-1,-1
382,17,380.5,49.5,45.0,45.0,1,1,-1,-1
383,17,380.5,49.5,45.0,45.0,1,1,-1,-1
384,17,380.5,49.5,45.0,45.0,1,1,-1,-1
385,17,380.5,49.5,45.0,45.0,1,1,-1,-1
386,17,379.5,52.5,45.0,45.0,1,1,-1,-1
387,17,379.5,52.5,45.0,45.0,1,1,-1,-1
388,17,379.5,52.5,45.0,45.0,1,1,-1,-1
389,17,378.5,54.0,45.25,45.75,1,1,-1,-1
390,17,379.25,55.25,45.25,46.0,1,1,-1,-1
391,17,379.5,54.5,45.5,47.0,1,1,-1,-1
392,17,379.0,55.0,45.25,45.75,1,1,-1,-1
393,17,379.25,55.0,45.25,45.75,1,1,-1,-1
394,17,379.5,55.0,45.5,46.0,1,1,-1,-1
395,17,379.5,55.75,45.25,46.0,1,1,-1,-1
396,17,380.25,56.0,45.25,46.0,1,1,-1,-1
397,17,380.5,55.75,45.25,46.0,1,1,-1,-1
398,17,380.75,56.25,45.25,46.0,1,1,-1,-1
399,17,380.75,56.75,45.25,46.0,1,1,-1,-1
400,17,380.25,57.25,45.5,46.0,1,1,-1,-1
401,17,380.0,58.25,45.5,45.75,1,1,-1,-1
402,17,380.5,57.25,45.5,46.25,1,1,-1,-1
403,17,380.5,58.0,45.25,45.75,1,1,-1,-1
404,17,380.5,60.25,45.25,45.75,1,1,-1,-1
405,17,384.0,58.5,45.5,46.0,1,1,-1,-1
406,17,383.75,59.75,45.5,45.75,1,1,-1,-1
407,17,383.5,60.75,45.5,45.75,1,1,-1,-1
408,17,382.25,65.75,45.75,45.75,1,1,-1,-1
409,17,385.75,58.25,46.0,46.0,1,1,-1,-1
410,17,390.25,63.5,45.5,46.5,1,1,-1,-1
411,17,391.5,71.0,45.0,45.5,1,1,-1,-1
412,17,392.0,70.0,45.25,45.75,1,1,-1,-1
413,17,392.5,73.25,44.75,45.5,1,1,-1,-1
414,17,391.25,74.25,45.0,45.25,1,1,-1,-1
415,17,391.5,74.25,44.75,45.25,1,1,-1,-1
416,17,392.5,78.75,44.75,45.5,1,1,-1,-1
417,17,395.25,83.5,45.0,45.5,1,1,-1,-1
418,17,396.743,87.652,45.0,45.5,1,1,-1,-1
419,17,398.44,91.781,45.0,45.5,1,1,-1,-1
420,17,400.137,95.909,45.0,45.5,1,1,-1,-1
421,17,401.834,100.038,45.0,45.5,1,1,-1,-1
422,17,405.0,100.25,44.75,45.25,1,1,-1,-1
423,17,410.75,104.5,45.0,45.25,1,1,-1,-1
424,17,414.0,106.0,45.25,45.5,1,1,-1,-1
425,17,416.25,108.75,45.25,45.0,1,1,-1,-1
426,17,418.0,109.75,45.25,45.0,1,1,-1,-1
427,17,418.5,109.75,45.25,45.25,1,1,-1,-1
428,17,420.113,110.313,45.25,45.25,1,1,-1,-1
429,17,419.0,111.5,45.25,45.25,1,1,-1,-1
430,17,419.684,112.158,45.25,45.25,1,1,-1,-1
431,17,418.5,111.0,45.5,45.0,1,1,-1,-1
432,17,418.0,110.0,45.25,45.0,1,1,-1,-1
433,17,418.0,111.25,45.25,45.0,1,1,-1,-1
434,17,417.979,111.572,45.25,45.0,1,1,-1,-1
435,17,418.5,113.25,45.5,45.0,1,1,-1,-1
436,17,419.5,113.5,45.25,45.0,1,1,-1,-1
437,17,419.25,111.5,45.75,45.0,1,1,-1,-1
438,17,418.0,111.5,45.5,45.25,1,1,-1,-1
439,17,417.0,112.0,45.5,45.25,1,1,-1,-1
440,17,418.0,111.75,45.75,45.0,1,1,-1,-1
441,17,417.0,113.0,45.75,45.25,1,1,-1,-1
442,17,417.5,113.0,45.5,45.25,1,1,-1,-1
443,17,416.75,112.5,45.75,45.25,1,1,-1,-1
444,17,417.0,112.5,45.75,45.0,1,1,-1,-1
445,17,416.25,111.5,45.75,45.0,1,1,-1,-1
446,17,416.0,111.75,45.5,45.0,1,1,-1,-1
447,17,416.0,112.25,45.25,45.25,1,1,-1,-1
448,17,416.5,112.5,45.5,45.0,1,1,-1,-1
449,17,415.75,114.25,45.25,45.0,1,1,-1,-1
450,17,416.25,111.5,45.75,45.25,1,1,-1,-1
451,17,416.25,111.75,45.5,45.25,1,1,-1,-1
452,17,416.0,113.25,45.25,45.25,1,1,-1,-1
453,17,416.25,112.5,45.25,45.25,1,1,-1,-1
454,17,416.5,113.0,45.5,45.25,1,1,-1,-1
455,17,415.75,112.75,45.5,45.25,1,1,-1,-1
456,17,415.619,112.611,45.5,45.25,1,1,-1,-1
457,17,415.25,114.5,45.5,45.25,1,1,-1,-1
458,17,416.0,112.0,45.5,45.25,1,1,-1,-1
459,17,416.75,110.75,45.75,45.25,1,1,-1,-1
460,17,417.0,111.75,45.5,45.25,1,1,-1,-1
461,17,417.5,110.5,45.5,45.0,1,1,-1,-1
462,17,417.75,107.75,45.25,45.25,1,1,-1,-1
463,17,416.0,111.0,45.5,45.0,1,1,-1,-1
464,17,416.5,110.0,45.25,45.25,1,1,-1,-1
465,17,416.5,110.75,45.25,45.25,1,1,-1,-1
466,17,417.0,111.0,45.75,45.25,1,1,-1,-1
467,17,416.75,111.0,45.5,45.5,1,1,-1,-1
468,17,416.75,111.25,45.5,45.25,1,1,-1,-1
469,17,416.75,111.25,45.5,45.25,1,1,-1,-1
470,17,417.0,111.75,45.5,45.25,1,1,-1,-1
471,17,417.75,111.25,45.75,45.5,1,1,-1,-1
472,17,416.75,112.5,45.5,45.5,1,1,-1,-1
473,17,416.25,112.0,45.5,45.25,1,1,-1,-1
474,17,416.5,112.75,45.5,45.25,1,1,-1,-1
475,17,416.25,112.75,45.5,45.5,1,1,-1,-1
476,17,416.0,112.25,45.5,45.25,1,1,-1,-1
477,17,415.75,112.0,45.5,45.25,1,1,-1,-1
478,17,415.25,111.5,45.5,45.25,1,1,-1,-1
479,17,414.75,110.75,45.75,45.25,1,1,-1,-1
480,17,415.0,111.0,45.5,45.25,1,1,-1,-1
481,17,415.5,111.25,45.75,45.5,1,1,-1,-1
482,17,416.5,110.5,45.0,45.0,1,1,-1,-1
483,17,416.5,110.5,45.0,45.0,1,1,-1,-1
484,17,416.5,110.5,45.0,45.0,1,1,-1,-1
485,17,415.75,108.75,45.25,45.0,1,1,-1,-1
486,17,415.25,109.25,45.25,45.25,1,1,-1,-1
487,17,415.0,109.75,45.5,45.25,1,1,-1,-1
488,17,415.75,110.75,45.5,45.25,1,1,-1,-1
489,17,416.25,110.0,45.5,45.25,1,1,-1,-1
490,17,415.25,110.0,45.5,45.5,1,1,-1,-1
491,17,414.75,110.25,45.5,45.25,1,1,-1,-1
492,17,414.75,110.25,45.5,45.25,1,1,-1,-1
493,17,415.0,110.0,45.5,45.25,1,1,-1,-1
494,17,414.25,109.25,45.5,45.25,1,1,-1,-1
495,17,414.75,108.75,45.25,45.25,1,1,-1,-1
496,17,414.5,108.75,45.25,45.25,1,1,-1,-1
497,17,413.5,108.75,45.5,45.25,1,1,-1,-1
498,17,413.5,109.25,45.25,45.0,1,1,-1,-1
499,17,414.0,109.5,45.5,45.0,1,1,-1,-1
500,17,413.75,109.75,45.25,45.25,1,1,-1,-1
1,18,381.0,59.5,45.5,45.5,1,1,-1,-1
2,18,380.75,59.25,45.25,45.5,1,1,-1,-1
3,18,381.0,59.75,45.5,45.75,1,1,-1,-1
4,18,381.0,59.25,45.5,45.75,1,1,-1,-1
5,18,380.5,59.25,45.25,45.75,1,1,-1,-1
6,18,380.25,59.0,45.25,45.75,1,1,-1,-1
7,18,380.25,59.0,45.25,45.75,1,1,-1,-1
8,18,380.5,59.5,45.5,45.75,1,1,-1,-1
9,18,380.75,59.5,45.5,45.75,1,1,-1,-1
10,18,380.75,59.25,45.5,46.75,1,1,-1,-1
11,18,380.75,58.25,45.5,46.75,1,1,-1,-1
12,18,380.0,57.0,45.75,47.5,1,1,-1,-1
13,18,379.5,58.25,45.5,46.75,1,1,-1,-1
14,18,380.0,58.0,45.75,47.25,1,1,-1,-1
15,18,379.75,57.25,46.25,48.0,1,1,-1,-1
16,18,380.5,57.0,46.25,48.0,1,1,-1,-1
17,18,380.25,57.75,46.25,48.0,1,1,-1,-1
18,18,380.75,58.25,46.0,48.0,1,1,-1,-1
19,18,380.75,59.0,45.75,47.5,1,1,-1,-1
20,18,381.0,59.25,45.75,46.75,1,1,-1,-1
21,18,381.0,60.75,45.5,45.5,1,1,-1,-1
22,18,381.0,60.75,45.5,45.75,1,1,-1,-1
23,18,380.5,60.5,45.5,45.75,1,1,-1,-1
24,18,380.75,60.5,45.5,45.75,1,1,-1,-1
25,18,381.5,60.5,45.5,45.75,1,1,-1,-1
26,18,381.25,59.5,45.25,45.75,1,1,-1,-1
27,18,381.5,58.25,45.25,45.75,1,1,-1,-1
28,18,381.0,58.5,45.25,45.75,1,1,-1,-1
29,18,381.0,59.25,45.25,45.75,1,1,-1,-1
30,18,382.0,58.75,45.25,45.5,1,1,-1,-1
31,18,382.0,58.5,45.25,45.5,1,1,-1,-1
32,18,382.0,58.25,45.25,45.5,1,1,-1,-1
33,18,381.25,58.0,45.25,45.75,1,1,-1,-1
34,18,381.25,58.0,45.25,45.75,1,1,-1,-1
35,18,383.25,57.25,45.5,45.75,1,1,-1,-1
36,18,383.75,56.75,45.25,45.5,1,1,-1,-1
37,18,384.0,57.5,45.0,45.5,1,1,-1,-1
38,18,383.5,58.0,45.25,45.75,1,1,-1,-1
39,18,381.75,58.25,45.25,45.75,1,1,-1,-1
40,18,381.5,59.0,45.5,45.75,1,1,-1,-1
41,18,382.0,59.25,45.25,45.75,1,1,-1,-1
42,18,382.5,59.5,45.5,45.75,1,1,-1,-1
43,18,383.75,60.0,45.0,45.5,1,1,-1,-1
44,18,383.25,60.75,45.25,45.5,1,1,-1,-1
45,18,383.5,60.0,45.25,45.75,1,1,-1,-1
46,18,383.55,59.914,45.25,45.75,1,1,-1,-1
47,18,383.651,59.765,45.25,45.75,1,1,-1,-1
48,18,384.0,57.75,44.75,45.25,1,1,-1,-1
49,18,383.0,58.75,45.25,45.75,1,1,-1,-1
50,18,382.25,58.75,45.25,45.5,1,1,-1,-1
51,18,382.0,59.0,45.25,45.5,1,1,-1,-1
52,18,382.0,59.5,45.25,45.5,1,1,-1,-1
53,18,381.75,59.5,45.25,45.75,1,1,-1,-1
54,18,381.75,59.5,45.0,45.5,1,1,-1,-1
55,18,381.5,60.0,45.5,45.5,1,1,-1,-1
56,18,381.25,59.5,45.5,45.75,1,1,-1,-1
57,18,381.25,59.0,45.5,46.5,1,1,-1,-1
58,18,380.5,58.5,45.75,47.0,1,1,-1,-1
59,18,380.5,57.25,47.75,49.25,1,1,-1,-1
60,18,381.5,58.5,47.25,48.5,1,1,-1,-1
61,18,381.75,59.25,46.0,46.75,1,1,-1,-1
62,18,381.75,59.5,45.5,45.75,1,1,-1,-1
63,18,381.75,60.0,45.25,45.75,1,1,-1,-1
64,18,385.0,58.25,45.5,46.25,1,1,-1,-1
65,18,381.75,59.75,45.75,46.5,1,1,-1,-1
66,18,386.25,55.75,45.25,45.75,1,1,-1,-1
67,18,382.75,59.25,46.0,47.5,1,1,-1,-1
68,18,381.5,59.25,47.0,48.0,1,1,-1,-1
69,18,381.0,59.75,46.25,47.0,1,1,-1,-1
70,18,381.0,60.25,45.25,46.0,1,1,-1,-1
71,18,381.25,59.75,45.5,46.25,1,1,-1,-1
72,18,381.25,59.75,45.25,45.75,1,1,-1,-1
73,18,381.75,59.75,45.25,46.0,1,1,-1,-1
74,18,381.0,59.75,45.75,46.5,1,1,-1,-1
75,18,381.25,59.25,45.5,47.0,1,1,-1,-1
76,18,381.5,60.0,45.5,46.25,1,1,-1,-1
77,18,382.0,59.75,45.75,47.0,1,1,-1,-1
78,18,381.5,60.5,45.25,46.5,1,1,-1,-1
79,18,381.5,61.0,45.25,45.75,1,1,-1,-1
80,18,381.25,60.25,45.5,46.5,1,1,-1,-1
81,18,381.25,60.75,45.25,45.5,1,1,-1,-1
82,18,382.75,59.75,45.25,46.25,1,1,-1,-1
83,18,383.25,59.5,45.5,46.75,1,1,-1,-1
84,18,384.75,58.25,46.0,47.25,1,1,-1,-1
85,18,384.75,58.0,45.5,46.75,1,1,-1,-1
86,18,384.75,56.5,46.75,48.0,1,1,-1,-1
87,18,385.75,56.5,45.25,46.5,1,1,-1,-1
88,18,386.0,57.0,45.0,46.25,1,1,-1,-1
89,18,385.5,57.75,45.25,46.0,1,1,-1,-1
90,18,385.75,58.0,45.0,45.5,1,1,-1,-1
91,18,385.5,57.5,45.25,45.75,1,1,-1,-1
92,18,385.5,57.75,45.0,45.5,1,1,-1,-1
93,18,385.75,57.75,45.0,45.5,1,1,-1,-1
94,18,385.75,58.25,45.25,45.75,1,1,-1,-1
95,18,386.0,57.75,45.0,45.5,1,1,-1,-1
96,18,386.5,56.75,45.25,45.5,1,1,-1,-1
97,18,385.75,56.5,45.0,45.5,1,1,-1,-1
98,18,387.75,56.5,45.0,45.5,1,1,-1,-1
99,18,387.75,56.25,45.0,45.5,1,1,-1,-1
100,18,388.5,55.25,45.25,45.5,1,1,-1,-1
101,18,389.0,52.75,45.0,45.5,1,1,-1,-1
102,18,388.5,51.5,45.25,46.0,1,1,-1,-1
103,18,388.75,50.25,45.25,46.0,1,1,-1,-1
104,18,388.5,48.75,45.5,46.5,1,1,-1,-1
105,18,388.515,47.267,45.5,46.5,1,1,-1,-1
106,18,388.75,43.5,45.5,46.75,1,1,-1,-1
107,18,390.25,42.5,45.5,45.5,1,1,-1,-1
108,18,390.25,43.5,45.25,45.5,1,1,-1,-1
109,18,393.429,42.931,45.25,45.5,1,1,-1,-1
110,18,391.5,41.5,45.0,45.0,1,1,-1,-1
111,18,391.5,41.5,45.0,45.0,1,1,-1,-1
112,18,390.75,37.0,45.25,45.25,1,1,-1,-1
113,18,390.25,37.25,45.25,45.5,1,1,-1,-1
114,18,389.75,38.5,45.25,45.25,1,1,-1,-1
115,18,388.75,37.5,45.0,45.5,1,1,-1,-1
116,18,387.0,38.0,45.0,45.5,1,1,-1,-1
117,18,386.25,38.25,45.25,45.75,1,1,-1,-1
118,18,385.5,37.25,45.25,45.75,1,1,-1,-1
119,18,386.5,38.75,45.25,45.5,1,1,-1,-1
120,18,385.75,39.75,45.25,45.5,1,1,-1,-1
121,18,384.75,40.5,45.25,45.5,1,1,-1,-1
122,18,382.25,39.75,45.25,45.75,1,1,-1,-1
123,18,381.0,39.75,45.25,45.75,1,1,-1,-1
124,18,379.75,39.75,45.25,45.5,1,1,-1,-1
125,18,377.75,40.25,45.25,45.5,1,1,-1,-1
126,18,377.25,38.75,45.25,45.5,1,1,-1,-1
127,18,377.5,38.75,45.25,45.5,1,1,-1,-1
128,18,377.25,38.5,45.25,45.5,1,1,-1,-1
129,18,376.75,40.25,45.25,45.25,1,1,-1,-1
130,18,377.5,41.0,45.25,45.5,1,1,-1,-1
131,18,378.0,40.75,45.25,45.5,1,1,-1,-1
132,18,378.25,40.75,45.25,45.5,1,1,-1,-1
133,18,378.25,41.25,45.25,45.5,1,1,-1,-1
134,18,378.0,42.5,45.25,45.5,1,1,-1,-1
135,18,377.75,43.25,45.25,45.5,1,1,-1,-1
136,18,377.0,43.5,45.5,45.75,1,1,-1,-1
137,18,379.25,42.75,45.75,45.5,1,1,-1,-1
138,18,378.25,43.25,45.75,45.5,1,1,-1,-1
139,18,377.75,42.25,45.5,45.5,1,1,-1,-1
140,18,377.75,43.0,45.5,45.5,1,1,-1,-1
141,18,377.25,42.25,45.5,45.5,1,1,-1,-1
142,18,376.75,41.75,45.5,45.5,1,1,-1,-1
143,18,377.25,41.75,45.5,45.75,1,1,-1,-1
144,18,378.0,42.0,45.75,45.5,1,1,-1,-1
145,18,378.5,42.75,45.5,45.5,1,1,-1,-1
146,18,377.5,43.0,45.5,45.5,1,1,-1,-1
147,18,378.0,41.75,45.75,45.5,1,1,-1,-1
148,18,377.75,41.75,45.5,45.5,1,1,-1,-1
149,18,378.25,42.0,45.5,45.5,1,1,-1,-1
150,18,378.0,43.5,45.5,45.75,1,1,-1,-1
151,18,378.0,43.5,45.5,45.5,1,1,-1,-1
152,18,378.25,44.0,45.5,45.5,1,1,-1,-1
153,18,377.75,43.25,45.5,45.5,1,1,-1,-1
154,18,378.75,44.25,45.5,45.5,1,1,-1,-1
155,18,379.25,44.75,45.5,45.5,1,1,-1,-1
156,18,379.75,44.75,45.5,45.75,1,1,-1,-1
157,18,378.75,43.75,45.5,45.75,1,1,-1,-1
158,18,378.0,44.25,45.5,45.75,1,1,-1,-1
159,18,378.25,44.25,45.5,46.0,1,1,-1,-1
160,18,377.5,43.5,45.75,46.75,1,1,-1,-1
161,18,377.5,43.25,45.5,46.75,1,1,-1,-1
162,18,377.0,42.25,45.75,46.75,1,1,-1,-1
163,18,377.0,43.25,45.5,45.75,1,1,-1,-1
164,18,378.0,44.0,45.25,45.5,1,1,-1,-1
165,18,378.25,43.75,45.5,45.75,1,1,-1,-1
166,18,378.5,43.75,45.25,45.75,1,1,-1,-1
167,18,378.75,44.0,45.25,45.5,1,1,-1,-1
168,18,379.25,43.0,45.25,45.5,1,1,-1,-1
169,18,379.0,44.0,45.25,45.5,1,1,-1,-1
170,18,379.0,43.75,45.5,45.5,1,1,-1,-1
171,18,378.25,45.25,45.25,45.5,1,1,-1,-1
172,18,379.0,45.5,45.25,45.5,1,1,-1,-1
173,18,379.25,45.25,45.25,45.5,1,1,-1,-1
174,18,378.0,46.75,45.25,45.5,1,1,-1,-1
175,18,375.5,52.25,45.5,45.5,1,1,-1,-1
176,18,381.5,50.5,45.0,45.0,1,1,-1,-1
177,18,381.5,50.5,45.0,45.0,1,1,-1,-1
178,18,381.82,48.602,45.5,45.25,1,1,-1,-1
179,18,383.5,48.082,45.5,45.25,1,1,-1,-1
180,18,385.181,47.562,45.5,45.25,1,1,-1,-1
181,18,378.5,48.25,45.5,45.5,1,1,-1,-1
182,18,379.75,47.5,45.5,45.5,1,1,-1,-1
183,18,379.5,45.75,45.75,45.75,1,1,-1,-1
184,18,378.5,44.75,45.5,45.75,1,1,-1,-1
185,18,378.5,45.0,45.5,45.75,1,1,-1,-1
186,18,378.75,45.0,45.5,45.75,1,1,-1,-1
187,18,378.75,45.0,45.5,45.75,1,1,-1,-1
188,18,379.0,46.25,45.5,45.75,1,1,-1,-1
189,18,379.5,45.0,45.5,45.75,1,1,-1,-1
190,18,379.25,46.75,45.5,45.5,1,1,-1,-1
191,18,380.25,46.25,45.5,45.75,1,1,-1,-1
192,18,379.25,46.5,45.5,45.75,1,1,-1,-1
193,18,378.5,46.75,45.5,45.75,1,1,-1,-1
194,18,378.0,45.75,45.5,45.75,1,1,-1,-1
195,18,378.5,45.75,45.25,45.75,1,1,-1,-1
196,18,379.25,45.75,45.25,45.75,1,1,-1,-1
197,18,378.75,44.75,45.25,45.75,1,1,-1,-1
198,18,379.25,44.25,45.25,45.75,1,1,-1,-1
199,18,379.75,46.75,45.5,45.5,1,1,-1,-1
200,18,380.25,46.25,45.5,45.5,1,1,-1,-1
201,18,380.75,46.75,45.5,45.5,1,1,-1,-1
202,18,381.25,47.0,45.25,45.5,1,1,-1,-1
203,18,381.5,46.25,45.25,45.75,1,1,-1,-1
204,18,381.5,46.75,45.25,45.5,1,1,-1,-1
205,18,381.75,46.75,45.25,45.75,1,1,-1,-1
206,18,382.0,47.25,45.25,45.5,1,1,-1,-1
207,18,381.75,47.5,45.0,45.75,1,1,-1,-1
208,18,381.25,46.75,45.25,45.75,1,1,-1,-1
209,18,381.0,46.75,45.25,45.75,1,1,-1,-1
210,18,381.0,46.75,45.25,45.5,1,1,-1,-1
211,18,379.75,47.0,45.0,45.5,1,1,-1,-1
212,18,380.0,47.0,45.25,45.5,1,1,-1,-1
213,18,380.25,46.75,45.25,45.5,1,1,-1,-1
214,18,379.75,47.0,45.0,45.5,1,1,-1,-1
215,18,379.5,46.5,45.25,45.5,1,1,-1,-1
216,18,380.0,46.75,45.25,45.5,1,1,-1,-1
217,18,380.25,47.0,45.0,45.75,1,1,-1,-1
218,18,380.25,47.5,45.0,45.5,1,1,-1,-1
219,18,380.25,47.5,45.25,45.75,1,1,-1,-1
220,18,380.0,47.75,45.25,45.5,1,1,-1,-1
221,18,380.25,47.75,45.0,45.5,1,1,-1,-1
222,18,379.75,46.75,45.25,45.5,1,1,-1,-1
223,18,380.25,47.5,45.0,45.5,1,1,-1,-1
224,18,380.25,47.25,45.25,45.5,1,1,-1,-1
225,18,380.5,47.25,45.25,45.5,1,1,-1,-1
226,18,381.25,47.0,45.25,45.75,1,1,-1,-1
227,18,380.5,47.0,45.25,45.75,1,1,-1,-1
228,18,380.25,47.25,45.0,45.5,1,1,-1,-1
229,18,380.0,46.75,45.25,45.5,1,1,-1,-1
230,18,380.0,47.5,45.25,45.5,1,1,-1,-1
231,18,381.0,48.0,45.0,45.5,1,1,-1,-1
232,18,381.25,47.5,45.0,45.5,1,1,-1,-1
233,18,381.25,48.0,45.0,45.5,1,1,-1,-1
234,18,380.75,46.75,45.0,45.5,1,1,-1,-1
235,18,381.0,47.25,45.0,45.5,1,1,-1,-1
236,18,381.0,47.75,44.75,45.25,1,1,-1,-1
237,18,380.25,47.5,45.0,45.25,1,1,-1,-1
238,18,380.25,47.75,45.0,45.25,1,1,-1,-1
239,18,379.75,48.0,45.0,45.25,1,1,-1,-1
240,18,380.5,47.5,45.0,45.25,1,1,-1,-1
241,18,382.0,47.5,45.0,45.25,1,1,-1,-1
242,18,382.25,47.0,45.25,45.25,1,1,-1,-1
243,18,382.5,47.0,45.25,45.25,1,1,-1,-1
244,18,382.0,47.25,45.0,45.25,1,1,-1,-1
245,18,382.25,46.75,45.0,45.5,1,1,-1,-1
246,18,381.75,46.5,45.25,45.5,1,1,-1,-1
247,18,382.5,46.25,45.25,45.5,1,1,-1,-1
248,18,383.25,46.0,45.25,45.5,1,1,-1,-1
249,18,384.25,47.75,45.25,45.5,1,1,-1,-1
250,18,383.5,47.25,45.5,45.5,1,1,-1,-1
251,18,384.25,47.75,45.25,45.5,1,1,-1,-1
252,18,381.5,46.75,45.5,45.5,1,1,-1,-1
253,18,381.0,46.0,45.5,45.5,1,1,-1,-1
254,18,381.0,46.5,45.5,45.5,1,1,-1,-1
255,18,381.0,47.25,45.5,45.5,1,1,-1,-1
256,18,381.25,47.5,45.25,45.5,1,1,-1,-1
257,18,381.5,47.0,45.5,45.75,1,1,-1,-1
258,18,381.5,46.75,45.5,45.75,1,1,-1,-1
259,18,382.75,46.5,45.5,45.5,1,1,-1,-1
260,18,380.25,48.0,45.5,45.25,1,1,-1,-1
261,18,380.75,47.75,45.5,45.25,1,1,-1,-1
262,18,381.0,47.5,45.5,45.5,1,1,-1,-1
263,18,382.0,47.75,45.25,45.5,1,1,-1,-1
264,18,382.5,47.75,45.25,45.25,1,1,-1,-1
265,18,385.0,46.5,45.0,45.25,1,1,-1,-1
266,18,386.0,46.75,45.0,45.25,1,1,-1,-1
267,18,386.25,46.0,45.0,45.25,1,1,-1,-1
268,18,388.5,44.5,45.0,45.25,1,1,-1,-1
269,18,390.5,43.25,45.0,45.5,1,1,-1,-1
270,18,390.75,43.75,44.75,45.25,1,1,-1,-1
271,18,391.0,42.0,45.0,45.25,1,1,-1,-1
272,18,391.75,41.25,44.75,45.0,1,1,-1,-1
273,18,393.25,39.75,44.75,45.25,1,1,-1,-1
274,18,395.75,39.0,44.75,44.75,1,1,-1,-1
275,18,397.25,38.25,44.75,45.25,1,1,-1,-1
276,18,398.0,37.5,45.0,45.25,1,1,-1,-1
277,18,399.25,36.0,44.5,45.25,1,1,-1,-1
278,18,397.5,34.25,44.75,45.25,1,1,-1,-1
279,18,396.75,37.25,44.75,45.25,1,1,-1,-1
280,18,394.5,39.0,44.75,45.25,1,1,-1,-1
281,18,391.25,40.0,45.0,45.25,1,1,-1,-1
282,18,391.0,40.75,45.0,45.25,1,1,-1,-1
283,18,389.059,42.047,45.0,45.25,1,1,-1,-1
284,18,391.5,39.75,44.5,45.0,1,1,-1,-1
285,18,390.298,39.962,44.5,45.0,1,1,-1,-1
286,18,390.097,39.603,44.5,45.0,1,1,-1,-1
287,18,389.896,39.245,44.5,45.0,1,1,-1,-1
288,18,386.0,47.75,45.0,45.25,1,1,-1,-1
289,18,384.75,47.75,45.0,45.25,1,1,-1,-1
290,18,387.25,47.25,45.0,45.25,1,1,-1,-1
291,18,386.5,47.25,45.0,45.25,1,1,-1,-1
292,18,386.5,47.75,45.0,45.25,1,1,-1,-1
293,18,386.25,47.75,45.0,45.5,1,1,-1,-1
294,18,386.5,48.25,45.0,45.5,1,1,-1,-1
295,18,388.0,50.25,45.0,45.75,1,1,-1,-1
296,18,386.25,53.25,45.0,46.0,1,1,-1,-1
297,18,386.0,55.0,45.0,45.75,1,1,-1,-1
298,18,386.0,58.0,45.0,45.75,1,1,-1,-1
299,18,386.5,62.25,45.0,45.75,1,1,-1,-1
300,18,386.0,67.25,45.0,45.5,1,1,-1,-1
301,18,383.25,71.75,45.0,45.5,1,1,-1,-1
302,18,380.0,78.5,45.0,45.5,1,1,-1,-1
303,18,376.75,82.5,45.0,45.5,1,1,-1,-1
304,18,374.0,85.0,45.0,45.5,1,1,-1,-1
305,18,368.75,90.75,45.0,45.75,1,1,-1,-1
306,18,363.25,95.5,45.0,45.25,1,1,-1,-1
307,18,357.25,100.75,45.25,45.25,1,1,-1,-1
308,18,352.25,104.5,45.25,45.5,1,1,-1,-1
309,18,347.0,108.0,45.25,45.5,1,1,-1,-1
310,18,344.75,109.5,45.5,45.5,1,1,-1,-1
311,18,341.75,110.5,45.5,45.25,1,1,-1,-1
312,18,338.25,113.5,45.5,45.25,1,1,-1,-1
313,18,337.0,115.0,45.25,45.25,1,1,-1,-1
314,18,334.75,118.25,45.25,45.25,1,1,-1,-1
315,18,333.75,117.25,45.25,45.25,1,1,-1,-1
316,18,332.75,116.25,45.25,45.25,1,1,-1,-1
317,18,332.5,114.75,45.5,45.25,1,1,-1,-1
318,18,330.25,114.5,45.5,45.25,1,1,-1,-1
319,18,330.5,114.0,45.25,45.25,1,1,-1,-1
320,18,329.25,114.0,45.5,45.25,1,1,-1,-1
321,18,329.0,114.5,45.5,45.5,1,1,-1,-1
322,18,330.0,115.75,45.25,45.25,1,1,-1,-1
323,18,330.25,117.0,45.25,45.25,1,1,-1,-1
324,18,330.0,117.25,45.5,45.25,1,1,-1,-1
325,18,327.25,119.5,45.25,45.25,1,1,-1,-1
326,18,326.0,119.5,45.25,45.25,1,1,-1,-1
327,18,325.5,121.0,45.25,45.25,1,1,-1,-1
328,18,324.5,121.25,45.0,45.25,1,1,-1,-1
329,18,321.5,126.0,45.25,45.25,1,1,-1,-1
330,18,321.25,126.75,45.5,45.5,1,1,-1,-1
331,18,320.5,127.5,45.25,45.25,1,1,-1,-1
332,18,317.5,124.5,45.0,45.0,1,1,-1,-1
333,18,317.5,124.5,45.0,45.0,1,1,-1,-1
334,18,313.5,126.5,45.0,45.0,1,1,-1,-1
335,18,307.5,128.5,45.0,45.0,1,1,-1,-1
336,18,307.5,128.5,45.0,45.0,1,1,-1,-1
337,18,307.5,128.5,45.0,45.0,1,1,-1,-1
338,18,306.5,129.5,45.0,45.0,1,1,-1,-1
339,18,305.25,132.75,45.25,45.0,1,1,-1,-1
340,18,297.0,135.75,45.25,45.0,1,1,-1,-1
341,18,289.5,138.5,45.0,44.75,1,1,-1,-1
342,18,284.25,141.25,45.0,45.0,1,1,-1,-1
343,18,277.5,143.0,45.0,45.25,1,1,-1,-1
344,18,266.25,147.75,45.0,45.0,1,1,-1,-1
345,18,259.5,145.75,45.25,45.0,1,1,-1,-1
346,18,252.0,149.0,45.25,45.5,1,1,-1,-1
347,18,243.75,148.0,45.25,46.0,1,1,-1,-1
348,18,235.0,149.75,45.25,45.5,1,1,-1,-1
349,18,228.5,152.0,45.25,45.5,1,1,-1,-1
350,18,227.5,153.75,45.25,45.25,1,1,-1,-1
351,18,227.75,154.0,45.25,45.5,1,1,-1,-1
352,18,227.5,155.25,45.5,45.5,1,1,-1,-1
353,18,229.5,158.0,45.25,45.5,1,1,-1,-1
354,18,232.0,161.0,45.5,45.75,1,1,-1,-1
355,18,233.75,161.5,45.25,45.5,1,1,-1,-1
356,18,232.0,166.0,45.25,45.5,1,1,-1,-1
357,18,229.5,169.75,45.25,45.5,1,1,-1,-1
358,18,226.75,173.5,45.0,45.25,1,1,-1,-1
359,18,224.0,176.0,45.0,45.5,1,1,-1,-1
360,18,224.5,177.75,45.0,45.5,1,1,-1,-1
361,18,224.75,178.5,45.0,45.5,1,1,-1,-1
362,18,224.75,178.25,45.0,45.5,1,1,-1,-1
363,18,224.5,178.25,45.25,45.5,1,1,-1,-1
364,18,223.25,181.25,45.0,45.75,1,1,-1,-1
365,18,223.75,184.0,45.0,45.25,1,1,-1,-1
366,18,223.75,186.5,45.0,45.5,1,1,-1,-1
367,18,225.0,187.0,45.0,45.5,1,1,-1,-1
368,18,218.0,191.5,45.0,45.5,1,1,-1,-1
369,18,225.25,192.5,45.0,45.25,1,1,-1,-1
370,18,222.5,194.5,45.0,45.25,1,1,-1,-1
371,18,222.5,198.75,45.25,46.5,1,1,-1,-1
372,18,226.5,207.5,45.0,45.0,1,1,-1,-1
373,18,223.5,208.5,45.0,45.0,1,1,-1,-1
374,18,223.5,208.5,45.0,45.0,1,1,-1,-1
375,18,223.5,212.5,45.0,45.0,1,1,-1,-1
376,18,221.5,217.5,45.0,45.0,1,1,-1,-1
377,18,220.5,217.5,45.0,45.0,1,1,-1,-1
378,18,218.5,222.5,45.0,45.0,1,1,-1,-1
379,18,213.5,228.5,45.0,45.0,1,1,-1,-1
380,18,209.5,236.0,45.25,45.25,1,1,-1,-1
381,18,209.5,240.25,45.0,45.5,1,1,-1,-1
382,18,208.0,242.5,45.25,45.5,1,1,-1,-1
383,18,206.75,246.0,45.5,45.75,1,1,-1,-1
384,18,207.0,249.25,45.5,45.75,1,1,-1,-1
385,18,206.0,253.5,45.25,45.75,1,1,-1,-1
386,18,203.75,258.0,45.5,46.0,1,1,-1,-1
387,18,202.5,267.75,45.0,46.0,1,1,-1,-1
388,18,201.0,272.0,45.25,47.0,1,1,-1,-1
389,18,202.75,278.0,45.25,45.75,1,1,-1,-1
390,18,205.75,282.25,45.25,46.5,1,1,-1,-1
391,18,209.25,288.0,45.5,46.75,1,1,-1,-1
392,18,209.75,292.0,45.5,46.0,1,1,-1,-1
393,18,210.75,300.5,45.25,45.25,1,1,-1,-1
394,18,211.0,304.0,45.25,45.25,1,1,-1,-1
395,18,208.25,307.5,45.25,45.75,1,1,-1,-1
396,18,207.5,311.5,45.25,45.75,1,1,-1,-1
397,18,207.75,314.25,45.25,45.75,1,1,-1,-1
398,18,209.75,317.5,45.25,45.5,1,1,-1,-1
399,18,211.0,317.25,45.25,45.25,1,1,-1,-1
400,18,212.75,318.25,45.0,45.5,1,1,-1,-1
401,18,212.75,319.0,45.0,45.25,1,1,-1,-1
402,18,215.5,323.0,45.25,46.25,1,1,-1,-1
403,18,215.5,323.5,45.0,45.5,1,1,-1,-1
404,18,215.5,323.0,45.0,45.5,1,1,-1,-1
405,18,216.25,325.0,45.0,46.0,1,1,-1,-1
406,18,217.75,325.5,45.0,46.25,1,1,-1,-1
407,18,218.5,327.25,45.25,46.75,1,1,-1,-1
408,18,220.0,330.25,45.25,46.5,1,1,-1,-1
409,18,222.5,332.0,45.0,45.5,1,1,-1,-1
410,18,225.25,331.75,45.0,46.0,1,1,-1,-1
411,18,228.5,341.25,45.25,46.0,1,1,-1,-1
412,18,226.75,343.0,45.5,47.0,1,1,-1,-1
413,18,229.25,342.25,45.25,46.0,1,1,-1,-1
414,18,230.75,345.5,45.25,46.5,1,1,-1,-1
415,18,231.5,344.75,45.5,47.25,1,1,-1,-1
416,18,234.5,352.75,45.25,45.75,1,1,-1,-1
417,18,242.25,355.5,45.0,46.25,1,1,-1,-1
418,18,242.75,355.25,45.5,48.75,1,1,-1,-1
419,18,247.0,360.25,47.25,50.5,1,1,-1,-1
420,18,250.75,365.5,46.25,49.25,1,1,-1,-1
421,18,253.5,371.0,45.5,47.5,1,1,-1,-1
422,18,260.5,379.0,45.25,47.5,1,1,-1,-1
423,18,264.0,385.5,46.5,49.5,1,1,-1,-1
424,18,268.25,392.25,45.0,47.5,1,1,-1,-1
425,18,275.75,397.25,46.0,49.0,1,1,-1,-1
426,18,279.75,400.75,45.25,47.75,1,1,-1,-1
427,18,283.75,403.0,45.0,46.75,1,1,-1,-1
428,18,287.75,405.25,45.5,48.25,1,1,-1,-1
429,18,291.25,411.25,45.5,47.75,1,1,-1,-1
430,18,294.75,417.5,45.75,46.75,1,1,-1,-1
431,18,298.25,426.0,45.5,46.0,1,1,-1,-1
432,18,300.75,428.75,45.5,47.75,1,1,-1,-1
433,18,308.0,434.0,45.5,47.25,1,1,-1,-1
434,18,309.75,433.25,45.75,48.0,1,1,-1,-1
435,18,314.75,431.0,45.5,46.0,1,1,-1,-1
436,18,318.0,431.25,45.5,45.5,1,1,-1,-1
437,18,323.5,430.75,45.5,45.5,1,1,-1,-1
438,18,325.0,430.0,45.5,46.25,1,1,-1,-1
439,18,326.0,429.25,45.5,47.5,1,1,-1,-1
440,18,327.0,431.0,45.25,46.0,1,1,-1,-1
441,18,328.75,431.75,45.5,47.0,1,1,-1,-1
442,18,330.75,433.5,45.25,45.75,1,1,-1,-1
443,18,333.75,434.0,45.25,46.0,1,1,-1,-1
444,18,337.5,435.0,46.0,48.25,1,1,-1,-1
445,18,340.5,439.0,45.0,45.75,1,1,-1,-1
446,18,343.25,441.5,45.0,46.5,1,1,-1,-1
447,18,347.75,445.5,46.5,48.75,1,1,-1,-1
448,18,350.25,445.75,46.0,48.0,1,1,-1,-1
449,18,353.25,445.75,46.25,48.0,1,1,-1,-1
450,18,357.5,445.25,45.5,47.75,1,1,-1,-1
451,18,359.25,442.75,45.0,46.5,1,1,-1,-1
452,18,364.5,441.0,45.0,46.75,1,1,-1,-1
453,18,368.75,438.5,45.25,47.0,1,1,-1,-1
454,18,375.25,436.25,45.25,46.75,1,1,-1,-1
455,18,381.75,434.25,45.25,46.25,1,1,-1,-1
456,18,389.75,433.25,45.0,46.75,1,1,-1,-1
457,18,397.5,431.25,44.75,45.75,1,1,-1,-1
458,18,404.0,430.0,45.0,46.0,1,1,-1,-1
459,18,412.5,428.5,45.0,46.25,1,1,-1,-1
460,18,422.75,425.0,45.25,45.5,1,1,-1,-1
461,18,430.0,422.25,45.25,45.5,1,1,-1,-1
462,18,438.25,418.75,45.25,45.25,1,1,-1,-1
463,18,448.5,415.0,45.0,45.25,1,1,-1,-1
464,18,455.75,410.25,45.0,45.0,1,1,-1,-1
465,18,464.25,404.75,45.0,45.5,1,1,-1,-1
466,18,473.5,400.5,45.25,46.5,1,1,-1,-1
467,18,481.5,394.75,45.0,46.0,1,1,-1,-1
468,18,490.0,392.0,44.75,45.5,1,1,-1,-1
469,18,498.5,391.25,44.5,45.0,1,1,-1,-1
470,18,506.5,388.5,45.0,45.5,1,1,-1,-1
471,18,516.75,386.5,45.25,46.25,1,1,-1,-1
472,18,525.25,385.25,45.25,46.5,1,1,-1,-1
473,18,538.0,381.5,45.0,46.0,1,1,-1,-1
474,18,549.5,381.75,45.25,46.75,1,1,-1,-1
475,18,561.0,378.5,45.75,47.0,1,1,-1,-1
476,18,574.0,378.0,45.5,47.25,1,1,-1,-1
477,18,584.5,374.0,45.5,47.75,1,1,-1,-1
478,18,595.75,371.5,45.5,48.0,1,1,-1,-1
479,18,602.0,367.25,45.25,47.5,1,1,-1,-1
480,18,602.25,363.75,45.25,48.0,1,1,-1,-1
481,18,604.0,355.25,46.25,49.5,1,1,-1,-1
482,18,604.25,352.75,45.25,47.5,1,1,-1,-1
483,18,608.5,347.0,45.0,46.0,1,1,-1,-1
484,18,611.75,339.0,45.5,47.0,1,1,-1,-1
485,18,614.5,333.0,45.25,45.75,1,1,-1,-1
486,18,617.0,326.25,45.25,46.25,1,1,-1,-1
487,18,620.5,316.0,45.5,47.0,1,1,-1,-1
488,18,623.75,309.5,45.5,46.25,1,1,-1,-1
489,18,626.25,308.0,45.5,45.5,1,1,-1,-1
490,18,627.75,307.25,45.5,45.75,1,1,-1,-1
491,18,628.5,308.75,45.5,46.0,1,1,-1,-1
492,18,630.0,312.0,45.5,46.25,1,1,-1,-1
493,18,631.0,314.25,45.5,45.75,1,1,-1,-1
494,18,631.25,314.75,45.25,45.5,1,1,-1,-1
495,18,630.75,314.5,45.25,45.5,1,1,-1,-1
496,18,630.25,314.25,45.5,45.75,1,1,-1,-1
497,18,631.25,314.0,45.5,46.5,1,1,-1,-1
498,18,631.75,314.0,45.5,47.0,1,1,-1,-1
499,18,631.5,314.5,45.5,46.5,1,1,-1,-1
500,18,631.75,314.25,45.5,47.0,1,1,-1,-1
1,19,391.0,233.0,45.0,45.25,1,1,-1,-1
2,19,390.75,233.0,45.0,45.25,1,1,-1,-1
3,19,390.5,232.75,45.25,45.5,1,1,-1,-1
4,19,390.0,232.75,45.0,45.25,1,1,-1,-1
5,19,390.0,232.75,45.25,45.25,1,1,-1,-1
6,19,391.5,232.0,44.75,45.25,1,1,-1,-1
7,19,391.598,231.932,44.75,45.25,1,1,-1,-1
8,19,390.5,232.75,45.0,45.5,1,1,-1,-1
9,19,391.5,235.5,45.0,45.0,1,1,-1,-1
10,19,391.5,235.5,45.0,45.0,1,1,-1,-1
11,19,391.5,235.5,45.0,45.0,1,1,-1,-1
12,19,391.5,235.5,45.0,45.0,1,1,-1,-1
13,19,389.5,232.0,45.25,46.0,1,1,-1,-1
14,19,389.75,232.5,45.25,46.5,1,1,-1,-1
15,19,389.5,232.75,45.5,47.5,1,1,-1,-1
16,19,388.75,232.5,45.5,47.0,1,1,-1,-1
17,19,388.25,232.75,45.5,47.25,1,1,-1,-1
18,19,387.5,233.0,45.5,47.25,1,1,-1,-1
19,19,387.75,232.75,45.5,46.75,1,1,-1,-1
20,19,387.0,232.75,45.5,46.75,1,1,-1,-1
21,19,388.0,233.75,45.25,45.5,1,1,-1,-1
22,19,387.5,237.0,45.25,45.5,1,1,-1,-1
23,19,387.25,233.25,45.0,45.25,1,1,-1,-1
24,19,387.75,233.75,45.25,45.25,1,1,-1,-1
25,19,387.25,233.5,45.25,45.25,1,1,-1,-1
26,19,387.5,233.0,45.0,45.25,1,1,-1,-1
27,19,387.25,233.5,45.0,45.0,1,1,-1,-1
28,19,387.25,233.0,45.0,45.25,1,1,-1,-1
29,19,387.0,232.75,45.0,45.25,1,1,-1,-1
30,19,386.75,232.5,45.0,45.75,1,1,-1,-1
31,19,387.0,232.0,45.25,45.75,1,1,-1,-1
32,19,386.867,231.704,45.25,45.75,1,1,-1,-1
33,19,387.0,231.5,45.25,45.75,1,1,-1,-1
34,19,387.5,231.5,45.25,46.0,1,1,-1,-1
35,19,387.25,231.0,45.25,47.0,1,1,-1,-1
36,19,388.0,231.0,45.25,46.5,1,1,-1,-1
37,19,387.0,230.25,45.25,46.5,1,1,-1,-1
38,19,385.75,229.75,45.25,46.5,1,1,-1,-1
39,19,386.0,230.0,45.25,46.75,1,1,-1,-1
40,19,385.25,230.0,45.5,47.0,1,1,-1,-1
41,19,386.0,230.25,45.75,47.5,1,1,-1,-1
42,19,386.25,230.0,45.75,47.5,1,1,-1,-1
43,19,386.0,229.75,45.5,47.25,1,1,-1,-1
44,19,386.25,229.5,45.5,47.5,1,1,-1,-1
45,19,386.25,229.5,45.5,48.0,1,1,-1,-1
46,19,386.25,230.25,45.75,48.25,1,1,-1,-1
47,19,386.25,230.5,45.5,47.0,1,1,-1,-1
48,19,386.75,229.75,45.5,47.75,1,1,-1,-1
49,19,386.5,229.25,45.5,47.75,1,1,-1,-1
50,19,386.5,229.25,45.25,47.5,1,1,-1,-1
51,19,386.57,229.008,45.25,47.5,1,1,-1,-1
52,19,386.605,228.797,45.25,47.5,1,1,-1,-1
53,19,386.639,228.586,45.25,47.5,1,1,-1,-1
54,19,384.25,228.5,46.25,47.75,1,1,-1,-1
55,19,384.75,228.5,45.25,47.5,1,1,-1,-1
56,19,384.5,228.25,45.25,47.25,1,1,-1,-1
57,19,384.0,228.0,45.5,47.5,1,1,-1,-1
58,19,383.75,228.75,45.25,47.0,1,1,-1,-1
59,19,383.75,229.5,47.0,48.75,1,1,-1,-1
60,19,383.75,229.5,46.25,48.0,1,1,-1,-1
61,19,384.0,230.0,46.0,47.5,1,1,-1,-1
62,19,384.5,229.5,45.5,47.25,1,1,-1,-1
63,19,384.5,229.5,45.5,47.0,1,1,-1,-1
64,19,384.25,229.5,45.75,47.75,1,1,-1,-1
65,19,383.75,229.0,46.75,48.75,1,1,-1,-1
66,19,383.0,228.0,46.25,48.0,1,1,-1,-1
67,19,382.5,227.75,45.75,47.75,1,1,-1,-1
68,19,381.25,228.0,46.0,47.5,1,1,-1,-1
69,19,381.0,228.25,45.75,47.5,1,1,-1,-1
70,19,381.0,228.0,45.25,46.25,1,1,-1,-1
71,19,380.75,226.25,45.25,46.5,1,1,-1,-1
72,19,381.0,227.25,45.25,46.0,1,1,-1,-1
73,19,381.75,224.75,45.25,46.75,1,1,-1,-1
74,19,383.0,226.25,45.0,45.75,1,1,-1,-1
75,19,383.5,226.75,45.25,45.75,1,1,-1,-1
76,19,384.25,227.25,45.25,45.5,1,1,-1,-1
77,19,383.75,226.75,45.5,47.0,1,1,-1,-1
78,19,384.25,226.5,45.5,47.0,1,1,-1,-1
79,19,383.75,226.75,45.25,46.25,1,1,-1,-1
80,19,383.5,226.75,45.5,47.0,1,1,-1,-1
81,19,383.25,227.0,46.0,48.25,1,1,-1,-1
82,19,383.5,227.25,45.5,47.25,1,1,-1,-1
83,19,384.25,228.0,45.25,46.75,1,1,-1,-1
84,19,384.0,227.25,45.75,47.5,1,1,-1,-1
85,19,384.0,227.75,46.0,47.75,1,1,-1,-1
86,19,384.5,228.25,46.0,47.5,1,1,-1,-1
87,19,384.25,227.75,45.25,46.75,1,1,-1,-1
88,19,383.75,228.0,45.25,46.5,1,1,-1,-1
89,19,383.5,228.25,45.25,46.25,1,1,-1,-1
90,19,383.5,228.25,45.25,46.0,1,1,-1,-1
91,19,383.25,229.0,45.0,45.25,1,1,-1,-1
92,19,383.75,229.5,45.0,45.5,1,1,-1,-1
93,19,383.0,228.25,45.0,46.5,1,1,-1,-1
94,19,383.5,228.75,45.0,45.25,1,1,-1,-1
95,19,383.0,229.5,45.0,46.25,1,1,-1,-1
96,19,383.75,229.75,45.0,46.25,1,1,-1,-1
97,19,384.75,229.75,45.25,46.25,1,1,-1,-1
98,19,384.0,230.5,45.0,45.5,1,1,-1,-1
99,19,384.75,230.0,45.25,46.5,1,1,-1,-1
100,19,385.25,230.25,45.0,46.0,1,1,-1,-1
101,19,385.75,230.5,45.25,46.5,1,1,-1,-1
102,19,385.75,231.25,45.25,46.5,1,1,-1,-1
103,19,385.25,231.0,45.0,45.75,1,1,-1,-1
104,19,384.5,230.75,45.25,46.5,1,1,-1,-1
105,19,386.25,232.0,45.0,45.25,1,1,-1,-1
106,19,387.5,231.5,45.0,45.25,1,1,-1,-1
107,19,390.0,230.5,45.25,46.5,1,1,-1,-1
108,19,393.75,229.75,45.25,46.75,1,1,-1,-1
109,19,401.25,232.25,45.25,46.5,1,1,-1,-1
110,19,403.0,232.5,45.0,46.25,1,1,-1,-1
111,19,404.0,232.0,45.5,47.25,1,1,-1,-1
112,19,407.5,233.5,45.5,46.75,1,1,-1,-1
113,19,410.75,235.0,45.5,47.5,1,1,-1,-1
114,19,415.5,237.25,45.75,48.25,1,1,-1,-1
115,19,418.5,238.75,45.75,47.25,1,1,-1,-1
116,19,422.75,238.75,45.75,48.0,1,1,-1,-1
117,19,427.25,239.75,45.75,48.5,1,1,-1,-1
118,19,430.0,240.25,45.75,47.5,1,1,-1,-1
119,19,434.5,240.5,45.75,48.0,1,1,-1,-1
120,19,438.5,243.5,45.0,45.0,1,1,-1,-1
121,19,441.25,243.75,45.75,47.25,1,1,-1,-1
122,19,442.0,245.0,45.5,46.5,1,1,-1,-1
123,19,442.5,247.5,45.25,46.0,1,1,-1,-1
124,19,445.5,251.0,45.5,46.75,1,1,-1,-1
125,19,445.75,255.25,45.25,46.0,1,1,-1,-1
126,19,445.5,258.0,45.25,46.25,1,1,-1,-1
127,19,444.75,260.0,45.5,46.5,1,1,-1,-1
128,19,444.0,258.5,45.5,46.75,1,1,-1,-1
129,19,442.0,258.75,45.5,46.25,1,1,-1,-1
130,19,441.75,259.25,45.25,46.5,1,1,-1,-1
131,19,440.75,261.0,45.25,45.0,1,1,-1,-1
132,19,440.0,262.0,45.25,46.0,1,1,-1,-1
133,19,439.0,263.0,45.5,46.5,1,1,-1,-1
134,19,438.5,263.5,45.5,47.25,1,1,-1,-1
135,19,434.25,265.5,45.5,47.25,1,1,-1,-1
136,19,430.75,267.0,45.75,47.5,1,1,-1,-1
137,19,427.25,269.0,45.25,45.25,1,1,-1,-1
138,19,422.75,271.5,45.5,46.0,1,1,-1,-1
139,19,420.0,274.5,45.5,46.0,1,1,-1,-1
140,19,417.25,276.25,45.25,45.75,1,1,-1,-1
141,19,412.75,277.25,45.5,47.25,1,1,-1,-1
142,19,408.75,277.5,45.75,48.25,1,1,-1,-1
143,19,405.25,280.5,45.75,48.5,1,1,-1,-1
144,19,400.5,284.25,45.75,48.5,1,1,-1,-1
145,19,396.913,286.912,45.75,48.5,1,1,-1,-1
146,19,392.957,289.804,45.75,48.5,1,1,-1,-1
147,19,389.001,292.696,45.75,48.5,1,1,-1,-1
148,19,385.045,295.588,45.75,48.5,1,1,-1,-1
149,19,388.25,295.0,45.5,47.0,1,1,-1,-1
150,19,383.25,302.25,45.25,46.5,1,1,-1,-1
151,19,378.5,305.75,45.75,47.0,1,1,-1,-1
152,19,377.0,312.25,47.25,50.0,1,1,-1,-1
153,19,375.75,319.5,45.5,46.5,1,1,-1,-1
154,19,374.75,328.25,45.5,47.75,1,1,-1,-1
155,19,373.75,339.75,45.0,46.25,1,1,-1,-1
156,19,371.25,347.75,45.0,46.0,1,1,-1,-1
157,19,368.0,355.25,45.0,46.75,1,1,-1,-1
158,19,365.0,360.5,45.0,46.5,1,1,-1,-1
159,19,360.75,368.25,45.25,46.5,1,1,-1,-1
160,19,357.75,368.75,45.25,46.25,1,1,-1,-1
161,19,354.25,368.75,45.75,47.75,1,1,-1,-1
162,19,352.0,370.5,45.25,47.0,1,1,-1,-1
163,19,349.25,372.75,45.5,47.25,1,1,-1,-1
164,19,349.5,372.25,45.5,46.75,1,1,-1,-1
165,19,348.5,372.5,45.5,47.0,1,1,-1,-1
166,19,345.5,375.25,45.5,47.75,1,1,-1,-1
167,19,344.25,377.25,45.25,47.0,1,1,-1,-1
168,19,343.5,377.0,45.25,47.0,1,1,-1,-1
169,19,341.75,376.75,45.25,47.25,1,1,-1,-1
170,19,340.75,376.75,46.25,48.0,1,1,-1,-1
171,19,343.5,377.0,45.75,47.25,1,1,-1,-1
172,19,349.0,375.25,45.25,46.5,1,1,-1,-1
173,19,351.75,374.5,46.25,48.25,1,1,-1,-1
174,19,357.5,379.0,47.25,49.75,1,1,-1,-1
175,19,363.0,380.25,46.0,47.75,1,1,-1,-1
176,19,368.75,381.25,45.25,47.0,1,1,-1,-1
177,19,376.25,386.25,45.25,46.25,1,1,-1,-1
178,19,379.5,390.0,45.75,47.5,1,1,-1,-1
179,19,385.25,393.25,45.0,46.25,1,1,-1,-1
180,19,391.25,399.25,44.75,46.25,1,1,-1,-1
181,19,396.75,406.0,45.0,46.25,1,1,-1,-1
182,19,396.75,405.5,45.0,45.5,1,1,-1,-1
183,19,397.5,404.75,45.0,46.5,1,1,-1,-1
184,19,399.5,405.5,45.0,46.5,1,1,-1,-1
185,19,401.75,406.5,45.0,46.5,1,1,-1,-1
186,19,403.0,407.0,44.75,45.75,1,1,-1,-1
187,19,405.25,407.75,44.75,45.25,1,1,-1,-1
188,19,408.25,406.75,44.75,45.5,1,1,-1,-1
189,19,412.5,405.75,45.0,46.0,1,1,-1,-1
190,19,416.5,406.0,45.0,45.5,1,1,-1,-1
191,19,419.5,405.25,45.0,45.75,1,1,-1,-1
192,19,425.25,405.25,45.25,46.75,1,1,-1,-1
193,19,429.75,405.0,45.0,45.5,1,1,-1,-1
194,19,433.75,402.0,45.0,46.75,1,1,-1,-1
195,19,438.5,399.5,45.25,46.75,1,1,-1,-1
196,19,443.0,397.25,45.0,46.5,1,1,-1,-1
197,19,450.0,396.5,45.25,47.5,1,1,-1,-1
198,19,454.0,397.0,45.0,47.75,1,1,-1,-1
199,19,456.25,400.0,45.25,47.0,1,1,-1,-1
200,19,458.0,401.75,45.25,47.75,1,1,-1,-1
201,19,461.5,403.0,45.25,47.5,1,1,-1,-1
202,19,464.75,402.5,45.5,47.25,1,1,-1,-1
203,19,466.25,402.75,46.5,49.25,1,1,-1,-1
204,19,468.5,401.5,46.25,48.75,1,1,-1,-1
205,19,469.5,400.0,45.25,47.5,1,1,-1,-1
206,19,470.0,398.25,45.25,47.5,1,1,-1,-1
207,19,471.0,396.25,45.5,47.25,1,1,-1,-1
208,19,473.0,394.25,45.75,48.0,1,1,-1,-1
209,19,475.75,391.75,45.0,47.0,1,1,-1,-1
210,19,482.25,388.0,45.75,48.0,1,1,-1,-1
211,19,488.5,386.0,45.25,46.5,1,1,-1,-1
212,19,497.25,382.0,45.25,46.5,1,1,-1,-1
213,19,501.25,377.75,45.5,47.5,1,1,-1,-1
214,19,510.75,374.75,45.25,46.75,1,1,-1,-1
215,19,519.0,371.75,45.5,47.75,1,1,-1,-1
216,19,528.5,370.0,45.25,47.25,1,1,-1,-1
217,19,534.0,369.25,45.25,47.5,1,1,-1,-1
218,19,541.75,370.25,45.25,47.5,1,1,-1,-1
219,19,547.5,373.25,45.5,48.25,1,1,-1,-1
220,19,550.25,375.25,46.25,49.25,1,1,-1,-1
221,19,553.25,378.5,45.75,48.5,1,1,-1,-1
222,19,556.5,381.25,46.0,48.75,1,1,-1,-1
223,19,558.5,383.0,45.5,47.0,1,1,-1,-1
224,19,562.0,383.25,45.5,47.75,1,1,-1,-1
225,19,564.0,381.75,45.5,47.5,1,1,-1,-1
226,19,567.25,380.25,45.5,47.75,1,1,-1,-1
227,19,573.25,379.5,46.25,49.0,1,1,-1,-1
228,19,575.5,378.75,45.5,46.75,1,1,-1,-1
229,19,576.0,378.5,45.25,47.5,1,1,-1,-1
230,19,575.0,379.0,45.5,47.75,1,1,-1,-1
231,19,564.5,380.5,45.25,46.0,1,1,-1,-1
232,19,557.0,383.75,45.25,45.25,1,1,-1,-1
233,19,553.5,384.75,44.75,45.0,1,1,-1,-1
234,19,543.5,382.5,45.0,45.25,1,1,-1,-1
235,19,540.25,385.5,45.0,45.25,1,1,-1,-1
236,19,537.5,387.25,45.0,45.5,1,1,-1,-1
237,19,536.0,386.75,44.75,45.0,1,1,-1,-1
238,19,535.5,389.75,44.75,45.5,1,1,-1,-1
239,19,532.0,394.25,45.25,46.25,1,1,-1,-1
240,19,531.75,394.75,44.75,45.5,1,1,-1,-1
241,19,532.75,397.75,44.75,45.5,1,1,-1,-1
242,19,532.5,399.25,45.0,45.5,1,1,-1,-1
243,19,529.25,405.0,45.0,45.25,1,1,-1,-1
244,19,528.0,407.25,44.75,45.0,1,1,-1,-1
245,19,527.5,408.5,45.0,45.25,1,1,-1,-1
246,19,527.0,407.75,45.0,45.25,1,1,-1,-1
247,19,523.25,407.25,45.25,46.25,1,1,-1,-1
248,19,520.5,403.5,45.25,46.5,1,1,-1,-1
249,19,517.0,397.5,45.0,46.5,1,1,-1,-1
250,19,510.0,392.25,44.75,45.25,1,1,-1,-1
251,19,500.0,390.5,44.75,46.25,1,1,-1,-1
252,19,496.0,387.75,45.0,46.0,1,1,-1,-1
253,19,488.75,382.75,45.5,47.5,1,1,-1,-1
254,19,480.5,376.25,45.25,47.0,1,1,-1,-1
255,19,478.5,372.75,45.5,47.0,1,1,-1,-1
256,19,474.75,367.75,46.0,48.75,1,1,-1,-1
257,19,470.75,366.0,45.5,48.0,1,1,-1,-1
258,19,462.75,364.0,46.5,49.0,1,1,-1,-1
259,19,460.25,363.75,45.25,47.0,1,1,-1,-1
260,19,451.5,358.5,46.5,49.0,1,1,-1,-1
261,19,444.0,356.0,45.75,48.0,1,1,-1,-1
262,19,436.75,352.25,46.25,48.25,1,1,-1,-1
263,19,428.5,349.0,45.5,48.0,1,1,-1,-1
264,19,420.75,346.75,45.75,47.5,1,1,-1,-1
265,19,416.25,346.25,45.5,48.0,1,1,-1,-1
266,19,409.75,348.5,45.25,46.75,1,1,-1,-1
267,19,398.0,348.5,45.25,47.75,1,1,-1,-1
268,19,390.0,350.0,45.5,47.25,1,1,-1,-1
269,19,380.5,351.5,45.5,48.25,1,1,-1,-1
270,19,368.5,353.25,45.0,45.75,1,1,-1,-1
271,19,358.25,355.5,44.75,45.5,1,1,-1,-1
272,19,351.25,360.0,45.0,46.5,1,1,-1,-1
273,19,347.0,364.5,45.0,46.5,1,1,-1,-1
274,19,344.0,369.5,45.0,45.25,1,1,-1,-1
275,19,343.75,370.5,45.25,45.25,1,1,-1,-1
276,19,343.25,370.75,45.25,45.25,1,1,-1,-1
277,19,343.25,370.0,45.0,45.25,1,1,-1,-1
278,19,343.5,370.25,45.0,45.5,1,1,-1,-1
279,19,343.25,370.0,45.0,45.25,1,1,-1,-1
280,19,343.25,370.0,45.0,45.25,1,1,-1,-1
281,19,342.75,370.5,45.0,45.25,1,1,-1,-1
282,19,339.75,369.0,45.5,45.25,1,1,-1,-1
283,19,342.25,369.5,45.25,45.25,1,1,-1,-1
284,19,342.75,370.0,45.0,45.25,1,1,-1,-1
285,19,342.75,371.5,45.0,45.25,1,1,-1,-1
286,19,343.0,372.25,45.25,45.25,1,1,-1,-1
287,19,343.0,371.75,45.25,46.0,1,1,-1,-1
288,19,344.0,371.25,45.25,46.25,1,1,-1,-1
289,19,344.25,371.25,45.0,45.75,1,1,-1,-1
290,19,343.75,371.25,45.25,45.75,1,1,-1,-1
291,19,343.5,371.5,45.25,45.5,1,1,-1,-1
292,19,343.75,371.5,45.25,45.75,1,1,-1,-1
293,19,343.25,371.75,45.25,46.0,1,1,-1,-1
294,19,343.0,371.0,45.25,47.5,1,1,-1,-1
295,19,343.0,371.25,45.25,46.5,1,1,-1,-1
296,19,341.75,370.0,45.5,47.5,1,1,-1,-1
297,19,342.25,370.75,45.25,46.5,1,1,-1,-1
298,19,342.25,370.75,45.25,47.0,1,1,-1,-1
299,19,342.0,370.75,45.25,47.25,1,1,-1,-1
300,19,343.0,370.0,45.25,46.5,1,1,-1,-1
301,19,342.75,370.25,45.75,47.75,1,1,-1,-1
302,19,342.75,370.25,46.25,48.25,1,1,-1,-1
303,19,344.25,370.0,45.5,47.5,1,1,-1,-1
304,19,343.5,369.75,46.25,48.25,1,1,-1,-1
305,19,343.75,370.0,46.25,48.25,1,1,-1,-1
306,19,343.75,368.75,46.0,48.0,1,1,-1,-1
307,19,344.0,369.0,45.75,47.5,1,1,-1,-1
308,19,344.75,369.0,46.0,47.5,1,1,-1,-1
309,19,344.75,368.25,46.5,48.25,1,1,-1,-1
310,19,345.0,368.75,46.25,47.5,1,1,-1,-1
311,19,346.0,369.25,45.75,46.5,1,1,-1,-1
312,19,345.0,373.0,45.75,47.25,1,1,-1,-1
313,19,345.0,368.75,45.75,47.25,1,1,-1,-1
314,19,344.75,371.25,45.5,46.75,1,1,-1,-1
315,19,344.75,371.25,45.25,46.0,1,1,-1,-1
316,19,345.25,370.0,45.5,47.0,1,1,-1,-1
317,19,344.75,371.75,45.5,47.5,1,1,-1,-1
318,19,345.75,373.5,45.75,47.0,1,1,-1,-1
319,19,345.5,375.0,45.75,46.25,1,1,-1,-1
320,19,344.75,368.25,45.25,45.5,1,1,-1,-1
321,19,346.5,373.5,45.5,46.0,1,1,-1,-1
322,19,345.75,370.5,45.75,47.25,1,1,-1,-1
323,19,343.75,366.0,45.5,45.75,1,1,-1,-1
324,19,343.0,364.75,45.25,46.25,1,1,-1,-1
325,19,345.75,364.5,45.25,46.25,1,1,-1,-1
326,19,346.75,366.75,45.25,45.25,1,1,-1,-1
327,19,347.0,366.75,45.25,46.0,1,1,-1,-1
328,19,347.0,366.75,45.25,45.75,1,1,-1,-1
329,19,345.75,366.75,45.25,45.75,1,1,-1,-1
330,19,346.0,366.5,45.5,45.5,1,1,-1,-1
331,19,345.75,366.5,45.5,45.25,1,1,-1,-1
332,19,346.0,366.5,45.25,45.75,1,1,-1,-1
333,19,347.0,366.0,45.5,45.25,1,1,-1,-1
334,19,347.25,365.5,45.25,45.25,1,1,-1,-1
335,19,347.25,365.25,45.0,45.5,1,1,-1,-1
336,19,345.5,364.5,45.25,45.25,1,1,-1,-1
337,19,347.25,367.5,45.25,45.25,1,1,-1,-1
338,19,342.5,361.25,45.0,45.25,1,1,-1,-1
339,19,347.25,368.5,45.25,45.5,1,1,-1,-1
340,19,347.0,368.75,45.25,46.25,1,1,-1,-1
341,19,346.75,368.5,45.5,46.0,1,1,-1,-1
342,19,348.5,365.0,45.0,46.0,1,1,-1,-1
343,19,347.0,366.25,45.0,45.25,1,1,-1,-1
344,19,347.5,366.25,45.0,45.5,1,1,-1,-1
345,19,347.694,366.172,45.0,45.5,1,1,-1,-1
346,19,347.0,368.0,45.25,45.25,1,1,-1,-1
347,19,348.5,361.5,45.0,45.0,1,1,-1,-1
348,19,348.5,361.5,45.0,45.0,1,1,-1,-1
349,19,348.5,361.5,45.0,45.0,1,1,-1,-1
350,19,348.5,361.5,45.0,45.0,1,1,-1,-1
351,19,348.5,361.5,45.0,45.0,1,1,-1,-1
352,19,348.5,361.5,45.0,45.0,1,1,-1,-1
353,19,348.5,361.5,45.0,45.0,1,1,-1,-1
354,19,348.5,361.5,45.0,45.0,1,1,-1,-1
355,19,348.5,361.5,45.0,45.0,1,1,-1,-1
356,19,348.5,361.5,45.0,45.0,1,1,-1,-1
357,19,348.5,361.5,45.0,45.0,1,1,-1,-1
358,19,348.5,361.5,45.0,45.0,1,1,-1,-1
359,19,348.5,361.5,45.0,45.0,1,1,-1,-1
360,19,350.5,360.5,45.0,45.0,1,1,-1,-1
361,19,350.5,360.5,45.0,45.0,1,1,-1,-1
362,19,347.5,362.5,45.5,45.25,1,1,-1,-1
363,19,346.75,361.5,45.5,45.25,1,1,-1,-1
364,19,347.0,360.75,45.5,45.5,1,1,-1,-1
365,19,345.25,361.0,45.5,45.25,1,1,-1,-1
366,19,344.5,360.25,45.25,45.5,1,1,-1,-1
367,19,344.75,359.25,45.25,46.0,1,1,-1,-1
368,19,346.0,361.5,45.25,45.5,1,1,-1,-1
369,19,348.0,360.5,45.25,45.5,1,1,-1,-1
370,19,346.25,360.75,45.25,45.5,1,1,-1,-1
371,19,345.25,361.25,45.75,47.75,1,1,-1,-1
372,19,345.5,357.5,45.5,45.5,1,1,-1,-1
373,19,345.75,360.0,45.25,46.5,1,1,-1,-1
374,19,347.25,362.0,45.5,47.5,1,1,-1,-1
375,19,346.25,361.0,46.25,48.25,1,1,-1,-1
376,19,345.5,357.5,45.5,45.5,1,1,-1,-1
377,19,343.75,352.0,45.25,45.25,1,1,-1,-1
378,19,343.75,353.0,45.25,46.5,1,1,-1,-1
379,19,343.525,351.495,45.25,46.5,1,1,-1,-1
380,19,343.187,350.205,45.25,46.5,1,1,-1,-1
381,19,342.849,348.914,45.25,46.5,1,1,-1,-1
382,19,342.511,347.624,45.25,46.5,1,1,-1,-1
383,19,347.25,366.5,45.75,45.5,1,1,-1,-1
384,19,345.5,356.5,45.5,46.5,1,1,-1,-1
385,19,346.0,354.0,45.5,46.5,1,1,-1,-1
386,19,345.75,353.75,45.75,47.25,1,1,-1,-1
387,19,345.75,353.5,45.5,47.0,1,1,-1,-1
388,19,345.25,355.0,45.25,45.75,1,1,-1,-1
389,19,346.25,354.5,45.25,45.5,1,1,-1,-1
390,19,346.0,354.25,45.25,45.75,1,1,-1,-1
391,19,346.25,354.25,45.25,46.25,1,1,-1,-1
392,19,346.5,354.25,45.25,45.25,1,1,-1,-1
393,19,345.0,356.0,45.0,45.5,1,1,-1,-1
394,19,345.75,354.75,45.25,45.75,1,1,-1,-1
395,19,345.75,355.0,45.0,45.25,1,1,-1,-1
396,19,346.5,354.0,45.0,45.75,1,1,-1,-1
397,19,346.5,353.25,45.25,46.25,1,1,-1,-1
398,19,345.75,355.25,45.0,46.0,1,1,-1,-1
399,19,346.25,355.25,44.75,45.0,1,1,-1,-1
400,19,344.5,356.0,45.0,45.75,1,1,-1,-1
401,19,344.25,354.75,45.0,46.75,1,1,-1,-1
402,19,345.75,355.75,45.0,45.5,1,1,-1,-1
403,19,345.0,357.0,45.0,45.75,1,1,-1,-1
404,19,342.75,359.0,45.0,46.75,1,1,-1,-1
405,19,342.5,360.0,45.0,46.0,1,1,-1,-1
406,19,340.25,361.75,45.75,47.5,1,1,-1,-1
407,19,337.0,361.0,46.75,48.5,1,1,-1,-1
408,19,336.5,364.25,45.0,45.5,1,1,-1,-1
409,19,335.5,368.25,45.75,47.5,1,1,-1,-1
410,19,334.0,368.75,46.5,48.5,1,1,-1,-1
411,19,334.75,372.75,45.0,45.5,1,1,-1,-1
412,19,332.75,375.75,46.5,48.5,1,1,-1,-1
413,19,334.0,381.25,45.75,47.5,1,1,-1,-1
414,19,335.0,387.25,45.5,47.75,1,1,-1,-1
415,19,338.0,391.5,45.5,47.75,1,1,-1,-1
416,19,341.5,392.25,45.0,46.0,1,1,-1,-1
417,19,340.75,392.0,45.0,46.0,1,1,-1,-1
418,19,343.0,393.0,45.5,47.5,1,1,-1,-1
419,19,343.5,393.5,45.75,47.75,1,1,-1,-1
420,19,343.75,393.75,45.0,47.0,1,1,-1,-1
421,19,344.25,394.25,45.0,46.0,1,1,-1,-1
422,19,345.5,393.75,46.25,48.25,1,1,-1,-1
423,19,347.25,392.75,46.0,48.0,1,1,-1,-1
424,19,350.0,393.25,46.5,48.75,1,1,-1,-1
425,19,351.75,393.25,45.5,46.5,1,1,-1,-1
426,19,350.75,392.5,45.25,45.5,1,1,-1,-1
427,19,350.0,392.5,45.5,46.0,1,1,-1,-1
428,19,351.25,392.75,45.25,46.25,1,1,-1,-1
429,19,352.25,393.25,45.5,46.0,1,1,-1,-1
430,19,352.75,394.0,45.5,46.75,1,1,-1,-1
431,19,353.0,396.0,45.5,46.0,1,1,-1,-1
432,19,353.5,399.0,45.75,47.75,1,1,-1,-1
433,19,351.0,404.0,45.5,45.5,1,1,-1,-1
434,19,351.0,404.5,45.5,45.25,1,1,-1,-1
435,19,347.75,405.5,45.25,45.5,1,1,-1,-1
436,19,345.0,406.5,45.0,45.5,1,1,-1,-1
437,19,343.0,406.0,45.25,45.25,1,1,-1,-1
438,19,339.0,402.75,45.25,47.0,1,1,-1,-1
439,19,335.75,399.75,45.5,47.0,1,1,-1,-1
440,19,333.25,400.0,45.0,45.5,1,1,-1,-1
441,19,330.25,402.25,45.25,47.0,1,1,-1,-1
442,19,328.0,402.75,45.0,46.5,1,1,-1,-1
443,19,325.0,400.5,45.0,45.5,1,1,-1,-1
444,19,321.25,392.25,47.0,49.0,1,1,-1,-1
445,19,319.0,388.5,46.25,48.5,1,1,-1,-1
446,19,318.5,382.5,46.25,48.25,1,1,-1,-1
447,19,317.25,378.5,46.75,48.25,1,1,-1,-1
448,19,315.25,371.0,45.75,46.5,1,1,-1,-1
449,19,310.0,361.75,45.75,47.0,1,1,-1,-1
450,19,306.0,355.75,46.25,47.5,1,1,-1,-1
451,19,302.25,344.25,47.75,49.5,1,1,-1,-1
452,19,297.75,334.25,47.25,49.0,1,1,-1,-1
453,19,293.75,325.75,46.0,47.5,1,1,-1,-1
454,19,291.25,319.0,45.5,47.25,1,1,-1,-1
455,19,288.75,314.25,46.25,47.25,1,1,-1,-1
456,19,287.5,309.75,45.25,46.25,1,1,-1,-1
457,19,287.75,304.75,45.25,45.5,1,1,-1,-1
458,19,291.25,296.0,45.5,46.75,1,1,-1,-1
459,19,290.75,290.75,45.75,46.75,1,1,-1,-1
460,19,292.0,287.75,45.5,45.75,1,1,-1,-1
461,19,295.25,282.75,45.25,45.75,1,1,-1,-1
462,19,299.5,282.25,45.5,45.5,1,1,-1,-1
463,19,303.5,280.5,45.25,45.5,1,1,-1,-1
464,19,311.25,277.0,45.0,45.25,1,1,-1,-1
465,19,316.5,275.5,45.0,45.0,1,1,-1,-1
466,19,320.75,271.75,45.5,47.25,1,1,-1,-1
467,19,326.25,268.5,45.25,46.0,1,1,-1,-1
468,19,331.0,264.5,45.0,45.25,1,1,-1,-1
469,19,328.75,259.5,45.0,45.5,1,1,-1,-1
470,19,337.75,260.75,44.75,45.25,1,1,-1,-1
471,19,337.25,256.5,45.25,46.75,1,1,-1,-1
472,19,336.0,252.25,45.25,46.75,1,1,-1,-1
473,19,335.75,252.0,45.25,45.5,1,1,-1,-1
474,19,338.25,251.0,45.25,46.25,1,1,-1,-1
475,19,340.75,251.0,45.25,45.5,1,1,-1,-1
476,19,342.5,248.5,45.25,46.5,1,1,-1,-1
477,19,343.75,247.75,45.25,45.5,1,1,-1,-1
478,19,345.0,246.5,45.5,46.25,1,1,-1,-1
479,19,348.5,245.25,46.5,48.5,1,1,-1,-1
480,19,352.0,246.25,45.5,46.5,1,1,-1,-1
481,19,355.0,243.75,46.25,48.5,1,1,-1,-1
482,19,356.75,242.25,45.5,47.25,1,1,-1,-1
483,19,358.0,241.5,45.5,46.25,1,1,-1,-1
484,19,362.25,237.75,45.75,47.5,1,1,-1,-1
485,19,367.75,234.5,45.5,46.5,1,1,-1,-1
486,19,373.5,229.25,45.5,48.75,1,1,-1,-1
487,19,379.0,223.75,45.75,48.75,1,1,-1,-1
488,19,383.5,217.5,45.75,48.5,1,1,-1,-1
489,19,389.75,211.25,45.75,48.5,1,1,-1,-1
490,19,398.0,201.5,45.75,48.5,1,1,-1,-1
491,19,404.5,198.25,45.75,48.5,1,1,-1,-1
492,19,410.25,194.5,45.5,48.0,1,1,-1,-1
493,19,416.5,193.5,45.75,47.5,1,1,-1,-1
494,19,421.5,194.25,45.75,47.5,1,1,-1,-1
495,19,427.75,195.5,45.75,47.25,1,1,-1,-1
496,19,431.0,196.25,45.5,46.5,1,1,-1,-1
497,19,431.25,196.25,45.75,47.25,1,1,-1,-1
498,19,433.5,197.25,45.75,48.0,1,1,-1,-1
499,19,437.5,198.75,45.5,47.0,1,1,-1,-1
500,19,439.25,197.25,45.5,47.25,1,1,-1,-1
300,20,697.25,-6.25,46.0,46.0,1,1,-1,-1
301,20,699.0,8.5,45.0,45.75,1,1,-1,-1
302,20,698.75,28.5,45.25,47.0,1,1,-1,-1
303,20,692.5,47.75,45.0,45.5,1,1,-1,-1
304,20,681.5,60.5,45.0,45.75,1,1,-1,-1
305,20,673.0,66.5,44.75,46.25,1,1,-1,-1
306,20,661.0,72.0,44.75,45.5,1,1,-1,-1
307,20,651.0,74.5,44.75,45.25,1,1,-1,-1
308,20,636.75,76.5,45.0,45.5,1,1,-1,-1
309,20,635.75,74.75,45.0,46.0,1,1,-1,-1
310,20,631.0,74.75,45.25,46.25,1,1,-1,-1
311,20,628.25,72.5,45.25,45.75,1,1,-1,-1
312,20,626.5,67.5,45.0,45.25,1,1,-1,-1
313,20,619.0,59.5,44.75,45.25,1,1,-1,-1
314,20,609.25,50.25,45.0,45.25,1,1,-1,-1
315,20,602.75,44.75,44.75,45.0,1,1,-1,-1
316,20,595.25,37.75,44.75,45.25,1,1,-1,-1
317,20,589.0,27.5,44.75,45.25,1,1,-1,-1
318,20,578.5,19.25,44.75,45.25,1,1,-1,-1
319,20,571.25,10.0,44.75,45.5,1,1,-1,-1
320,20,564.0,3.0,44.5,46.0,1,1,-1,-1
321,20,555.5,-10.5,45.0,45.0,1,1,-1,-1
322,20,555.5,-20.5,45.0,45.0,1,1,-1,-1
1,21,613.5,123.5,45.0,45.0,1,1,-1,-1
2,21,609.0,120.0,45.5,45.0,1,1,-1,-1
3,21,608.5,123.0,45.75,45.0,1,1,-1,-1
4,21,607.25,121.25,45.75,45.0,1,1,-1,-1
5,21,607.0,118.25,45.75,45.0,1,1,-1,-1
6,21,607.5,118.75,45.5,45.0,1,1,-1,-1
7,21,608.25,118.75,45.5,45.0,1,1,-1,-1
8,21,615.5,127.5,45.0,45.0,1,1,-1,-1
9,21,615.5,127.5,45.0,45.0,1,1,-1,-1
10,21,615.5,127.5,45.0,45.0,1,1,-1,-1
11,21,615.5,127.5,45.0,45.0,1,1,-1,-1
12,21,615.5,127.5,45.0,45.0,1,1,-1,-1
13,21,615.5,126.5,45.0,45.0,1,1,-1,-1
14,21,615.5,126.5,45.0,45.0,1,1,-1,-1
15,21,611.0,124.25,45.5,44.75,1,1,-1,-1
16,21,612.25,124.75,45.25,45.0,1,1,-1,-1
17,21,612.0,125.0,45.25,45.0,1,1,-1,-1
18,21,612.0,125.0,45.25,44.75,1,1,-1,-1
19,21,612.5,125.25,45.25,44.75,1,1,-1,-1
20,21,613.5,125.5,45.25,44.5,1,1,-1,-1
21,21,614.25,126.25,45.0,44.75,1,1,-1,-1
22,21,614.0,126.25,45.0,44.75,1,1,-1,-1
23,21,613.5,125.5,45.25,44.75,1,1,-1,-1
24,21,613.75,124.75,45.25,45.0,1,1,-1,-1
25,21,612.75,124.25,45.25,44.75,1,1,-1,-1
26,21,612.5,124.75,45.25,44.75,1,1,-1,-1
27,21,611.0,124.5,45.0,44.75,1,1,-1,-1
28,21,610.25,124.5,45.0,44.75,1,1,-1,-1
29,21,610.75,124.0,45.25,45.0,1,1,-1,-1
30,21,610.25,124.75,45.25,44.75,1,1,-1,-1
31,21,610.0,124.25,45.25,45.0,1,1,-1,-1
32,21,609.25,124.0,45.0,44.75,1,1,-1,-1
33,21,609.5,122.75,45.25,45.0,1,1,-1,-1
34,21,610.5,124.0,45.25,44.75,1,1,-1,-1
35,21,609.75,124.5,45.25,44.75,1,1,-1,-1
36,21,610.0,125.25,45.25,45.0,1,1,-1,-1
37,21,610.0,124.75,45.5,45.0,1,1,-1,-1
38,21,609.5,125.25,45.75,45.25,1,1,-1,-1
39,21,608.25,124.5,45.5,45.75,1,1,-1,-1
40,21,610.25,122.0,45.75,45.0,1,1,-1,-1
41,21,611.25,123.5,45.5,45.25,1,1,-1,-1
42,21,611.75,123.75,45.25,45.0,1,1,-1,-1
43,21,613.0,123.5,45.0,45.0,1,1,-1,-1
44,21,614.25,124.25,45.0,45.0,1,1,-1,-1
45,21,614.75,124.0,45.0,45.25,1,1,-1,-1
46,21,613.75,123.25,45.0,45.25,1,1,-1,-1
47,21,613.25,123.5,45.0,45.0,1,1,-1,-1
48,21,612.25,122.5,45.0,45.0,1,1,-1,-1
49,21,612.75,122.75,45.0,44.75,1,1,-1,-1
50,21,612.75,122.0,45.0,45.0,1,1,-1,-1
51,21,612.5,121.5,45.25,45.0,1,1,-1,-1
52,21,611.5,122.5,45.25,45.25,1,1,-1,-1
53,21,612.5,122.75,45.0,45.0,1,1,-1,-1
54,21,612.5,121.75,45.25,45.0,1,1,-1,-1
55,21,612.75,122.75,45.25,45.0,1,1,-1,-1
56,21,612.75,122.5,45.25,45.25,1,1,-1,-1
57,21,612.25,120.5,45.25,45.0,1,1,-1,-1
58,21,612.5,120.75,45.25,45.0,1,1,-1,-1
59,21,612.0,120.5,45.0,45.0,1,1,-1,-1
60,21,612.5,120.0,45.25,45.25,1,1,-1,-1
61,21,612.25,120.25,45.25,45.0,1,1,-1,-1
62,21,612.0,120.5,45.25,45.0,1,1,-1,-1
63,21,611.75,120.25,45.25,45.0,1,1,-1,-1
64,21,611.75,120.0,45.0,45.0,1,1,-1,-1
65,21,611.5,120.0,45.25,45.0,1,1,-1,-1
66,21,611.75,119.5,45.25,45.25,1,1,-1,-1
67,21,611.75,119.5,45.25,45.5,1,1,-1,-1
68,21,611.5,119.5,45.25,45.5,1,1,-1,-1
69,21,611.75,120.0,45.25,45.0,1,1,-1,-1
70,21,612.0,120.25,45.0,45.0,1,1,-1,-1
71,21,612.25,122.25,45.25,45.0,1,1,-1,-1
72,21,612.75,120.75,45.0,45.0,1,1,-1,-1
73,21,612.5,120.5,45.0,45.0,1,1,-1,-1
74,21,612.0,120.25,45.25,45.0,1,1,-1,-1
75,21,611.5,119.75,45.25,45.0,1,1,-1,-1
76,21,611.5,119.75,45.25,45.0,1,1,-1,-1
77,21,610.75,119.25,45.25,45.0,1,1,-1,-1
78,21,611.0,119.5,45.25,45.0,1,1,-1,-1
79,21,611.5,119.75,45.0,44.75,1,1,-1,-1
80,21,610.5,120.0,45.25,45.0,1,1,-1,-1
81,21,609.0,119.75,45.5,45.0,1,1,-1,-1
82,21,608.5,119.5,45.25,45.0,1,1,-1,-1
83,21,608.75,119.0,45.25,45.0,1,1,-1,-1
84,21,609.5,118.5,45.5,45.0,1,1,-1,-1
85,21,608.0,118.5,45.5,46.0,1,1,-1,-1
86,21,608.75,120.0,45.25,45.0,1,1,-1,-1
87,21,607.5,119.75,45.25,45.0,1,1,-1,-1
88,21,609.0,119.0,45.25,45.0,1,1,-1,-1
89,21,608.25,119.25,45.25,45.0,1,1,-1,-1
90,21,609.0,118.75,45.25,45.0,1,1,-1,-1
91,21,610.0,119.5,45.25,44.75,1,1,-1,-1
92,21,610.25,121.5,45.0,44.75,1,1,-1,-1
93,21,610.5,123.5,45.25,44.75,1,1,-1,-1
94,21,610.75,125.0,45.0,44.75,1,1,-1,-1
95,21,610.25,127.0,44.75,44.75,1,1,-1,-1
96,21,610.75,129.25,44.75,44.75,1,1,-1,-1
97,21,610.5,131.25,45.0,44.5,1,1,-1,-1
98,21,611.5,132.5,44.75,45.0,1,1,-1,-1
99,21,611.25,132.0,45.0,44.75,1,1,-1,-1
100,21,611.5,132.25,45.0,44.75,1,1,-1,-1
101,21,611.0,132.5,45.0,45.0,1,1,-1,-1
102,21,611.25,132.0,45.0,44.75,1,1,-1,-1
103,21,611.25,131.75,44.75,44.5,1,1,-1,-1
104,21,611.25,132.0,45.0,44.75,1,1,-1,-1
105,21,611.75,131.25,45.0,45.0,1,1,-1,-1
106,21,611.75,131.75,45.0,44.75,1,1,-1,-1
107,21,611.0,131.5,45.25,45.0,1,1,-1,-1
108,21,611.75,130.5,45.0,44.75,1,1,-1,-1
109,21,613.75,124.75,46.0,45.25,1,1,-1,-1
110,21,616.25,128.5,45.75,45.0,1,1,-1,-1
111,21,616.5,129.5,45.5,45.0,1,1,-1,-1
112,21,618.0,131.0,45.75,45.0,1,1,-1,-1
113,21,618.749,132.889,45.75,45.0,1,1,-1,-1
114,21,612.5,132.0,44.75,45.0,1,1,-1,-1
115,21,612.25,132.0,44.75,45.0,1,1,-1,-1
116,21,612.5,131.5,45.0,45.0,1,1,-1,-1
117,21,613.25,130.75,45.0,45.0,1,1,-1,-1
118,21,613.5,131.25,45.0,45.0,1,1,-1,-1
119,21,612.5,131.25,45.0,45.0,1,1,-1,-1
120,21,612.5,131.5,45.0,44.75,1,1,-1,-1
121,21,612.5,132.0,45.0,44.75,1,1,-1,-1
122,21,613.0,131.5,45.0,45.0,1,1,-1,-1
123,21,613.0,130.75,45.0,45.0,1,1,-1,-1
124,21,614.25,131.0,45.0,45.0,1,1,-1,-1
125,21,614.25,132.0,45.0,45.0,1,1,-1,-1
126,21,615.5,129.5,45.0,45.0,1,1,-1,-1
127,21,616.25,129.75,45.0,45.0,1,1,-1,-1
128,21,614.5,129.5,45.25,44.75,1,1,-1,-1
129,21,616.0,133.75,45.5,45.0,1,1,-1,-1
130,21,617.0,139.75,45.25,45.0,1,1,-1,-1
131,21,617.25,136.5,45.0,45.0,1,1,-1,-1
132,21,618.0,142.5,45.0,45.0,1,1,-1,-1
133,21,617.75,142.25,45.0,45.0,1,1,-1,-1
134,21,617.5,143.75,45.0,45.0,1,1,-1,-1
135,21,617.25,141.75,45.0,45.0,1,1,-1,-1
136,21,616.5,136.5,45.25,45.25,1,1,-1,-1
137,21,616.25,135.0,45.25,45.25,1,1,-1,-1
138,21,615.0,135.0,45.25,45.25,1,1,-1,-1
139,21,614.25,134.0,45.0,45.0,1,1,-1,-1
140,21,613.5,133.0,45.0,45.25,1,1,-1,-1
141,21,611.5,133.5,45.0,45.0,1,1,-1,-1
142,21,611.5,133.5,45.0,45.0,1,1,-1,-1
143,21,611.5,133.5,45.0,45.0,1,1,-1,-1
144,21,612.061,126.716,45.25,45.0,1,1,-1,-1
145,21,610.75,133.0,44.75,45.0,1,1,-1,-1
146,21,611.25,138.0,45.25,45.0,1,1,-1,-1
147,21,609.25,130.75,45.25,45.0,1,1,-1,-1
148,21,609.5,128.5,45.0,45.0,1,1,-1,-1
149,21,609.5,128.5,45.0,45.0,1,1,-1,-1
150,21,609.5,128.5,45.0,45.0,1,1,-1,-1
151,21,609.5,127.5,45.0,45.0,1,1,-1,-1
152,21,611.5,124.0,45.0,45.0,1,1,-1,-1
153,21,612.5,122.5,45.0,45.0,1,1,-1,-1
154,21,613.25,121.5,45.25,45.25,1,1,-1,-1
155,21,614.75,124.0,45.0,45.25,1,1,-1,-1
156,21,615.0,123.25,45.25,45.0,1,1,-1,-1
157,21,614.5,122.5,45.0,44.75,1,1,-1,-1
158,21,615.25,120.75,45.25,45.0,1,1,-1,-1
159,21,615.0,123.5,45.25,45.0,1,1,-1,-1
160,21,617.0,123.25,45.25,45.0,1,1,-1,-1
161,21,615.0,125.5,45.25,45.25,1,1,-1,-1
162,21,615.479,126.339,45.25,45.25,1,1,-1,-1
163,21,613.5,127.0,45.5,45.25,1,1,-1,-1
164,21,612.75,126.75,46.25,45.5,1,1,-1,-1
165,21,614.5,123.5,45.75,45.0,1,1,-1,-1
166,21,613.5,121.5,46.0,45.25,1,1,-1,-1
167,21,617.5,119.75,45.5,45.25,1,1,-1,-1
168,21,616.75,120.5,45.75,45.0,1,1,-1,-1
169,21,618.0,122.0,45.5,45.0,1,1,-1,-1
170,21,618.0,121.0,45.75,45.25,1,1,-1,-1
171,21,616.0,122.5,46.25,45.75,1,1,-1,-1
172,21,615.5,123.25,46.25,45.5,1,1,-1,-1
173,21,614.951,123.911,46.25,45.5,1,1,-1,-1
174,21,619.5,120.5,45.0,45.0,1,1,-1,-1
175,21,619.5,120.5,45.0,45.0,1,1,-1,-1
176,21,619.5,120.5,45.0,45.0,1,1,-1,-1
177,21,619.5,120.5,45.0,45.0,1,1,-1,-1
178,21,619.5,120.5,45.0,45.0,1,1,-1,-1
179,21,619.5,120.5,45.0,45.0,1,1,-1,-1
180,21,619.5,120.5,45.0,45.0,1,1,-1,-1
181,21,619.5,120.5,45.0,45.0,1,1,-1,-1
182,21,619.5,120.5,45.0,45.0,1,1,-1,-1
183,21,619.5,120.5,45.0,45.0,1,1,-1,-1
184,21,619.5,120.5,45.0,45.0,1,1,-1,-1
185,21,619.5,120.5,45.0,45.0,1,1,-1,-1
186,21,619.5,120.5,45.0,45.0,1,1,-1,-1
187,21,619.5,120.5,45.0,45.0,1,1,-1,-1
188,21,624.5,118.5,45.0,45.0,1,1,-1,-1
189,21,624.5,118.5,45.0,45.0,1,1,-1,-1
190,21,624.5,118.5,45.0,45.0,1,1,-1,-1
191,21,624.5,118.5,45.0,45.0,1,1,-1,-1
192,21,624.5,118.5,45.0,45.0,1,1,-1,-1
193,21,624.5,118.5,45.0,45.0,1,1,-1,-1
194,21,624.5,118.5,45.0,45.0,1,1,-1,-1
195,21,624.5,118.5,45.0,45.0,1,1,-1,-1
196,21,624.5,118.5,45.0,45.0,1,1,-1,-1
197,21,624.5,118.5,45.0,45.0,1,1,-1,-1
198,21,624.5,118.5,45.0,45.0,1,1,-1,-1
199,21,624.5,118.5,45.0,45.0,1,1,-1,-1
200,21,624.5,118.5,45.0,45.0,1,1,-1,-1
201,21,624.5,118.5,45.0,45.0,1,1,-1,-1
202,21,624.5,118.5,45.0,45.0,1,1,-1,-1
203,21,624.5,118.5,45.0,45.0,1,1,-1,-1
204,21,624.5,118.5,45.0,45.0,1,1,-1,-1
205,21,622.5,115.5,45.0,45.0,1,1,-1,-1
206,21,622.5,115.5,45.0,45.0,1,1,-1,-1
207,21,622.5,115.5,45.0,45.0,1,1,-1,-1
208,21,622.5,115.5,45.0,45.0,1,1,-1,-1
209,21,622.5,115.5,45.0,45.0,1,1,-1,-1
210,21,622.5,115.5,45.0,45.0,1,1,-1,-1
211,21,622.5,115.5,45.0,45.0,1,1,-1,-1
212,21,622.5,115.5,45.0,45.0,1,1,-1,-1
213,21,622.5,115.5,45.0,45.0,1,1,-1,-1
214,21,622.5,115.5,45.0,45.0,1,1,-1,-1
215,21,622.5,115.5,45.0,45.0,1,1,-1,-1
216,21,622.5,115.5,45.0,45.0,1,1,-1,-1
217,21,622.5,115.5,45.0,45.0,1,1,-1,-1
218,21,624.5,117.5,45.0,45.0,1,1,-1,-1
219,21,624.5,117.5,45.0,45.0,1,1,-1,-1
220,21,624.5,117.5,45.0,45.0,1,1,-1,-1
221,21,624.5,117.5,45.0,45.0,1,1,-1,-1
222,21,624.5,117.5,45.0,45.0,1,1,-1,-1
223,21,624.5,117.5,45.0,45.0,1,1,-1,-1
224,21,628.5,121.5,45.0,45.0,1,1,-1,-1
225,21,628.5,121.5,45.0,45.0,1,1,-1,-1
226,21,627.5,121.5,45.0,45.0,1,1,-1,-1
227,21,627.5,121.5,45.0,45.0,1,1,-1,-1
228,21,627.5,121.5,45.0,45.0,1,1,-1,-1
229,21,630.5,125.5,45.0,45.0,1,1,-1,-1
230,21,634.75,129.0,45.5,45.0,1,1,-1,-1
231,21,629.75,141.75,45.5,45.0,1,1,-1,-1
232,21,632.75,145.0,45.5,45.0,1,1,-1,-1
233,21,632.25,145.5,45.5,45.0,1,1,-1,-1
234,21,630.5,144.25,45.5,44.75,1,1,-1,-1
235,21,633.0,147.25,45.25,45.25,1,1,-1,-1
236,21,635.25,148.0,45.25,45.0,1,1,-1,-1
237,21,635.75,150.0,45.25,45.0,1,1,-1,-1
238,21,635.5,149.0,45.5,45.0,1,1,-1,-1
239,21,636.0,151.0,45.75,45.25,1,1,-1,-1
240,21,636.671,151.972,45.75,45.25,1,1,-1,-1
241,21,637.205,153.07,45.75,45.25,1,1,-1,-1
242,21,637.739,154.168,45.75,45.25,1,1,-1,-1
243,21,638.273,155.266,45.75,45.25,1,1,-1,-1
244,21,638.807,156.364,45.75,45.25,1,1,-1,-1
245,21,644.75,164.5,45.25,45.25,1,1,-1,-1
246,21,646.0,167.0,45.0,45.0,1,1,-1,-1
247,21,646.0,164.25,45.25,45.25,1,1,-1,-1
248,21,646.0,163.5,45.25,45.0,1,1,-1,-1
249,21,647.5,166.5,45.0,45.0,1,1,-1,-1
250,21,647.5,166.5,45.0,45.0,1,1,-1,-1
251,21,647.5,166.5,45.0,45.0,1,1,-1,-1
252,21,647.5,166.5,45.0,45.0,1,1,-1,-1
253,21,647.5,166.5,45.0,45.0,1,1,-1,-1
254,21,647.5,166.5,45.0,45.0,1,1,-1,-1
255,21,647.5,166.5,45.0,45.0,1,1,-1,-1
256,21,647.5,163.5,45.0,45.0,1,1,-1,-1
257,21,647.5,163.5,45.0,45.0,1,1,-1,-1
258,21,647.5,163.5,45.0,45.0,1,1,-1,-1
259,21,647.5,163.5,45.0,45.0,1,1,-1,-1
260,21,647.5,163.5,45.0,45.0,1,1,-1,-1
261,21,647.5,163.5,45.0,45.0,1,1,-1,-1
262,21,647.5,163.5,45.0,45.0,1,1,-1,-1
263,21,647.5,163.5,45.0,45.0,1,1,-1,-1
264,21,647.5,163.5,45.0,45.0,1,1,-1,-1
265,21,647.5,163.5,45.0,45.0,1,1,-1,-1
266,21,647.5,163.5,45.0,45.0,1,1,-1,-1
267,21,647.5,163.5,45.0,45.0,1,1,-1,-1
268,21,647.5,163.5,45.0,45.0,1,1,-1,-1
269,21,647.5,163.5,45.0,45.0,1,1,-1,-1
270,21,647.5,163.5,45.0,45.0,1,1,-1,-1
271,21,647.5,163.5,45.0,45.0,1,1,-1,-1
272,21,647.5,163.5,45.0,45.0,1,1,-1,-1
273,21,647.5,162.5,45.0,45.0,1,1,-1,-1
274,21,647.5,162.5,45.0,45.0,1,1,-1,-1
275,21,647.5,162.5,45.0,45.0,1,1,-1,-1
276,21,647.5,162.5,45.0,45.0,1,1,-1,-1
277,21,647.5,162.5,45.0,45.0,1,1,-1,-1
278,21,647.5,162.5,45.0,45.0,1,1,-1,-1
279,21,647.5,162.5,45.0,45.0,1,1,-1,-1
280,21,647.5,162.5,45.0,45.0,1,1,-1,-1
281,21,647.5,162.5,45.0,45.0,1,1,-1,-1
282,21,647.5,162.5,45.0,45.0,1,1,-1,-1
283,21,647.5,162.5,45.0,45.0,1,1,-1,-1
284,21,647.5,162.5,45.0,45.0,1,1,-1,-1
285,21,649.5,159.5,45.0,45.0,1,1,-1,-1
286,21,649.5,159.5,45.0,45.0,1,1,-1,-1
287,21,649.5,159.5,45.0,45.0,1,1,-1,-1
288,21,649.5,159.5,45.0,45.0,1,1,-1,-1
289,21,649.5,159.5,45.0,45.0,1,1,-1,-1
290,21,649.5,159.5,45.0,45.0,1,1,-1,-1
291,21,649.5,159.5,45.0,45.0,1,1,-1,-1
292,21,649.5,159.5,45.0,45.0,1,1,-1,-1
293,21,649.5,159.5,45.0,45.0,1,1,-1,-1
294,21,649.5,159.5,45.0,45.0,1,1,-1,-1
295,21,649.5,159.5,45.0,45.0,1,1,-1,-1
296,21,649.5,159.5,45.0,45.0,1,1,-1,-1
297,21,649.5,159.5,45.0,45.0,1,1,-1,-1
298,21,649.5,159.5,45.0,45.0,1,1,-1,-1
299,21,649.5,159.5,45.0,45.0,1,1,-1,-1
300,21,649.5,159.5,45.0,45.0,1,1,-1,-1
301,21,649.5,159.5,45.0,45.0,1,1,-1,-1
302,21,649.5,159.5,45.0,45.0,1,1,-1,-1
303,21,649.5,159.5,45.0,45.0,1,1,-1,-1
304,21,649.5,159.5,45.0,45.0,1,1,-1,-1
305,21,649.5,159.5,45.0,45.0,1,1,-1,-1
306,21,649.5,159.5,45.0,45.0,1,1,-1,-1
307,21,649.5,159.5,45.0,45.0,1,1,-1,-1
308,21,646.5,170.0,45.5,45.0,1,1,-1,-1
309,21,646.75,171.5,45.25,45.25,1,1,-1,-1
310,21,647.75,173.0,45.0,44.75,1,1,-1,-1
311,21,649.0,171.75,45.0,45.0,1,1,-1,-1
312,21,648.25,172.0,45.0,45.0,1,1,-1,-1
313,21,648.5,177.75,45.0,45.0,1,1,-1,-1
314,21,648.75,177.5,45.0,45.0,1,1,-1,-1
315,21,649.5,181.5,45.0,45.0,1,1,-1,-1
316,21,642.5,192.25,45.25,45.0,1,1,-1,-1
317,21,645.0,195.5,45.25,45.25,1,1,-1,-1
318,21,645.5,195.25,45.25,45.25,1,1,-1,-1
319,21,647.0,194.75,45.25,45.25,1,1,-1,-1
320,21,649.0,195.25,45.0,45.0,1,1,-1,-1
321,21,649.0,197.0,45.0,45.0,1,1,-1,-1
322,21,650.25,198.0,45.25,45.25,1,1,-1,-1
323,21,650.5,198.5,45.25,45.0,1,1,-1,-1
324,21,652.25,201.75,45.0,45.0,1,1,-1,-1
325,21,649.5,204.0,45.25,45.0,1,1,-1,-1
326,21,650.0,205.25,45.0,45.25,1,1,-1,-1
327,21,648.5,208.0,45.0,45.0,1,1,-1,-1
328,21,648.25,210.5,45.25,45.0,1,1,-1,-1
329,21,647.25,214.25,45.25,45.0,1,1,-1,-1
330,21,646.25,215.25,45.25,45.25,1,1,-1,-1
331,21,646.5,215.75,45.0,45.25,1,1,-1,-1
332,21,647.25,215.5,45.5,45.0,1,1,-1,-1
333,21,647.0,216.25,45.25,45.0,1,1,-1,-1
334,21,647.25,216.0,45.25,45.0,1,1,-1,-1
335,21,646.5,214.5,45.25,45.25,1,1,-1,-1
336,21,645.75,214.5,45.25,45.0,1,1,-1,-1
337,21,647.25,215.25,45.0,45.0,1,1,-1,-1
338,21,647.0,215.25,45.0,45.0,1,1,-1,-1
339,21,647.5,214.75,45.0,45.0,1,1,-1,-1
340,21,647.0,214.25,45.0,45.0,1,1,-1,-1
341,21,647.25,215.25,45.0,44.75,1,1,-1,-1
342,21,647.25,215.5,45.0,44.75,1,1,-1,-1
343,21,647.0,215.25,45.0,45.0,1,1,-1,-1
344,21,647.0,215.75,45.0,45.0,1,1,-1,-1
345,21,647.25,215.75,45.0,44.75,1,1,-1,-1
346,21,647.5,215.5,45.0,45.0,1,1,-1,-1
347,21,647.75,215.25,45.0,45.0,1,1,-1,-1
348,21,647.5,215.0,45.0,45.0,1,1,-1,-1
349,21,647.25,214.75,45.0,45.0,1,1,-1,-1
350,21,647.75,216.0,45.0,45.0,1,1,-1,-1
351,21,647.75,214.5,45.0,45.0,1,1,-1,-1
352,21,647.5,214.75,45.25,45.25,1,1,-1,-1
353,21,647.25,215.25,45.25,45.0,1,1,-1,-1
354,21,648.0,216.0,45.0,45.0,1,1,-1,-1
355,21,647.75,214.75,45.0,45.0,1,1,-1,-1
356,21,648.0,215.25,45.25,45.0,1,1,-1,-1
357,21,647.5,215.75,45.0,45.0,1,1,-1,-1
358,21,647.25,216.0,45.25,45.0,1,1,-1,-1
359,21,648.25,215.75,45.0,45.0,1,1,-1,-1
360,21,648.5,216.75,45.0,45.0,1,1,-1,-1
361,21,647.75,217.0,45.0,45.0,1,1,-1,-1
362,21,649.25,217.0,44.75,44.75,1,1,-1,-1
363,21,648.5,217.0,45.0,45.0,1,1,-1,-1
364,21,649.25,217.25,45.25,45.0,1,1,-1,-1
365,21,645.25,218.75,45.0,45.0,1,1,-1,-1
366,21,645.0,218.5,45.0,45.25,1,1,-1,-1
367,21,648.5,217.5,45.0,45.0,1,1,-1,-1
368,21,644.25,216.5,45.25,45.0,1,1,-1,-1
369,21,648.25,216.0,45.0,45.0,1,1,-1,-1
370,21,648.75,216.75,45.0,45.0,1,1,-1,-1
371,21,648.5,215.75,45.0,45.0,1,1,-1,-1
372,21,648.5,215.75,45.0,45.0,1,1,-1,-1
373,21,650.0,217.5,45.0,44.75,1,1,-1,-1
374,21,650.25,217.75,44.75,45.0,1,1,-1,-1
375,21,649.0,217.5,45.0,45.25,1,1,-1,-1
376,21,648.75,220.25,45.25,45.0,1,1,-1,-1
377,21,649.5,221.25,45.0,45.0,1,1,-1,-1
378,21,649.5,220.5,45.0,45.0,1,1,-1,-1
379,21,648.25,219.75,45.0,45.0,1,1,-1,-1
380,21,648.5,220.25,45.0,45.0,1,1,-1,-1
381,21,648.75,220.25,45.0,45.0,1,1,-1,-1
382,21,649.0,220.75,45.0,45.0,1,1,-1,-1
383,21,649.25,220.75,45.0,45.0,1,1,-1,-1
384,21,649.25,220.5,45.0,45.0,1,1,-1,-1
385,21,648.75,220.5,45.0,45.0,1,1,-1,-1
386,21,648.75,220.75,45.0,45.0,1,1,-1,-1
387,21,648.75,220.75,45.0,45.0,1,1,-1,-1
388,21,649.25,220.75,45.0,45.0,1,1,-1,-1
389,21,649.0,220.75,45.25,45.0,1,1,-1,-1
390,21,648.5,220.75,45.0,44.75,1,1,-1,-1
391,21,648.25,220.75,45.25,45.0,1,1,-1,-1
392,21,648.0,221.25,45.0,45.25,1,1,-1,-1
393,21,648.25,221.0,45.0,45.0,1,1,-1,-1
394,21,648.25,221.0,44.75,45.0,1,1,-1,-1
395,21,648.25,221.25,44.75,45.0,1,1,-1,-1
396,21,648.5,222.25,44.75,44.75,1,1,-1,-1
397,21,648.75,222.0,44.5,44.75,1,1,-1,-1
398,21,647.5,220.0,44.75,45.0,1,1,-1,-1
399,21,647.0,219.25,44.75,45.0,1,1,-1,-1
400,21,646.75,219.75,44.75,44.75,1,1,-1,-1
401,21,647.5,220.25,44.75,45.0,1,1,-1,-1
402,21,647.25,220.5,45.0,45.25,1,1,-1,-1
403,21,647.0,220.75,45.0,45.0,1,1,-1,-1
404,21,647.25,220.75,44.75,45.0,1,1,-1,-1
405,21,647.25,220.25,44.75,45.0,1,1,-1,-1
406,21,647.0,220.25,45.0,45.0,1,1,-1,-1
407,21,647.0,220.0,45.0,45.0,1,1,-1,-1
408,21,647.25,220.25,44.75,45.0,1,1,-1,-1
409,21,647.25,220.25,44.75,45.0,1,1,-1,-1
410,21,647.0,220.25,45.0,45.0,1,1,-1,-1
411,21,645.75,218.25,44.75,45.0,1,1,-1,-1
412,21,647.5,221.75,44.75,45.0,1,1,-1,-1
413,21,647.25,221.25,44.75,45.0,1,1,-1,-1
414,21,647.5,221.25,45.0,45.0,1,1,-1,-1
415,21,647.5,221.0,45.0,45.25,1,1,-1,-1
416,21,647.5,221.75,45.0,45.0,1,1,-1,-1
417,21,647.5,221.25,45.0,45.0,1,1,-1,-1
418,21,647.25,220.75,45.0,45.25,1,1,-1,-1
419,21,646.75,220.5,45.0,45.25,1,1,-1,-1
420,21,647.0,220.0,45.0,45.0,1,1,-1,-1
421,21,647.5,220.25,45.0,45.25,1,1,-1,-1
422,21,647.25,220.5,45.0,45.0,1,1,-1,-1
423,21,647.5,220.0,45.0,45.25,1,1,-1,-1
424,21,647.75,220.25,45.25,45.0,1,1,-1,-1
425,21,647.75,219.75,45.25,45.0,1,1,-1,-1
426,21,648.0,219.75,45.0,45.0,1,1,-1,-1
427,21,648.0,220.0,45.0,45.0,1,1,-1,-1
428,21,648.0,219.75,45.0,45.0,1,1,-1,-1
429,21,648.25,219.25,45.0,45.0,1,1,-1,-1
430,21,647.75,219.25,45.0,45.0,1,1,-1,-1
431,21,648.0,220.0,45.0,45.0,1,1,-1,-1
432,21,648.0,219.75,45.0,45.0,1,1,-1,-1
433,21,647.75,220.0,45.0,45.0,1,1,-1,-1
434,21,647.75,219.5,45.25,45.0,1,1,-1,-1
435,21,647.75,219.25,45.25,45.0,1,1,-1,-1
436,21,647.25,219.5,45.0,45.0,1,1,-1,-1
437,21,647.5,220.0,45.0,45.0,1,1,-1,-1
438,21,647.0,220.5,45.0,45.0,1,1,-1,-1
439,21,646.5,219.75,45.0,45.0,1,1,-1,-1
440,21,647.25,218.75,45.0,45.0,1,1,-1,-1
441,21,647.25,219.75,45.0,44.75,1,1,-1,-1
442,21,647.5,220.25,45.0,45.0,1,1,-1,-1
443,21,647.5,219.75,45.0,44.75,1,1,-1,-1
444,21,647.5,219.5,45.0,44.75,1,1,-1,-1
445,21,647.5,219.25,45.0,45.0,1,1,-1,-1
446,21,647.5,219.25,44.75,44.75,1,1,-1,-1
447,21,647.5,218.5,44.75,44.75,1,1,-1,-1
448,21,647.5,218.25,45.0,45.0,1,1,-1,-1
449,21,646.25,218.5,45.0,45.0,1,1,-1,-1
450,21,646.5,218.75,45.0,45.0,1,1,-1,-1
451,21,646.25,219.25,45.0,45.0,1,1,-1,-1
452,21,646.75,219.5,45.0,45.0,1,1,-1,-1
453,21,647.25,219.0,45.0,45.0,1,1,-1,-1
454,21,648.0,218.75,45.0,45.0,1,1,-1,-1
455,21,648.25,219.0,44.75,45.0,1,1,-1,-1
456,21,648.25,219.25,44.75,45.0,1,1,-1,-1
457,21,648.25,219.5,45.0,45.0,1,1,-1,-1
458,21,649.0,219.25,45.0,45.0,1,1,-1,-1
459,21,649.0,219.25,45.0,45.0,1,1,-1,-1
460,21,649.25,218.75,45.0,45.0,1,1,-1,-1
461,21,649.0,219.0,45.0,45.0,1,1,-1,-1
462,21,648.75,219.25,45.0,45.0,1,1,-1,-1
463,21,648.25,219.5,45.0,45.0,1,1,-1,-1
464,21,648.5,219.5,45.0,45.0,1,1,-1,-1
465,21,648.25,219.25,45.0,45.0,1,1,-1,-1
466,21,647.75,219.5,45.0,45.0,1,1,-1,-1
467,21,647.25,219.75,45.0,45.0,1,1,-1,-1
468,21,647.5,219.75,45.0,45.0,1,1,-1,-1
469,21,647.75,219.5,44.75,45.0,1,1,-1,-1
470,21,647.5,219.75,45.0,45.0,1,1,-1,-1
471,21,647.25,219.75,45.0,45.0,1,1,-1,-1
472,21,647.5,219.25,45.25,45.0,1,1,-1,-1
473,21,647.75,219.0,45.0,45.0,1,1,-1,-1
474,21,647.5,219.5,45.0,45.0,1,1,-1,-1
475,21,647.75,219.25,45.0,45.0,1,1,-1,-1
476,21,648.0,220.5,45.0,45.0,1,1,-1,-1
477,21,647.75,221.0,45.0,45.0,1,1,-1,-1
478,21,647.0,221.25,45.0,45.0,1,1,-1,-1
479,21,647.0,221.75,45.0,45.0,1,1,-1,-1
480,21,646.5,223.0,45.25,45.0,1,1,-1,-1
481,21,644.75,223.5,45.25,45.25,1,1,-1,-1
482,21,647.5,225.0,45.25,45.0,1,1,-1,-1
483,21,649.75,227.75,45.0,44.75,1,1,-1,-1
484,21,649.25,229.5,45.25,45.0,1,1,-1,-1
485,21,649.0,232.25,45.0,45.0,1,1,-1,-1
486,21,649.0,234.75,45.0,45.0,1,1,-1,-1
487,21,649.25,239.0,45.25,45.0,1,1,-1,-1
488,21,647.5,241.25,45.25,45.25,1,1,-1,-1
489,21,647.25,245.75,45.25,45.0,1,1,-1,-1
490,21,646.75,249.75,45.25,45.0,1,1,-1,-1
491,21,648.25,253.0,45.0,45.0,1,1,-1,-1
492,21,648.25,251.75,45.0,45.0,1,1,-1,-1
493,21,647.25,250.5,45.0,45.0,1,1,-1,-1
494,21,647.5,250.5,45.0,45.0,1,1,-1,-1
495,21,648.25,249.5,45.0,45.0,1,1,-1,-1
496,21,648.25,249.5,45.0,45.0,1,1,-1,-1
497,21,648.0,249.5,45.0,44.75,1,1,-1,-1
498,21,647.75,249.5,45.0,45.0,1,1,-1,-1
499,21,647.0,248.75,45.25,45.0,1,1,-1,-1
500,21,646.75,248.5,45.0,45.0,1,1,-1,-1
1,22,339.25,36.75,45.25,45.0,1,1,-1,-1
2,22,340.5,34.75,45.25,45.0,1,1,-1,-1
3,22,342.0,30.25,45.25,45.25,1,1,-1,-1
4,22,344.5,27.25,45.25,45.5,1,1,-1,-1
5,22,346.5,26.75,45.25,45.25,1,1,-1,-1
6,22,346.75,27.25,45.25,45.0,1,1,-1,-1
7,22,347.0,27.0,45.25,45.25,1,1,-1,-1
8,22,348.0,27.75,45.25,45.25,1,1,-1,-1
9,22,348.25,27.5,45.25,45.25,1,1,-1,-1
10,22,349.5,27.25,45.25,45.25,1,1,-1,-1
11,22,351.5,26.25,45.5,45.5,1,1,-1,-1
12,22,354.0,26.0,45.25,45.5,1,1,-1,-1
13,22,355.5,25.75,45.25,45.25,1,1,-1,-1
14,22,356.5,25.5,45.25,45.25,1,1,-1,-1
15,22,358.0,23.5,45.25,45.25,1,1,-1,-1
16,22,360.0,21.75,45.25,45.5,1,1,-1,-1
17,22,361.0,22.0,45.5,45.5,1,1,-1,-1
18,22,361.0,21.75,45.5,45.25,1,1,-1,-1
19,22,362.25,22.5,45.5,45.5,1,1,-1,-1
20,22,365.5,23.75,45.75,45.25,1,1,-1,-1
21,22,367.5,22.75,45.5,45.25,1,1,-1,-1
22,22,369.75,23.0,45.75,45.25,1,1,-1,-1
23,22,370.75,21.25,45.0,45.0,1,1,-1,-1
24,22,372.25,21.0,45.25,45.0,1,1,-1,-1
25,22,376.5,20.25,45.0,45.0,1,1,-1,-1
26,22,380.25,16.25,45.25,45.5,1,1,-1,-1
27,22,383.0,18.0,45.0,45.0,1,1,-1,-1
28,22,387.0,16.25,45.0,45.0,1,1,-1,-1
29,22,389.75,16.5,44.75,44.75,1,1,-1,-1
30,22,393.5,18.5,44.5,44.5,1,1,-1,-1
31,22,393.5,18.5,44.5,44.75,1,1,-1,-1
32,22,394.0,19.5,44.5,44.75,1,1,-1,-1
33,22,397.0,19.25,44.75,45.0,1,1,-1,-1
34,22,398.0,20.25,44.75,45.0,1,1,-1,-1
35,22,403.0,18.75,44.75,45.0,1,1,-1,-1
36,22,407.25,20.0,45.0,45.0,1,1,-1,-1
37,22,408.75,20.0,45.0,45.0,1,1,-1,-1
38,22,409.5,19.5,45.0,45.0,1,1,-1,-1
39,22,412.25,19.0,45.0,45.25,1,1,-1,-1
40,22,413.25,20.25,45.25,45.0,1,1,-1,-1
41,22,413.75,18.5,45.25,45.25,1,1,-1,-1
42,22,413.5,17.0,45.25,45.25,1,1,-1,-1
43,22,414.5,16.0,45.25,45.25,1,1,-1,-1
44,22,413.25,15.0,45.0,45.25,1,1,-1,-1
45,22,413.25,16.0,45.25,45.25,1,1,-1,-1
46,22,413.75,13.25,45.25,45.5,1,1,-1,-1
47,22,413.25,14.5,45.25,45.5,1,1,-1,-1
48,22,412.75,14.0,45.0,45.5,1,1,-1,-1
49,22,412.5,13.75,45.25,45.75,1,1,-1,-1
50,22,411.5,15.0,45.25,45.75,1,1,-1,-1
51,22,412.25,15.0,45.25,45.75,1,1,-1,-1
52,22,413.0,14.0,45.5,45.75,1,1,-1,-1
53,22,413.5,16.25,45.5,45.75,1,1,-1,-1
54,22,413.0,17.0,45.5,45.5,1,1,-1,-1
55,22,412.0,18.75,45.5,45.5,1,1,-1,-1
56,22,411.25,20.5,45.75,45.25,1,1,-1,-1
57,22,411.0,21.75,45.5,45.5,1,1,-1,-1
58,22,412.25,22.25,45.5,45.25,1,1,-1,-1
59,22,412.75,21.75,45.75,45.5,1,1,-1,-1
60,22,413.5,21.0,45.5,45.5,1,1,-1,-1
61,22,412.25,21.5,45.25,45.0,1,1,-1,-1
62,22,412.25,17.5,45.0,45.25,1,1,-1,-1
63,22,415.0,13.5,45.25,45.5,1,1,-1,-1
64,22,416.25,12.75,45.25,45.75,1,1,-1,-1
65,22,417.5,13.0,45.25,45.75,1,1,-1,-1
66,22,422.25,14.5,45.25,45.75,1,1,-1,-1
67,22,425.25,14.0,45.25,46.0,1,1,-1,-1
68,22,425.25,13.25,45.25,46.0,1,1,-1,-1
69,22,425.75,14.5,45.5,45.75,1,1,-1,-1
70,22,428.25,12.5,45.25,46.0,1,1,-1,-1
71,22,430.0,12.75,45.25,45.75,1,1,-1,-1
72,22,431.25,15.5,45.25,45.75,1,1,-1,-1
73,22,433.25,16.0,45.0,45.75,1,1,-1,-1
74,22,434.25,18.25,45.0,45.25,1,1,-1,-1
75,22,437.0,20.75,45.0,45.25,1,1,-1,-1
76,22,440.25,22.75,45.0,45.25,1,1,-1,-1
77,22,447.0,25.25,45.0,45.75,1,1,-1,-1
78,22,453.0,26.75,45.0,45.0,1,1,-1,-1
79,22,461.75,27.75,45.25,45.0,1,1,-1,-1
80,22,466.5,26.25,45.25,45.25,1,1,-1,-1
81,22,471.5,26.25,45.25,45.25,1,1,-1,-1
82,22,475.25,26.5,45.0,45.25,1,1,-1,-1
83,22,479.25,28.75,45.25,45.0,1,1,-1,-1
84,22,483.5,31.0,45.0,44.75,1,1,-1,-1
85,22,487.75,33.25,45.0,45.0,1,1,-1,-1
86,22,489.0,32.0,45.0,45.0,1,1,-1,-1
87,22,490.25,31.75,45.0,45.0,1,1,-1,-1
88,22,492.25,31.25,45.0,45.25,1,1,-1,-1
89,22,495.25,32.75,45.0,45.0,1,1,-1,-1
90,22,499.75,34.25,45.0,45.25,1,1,-1,-1
91,22,506.75,35.75,45.0,45.0,1,1,-1,-1
92,22,512.75,37.75,45.0,45.25,1,1,-1,-1
93,22,518.75,38.5,45.5,45.5,1,1,-1,-1
94,22,523.75,40.75,45.25,45.25,1,1,-1,-1
95,22,530.75,45.5,45.0,45.0,1,1,-1,-1
96,22,536.75,49.0,45.0,45.0,1,1,-1,-1
97,22,543.75,54.25,44.75,45.0,1,1,-1,-1
98,22,549.75,59.25,44.75,45.25,1,1,-1,-1
99,22,559.0,66.5,45.0,45.25,1,1,-1,-1
100,22,564.5,73.0,45.0,45.25,1,1,-1,-1
101,22,573.75,78.0,44.75,45.25,1,1,-1,-1
102,22,580.75,87.75,44.75,45.25,1,1,-1,-1
103,22,586.25,92.25,44.5,45.0,1,1,-1,-1
104,22,590.25,92.75,44.5,45.0,1,1,-1,-1
105,22,591.5,92.25,44.75,45.25,1,1,-1,-1
106,22,591.0,91.0,44.75,45.25,1,1,-1,-1
107,22,590.75,90.75,44.5,45.0,1,1,-1,-1
108,22,591.5,90.5,44.75,45.0,1,1,-1,-1
109,22,592.0,90.0,44.5,45.25,1,1,-1,-1
110,22,592.0,90.5,44.75,45.0,1,1,-1,-1
111,22,592.0,90.5,44.75,45.0,1,1,-1,-1
112,22,592.0,91.0,44.5,45.25,1,1,-1,-1
113,22,591.75,92.75,44.75,45.25,1,1,-1,-1
114,22,591.5,95.25,44.75,45.25,1,1,-1,-1
115,22,593.25,98.0,45.0,45.5,1,1,-1,-1
116,22,595.75,101.5,45.0,45.5,1,1,-1,-1
117,22,600.25,104.75,45.0,45.0,1,1,-1,-1
118,22,603.5,106.25,45.0,45.0,1,1,-1,-1
119,22,604.5,107.5,45.0,45.0,1,1,-1,-1
120,22,605.25,109.75,45.25,45.0,1,1,-1,-1
121,22,606.0,110.25,45.25,45.0,1,1,-1,-1
122,22,607.75,110.0,45.25,45.25,1,1,-1,-1
123,22,609.0,110.5,45.0,45.25,1,1,-1,-1
124,22,609.5,113.0,45.25,45.25,1,1,-1,-1
125,22,610.25,113.75,45.25,45.25,1,1,-1,-1
126,22,612.5,116.25,45.25,45.25,1,1,-1,-1
127,22,613.5,115.0,45.25,45.25,1,1,-1,-1
128,22,612.75,115.0,45.25,45.25,1,1,-1,-1
129,22,613.5,116.5,45.25,45.25,1,1,-1,-1
130,22,613.75,116.0,45.25,45.0,1,1,-1,-1
131,22,613.0,115.0,45.25,45.25,1,1,-1,-1
132,22,612.5,114.75,45.25,45.25,1,1,-1,-1
133,22,611.75,112.25,45.25,45.25,1,1,-1,-1
134,22,611.75,111.0,45.0,45.0,1,1,-1,-1
135,22,612.0,111.5,45.25,45.0,1,1,-1,-1
136,22,613.0,111.25,45.0,45.0,1,1,-1,-1
137,22,613.5,111.25,45.0,45.25,1,1,-1,-1
138,22,613.5,113.0,45.25,45.25,1,1,-1,-1
139,22,612.5,112.5,45.25,45.25,1,1,-1,-1
140,22,611.75,112.0,45.25,45.25,1,1,-1,-1
141,22,607.0,109.5,45.25,45.0,1,1,-1,-1
142,22,599.75,115.5,45.0,45.0,1,1,-1,-1
143,22,601.25,115.25,45.25,45.25,1,1,-1,-1
144,22,601.25,117.5,45.25,45.0,1,1,-1,-1
145,22,600.0,119.25,45.25,45.0,1,1,-1,-1
146,22,597.5,121.0,45.25,45.25,1,1,-1,-1
147,22,593.0,121.5,45.25,45.25,1,1,-1,-1
148,22,591.0,125.0,45.0,45.25,1,1,-1,-1
149,22,588.0,129.0,45.0,45.25,1,1,-1,-1
150,22,585.0,135.0,45.0,45.0,1,1,-1,-1
151,22,582.25,137.75,45.0,45.25,1,1,-1,-1
152,22,580.25,143.5,45.0,45.0,1,1,-1,-1
153,22,581.25,144.25,45.0,45.0,1,1,-1,-1
154,22,580.25,145.5,45.0,45.0,1,1,-1,-1
155,22,581.0,147.25,45.0,45.0,1,1,-1,-1
156,22,580.5,148.0,45.0,45.25,1,1,-1,-1
157,22,580.75,148.0,45.0,45.0,1,1,-1,-1
158,22,580.0,148.0,45.0,45.0,1,1,-1,-1
159,22,580.0,148.5,45.0,45.0,1,1,-1,-1
160,22,578.25,147.5,45.0,45.0,1,1,-1,-1
161,22,575.75,148.75,45.0,45.0,1,1,-1,-1
162,22,575.75,149.5,45.0,45.0,1,1,-1,-1
163,22,573.0,149.5,45.25,45.25,1,1,-1,-1
164,22,569.0,153.0,45.75,46.25,1,1,-1,-1
165,22,570.75,154.0,45.75,46.75,1,1,-1,-1
166,22,572.25,158.5,45.5,46.25,1,1,-1,-1
167,22,573.0,166.25,45.0,45.25,1,1,-1,-1
168,22,575.0,171.5,45.0,45.0,1,1,-1,-1
169,22,579.75,177.25,45.0,45.0,1,1,-1,-1
170,22,582.0,185.5,45.0,44.75,1,1,-1,-1
171,22,587.5,193.75,45.25,45.75,1,1,-1,-1
172,22,591.5,202.25,45.0,45.25,1,1,-1,-1
173,22,594.25,203.5,45.0,45.25,1,1,-1,-1
174,22,597.0,203.25,45.25,45.25,1,1,-1,-1
175,22,599.5,205.5,45.0,45.0,1,1,-1,-1
176,22,601.75,206.25,45.0,45.0,1,1,-1,-1
177,22,604.5,207.25,45.0,45.0,1,1,-1,-1
178,22,607.75,206.5,45.0,45.25,1,1,-1,-1
179,22,612.25,207.25,45.25,45.25,1,1,-1,-1
180,22,616.75,208.0,45.25,45.25,1,1,-1,-1
181,22,622.25,210.0,45.5,45.25,1,1,-1,-1
182,22,622.25,211.5,45.5,45.0,1,1,-1,-1
183,22,622.0,211.25,45.5,45.5,1,1,-1,-1
184,22,623.0,211.0,45.5,45.5,1,1,-1,-1
185,22,622.0,212.25,45.5,45.0,1,1,-1,-1
186,22,621.75,212.75,45.5,45.0,1,1,-1,-1
187,22,621.75,212.5,45.25,45.0,1,1,-1,-1
188,22,621.5,212.5,45.25,45.25,1,1,-1,-1
189,22,621.5,212.25,45.0,45.25,1,1,-1,-1
190,22,621.75,212.25,45.25,45.25,1,1,-1,-1
191,22,621.75,212.5,45.25,45.25,1,1,-1,-1
192,22,622.0,212.25,45.25,45.25,1,1,-1,-1
193,22,621.5,211.5,45.25,45.25,1,1,-1,-1
194,22,622.0,211.25,45.25,45.25,1,1,-1,-1
195,22,622.0,210.5,45.25,45.25,1,1,-1,-1
196,22,621.75,210.0,45.25,45.25,1,1,-1,-1
197,22,621.5,210.0,45.25,45.25,1,1,-1,-1
198,22,621.5,210.25,45.25,45.25,1,1,-1,-1
199,22,621.5,210.0,45.25,45.0,1,1,-1,-1
200,22,621.25,210.25,45.25,45.25,1,1,-1,-1
201,22,621.5,210.25,45.25,45.25,1,1,-1,-1
202,22,622.0,210.25,45.25,45.25,1,1,-1,-1
203,22,621.75,210.0,45.25,45.0,1,1,-1,-1
204,22,621.25,210.25,45.25,45.0,1,1,-1,-1
205,22,621.5,210.0,45.25,45.25,1,1,-1,-1
206,22,621.25,210.25,45.25,45.5,1,1,-1,-1
207,22,621.25,210.25,45.5,45.25,1,1,-1,-1
208,22,621.25,210.5,45.5,45.25,1,1,-1,-1
209,22,621.25,210.25,45.25,45.25,1,1,-1,-1
210,22,621.0,210.0,45.5,45.5,1,1,-1,-1
211,22,620.75,210.25,45.25,45.25,1,1,-1,-1
212,22,620.75,210.5,45.25,45.25,1,1,-1,-1
213,22,620.5,210.75,45.5,45.25,1,1,-1,-1
214,22,620.5,211.0,45.25,45.25,1,1,-1,-1
215,22,620.5,210.5,45.25,45.25,1,1,-1,-1
216,22,620.75,210.5,45.25,45.25,1,1,-1,-1
217,22,620.5,210.25,45.25,45.25,1,1,-1,-1
218,22,620.5,210.75,45.5,45.5,1,1,-1,-1
219,22,620.5,210.25,45.5,45.5,1,1,-1,-1
220,22,620.75,211.0,45.5,45.75,1,1,-1,-1
221,22,620.5,210.75,45.5,45.5,1,1,-1,-1
222,22,620.0,210.5,45.5,45.25,1,1,-1,-1
223,22,620.0,210.5,45.5,46.0,1,1,-1,-1
224,22,620.0,210.25,45.25,46.0,1,1,-1,-1
225,22,619.75,210.25,45.5,45.75,1,1,-1,-1
226,22,619.75,210.0,45.25,45.75,1,1,-1,-1
227,22,620.0,209.75,45.5,45.5,1,1,-1,-1
228,22,620.25,209.75,45.25,45.25,1,1,-1,-1
229,22,620.0,210.25,45.25,45.0,1,1,-1,-1
230,22,619.75,210.0,45.25,45.0,1,1,-1,-1
231,22,620.75,209.5,45.0,45.25,1,1,-1,-1
232,22,620.5,209.75,45.25,45.25,1,1,-1,-1
233,22,620.25,209.75,45.0,45.0,1,1,-1,-1
234,22,620.75,209.5,45.25,45.25,1,1,-1,-1
235,22,620.0,209.5,45.0,45.0,1,1,-1,-1
236,22,620.75,209.25,45.0,45.0,1,1,-1,-1
237,22,620.5,209.75,45.0,45.0,1,1,-1,-1
238,22,621.0,209.5,45.25,45.0,1,1,-1,-1
239,22,620.75,209.5,45.25,45.25,1,1,-1,-1
240,22,621.25,210.0,45.5,45.0,1,1,-1,-1
241,22,621.0,208.25,45.25,45.25,1,1,-1,-1
242,22,620.5,208.25,45.25,45.0,1,1,-1,-1
243,22,621.0,207.75,45.25,45.25,1,1,-1,-1
244,22,620.25,207.75,45.25,45.25,1,1,-1,-1
245,22,619.0,208.75,45.25,45.0,1,1,-1,-1
246,22,618.5,208.25,45.25,45.25,1,1,-1,-1
247,22,618.25,208.75,45.25,45.25,1,1,-1,-1
248,22,619.25,209.0,45.25,45.5,1,1,-1,-1
249,22,618.5,209.0,45.0,45.25,1,1,-1,-1
250,22,618.5,209.25,45.25,45.25,1,1,-1,-1
251,22,617.75,209.0,45.25,45.25,1,1,-1,-1
252,22,617.5,207.75,45.25,45.25,1,1,-1,-1
253,22,616.75,206.75,45.25,45.0,1,1,-1,-1
254,22,616.75,207.75,45.25,45.25,1,1,-1,-1
255,22,617.75,207.75,45.25,45.25,1,1,-1,-1
256,22,618.5,207.5,45.5,45.25,1,1,-1,-1
257,22,618.75,208.25,45.5,45.25,1,1,-1,-1
258,22,618.75,207.5,45.5,45.25,1,1,-1,-1
259,22,620.0,207.25,45.5,45.25,1,1,-1,-1
260,22,620.0,207.0,45.5,45.25,1,1,-1,-1
261,22,620.0,207.0,45.5,45.25,1,1,-1,-1
262,22,619.5,207.5,45.25,45.25,1,1,-1,-1
263,22,619.25,207.5,45.25,45.25,1,1,-1,-1
264,22,618.75,207.25,45.25,45.25,1,1,-1,-1
265,22,618.25,206.75,45.25,45.25,1,1,-1,-1
266,22,618.25,206.75,45.25,45.0,1,1,-1,-1
267,22,618.5,206.75,45.0,45.0,1,1,-1,-1
268,22,618.75,206.75,45.25,45.0,1,1,-1,-1
269,22,618.25,205.75,45.0,45.0,1,1,-1,-1
270,22,618.25,207.0,45.0,45.0,1,1,-1,-1
271,22,618.5,207.0,45.0,45.0,1,1,-1,-1
272,22,618.0,207.25,45.0,45.0,1,1,-1,-1
273,22,618.5,206.25,44.75,45.0,1,1,-1,-1
274,22,617.75,206.75,45.0,45.25,1,1,-1,-1
275,22,617.75,206.5,45.0,45.25,1,1,-1,-1
276,22,618.0,206.0,45.0,45.0,1,1,-1,-1
277,22,618.0,206.0,45.0,45.25,1,1,-1,-1
278,22,617.5,206.25,45.25,45.0,1,1,-1,-1
279,22,617.75,206.5,45.25,45.25,1,1,-1,-1
280,22,618.5,207.0,45.0,45.0,1,1,-1,-1
281,22,618.75,207.0,45.25,45.0,1,1,-1,-1
282,22,619.25,206.5,45.25,45.25,1,1,-1,-1
283,22,618.75,205.25,45.0,45.25,1,1,-1,-1
284,22,618.5,205.5,45.25,45.25,1,1,-1,-1
285,22,618.25,206.0,45.0,45.0,1,1,-1,-1
286,22,618.5,206.0,45.0,45.25,1,1,-1,-1
287,22,618.25,206.0,45.0,45.25,1,1,-1,-1
288,22,617.75,206.75,45.0,45.0,1,1,-1,-1
289,22,618.0,207.0,45.0,45.25,1,1,-1,-1
290,22,617.75,202.5,45.0,45.0,1,1,-1,-1
291,22,616.826,200.556,45.0,45.0,1,1,-1,-1
292,22,617.0,203.0,45.25,45.25,1,1,-1,-1
293,22,617.5,205.25,45.0,45.0,1,1,-1,-1
294,22,617.25,206.25,45.25,45.25,1,1,-1,-1
295,22,617.0,206.0,45.25,45.0,1,1,-1,-1
296,22,617.25,205.25,45.25,45.25,1,1,-1,-1
297,22,617.25,206.5,45.0,45.0,1,1,-1,-1
298,22,617.25,206.75,45.25,45.0,1,1,-1,-1
299,22,617.25,206.5,45.25,45.25,1,1,-1,-1
300,22,617.5,207.0,45.0,45.25,1,1,-1,-1
301,22,616.75,206.75,45.25,45.25,1,1,-1,-1
302,22,616.0,206.25,45.25,45.25,1,1,-1,-1
303,22,616.25,206.25,45.0,45.0,1,1,-1,-1
304,22,616.5,205.5,45.0,45.25,1,1,-1,-1
305,22,616.5,205.75,45.25,45.25,1,1,-1,-1
306,22,616.25,202.25,45.0,45.0,1,1,-1,-1
307,22,617.5,208.5,45.0,45.0,1,1,-1,-1
308,22,616.0,206.5,45.25,45.25,1,1,-1,-1
309,22,616.75,205.5,45.0,45.25,1,1,-1,-1
310,22,617.0,206.75,45.0,45.0,1,1,-1,-1
311,22,616.75,206.75,45.25,45.0,1,1,-1,-1
312,22,617.5,207.0,45.0,45.0,1,1,-1,-1
313,22,617.25,206.75,45.25,45.25,1,1,-1,-1
314,22,616.75,207.0,45.25,45.0,1,1,-1,-1
315,22,616.75,205.5,45.0,45.0,1,1,-1,-1
316,22,617.25,206.25,45.25,45.0,1,1,-1,-1
317,22,616.5,206.25,45.25,45.25,1,1,-1,-1
318,22,617.5,206.75,45.25,45.0,1,1,-1,-1
319,22,618.0,206.5,45.25,45.0,1,1,-1,-1
320,22,617.5,206.5,45.25,45.0,1,1,-1,-1
321,22,618.25,206.0,45.25,45.0,1,1,-1,-1
322,22,618.25,206.0,45.0,45.0,1,1,-1,-1
323,22,618.0,206.25,45.25,45.0,1,1,-1,-1
324,22,618.5,205.5,45.0,45.0,1,1,-1,-1
325,22,618.25,205.75,45.0,45.0,1,1,-1,-1
326,22,618.75,206.25,45.0,45.0,1,1,-1,-1
327,22,618.5,206.0,45.0,45.0,1,1,-1,-1
328,22,617.5,206.0,45.0,45.0,1,1,-1,-1
329,22,617.5,205.5,45.0,45.0,1,1,-1,-1
330,22,617.75,206.0,45.25,45.0,1,1,-1,-1
331,22,617.5,206.25,45.0,45.25,1,1,-1,-1
332,22,618.0,207.0,45.25,45.0,1,1,-1,-1
333,22,618.25,207.0,45.25,45.0,1,1,-1,-1
334,22,617.75,207.0,45.25,45.0,1,1,-1,-1
335,22,617.0,206.75,45.0,45.0,1,1,-1,-1
336,22,617.0,206.5,45.25,45.0,1,1,-1,-1
337,22,617.25,205.25,45.0,45.0,1,1,-1,-1
338,22,617.25,205.5,45.0,45.0,1,1,-1,-1
339,22,617.25,205.75,45.0,45.0,1,1,-1,-1
340,22,617.25,205.25,45.0,45.0,1,1,-1,-1
341,22,617.25,206.0,45.0,45.0,1,1,-1,-1
342,22,617.25,206.0,45.0,45.0,1,1,-1,-1
343,22,617.5,206.25,45.25,45.0,1,1,-1,-1
344,22,617.5,206.75,45.0,45.25,1,1,-1,-1
345,22,618.25,208.0,45.0,45.0,1,1,-1,-1
346,22,617.75,207.25,45.5,45.25,1,1,-1,-1
347,22,617.75,206.75,45.25,45.25,1,1,-1,-1
348,22,617.25,206.25,45.25,45.0,1,1,-1,-1
349,22,617.0,206.75,45.25,45.0,1,1,-1,-1
350,22,616.25,206.75,45.25,45.0,1,1,-1,-1
351,22,616.5,206.75,45.5,45.25,1,1,-1,-1
352,22,616.25,206.25,45.25,45.25,1,1,-1,-1
353,22,616.5,206.5,45.25,45.25,1,1,-1,-1
354,22,616.5,206.0,45.25,45.25,1,1,-1,-1
355,22,617.5,205.25,45.25,45.25,1,1,-1,-1
356,22,617.0,206.75,45.25,45.5,1,1,-1,-1
357,22,617.25,207.0,45.25,45.25,1,1,-1,-1
358,22,617.0,207.5,45.5,45.5,1,1,-1,-1
359,22,618.75,206.75,45.5,45.25,1,1,-1,-1
360,22,619.25,206.5,45.25,45.5,1,1,-1,-1
361,22,619.25,206.75,45.25,45.25,1,1,-1,-1
362,22,621.75,206.5,45.25,45.25,1,1,-1,-1
363,22,622.75,205.0,45.25,45.25,1,1,-1,-1
364,22,624.0,204.0,45.25,45.5,1,1,-1,-1
365,22,625.75,203.75,45.5,45.25,1,1,-1,-1
366,22,626.0,202.75,45.25,45.25,1,1,-1,-1
367,22,625.0,202.5,45.25,45.5,1,1,-1,-1
368,22,625.5,202.0,45.25,45.25,1,1,-1,-1
369,22,626.0,201.5,45.25,45.25,1,1,-1,-1
370,22,626.75,200.0,45.25,45.25,1,1,-1,-1
371,22,627.5,200.25,45.25,45.25,1,1,-1,-1
372,22,628.0,200.25,45.25,45.25,1,1,-1,-1
373,22,629.0,199.25,45.25,45.0,1,1,-1,-1
374,22,630.5,197.75,45.25,45.0,1,1,-1,-1
375,22,630.5,195.5,45.25,45.25,1,1,-1,-1
376,22,630.25,192.5,45.25,45.0,1,1,-1,-1
377,22,630.25,188.75,45.25,45.0,1,1,-1,-1
378,22,630.0,184.25,45.5,45.5,1,1,-1,-1
379,22,629.25,184.0,45.5,45.0,1,1,-1,-1
380,22,629.5,183.75,45.5,45.0,1,1,-1,-1
381,22,630.25,183.0,45.25,45.0,1,1,-1,-1
382,22,630.5,183.5,45.5,45.25,1,1,-1,-1
383,22,631.25,183.0,45.5,45.25,1,1,-1,-1
384,22,630.5,182.25,45.25,45.0,1,1,-1,-1
385,22,630.75,182.5,45.25,45.0,1,1,-1,-1
386,22,630.0,182.75,45.5,45.0,1,1,-1,-1
387,22,630.25,182.75,45.25,45.25,1,1,-1,-1
388,22,630.25,182.25,45.0,45.0,1,1,-1,-1
389,22,629.75,181.5,45.25,45.0,1,1,-1,-1
390,22,630.25,177.75,45.0,45.0,1,1,-1,-1
391,22,630.5,176.5,45.25,45.0,1,1,-1,-1
392,22,630.5,175.75,45.25,44.75,1,1,-1,-1
393,22,630.0,174.25,45.25,44.75,1,1,-1,-1
394,22,629.5,173.5,45.25,44.75,1,1,-1,-1
395,22,629.75,172.0,45.25,44.75,1,1,-1,-1
396,22,630.5,170.25,45.25,44.75,1,1,-1,-1
397,22,632.0,165.25,45.25,44.75,1,1,-1,-1
398,22,632.5,163.5,45.25,45.0,1,1,-1,-1
399,22,632.0,163.75,45.25,45.0,1,1,-1,-1
400,22,631.5,163.25,45.25,45.0,1,1,-1,-1
401,22,631.75,164.25,45.25,45.0,1,1,-1,-1
402,22,631.25,164.25,45.5,45.0,1,1,-1,-1
403,22,630.5,165.0,45.25,44.75,1,1,-1,-1
404,22,629.5,166.5,45.25,45.0,1,1,-1,-1
405,22,628.75,166.75,45.5,45.0,1,1,-1,-1
406,22,626.5,168.0,45.25,44.75,1,1,-1,-1
407,22,625.75,169.0,45.0,44.75,1,1,-1,-1
408,22,625.25,168.5,45.25,44.75,1,1,-1,-1
409,22,625.75,168.75,45.0,44.75,1,1,-1,-1
410,22,625.75,168.5,45.0,44.75,1,1,-1,-1
411,22,625.75,168.5,45.0,44.75,1,1,-1,-1
412,22,625.25,167.75,45.25,44.75,1,1,-1,-1
413,22,625.0,167.75,45.0,44.75,1,1,-1,-1
414,22,623.75,167.75,45.0,44.75,1,1,-1,-1
415,22,622.25,166.75,45.25,45.0,1,1,-1,-1
416,22,621.0,166.25,45.25,45.0,1,1,-1,-1
417,22,621.0,168.75,45.0,44.75,1,1,-1,-1
418,22,617.75,167.25,45.0,45.0,1,1,-1,-1
419,22,614.25,167.25,45.25,44.75,1,1,-1,-1
420,22,610.25,166.5,45.25,45.0,1,1,-1,-1
421,22,607.0,165.5,45.25,45.0,1,1,-1,-1
422,22,602.0,164.75,45.0,45.0,1,1,-1,-1
423,22,596.5,164.25,45.0,45.0,1,1,-1,-1
424,22,590.25,162.75,45.25,45.0,1,1,-1,-1
425,22,582.25,160.75,45.0,45.0,1,1,-1,-1
426,22,579.5,158.75,45.25,45.25,1,1,-1,-1
427,22,580.5,160.5,45.0,45.25,1,1,-1,-1
428,22,581.5,161.5,45.0,45.0,1,1,-1,-1
429,22,584.0,163.75,45.0,44.75,1,1,-1,-1
430,22,581.5,162.0,45.25,45.0,1,1,-1,-1
431,22,578.5,160.5,45.25,45.25,1,1,-1,-1
432,22,578.0,160.0,45.25,45.25,1,1,-1,-1
433,22,577.5,160.0,45.25,45.25,1,1,-1,-1
434,22,578.25,160.25,45.25,45.25,1,1,-1,-1
435,22,578.0,160.0,45.25,45.25,1,1,-1,-1
436,22,577.25,160.75,45.25,45.25,1,1,-1,-1
437,22,577.5,161.25,45.25,45.0,1,1,-1,-1
438,22,578.25,161.0,45.0,45.0,1,1,-1,-1
439,22,578.75,161.25,45.25,45.0,1,1,-1,-1
440,22,579.0,161.0,45.0,45.0,1,1,-1,-1
441,22,579.25,161.5,45.25,45.0,1,1,-1,-1
442,22,578.25,161.5,45.0,45.0,1,1,-1,-1
443,22,577.5,161.25,45.0,44.75,1,1,-1,-1
444,22,577.25,161.0,45.5,45.0,1,1,-1,-1
445,22,577.75,161.0,45.0,45.0,1,1,-1,-1
446,22,578.0,162.0,45.25,44.75,1,1,-1,-1
447,22,577.75,161.5,45.25,45.0,1,1,-1,-1
448,22,578.25,161.75,45.25,45.0,1,1,-1,-1
449,22,578.25,161.25,45.25,45.0,1,1,-1,-1
450,22,578.25,161.25,45.5,45.0,1,1,-1,-1
451,22,578.75,161.5,45.25,45.25,1,1,-1,-1
452,22,578.0,160.75,45.25,45.0,1,1,-1,-1
453,22,578.25,160.75,45.5,45.25,1,1,-1,-1
454,22,578.25,160.75,45.5,45.0,1,1,-1,-1
455,22,578.5,161.25,45.5,45.25,1,1,-1,-1
456,22,578.5,162.25,45.25,45.0,1,1,-1,-1
457,22,579.0,162.0,45.0,45.0,1,1,-1,-1
458,22,578.75,162.5,45.25,45.0,1,1,-1,-1
459,22,579.0,162.0,45.25,45.25,1,1,-1,-1
460,22,579.5,161.75,44.75,45.0,1,1,-1,-1
461,22,578.75,161.75,44.75,44.75,1,1,-1,-1
462,22,577.5,162.5,45.0,44.75,1,1,-1,-1
463,22,578.75,162.5,44.75,44.5,1,1,-1,-1
464,22,579.0,162.5,44.5,44.5,1,1,-1,-1
465,22,579.5,163.5,44.5,44.75,1,1,-1,-1
466,22,579.25,164.0,44.5,44.5,1,1,-1,-1
467,22,579.0,164.25,44.75,44.75,1,1,-1,-1
468,22,578.75,164.25,44.75,44.5,1,1,-1,-1
469,22,579.0,163.5,44.75,44.75,1,1,-1,-1
470,22,579.5,163.25,44.5,44.75,1,1,-1,-1
471,22,580.0,163.75,44.75,44.75,1,1,-1,-1
472,22,580.25,162.75,44.75,44.75,1,1,-1,-1
473,22,580.0,163.0,44.75,44.75,1,1,-1,-1
474,22,580.0,163.25,44.5,44.5,1,1,-1,-1
475,22,580.25,163.25,44.5,44.75,1,1,-1,-1
476,22,580.75,163.5,44.75,44.75,1,1,-1,-1
477,22,580.75,163.25,44.75,44.75,1,1,-1,-1
478,22,581.0,164.25,44.75,44.5,1,1,-1,-1
479,22,580.75,163.75,44.5,44.5,1,1,-1,-1
480,22,580.75,164.0,44.5,44.25,1,1,-1,-1
481,22,580.75,163.75,44.5,44.5,1,1,-1,-1
482,22,580.25,164.0,44.75,44.5,1,1,-1,-1
483,22,580.5,164.75,44.75,44.5,1,1,-1,-1
484,22,579.75,164.5,44.5,44.5,1,1,-1,-1
485,22,579.5,164.0,44.5,44.5,1,1,-1,-1
486,22,579.5,163.5,44.5,44.5,1,1,-1,-1
487,22,579.25,162.25,45.0,44.75,1,1,-1,-1
488,22,580.5,163.0,44.75,45.0,1,1,-1,-1
489,22,580.75,162.5,44.75,45.0,1,1,-1,-1
490,22,580.25,162.5,44.75,44.75,1,1,-1,-1
491,22,580.0,162.25,44.75,44.75,1,1,-1,-1
492,22,579.75,161.75,45.0,45.25,1,1,-1,-1
493,22,578.75,161.0,45.0,45.25,1,1,-1,-1
494,22,579.5,161.5,45.0,45.0,1,1,-1,-1
495,22,579.5,162.75,44.75,45.0,1,1,-1,-1
496,22,579.75,163.5,45.0,45.0,1,1,-1,-1
497,22,579.75,163.25,44.75,45.0,1,1,-1,-1
498,22,579.25,163.5,44.75,44.75,1,1,-1,-1
499,22,579.0,164.25,44.75,44.75,1,1,-1,-1
500,22,579.5,165.0,44.75,44.75,1,1,-1,-1
1,23,506.5,210.25,44.75,44.75,1,1,-1,-1
2,23,507.0,210.5,44.75,44.75,1,1,-1,-1
3,23,507.5,210.0,45.0,44.75,1,1,-1,-1
4,23,508.0,210.25,45.0,45.0,1,1,-1,-1
5,23,508.75,211.25,45.0,45.0,1,1,-1,-1
6,23,508.75,213.5,45.0,45.0,1,1,-1,-1
7,23,511.25,216.75,45.25,45.0,1,1,-1,-1
8,23,510.75,217.25,45.0,45.0,1,1,-1,-1
9,23,509.75,221.0,45.0,45.25,1,1,-1,-1
10,23,508.75,228.0,45.0,45.25,1,1,-1,-1
11,23,508.5,233.0,45.25,45.0,1,1,-1,-1
12,23,508.0,236.75,45.0,45.0,1,1,-1,-1
13,23,504.25,243.0,44.75,45.0,1,1,-1,-1
14,23,503.5,247.25,44.75,45.0,1,1,-1,-1
15,23,503.25,252.75,45.0,45.0,1,1,-1,-1
16,23,500.25,254.25,45.0,45.0,1,1,-1,-1
17,23,496.75,254.75,44.75,44.75,1,1,-1,-1
18,23,491.0,256.75,45.25,46.0,1,1,-1,-1
19,23,487.5,259.75,45.5,46.5,1,1,-1,-1
20,23,485.0,261.5,45.25,45.75,1,1,-1,-1
21,23,483.0,264.5,45.25,45.25,1,1,-1,-1
22,23,484.0,268.25,45.0,45.0,1,1,-1,-1
23,23,486.75,271.0,44.75,45.0,1,1,-1,-1
24,23,489.5,274.25,45.0,45.0,1,1,-1,-1
25,23,491.0,280.75,45.25,45.0,1,1,-1,-1
26,23,491.5,284.0,45.0,44.75,1,1,-1,-1
27,23,493.0,289.5,45.25,44.75,1,1,-1,-1
28,23,493.25,291.0,45.25,45.0,1,1,-1,-1
29,23,494.5,295.5,45.0,44.75,1,1,-1,-1
30,23,496.0,296.5,45.25,45.0,1,1,-1,-1
31,23,497.25,298.75,45.25,45.0,1,1,-1,-1
32,23,499.0,302.75,45.0,45.0,1,1,-1,-1
33,23,501.75,307.75,45.0,45.0,1,1,-1,-1
34,23,501.5,313.25,45.0,45.0,1,1,-1,-1
35,23,501.0,313.5,45.0,45.0,1,1,-1,-1
36,23,502.25,315.25,45.0,44.75,1,1,-1,-1
37,23,503.0,317.75,45.0,45.0,1,1,-1,-1
38,23,502.5,318.25,45.0,45.0,1,1,-1,-1
39,23,502.25,318.75,45.0,45.0,1,1,-1,-1
40,23,502.5,319.0,45.0,45.0,1,1,-1,-1
41,23,503.25,318.0,45.0,45.0,1,1,-1,-1
42,23,503.0,318.25,45.25,45.0,1,1,-1,-1
43,23,502.0,318.0,45.0,45.0,1,1,-1,-1
44,23,501.25,318.75,45.0,45.25,1,1,-1,-1
45,23,500.75,320.0,45.25,45.0,1,1,-1,-1
46,23,501.25,321.0,45.25,45.25,1,1,-1,-1
47,23,501.5,322.25,45.0,45.0,1,1,-1,-1
48,23,501.5,322.75,45.25,45.25,1,1,-1,-1
49,23,502.5,324.25,45.25,45.0,1,1,-1,-1
50,23,504.5,327.25,45.25,45.25,1,1,-1,-1
51,23,506.5,331.0,45.5,45.25,1,1,-1,-1
52,23,510.5,335.0,45.5,46.0,1,1,-1,-1
53,23,515.25,340.0,45.0,45.25,1,1,-1,-1
54,23,520.25,345.75,45.25,45.25,1,1,-1,-1
55,23,523.75,350.75,45.5,46.25,1,1,-1,-1
56,23,532.0,357.25,45.25,46.25,1,1,-1,-1
57,23,541.75,364.0,45.25,46.0,1,1,-1,-1
58,23,548.5,369.25,45.0,45.25,1,1,-1,-1
59,23,559.0,374.25,45.5,46.75,1,1,-1,-1
60,23,567.75,379.25,45.5,46.5,1,1,-1,-1
61,23,576.25,384.25,45.25,46.0,1,1,-1,-1
62,23,587.5,386.75,45.0,45.25,1,1,-1,-1
63,23,589.0,386.5,45.0,45.25,1,1,-1,-1
64,23,588.75,386.25,45.0,45.25,1,1,-1,-1
65,23,588.25,386.25,45.25,45.5,1,1,-1,-1
66,23,588.5,386.25,45.25,45.25,1,1,-1,-1
67,23,588.75,386.0,45.25,45.5,1,1,-1,-1
68,23,587.25,387.5,45.0,45.25,1,1,-1,-1
69,23,586.5,389.25,45.0,45.5,1,1,-1,-1
70,23,584.25,390.0,45.0,45.5,1,1,-1,-1
71,23,583.25,391.25,45.0,45.5,1,1,-1,-1
72,23,579.75,393.0,44.75,45.5,1,1,-1,-1
73,23,576.75,394.25,44.75,45.25,1,1,-1,-1
74,23,574.5,395.75,45.0,45.25,1,1,-1,-1
75,23,573.75,399.0,44.75,45.5,1,1,-1,-1
76,23,573.25,402.0,44.75,45.5,1,1,-1,-1
77,23,573.75,405.5,45.0,45.75,1,1,-1,-1
78,23,574.0,408.25,45.0,45.5,1,1,-1,-1
79,23,571.25,409.5,45.0,45.25,1,1,-1,-1
80,23,571.0,408.5,45.0,46.25,1,1,-1,-1
81,23,570.75,408.75,45.0,46.25,1,1,-1,-1
82,23,570.75,409.0,45.0,46.0,1,1,-1,-1
83,23,569.75,409.75,45.0,45.5,1,1,-1,-1
84,23,568.25,410.25,45.25,46.25,1,1,-1,-1
85,23,566.25,410.5,45.0,45.75,1,1,-1,-1
86,23,563.0,409.75,45.5,47.25,1,1,-1,-1
87,23,562.0,409.75,45.0,45.5,1,1,-1,-1
88,23,560.75,409.75,45.5,47.25,1,1,-1,-1
89,23,558.25,410.5,45.25,46.25,1,1,-1,-1
90,23,554.5,413.0,45.0,45.25,1,1,-1,-1
91,23,549.5,414.5,45.25,46.75,1,1,-1,-1
92,23,546.0,415.75,45.0,45.5,1,1,-1,-1
93,23,544.0,415.75,45.0,45.25,1,1,-1,-1
94,23,545.0,415.75,45.0,45.25,1,1,-1,-1
95,23,544.5,415.75,45.0,45.25,1,1,-1,-1
96,23,543.75,416.0,45.25,45.25,1,1,-1,-1
97,23,544.75,416.25,45.0,45.25,1,1,-1,-1
98,23,545.0,416.5,45.0,45.25,1,1,-1,-1
99,23,545.25,417.0,45.0,45.25,1,1,-1,-1
100,23,544.75,417.5,45.0,45.0,1,1,-1,-1
101,23,544.5,418.5,45.0,45.25,1,1,-1,-1
102,23,544.25,420.25,45.0,45.25,1,1,-1,-1
103,23,544.0,421.75,45.0,45.25,1,1,-1,-1
104,23,544.0,423.75,45.0,45.25,1,1,-1,-1
105,23,543.0,427.75,44.75,45.25,1,1,-1,-1
106,23,540.5,432.5,45.0,45.25,1,1,-1,-1
107,23,539.25,436.25,45.0,45.25,1,1,-1,-1
108,23,536.75,438.5,45.0,45.25,1,1,-1,-1
109,23,533.0,440.5,45.0,45.5,1,1,-1,-1
110,23,528.0,443.0,45.25,45.5,1,1,-1,-1
111,23,524.0,445.25,45.0,45.5,1,1,-1,-1
112,23,519.75,448.25,45.0,45.25,1,1,-1,-1
113,23,515.0,451.25,45.25,45.75,1,1,-1,-1
114,23,509.25,455.5,45.25,45.5,1,1,-1,-1
115,23,502.5,457.25,45.0,45.5,1,1,-1,-1
116,23,499.75,457.0,45.0,45.25,1,1,-1,-1
117,23,497.0,458.0,45.25,45.5,1,1,-1,-1
118,23,494.0,461.0,45.25,45.25,1,1,-1,-1
119,23,491.75,462.75,45.25,45.5,1,1,-1,-1
120,23,490.0,464.25,45.25,45.5,1,1,-1,-1
121,23,488.25,463.75,45.25,45.5,1,1,-1,-1
122,23,485.0,464.25,45.5,45.5,1,1,-1,-1
123,23,482.75,463.75,45.25,45.5,1,1,-1,-1
124,23,478.5,462.25,45.25,45.5,1,1,-1,-1
125,23,475.25,461.5,45.25,45.5,1,1,-1,-1
126,23,469.25,462.5,45.25,45.75,1,1,-1,-1
127,23,462.75,460.75,45.25,45.75,1,1,-1,-1
128,23,455.25,458.75,45.25,45.5,1,1,-1,-1
129,23,448.75,457.75,45.0,45.25,1,1,-1,-1
130,23,442.0,456.5,45.0,45.25,1,1,-1,-1
131,23,437.0,453.75,45.0,45.0,1,1,-1,-1
132,23,430.0,450.5,45.0,45.25,1,1,-1,-1
133,23,422.0,451.5,45.0,45.0,1,1,-1,-1
134,23,414.5,455.5,45.25,45.25,1,1,-1,-1
135,23,410.0,458.0,45.0,45.0,1,1,-1,-1
136,23,404.5,462.5,44.75,45.25,1,1,-1,-1
137,23,400.75,465.5,45.0,45.0,1,1,-1,-1
138,23,397.75,465.75,45.0,45.25,1,1,-1,-1
139,23,394.5,465.0,45.0,45.25,1,1,-1,-1
140,23,389.75,464.25,45.0,45.25,1,1,-1,-1
141,23,385.25,461.75,45.0,45.25,1,1,-1,-1
142,23,380.0,458.0,45.0,45.5,1,1,-1,-1
143,23,374.25,454.75,45.25,46.5,1,1,-1,-1
144,23,364.0,453.5,45.25,45.75,1,1,-1,-1
145,23,358.75,453.75,45.25,45.5,1,1,-1,-1
146,23,353.5,454.75,45.5,46.0,1,1,-1,-1
147,23,348.25,452.5,45.25,45.75,1,1,-1,-1
148,23,343.25,450.5,45.0,45.25,1,1,-1,-1
149,23,341.25,448.25,45.25,46.5,1,1,-1,-1
150,23,339.0,445.5,45.0,46.75,1,1,-1,-1
151,23,335.5,443.5,45.0,45.75,1,1,-1,-1
152,23,330.5,439.0,45.0,45.25,1,1,-1,-1
153,23,324.0,436.0,45.25,45.25,1,1,-1,-1
154,23,317.5,432.5,45.5,45.5,1,1,-1,-1
155,23,315.0,430.0,45.75,45.75,1,1,-1,-1
156,23,314.75,429.75,45.75,45.75,1,1,-1,-1
157,23,314.25,427.5,45.5,45.5,1,1,-1,-1
158,23,313.75,426.5,45.25,45.75,1,1,-1,-1
159,23,306.25,425.75,45.5,46.0,1,1,-1,-1
160,23,306.75,426.5,45.5,45.75,1,1,-1,-1
161,23,305.75,428.0,45.5,45.75,1,1,-1,-1
162,23,298.25,433.5,45.25,45.5,1,1,-1,-1
163,23,298.75,432.25,45.5,45.5,1,1,-1,-1
164,23,298.5,430.75,45.25,45.5,1,1,-1,-1
165,23,297.75,429.25,45.25,45.5,1,1,-1,-1
166,23,296.5,427.25,45.5,46.0,1,1,-1,-1
167,23,295.0,425.75,45.25,45.75,1,1,-1,-1
168,23,293.5,422.75,45.5,45.75,1,1,-1,-1
169,23,290.25,419.75,45.5,45.75,1,1,-1,-1
170,23,286.0,417.75,45.5,46.25,1,1,-1,-1
171,23,279.5,415.25,45.25,45.5,1,1,-1,-1
172,23,275.0,412.25,44.75,45.25,1,1,-1,-1
173,23,270.5,409.25,44.75,45.25,1,1,-1,-1
174,23,266.25,402.0,44.75,45.5,1,1,-1,-1
175,23,264.0,398.75,44.75,45.75,1,1,-1,-1
176,23,263.5,397.75,44.5,46.0,1,1,-1,-1
177,23,261.381,395.62,44.5,46.0,1,1,-1,-1
178,23,261.5,388.0,45.0,46.75,1,1,-1,-1
179,23,259.906,383.819,45.0,46.75,1,1,-1,-1
180,23,258.646,379.424,45.0,46.75,1,1,-1,-1
181,23,246.25,367.75,45.5,47.0,1,1,-1,-1
182,23,243.75,366.25,45.25,46.75,1,1,-1,-1
183,23,239.0,361.75,45.25,47.5,1,1,-1,-1
184,23,231.5,359.75,45.25,46.75,1,1,-1,-1
185,23,229.75,356.75,45.0,47.0,1,1,-1,-1
186,23,228.5,352.75,45.0,46.25,1,1,-1,-1
187,23,226.0,350.0,44.75,45.75,1,1,-1,-1
188,23,224.75,345.0,44.75,46.0,1,1,-1,-1
189,23,224.0,342.75,45.0,46.5,1,1,-1,-1
190,23,224.0,342.75,45.0,45.75,1,1,-1,-1
191,23,223.75,342.75,45.0,45.75,1,1,-1,-1
192,23,223.25,342.25,45.0,46.0,1,1,-1,-1
193,23,222.5,341.25,45.0,45.75,1,1,-1,-1
194,23,221.75,339.75,44.75,45.75,1,1,-1,-1
195,23,221.75,339.25,45.0,46.25,1,1,-1,-1
196,23,222.25,340.75,45.0,46.0,1,1,-1,-1
197,23,221.75,340.5,45.0,46.5,1,1,-1,-1
198,23,221.25,341.25,45.0,46.0,1,1,-1,-1
199,23,221.25,341.25,45.0,46.0,1,1,-1,-1
200,23,221.25,340.75,44.75,45.5,1,1,-1,-1
201,23,221.25,341.0,44.75,45.75,1,1,-1,-1
202,23,220.75,339.25,45.0,47.0,1,1,-1,-1
203,23,221.5,338.75,45.0,46.75,1,1,-1,-1
204,23,220.25,339.5,45.0,45.75,1,1,-1,-1
205,23,220.75,340.0,45.0,45.5,1,1,-1,-1
206,23,221.0,338.75,44.75,45.25,1,1,-1,-1
207,23,220.0,336.25,44.75,45.25,1,1,-1,-1
208,23,220.5,333.25,45.0,46.25,1,1,-1,-1
209,23,220.25,330.75,45.0,45.5,1,1,-1,-1
210,23,220.0,327.0,45.0,45.5,1,1,-1,-1
211,23,222.25,323.0,45.25,45.5,1,1,-1,-1
212,23,222.75,317.0,45.0,45.75,1,1,-1,-1
213,23,220.75,316.0,45.25,45.75,1,1,-1,-1
214,23,219.0,312.25,45.25,45.25,1,1,-1,-1
215,23,218.5,311.0,45.25,45.25,1,1,-1,-1
216,23,216.75,306.25,45.25,45.5,1,1,-1,-1
217,23,216.5,303.75,45.0,45.25,1,1,-1,-1
218,23,216.25,301.25,45.0,45.25,1,1,-1,-1
219,23,216.25,298.75,45.5,45.0,1,1,-1,-1
220,23,213.75,297.5,45.5,46.75,1,1,-1,-1
221,23,212.25,294.5,45.25,45.5,1,1,-1,-1
222,23,209.5,292.5,45.25,45.5,1,1,-1,-1
223,23,209.25,291.0,45.0,45.5,1,1,-1,-1
224,23,208.25,290.0,45.25,45.75,1,1,-1,-1
225,23,207.166,288.701,45.25,45.75,1,1,-1,-1
226,23,206.12,287.406,45.25,45.75,1,1,-1,-1
227,23,205.074,286.111,45.25,45.75,1,1,-1,-1
228,23,212.5,285.5,45.0,45.0,1,1,-1,-1
229,23,213.5,274.25,45.0,45.5,1,1,-1,-1
230,23,217.0,271.5,44.75,45.5,1,1,-1,-1
231,23,218.0,268.25,44.75,45.5,1,1,-1,-1
232,23,218.75,267.5,45.0,45.5,1,1,-1,-1
233,23,219.75,267.25,45.0,45.5,1,1,-1,-1
234,23,220.0,267.25,45.0,45.25,1,1,-1,-1
235,23,222.0,264.5,45.0,45.25,1,1,-1,-1
236,23,221.75,263.5,45.0,45.25,1,1,-1,-1
237,23,223.25,263.5,44.75,45.25,1,1,-1,-1
238,23,224.0,265.75,45.0,45.25,1,1,-1,-1
239,23,223.75,265.5,45.0,45.25,1,1,-1,-1
240,23,223.75,265.75,45.0,45.25,1,1,-1,-1
241,23,224.0,266.0,45.0,45.25,1,1,-1,-1
242,23,223.5,268.25,45.25,45.25,1,1,-1,-1
243,23,223.5,268.75,45.0,45.5,1,1,-1,-1
244,23,222.25,270.0,45.0,45.25,1,1,-1,-1
245,23,220.25,269.5,44.75,45.5,1,1,-1,-1
246,23,220.5,272.0,44.75,45.25,1,1,-1,-1
247,23,223.0,272.0,44.75,46.0,1,1,-1,-1
248,23,224.25,276.25,44.75,45.25,1,1,-1,-1
249,23,227.25,279.25,44.75,45.5,1,1,-1,-1
250,23,229.5,288.5,45.0,45.25,1,1,-1,-1
251,23,231.75,292.25,45.0,45.25,1,1,-1,-1
252,23,235.5,294.5,45.0,45.25,1,1,-1,-1
253,23,239.0,297.5,45.25,45.25,1,1,-1,-1
254,23,240.5,300.25,45.25,45.25,1,1,-1,-1
255,23,241.75,300.25,45.5,45.25,1,1,-1,-1
256,23,245.75,300.75,45.5,45.25,1,1,-1,-1
257,23,250.0,300.75,45.5,45.5,1,1,-1,-1
258,23,254.25,302.0,45.25,45.25,1,1,-1,-1
259,23,256.25,305.25,45.25,45.75,1,1,-1,-1
260,23,258.75,307.0,45.0,45.5,1,1,-1,-1
261,23,260.5,308.75,45.0,45.5,1,1,-1,-1
262,23,263.25,310.5,45.5,46.5,1,1,-1,-1
263,23,264.25,314.25,45.25,46.5,1,1,-1,-1
264,23,259.5,321.5,45.25,45.5,1,1,-1,-1
265,23,267.25,323.0,44.5,45.25,1,1,-1,-1
266,23,270.25,326.25,45.5,45.5,1,1,-1,-1
267,23,269.5,330.75,45.25,45.25,1,1,-1,-1
268,23,269.75,335.75,45.0,45.75,1,1,-1,-1
269,23,272.75,340.0,45.25,45.5,1,1,-1,-1
270,23,275.0,346.25,45.0,45.5,1,1,-1,-1
271,23,281.0,352.75,45.0,45.5,1,1,-1,-1
272,23,285.75,359.25,45.25,45.5,1,1,-1,-1
273,23,288.25,364.5,45.0,45.5,1,1,-1,-1
274,23,292.75,371.75,44.75,45.5,1,1,-1,-1
275,23,302.0,374.75,45.0,46.75,1,1,-1,-1
276,23,310.0,386.75,45.0,45.5,1,1,-1,-1
277,23,305.5,383.25,45.0,45.25,1,1,-1,-1
278,23,307.0,387.5,45.0,45.25,1,1,-1,-1
279,23,307.75,390.25,44.75,45.25,1,1,-1,-1
280,23,306.5,394.75,44.75,45.0,1,1,-1,-1
281,23,305.25,398.75,44.75,45.0,1,1,-1,-1
282,23,305.25,403.75,44.75,45.0,1,1,-1,-1
283,23,305.5,406.25,45.0,44.75,1,1,-1,-1
284,23,307.0,406.0,44.75,45.0,1,1,-1,-1
285,23,307.25,406.25,45.0,45.0,1,1,-1,-1
286,23,306.75,405.0,45.25,45.25,1,1,-1,-1
287,23,310.25,407.25,45.0,45.25,1,1,-1,-1
288,23,312.0,406.5,45.0,45.25,1,1,-1,-1
289,23,309.75,405.25,45.0,45.25,1,1,-1,-1
290,23,312.0,404.5,45.0,45.25,1,1,-1,-1
291,23,312.5,402.75,45.25,45.25,1,1,-1,-1
292,23,315.75,402.0,45.25,45.25,1,1,-1,-1
293,23,316.0,400.0,45.25,45.25,1,1,-1,-1
294,23,315.0,398.5,45.5,45.25,1,1,-1,-1
295,23,322.5,395.5,45.0,45.0,1,1,-1,-1
296,23,322.5,395.5,45.0,45.0,1,1,-1,-1
297,23,322.5,395.5,45.0,45.0,1,1,-1,-1
298,23,326.5,390.5,45.0,45.0,1,1,-1,-1
299,23,326.5,390.5,45.0,45.0,1,1,-1,-1
300,23,326.5,390.5,45.0,45.0,1,1,-1,-1
301,23,326.5,390.5,45.0,45.0,1,1,-1,-1
302,23,326.5,390.5,45.0,45.0,1,1,-1,-1
303,23,329.5,390.5,45.0,45.0,1,1,-1,-1
304,23,329.5,390.5,45.0,45.0,1,1,-1,-1
305,23,336.5,391.5,45.0,45.0,1,1,-1,-1
306,23,336.5,391.5,45.0,45.0,1,1,-1,-1
307,23,336.5,391.5,45.0,45.0,1,1,-1,-1
308,23,336.5,391.5,45.0,45.0,1,1,-1,-1
309,23,336.5,391.5,45.0,45.0,1,1,-1,-1
310,23,336.5,391.5,45.0,45.0,1,1,-1,-1
311,23,336.5,391.5,45.0,45.0,1,1,-1,-1
312,23,336.5,391.5,45.0,45.0,1,1,-1,-1
313,23,336.5,391.5,45.0,45.0,1,1,-1,-1
314,23,336.5,391.5,45.0,45.0,1,1,-1,-1
315,23,336.5,391.5,45.0,45.0,1,1,-1,-1
316,23,336.5,391.5,45.0,45.0,1,1,-1,-1
317,23,336.75,397.25,45.75,46.5,1,1,-1,-1
318,23,339.75,395.0,46.75,48.25,1,1,-1,-1
319,23,340.793,394.448,46.75,48.25,1,1,-1,-1
320,23,342.363,393.573,46.75,48.25,1,1,-1,-1
321,23,337.75,398.0,45.5,45.25,1,1,-1,-1
322,23,338.75,399.25,45.25,45.25,1,1,-1,-1
323,23,338.25,398.25,45.5,45.75,1,1,-1,-1
324,23,340.75,396.0,46.0,46.0,1,1,-1,-1
325,23,341.5,397.0,46.25,47.0,1,1,-1,-1
326,23,350.5,393.5,45.0,45.0,1,1,-1,-1
327,23,350.5,393.5,45.0,45.0,1,1,-1,-1
328,23,354.5,391.5,45.0,45.0,1,1,-1,-1
329,23,354.5,391.5,45.0,45.0,1,1,-1,-1
330,23,361.25,391.75,45.25,46.25,1,1,-1,-1
331,23,365.0,392.25,45.0,45.25,1,1,-1,-1
332,23,367.5,391.75,45.0,45.5,1,1,-1,-1
333,23,371.75,392.25,44.75,45.5,1,1,-1,-1
334,23,377.0,394.5,45.0,45.5,1,1,-1,-1
335,23,380.5,395.5,44.75,45.5,1,1,-1,-1
336,23,389.5,400.25,44.75,45.25,1,1,-1,-1
337,23,395.25,405.0,45.0,45.25,1,1,-1,-1
338,23,402.25,409.0,45.0,45.25,1,1,-1,-1
339,23,411.25,414.5,45.0,45.5,1,1,-1,-1
340,23,417.0,420.5,45.25,45.5,1,1,-1,-1
341,23,425.25,426.25,45.25,45.5,1,1,-1,-1
342,23,436.75,428.25,45.0,45.25,1,1,-1,-1
343,23,442.75,431.25,45.0,45.5,1,1,-1,-1
344,23,451.75,433.75,45.25,45.75,1,1,-1,-1
345,23,460.75,433.25,45.25,45.5,1,1,-1,-1
346,23,464.75,433.25,45.25,45.75,1,1,-1,-1
347,23,472.5,433.75,45.25,47.0,1,1,-1,-1
348,23,479.75,435.0,45.5,46.0,1,1,-1,-1
349,23,486.75,436.25,45.5,46.5,1,1,-1,-1
350,23,494.5,440.75,45.0,46.25,1,1,-1,-1
351,23,495.5,444.75,44.75,45.5,1,1,-1,-1
352,23,495.25,445.75,45.0,46.25,1,1,-1,-1
353,23,496.25,448.25,45.0,46.75,1,1,-1,-1
354,23,497.25,449.75,45.0,46.5,1,1,-1,-1
355,23,498.0,450.0,45.25,46.75,1,1,-1,-1
356,23,499.0,448.75,45.0,46.0,1,1,-1,-1
357,23,501.75,445.75,45.0,46.75,1,1,-1,-1
358,23,503.0,442.5,45.0,46.5,1,1,-1,-1
359,23,501.75,440.25,45.0,46.75,1,1,-1,-1
360,23,501.0,438.75,45.0,46.0,1,1,-1,-1
361,23,502.5,434.5,45.0,45.25,1,1,-1,-1
362,23,504.25,430.0,45.0,45.25,1,1,-1,-1
363,23,508.0,423.0,45.25,46.5,1,1,-1,-1
364,23,509.5,420.25,45.25,45.5,1,1,-1,-1
365,23,512.5,416.0,45.25,45.25,1,1,-1,-1
366,23,515.0,410.0,45.0,45.25,1,1,-1,-1
367,23,518.5,402.25,45.0,45.25,1,1,-1,-1
368,23,524.25,398.5,45.0,45.25,1,1,-1,-1
369,23,527.0,393.0,45.0,45.25,1,1,-1,-1
370,23,531.5,389.75,44.75,45.25,1,1,-1,-1
371,23,536.5,386.25,45.25,45.5,1,1,-1,-1
372,23,543.25,383.75,45.25,46.25,1,1,-1,-1
373,23,549.5,382.5,45.5,48.25,1,1,-1,-1
374,23,554.5,382.0,45.25,46.25,1,1,-1,-1
375,23,562.0,381.75,45.25,45.75,1,1,-1,-1
376,23,572.75,381.75,45.25,45.75,1,1,-1,-1
377,23,580.75,379.25,45.25,46.25,1,1,-1,-1
378,23,589.5,376.25,45.5,47.0,1,1,-1,-1
379,23,598.25,375.25,45.5,47.5,1,1,-1,-1
380,23,600.75,374.0,45.25,46.25,1,1,-1,-1
381,23,601.0,373.0,45.0,46.5,1,1,-1,-1
382,23,601.25,371.5,45.25,46.5,1,1,-1,-1
383,23,602.0,368.5,45.25,47.75,1,1,-1,-1
384,23,601.25,367.5,45.0,47.0,1,1,-1,-1
385,23,600.25,363.75,45.0,47.25,1,1,-1,-1
386,23,600.5,355.75,45.25,47.0,1,1,-1,-1
387,23,601.5,351.75,45.0,45.25,1,1,-1,-1
388,23,603.5,346.5,44.75,45.0,1,1,-1,-1
389,23,604.0,340.5,44.75,45.0,1,1,-1,-1
390,23,606.0,330.0,45.0,45.75,1,1,-1,-1
391,23,608.0,323.25,45.25,46.75,1,1,-1,-1
392,23,610.75,316.75,45.25,45.25,1,1,-1,-1
393,23,612.25,311.0,45.25,45.0,1,1,-1,-1
394,23,616.5,303.25,45.0,45.25,1,1,-1,-1
395,23,619.0,297.75,45.5,46.0,1,1,-1,-1
396,23,621.0,293.0,45.75,45.75,1,1,-1,-1
397,23,620.0,289.0,45.5,45.75,1,1,-1,-1
398,23,619.75,286.0,45.25,45.0,1,1,-1,-1
399,23,620.25,281.25,45.0,45.0,1,1,-1,-1
400,23,623.0,273.5,45.0,45.25,1,1,-1,-1
401,23,624.5,268.0,45.0,45.25,1,1,-1,-1
402,23,628.75,265.5,45.0,45.0,1,1,-1,-1
403,23,635.5,263.25,45.0,45.0,1,1,-1,-1
404,23,638.0,264.25,45.0,45.0,1,1,-1,-1
405,23,642.0,264.75,45.0,45.0,1,1,-1,-1
406,23,643.5,266.5,45.0,45.0,1,1,-1,-1
407,23,643.75,266.75,45.0,45.0,1,1,-1,-1
408,23,643.75,266.75,45.0,45.0,1,1,-1,-1
409,23,643.75,266.75,44.75,45.0,1,1,-1,-1
410,23,642.5,266.25,45.0,44.75,1,1,-1,-1
411,23,642.0,264.0,45.0,44.75,1,1,-1,-1
412,23,638.25,260.75,45.0,45.0,1,1,-1,-1
413,23,637.75,259.25,45.0,45.0,1,1,-1,-1
414,23,635.25,257.5,45.0,45.0,1,1,-1,-1
415,23,633.5,254.25,45.0,45.0,1,1,-1,-1
416,23,631.0,253.0,45.0,45.0,1,1,-1,-1
417,23,630.25,251.5,45.25,45.0,1,1,-1,-1
418,23,627.5,247.0,45.5,45.25,1,1,-1,-1
419,23,625.25,242.75,45.25,45.25,1,1,-1,-1
420,23,623.5,239.5,45.0,45.0,1,1,-1,-1
421,23,622.5,236.5,45.0,45.0,1,1,-1,-1
422,23,620.0,232.0,45.0,45.0,1,1,-1,-1
423,23,614.75,227.5,44.75,45.0,1,1,-1,-1
424,23,611.5,224.5,45.0,45.25,1,1,-1,-1
425,23,609.5,218.25,45.0,45.25,1,1,-1,-1
426,23,608.25,212.25,45.0,45.25,1,1,-1,-1
427,23,606.5,204.75,45.0,45.25,1,1,-1,-1
428,23,609.5,200.25,45.0,45.25,1,1,-1,-1
429,23,613.0,195.25,45.0,45.0,1,1,-1,-1
430,23,615.25,191.0,45.0,45.0,1,1,-1,-1
431,23,619.5,184.25,45.0,45.0,1,1,-1,-1
432,23,624.25,177.5,45.25,45.0,1,1,-1,-1
433,23,627.5,171.5,45.25,45.0,1,1,-1,-1
434,23,628.0,167.75,45.5,44.75,1,1,-1,-1
435,23,627.5,165.5,45.5,44.75,1,1,-1,-1
436,23,627.0,165.0,45.5,44.75,1,1,-1,-1
437,23,626.25,163.5,45.5,44.75,1,1,-1,-1
438,23,625.0,160.75,45.5,44.75,1,1,-1,-1
439,23,622.75,158.25,45.75,45.25,1,1,-1,-1
440,23,620.5,156.0,45.25,45.0,1,1,-1,-1
441,23,619.5,153.5,45.25,45.25,1,1,-1,-1
442,23,618.0,151.5,45.0,45.0,1,1,-1,-1
443,23,615.5,148.0,45.0,44.75,1,1,-1,-1
444,23,613.0,143.0,45.0,45.0,1,1,-1,-1
445,23,609.25,135.25,45.0,45.0,1,1,-1,-1
446,23,607.75,129.75,45.0,45.0,1,1,-1,-1
447,23,605.0,123.5,45.25,46.0,1,1,-1,-1
448,23,601.0,119.25,45.25,45.0,1,1,-1,-1
449,23,598.75,113.0,45.25,45.25,1,1,-1,-1
450,23,598.5,111.0,45.5,45.0,1,1,-1,-1
451,23,595.75,109.75,45.25,45.0,1,1,-1,-1
452,23,593.25,109.75,45.25,45.0,1,1,-1,-1
453,23,589.5,108.5,45.25,45.0,1,1,-1,-1
454,23,584.0,106.5,45.0,44.75,1,1,-1,-1
455,23,580.0,104.75,45.0,45.0,1,1,-1,-1
456,23,576.5,104.75,45.0,44.75,1,1,-1,-1
457,23,571.5,105.5,45.0,44.75,1,1,-1,-1
458,23,565.25,104.75,45.0,45.0,1,1,-1,-1
459,23,557.75,102.25,45.0,45.0,1,1,-1,-1
460,23,553.75,97.25,44.75,45.25,1,1,-1,-1
461,23,550.25,93.0,44.75,45.0,1,1,-1,-1
462,23,548.0,91.5,44.75,45.0,1,1,-1,-1
463,23,544.0,90.0,44.75,45.0,1,1,-1,-1
464,23,538.25,88.75,44.75,45.25,1,1,-1,-1
465,23,532.25,85.5,45.25,45.5,1,1,-1,-1
466,23,527.25,81.5,45.25,45.5,1,1,-1,-1
467,23,527.25,82.0,45.0,45.25,1,1,-1,-1
468,23,525.5,79.5,45.0,45.0,1,1,-1,-1
469,23,524.25,77.0,45.0,45.0,1,1,-1,-1
470,23,524.75,72.25,45.25,45.5,1,1,-1,-1
471,23,523.75,68.25,45.25,46.25,1,1,-1,-1
472,23,521.5,66.25,45.25,45.75,1,1,-1,-1
473,23,517.75,66.0,45.25,45.75,1,1,-1,-1
474,23,512.5,67.5,45.0,45.0,1,1,-1,-1
475,23,512.5,64.5,45.0,45.0,1,1,-1,-1
476,23,512.5,64.5,45.0,45.0,1,1,-1,-1
477,23,510.5,59.5,45.0,45.0,1,1,-1,-1
478,23,510.5,59.5,45.0,45.0,1,1,-1,-1
479,23,510.5,59.5,45.0,45.0,1,1,-1,-1
480,23,506.5,55.5,45.0,45.0,1,1,-1,-1
481,23,506.5,55.5,45.0,45.0,1,1,-1,-1
482,23,502.5,49.5,45.0,45.0,1,1,-1,-1
483,23,502.5,49.5,45.0,45.0,1,1,-1,-1
484,23,502.5,46.5,45.0,45.0,1,1,-1,-1
485,23,503.5,45.5,45.0,45.0,1,1,-1,-1
486,23,504.5,44.5,45.0,45.0,1,1,-1,-1
487,23,504.5,43.5,45.0,45.0,1,1,-1,-1
488,23,507.0,41.0,45.5,45.5,1,1,-1,-1
489,23,508.25,40.5,45.25,45.75,1,1,-1,-1
490,23,507.5,37.25,45.0,46.0,1,1,-1,-1
491,23,504.75,35.5,45.25,46.0,1,1,-1,-1
492,23,503.75,34.75,45.0,45.5,1,1,-1,-1
493,23,504.75,35.25,44.75,45.25,1,1,-1,-1
494,23,506.25,34.5,44.75,45.5,1,1,-1,-1
495,23,507.0,35.25,45.0,45.75,1,1,-1,-1
496,23,508.75,35.75,45.0,45.5,1,1,-1,-1
497,23,507.5,34.25,45.0,46.0,1,1,-1,-1
498,23,505.75,34.25,45.25,45.75,1,1,-1,-1
499,23,506.75,35.75,45.25,45.5,1,1,-1,-1
500,23,506.0,35.25,45.0,45.5,1,1,-1,-1
1,24,425.75,145.25,45.5,44.5,1,1,-1,-1
2,24,431.5,152.0,45.5,45.0,1,1,-1,-1
3,24,431.75,152.0,45.5,45.0,1,1,-1,-1
4,24,431.0,152.0,45.5,45.25,1,1,-1,-1
5,24,431.0,152.5,45.5,45.0,1,1,-1,-1
6,24,431.5,152.25,45.25,45.0,1,1,-1,-1
7,24,431.5,151.75,45.5,45.25,1,1,-1,-1
8,24,431.25,151.75,45.5,45.0,1,1,-1,-1
9,24,431.25,152.0,45.5,45.25,1,1,-1,-1
10,24,432.0,152.25,45.5,45.25,1,1,-1,-1
11,24,431.5,152.25,45.5,45.0,1,1,-1,-1
12,24,431.75,152.0,45.75,45.25,1,1,-1,-1
13,24,431.75,152.25,45.75,45.25,1,1,-1,-1
14,24,430.5,151.5,45.75,45.25,1,1,-1,-1
15,24,431.75,153.25,45.25,45.25,1,1,-1,-1
16,24,431.966,154.121,45.25,45.25,1,1,-1,-1
17,24,431.25,152.0,45.5,45.0,1,1,-1,-1
18,24,431.5,152.0,45.5,45.25,1,1,-1,-1
19,24,431.5,151.5,45.5,45.25,1,1,-1,-1
20,24,431.25,152.0,45.5,45.0,1,1,-1,-1
21,24,432.75,152.5,45.25,45.25,1,1,-1,-1
22,24,432.25,152.5,45.5,45.0,1,1,-1,-1
23,24,432.75,152.25,45.25,45.25,1,1,-1,-1
24,24,432.75,152.25,45.5,45.25,1,1,-1,-1
25,24,432.75,152.5,45.5,45.0,1,1,-1,-1
26,24,432.75,152.25,45.5,45.25,1,1,-1,-1
27,24,432.75,152.5,45.25,45.0,1,1,-1,-1
28,24,433.0,151.75,45.5,45.25,1,1,-1,-1
29,24,432.943,151.488,45.5,45.25,1,1,-1,-1
30,24,432.25,152.0,45.5,45.25,1,1,-1,-1
31,24,432.136,151.944,45.5,45.25,1,1,-1,-1
32,24,431.937,151.936,45.5,45.25,1,1,-1,-1
33,24,431.739,151.929,45.5,45.25,1,1,-1,-1
34,24,431.54,151.922,45.5,45.25,1,1,-1,-1
35,24,431.341,151.914,45.5,45.25,1,1,-1,-1
36,24,431.142,151.907,45.5,45.25,1,1,-1,-1
37,24,432.5,151.75,45.75,45.25,1,1,-1,-1
38,24,433.25,151.75,45.5,45.25,1,1,-1,-1
39,24,433.547,151.868,45.5,45.25,1,1,-1,-1
40,24,428.75,158.5,45.0,45.25,1,1,-1,-1
41,24,433.0,153.0,45.25,45.0,1,1,-1,-1
42,24,433.0,152.75,45.0,45.25,1,1,-1,-1
43,24,432.25,151.0,45.5,45.25,1,1,-1,-1
44,24,432.25,151.25,45.5,45.25,1,1,-1,-1
45,24,432.5,151.75,45.75,45.25,1,1,-1,-1
46,24,432.5,152.5,45.25,45.25,1,1,-1,-1
47,24,432.0,152.5,45.25,45.25,1,1,-1,-1
48,24,431.5,152.75,45.5,45.25,1,1,-1,-1
49,24,432.0,152.5,45.25,45.25,1,1,-1,-1
50,24,432.25,152.25,45.25,45.25,1,1,-1,-1
51,24,432.5,152.25,45.25,45.0,1,1,-1,-1
52,24,432.25,151.75,45.5,45.25,1,1,-1,-1
53,24,432.5,152.0,45.25,45.0,1,1,-1,-1
54,24,432.25,152.25,45.25,45.0,1,1,-1,-1
55,24,431.0,152.0,45.25,45.25,1,1,-1,-1
56,24,431.75,152.0,45.25,45.0,1,1,-1,-1
57,24,431.5,152.25,45.25,45.25,1,1,-1,-1
58,24,432.0,152.25,45.5,45.0,1,1,-1,-1
59,24,432.25,152.25,45.5,45.0,1,1,-1,-1
60,24,432.0,152.0,45.5,45.0,1,1,-1,-1
61,24,432.5,152.0,45.25,45.25,1,1,-1,-1
62,24,432.25,152.0,45.25,45.0,1,1,-1,-1
63,24,432.0,152.0,45.25,45.0,1,1,-1,-1
64,24,431.75,152.25,45.5,45.0,1,1,-1,-1
65,24,432.0,152.25,45.5,45.0,1,1,-1,-1
66,24,432.25,152.25,45.5,45.0,1,1,-1,-1
67,24,432.25,152.0,45.25,45.0,1,1,-1,-1
68,24,431.75,151.75,45.5,45.25,1,1,-1,-1
69,24,431.25,151.0,45.25,45.0,1,1,-1,-1
70,24,432.0,151.75,45.25,45.0,1,1,-1,-1
71,24,431.75,151.25,45.25,45.0,1,1,-1,-1
72,24,433.0,151.75,45.25,45.0,1,1,-1,-1
73,24,433.0,152.0,45.0,45.0,1,1,-1,-1
74,24,432.75,151.75,45.25,45.0,1,1,-1,-1
75,24,433.25,151.75,45.5,45.0,1,1,-1,-1
76,24,432.5,152.75,45.25,45.0,1,1,-1,-1
77,24,432.0,152.0,45.25,45.25,1,1,-1,-1
78,24,432.25,152.0,45.25,45.0,1,1,-1,-1
79,24,431.5,153.5,45.5,44.75,1,1,-1,-1
80,24,431.25,153.75,45.5,45.0,1,1,-1,-1
81,24,430.5,154.5,45.25,44.75,1,1,-1,-1
82,24,431.25,154.0,45.5,45.25,1,1,-1,-1
83,24,431.0,154.0,45.5,45.25,1,1,-1,-1
84,24,430.0,154.75,45.5,45.0,1,1,-1,-1
85,24,430.0,154.75,45.5,45.25,1,1,-1,-1
86,24,430.75,155.75,45.25,45.0,1,1,-1,-1
87,24,430.5,157.0,45.5,45.25,1,1,-1,-1
88,24,430.0,160.0,45.5,45.25,1,1,-1,-1
89,24,429.5,161.25,45.25,45.25,1,1,-1,-1
90,24,428.25,162.0,45.25,45.25,1,1,-1,-1
91,24,427.0,163.0,45.25,45.25,1,1,-1,-1
92,24,425.0,164.0,45.25,45.25,1,1,-1,-1
93,24,423.5,164.0,45.25,45.25,1,1,-1,-1
94,24,422.5,165.5,45.25,45.25,1,1,-1,-1
95,24,421.75,165.75,45.25,45.25,1,1,-1,-1
96,24,420.5,165.75,45.5,45.25,1,1,-1,-1
97,24,419.75,166.25,45.25,45.25,1,1,-1,-1
98,24,419.25,166.5,45.25,45.25,1,1,-1,-1
99,24,418.25,167.25,45.25,45.5,1,1,-1,-1
100,24,417.5,168.75,45.25,45.25,1,1,-1,-1
101,24,416.75,168.75,45.25,45.5,1,1,-1,-1
102,24,416.25,170.0,45.25,45.5,1,1,-1,-1
103,24,416.25,170.75,45.25,45.25,1,1,-1,-1
104,24,415.25,171.0,45.25,45.25,1,1,-1,-1
105,24,415.5,171.5,45.0,45.25,1,1,-1,-1
106,24,414.25,172.5,45.0,45.25,1,1,-1,-1
107,24,413.0,173.75,45.0,45.25,1,1,-1,-1
108,24,411.75,174.75,45.0,45.25,1,1,-1,-1
109,24,410.25,175.5,44.75,45.25,1,1,-1,-1
110,24,409.75,176.0,44.75,45.25,1,1,-1,-1
111,24,408.0,175.75,44.75,45.25,1,1,-1,-1
112,24,408.25,176.75,44.75,45.25,1,1,-1,-1
113,24,407.25,177.5,44.75,45.25,1,1,-1,-1
114,24,406.5,178.75,45.0,45.25,1,1,-1,-1
115,24,406.25,179.5,45.0,45.25,1,1,-1,-1
116,24,406.25,180.25,45.0,45.25,1,1,-1,-1
117,24,405.75,180.0,45.0,45.75,1,1,-1,-1
118,24,405.5,180.5,45.0,45.25,1,1,-1,-1
119,24,405.25,180.5,45.0,45.25,1,1,-1,-1
120,24,405.5,181.0,45.0,45.25,1,1,-1,-1
121,24,404.25,181.25,45.0,45.25,1,1,-1,-1
122,24,404.25,181.5,44.75,45.5,1,1,-1,-1
123,24,404.0,182.25,45.0,45.25,1,1,-1,-1
124,24,407.0,183.75,45.0,45.25,1,1,-1,-1
125,24,405.5,182.5,45.0,45.25,1,1,-1,-1
126,24,405.5,182.5,45.0,45.5,1,1,-1,-1
127,24,405.5,182.75,45.0,45.25,1,1,-1,-1
128,24,405.25,182.75,45.25,45.25,1,1,-1,-1
129,24,405.25,182.5,45.0,45.5,1,1,-1,-1
130,24,405.25,183.5,44.75,45.0,1,1,-1,-1
131,24,405.5,183.0,45.0,45.25,1,1,-1,-1
132,24,404.75,182.75,44.75,45.25,1,1,-1,-1
133,24,404.5,182.5,45.0,45.5,1,1,-1,-1
134,24,404.25,182.75,45.0,45.25,1,1,-1,-1
135,24,404.0,183.0,45.0,45.25,1,1,-1,-1
136,24,404.25,183.0,45.0,45.25,1,1,-1,-1
137,24,405.0,183.0,44.75,45.25,1,1,-1,-1
138,24,405.25,183.0,45.0,45.5,1,1,-1,-1
139,24,405.5,183.25,45.0,45.25,1,1,-1,-1
140,24,405.75,183.25,45.0,45.25,1,1,-1,-1
141,24,406.0,183.25,44.75,45.25,1,1,-1,-1
142,24,406.0,183.5,44.75,45.25,1,1,-1,-1
143,24,405.25,183.5,45.0,45.5,1,1,-1,-1
144,24,405.5,183.5,45.0,45.25,1,1,-1,-1
145,24,405.5,183.5,45.0,45.25,1,1,-1,-1
146,24,405.75,183.5,44.75,45.25,1,1,-1,-1
147,24,405.25,184.25,44.75,45.25,1,1,-1,-1
148,24,405.5,183.5,44.75,45.25,1,1,-1,-1
149,24,405.5,183.5,45.0,45.25,1,1,-1,-1
150,24,405.25,183.5,44.75,45.25,1,1,-1,-1
151,24,405.25,183.5,45.0,45.25,1,1,-1,-1
152,24,405.5,183.5,45.0,45.0,1,1,-1,-1
153,24,405.25,182.75,44.75,45.25,1,1,-1,-1
154,24,405.25,183.25,45.0,45.0,1,1,-1,-1
155,24,405.0,183.75,44.75,45.25,1,1,-1,-1
156,24,405.0,182.75,44.75,45.25,1,1,-1,-1
157,24,405.5,182.75,44.75,45.0,1,1,-1,-1
158,24,405.25,182.75,45.0,45.0,1,1,-1,-1
159,24,405.25,182.75,45.0,45.25,1,1,-1,-1
160,24,405.0,182.75,44.75,45.25,1,1,-1,-1
161,24,405.25,182.75,45.0,45.25,1,1,-1,-1
162,24,405.5,182.75,45.0,45.25,1,1,-1,-1
163,24,405.5,182.75,45.0,45.25,1,1,-1,-1
164,24,405.5,182.75,45.0,45.25,1,1,-1,-1
165,24,405.25,182.5,45.0,45.25,1,1,-1,-1
166,24,405.25,182.5,44.75,45.25,1,1,-1,-1
167,24,405.25,182.25,45.0,45.25,1,1,-1,-1
168,24,405.25,182.5,45.0,45.25,1,1,-1,-1
169,24,405.0,182.75,44.75,45.25,1,1,-1,-1
170,24,404.75,182.75,45.0,45.25,1,1,-1,-1
171,24,404.5,182.75,45.0,45.25,1,1,-1,-1
172,24,404.25,182.5,45.0,45.25,1,1,-1,-1
173,24,405.0,182.5,45.0,45.0,1,1,-1,-1
174,24,404.5,182.25,45.25,45.25,1,1,-1,-1
175,24,405.0,182.5,44.75,45.25,1,1,-1,-1
176,24,405.5,182.5,45.0,45.25,1,1,-1,-1
177,24,405.5,182.75,45.0,45.0,1,1,-1,-1
178,24,405.25,182.75,45.0,45.0,1,1,-1,-1
179,24,405.25,182.75,44.75,45.0,1,1,-1,-1
180,24,405.25,182.5,45.0,45.0,1,1,-1,-1
181,24,404.75,182.5,45.25,45.25,1,1,-1,-1
182,24,404.75,182.5,45.25,45.0,1,1,-1,-1
183,24,405.0,182.25,45.25,45.25,1,1,-1,-1
184,24,405.0,182.0,45.0,45.25,1,1,-1,-1
185,24,405.25,182.0,45.25,45.25,1,1,-1,-1
186,24,405.25,182.0,45.25,45.25,1,1,-1,-1
187,24,405.5,182.0,45.0,45.25,1,1,-1,-1
188,24,405.25,181.75,45.0,45.25,1,1,-1,-1
189,24,405.25,181.5,45.0,45.25,1,1,-1,-1
190,24,405.25,181.5,45.25,45.25,1,1,-1,-1
191,24,405.25,181.25,45.0,45.25,1,1,-1,-1
192,24,404.5,181.5,45.0,45.25,1,1,-1,-1
193,24,403.5,181.5,44.75,45.25,1,1,-1,-1
194,24,403.5,181.75,44.75,45.0,1,1,-1,-1
195,24,403.25,181.75,45.0,45.0,1,1,-1,-1
196,24,402.5,180.5,45.0,45.0,1,1,-1,-1
197,24,404.0,181.0,44.5,45.0,1,1,-1,-1
198,24,404.0,181.25,44.5,45.0,1,1,-1,-1
199,24,404.25,181.5,44.75,45.0,1,1,-1,-1
200,24,404.25,181.5,44.75,45.25,1,1,-1,-1
201,24,404.25,181.25,44.75,45.25,1,1,-1,-1
202,24,404.5,181.5,44.75,45.0,1,1,-1,-1
203,24,404.25,182.25,44.75,45.0,1,1,-1,-1
204,24,404.25,182.25,45.0,44.75,1,1,-1,-1
205,24,404.0,182.25,45.0,45.0,1,1,-1,-1
206,24,404.0,182.25,45.0,45.0,1,1,-1,-1
207,24,404.5,182.75,44.75,45.0,1,1,-1,-1
208,24,404.5,182.75,45.0,45.0,1,1,-1,-1
209,24,404.25,182.75,44.75,44.75,1,1,-1,-1
210,24,405.0,182.25,45.0,45.0,1,1,-1,-1
211,24,405.0,182.5,45.0,45.0,1,1,-1,-1
212,24,405.25,182.25,44.75,45.0,1,1,-1,-1
213,24,405.0,181.75,45.0,45.0,1,1,-1,-1
214,24,404.5,181.5,45.0,44.75,1,1,-1,-1
215,24,404.75,181.75,45.0,45.0,1,1,-1,-1
216,24,404.5,182.0,45.0,45.0,1,1,-1,-1
217,24,404.75,182.25,45.0,45.0,1,1,-1,-1
218,24,405.0,182.25,45.0,45.25,1,1,-1,-1
219,24,404.5,182.25,45.0,45.25,1,1,-1,-1
220,24,404.5,182.5,45.0,45.25,1,1,-1,-1
221,24,404.25,182.75,45.0,45.0,1,1,-1,-1
222,24,404.5,183.0,45.0,45.0,1,1,-1,-1
223,24,404.5,183.0,45.0,45.0,1,1,-1,-1
224,24,404.5,183.0,45.0,45.0,1,1,-1,-1
225,24,404.75,182.75,45.0,45.0,1,1,-1,-1
226,24,404.0,182.25,45.0,45.25,1,1,-1,-1
227,24,405.0,182.5,45.0,45.0,1,1,-1,-1
228,24,405.0,182.5,45.0,45.0,1,1,-1,-1
229,24,405.0,182.5,45.0,45.0,1,1,-1,-1
230,24,405.0,182.5,45.0,45.0,1,1,-1,-1
231,24,405.0,182.25,44.75,45.25,1,1,-1,-1
232,24,405.25,182.5,44.75,45.0,1,1,-1,-1
233,24,405.25,182.5,44.75,45.0,1,1,-1,-1
234,24,405.0,182.75,45.0,45.0,1,1,-1,-1
235,24,405.0,182.75,45.0,45.0,1,1,-1,-1
236,24,405.25,182.75,44.75,45.0,1,1,-1,-1
237,24,405.25,182.75,44.75,45.0,1,1,-1,-1
238,24,405.0,182.75,45.0,45.0,1,1,-1,-1
239,24,405.0,183.0,45.0,45.0,1,1,-1,-1
240,24,405.0,182.75,45.0,45.0,1,1,-1,-1
241,24,405.25,183.0,44.75,45.0,1,1,-1,-1
242,24,405.0,183.0,45.0,45.0,1,1,-1,-1
243,24,405.0,183.0,45.0,45.0,1,1,-1,-1
244,24,405.0,183.0,44.75,45.0,1,1,-1,-1
245,24,405.0,182.75,44.75,45.25,1,1,-1,-1
246,24,404.75,182.75,45.0,45.0,1,1,-1,-1
247,24,405.0,182.5,44.75,45.25,1,1,-1,-1
248,24,404.75,182.75,45.0,45.0,1,1,-1,-1
249,24,405.0,182.5,45.0,45.25,1,1,-1,-1
250,24,405.0,182.75,45.0,45.0,1,1,-1,-1
251,24,405.0,182.5,45.0,45.25,1,1,-1,-1
252,24,405.0,182.5,44.75,45.0,1,1,-1,-1
253,24,405.0,182.5,45.0,45.25,1,1,-1,-1
254,24,405.0,182.5,44.75,45.25,1,1,-1,-1
255,24,405.0,182.5,44.75,45.0,1,1,-1,-1
256,24,405.0,182.5,44.75,45.0,1,1,-1,-1
257,24,405.0,182.5,45.0,45.25,1,1,-1,-1
258,24,405.0,182.25,45.25,45.0,1,1,-1,-1
259,24,405.25,182.25,45.0,45.0,1,1,-1,-1
260,24,405.25,182.25,45.0,45.25,1,1,-1,-1
261,24,405.0,182.5,45.0,45.0,1,1,-1,-1
262,24,405.0,182.5,45.0,45.0,1,1,-1,-1
263,24,405.0,182.75,45.0,45.0,1,1,-1,-1
264,24,405.0,182.5,45.0,45.0,1,1,-1,-1
265,24,405.0,182.5,45.25,45.0,1,1,-1,-1
266,24,405.25,182.5,45.0,45.0,1,1,-1,-1
267,24,405.25,182.25,45.0,45.25,1,1,-1,-1
268,24,405.25,182.5,45.0,45.0,1,1,-1,-1
269,24,405.25,182.5,45.0,45.0,1,1,-1,-1
270,24,405.25,182.5,45.0,45.0,1,1,-1,-1
271,24,405.25,182.5,45.0,45.0,1,1,-1,-1
272,24,405.25,182.25,44.75,45.0,1,1,-1,-1
273,24,405.25,182.5,44.75,45.0,1,1,-1,-1
274,24,405.0,182.5,44.75,45.0,1,1,-1,-1
275,24,405.0,182.5,44.75,45.0,1,1,-1,-1
276,24,405.0,182.25,45.0,45.0,1,1,-1,-1
277,24,405.0,182.25,45.0,45.0,1,1,-1,-1
278,24,405.0,182.5,45.0,45.0,1,1,-1,-1
279,24,405.0,182.5,45.0,45.0,1,1,-1,-1
280,24,405.25,182.5,44.75,45.25,1,1,-1,-1
281,24,405.25,182.75,45.0,45.0,1,1,-1,-1
282,24,405.25,182.75,45.0,45.0,1,1,-1,-1
283,24,405.0,182.75,45.0,45.0,1,1,-1,-1
284,24,403.75,181.75,45.0,45.0,1,1,-1,-1
285,24,405.5,182.5,45.0,45.0,1,1,-1,-1
286,24,405.5,182.5,45.0,45.0,1,1,-1,-1
287,24,405.5,182.5,45.0,45.0,1,1,-1,-1
288,24,405.5,182.5,45.0,45.0,1,1,-1,-1
289,24,405.5,182.5,45.0,45.0,1,1,-1,-1
290,24,405.5,182.5,45.0,45.0,1,1,-1,-1
291,24,405.5,182.5,45.0,45.0,1,1,-1,-1
292,24,405.5,182.5,45.0,45.0,1,1,-1,-1
293,24,405.5,182.5,45.0,45.0,1,1,-1,-1
294,24,405.5,182.5,45.0,45.0,1,1,-1,-1
295,24,405.5,182.5,45.0,45.0,1,1,-1,-1
296,24,405.5,182.5,45.0,45.0,1,1,-1,-1
297,24,405.5,182.5,45.0,45.0,1,1,-1,-1
298,24,405.5,182.5,45.0,45.0,1,1,-1,-1
299,24,405.5,182.5,45.0,45.0,1,1,-1,-1
300,24,405.5,182.5,45.0,45.0,1,1,-1,-1
301,24,405.5,182.5,45.0,45.0,1,1,-1,-1
302,24,405.5,182.5,45.0,45.0,1,1,-1,-1
303,24,405.5,182.5,45.0,45.0,1,1,-1,-1
304,24,405.5,182.5,45.0,45.0,1,1,-1,-1
305,24,405.5,182.5,45.0,45.0,1,1,-1,-1
306,24,405.5,182.5,45.0,45.0,1,1,-1,-1
307,24,405.5,182.5,45.0,45.0,1,1,-1,-1
308,24,405.5,182.5,45.0,45.0,1,1,-1,-1
309,24,405.5,182.5,45.0,45.0,1,1,-1,-1
310,24,405.5,182.5,45.0,45.0,1,1,-1,-1
311,24,405.5,182.5,45.0,45.0,1,1,-1,-1
312,24,405.5,182.5,45.0,45.0,1,1,-1,-1
313,24,405.5,182.5,45.0,45.0,1,1,-1,-1
314,24,405.5,182.5,45.0,45.0,1,1,-1,-1
315,24,405.5,182.5,45.0,45.0,1,1,-1,-1
316,24,405.5,182.5,45.0,45.0,1,1,-1,-1
317,24,405.5,182.5,45.0,45.0,1,1,-1,-1
318,24,405.5,182.5,45.0,45.0,1,1,-1,-1
319,24,405.5,182.5,45.0,45.0,1,1,-1,-1
320,24,405.5,182.5,45.0,45.0,1,1,-1,-1
321,24,405.5,182.5,45.0,45.0,1,1,-1,-1
322,24,405.5,182.5,45.0,45.0,1,1,-1,-1
323,24,405.5,182.5,45.0,45.0,1,1,-1,-1
324,24,405.5,182.5,45.0,45.0,1,1,-1,-1
325,24,405.5,182.5,45.0,45.0,1,1,-1,-1
326,24,405.5,182.5,45.0,45.0,1,1,-1,-1
327,24,405.5,182.5,45.0,45.0,1,1,-1,-1
328,24,405.5,182.5,45.0,45.0,1,1,-1,-1
329,24,405.5,182.5,45.0,45.0,1,1,-1,-1
330,24,405.5,182.5,45.0,45.0,1,1,-1,-1
331,24,405.5,182.5,45.0,45.0,1,1,-1,-1
332,24,405.5,182.5,45.0,45.0,1,1,-1,-1
333,24,405.5,182.5,45.0,45.0,1,1,-1,-1
334,24,405.5,182.5,45.0,45.0,1,1,-1,-1
335,24,405.5,182.5,45.0,45.0,1,1,-1,-1
336,24,405.5,182.5,45.0,45.0,1,1,-1,-1
337,24,405.5,182.5,45.0,45.0,1,1,-1,-1
338,24,405.5,182.5,45.0,45.0,1,1,-1,-1
339,24,405.5,182.5,45.0,45.0,1,1,-1,-1
340,24,405.5,182.5,45.0,45.0,1,1,-1,-1
341,24,405.5,182.5,45.0,45.0,1,1,-1,-1
342,24,405.5,182.5,45.0,45.0,1,1,-1,-1
343,24,405.5,182.5,45.0,45.0,1,1,-1,-1
344,24,405.5,182.5,45.0,45.0,1,1,-1,-1
345,24,405.5,182.5,45.0,45.0,1,1,-1,-1
346,24,405.5,182.5,45.0,45.0,1,1,-1,-1
347,24,405.5,182.5,45.0,45.0,1,1,-1,-1
348,24,405.5,182.5,45.0,45.0,1,1,-1,-1
349,24,405.5,182.5,45.0,45.0,1,1,-1,-1
350,24,405.5,182.5,45.0,45.0,1,1,-1,-1
351,24,405.5,182.5,45.0,45.0,1,1,-1,-1
352,24,405.5,182.5,45.0,45.0,1,1,-1,-1
353,24,405.5,182.5,45.0,45.0,1,1,-1,-1
354,24,405.5,182.5,45.0,45.0,1,1,-1,-1
355,24,406.5,183.5,45.0,45.0,1,1,-1,-1
356,24,406.5,183.5,45.0,45.0,1,1,-1,-1
357,24,406.5,183.5,45.0,45.0,1,1,-1,-1
358,24,406.5,183.5,45.0,45.0,1,1,-1,-1
359,24,405.0,182.5,45.0,45.25,1,1,-1,-1
360,24,405.0,182.5,45.0,45.25,1,1,-1,-1
361,24,405.25,182.5,44.75,45.25,1,1,-1,-1
362,24,405.25,182.75,44.75,45.0,1,1,-1,-1
363,24,405.25,182.75,44.75,45.0,1,1,-1,-1
364,24,405.0,182.75,45.0,45.0,1,1,-1,-1
365,24,405.25,182.5,44.75,45.25,1,1,-1,-1
366,24,405.0,182.5,45.0,45.0,1,1,-1,-1
367,24,405.0,182.75,45.0,45.0,1,1,-1,-1
368,24,405.0,182.75,44.75,44.75,1,1,-1,-1
369,24,405.25,182.75,44.75,45.0,1,1,-1,-1
370,24,405.25,182.75,44.75,45.0,1,1,-1,-1
371,24,405.25,182.5,45.0,45.25,1,1,-1,-1
372,24,405.25,182.75,44.75,45.0,1,1,-1,-1
373,24,405.25,182.75,45.0,45.0,1,1,-1,-1
374,24,405.25,182.75,44.75,45.0,1,1,-1,-1
375,24,405.25,182.75,45.0,45.0,1,1,-1,-1
376,24,405.25,182.75,45.0,45.0,1,1,-1,-1
377,24,405.25,182.75,45.0,45.0,1,1,-1,-1
378,24,405.25,182.75,45.0,45.0,1,1,-1,-1
379,24,405.25,182.75,45.0,45.0,1,1,-1,-1
380,24,405.5,182.75,44.75,45.0,1,1,-1,-1
381,24,405.25,183.0,44.75,45.0,1,1,-1,-1
382,24,405.25,183.0,45.0,45.0,1,1,-1,-1
383,24,405.25,182.75,45.0,45.0,1,1,-1,-1
384,24,405.5,182.75,44.75,45.0,1,1,-1,-1
385,24,405.5,182.5,45.0,45.0,1,1,-1,-1
386,24,405.25,182.25,45.0,45.25,1,1,-1,-1
387,24,405.5,182.25,45.0,45.25,1,1,-1,-1
388,24,405.5,182.25,44.75,45.0,1,1,-1,-1
389,24,405.0,182.5,45.0,45.0,1,1,-1,-1
390,24,405.0,182.5,45.0,45.0,1,1,-1,-1
391,24,405.0,182.75,45.0,45.0,1,1,-1,-1
392,24,405.0,182.75,45.0,45.0,1,1,-1,-1
393,24,405.25,182.75,45.0,45.0,1,1,-1,-1
394,24,405.5,182.5,45.0,45.0,1,1,-1,-1
395,24,405.0,181.0,45.25,45.25,1,1,-1,-1
396,24,405.25,182.0,45.25,45.25,1,1,-1,-1
397,24,404.25,182.25,45.0,45.25,1,1,-1,-1
398,24,403.5,182.75,45.0,45.0,1,1,-1,-1
399,24,404.25,182.5,44.75,45.25,1,1,-1,-1
400,24,404.0,183.0,44.75,45.25,1,1,-1,-1
401,24,402.75,181.75,45.0,45.25,1,1,-1,-1
402,24,404.25,183.25,45.0,45.25,1,1,-1,-1
403,24,404.5,183.0,45.25,45.0,1,1,-1,-1
404,24,404.5,183.25,45.25,45.25,1,1,-1,-1
405,24,404.75,183.25,45.0,45.25,1,1,-1,-1
406,24,404.75,183.5,45.25,45.25,1,1,-1,-1
407,24,405.0,183.25,45.0,45.25,1,1,-1,-1
408,24,404.75,183.5,45.0,45.25,1,1,-1,-1
409,24,404.75,183.0,45.25,45.25,1,1,-1,-1
410,24,405.75,182.75,45.0,45.0,1,1,-1,-1
411,24,406.5,182.75,45.0,45.25,1,1,-1,-1
412,24,405.25,185.75,45.25,45.0,1,1,-1,-1
413,24,404.75,185.75,45.0,45.25,1,1,-1,-1
414,24,414.25,178.0,45.5,45.5,1,1,-1,-1
415,24,414.829,176.389,45.5,45.5,1,1,-1,-1
416,24,414.0,179.0,45.5,45.0,1,1,-1,-1
417,24,411.25,182.75,45.25,45.25,1,1,-1,-1
418,24,410.5,182.0,45.5,45.0,1,1,-1,-1
419,24,410.25,182.75,45.5,45.0,1,1,-1,-1
420,24,411.75,184.0,45.5,44.75,1,1,-1,-1
421,24,410.25,183.5,45.25,44.75,1,1,-1,-1
422,24,409.888,183.581,45.25,44.75,1,1,-1,-1
423,24,406.75,186.25,45.0,44.75,1,1,-1,-1
424,24,407.25,185.5,45.0,45.0,1,1,-1,-1
425,24,408.25,183.75,45.0,45.0,1,1,-1,-1
426,24,407.584,183.345,45.0,45.0,1,1,-1,-1
427,24,413.25,184.5,45.25,45.0,1,1,-1,-1
428,24,411.5,183.25,45.25,45.25,1,1,-1,-1
429,24,412.25,183.25,45.25,45.0,1,1,-1,-1
430,24,412.0,183.5,45.0,45.0,1,1,-1,-1
431,24,411.75,183.0,45.0,45.25,1,1,-1,-1
432,24,411.0,183.5,45.25,45.0,1,1,-1,-1
433,24,410.75,182.75,45.0,45.25,1,1,-1,-1
434,24,410.5,182.5,45.0,45.0,1,1,-1,-1
435,24,410.75,182.5,44.75,45.25,1,1,-1,-1
436,24,411.0,182.25,45.0,45.0,1,1,-1,-1
437,24,411.0,182.5,44.75,45.0,1,1,-1,-1
438,24,410.25,182.25,45.0,45.0,1,1,-1,-1
439,24,410.5,182.5,45.0,45.0,1,1,-1,-1
440,24,410.0,182.0,44.75,44.75,1,1,-1,-1
441,24,411.0,182.75,45.0,45.0,1,1,-1,-1
442,24,410.75,184.0,45.0,45.25,1,1,-1,-1
443,24,410.25,184.25,45.0,45.25,1,1,-1,-1
444,24,411.0,183.75,45.5,45.25,1,1,-1,-1
445,24,411.5,183.5,45.25,45.0,1,1,-1,-1
446,24,410.5,183.5,45.25,45.0,1,1,-1,-1
447,24,409.75,183.75,45.0,45.0,1,1,-1,-1
448,24,409.75,183.5,45.0,45.0,1,1,-1,-1
449,24,409.5,183.75,44.75,44.75,1,1,-1,-1
450,24,409.75,183.5,45.0,45.0,1,1,-1,-1
451,24,409.75,185.0,44.75,45.0,1,1,-1,-1
452,24,410.25,185.5,44.75,45.0,1,1,-1,-1
453,24,410.0,185.75,44.75,45.0,1,1,-1,-1
454,24,410.75,185.0,44.75,45.0,1,1,-1,-1
455,24,410.25,185.5,45.0,45.0,1,1,-1,-1
456,24,410.75,185.25,44.75,45.0,1,1,-1,-1
457,24,410.75,185.5,45.0,45.0,1,1,-1,-1
458,24,410.25,186.5,44.75,45.0,1,1,-1,-1
459,24,410.25,187.0,44.75,45.0,1,1,-1,-1
460,24,410.25,187.25,44.75,45.0,1,1,-1,-1
461,24,409.5,188.5,45.0,45.0,1,1,-1,-1
462,24,408.75,190.75,44.5,44.25,1,1,-1,-1
463,24,409.25,190.75,45.0,45.0,1,1,-1,-1
464,24,410.25,191.5,45.0,45.25,1,1,-1,-1
465,24,410.75,192.0,45.0,45.0,1,1,-1,-1
466,24,411.5,193.0,45.0,45.25,1,1,-1,-1
467,24,412.0,194.75,45.0,45.25,1,1,-1,-1
468,24,414.0,194.75,45.0,45.0,1,1,-1,-1
469,24,415.25,195.75,45.25,45.25,1,1,-1,-1
470,24,416.25,195.75,45.0,45.0,1,1,-1,-1
471,24,418.75,197.25,45.0,45.0,1,1,-1,-1
472,24,420.5,197.75,45.25,45.25,1,1,-1,-1
473,24,422.25,199.0,45.25,45.25,1,1,-1,-1
474,24,424.25,200.25,45.25,45.5,1,1,-1,-1
475,24,426.25,200.75,45.5,45.0,1,1,-1,-1
476,24,428.25,201.0,45.25,45.25,1,1,-1,-1
477,24,430.5,202.75,45.25,45.0,1,1,-1,-1
478,24,432.0,204.25,45.25,45.0,1,1,-1,-1
479,24,435.25,205.5,45.25,45.75,1,1,-1,-1
480,24,437.75,207.0,45.25,45.0,1,1,-1,-1
481,24,439.5,206.0,45.5,46.5,1,1,-1,-1
482,24,440.0,209.0,45.5,45.25,1,1,-1,-1
483,24,441.75,212.75,45.25,45.0,1,1,-1,-1
484,24,442.5,214.5,45.25,46.0,1,1,-1,-1
485,24,443.0,216.5,45.25,45.0,1,1,-1,-1
486,24,443.25,217.0,45.25,45.5,1,1,-1,-1
487,24,444.25,217.0,45.25,46.5,1,1,-1,-1
488,24,447.0,219.75,45.5,45.75,1,1,-1,-1
489,24,449.25,220.75,45.5,46.0,1,1,-1,-1
490,24,449.75,221.25,45.5,45.75,1,1,-1,-1
491,24,451.0,222.5,45.25,46.0,1,1,-1,-1
492,24,452.25,224.5,45.5,46.75,1,1,-1,-1
493,24,453.5,227.25,45.5,46.75,1,1,-1,-1
494,24,454.5,229.0,45.0,45.0,1,1,-1,-1
495,24,454.75,228.25,45.25,45.25,1,1,-1,-1
496,24,453.75,228.0,45.0,45.0,1,1,-1,-1
497,24,454.5,228.5,45.0,45.0,1,1,-1,-1
498,24,455.25,230.0,45.0,45.0,1,1,-1,-1
499,24,454.75,231.5,45.0,45.0,1,1,-1,-1
500,24,455.5,234.25,45.0,44.75,1,1,-1,-1
1,25,288.75,352.75,45.0,45.25,1,1,-1,-1
2,25,290.0,351.5,45.0,45.25,1,1,-1,-1
3,25,292.0,348.75,45.0,45.5,1,1,-1,-1
4,25,293.75,344.5,45.0,45.25,1,1,-1,-1
5,25,296.75,340.75,45.0,45.25,1,1,-1,-1
6,25,301.75,339.25,45.0,45.0,1,1,-1,-1
7,25,307.0,338.25,45.0,45.25,1,1,-1,-1
8,25,313.0,337.0,45.0,45.25,1,1,-1,-1
9,25,319.0,333.0,45.0,45.0,1,1,-1,-1
10,25,322.5,329.0,45.0,45.25,1,1,-1,-1
11,25,325.75,325.5,45.0,45.25,1,1,-1,-1
12,25,331.0,321.75,45.25,45.25,1,1,-1,-1
13,25,335.25,319.25,45.5,45.25,1,1,-1,-1
14,25,339.0,316.5,45.25,45.25,1,1,-1,-1
15,25,344.0,316.0,45.25,45.25,1,1,-1,-1
16,25,348.75,316.0,45.5,45.25,1,1,-1,-1
17,25,354.5,313.25,45.5,46.5,1,1,-1,-1
18,25,360.75,309.25,45.25,45.25,1,1,-1,-1
19,25,366.75,306.25,45.5,45.5,1,1,-1,-1
20,25,370.75,304.0,45.5,45.0,1,1,-1,-1
21,25,374.75,298.75,45.25,45.25,1,1,-1,-1
22,25,377.0,295.0,45.0,45.0,1,1,-1,-1
23,25,372.75,290.5,45.25,45.25,1,1,-1,-1
24,25,374.5,284.5,45.25,45.25,1,1,-1,-1
25,25,374.75,278.25,45.0,45.0,1,1,-1,-1
26,25,375.25,274.75,45.0,45.0,1,1,-1,-1
27,25,372.0,270.0,45.0,45.0,1,1,-1,-1
28,25,371.75,271.25,45.25,45.25,1,1,-1,-1
29,25,363.25,266.25,45.0,45.0,1,1,-1,-1
30,25,363.5,262.75,45.25,45.25,1,1,-1,-1
31,25,360.75,259.75,45.25,45.25,1,1,-1,-1
32,25,352.0,259.75,45.5,46.75,1,1,-1,-1
33,25,330.25,270.0,44.75,45.0,1,1,-1,-1
34,25,325.0,267.5,45.25,45.0,1,1,-1,-1
35,25,317.75,266.5,45.0,45.25,1,1,-1,-1
36,25,310.0,264.75,45.25,45.5,1,1,-1,-1
37,25,303.75,260.75,45.0,45.75,1,1,-1,-1
38,25,297.5,255.75,45.25,45.75,1,1,-1,-1
39,25,295.75,251.0,45.25,45.5,1,1,-1,-1
40,25,292.75,244.5,45.25,45.5,1,1,-1,-1
41,25,288.25,238.75,45.25,45.5,1,1,-1,-1
42,25,282.5,233.25,45.5,45.5,1,1,-1,-1
43,25,276.0,231.5,45.25,45.5,1,1,-1,-1
44,25,270.5,233.5,45.25,45.25,1,1,-1,-1
45,25,266.0,234.75,45.25,45.25,1,1,-1,-1
46,25,255.25,234.75,45.25,45.5,1,1,-1,-1
47,25,248.75,235.5,45.5,46.25,1,1,-1,-1
48,25,233.75,236.0,45.25,46.75,1,1,-1,-1
49,25,229.0,243.25,45.0,45.5,1,1,-1,-1
50,25,224.25,245.0,45.5,46.5,1,1,-1,-1
51,25,216.5,245.0,45.0,45.75,1,1,-1,-1
52,25,211.0,245.0,45.5,47.0,1,1,-1,-1
53,25,207.75,244.5,45.25,46.25,1,1,-1,-1
54,25,205.5,243.5,45.25,46.25,1,1,-1,-1
55,25,203.75,241.75,45.5,46.25,1,1,-1,-1
56,25,203.25,240.5,45.25,46.25,1,1,-1,-1
57,25,205.75,240.25,45.0,45.5,1,1,-1,-1
58,25,207.25,237.25,45.5,46.5,1,1,-1,-1
59,25,209.75,235.25,45.5,46.5,1,1,-1,-1
60,25,210.5,234.5,45.25,46.25,1,1,-1,-1
61,25,209.75,234.5,45.25,46.25,1,1,-1,-1
62,25,210.0,235.5,45.0,45.25,1,1,-1,-1
63,25,208.75,235.5,45.0,45.5,1,1,-1,-1
64,25,207.75,236.25,45.25,45.5,1,1,-1,-1
65,25,209.0,240.0,45.5,47.25,1,1,-1,-1
66,25,210.0,241.25,45.75,47.25,1,1,-1,-1
67,25,213.5,240.75,45.25,47.25,1,1,-1,-1
68,25,213.5,243.25,45.5,46.75,1,1,-1,-1
69,25,215.0,246.5,45.25,46.25,1,1,-1,-1
70,25,221.0,251.5,45.5,45.25,1,1,-1,-1
71,25,226.5,253.5,45.0,45.0,1,1,-1,-1
72,25,226.5,253.5,45.0,45.0,1,1,-1,-1
73,25,227.5,252.5,45.0,45.0,1,1,-1,-1
74,25,225.75,252.75,45.25,45.25,1,1,-1,-1
75,25,229.5,258.0,44.25,44.75,1,1,-1,-1
76,25,229.5,248.25,45.25,45.5,1,1,-1,-1
77,25,231.5,250.5,45.0,45.0,1,1,-1,-1
78,25,231.5,250.5,45.0,45.0,1,1,-1,-1
79,25,231.5,246.5,45.0,45.0,1,1,-1,-1
80,25,236.5,245.5,45.0,45.0,1,1,-1,-1
81,25,241.0,237.0,45.5,46.5,1,1,-1,-1
82,25,244.75,236.0,45.5,45.5,1,1,-1,-1
83,25,247.0,235.0,45.5,45.5,1,1,-1,-1
84,25,250.5,230.0,45.5,45.5,1,1,-1,-1
85,25,252.75,226.25,45.75,46.0,1,1,-1,-1
86,25,254.5,225.0,46.25,47.5,1,1,-1,-1
87,25,260.5,223.5,45.5,46.75,1,1,-1,-1
88,25,266.5,221.75,45.75,46.75,1,1,-1,-1
89,25,273.75,222.0,45.5,46.25,1,1,-1,-1
90,25,281.25,219.5,45.5,45.5,1,1,-1,-1
91,25,288.25,216.25,45.25,45.5,1,1,-1,-1
92,25,297.5,213.25,45.5,45.5,1,1,-1,-1
93,25,303.0,208.5,45.75,45.25,1,1,-1,-1
94,25,307.75,203.5,45.75,45.25,1,1,-1,-1
95,25,314.5,197.75,45.75,46.5,1,1,-1,-1
96,25,315.75,195.75,45.75,45.5,1,1,-1,-1
97,25,315.75,196.5,45.5,45.25,1,1,-1,-1
98,25,316.0,196.0,45.5,45.25,1,1,-1,-1
99,25,316.0,196.0,45.75,45.25,1,1,-1,-1
100,25,316.5,196.5,45.75,45.25,1,1,-1,-1
101,25,316.5,196.0,45.75,45.5,1,1,-1,-1
102,25,324.0,194.25,45.5,45.25,1,1,-1,-1
103,25,327.75,193.0,45.25,45.0,1,1,-1,-1
104,25,334.75,193.5,45.25,45.0,1,1,-1,-1
105,25,339.25,193.25,45.25,45.25,1,1,-1,-1
106,25,344.75,192.75,45.0,45.25,1,1,-1,-1
107,25,347.75,190.5,45.25,45.5,1,1,-1,-1
108,25,351.5,188.5,45.25,45.25,1,1,-1,-1
109,25,353.75,183.75,45.25,45.25,1,1,-1,-1
110,25,357.75,178.5,45.25,45.25,1,1,-1,-1
111,25,358.25,173.5,45.25,45.25,1,1,-1,-1
112,25,358.25,168.75,45.25,45.25,1,1,-1,-1
113,25,356.25,165.75,45.25,45.25,1,1,-1,-1
114,25,355.5,160.0,45.5,45.5,1,1,-1,-1
115,25,351.0,156.75,45.75,45.5,1,1,-1,-1
116,25,345.75,153.0,45.5,45.25,1,1,-1,-1
117,25,339.75,147.75,45.25,45.5,1,1,-1,-1
118,25,338.25,145.5,45.25,45.0,1,1,-1,-1
119,25,335.0,143.0,45.0,45.0,1,1,-1,-1
120,25,331.75,140.25,45.0,45.0,1,1,-1,-1
121,25,326.5,140.0,45.25,45.0,1,1,-1,-1
122,25,324.5,140.25,45.0,45.0,1,1,-1,-1
123,25,325.5,139.25,45.0,45.0,1,1,-1,-1
124,25,325.0,138.75,45.0,45.25,1,1,-1,-1
125,25,328.25,136.5,45.0,45.0,1,1,-1,-1
126,25,330.25,133.0,45.0,45.0,1,1,-1,-1
127,25,331.5,131.5,45.0,45.0,1,1,-1,-1
128,25,332.0,130.5,45.0,44.75,1,1,-1,-1
129,25,332.25,127.5,45.0,45.0,1,1,-1,-1
130,25,329.0,127.75,45.0,45.0,1,1,-1,-1
131,25,328.5,126.75,45.25,45.0,1,1,-1,-1
132,25,329.75,124.25,45.25,45.25,1,1,-1,-1
133,25,330.25,124.75,45.25,45.0,1,1,-1,-1
134,25,332.0,125.0,45.25,44.75,1,1,-1,-1
135,25,329.5,124.5,45.0,44.75,1,1,-1,-1
136,25,338.0,122.5,45.5,45.5,1,1,-1,-1
137,25,338.25,119.75,45.25,45.5,1,1,-1,-1
138,25,342.0,118.75,45.5,45.5,1,1,-1,-1
139,25,344.75,117.0,45.5,45.5,1,1,-1,-1
140,25,349.25,113.75,45.75,46.5,1,1,-1,-1
141,25,355.0,109.25,46.25,46.75,1,1,-1,-1
142,25,360.25,105.5,45.25,45.5,1,1,-1,-1
143,25,363.5,101.25,45.25,45.75,1,1,-1,-1
144,25,368.25,95.0,45.25,45.0,1,1,-1,-1
145,25,373.75,88.0,45.0,46.0,1,1,-1,-1
146,25,377.25,80.5,45.25,45.75,1,1,-1,-1
147,25,379.25,77.0,45.25,45.25,1,1,-1,-1
148,25,380.75,77.5,45.0,45.5,1,1,-1,-1
149,25,386.5,77.25,45.0,45.5,1,1,-1,-1
150,25,391.5,77.0,44.75,45.5,1,1,-1,-1
151,25,396.5,74.5,45.0,45.75,1,1,-1,-1
152,25,402.0,71.0,45.0,46.75,1,1,-1,-1
153,25,405.0,67.75,45.25,45.75,1,1,-1,-1
154,25,410.0,62.5,45.25,46.75,1,1,-1,-1
155,25,415.0,56.75,45.25,46.25,1,1,-1,-1
156,25,418.25,48.0,45.25,45.25,1,1,-1,-1
157,25,419.5,44.0,45.5,45.5,1,1,-1,-1
158,25,417.0,40.75,45.25,45.5,1,1,-1,-1
159,25,411.25,35.75,44.75,45.25,1,1,-1,-1
160,25,403.25,32.75,45.0,46.25,1,1,-1,-1
161,25,409.5,34.5,45.0,45.0,1,1,-1,-1
162,25,409.5,32.5,45.0,45.0,1,1,-1,-1
163,25,402.75,28.0,45.0,45.5,1,1,-1,-1
164,25,404.25,27.0,44.75,45.25,1,1,-1,-1
165,25,404.75,27.5,44.75,44.5,1,1,-1,-1
166,25,406.719,26.858,44.75,44.5,1,1,-1,-1
167,25,408.589,26.295,44.75,44.5,1,1,-1,-1
168,25,403.75,26.5,44.75,45.25,1,1,-1,-1
169,25,403.25,26.75,44.75,45.0,1,1,-1,-1
170,25,401.5,28.75,45.0,45.5,1,1,-1,-1
171,25,401.0,30.75,45.0,45.25,1,1,-1,-1
172,25,401.75,32.25,45.0,45.25,1,1,-1,-1
173,25,402.0,33.75,45.0,45.25,1,1,-1,-1
174,25,401.25,34.5,45.25,45.5,1,1,-1,-1
175,25,401.0,35.25,44.75,45.0,1,1,-1,-1
176,25,399.5,35.75,45.0,45.25,1,1,-1,-1
177,25,398.5,37.75,45.0,45.5,1,1,-1,-1
178,25,396.5,37.25,45.25,45.5,1,1,-1,-1
179,25,396.5,37.0,45.25,45.25,1,1,-1,-1
180,25,395.5,35.5,45.25,45.25,1,1,-1,-1
181,25,395.25,35.0,45.25,45.5,1,1,-1,-1
182,25,394.25,34.5,45.25,45.25,1,1,-1,-1
183,25,391.75,36.5,45.25,45.5,1,1,-1,-1
184,25,391.034,36.815,45.25,45.5,1,1,-1,-1
185,25,389.777,37.465,45.25,45.5,1,1,-1,-1
186,25,391.0,35.75,45.25,45.5,1,1,-1,-1
187,25,390.25,34.25,45.5,45.75,1,1,-1,-1
188,25,389.25,33.5,45.25,45.5,1,1,-1,-1
189,25,388.25,31.25,45.5,45.75,1,1,-1,-1
190,25,387.0,30.75,45.75,45.75,1,1,-1,-1
191,25,380.0,31.75,46.0,45.75,1,1,-1,-1
192,25,379.25,27.75,46.0,46.0,1,1,-1,-1
193,25,376.25,30.75,45.5,45.75,1,1,-1,-1
194,25,377.25,28.0,45.5,46.0,1,1,-1,-1
195,25,378.0,27.25,45.75,45.75,1,1,-1,-1
196,25,374.75,26.25,45.5,45.25,1,1,-1,-1
197,25,373.5,26.0,45.75,45.5,1,1,-1,-1
198,25,372.287,25.232,45.75,45.5,1,1,-1,-1
199,25,365.25,26.25,45.5,45.25,1,1,-1,-1
200,25,357.75,28.25,45.25,45.25,1,1,-1,-1
201,25,354.0,29.5,45.25,45.25,1,1,-1,-1
202,25,349.0,30.0,45.25,45.5,1,1,-1,-1
203,25,344.5,32.0,45.0,45.25,1,1,-1,-1
204,25,338.0,34.5,45.0,45.25,1,1,-1,-1
205,25,336.75,34.5,45.0,45.25,1,1,-1,-1
206,25,335.25,36.0,45.0,45.25,1,1,-1,-1
207,25,332.25,37.25,45.0,45.25,1,1,-1,-1
208,25,328.25,40.25,45.25,45.5,1,1,-1,-1
209,25,322.75,44.5,45.0,45.25,1,1,-1,-1
210,25,318.5,47.75,45.0,45.5,1,1,-1,-1
211,25,311.75,50.0,45.25,45.25,1,1,-1,-1
212,25,306.25,53.0,44.75,45.25,1,1,-1,-1
213,25,297.0,59.75,45.0,45.5,1,1,-1,-1
214,25,295.0,60.25,45.25,45.5,1,1,-1,-1
215,25,294.25,60.5,45.25,45.75,1,1,-1,-1
216,25,296.5,60.5,45.0,45.0,1,1,-1,-1
217,25,296.5,60.5,45.0,45.0,1,1,-1,-1
218,25,292.5,65.5,45.0,45.0,1,1,-1,-1
219,25,284.75,72.25,45.0,45.75,1,1,-1,-1
220,25,281.75,75.5,45.0,45.5,1,1,-1,-1
221,25,272.0,78.5,45.0,45.5,1,1,-1,-1
222,25,268.5,81.75,44.75,45.5,1,1,-1,-1
223,25,267.0,86.0,44.75,45.5,1,1,-1,-1
224,25,265.5,90.75,45.25,45.5,1,1,-1,-1
225,25,262.0,98.0,45.5,45.5,1,1,-1,-1
226,25,258.75,107.75,45.5,45.5,1,1,-1,-1
227,25,256.75,112.0,45.5,45.25,1,1,-1,-1
228,25,256.25,120.25,45.25,45.5,1,1,-1,-1
229,25,257.25,124.0,45.0,45.25,1,1,-1,-1
230,25,258.0,129.75,45.0,45.25,1,1,-1,-1
231,25,256.25,133.75,45.0,45.25,1,1,-1,-1
232,25,256.0,136.75,45.0,45.0,1,1,-1,-1
233,25,255.0,141.5,45.0,45.0,1,1,-1,-1
234,25,252.75,144.75,45.0,45.25,1,1,-1,-1
235,25,249.0,147.5,45.0,45.25,1,1,-1,-1
236,25,248.25,148.0,45.25,45.25,1,1,-1,-1
237,25,246.25,148.5,45.25,45.5,1,1,-1,-1
238,25,244.25,147.75,45.25,45.25,1,1,-1,-1
239,25,243.0,148.75,45.5,45.25,1,1,-1,-1
240,25,242.75,149.75,45.5,45.25,1,1,-1,-1
241,25,243.0,150.25,45.5,45.25,1,1,-1,-1
242,25,242.75,151.75,45.5,45.5,1,1,-1,-1
243,25,241.25,153.25,45.25,45.5,1,1,-1,-1
244,25,241.0,153.0,45.5,45.5,1,1,-1,-1
245,25,241.0,154.75,45.5,45.75,1,1,-1,-1
246,25,239.0,156.0,45.5,45.75,1,1,-1,-1
247,25,237.25,157.0,45.5,45.75,1,1,-1,-1
248,25,235.0,159.0,45.5,45.75,1,1,-1,-1
249,25,234.0,160.25,45.5,45.75,1,1,-1,-1
250,25,234.0,160.0,45.25,45.75,1,1,-1,-1
251,25,232.25,160.25,45.5,45.75,1,1,-1,-1
252,25,231.5,158.5,45.25,45.75,1,1,-1,-1
253,25,231.25,157.75,45.5,45.75,1,1,-1,-1
254,25,231.0,156.5,45.5,47.0,1,1,-1,-1
255,25,230.75,156.75,45.5,45.75,1,1,-1,-1
256,25,229.75,157.25,45.5,45.75,1,1,-1,-1
257,25,226.5,160.0,45.5,45.5,1,1,-1,-1
258,25,225.75,160.0,45.25,45.5,1,1,-1,-1
259,25,221.75,159.25,45.5,45.75,1,1,-1,-1
260,25,221.5,159.25,45.5,45.75,1,1,-1,-1
261,25,220.5,160.0,45.25,45.5,1,1,-1,-1
262,25,219.0,160.5,45.25,45.5,1,1,-1,-1
263,25,218.5,160.25,45.25,45.75,1,1,-1,-1
264,25,217.25,161.25,45.25,45.5,1,1,-1,-1
265,25,215.75,163.0,45.25,45.5,1,1,-1,-1
266,25,216.0,163.5,45.25,45.5,1,1,-1,-1
267,25,215.5,164.25,45.25,45.5,1,1,-1,-1
268,25,216.25,166.75,44.5,45.5,1,1,-1,-1
269,25,213.5,172.5,45.0,45.0,1,1,-1,-1
270,25,211.5,171.5,45.0,45.0,1,1,-1,-1
271,25,207.75,175.25,45.0,45.5,1,1,-1,-1
272,25,207.25,177.5,45.25,45.75,1,1,-1,-1
273,25,206.25,178.75,45.0,45.75,1,1,-1,-1
274,25,203.5,182.75,45.0,45.5,1,1,-1,-1
275,25,201.5,187.5,45.25,45.5,1,1,-1,-1
276,25,199.75,189.0,45.25,45.75,1,1,-1,-1
277,25,199.25,191.75,45.25,46.0,1,1,-1,-1
278,25,198.75,193.0,45.25,45.5,1,1,-1,-1
279,25,198.75,194.5,45.25,45.5,1,1,-1,-1
280,25,198.5,196.25,45.0,45.5,1,1,-1,-1
281,25,198.25,197.0,45.25,45.5,1,1,-1,-1
282,25,197.75,198.75,45.25,45.75,1,1,-1,-1
283,25,198.25,200.25,45.25,45.75,1,1,-1,-1
284,25,197.5,203.25,45.25,45.5,1,1,-1,-1
285,25,196.25,205.25,45.25,45.75,1,1,-1,-1
286,25,194.75,207.25,45.25,45.5,1,1,-1,-1
287,25,194.0,209.25,45.25,45.5,1,1,-1,-1
288,25,193.25,209.5,45.25,45.5,1,1,-1,-1
289,25,193.25,210.0,45.25,45.75,1,1,-1,-1
290,25,194.5,215.5,45.0,45.0,1,1,-1,-1
291,25,194.5,215.5,45.0,45.0,1,1,-1,-1
292,25,194.5,215.5,45.0,45.0,1,1,-1,-1
293,25,194.5,215.5,45.0,45.0,1,1,-1,-1
294,25,194.5,215.5,45.0,45.0,1,1,-1,-1
295,25,191.5,220.5,45.0,45.0,1,1,-1,-1
296,25,191.5,220.5,45.0,45.0,1,1,-1,-1
297,25,195.25,229.5,45.0,45.5,1,1,-1,-1
298,25,196.75,236.75,45.25,45.75,1,1,-1,-1
299,25,199.75,228.75,44.75,45.25,1,1,-1,-1
300,25,196.75,237.5,45.0,45.75,1,1,-1,-1
301,25,197.25,246.0,45.25,45.5,1,1,-1,-1
302,25,195.75,249.25,45.25,45.75,1,1,-1,-1
303,25,195.5,255.5,45.0,46.5,1,1,-1,-1
304,25,196.25,257.25,45.0,45.5,1,1,-1,-1
305,25,195.5,258.0,45.0,45.75,1,1,-1,-1
306,25,196.0,258.5,44.75,45.5,1,1,-1,-1
307,25,195.25,257.75,44.75,45.25,1,1,-1,-1
308,25,195.0,257.75,45.0,45.5,1,1,-1,-1
309,25,195.5,260.25,45.0,45.5,1,1,-1,-1
310,25,195.75,260.5,44.75,45.5,1,1,-1,-1
311,25,196.0,260.0,44.75,45.5,1,1,-1,-1
312,25,198.75,261.25,45.25,45.5,1,1,-1,-1
313,25,201.5,264.0,45.0,45.5,1,1,-1,-1
314,25,201.75,261.0,45.0,45.5,1,1,-1,-1
315,25,202.25,260.25,45.25,45.5,1,1,-1,-1
316,25,202.25,262.5,45.25,45.5,1,1,-1,-1
317,25,203.25,263.0,45.25,45.5,1,1,-1,-1
318,25,204.25,264.5,45.0,45.5,1,1,-1,-1
319,25,204.5,266.75,45.25,45.5,1,1,-1,-1
320,25,204.5,268.0,45.0,45.5,1,1,-1,-1
321,25,205.25,270.0,45.0,45.25,1,1,-1,-1
322,25,205.0,273.0,45.0,45.25,1,1,-1,-1
323,25,204.0,274.75,45.0,45.25,1,1,-1,-1
324,25,205.25,273.25,45.0,45.25,1,1,-1,-1
325,25,205.75,272.75,45.0,45.5,1,1,-1,-1
326,25,212.5,276.25,45.0,45.5,1,1,-1,-1
327,25,212.5,277.0,45.25,45.5,1,1,-1,-1
328,25,215.033,277.992,45.25,45.5,1,1,-1,-1
329,25,217.257,279.063,45.25,45.5,1,1,-1,-1
330,25,220.75,288.75,46.25,48.0,1,1,-1,-1
331,25,223.0,292.5,45.75,48.0,1,1,-1,-1
332,25,222.75,294.75,45.5,46.5,1,1,-1,-1
333,25,224.25,296.0,46.0,47.5,1,1,-1,-1
334,25,230.0,300.0,45.5,46.0,1,1,-1,-1
335,25,229.25,301.75,45.25,46.25,1,1,-1,-1
336,25,231.35,303.731,45.25,46.25,1,1,-1,-1
337,25,227.75,311.75,45.5,46.0,1,1,-1,-1
338,25,235.0,312.5,45.5,45.75,1,1,-1,-1
339,25,238.5,315.0,45.25,45.5,1,1,-1,-1
340,25,242.0,324.25,45.25,45.5,1,1,-1,-1
341,25,247.0,332.25,45.25,45.25,1,1,-1,-1
342,25,250.75,338.75,44.75,45.25,1,1,-1,-1
343,25,252.75,349.25,45.0,45.25,1,1,-1,-1
344,25,252.0,356.75,44.75,45.75,1,1,-1,-1
345,25,256.25,360.5,44.25,45.25,1,1,-1,-1
346,25,255.25,368.5,45.25,47.25,1,1,-1,-1
347,25,265.0,381.0,44.75,46.0,1,1,-1,-1
348,25,260.75,386.75,45.0,46.25,1,1,-1,-1
349,25,261.5,396.0,44.75,45.75,1,1,-1,-1
350,25,265.0,405.75,44.75,45.75,1,1,-1,-1
351,25,270.0,411.5,44.75,45.25,1,1,-1,-1
352,25,276.25,412.25,45.25,46.5,1,1,-1,-1
353,25,283.0,414.25,45.25,46.0,1,1,-1,-1
354,25,288.5,416.75,45.5,45.5,1,1,-1,-1
355,25,294.5,420.0,45.5,46.75,1,1,-1,-1
356,25,298.75,427.0,45.5,46.0,1,1,-1,-1
357,25,304.5,430.25,45.5,46.25,1,1,-1,-1
358,25,306.75,432.5,45.25,46.5,1,1,-1,-1
359,25,306.25,435.0,45.25,45.5,1,1,-1,-1
360,25,306.0,436.75,45.25,45.75,1,1,-1,-1
361,25,308.25,438.25,45.0,45.5,1,1,-1,-1
362,25,308.5,441.0,45.25,45.25,1,1,-1,-1
363,25,310.5,442.75,45.0,45.25,1,1,-1,-1
364,25,314.0,443.5,45.25,47.75,1,1,-1,-1
365,25,318.5,444.25,45.25,46.5,1,1,-1,-1
366,25,322.5,444.5,45.0,46.0,1,1,-1,-1
367,25,328.75,448.0,45.25,47.25,1,1,-1,-1
368,25,336.5,451.5,45.0,45.5,1,1,-1,-1
369,25,342.25,454.5,45.0,45.5,1,1,-1,-1
370,25,348.75,457.75,45.5,46.25,1,1,-1,-1
371,25,356.5,458.5,45.5,47.25,1,1,-1,-1
372,25,365.25,458.5,45.25,46.5,1,1,-1,-1
373,25,371.5,458.75,45.25,46.5,1,1,-1,-1
374,25,379.75,458.75,45.25,46.5,1,1,-1,-1
375,25,391.75,459.0,45.0,45.25,1,1,-1,-1
376,25,399.0,461.5,44.75,45.25,1,1,-1,-1
377,25,408.25,462.0,44.75,45.0,1,1,-1,-1
378,25,419.0,459.0,45.25,45.5,1,1,-1,-1
379,25,428.75,459.75,45.25,46.0,1,1,-1,-1
380,25,438.75,458.75,45.0,46.5,1,1,-1,-1
381,25,446.0,457.25,45.0,45.5,1,1,-1,-1
382,25,453.5,456.75,45.5,47.0,1,1,-1,-1
383,25,461.75,456.75,45.75,47.25,1,1,-1,-1
384,25,468.25,461.75,45.25,45.25,1,1,-1,-1
385,25,471.0,463.0,45.5,45.5,1,1,-1,-1
386,25,475.0,464.5,45.25,46.0,1,1,-1,-1
387,25,478.0,463.5,45.5,45.75,1,1,-1,-1
388,25,485.25,461.25,45.25,46.0,1,1,-1,-1
389,25,487.5,458.25,45.25,46.25,1,1,-1,-1
390,25,492.75,454.25,45.0,45.75,1,1,-1,-1
391,25,500.5,450.75,45.25,47.25,1,1,-1,-1
392,25,509.25,447.0,45.0,46.5,1,1,-1,-1
393,25,517.75,442.75,45.25,46.75,1,1,-1,-1
394,25,525.0,437.25,45.5,48.0,1,1,-1,-1
395,25,534.25,431.25,45.5,48.25,1,1,-1,-1
396,25,543.25,427.75,45.25,47.5,1,1,-1,-1
397,25,552.0,420.0,45.5,47.75,1,1,-1,-1
398,25,559.5,417.75,45.5,46.75,1,1,-1,-1
399,25,569.5,413.5,45.25,46.25,1,1,-1,-1
400,25,575.0,407.75,45.0,46.5,1,1,-1,-1
401,25,578.0,406.75,45.0,45.75,1,1,-1,-1
402,25,580.75,400.0,44.75,45.25,1,1,-1,-1
403,25,584.5,395.0,45.0,46.0,1,1,-1,-1
404,25,588.5,388.75,45.0,45.25,1,1,-1,-1
405,25,590.0,388.0,45.0,45.5,1,1,-1,-1
406,25,594.5,385.5,45.0,45.75,1,1,-1,-1
407,25,598.5,383.75,45.25,45.5,1,1,-1,-1
408,25,600.25,381.5,45.25,45.75,1,1,-1,-1
409,25,600.75,381.25,45.0,45.5,1,1,-1,-1
410,25,600.5,380.5,45.0,46.0,1,1,-1,-1
411,25,600.25,379.5,45.25,46.0,1,1,-1,-1
412,25,599.75,379.0,45.25,46.0,1,1,-1,-1
413,25,599.75,380.0,45.25,45.25,1,1,-1,-1
414,25,600.0,380.5,45.0,45.25,1,1,-1,-1
415,25,600.25,380.5,45.25,45.5,1,1,-1,-1
416,25,600.25,381.0,45.25,45.25,1,1,-1,-1
417,25,600.25,381.0,45.25,45.25,1,1,-1,-1
418,25,600.5,378.75,45.25,46.5,1,1,-1,-1
419,25,601.0,379.5,45.5,45.5,1,1,-1,-1
420,25,601.75,376.5,45.5,46.75,1,1,-1,-1
421,25,599.5,376.25,45.75,47.0,1,1,-1,-1
422,25,599.25,376.25,45.25,45.5,1,1,-1,-1
423,25,599.0,370.75,45.25,45.5,1,1,-1,-1
424,25,597.25,364.5,45.0,45.5,1,1,-1,-1
425,25,596.5,359.25,44.75,45.25,1,1,-1,-1
426,25,594.5,354.25,45.0,45.25,1,1,-1,-1
427,25,592.0,347.0,45.0,45.0,1,1,-1,-1
428,25,588.25,338.75,45.0,45.0,1,1,-1,-1
429,25,588.25,332.5,45.25,45.25,1,1,-1,-1
430,25,586.75,327.5,45.0,45.25,1,1,-1,-1
431,25,584.0,321.0,45.25,45.25,1,1,-1,-1
432,25,584.25,314.75,45.25,45.25,1,1,-1,-1
433,25,587.0,311.5,45.25,45.5,1,1,-1,-1
434,25,590.25,308.25,45.25,45.25,1,1,-1,-1
435,25,592.0,306.0,45.25,45.5,1,1,-1,-1
436,25,595.75,302.75,45.25,45.25,1,1,-1,-1
437,25,600.0,297.75,45.25,46.0,1,1,-1,-1
438,25,607.5,298.25,45.0,45.25,1,1,-1,-1
439,25,611.25,295.75,45.5,48.0,1,1,-1,-1
440,25,615.5,297.25,45.5,45.5,1,1,-1,-1
441,25,618.5,296.0,45.75,46.5,1,1,-1,-1
442,25,620.5,293.5,45.5,45.0,1,1,-1,-1
443,25,619.0,288.0,45.25,45.25,1,1,-1,-1
444,25,617.5,281.75,45.25,45.25,1,1,-1,-1
445,25,615.0,277.25,45.0,45.0,1,1,-1,-1
446,25,614.25,275.5,45.0,45.0,1,1,-1,-1
447,25,615.0,273.25,45.0,45.0,1,1,-1,-1
448,25,616.5,270.25,45.25,45.0,1,1,-1,-1
449,25,618.0,267.5,45.25,45.0,1,1,-1,-1
450,25,621.25,264.0,45.5,45.75,1,1,-1,-1
451,25,623.75,263.0,45.25,45.0,1,1,-1,-1
452,25,626.5,262.0,45.25,45.25,1,1,-1,-1
453,25,630.25,260.5,45.5,46.0,1,1,-1,-1
454,25,631.5,259.75,45.5,45.5,1,1,-1,-1
455,25,633.25,258.25,45.25,45.25,1,1,-1,-1
456,25,633.25,257.75,45.25,45.0,1,1,-1,-1
457,25,631.25,257.25,45.25,45.0,1,1,-1,-1
458,25,629.75,255.5,45.25,45.25,1,1,-1,-1
459,25,626.75,253.0,45.25,45.25,1,1,-1,-1
460,25,623.5,254.0,45.0,45.0,1,1,-1,-1
461,25,624.75,252.25,45.25,45.25,1,1,-1,-1
462,25,626.75,247.0,45.5,45.0,1,1,-1,-1
463,25,626.25,242.25,45.25,45.0,1,1,-1,-1
464,25,625.0,238.25,45.0,45.0,1,1,-1,-1
465,25,623.75,236.0,45.0,45.0,1,1,-1,-1
466,25,621.0,233.25,45.0,45.25,1,1,-1,-1
467,25,619.5,230.25,45.0,45.0,1,1,-1,-1
468,25,616.5,228.0,45.0,45.25,1,1,-1,-1
469,25,616.25,228.25,45.0,45.0,1,1,-1,-1
470,25,616.75,227.75,45.0,45.25,1,1,-1,-1
471,25,616.0,226.5,45.0,45.25,1,1,-1,-1
472,25,616.5,224.25,45.0,45.25,1,1,-1,-1
473,25,616.25,218.5,45.25,45.25,1,1,-1,-1
474,25,619.0,213.25,45.25,45.25,1,1,-1,-1
475,25,622.75,209.5,45.25,46.0,1,1,-1,-1
476,25,625.0,208.75,45.25,45.25,1,1,-1,-1
477,25,624.75,209.0,45.25,45.25,1,1,-1,-1
478,25,624.25,212.25,45.25,45.25,1,1,-1,-1
479,25,621.5,214.0,45.5,45.25,1,1,-1,-1
480,25,617.75,217.25,45.25,45.25,1,1,-1,-1
481,25,617.75,220.5,45.25,45.0,1,1,-1,-1
482,25,618.25,223.5,45.25,45.0,1,1,-1,-1
483,25,617.75,228.0,45.0,45.0,1,1,-1,-1
484,25,617.5,231.0,45.0,44.75,1,1,-1,-1
485,25,617.75,233.0,45.25,46.0,1,1,-1,-1
486,25,617.25,238.0,45.0,45.0,1,1,-1,-1
487,25,616.75,243.5,45.0,45.0,1,1,-1,-1
488,25,616.25,247.5,45.0,45.0,1,1,-1,-1
489,25,617.0,253.5,44.75,45.0,1,1,-1,-1
490,25,613.5,256.25,44.75,45.0,1,1,-1,-1
491,25,609.0,259.5,44.75,45.0,1,1,-1,-1
492,25,605.0,263.75,44.75,45.0,1,1,-1,-1
493,25,601.0,269.5,44.75,45.0,1,1,-1,-1
494,25,602.0,274.5,44.75,45.0,1,1,-1,-1
495,25,602.75,281.75,44.75,45.25,1,1,-1,-1
496,25,603.5,288.0,45.0,45.5,1,1,-1,-1
497,25,604.5,288.75,45.25,45.5,1,1,-1,-1
498,25,603.5,290.25,45.0,45.5,1,1,-1,-1
499,25,601.5,292.5,45.25,46.0,1,1,-1,-1
500,25,599.5,294.0,45.25,45.5,1,1,-1,-1
1,26,616.5,304.5,45.25,45.0,1,1,-1,-1
2,26,618.0,302.0,45.5,45.25,1,1,-1,-1
3,26,620.25,296.75,45.25,45.25,1,1,-1,-1
4,26,620.75,293.75,45.5,45.25,1,1,-1,-1
5,26,624.5,285.0,45.25,45.0,1,1,-1,-1
6,26,626.75,282.5,45.25,45.0,1,1,-1,-1
7,26,630.75,279.0,45.0,44.75,1,1,-1,-1
8,26,633.25,272.5,45.0,45.0,1,1,-1,-1
9,26,636.25,268.0,45.25,45.0,1,1,-1,-1
10,26,638.5,266.5,45.0,45.0,1,1,-1,-1
11,26,638.5,266.75,45.0,45.0,1,1,-1,-1
12,26,639.75,265.75,44.75,45.0,1,1,-1,-1
13,26,639.75,266.75,45.0,45.0,1,1,-1,-1
14,26,640.25,268.5,45.0,45.0,1,1,-1,-1
15,26,637.75,270.5,44.75,45.25,1,1,-1,-1
16,26,633.5,272.0,45.0,45.0,1,1,-1,-1
17,26,632.75,272.75,45.0,45.0,1,1,-1,-1
18,26,633.25,276.0,45.0,45.0,1,1,-1,-1
19,26,633.25,278.25,45.25,45.0,1,1,-1,-1
20,26,634.75,279.0,45.25,45.5,1,1,-1,-1
21,26,634.25,279.0,45.25,45.25,1,1,-1,-1
22,26,632.25,278.75,45.0,45.0,1,1,-1,-1
23,26,632.0,278.75,44.75,45.0,1,1,-1,-1
24,26,631.5,278.5,45.0,45.0,1,1,-1,-1
25,26,631.25,279.25,45.0,45.0,1,1,-1,-1
26,26,631.75,279.25,44.75,44.75,1,1,-1,-1
27,26,631.5,279.25,44.75,44.75,1,1,-1,-1
28,26,631.0,279.25,45.0,44.75,1,1,-1,-1
29,26,627.75,281.0,44.75,44.75,1,1,-1,-1
30,26,627.0,282.25,44.75,44.75,1,1,-1,-1
31,26,625.25,283.5,44.75,45.0,1,1,-1,-1
32,26,624.0,284.0,45.0,45.0,1,1,-1,-1
33,26,622.5,286.5,45.0,45.0,1,1,-1,-1
34,26,620.5,289.0,45.25,45.25,1,1,-1,-1
35,26,620.25,292.0,45.25,45.0,1,1,-1,-1
36,26,620.0,297.25,45.5,45.25,1,1,-1,-1
37,26,619.25,301.0,45.5,45.0,1,1,-1,-1
38,26,620.0,304.25,45.25,45.25,1,1,-1,-1
39,26,621.75,309.75,45.25,45.0,1,1,-1,-1
40,26,621.75,314.0,45.25,45.0,1,1,-1,-1
41,26,621.0,319.25,45.25,45.0,1,1,-1,-1
42,26,620.5,319.75,45.25,45.0,1,1,-1,-1
43,26,619.5,321.0,45.25,45.0,1,1,-1,-1
44,26,620.75,321.5,45.25,45.25,1,1,-1,-1
45,26,620.0,322.5,45.25,45.25,1,1,-1,-1
46,26,622.0,323.0,45.25,45.25,1,1,-1,-1
47,26,621.75,323.25,45.25,45.75,1,1,-1,-1
48,26,623.75,324.5,45.25,45.25,1,1,-1,-1
49,26,625.0,326.25,45.5,45.25,1,1,-1,-1
50,26,625.5,326.75,45.25,45.0,1,1,-1,-1
51,26,625.5,327.25,45.5,45.25,1,1,-1,-1
52,26,625.5,327.25,45.25,45.25,1,1,-1,-1
53,26,626.0,327.0,45.25,45.25,1,1,-1,-1
54,26,626.25,326.5,45.25,45.0,1,1,-1,-1
55,26,625.75,325.0,45.5,45.25,1,1,-1,-1
56,26,626.25,321.25,45.5,45.25,1,1,-1,-1
57,26,626.75,320.0,45.5,45.5,1,1,-1,-1
58,26,626.0,317.0,45.5,46.5,1,1,-1,-1
59,26,626.0,313.75,45.75,47.25,1,1,-1,-1
60,26,626.25,309.5,45.75,47.0,1,1,-1,-1
61,26,626.5,309.75,45.5,46.25,1,1,-1,-1
62,26,627.5,309.75,45.25,45.0,1,1,-1,-1
63,26,628.75,306.75,45.25,45.25,1,1,-1,-1
64,26,630.75,306.0,45.25,45.0,1,1,-1,-1
65,26,633.25,304.75,45.5,45.5,1,1,-1,-1
66,26,634.0,305.0,45.25,45.0,1,1,-1,-1
67,26,634.75,303.25,45.5,45.0,1,1,-1,-1
68,26,636.0,302.0,45.5,45.0,1,1,-1,-1
69,26,636.75,299.5,45.5,45.0,1,1,-1,-1
70,26,637.5,296.0,45.5,45.25,1,1,-1,-1
71,26,641.25,292.0,45.5,45.0,1,1,-1,-1
72,26,642.25,288.75,45.25,45.0,1,1,-1,-1
73,26,645.25,283.5,45.25,45.0,1,1,-1,-1
74,26,646.25,279.75,45.25,44.75,1,1,-1,-1
75,26,647.25,276.25,45.0,45.0,1,1,-1,-1
76,26,648.75,271.75,45.0,45.0,1,1,-1,-1
77,26,649.0,269.25,45.0,44.75,1,1,-1,-1
78,26,649.25,264.0,45.0,44.75,1,1,-1,-1
79,26,649.75,258.5,44.75,45.0,1,1,-1,-1
80,26,651.5,253.5,45.0,45.0,1,1,-1,-1
81,26,652.0,251.0,45.0,45.0,1,1,-1,-1
82,26,653.5,249.25,45.0,45.0,1,1,-1,-1
83,26,654.25,247.5,45.25,45.0,1,1,-1,-1
84,26,653.0,248.75,45.25,44.75,1,1,-1,-1
85,26,652.75,249.75,45.0,45.0,1,1,-1,-1
86,26,651.25,249.25,45.0,45.0,1,1,-1,-1
87,26,651.5,249.0,45.0,44.75,1,1,-1,-1
88,26,652.25,248.75,45.0,45.0,1,1,-1,-1
89,26,652.25,248.75,45.25,45.0,1,1,-1,-1
90,26,653.0,248.0,45.0,45.0,1,1,-1,-1
91,26,653.75,246.75,45.25,45.25,1,1,-1,-1
92,26,653.75,246.75,45.0,45.0,1,1,-1,-1
93,26,653.25,247.5,45.25,45.0,1,1,-1,-1
94,26,650.25,250.75,44.75,44.75,1,1,-1,-1
95,26,648.5,252.0,44.75,45.0,1,1,-1,-1
96,26,646.5,252.75,44.75,45.0,1,1,-1,-1
97,26,644.25,251.75,45.0,45.0,1,1,-1,-1
98,26,643.0,251.25,45.0,44.75,1,1,-1,-1
99,26,640.5,250.25,45.0,45.0,1,1,-1,-1
100,26,637.0,248.75,45.0,45.0,1,1,-1,-1
101,26,634.25,244.25,45.25,45.0,1,1,-1,-1
102,26,629.75,239.75,45.25,45.0,1,1,-1,-1
103,26,628.75,236.75,45.0,45.0,1,1,-1,-1
104,26,629.0,232.5,45.0,45.0,1,1,-1,-1
105,26,630.75,229.25,44.75,45.0,1,1,-1,-1
106,26,629.5,225.0,45.0,45.0,1,1,-1,-1
107,26,630.5,224.5,45.0,45.0,1,1,-1,-1
108,26,631.25,222.75,45.25,45.25,1,1,-1,-1
109,26,632.0,221.5,45.25,45.25,1,1,-1,-1
110,26,633.0,220.75,45.25,45.25,1,1,-1,-1
111,26,634.25,218.0,45.25,45.0,1,1,-1,-1
112,26,635.0,215.75,45.25,45.25,1,1,-1,-1
113,26,636.0,214.5,45.25,45.25,1,1,-1,-1
114,26,634.0,212.5,45.75,45.25,1,1,-1,-1
115,26,631.25,210.5,45.5,45.25,1,1,-1,-1
116,26,629.25,208.0,45.5,45.25,1,1,-1,-1
117,26,630.75,205.75,45.5,45.25,1,1,-1,-1
118,26,636.25,196.25,45.25,45.0,1,1,-1,-1
119,26,635.0,193.5,45.25,45.0,1,1,-1,-1
120,26,632.0,188.5,45.5,45.25,1,1,-1,-1
121,26,636.0,185.5,45.5,45.25,1,1,-1,-1
122,26,636.707,182.169,45.5,45.25,1,1,-1,-1
123,26,631.25,187.75,45.5,45.25,1,1,-1,-1
124,26,631.0,187.75,45.25,45.0,1,1,-1,-1
125,26,631.0,188.75,45.5,45.0,1,1,-1,-1
126,26,630.25,184.5,45.5,45.0,1,1,-1,-1
127,26,632.0,189.5,45.5,45.0,1,1,-1,-1
128,26,632.0,188.5,45.75,45.0,1,1,-1,-1
129,26,631.75,191.0,45.5,44.75,1,1,-1,-1
130,26,632.287,192.224,45.5,44.75,1,1,-1,-1
131,26,629.5,182.75,45.75,45.5,1,1,-1,-1
132,26,627.25,179.25,45.25,45.25,1,1,-1,-1
133,26,627.5,177.5,45.5,45.0,1,1,-1,-1
134,26,626.707,175.377,45.5,45.0,1,1,-1,-1
135,26,629.25,173.75,45.5,45.0,1,1,-1,-1
136,26,627.75,174.5,45.5,45.0,1,1,-1,-1
137,26,627.25,174.5,45.25,45.0,1,1,-1,-1
138,26,625.25,173.0,45.5,45.0,1,1,-1,-1
139,26,622.75,167.5,45.75,45.25,1,1,-1,-1
140,26,627.5,166.5,45.75,45.25,1,1,-1,-1
141,26,625.25,164.25,45.75,45.25,1,1,-1,-1
142,26,626.0,162.25,45.5,45.25,1,1,-1,-1
143,26,626.75,158.75,45.75,45.25,1,1,-1,-1
144,26,628.0,156.25,45.75,45.25,1,1,-1,-1
145,26,628.5,154.5,45.5,44.75,1,1,-1,-1
146,26,630.25,154.5,45.5,45.0,1,1,-1,-1
147,26,631.25,153.25,45.5,45.0,1,1,-1,-1
148,26,630.25,152.0,45.5,45.25,1,1,-1,-1
149,26,630.75,151.25,45.5,45.25,1,1,-1,-1
150,26,629.25,152.5,45.75,45.25,1,1,-1,-1
151,26,628.0,152.75,45.5,45.0,1,1,-1,-1
152,26,627.25,152.0,45.75,45.25,1,1,-1,-1
153,26,628.25,152.0,45.75,45.0,1,1,-1,-1
154,26,628.25,150.5,45.5,45.0,1,1,-1,-1
155,26,627.0,150.75,45.75,45.25,1,1,-1,-1
156,26,627.0,149.5,45.5,45.25,1,1,-1,-1
157,26,628.5,149.75,45.5,45.0,1,1,-1,-1
158,26,627.25,149.75,45.5,45.0,1,1,-1,-1
159,26,627.25,149.5,45.5,45.0,1,1,-1,-1
160,26,627.5,147.25,45.5,45.0,1,1,-1,-1
161,26,626.25,145.75,45.25,44.75,1,1,-1,-1
162,26,624.5,144.5,45.5,45.0,1,1,-1,-1
163,26,625.75,142.5,45.5,45.0,1,1,-1,-1
164,26,624.5,141.25,45.75,46.25,1,1,-1,-1
165,26,624.121,139.668,45.75,46.25,1,1,-1,-1
166,26,622.0,140.0,45.75,45.0,1,1,-1,-1
167,26,626.5,139.5,45.0,45.0,1,1,-1,-1
168,26,626.5,138.5,45.0,45.0,1,1,-1,-1
169,26,626.5,138.5,45.0,45.0,1,1,-1,-1
170,26,626.5,138.5,45.0,45.0,1,1,-1,-1
171,26,625.282,140.902,45.75,45.0,1,1,-1,-1
172,26,625.5,141.5,45.0,45.0,1,1,-1,-1
173,26,625.5,138.5,45.0,45.0,1,1,-1,-1
174,26,625.5,138.5,45.0,45.0,1,1,-1,-1
175,26,622.25,132.0,45.5,45.0,1,1,-1,-1
176,26,622.0,134.5,45.5,45.0,1,1,-1,-1
177,26,623.25,133.25,45.5,45.0,1,1,-1,-1
178,26,625.25,135.25,45.5,45.0,1,1,-1,-1
179,26,625.75,134.0,45.5,45.0,1,1,-1,-1
180,26,625.0,133.5,45.75,45.25,1,1,-1,-1
181,26,627.5,128.75,46.0,45.5,1,1,-1,-1
182,26,628.5,129.5,46.0,45.25,1,1,-1,-1
183,26,626.5,132.5,45.0,45.0,1,1,-1,-1
184,26,626.5,132.5,45.0,45.0,1,1,-1,-1
185,26,626.5,132.5,45.0,45.0,1,1,-1,-1
186,26,626.5,132.5,45.0,45.0,1,1,-1,-1
187,26,626.5,132.5,45.0,45.0,1,1,-1,-1
188,26,626.5,132.5,45.0,45.0,1,1,-1,-1
189,26,626.5,128.5,45.0,45.0,1,1,-1,-1
190,26,626.5,128.5,45.0,45.0,1,1,-1,-1
191,26,626.5,128.5,45.0,45.0,1,1,-1,-1
192,26,626.5,128.5,45.0,45.0,1,1,-1,-1
193,26,626.5,128.5,45.0,45.0,1,1,-1,-1
194,26,626.5,128.5,45.0,45.0,1,1,-1,-1
195,26,626.5,128.5,45.0,45.0,1,1,-1,-1
196,26,624.5,128.5,45.0,45.0,1,1,-1,-1
197,26,621.75,124.5,45.75,45.25,1,1,-1,-1
198,26,624.5,124.75,45.75,45.25,1,1,-1,-1
199,26,622.25,125.25,45.5,45.25,1,1,-1,-1
200,26,621.25,127.75,45.75,45.0,1,1,-1,-1
201,26,621.25,126.0,45.5,45.25,1,1,-1,-1
202,26,621.25,126.75,46.0,45.0,1,1,-1,-1
203,26,620.25,127.0,45.75,45.0,1,1,-1,-1
204,26,622.25,126.25,46.0,45.25,1,1,-1,-1
205,26,621.25,125.5,45.75,45.25,1,1,-1,-1
206,26,621.0,127.0,46.0,45.75,1,1,-1,-1
207,26,621.0,123.75,46.0,46.75,1,1,-1,-1
208,26,619.5,126.5,46.0,46.0,1,1,-1,-1
209,26,617.25,124.0,46.0,45.25,1,1,-1,-1
210,26,616.75,119.75,46.0,45.25,1,1,-1,-1
211,26,619.0,122.0,45.75,45.5,1,1,-1,-1
212,26,619.75,120.0,45.75,45.0,1,1,-1,-1
213,26,620.0,120.25,45.75,46.0,1,1,-1,-1
214,26,619.25,120.0,46.0,45.25,1,1,-1,-1
215,26,620.0,122.25,45.75,46.0,1,1,-1,-1
216,26,618.5,123.25,45.75,45.75,1,1,-1,-1
217,26,614.0,124.0,45.5,45.25,1,1,-1,-1
218,26,613.0,123.0,45.75,45.0,1,1,-1,-1
219,26,610.603,123.085,45.75,45.0,1,1,-1,-1
220,26,614.0,123.25,45.75,46.0,1,1,-1,-1
221,26,612.5,126.5,45.5,45.75,1,1,-1,-1
222,26,609.75,124.0,45.25,45.25,1,1,-1,-1
223,26,607.25,121.5,45.25,45.25,1,1,-1,-1
224,26,610.0,122.0,45.25,45.0,1,1,-1,-1
225,26,609.0,121.25,45.25,44.75,1,1,-1,-1
226,26,608.25,118.25,45.25,44.75,1,1,-1,-1
227,26,609.75,116.75,45.25,45.0,1,1,-1,-1
228,26,608.75,114.75,46.25,44.5,1,1,-1,-1
229,26,612.0,115.75,45.5,44.75,1,1,-1,-1
230,26,614.0,114.5,45.5,45.25,1,1,-1,-1
231,26,611.75,113.75,45.5,45.0,1,1,-1,-1
232,26,612.5,114.0,45.5,45.25,1,1,-1,-1
233,26,614.0,115.25,45.25,45.0,1,1,-1,-1
234,26,613.25,114.75,45.5,45.25,1,1,-1,-1
235,26,613.5,114.75,45.25,45.0,1,1,-1,-1
236,26,612.25,113.75,45.25,45.0,1,1,-1,-1
237,26,612.0,113.25,45.25,45.0,1,1,-1,-1
238,26,610.75,112.0,45.25,45.25,1,1,-1,-1
239,26,608.25,110.75,45.25,45.25,1,1,-1,-1
240,26,605.25,109.25,45.0,45.25,1,1,-1,-1
241,26,604.0,107.75,45.25,45.25,1,1,-1,-1
242,26,600.75,107.0,45.25,45.0,1,1,-1,-1
243,26,597.0,104.25,45.0,45.25,1,1,-1,-1
244,26,593.5,102.5,45.0,45.25,1,1,-1,-1
245,26,588.75,97.75,44.75,45.0,1,1,-1,-1
246,26,585.0,95.75,44.75,45.0,1,1,-1,-1
247,26,581.25,93.0,44.75,45.0,1,1,-1,-1
248,26,576.5,87.0,44.5,45.0,1,1,-1,-1
249,26,571.25,81.75,44.75,45.25,1,1,-1,-1
250,26,570.75,79.5,44.75,44.75,1,1,-1,-1
251,26,571.75,79.0,44.5,44.5,1,1,-1,-1
252,26,570.47,77.726,44.5,44.5,1,1,-1,-1
253,26,569.751,76.283,44.5,44.5,1,1,-1,-1
254,26,569.75,75.0,44.75,45.25,1,1,-1,-1
255,26,569.25,75.0,44.75,45.25,1,1,-1,-1
256,26,570.25,75.0,44.75,45.25,1,1,-1,-1
257,26,569.25,73.5,44.75,45.25,1,1,-1,-1
258,26,569.0,70.5,44.75,45.25,1,1,-1,-1
259,26,567.75,70.75,45.0,45.25,1,1,-1,-1
260,26,568.25,71.25,44.75,45.25,1,1,-1,-1
261,26,566.25,72.5,44.75,45.0,1,1,-1,-1
262,26,565.0,70.5,44.75,45.25,1,1,-1,-1
263,26,562.5,64.5,45.0,45.0,1,1,-1,-1
264,26,562.5,64.5,45.0,45.0,1,1,-1,-1
265,26,562.5,61.5,45.0,45.0,1,1,-1,-1
266,26,562.5,61.5,45.0,45.0,1,1,-1,-1
267,26,559.5,59.5,45.0,45.0,1,1,-1,-1
268,26,554.5,54.5,45.0,45.0,1,1,-1,-1
269,26,554.5,54.5,45.0,45.0,1,1,-1,-1
270,26,554.5,54.5,45.0,45.0,1,1,-1,-1
271,26,552.5,51.5,45.0,45.0,1,1,-1,-1
272,26,552.5,51.5,45.0,45.0,1,1,-1,-1
273,26,548.5,50.5,45.0,45.0,1,1,-1,-1
274,26,548.5,50.5,45.0,45.0,1,1,-1,-1
275,26,544.0,49.75,45.0,45.0,1,1,-1,-1
276,26,540.0,48.75,45.0,45.0,1,1,-1,-1
277,26,539.75,49.5,45.0,45.0,1,1,-1,-1
278,26,534.25,47.5,45.25,45.25,1,1,-1,-1
279,26,531.0,44.5,45.25,45.25,1,1,-1,-1
280,26,529.0,43.5,45.25,45.25,1,1,-1,-1
281,26,526.25,43.0,45.25,45.5,1,1,-1,-1
282,26,526.5,42.0,45.25,45.25,1,1,-1,-1
283,26,523.5,41.75,45.25,45.25,1,1,-1,-1
284,26,524.5,38.5,45.0,45.25,1,1,-1,-1
285,26,526.25,39.0,45.0,45.25,1,1,-1,-1
286,26,526.0,39.5,45.25,45.25,1,1,-1,-1
287,26,526.75,39.75,45.0,45.25,1,1,-1,-1
288,26,530.0,43.25,45.0,45.25,1,1,-1,-1
289,26,532.0,44.25,45.25,45.25,1,1,-1,-1
290,26,532.75,45.25,45.0,45.25,1,1,-1,-1
291,26,532.75,44.5,45.0,45.25,1,1,-1,-1
292,26,533.25,44.75,45.25,45.25,1,1,-1,-1
293,26,533.0,43.75,45.0,45.0,1,1,-1,-1
294,26,532.75,43.0,45.25,45.25,1,1,-1,-1
295,26,533.0,44.75,45.0,45.25,1,1,-1,-1
296,26,531.5,45.5,45.0,45.25,1,1,-1,-1
297,26,531.0,46.5,45.0,45.25,1,1,-1,-1
298,26,530.5,47.75,45.0,45.25,1,1,-1,-1
299,26,530.5,48.0,45.0,45.25,1,1,-1,-1
300,26,530.25,48.5,45.0,45.25,1,1,-1,-1
301,26,529.75,48.0,45.0,45.25,1,1,-1,-1
302,26,530.0,47.5,45.0,45.25,1,1,-1,-1
303,26,530.0,47.5,45.25,45.5,1,1,-1,-1
304,26,528.75,48.25,45.25,45.25,1,1,-1,-1
305,26,530.5,51.5,45.0,45.0,1,1,-1,-1
306,26,527.5,49.0,45.25,45.25,1,1,-1,-1
307,26,525.5,50.0,45.0,45.25,1,1,-1,-1
308,26,524.5,50.75,45.0,45.5,1,1,-1,-1
309,26,522.75,51.0,45.25,45.5,1,1,-1,-1
310,26,522.25,51.0,45.25,45.5,1,1,-1,-1
311,26,519.25,49.5,45.25,45.25,1,1,-1,-1
312,26,516.5,47.75,45.0,45.25,1,1,-1,-1
313,26,513.5,46.25,45.25,45.5,1,1,-1,-1
314,26,510.0,43.75,45.25,45.5,1,1,-1,-1
315,26,506.25,40.0,45.25,45.25,1,1,-1,-1
316,26,505.0,38.75,45.0,45.25,1,1,-1,-1
317,26,502.75,38.0,45.0,45.5,1,1,-1,-1
318,26,500.0,36.75,45.25,45.5,1,1,-1,-1
319,26,499.0,36.0,45.0,45.5,1,1,-1,-1
320,26,496.75,35.75,45.0,45.5,1,1,-1,-1
321,26,494.5,36.25,45.25,45.5,1,1,-1,-1
322,26,494.0,35.0,45.0,45.5,1,1,-1,-1
323,26,492.0,33.25,45.0,45.25,1,1,-1,-1
324,26,486.5,32.5,45.0,45.5,1,1,-1,-1
325,26,482.0,30.25,45.25,45.25,1,1,-1,-1
326,26,478.25,28.0,45.25,45.25,1,1,-1,-1
327,26,475.75,26.0,45.25,45.5,1,1,-1,-1
328,26,471.25,25.5,45.25,45.5,1,1,-1,-1
329,26,470.25,28.75,45.25,45.5,1,1,-1,-1
330,26,463.75,28.0,45.5,45.75,1,1,-1,-1
331,26,461.25,29.5,45.5,45.5,1,1,-1,-1
332,26,457.614,30.47,45.5,45.5,1,1,-1,-1
333,26,452.5,29.5,45.5,45.25,1,1,-1,-1
334,26,448.214,29.318,45.5,45.25,1,1,-1,-1
335,26,445.5,37.5,45.0,45.0,1,1,-1,-1
336,26,445.5,37.5,45.0,45.0,1,1,-1,-1
337,26,441.75,43.5,45.25,45.75,1,1,-1,-1
338,26,431.75,41.0,45.25,45.25,1,1,-1,-1
339,26,428.0,39.75,45.25,45.5,1,1,-1,-1
340,26,426.0,40.0,45.25,45.5,1,1,-1,-1
341,26,422.75,41.0,45.5,45.5,1,1,-1,-1
342,26,420.25,42.0,45.25,45.5,1,1,-1,-1
343,26,419.25,42.0,45.25,45.5,1,1,-1,-1
344,26,417.25,43.0,45.25,45.25,1,1,-1,-1
345,26,413.75,42.0,45.0,45.25,1,1,-1,-1
346,26,409.5,42.5,45.0,45.5,1,1,-1,-1
347,26,407.25,47.75,44.75,45.5,1,1,-1,-1
348,26,404.75,48.75,45.0,45.5,1,1,-1,-1
349,26,401.25,50.0,45.0,45.5,1,1,-1,-1
350,26,396.0,53.25,44.75,45.5,1,1,-1,-1
351,26,392.0,56.75,45.0,45.75,1,1,-1,-1
352,26,384.75,58.25,45.25,46.25,1,1,-1,-1
353,26,378.0,57.25,45.5,47.25,1,1,-1,-1
354,26,371.5,63.5,45.0,45.0,1,1,-1,-1
355,26,366.5,64.5,45.0,45.0,1,1,-1,-1
356,26,362.5,64.5,45.0,45.0,1,1,-1,-1
357,26,357.5,65.5,45.0,45.0,1,1,-1,-1
358,26,345.75,74.75,45.25,45.5,1,1,-1,-1
359,26,345.25,77.5,45.25,45.25,1,1,-1,-1
360,26,345.75,78.75,45.0,45.25,1,1,-1,-1
361,26,345.25,81.25,45.25,45.25,1,1,-1,-1
362,26,345.25,83.75,45.25,45.25,1,1,-1,-1
363,26,340.0,89.5,45.0,45.25,1,1,-1,-1
364,26,344.75,87.5,45.0,45.5,1,1,-1,-1
365,26,346.0,88.0,45.25,45.5,1,1,-1,-1
366,26,345.5,88.0,45.25,45.5,1,1,-1,-1
367,26,346.25,87.75,45.25,45.5,1,1,-1,-1
368,26,346.5,87.25,45.0,45.5,1,1,-1,-1
369,26,346.75,87.0,45.0,45.5,1,1,-1,-1
370,26,346.5,87.0,45.25,45.0,1,1,-1,-1
371,26,346.25,86.75,45.5,45.25,1,1,-1,-1
372,26,347.0,86.25,45.25,45.5,1,1,-1,-1
373,26,347.049,86.042,45.25,45.5,1,1,-1,-1
374,26,343.0,89.25,45.25,45.25,1,1,-1,-1
375,26,342.5,88.5,45.25,45.0,1,1,-1,-1
376,26,343.0,88.0,45.25,45.0,1,1,-1,-1
377,26,343.75,87.25,45.25,45.25,1,1,-1,-1
378,26,347.25,82.25,45.0,45.0,1,1,-1,-1
379,26,342.25,87.0,45.25,45.25,1,1,-1,-1
380,26,343.0,87.0,45.0,45.25,1,1,-1,-1
381,26,343.0,86.75,45.0,45.25,1,1,-1,-1
382,26,343.75,85.75,45.0,45.25,1,1,-1,-1
383,26,342.25,85.75,45.25,45.25,1,1,-1,-1
384,26,341.75,85.25,45.0,45.25,1,1,-1,-1
385,26,340.0,84.75,45.0,45.5,1,1,-1,-1
386,26,340.0,83.75,45.25,45.25,1,1,-1,-1
387,26,339.75,83.75,45.0,45.25,1,1,-1,-1
388,26,339.25,84.0,45.0,45.25,1,1,-1,-1
389,26,340.5,82.75,44.75,45.5,1,1,-1,-1
390,26,340.323,82.435,44.75,45.5,1,1,-1,-1
391,26,341.0,84.25,45.0,45.5,1,1,-1,-1
392,26,341.25,85.75,45.0,45.5,1,1,-1,-1
393,26,342.5,86.5,45.0,45.0,1,1,-1,-1
394,26,342.5,86.5,45.0,45.0,1,1,-1,-1
395,26,336.75,85.25,45.0,45.25,1,1,-1,-1
396,26,339.015,83.298,45.0,45.25,1,1,-1,-1
397,26,337.5,87.5,45.0,45.0,1,1,-1,-1
398,26,337.5,87.5,45.0,45.0,1,1,-1,-1
399,26,337.5,87.5,45.0,45.0,1,1,-1,-1
400,26,337.5,87.5,45.0,45.0,1,1,-1,-1
401,26,337.5,87.5,45.0,45.0,1,1,-1,-1
402,26,338.5,85.25,45.25,45.25,1,1,-1,-1
403,26,342.75,82.75,45.0,45.25,1,1,-1,-1
404,26,342.0,82.25,45.25,45.25,1,1,-1,-1
405,26,342.75,82.25,45.25,45.0,1,1,-1,-1
406,26,342.0,82.25,45.25,45.25,1,1,-1,-1
407,26,340.0,84.5,45.25,45.25,1,1,-1,-1
408,26,344.5,83.25,45.25,45.5,1,1,-1,-1
409,26,344.25,83.75,45.5,45.25,1,1,-1,-1
410,26,344.25,83.25,45.25,45.25,1,1,-1,-1
411,26,344.5,84.25,45.25,45.25,1,1,-1,-1
412,26,343.75,83.75,45.25,45.25,1,1,-1,-1
413,26,344.0,84.5,45.25,45.25,1,1,-1,-1
414,26,343.0,84.5,45.25,45.25,1,1,-1,-1
415,26,342.5,85.0,45.25,45.25,1,1,-1,-1
416,26,342.5,85.25,45.0,45.25,1,1,-1,-1
417,26,342.25,84.75,45.25,45.25,1,1,-1,-1
418,26,342.25,84.25,45.0,45.25,1,1,-1,-1
419,26,342.75,83.75,45.25,45.25,1,1,-1,-1
420,26,342.75,84.0,45.25,45.25,1,1,-1,-1
421,26,343.0,83.75,45.25,45.25,1,1,-1,-1
422,26,342.5,83.75,45.25,45.25,1,1,-1,-1
423,26,343.25,83.5,45.25,45.25,1,1,-1,-1
424,26,343.25,84.0,45.25,45.5,1,1,-1,-1
425,26,345.25,83.5,45.25,45.25,1,1,-1,-1
426,26,347.25,80.75,45.25,45.5,1,1,-1,-1
427,26,346.25,80.75,45.25,45.5,1,1,-1,-1
428,26,343.5,83.25,45.25,45.5,1,1,-1,-1
429,26,343.75,82.5,45.25,45.5,1,1,-1,-1
430,26,342.5,83.75,45.25,45.25,1,1,-1,-1
431,26,342.25,83.5,45.0,45.25,1,1,-1,-1
432,26,343.5,81.5,45.0,45.5,1,1,-1,-1
433,26,342.5,84.5,45.0,45.0,1,1,-1,-1
434,26,342.25,84.5,45.25,45.5,1,1,-1,-1
435,26,341.5,85.0,45.25,45.5,1,1,-1,-1
436,26,341.5,84.75,45.25,45.25,1,1,-1,-1
437,26,341.75,84.25,45.25,45.25,1,1,-1,-1
438,26,343.0,83.25,45.25,45.25,1,1,-1,-1
439,26,342.75,83.25,45.25,45.5,1,1,-1,-1
440,26,343.25,83.0,45.0,45.25,1,1,-1,-1
441,26,343.0,83.25,45.25,45.5,1,1,-1,-1
442,26,343.25,83.25,45.25,45.25,1,1,-1,-1
443,26,343.25,83.75,45.25,45.25,1,1,-1,-1
444,26,343.5,84.25,45.25,45.25,1,1,-1,-1
445,26,347.25,83.75,45.25,45.25,1,1,-1,-1
446,26,345.0,83.75,45.25,45.5,1,1,-1,-1
447,26,346.0,82.25,45.5,45.5,1,1,-1,-1
448,26,345.5,85.5,45.0,45.0,1,1,-1,-1
449,26,347.0,83.0,45.0,45.5,1,1,-1,-1
450,26,346.75,82.5,45.25,45.5,1,1,-1,-1
451,26,346.5,82.25,45.25,45.75,1,1,-1,-1
452,26,344.25,77.0,45.25,45.5,1,1,-1,-1
453,26,343.75,82.25,45.25,45.75,1,1,-1,-1
454,26,343.75,82.0,45.25,45.5,1,1,-1,-1
455,26,345.25,81.5,45.25,45.75,1,1,-1,-1
456,26,344.5,81.25,45.0,45.5,1,1,-1,-1
457,26,344.25,80.75,45.25,45.5,1,1,-1,-1
458,26,344.0,81.75,45.0,45.75,1,1,-1,-1
459,26,343.5,81.0,45.25,45.75,1,1,-1,-1
460,26,343.5,81.5,45.0,45.0,1,1,-1,-1
461,26,343.5,81.5,45.0,45.0,1,1,-1,-1
462,26,343.5,81.5,45.0,45.0,1,1,-1,-1
463,26,347.5,81.5,45.0,45.0,1,1,-1,-1
464,26,347.5,81.5,45.0,45.0,1,1,-1,-1
465,26,346.25,78.25,45.25,45.75,1,1,-1,-1
466,26,346.75,78.5,45.25,45.75,1,1,-1,-1
467,26,347.25,77.25,45.5,45.75,1,1,-1,-1
468,26,347.639,76.479,45.5,45.75,1,1,-1,-1
469,26,347.956,75.723,45.5,45.75,1,1,-1,-1
470,26,348.273,74.967,45.5,45.75,1,1,-1,-1
471,26,348.589,74.211,45.5,45.75,1,1,-1,-1
472,26,348.906,73.455,45.5,45.75,1,1,-1,-1
473,26,347.0,69.75,45.25,45.75,1,1,-1,-1
474,26,347.25,74.25,45.0,45.75,1,1,-1,-1
475,26,345.75,76.5,45.25,45.5,1,1,-1,-1
476,26,344.0,74.25,45.25,45.25,1,1,-1,-1
477,26,344.5,73.5,45.25,45.5,1,1,-1,-1
478,26,343.25,70.25,45.0,45.5,1,1,-1,-1
479,26,344.75,69.5,45.25,45.25,1,1,-1,-1
480,26,347.5,67.75,45.0,45.5,1,1,-1,-1
481,26,348.0,68.0,45.25,45.5,1,1,-1,-1
482,26,347.25,67.75,45.25,45.25,1,1,-1,-1
483,26,348.0,68.5,45.25,45.5,1,1,-1,-1
484,26,348.25,68.75,45.0,45.25,1,1,-1,-1
485,26,348.25,68.0,45.0,45.25,1,1,-1,-1
486,26,349.75,67.0,45.25,45.5,1,1,-1,-1
487,26,347.5,65.25,45.25,45.25,1,1,-1,-1
488,26,347.25,65.75,45.25,45.25,1,1,-1,-1
489,26,347.75,67.25,45.0,45.25,1,1,-1,-1
490,26,349.5,64.25,45.25,45.5,1,1,-1,-1
491,26,348.75,60.75,45.25,45.25,1,1,-1,-1
492,26,349.75,60.75,45.0,45.25,1,1,-1,-1
493,26,348.75,58.0,45.0,45.25,1,1,-1,-1
494,26,350.5,55.5,45.25,45.5,1,1,-1,-1
495,26,354.5,50.5,45.0,45.0,1,1,-1,-1
496,26,354.5,50.5,45.0,45.0,1,1,-1,-1
497,26,354.5,50.5,45.0,45.0,1,1,-1,-1
498,26,365.5,46.5,45.0,45.0,1,1,-1,-1
499,26,366.5,45.5,45.0,45.0,1,1,-1,-1
500,26,371.5,48.5,45.0,45.0,1,1,-1,-1
1,27,405.25,303.0,45.0,45.0,1,1,-1,-1
2,27,404.75,303.25,45.0,45.0,1,1,-1,-1
3,27,405.0,303.0,45.0,44.75,1,1,-1,-1
4,27,405.0,302.75,44.75,44.75,1,1,-1,-1
5,27,404.5,303.25,45.0,44.75,1,1,-1,-1
6,27,404.5,303.5,45.0,44.75,1,1,-1,-1
7,27,404.25,303.5,45.0,44.75,1,1,-1,-1
8,27,404.5,303.0,45.0,44.75,1,1,-1,-1
9,27,405.25,302.0,45.25,45.0,1,1,-1,-1
10,27,405.0,302.25,44.75,45.0,1,1,-1,-1
11,27,404.5,303.25,45.0,45.0,1,1,-1,-1
12,27,404.5,303.5,45.0,44.75,1,1,-1,-1
13,27,404.5,303.5,45.0,45.0,1,1,-1,-1
14,27,404.25,303.5,45.0,44.75,1,1,-1,-1
15,27,404.75,303.5,45.0,45.0,1,1,-1,-1
16,27,404.75,303.5,45.0,44.75,1,1,-1,-1
17,27,404.5,303.75,45.25,44.75,1,1,-1,-1
18,27,404.557,303.81,45.25,44.75,1,1,-1,-1
19,27,404.536,303.913,45.25,44.75,1,1,-1,-1
20,27,403.0,303.5,45.25,45.0,1,1,-1,-1
21,27,404.75,303.25,45.25,45.0,1,1,-1,-1
22,27,403.75,303.0,45.25,45.25,1,1,-1,-1
23,27,404.0,302.75,45.0,45.0,1,1,-1,-1
24,27,404.25,302.5,45.0,45.25,1,1,-1,-1
25,27,404.25,302.25,45.25,45.25,1,1,-1,-1
26,27,404.347,301.991,45.25,45.25,1,1,-1,-1
27,27,404.434,301.734,45.25,45.25,1,1,-1,-1
28,27,404.522,301.478,45.25,45.25,1,1,-1,-1
29,27,403.75,303.0,44.75,44.5,1,1,-1,-1
30,27,404.5,303.25,44.75,44.5,1,1,-1,-1
31,27,405.25,303.25,44.75,44.75,1,1,-1,-1
32,27,404.25,302.75,44.5,44.5,1,1,-1,-1
33,27,404.75,303.0,45.0,45.0,1,1,-1,-1
34,27,404.75,302.75,45.0,45.0,1,1,-1,-1
35,27,404.75,303.25,45.0,45.0,1,1,-1,-1
36,27,404.75,303.25,45.0,45.0,1,1,-1,-1
37,27,405.25,303.5,45.0,45.0,1,1,-1,-1
38,27,405.5,303.5,45.0,44.75,1,1,-1,-1
39,27,405.5,303.25,45.0,45.0,1,1,-1,-1
40,27,405.75,303.5,45.0,44.75,1,1,-1,-1
41,27,405.75,304.25,45.25,45.0,1,1,-1,-1
42,27,405.0,303.0,45.0,45.0,1,1,-1,-1
43,27,405.0,303.0,45.25,45.0,1,1,-1,-1
44,27,405.5,303.25,45.0,45.0,1,1,-1,-1
45,27,405.5,303.5,45.25,45.0,1,1,-1,-1
46,27,404.5,303.75,45.0,44.75,1,1,-1,-1
47,27,404.75,304.0,45.25,45.0,1,1,-1,-1
48,27,405.0,303.5,45.0,45.25,1,1,-1,-1
49,27,405.25,303.75,45.25,45.0,1,1,-1,-1
50,27,405.367,303.836,45.25,45.0,1,1,-1,-1
51,27,403.0,303.5,45.0,45.25,1,1,-1,-1
52,27,405.25,303.5,45.25,45.0,1,1,-1,-1
53,27,405.25,303.0,45.25,45.0,1,1,-1,-1
54,27,404.5,302.75,45.25,44.75,1,1,-1,-1
55,27,404.0,302.75,45.0,44.75,1,1,-1,-1
56,27,405.25,302.75,45.25,45.25,1,1,-1,-1
57,27,405.0,303.0,45.25,45.0,1,1,-1,-1
58,27,404.75,302.5,45.25,45.25,1,1,-1,-1
59,27,404.75,303.0,45.25,45.0,1,1,-1,-1
60,27,404.75,302.75,45.25,45.0,1,1,-1,-1
61,27,404.75,303.0,45.25,45.0,1,1,-1,-1
62,27,405.0,303.0,45.25,45.0,1,1,-1,-1
63,27,405.0,303.0,45.25,45.0,1,1,-1,-1
64,27,405.0,303.25,45.25,45.0,1,1,-1,-1
65,27,405.25,303.25,45.25,45.25,1,1,-1,-1
66,27,405.25,303.5,45.25,45.0,1,1,-1,-1
67,27,405.25,303.5,45.25,45.0,1,1,-1,-1
68,27,405.25,303.5,45.25,45.0,1,1,-1,-1
69,27,405.5,303.5,45.25,45.0,1,1,-1,-1
70,27,405.75,303.25,45.0,45.0,1,1,-1,-1
71,27,405.75,303.0,45.0,45.0,1,1,-1,-1
72,27,405.5,302.75,45.0,44.75,1,1,-1,-1
73,27,405.75,302.75,45.0,44.75,1,1,-1,-1
74,27,405.75,302.75,45.0,44.75,1,1,-1,-1
75,27,405.75,302.75,45.0,44.75,1,1,-1,-1
76,27,405.5,302.75,45.0,44.75,1,1,-1,-1
77,27,405.75,302.75,45.0,45.0,1,1,-1,-1
78,27,405.75,303.0,45.25,45.0,1,1,-1,-1
79,27,405.75,303.0,45.25,45.0,1,1,-1,-1
80,27,406.0,303.0,45.25,45.0,1,1,-1,-1
81,27,406.0,303.0,45.25,45.0,1,1,-1,-1
82,27,406.0,302.75,45.0,45.0,1,1,-1,-1
83,27,406.0,303.0,45.0,45.0,1,1,-1,-1
84,27,406.0,303.0,45.0,44.75,1,1,-1,-1
85,27,405.75,303.0,45.0,44.75,1,1,-1,-1
86,27,406.25,302.75,45.25,45.25,1,1,-1,-1
87,27,406.25,303.0,45.25,45.0,1,1,-1,-1
88,27,406.0,303.0,45.0,45.0,1,1,-1,-1
89,27,406.25,303.25,45.25,45.0,1,1,-1,-1
90,27,406.5,303.5,45.0,45.0,1,1,-1,-1
91,27,405.75,303.0,45.25,45.0,1,1,-1,-1
92,27,405.75,303.0,45.25,45.25,1,1,-1,-1
93,27,406.0,303.25,45.0,45.25,1,1,-1,-1
94,27,406.25,303.25,45.0,45.0,1,1,-1,-1
95,27,405.75,303.25,45.0,45.0,1,1,-1,-1
96,27,405.75,303.0,45.0,45.25,1,1,-1,-1
97,27,405.75,303.0,45.0,45.0,1,1,-1,-1
98,27,405.5,303.0,45.25,45.0,1,1,-1,-1
99,27,405.5,303.0,45.0,45.0,1,1,-1,-1
100,27,405.5,302.75,45.0,45.25,1,1,-1,-1
101,27,405.5,303.5,45.0,45.0,1,1,-1,-1
102,27,405.5,303.0,45.0,44.75,1,1,-1,-1
103,27,405.25,302.75,45.0,44.75,1,1,-1,-1
104,27,405.5,302.75,45.0,45.0,1,1,-1,-1
105,27,405.5,302.75,45.25,45.0,1,1,-1,-1
106,27,405.25,302.75,45.25,45.0,1,1,-1,-1
107,27,405.25,302.75,45.0,45.0,1,1,-1,-1
108,27,405.25,303.0,45.25,45.0,1,1,-1,-1
109,27,409.75,303.5,45.25,44.25,1,1,-1,-1
110,27,409.75,303.5,45.25,44.25,1,1,-1,-1
111,27,411.219,303.534,45.25,44.25,1,1,-1,-1
112,27,412.567,303.587,45.25,44.25,1,1,-1,-1
113,27,405.25,303.0,45.25,45.0,1,1,-1,-1
114,27,404.224,302.529,45.25,45.0,1,1,-1,-1
115,27,405.5,303.0,45.0,45.0,1,1,-1,-1
116,27,408.75,302.25,45.0,45.0,1,1,-1,-1
117,27,405.25,303.0,45.25,45.0,1,1,-1,-1
118,27,405.25,302.75,45.25,45.0,1,1,-1,-1
119,27,405.25,302.5,45.25,45.25,1,1,-1,-1
120,27,405.0,302.75,45.25,45.0,1,1,-1,-1
121,27,404.5,302.75,45.25,45.0,1,1,-1,-1
122,27,404.75,302.75,45.25,45.0,1,1,-1,-1
123,27,405.0,303.0,45.0,44.75,1,1,-1,-1
124,27,404.75,302.75,45.25,45.0,1,1,-1,-1
125,27,405.0,302.75,45.0,45.0,1,1,-1,-1
126,27,405.25,302.75,45.0,45.0,1,1,-1,-1
127,27,405.25,302.5,45.25,45.0,1,1,-1,-1
128,27,405.25,302.5,45.25,45.25,1,1,-1,-1
129,27,405.25,302.75,45.0,45.0,1,1,-1,-1
130,27,405.25,302.75,45.25,45.0,1,1,-1,-1
131,27,405.0,302.75,45.25,45.0,1,1,-1,-1
132,27,405.25,302.5,45.0,45.25,1,1,-1,-1
133,27,405.25,302.5,45.0,45.25,1,1,-1,-1
134,27,405.0,302.5,45.25,45.25,1,1,-1,-1
135,27,405.25,303.0,45.25,45.0,1,1,-1,-1
136,27,405.25,303.0,45.0,45.0,1,1,-1,-1
137,27,405.25,302.75,45.0,45.0,1,1,-1,-1
138,27,405.0,302.75,45.25,45.0,1,1,-1,-1
139,27,405.75,302.75,45.25,45.0,1,1,-1,-1
140,27,405.25,302.25,45.25,45.25,1,1,-1,-1
141,27,405.25,302.5,45.25,45.25,1,1,-1,-1
142,27,405.5,301.75,45.25,45.25,1,1,-1,-1
143,27,405.25,301.0,45.5,46.25,1,1,-1,-1
144,27,405.75,302.25,45.5,45.25,1,1,-1,-1
145,27,405.5,302.75,45.25,45.0,1,1,-1,-1
146,27,405.693,303.15,45.25,45.0,1,1,-1,-1
147,27,405.766,303.609,45.25,45.0,1,1,-1,-1
148,27,410.75,303.25,45.5,45.0,1,1,-1,-1
149,27,404.75,303.75,45.25,45.25,1,1,-1,-1
150,27,399.5,303.0,45.25,45.5,1,1,-1,-1
151,27,400.75,306.25,45.25,45.25,1,1,-1,-1
152,27,406.25,303.5,45.25,45.25,1,1,-1,-1
153,27,405.75,303.5,45.25,45.0,1,1,-1,-1
154,27,407.5,303.5,45.25,45.0,1,1,-1,-1
155,27,408.853,303.337,45.25,45.0,1,1,-1,-1
156,27,404.75,303.75,45.25,44.75,1,1,-1,-1
157,27,403.75,303.75,45.0,44.75,1,1,-1,-1
158,27,403.5,303.75,45.0,44.75,1,1,-1,-1
159,27,404.75,304.0,45.0,44.75,1,1,-1,-1
160,27,404.75,303.75,45.0,44.75,1,1,-1,-1
161,27,404.75,303.5,45.0,45.0,1,1,-1,-1
162,27,404.5,303.25,45.0,45.0,1,1,-1,-1
163,27,404.75,303.25,45.0,45.0,1,1,-1,-1
164,27,405.0,303.5,45.0,45.0,1,1,-1,-1
165,27,404.75,303.25,45.0,45.0,1,1,-1,-1
166,27,404.75,303.5,45.0,45.0,1,1,-1,-1
167,27,404.75,303.25,45.0,45.0,1,1,-1,-1
168,27,404.75,303.25,45.25,45.0,1,1,-1,-1
169,27,405.25,303.25,45.25,45.0,1,1,-1,-1
170,27,406.0,302.5,45.5,45.0,1,1,-1,-1
171,27,405.5,302.75,45.5,45.0,1,1,-1,-1
172,27,404.75,303.75,45.25,45.0,1,1,-1,-1
173,27,404.25,304.0,45.25,45.0,1,1,-1,-1
174,27,405.25,303.5,45.5,45.25,1,1,-1,-1
175,27,404.75,303.5,45.25,45.0,1,1,-1,-1
176,27,405.0,303.5,45.0,45.0,1,1,-1,-1
177,27,404.75,303.75,45.0,45.0,1,1,-1,-1
178,27,403.5,303.5,45.25,45.0,1,1,-1,-1
179,27,404.0,304.0,45.25,45.0,1,1,-1,-1
180,27,405.0,304.0,45.25,45.0,1,1,-1,-1
181,27,405.0,303.75,45.25,45.0,1,1,-1,-1
182,27,405.0,304.0,45.25,45.0,1,1,-1,-1
183,27,405.5,304.0,45.0,45.0,1,1,-1,-1
184,27,405.25,304.0,45.25,45.25,1,1,-1,-1
185,27,405.5,304.0,45.25,45.0,1,1,-1,-1
186,27,406.0,303.75,45.0,45.0,1,1,-1,-1
187,27,406.0,304.0,45.0,44.75,1,1,-1,-1
188,27,406.0,304.0,45.25,45.0,1,1,-1,-1
189,27,406.5,303.75,45.0,45.0,1,1,-1,-1
190,27,406.75,304.0,45.0,45.0,1,1,-1,-1
191,27,407.0,304.25,45.25,45.0,1,1,-1,-1
192,27,406.75,304.0,45.25,45.0,1,1,-1,-1
193,27,406.75,304.25,45.0,44.75,1,1,-1,-1
194,27,406.5,304.0,45.0,45.0,1,1,-1,-1
195,27,406.75,304.75,45.0,45.0,1,1,-1,-1
196,27,406.25,304.5,45.0,45.0,1,1,-1,-1
197,27,407.0,305.0,45.0,45.0,1,1,-1,-1
198,27,407.5,304.75,45.25,45.0,1,1,-1,-1
199,27,406.0,303.5,45.0,45.0,1,1,-1,-1
200,27,407.0,303.5,45.25,45.0,1,1,-1,-1
201,27,404.75,303.5,44.75,44.75,1,1,-1,-1
202,27,402.5,303.5,45.0,44.5,1,1,-1,-1
203,27,404.5,303.25,45.0,44.75,1,1,-1,-1
204,27,402.25,303.5,45.0,44.75,1,1,-1,-1
205,27,405.0,303.25,45.0,44.75,1,1,-1,-1
206,27,404.75,303.25,45.0,44.75,1,1,-1,-1
207,27,405.0,303.25,44.75,44.75,1,1,-1,-1
208,27,405.0,303.25,45.0,44.75,1,1,-1,-1
209,27,405.0,303.25,44.75,44.75,1,1,-1,-1
210,27,404.75,303.25,45.0,44.75,1,1,-1,-1
211,27,404.75,303.25,45.0,44.75,1,1,-1,-1
212,27,404.75,303.25,44.75,44.75,1,1,-1,-1
213,27,405.5,303.25,45.25,45.0,1,1,-1,-1
214,27,405.5,303.5,45.25,45.0,1,1,-1,-1
215,27,405.25,302.25,45.25,45.25,1,1,-1,-1
216,27,405.75,302.75,45.25,45.0,1,1,-1,-1
217,27,405.75,303.25,45.0,45.0,1,1,-1,-1
218,27,406.0,303.0,45.25,45.0,1,1,-1,-1
219,27,406.0,303.0,45.25,45.0,1,1,-1,-1
220,27,405.75,303.0,45.25,45.0,1,1,-1,-1
221,27,405.75,303.0,45.0,45.0,1,1,-1,-1
222,27,405.75,303.0,45.0,45.0,1,1,-1,-1
223,27,405.75,303.0,45.25,45.0,1,1,-1,-1
224,27,405.75,303.25,45.25,44.75,1,1,-1,-1
225,27,405.75,303.25,45.0,45.0,1,1,-1,-1
226,27,406.0,303.0,45.0,45.0,1,1,-1,-1
227,27,406.0,303.0,45.0,45.0,1,1,-1,-1
228,27,405.5,303.0,45.0,45.0,1,1,-1,-1
229,27,405.5,303.0,45.0,45.0,1,1,-1,-1
230,27,405.5,303.0,45.25,45.0,1,1,-1,-1
231,27,405.5,303.0,45.0,45.0,1,1,-1,-1
232,27,405.75,302.75,45.0,45.0,1,1,-1,-1
233,27,406.0,303.0,45.0,45.0,1,1,-1,-1
234,27,405.75,302.75,45.0,45.0,1,1,-1,-1
235,27,406.0,302.75,45.0,45.0,1,1,-1,-1
236,27,406.0,302.75,45.0,44.75,1,1,-1,-1
237,27,405.75,302.75,44.75,45.0,1,1,-1,-1
238,27,405.75,303.0,44.75,44.75,1,1,-1,-1
239,27,405.75,303.0,45.0,44.75,1,1,-1,-1
240,27,406.0,303.0,44.75,44.75,1,1,-1,-1
241,27,405.75,303.0,45.0,44.75,1,1,-1,-1
242,27,405.75,303.0,45.0,45.0,1,1,-1,-1
243,27,406.0,303.0,45.0,44.75,1,1,-1,-1
244,27,405.75,303.0,45.0,44.75,1,1,-1,-1
245,27,405.5,302.75,45.0,44.75,1,1,-1,-1
246,27,406.0,303.0,45.0,44.75,1,1,-1,-1
247,27,405.75,303.0,45.0,45.0,1,1,-1,-1
248,27,406.0,303.25,45.0,45.0,1,1,-1,-1
249,27,406.25,303.0,45.0,45.0,1,1,-1,-1
250,27,406.0,303.0,45.25,45.0,1,1,-1,-1
251,27,406.0,303.0,45.0,45.0,1,1,-1,-1
252,27,405.75,303.0,45.25,45.0,1,1,-1,-1
253,27,406.0,303.0,45.25,45.0,1,1,-1,-1
254,27,406.0,303.0,45.25,45.0,1,1,-1,-1
255,27,406.0,303.0,45.0,45.0,1,1,-1,-1
256,27,405.75,303.0,45.25,45.0,1,1,-1,-1
257,27,405.75,302.75,45.25,45.25,1,1,-1,-1
258,27,405.75,302.75,45.25,45.0,1,1,-1,-1
259,27,405.5,302.5,45.25,45.0,1,1,-1,-1
260,27,404.0,302.5,44.75,44.25,1,1,-1,-1
261,27,406.5,306.5,45.0,45.0,1,1,-1,-1
262,27,406.5,306.5,45.0,45.0,1,1,-1,-1
263,27,406.5,306.5,45.0,45.0,1,1,-1,-1
264,27,406.5,306.5,45.0,45.0,1,1,-1,-1
265,27,406.5,306.5,45.0,45.0,1,1,-1,-1
266,27,406.5,306.5,45.0,45.0,1,1,-1,-1
267,27,406.5,306.5,45.0,45.0,1,1,-1,-1
268,27,406.5,306.5,45.0,45.0,1,1,-1,-1
269,27,406.5,306.5,45.0,45.0,1,1,-1,-1
270,27,406.5,306.5,45.0,45.0,1,1,-1,-1
271,27,406.5,306.5,45.0,45.0,1,1,-1,-1
272,27,406.5,306.5,45.0,45.0,1,1,-1,-1
273,27,406.5,306.5,45.0,45.0,1,1,-1,-1
274,27,406.5,306.5,45.0,45.0,1,1,-1,-1
275,27,406.5,306.5,45.0,45.0,1,1,-1,-1
276,27,406.5,306.5,45.0,45.0,1,1,-1,-1
277,27,406.5,306.5,45.0,45.0,1,1,-1,-1
278,27,406.5,306.5,45.0,45.0,1,1,-1,-1
279,27,406.5,306.5,45.0,45.0,1,1,-1,-1
280,27,406.5,306.5,45.0,45.0,1,1,-1,-1
281,27,406.5,306.5,45.0,45.0,1,1,-1,-1
282,27,406.5,306.5,45.0,45.0,1,1,-1,-1
283,27,406.5,306.5,45.0,45.0,1,1,-1,-1
284,27,406.5,306.5,45.0,45.0,1,1,-1,-1
285,27,406.5,306.5,45.0,45.0,1,1,-1,-1
286,27,406.5,306.5,45.0,45.0,1,1,-1,-1
287,27,406.5,306.5,45.0,45.0,1,1,-1,-1
288,27,406.5,306.5,45.0,45.0,1,1,-1,-1
289,27,406.5,306.5,45.0,45.0,1,1,-1,-1
290,27,406.5,306.5,45.0,45.0,1,1,-1,-1
291,27,406.5,306.5,45.0,45.0,1,1,-1,-1
292,27,406.5,306.5,45.0,45.0,1,1,-1,-1
293,27,406.5,306.5,45.0,45.0,1,1,-1,-1
294,27,406.5,306.5,45.0,45.0,1,1,-1,-1
295,27,406.5,306.5,45.0,45.0,1,1,-1,-1
296,27,406.5,306.5,45.0,45.0,1,1,-1,-1
297,27,406.5,306.5,45.0,45.0,1,1,-1,-1
298,27,406.5,306.5,45.0,45.0,1,1,-1,-1
299,27,406.5,306.5,45.0,45.0,1,1,-1,-1
300,27,406.5,306.5,45.0,45.0,1,1,-1,-1
301,27,406.5,306.5,45.0,45.0,1,1,-1,-1
302,27,406.5,306.5,45.0,45.0,1,1,-1,-1
303,27,406.5,306.5,45.0,45.0,1,1,-1,-1
304,27,406.5,306.5,45.0,45.0,1,1,-1,-1
305,27,406.5,306.5,45.0,45.0,1,1,-1,-1
306,27,406.5,306.5,45.0,45.0,1,1,-1,-1
307,27,406.5,306.5,45.0,45.0,1,1,-1,-1
308,27,406.5,306.5,45.0,45.0,1,1,-1,-1
309,27,406.5,306.5,45.0,45.0,1,1,-1,-1
310,27,406.5,306.5,45.0,45.0,1,1,-1,-1
311,27,406.5,306.5,45.0,45.0,1,1,-1,-1
312,27,406.5,306.5,45.0,45.0,1,1,-1,-1
313,27,406.5,306.5,45.0,45.0,1,1,-1,-1
314,27,406.5,306.5,45.0,45.0,1,1,-1,-1
315,27,406.5,306.5,45.0,45.0,1,1,-1,-1
316,27,406.5,306.5,45.0,45.0,1,1,-1,-1
317,27,406.5,306.5,45.0,45.0,1,1,-1,-1
318,27,406.5,306.5,45.0,45.0,1,1,-1,-1
319,27,406.5,306.5,45.0,45.0,1,1,-1,-1
320,27,406.5,306.5,45.0,45.0,1,1,-1,-1
321,27,406.5,306.5,45.0,45.0,1,1,-1,-1
322,27,406.5,306.5,45.0,45.0,1,1,-1,-1
323,27,406.5,306.5,45.0,45.0,1,1,-1,-1
324,27,406.5,306.5,45.0,45.0,1,1,-1,-1
325,27,406.5,306.5,45.0,45.0,1,1,-1,-1
326,27,406.5,306.5,45.0,45.0,1,1,-1,-1
327,27,406.5,306.5,45.0,45.0,1,1,-1,-1
328,27,406.5,306.5,45.0,45.0,1,1,-1,-1
329,27,406.5,306.5,45.0,45.0,1,1,-1,-1
330,27,406.5,306.5,45.0,45.0,1,1,-1,-1
331,27,406.5,306.5,45.0,45.0,1,1,-1,-1
332,27,406.5,306.5,45.0,45.0,1,1,-1,-1
333,27,406.5,306.5,45.0,45.0,1,1,-1,-1
334,27,406.5,306.5,45.0,45.0,1,1,-1,-1
335,27,406.5,306.5,45.0,45.0,1,1,-1,-1
336,27,406.5,306.5,45.0,45.0,1,1,-1,-1
337,27,406.5,306.5,45.0,45.0,1,1,-1,-1
338,27,406.5,306.5,45.0,45.0,1,1,-1,-1
339,27,406.5,306.5,45.0,45.0,1,1,-1,-1
340,27,406.5,306.5,45.0,45.0,1,1,-1,-1
341,27,406.5,306.5,45.0,45.0,1,1,-1,-1
342,27,406.5,306.5,45.0,45.0,1,1,-1,-1
343,27,406.5,306.5,45.0,45.0,1,1,-1,-1
344,27,406.5,306.5,45.0,45.0,1,1,-1,-1
345,27,406.5,306.5,45.0,45.0,1,1,-1,-1
346,27,406.5,306.5,45.0,45.0,1,1,-1,-1
347,27,406.5,306.5,45.0,45.0,1,1,-1,-1
348,27,406.5,306.5,45.0,45.0,1,1,-1,-1
349,27,406.5,306.5,45.0,45.0,1,1,-1,-1
350,27,406.5,306.5,45.0,45.0,1,1,-1,-1
351,27,406.5,306.5,45.0,45.0,1,1,-1,-1
352,27,406.5,306.5,45.0,45.0,1,1,-1,-1
353,27,406.5,306.5,45.0,45.0,1,1,-1,-1
354,27,406.5,306.5,45.0,45.0,1,1,-1,-1
355,27,406.5,306.5,45.0,45.0,1,1,-1,-1
356,27,406.5,306.5,45.0,45.0,1,1,-1,-1
357,27,406.5,306.5,45.0,45.0,1,1,-1,-1
358,27,406.5,306.5,45.0,45.0,1,1,-1,-1
359,27,406.5,306.5,45.0,45.0,1,1,-1,-1
360,27,406.5,306.5,45.0,45.0,1,1,-1,-1
361,27,406.5,306.5,45.0,45.0,1,1,-1,-1
362,27,406.5,306.5,45.0,45.0,1,1,-1,-1
363,27,406.5,306.5,45.0,45.0,1,1,-1,-1
364,27,406.5,306.5,45.0,45.0,1,1,-1,-1
365,27,406.5,306.5,45.0,45.0,1,1,-1,-1
366,27,406.5,306.5,45.0,45.0,1,1,-1,-1
367,27,406.5,306.5,45.0,45.0,1,1,-1,-1
368,27,406.5,306.5,45.0,45.0,1,1,-1,-1
369,27,406.5,306.5,45.0,45.0,1,1,-1,-1
370,27,406.5,306.5,45.0,45.0,1,1,-1,-1
371,27,406.5,306.5,45.0,45.0,1,1,-1,-1
372,27,406.5,306.5,45.0,45.0,1,1,-1,-1
373,27,406.5,306.5,45.0,45.0,1,1,-1,-1
374,27,406.5,306.5,45.0,45.0,1,1,-1,-1
375,27,406.5,306.5,45.0,45.0,1,1,-1,-1
376,27,406.5,306.5,45.0,45.0,1,1,-1,-1
377,27,406.5,306.5,45.0,45.0,1,1,-1,-1
378,27,406.5,306.5,45.0,45.0,1,1,-1,-1
379,27,406.5,306.5,45.0,45.0,1,1,-1,-1
380,27,406.5,306.5,45.0,45.0,1,1,-1,-1
381,27,406.5,306.5,45.0,45.0,1,1,-1,-1
382,27,406.5,306.5,45.0,45.0,1,1,-1,-1
383,27,406.5,306.5,45.0,45.0,1,1,-1,-1
384,27,406.5,306.5,45.0,45.0,1,1,-1,-1
385,27,406.5,306.5,45.0,45.0,1,1,-1,-1
386,27,406.5,306.5,45.0,45.0,1,1,-1,-1
387,27,406.5,306.5,45.0,45.0,1,1,-1,-1
388,27,406.5,306.5,45.0,45.0,1,1,-1,-1
389,27,406.5,306.5,45.0,45.0,1,1,-1,-1
390,27,406.5,306.5,45.0,45.0,1,1,-1,-1
391,27,406.5,306.5,45.0,45.0,1,1,-1,-1
392,27,406.5,306.5,45.0,45.0,1,1,-1,-1
393,27,406.5,306.5,45.0,45.0,1,1,-1,-1
394,27,406.5,306.5,45.0,45.0,1,1,-1,-1
395,27,406.5,306.5,45.0,45.0,1,1,-1,-1
396,27,406.5,306.5,45.0,45.0,1,1,-1,-1
397,27,406.5,306.5,45.0,45.0,1,1,-1,-1
398,27,406.5,306.5,45.0,45.0,1,1,-1,-1
399,27,406.5,306.5,45.0,45.0,1,1,-1,-1
400,27,406.5,306.5,45.0,45.0,1,1,-1,-1
401,27,406.5,306.5,45.0,45.0,1,1,-1,-1
402,27,406.5,306.5,45.0,45.0,1,1,-1,-1
403,27,406.5,306.5,45.0,45.0,1,1,-1,-1
404,27,406.5,306.5,45.0,45.0,1,1,-1,-1
405,27,406.5,306.5,45.0,45.0,1,1,-1,-1
406,27,406.5,306.5,45.0,45.0,1,1,-1,-1
407,27,406.5,306.5,45.0,45.0,1,1,-1,-1
408,27,406.5,306.5,45.0,45.0,1,1,-1,-1
409,27,406.5,306.5,45.0,45.0,1,1,-1,-1
410,27,406.5,306.5,45.0,45.0,1,1,-1,-1
411,27,406.5,306.5,45.0,45.0,1,1,-1,-1
412,27,406.5,306.5,45.0,45.0,1,1,-1,-1
413,27,406.5,306.5,45.0,45.0,1,1,-1,-1
414,27,406.5,306.5,45.0,45.0,1,1,-1,-1
415,27,406.5,306.5,45.0,45.0,1,1,-1,-1
416,27,406.5,306.5,45.0,45.0,1,1,-1,-1
417,27,406.5,306.5,45.0,45.0,1,1,-1,-1
418,27,406.5,306.5,45.0,45.0,1,1,-1,-1
419,27,406.5,306.5,45.0,45.0,1,1,-1,-1
420,27,406.5,306.5,45.0,45.0,1,1,-1,-1
421,27,406.5,306.5,45.0,45.0,1,1,-1,-1
422,27,406.5,306.5,45.0,45.0,1,1,-1,-1
423,27,406.5,306.5,45.0,45.0,1,1,-1,-1
424,27,406.5,306.5,45.0,45.0,1,1,-1,-1
425,27,406.5,306.5,45.0,45.0,1,1,-1,-1
426,27,406.5,306.5,45.0,45.0,1,1,-1,-1
427,27,406.5,306.5,45.0,45.0,1,1,-1,-1
428,27,406.5,306.5,45.0,45.0,1,1,-1,-1
429,27,406.5,306.5,45.0,45.0,1,1,-1,-1
430,27,406.5,306.5,45.0,45.0,1,1,-1,-1
431,27,406.5,306.5,45.0,45.0,1,1,-1,-1
432,27,406.5,306.5,45.0,45.0,1,1,-1,-1
433,27,406.5,306.5,45.0,45.0,1,1,-1,-1
434,27,406.5,306.5,45.0,45.0,1,1,-1,-1
435,27,406.5,306.5,45.0,45.0,1,1,-1,-1
436,27,406.5,306.5,45.0,45.0,1,1,-1,-1
437,27,406.5,306.5,45.0,45.0,1,1,-1,-1
438,27,406.5,306.5,45.0,45.0,1,1,-1,-1
439,27,406.5,306.5,45.0,45.0,1,1,-1,-1
440,27,406.5,306.5,45.0,45.0,1,1,-1,-1
441,27,406.5,306.5,45.0,45.0,1,1,-1,-1
442,27,406.5,306.5,45.0,45.0,1,1,-1,-1
443,27,406.5,306.5,45.0,45.0,1,1,-1,-1
444,27,406.5,306.5,45.0,45.0,1,1,-1,-1
445,27,406.5,306.5,45.0,45.0,1,1,-1,-1
446,27,406.5,306.5,45.0,45.0,1,1,-1,-1
447,27,406.5,306.5,45.0,45.0,1,1,-1,-1
448,27,406.5,306.5,45.0,45.0,1,1,-1,-1
449,27,406.5,306.5,45.0,45.0,1,1,-1,-1
450,27,406.5,306.5,45.0,45.0,1,1,-1,-1
451,27,406.5,306.5,45.0,45.0,1,1,-1,-1
452,27,406.5,306.5,45.0,45.0,1,1,-1,-1
453,27,406.5,306.5,45.0,45.0,1,1,-1,-1
454,27,406.5,306.5,45.0,45.0,1,1,-1,-1
455,27,406.5,306.5,45.0,45.0,1,1,-1,-1
456,27,406.5,306.5,45.0,45.0,1,1,-1,-1
457,27,406.5,306.5,45.0,45.0,1,1,-1,-1
458,27,406.5,306.5,45.0,45.0,1,1,-1,-1
459,27,406.5,306.5,45.0,45.0,1,1,-1,-1
460,27,406.5,306.5,45.0,45.0,1,1,-1,-1
461,27,406.5,306.5,45.0,45.0,1,1,-1,-1
462,27,406.5,306.5,45.0,45.0,1,1,-1,-1
463,27,406.5,306.5,45.0,45.0,1,1,-1,-1
464,27,406.5,306.5,45.0,45.0,1,1,-1,-1
465,27,406.5,306.5,45.0,45.0,1,1,-1,-1
466,27,406.5,306.5,45.0,45.0,1,1,-1,-1
467,27,406.5,306.5,45.0,45.0,1,1,-1,-1
468,27,406.5,306.5,45.0,45.0,1,1,-1,-1
469,27,406.5,306.5,45.0,45.0,1,1,-1,-1
470,27,406.5,306.5,45.0,45.0,1,1,-1,-1
471,27,406.5,306.5,45.0,45.0,1,1,-1,-1
472,27,406.5,306.5,45.0,45.0,1,1,-1,-1
473,27,406.5,306.5,45.0,45.0,1,1,-1,-1
474,27,406.5,306.5,45.0,45.0,1,1,-1,-1
475,27,406.5,306.5,45.0,45.0,1,1,-1,-1
476,27,406.5,306.5,45.0,45.0,1,1,-1,-1
477,27,406.5,306.5,45.0,45.0,1,1,-1,-1
478,27,406.5,306.5,45.0,45.0,1,1,-1,-1
479,27,406.5,306.5,45.0,45.0,1,1,-1,-1
480,27,406.5,306.5,45.0,45.0,1,1,-1,-1
481,27,406.5,306.5,45.0,45.0,1,1,-1,-1
482,27,406.5,306.5,45.0,45.0,1,1,-1,-1
483,27,406.5,306.5,45.0,45.0,1,1,-1,-1
484,27,406.5,306.5,45.0,45.0,1,1,-1,-1
485,27,406.5,306.5,45.0,45.0,1,1,-1,-1
486,27,406.5,306.5,45.0,45.0,1,1,-1,-1
487,27,406.5,306.5,45.0,45.0,1,1,-1,-1
488,27,406.5,306.5,45.0,45.0,1,1,-1,-1
489,27,406.5,306.5,45.0,45.0,1,1,-1,-1
490,27,406.5,306.5,45.0,45.0,1,1,-1,-1
491,27,406.5,306.5,45.0,45.0,1,1,-1,-1
492,27,406.5,306.5,45.0,45.0,1,1,-1,-1
493,27,406.5,306.5,45.0,45.0,1,1,-1,-1
494,27,406.5,306.5,45.0,45.0,1,1,-1,-1
495,27,406.5,306.5,45.0,45.0,1,1,-1,-1
496,27,406.5,306.5,45.0,45.0,1,1,-1,-1
497,27,406.5,306.5,45.0,45.0,1,1,-1,-1
498,27,406.5,306.5,45.0,45.0,1,1,-1,-1
499,27,406.5,306.5,45.0,45.0,1,1,-1,-1
500,27,406.5,306.5,45.0,45.0,1,1,-1,-1
1,28,367.75,440.75,44.75,45.0,1,1,-1,-1
2,28,364.0,440.5,45.0,45.25,1,1,-1,-1
3,28,358.75,440.5,45.0,45.0,1,1,-1,-1
4,28,351.0,440.5,45.25,45.25,1,1,-1,-1
5,28,343.75,441.0,45.25,45.25,1,1,-1,-1
6,28,338.75,442.5,45.0,45.25,1,1,-1,-1
7,28,339.75,444.75,45.0,45.0,1,1,-1,-1
8,28,340.25,445.25,44.75,45.25,1,1,-1,-1
9,28,341.0,446.5,44.75,45.25,1,1,-1,-1
10,28,347.0,449.0,45.0,45.25,1,1,-1,-1
11,28,347.25,448.75,45.0,45.25,1,1,-1,-1
12,28,348.5,448.75,45.0,45.25,1,1,-1,-1
13,28,351.75,447.75,45.25,45.25,1,1,-1,-1
14,28,356.25,447.25,45.0,45.25,1,1,-1,-1
15,28,360.5,447.0,45.0,45.0,1,1,-1,-1
16,28,363.5,447.0,45.0,45.75,1,1,-1,-1
17,28,365.0,444.25,45.0,45.75,1,1,-1,-1
18,28,367.0,443.75,45.0,45.25,1,1,-1,-1
19,28,370.0,442.0,45.0,45.0,1,1,-1,-1
20,28,373.75,439.0,45.0,45.75,1,1,-1,-1
21,28,375.25,437.5,45.0,45.25,1,1,-1,-1
22,28,381.5,435.75,45.0,45.25,1,1,-1,-1
23,28,389.0,433.25,45.0,46.0,1,1,-1,-1
24,28,393.5,430.75,45.0,45.25,1,1,-1,-1
25,28,401.75,428.0,45.0,45.25,1,1,-1,-1
26,28,408.5,424.0,44.75,45.5,1,1,-1,-1
27,28,410.0,422.0,44.75,45.25,1,1,-1,-1
28,28,402.0,419.5,45.0,45.25,1,1,-1,-1
29,28,417.0,415.5,45.5,45.25,1,1,-1,-1
30,28,420.5,413.25,45.5,45.25,1,1,-1,-1
31,28,423.25,410.5,45.25,45.25,1,1,-1,-1
32,28,425.0,411.0,45.25,45.0,1,1,-1,-1
33,28,424.25,410.0,45.0,45.0,1,1,-1,-1
34,28,419.75,398.0,45.0,45.5,1,1,-1,-1
35,28,432.25,369.75,45.25,45.25,1,1,-1,-1
36,28,431.75,359.25,45.25,45.25,1,1,-1,-1
37,28,431.25,349.75,45.5,45.0,1,1,-1,-1
38,28,428.0,343.75,45.25,45.5,1,1,-1,-1
39,28,426.5,345.0,45.25,45.0,1,1,-1,-1
40,28,422.0,344.0,45.5,46.25,1,1,-1,-1
41,28,418.25,343.75,45.0,45.25,1,1,-1,-1
42,28,414.75,343.25,45.25,45.25,1,1,-1,-1
43,28,408.25,341.75,45.0,45.0,1,1,-1,-1
44,28,403.5,341.75,45.0,45.0,1,1,-1,-1
45,28,397.5,341.0,45.0,45.0,1,1,-1,-1
46,28,391.25,338.0,45.25,45.0,1,1,-1,-1
47,28,386.5,332.25,45.25,45.25,1,1,-1,-1
48,28,380.25,325.5,45.0,45.0,1,1,-1,-1
49,28,375.0,319.0,45.25,47.0,1,1,-1,-1
50,28,369.0,314.25,45.0,45.0,1,1,-1,-1
51,28,363.0,306.0,45.25,45.75,1,1,-1,-1
52,28,358.5,300.25,45.5,46.25,1,1,-1,-1
53,28,353.75,296.0,45.5,46.0,1,1,-1,-1
54,28,347.5,289.25,45.25,45.5,1,1,-1,-1
55,28,339.25,282.75,45.25,45.75,1,1,-1,-1
56,28,333.25,277.0,45.25,45.0,1,1,-1,-1
57,28,330.0,269.75,45.0,45.0,1,1,-1,-1
58,28,328.0,263.25,45.0,45.0,1,1,-1,-1
59,28,326.75,257.0,45.5,45.5,1,1,-1,-1
60,28,324.25,247.75,45.0,45.25,1,1,-1,-1
61,28,319.5,240.0,45.5,45.5,1,1,-1,-1
62,28,316.75,232.25,45.25,45.0,1,1,-1,-1
63,28,313.0,224.75,45.25,45.25,1,1,-1,-1
64,28,305.25,217.5,45.5,45.25,1,1,-1,-1
65,28,298.0,215.0,45.5,45.5,1,1,-1,-1
66,28,289.0,211.0,45.5,45.5,1,1,-1,-1
67,28,280.75,208.75,45.75,45.75,1,1,-1,-1
68,28,273.0,207.5,45.75,45.25,1,1,-1,-1
69,28,264.25,204.25,45.75,45.5,1,1,-1,-1
70,28,260.5,204.25,45.5,45.5,1,1,-1,-1
71,28,259.25,204.0,45.75,45.25,1,1,-1,-1
72,28,257.75,203.5,45.75,45.5,1,1,-1,-1
73,28,258.0,202.25,45.75,45.5,1,1,-1,-1
74,28,258.0,200.5,45.75,45.0,1,1,-1,-1
75,28,254.75,198.75,45.75,45.25,1,1,-1,-1
76,28,252.25,198.75,45.5,45.5,1,1,-1,-1
77,28,251.5,197.75,45.75,45.25,1,1,-1,-1
78,28,251.5,198.25,45.75,45.25,1,1,-1,-1
79,28,251.0,197.0,45.5,45.5,1,1,-1,-1
80,28,250.75,195.5,45.5,45.5,1,1,-1,-1
81,28,250.067,194.492,45.5,45.5,1,1,-1,-1
82,28,249.572,193.366,45.5,45.5,1,1,-1,-1
83,28,245.0,203.0,45.75,45.75,1,1,-1,-1
84,28,246.903,197.074,45.75,45.75,1,1,-1,-1
85,28,248.25,199.0,45.25,45.25,1,1,-1,-1
86,28,248.614,199.158,45.25,45.25,1,1,-1,-1
87,28,249.369,199.238,45.25,45.25,1,1,-1,-1
88,28,237.5,191.5,45.0,45.0,1,1,-1,-1
89,28,235.25,194.5,45.25,45.25,1,1,-1,-1
90,28,230.5,191.75,45.0,45.25,1,1,-1,-1
91,28,227.75,189.75,45.0,45.25,1,1,-1,-1
92,28,227.5,189.25,45.0,45.25,1,1,-1,-1
93,28,227.25,189.25,45.0,45.25,1,1,-1,-1
94,28,227.25,191.25,45.0,45.5,1,1,-1,-1
95,28,228.0,191.75,45.25,45.5,1,1,-1,-1
96,28,228.25,193.75,45.0,45.5,1,1,-1,-1
97,28,230.25,193.5,45.0,45.5,1,1,-1,-1
98,28,230.75,194.25,45.0,45.5,1,1,-1,-1
99,28,230.5,194.0,45.0,45.5,1,1,-1,-1
100,28,227.25,196.5,45.0,45.5,1,1,-1,-1
101,28,225.25,195.0,45.25,46.75,1,1,-1,-1
102,28,221.75,198.25,45.0,45.25,1,1,-1,-1
103,28,215.75,202.0,45.25,45.5,1,1,-1,-1
104,28,212.75,197.0,45.25,45.75,1,1,-1,-1
105,28,210.25,196.25,45.25,45.75,1,1,-1,-1
106,28,214.0,196.5,45.25,45.5,1,1,-1,-1
107,28,213.25,200.75,45.25,45.75,1,1,-1,-1
108,28,217.5,192.75,45.0,45.25,1,1,-1,-1
109,28,217.75,190.75,45.0,45.5,1,1,-1,-1
110,28,219.0,188.5,45.25,45.25,1,1,-1,-1
111,28,221.5,190.5,45.0,45.25,1,1,-1,-1
112,28,221.25,191.0,45.0,45.25,1,1,-1,-1
113,28,220.5,190.75,45.25,45.5,1,1,-1,-1
114,28,221.5,190.0,45.0,45.25,1,1,-1,-1
115,28,223.75,190.75,45.25,45.25,1,1,-1,-1
116,28,224.71,191.249,45.25,45.25,1,1,-1,-1
117,28,233.5,196.5,45.0,45.0,1,1,-1,-1
118,28,232.5,198.5,45.0,45.0,1,1,-1,-1
119,28,241.5,197.5,45.0,45.0,1,1,-1,-1
120,28,243.5,195.5,45.0,45.0,1,1,-1,-1
121,28,246.0,195.75,45.5,45.5,1,1,-1,-1
122,28,248.25,193.5,45.5,45.5,1,1,-1,-1
123,28,250.75,193.0,45.25,45.5,1,1,-1,-1
124,28,253.0,191.75,45.25,45.5,1,1,-1,-1
125,28,256.0,189.5,45.25,45.25,1,1,-1,-1
126,28,257.75,186.25,45.5,45.5,1,1,-1,-1
127,28,259.0,184.0,45.5,45.5,1,1,-1,-1
128,28,262.5,184.5,45.25,45.5,1,1,-1,-1
129,28,266.5,187.75,45.25,45.5,1,1,-1,-1
130,28,270.5,190.75,45.25,45.25,1,1,-1,-1
131,28,273.5,192.5,45.5,45.25,1,1,-1,-1
132,28,276.0,195.0,45.25,45.25,1,1,-1,-1
133,28,280.75,199.75,45.25,45.25,1,1,-1,-1
134,28,284.5,201.75,45.25,45.5,1,1,-1,-1
135,28,290.5,209.0,45.25,45.5,1,1,-1,-1
136,28,295.52,214.266,45.25,45.5,1,1,-1,-1
137,28,297.25,214.75,45.25,45.25,1,1,-1,-1
138,28,307.5,213.0,45.25,45.25,1,1,-1,-1
139,28,313.5,213.25,45.5,45.5,1,1,-1,-1
140,28,316.75,216.75,45.5,45.0,1,1,-1,-1
141,28,320.25,219.5,45.5,45.25,1,1,-1,-1
142,28,325.75,222.75,45.5,45.25,1,1,-1,-1
143,28,322.0,227.25,45.25,45.25,1,1,-1,-1
144,28,332.5,252.75,45.0,45.25,1,1,-1,-1
145,28,332.0,262.0,45.0,45.0,1,1,-1,-1
146,28,330.25,271.0,45.0,45.0,1,1,-1,-1
147,28,333.75,279.5,45.0,45.25,1,1,-1,-1
148,28,336.75,286.25,45.25,45.25,1,1,-1,-1
149,28,340.0,291.75,45.5,45.25,1,1,-1,-1
150,28,343.75,294.25,45.25,45.25,1,1,-1,-1
151,28,346.5,296.75,45.25,45.25,1,1,-1,-1
152,28,350.25,299.0,45.25,46.0,1,1,-1,-1
153,28,348.75,301.0,45.25,45.25,1,1,-1,-1
154,28,347.75,301.75,45.25,45.25,1,1,-1,-1
155,28,347.5,303.75,45.25,45.0,1,1,-1,-1
156,28,346.75,303.75,45.25,45.0,1,1,-1,-1
157,28,342.75,302.75,45.25,45.0,1,1,-1,-1
158,28,345.25,303.0,45.25,45.0,1,1,-1,-1
159,28,345.5,303.0,45.25,45.25,1,1,-1,-1
160,28,345.75,303.5,45.25,45.0,1,1,-1,-1
161,28,347.75,306.0,45.5,45.0,1,1,-1,-1
162,28,346.75,306.25,45.25,45.0,1,1,-1,-1
163,28,348.0,306.75,45.25,45.25,1,1,-1,-1
164,28,348.5,307.5,45.5,45.25,1,1,-1,-1
165,28,348.25,307.25,45.5,45.25,1,1,-1,-1
166,28,348.25,307.0,45.5,45.25,1,1,-1,-1
167,28,348.25,307.0,45.5,45.5,1,1,-1,-1
168,28,348.0,307.0,45.5,45.25,1,1,-1,-1
169,28,348.0,307.25,45.5,45.25,1,1,-1,-1
170,28,348.0,307.25,45.5,45.25,1,1,-1,-1
171,28,348.25,306.5,45.5,45.25,1,1,-1,-1
172,28,348.5,306.25,45.5,45.25,1,1,-1,-1
173,28,348.25,305.75,45.75,45.25,1,1,-1,-1
174,28,348.75,305.75,45.5,45.25,1,1,-1,-1
175,28,347.75,306.0,45.5,45.0,1,1,-1,-1
176,28,347.75,305.5,45.25,45.25,1,1,-1,-1
177,28,347.25,305.75,45.25,45.0,1,1,-1,-1
178,28,346.5,305.25,45.25,45.0,1,1,-1,-1
179,28,346.25,305.75,45.5,45.0,1,1,-1,-1
180,28,346.25,305.25,45.25,45.0,1,1,-1,-1
181,28,346.25,305.5,45.25,45.0,1,1,-1,-1
182,28,345.75,304.75,45.25,44.75,1,1,-1,-1
183,28,345.75,304.5,45.25,44.75,1,1,-1,-1
184,28,345.75,305.25,45.25,44.75,1,1,-1,-1
185,28,346.0,305.25,45.25,45.0,1,1,-1,-1
186,28,345.75,305.25,45.25,44.75,1,1,-1,-1
187,28,345.75,305.25,45.25,45.0,1,1,-1,-1
188,28,345.75,305.25,45.25,45.0,1,1,-1,-1
189,28,345.5,305.0,45.25,45.25,1,1,-1,-1
190,28,345.25,305.5,45.25,45.0,1,1,-1,-1
191,28,346.0,305.75,45.25,45.0,1,1,-1,-1
192,28,346.25,305.5,45.5,45.0,1,1,-1,-1
193,28,346.0,305.25,45.5,45.25,1,1,-1,-1
194,28,346.25,305.25,45.5,45.25,1,1,-1,-1
195,28,346.25,305.25,45.25,45.25,1,1,-1,-1
196,28,346.0,304.75,45.25,45.25,1,1,-1,-1
197,28,346.0,304.25,45.25,45.0,1,1,-1,-1
198,28,345.5,303.5,45.0,45.0,1,1,-1,-1
199,28,344.25,303.5,45.25,45.0,1,1,-1,-1
200,28,344.25,302.75,45.25,45.0,1,1,-1,-1
201,28,343.0,301.75,45.25,45.0,1,1,-1,-1
202,28,343.75,300.5,45.25,45.0,1,1,-1,-1
203,28,341.5,301.0,45.25,45.0,1,1,-1,-1
204,28,341.0,300.0,45.25,44.75,1,1,-1,-1
205,28,340.5,299.5,45.25,44.75,1,1,-1,-1
206,28,340.5,299.75,45.25,45.0,1,1,-1,-1
207,28,340.0,299.5,45.25,45.0,1,1,-1,-1
208,28,339.25,298.75,45.25,44.75,1,1,-1,-1
209,28,338.25,298.5,45.5,45.0,1,1,-1,-1
210,28,337.75,298.5,45.25,44.75,1,1,-1,-1
211,28,337.5,298.0,45.25,45.0,1,1,-1,-1
212,28,337.5,298.25,45.25,44.75,1,1,-1,-1
213,28,336.75,297.5,45.25,44.75,1,1,-1,-1
214,28,336.5,297.0,45.5,45.0,1,1,-1,-1
215,28,337.25,296.75,45.5,45.0,1,1,-1,-1
216,28,337.0,296.5,45.5,45.0,1,1,-1,-1
217,28,336.75,296.5,45.25,45.0,1,1,-1,-1
218,28,337.5,297.25,45.25,44.75,1,1,-1,-1
219,28,337.0,297.0,45.5,45.0,1,1,-1,-1
220,28,337.5,296.75,45.5,44.75,1,1,-1,-1
221,28,337.75,297.0,45.25,44.75,1,1,-1,-1
222,28,338.5,295.5,45.0,44.75,1,1,-1,-1
223,28,339.5,295.0,45.5,45.0,1,1,-1,-1
224,28,339.5,295.75,45.5,44.75,1,1,-1,-1
225,28,339.75,296.25,45.25,44.75,1,1,-1,-1
226,28,339.75,295.75,45.25,45.0,1,1,-1,-1
227,28,339.75,295.5,45.5,45.0,1,1,-1,-1
228,28,340.0,295.25,45.25,45.0,1,1,-1,-1
229,28,339.0,295.25,45.5,45.0,1,1,-1,-1
230,28,339.25,295.5,45.25,45.0,1,1,-1,-1
231,28,338.75,295.25,45.5,45.0,1,1,-1,-1
232,28,339.25,294.5,45.5,45.0,1,1,-1,-1
233,28,339.0,295.25,45.25,44.75,1,1,-1,-1
234,28,339.0,295.0,45.25,45.0,1,1,-1,-1
235,28,339.0,295.0,45.5,45.0,1,1,-1,-1
236,28,339.5,294.75,45.25,45.0,1,1,-1,-1
237,28,339.5,295.0,45.25,44.75,1,1,-1,-1
238,28,340.0,295.25,45.5,45.0,1,1,-1,-1
239,28,341.0,294.75,45.5,44.75,1,1,-1,-1
240,28,341.75,295.0,45.5,45.0,1,1,-1,-1
241,28,341.75,296.25,45.5,45.25,1,1,-1,-1
242,28,342.0,296.25,45.25,45.0,1,1,-1,-1
243,28,342.25,296.75,45.25,45.25,1,1,-1,-1
244,28,342.0,296.75,45.25,45.0,1,1,-1,-1
245,28,341.25,296.25,45.25,45.25,1,1,-1,-1
246,28,341.25,296.0,45.5,45.25,1,1,-1,-1
247,28,340.75,294.75,45.5,45.0,1,1,-1,-1
248,28,340.75,294.5,45.25,45.0,1,1,-1,-1
249,28,340.75,294.5,45.5,44.75,1,1,-1,-1
250,28,340.5,294.25,45.25,45.0,1,1,-1,-1
251,28,340.5,294.75,45.25,45.0,1,1,-1,-1
252,28,340.75,294.5,45.25,45.25,1,1,-1,-1
253,28,340.75,294.5,45.25,45.0,1,1,-1,-1
254,28,340.75,294.0,45.5,45.25,1,1,-1,-1
255,28,340.5,294.0,45.5,45.25,1,1,-1,-1
256,28,340.0,294.0,45.25,45.0,1,1,-1,-1
257,28,340.0,294.0,45.5,45.0,1,1,-1,-1
258,28,339.5,294.0,45.75,45.25,1,1,-1,-1
259,28,339.5,294.0,45.5,45.25,1,1,-1,-1
260,28,339.75,293.75,45.5,45.0,1,1,-1,-1
261,28,339.75,294.25,45.5,45.0,1,1,-1,-1
262,28,339.75,295.0,45.5,45.25,1,1,-1,-1
263,28,340.25,295.0,45.5,45.25,1,1,-1,-1
264,28,340.0,294.25,45.5,45.0,1,1,-1,-1
265,28,339.5,294.0,45.5,45.25,1,1,-1,-1
266,28,339.75,293.5,45.5,45.0,1,1,-1,-1
267,28,340.25,293.75,45.5,45.0,1,1,-1,-1
268,28,340.25,293.75,45.5,45.25,1,1,-1,-1
269,28,340.5,294.0,45.5,45.0,1,1,-1,-1
270,28,338.0,292.5,45.25,45.0,1,1,-1,-1
271,28,338.5,293.0,45.25,45.0,1,1,-1,-1
272,28,337.0,292.75,45.25,44.75,1,1,-1,-1
273,28,339.75,293.0,45.25,45.0,1,1,-1,-1
274,28,340.0,293.5,45.25,45.0,1,1,-1,-1
275,28,339.5,293.75,45.5,45.0,1,1,-1,-1
276,28,339.0,293.5,45.5,45.0,1,1,-1,-1
277,28,339.5,293.5,45.25,45.0,1,1,-1,-1
278,28,339.5,294.0,45.5,45.0,1,1,-1,-1
279,28,339.75,293.75,45.5,45.0,1,1,-1,-1
280,28,340.25,293.5,45.25,45.0,1,1,-1,-1
281,28,340.5,293.25,45.25,45.0,1,1,-1,-1
282,28,340.25,293.5,45.5,45.0,1,1,-1,-1
283,28,340.75,293.25,45.25,45.25,1,1,-1,-1
284,28,340.75,293.25,45.5,45.0,1,1,-1,-1
285,28,341.0,293.25,45.5,45.0,1,1,-1,-1
286,28,341.25,293.25,45.5,45.0,1,1,-1,-1
287,28,340.5,293.25,45.25,45.25,1,1,-1,-1
288,28,340.25,293.5,45.5,45.25,1,1,-1,-1
289,28,340.75,293.0,45.5,45.25,1,1,-1,-1
290,28,340.25,292.5,45.25,45.0,1,1,-1,-1
291,28,340.5,293.0,45.25,45.0,1,1,-1,-1
292,28,340.75,293.0,45.5,45.0,1,1,-1,-1
293,28,340.75,293.0,45.25,45.25,1,1,-1,-1
294,28,341.0,292.75,45.5,45.0,1,1,-1,-1
295,28,341.25,292.25,45.5,45.0,1,1,-1,-1
296,28,341.5,292.25,45.25,45.0,1,1,-1,-1
297,28,341.5,291.75,45.25,45.0,1,1,-1,-1
298,28,341.5,291.75,45.25,45.25,1,1,-1,-1
299,28,341.5,292.25,45.5,45.0,1,1,-1,-1
300,28,341.25,291.75,45.5,45.0,1,1,-1,-1
301,28,341.0,292.0,45.5,45.25,1,1,-1,-1
302,28,341.25,292.25,45.5,45.0,1,1,-1,-1
303,28,341.25,292.25,45.5,45.0,1,1,-1,-1
304,28,341.25,291.75,45.25,45.0,1,1,-1,-1
305,28,341.0,292.25,45.5,45.25,1,1,-1,-1
306,28,340.75,292.25,45.25,45.0,1,1,-1,-1
307,28,340.75,292.25,45.5,45.0,1,1,-1,-1
308,28,340.5,292.0,45.25,45.0,1,1,-1,-1
309,28,340.5,291.75,45.5,45.0,1,1,-1,-1
310,28,340.75,291.5,45.5,45.25,1,1,-1,-1
311,28,341.25,291.5,45.25,45.25,1,1,-1,-1
312,28,341.0,291.5,45.5,45.25,1,1,-1,-1
313,28,340.75,291.0,45.5,45.25,1,1,-1,-1
314,28,340.75,291.0,45.5,45.25,1,1,-1,-1
315,28,340.5,291.25,45.5,45.0,1,1,-1,-1
316,28,340.5,290.75,45.5,45.25,1,1,-1,-1
317,28,341.0,289.5,45.25,45.25,1,1,-1,-1
318,28,341.5,289.5,45.25,45.25,1,1,-1,-1
319,28,341.5,289.75,45.25,45.25,1,1,-1,-1
320,28,341.25,289.5,45.5,45.25,1,1,-1,-1
321,28,340.75,289.75,45.5,45.0,1,1,-1,-1
322,28,341.0,290.0,45.25,45.0,1,1,-1,-1
323,28,340.25,288.75,45.25,45.0,1,1,-1,-1
324,28,340.75,287.0,45.5,45.25,1,1,-1,-1
325,28,341.25,287.5,45.25,45.25,1,1,-1,-1
326,28,340.5,289.0,45.25,44.75,1,1,-1,-1
327,28,340.5,289.25,45.25,45.0,1,1,-1,-1
328,28,340.5,289.25,45.25,45.0,1,1,-1,-1
329,28,340.5,288.5,45.25,45.0,1,1,-1,-1
330,28,340.25,288.25,45.25,45.0,1,1,-1,-1
331,28,340.5,288.0,45.0,45.0,1,1,-1,-1
332,28,340.5,288.0,45.25,45.0,1,1,-1,-1
333,28,340.5,288.0,45.25,45.0,1,1,-1,-1
334,28,340.5,288.25,45.25,44.75,1,1,-1,-1
335,28,340.5,288.0,45.25,45.0,1,1,-1,-1
336,28,340.25,288.25,45.25,45.0,1,1,-1,-1
337,28,340.0,288.5,45.25,45.0,1,1,-1,-1
338,28,340.5,287.5,45.25,45.0,1,1,-1,-1
339,28,341.0,288.0,45.25,45.0,1,1,-1,-1
340,28,341.25,287.75,45.25,45.0,1,1,-1,-1
341,28,341.75,288.75,45.25,45.0,1,1,-1,-1
342,28,341.75,289.25,45.25,45.0,1,1,-1,-1
343,28,341.75,289.0,45.25,45.25,1,1,-1,-1
344,28,341.75,289.5,45.25,45.0,1,1,-1,-1
345,28,342.0,289.75,45.25,45.25,1,1,-1,-1
346,28,341.25,289.5,45.25,45.0,1,1,-1,-1
347,28,341.0,289.25,45.25,45.25,1,1,-1,-1
348,28,341.25,289.5,45.5,45.0,1,1,-1,-1
349,28,341.25,289.25,45.25,45.25,1,1,-1,-1
350,28,341.5,289.5,45.25,45.0,1,1,-1,-1
351,28,341.75,289.25,45.25,45.25,1,1,-1,-1
352,28,341.75,289.0,45.25,45.0,1,1,-1,-1
353,28,342.0,288.75,45.25,45.25,1,1,-1,-1
354,28,342.0,288.75,45.25,45.0,1,1,-1,-1
355,28,342.25,288.5,45.25,45.25,1,1,-1,-1
356,28,342.25,288.5,45.25,45.25,1,1,-1,-1
357,28,342.25,288.75,45.25,45.25,1,1,-1,-1
358,28,342.0,289.0,45.5,45.25,1,1,-1,-1
359,28,342.25,289.0,45.25,45.0,1,1,-1,-1
360,28,342.25,288.5,45.25,45.25,1,1,-1,-1
361,28,342.75,288.25,45.25,45.25,1,1,-1,-1
362,28,342.75,287.5,45.25,45.25,1,1,-1,-1
363,28,342.75,287.5,45.25,45.25,1,1,-1,-1
364,28,342.75,288.0,45.25,45.25,1,1,-1,-1
365,28,342.25,288.25,45.25,45.25,1,1,-1,-1
366,28,342.25,288.0,45.25,45.25,1,1,-1,-1
367,28,342.5,288.0,45.25,45.25,1,1,-1,-1
368,28,342.5,287.5,45.25,45.25,1,1,-1,-1
369,28,342.25,287.0,45.25,45.25,1,1,-1,-1
370,28,342.0,287.0,45.25,45.25,1,1,-1,-1
371,28,341.5,287.75,45.25,45.25,1,1,-1,-1
372,28,341.5,287.75,45.25,45.0,1,1,-1,-1
373,28,341.75,287.25,45.25,45.0,1,1,-1,-1
374,28,343.0,286.5,45.0,45.25,1,1,-1,-1
375,28,341.75,287.5,45.25,45.25,1,1,-1,-1
376,28,341.25,288.0,45.0,45.0,1,1,-1,-1
377,28,341.0,288.0,45.0,45.0,1,1,-1,-1
378,28,340.75,288.0,45.25,45.0,1,1,-1,-1
379,28,340.75,287.75,45.25,45.0,1,1,-1,-1
380,28,342.25,286.75,45.0,45.0,1,1,-1,-1
381,28,341.5,287.75,45.25,45.0,1,1,-1,-1
382,28,343.5,279.5,44.75,45.0,1,1,-1,-1
383,28,342.25,281.25,45.0,45.25,1,1,-1,-1
384,28,341.0,281.0,45.0,45.0,1,1,-1,-1
385,28,340.5,282.5,45.0,45.0,1,1,-1,-1
386,28,342.5,284.25,45.0,45.0,1,1,-1,-1
387,28,342.75,283.5,45.0,45.0,1,1,-1,-1
388,28,342.0,282.25,45.0,45.25,1,1,-1,-1
389,28,344.0,280.75,45.0,45.0,1,1,-1,-1
390,28,345.0,281.0,45.0,45.25,1,1,-1,-1
391,28,343.75,283.25,45.0,45.25,1,1,-1,-1
392,28,342.75,284.5,45.25,45.0,1,1,-1,-1
393,28,343.25,284.25,45.0,45.25,1,1,-1,-1
394,28,343.25,284.75,45.25,45.25,1,1,-1,-1
395,28,342.75,285.25,45.25,45.25,1,1,-1,-1
396,28,342.5,285.25,45.25,45.25,1,1,-1,-1
397,28,343.0,284.5,45.25,45.5,1,1,-1,-1
398,28,343.0,285.25,45.25,45.5,1,1,-1,-1
399,28,342.5,285.25,45.25,45.5,1,1,-1,-1
400,28,342.0,285.75,45.0,45.25,1,1,-1,-1
401,28,340.0,285.75,45.0,45.25,1,1,-1,-1
402,28,342.25,286.25,45.25,45.0,1,1,-1,-1
403,28,341.75,285.5,45.5,45.25,1,1,-1,-1
404,28,341.75,286.75,45.5,45.0,1,1,-1,-1
405,28,342.0,287.0,45.25,45.25,1,1,-1,-1
406,28,342.75,286.25,45.0,45.0,1,1,-1,-1
407,28,342.75,285.25,45.0,45.25,1,1,-1,-1
408,28,342.0,284.75,45.0,45.25,1,1,-1,-1
409,28,342.25,284.5,45.0,45.0,1,1,-1,-1
410,28,342.0,284.25,45.25,45.25,1,1,-1,-1
411,28,344.25,283.5,45.0,45.25,1,1,-1,-1
412,28,345.5,283.25,45.0,45.0,1,1,-1,-1
413,28,345.25,284.0,45.0,45.0,1,1,-1,-1
414,28,345.25,283.5,45.0,45.25,1,1,-1,-1
415,28,344.75,284.5,45.0,45.0,1,1,-1,-1
416,28,344.75,284.25,45.0,45.0,1,1,-1,-1
417,28,344.25,283.75,45.25,45.25,1,1,-1,-1
418,28,344.0,284.5,45.25,45.25,1,1,-1,-1
419,28,344.25,283.5,45.25,45.25,1,1,-1,-1
420,28,344.25,284.0,45.25,45.25,1,1,-1,-1
421,28,344.25,284.0,45.25,45.25,1,1,-1,-1
422,28,344.25,284.25,45.25,45.25,1,1,-1,-1
423,28,344.25,284.5,45.25,45.25,1,1,-1,-1
424,28,344.0,284.75,45.25,45.25,1,1,-1,-1
425,28,344.0,284.5,45.25,45.25,1,1,-1,-1
426,28,344.25,284.5,45.25,45.25,1,1,-1,-1
427,28,344.25,284.5,45.25,45.25,1,1,-1,-1
428,28,344.5,284.25,45.0,45.25,1,1,-1,-1
429,28,344.5,284.25,45.0,45.0,1,1,-1,-1
430,28,345.0,284.25,45.0,45.0,1,1,-1,-1
431,28,345.5,284.5,45.0,45.25,1,1,-1,-1
432,28,346.25,284.25,45.25,45.25,1,1,-1,-1
433,28,346.688,284.268,45.25,45.25,1,1,-1,-1
434,28,346.25,284.25,45.25,45.25,1,1,-1,-1
435,28,345.5,283.75,45.25,45.25,1,1,-1,-1
436,28,345.361,283.318,45.25,45.25,1,1,-1,-1
437,28,343.0,285.25,45.25,45.25,1,1,-1,-1
438,28,344.75,284.5,45.25,45.25,1,1,-1,-1
439,28,345.0,284.5,45.0,45.0,1,1,-1,-1
440,28,345.0,283.25,45.0,45.0,1,1,-1,-1
441,28,344.0,283.75,45.25,45.25,1,1,-1,-1
442,28,344.5,283.75,45.0,45.25,1,1,-1,-1
443,28,344.25,284.5,45.25,45.0,1,1,-1,-1
444,28,344.5,284.0,45.25,45.25,1,1,-1,-1
445,28,344.25,284.5,45.25,45.0,1,1,-1,-1
446,28,344.0,284.75,45.25,45.0,1,1,-1,-1
447,28,343.5,285.25,45.25,45.0,1,1,-1,-1
448,28,343.5,284.25,45.25,45.0,1,1,-1,-1
449,28,343.25,284.25,45.25,45.0,1,1,-1,-1
450,28,343.25,284.0,45.25,45.0,1,1,-1,-1
451,28,343.25,284.25,45.25,45.0,1,1,-1,-1
452,28,344.0,283.75,45.25,45.0,1,1,-1,-1
453,28,344.75,283.25,45.25,45.25,1,1,-1,-1
454,28,344.0,283.5,45.25,45.0,1,1,-1,-1
455,28,345.0,283.5,45.25,45.0,1,1,-1,-1
456,28,344.75,283.5,45.25,45.0,1,1,-1,-1
457,28,344.5,284.0,45.25,45.0,1,1,-1,-1
458,28,345.0,284.75,45.25,45.5,1,1,-1,-1
459,28,345.75,284.25,45.25,45.5,1,1,-1,-1
460,28,346.25,284.5,45.25,45.25,1,1,-1,-1
461,28,346.75,284.25,45.25,45.25,1,1,-1,-1
462,28,346.5,283.5,45.5,45.5,1,1,-1,-1
463,28,346.25,284.0,45.25,45.25,1,1,-1,-1
464,28,345.75,284.0,45.25,45.5,1,1,-1,-1
465,28,346.25,282.75,45.25,45.25,1,1,-1,-1
466,28,346.25,283.25,45.25,46.0,1,1,-1,-1
467,28,346.25,284.25,45.25,45.25,1,1,-1,-1
468,28,345.75,283.25,45.25,45.25,1,1,-1,-1
469,28,346.0,283.75,45.0,45.25,1,1,-1,-1
470,28,346.5,283.0,45.25,45.25,1,1,-1,-1
471,28,346.25,283.25,45.25,45.25,1,1,-1,-1
472,28,346.25,282.25,45.25,45.25,1,1,-1,-1
473,28,345.75,283.25,45.25,45.25,1,1,-1,-1
474,28,345.75,283.5,45.5,45.25,1,1,-1,-1
475,28,346.0,284.25,45.25,45.0,1,1,-1,-1
476,28,346.0,284.0,45.25,45.25,1,1,-1,-1
477,28,346.5,283.75,45.25,45.25,1,1,-1,-1
478,28,346.25,284.0,45.25,45.0,1,1,-1,-1
479,28,346.5,283.5,45.25,45.0,1,1,-1,-1
480,28,346.5,284.25,45.25,45.0,1,1,-1,-1
481,28,346.75,283.75,45.5,45.0,1,1,-1,-1
482,28,347.25,283.25,45.25,45.0,1,1,-1,-1
483,28,346.75,283.5,45.25,45.0,1,1,-1,-1
484,28,347.5,283.5,45.25,45.25,1,1,-1,-1
485,28,347.75,283.5,45.25,45.0,1,1,-1,-1
486,28,348.75,283.0,45.25,45.0,1,1,-1,-1
487,28,348.5,286.5,45.0,45.0,1,1,-1,-1
488,28,348.5,286.5,45.0,45.0,1,1,-1,-1
489,28,348.5,286.5,45.0,45.0,1,1,-1,-1
490,28,348.5,286.5,45.0,45.0,1,1,-1,-1
491,28,348.5,286.5,45.0,45.0,1,1,-1,-1
492,28,348.5,286.5,45.0,45.0,1,1,-1,-1
493,28,348.5,286.5,45.0,45.0,1,1,-1,-1
494,28,348.5,286.5,45.0,45.0,1,1,-1,-1
495,28,348.5,286.5,45.0,45.0,1,1,-1,-1
496,28,348.5,286.5,45.0,45.0,1,1,-1,-1
497,28,348.5,286.5,45.0,45.0,1,1,-1,-1
498,28,348.5,286.5,45.0,45.0,1,1,-1,-1
499,28,348.5,286.5,45.0,45.0,1,1,-1,-1
500,28,348.5,286.5,45.0,45.0,1,1,-1,-1
1,29,463.75,429.25,45.0,45.0,1,1,-1,-1
2,29,463.75,429.25,45.25,45.0,1,1,-1,-1
3,29,464.0,429.5,45.0,45.0,1,1,-1,-1
4,29,464.0,429.5,45.0,45.25,1,1,-1,-1
5,29,463.75,429.5,45.0,45.0,1,1,-1,-1
6,29,463.5,430.0,45.0,45.0,1,1,-1,-1
7,29,463.25,430.25,45.25,45.0,1,1,-1,-1
8,29,463.25,430.0,45.0,45.0,1,1,-1,-1
9,29,463.25,430.0,45.0,45.0,1,1,-1,-1
10,29,463.25,429.75,45.25,45.25,1,1,-1,-1
11,29,463.25,429.5,45.0,45.25,1,1,-1,-1
12,29,463.25,429.5,45.0,45.25,1,1,-1,-1
13,29,463.0,430.0,45.25,45.0,1,1,-1,-1
14,29,463.0,430.0,45.0,45.25,1,1,-1,-1
15,29,462.75,430.0,45.25,45.25,1,1,-1,-1
16,29,463.0,430.0,45.0,45.25,1,1,-1,-1
17,29,462.75,429.75,45.25,45.25,1,1,-1,-1
18,29,463.0,430.0,45.25,45.25,1,1,-1,-1
19,29,462.75,429.75,45.25,45.25,1,1,-1,-1
20,29,463.0,430.0,45.25,45.25,1,1,-1,-1
21,29,462.75,429.75,45.25,45.25,1,1,-1,-1
22,29,463.0,429.75,45.0,45.0,1,1,-1,-1
23,29,463.25,430.0,45.0,45.25,1,1,-1,-1
24,29,463.25,429.5,45.0,45.25,1,1,-1,-1
25,29,463.25,429.0,45.0,45.25,1,1,-1,-1
26,29,462.75,429.0,45.25,45.25,1,1,-1,-1
27,29,463.0,429.0,45.0,45.0,1,1,-1,-1
28,29,462.75,429.0,45.0,45.25,1,1,-1,-1
29,29,461.25,428.5,45.0,45.25,1,1,-1,-1
30,29,462.5,429.0,45.0,45.25,1,1,-1,-1
31,29,462.0,430.0,45.0,45.25,1,1,-1,-1
32,29,462.0,430.5,45.0,45.0,1,1,-1,-1
33,29,461.75,430.75,45.0,45.25,1,1,-1,-1
34,29,462.0,431.5,45.0,45.0,1,1,-1,-1
35,29,462.25,430.75,45.25,45.25,1,1,-1,-1
36,29,462.25,430.5,45.25,45.25,1,1,-1,-1
37,29,462.0,431.5,45.25,45.25,1,1,-1,-1
38,29,462.0,432.25,45.25,45.25,1,1,-1,-1
39,29,461.5,432.0,45.25,45.5,1,1,-1,-1
40,29,461.0,431.25,45.25,45.25,1,1,-1,-1
41,29,461.0,431.5,45.25,45.5,1,1,-1,-1
42,29,461.25,431.75,45.25,45.25,1,1,-1,-1
43,29,461.5,431.75,45.0,45.25,1,1,-1,-1
44,29,461.0,431.75,45.0,45.25,1,1,-1,-1
45,29,461.0,431.5,45.25,45.25,1,1,-1,-1
46,29,461.25,431.25,45.25,45.25,1,1,-1,-1
47,29,461.25,431.5,45.25,45.25,1,1,-1,-1
48,29,461.5,431.25,45.25,45.25,1,1,-1,-1
49,29,461.5,431.0,45.25,45.25,1,1,-1,-1
50,29,461.25,431.25,45.25,45.25,1,1,-1,-1
51,29,460.75,431.25,45.5,45.25,1,1,-1,-1
52,29,460.75,431.25,45.25,45.5,1,1,-1,-1
53,29,460.5,431.75,45.25,45.25,1,1,-1,-1
54,29,460.5,431.75,45.25,45.5,1,1,-1,-1
55,29,460.5,431.75,45.25,45.5,1,1,-1,-1
56,29,460.75,431.5,45.25,45.25,1,1,-1,-1
57,29,460.25,430.75,45.5,45.25,1,1,-1,-1
58,29,460.5,431.5,45.25,45.25,1,1,-1,-1
59,29,460.25,432.0,45.25,45.25,1,1,-1,-1
60,29,460.5,432.5,45.5,45.25,1,1,-1,-1
61,29,461.0,433.0,45.25,45.25,1,1,-1,-1
62,29,460.75,433.5,45.0,45.0,1,1,-1,-1
63,29,460.0,432.75,45.25,45.25,1,1,-1,-1
64,29,460.0,432.75,45.0,45.25,1,1,-1,-1
65,29,460.25,432.5,45.0,45.25,1,1,-1,-1
66,29,460.75,433.25,45.25,45.25,1,1,-1,-1
67,29,461.25,433.5,45.0,45.0,1,1,-1,-1
68,29,459.5,432.75,45.25,45.5,1,1,-1,-1
69,29,460.0,431.25,45.5,45.25,1,1,-1,-1
70,29,460.25,431.0,45.25,45.0,1,1,-1,-1
71,29,460.75,431.0,45.5,45.25,1,1,-1,-1
72,29,461.5,430.75,45.25,45.25,1,1,-1,-1
73,29,461.75,429.75,45.25,45.25,1,1,-1,-1
74,29,462.5,429.75,45.5,45.25,1,1,-1,-1
75,29,462.75,429.75,45.25,45.25,1,1,-1,-1
76,29,462.75,429.25,45.5,45.25,1,1,-1,-1
77,29,463.5,429.5,45.25,45.5,1,1,-1,-1
78,29,463.5,429.0,45.5,45.25,1,1,-1,-1
79,29,463.25,428.25,45.5,45.25,1,1,-1,-1
80,29,463.5,428.75,45.5,45.25,1,1,-1,-1
81,29,458.75,419.5,45.25,45.5,1,1,-1,-1
82,29,461.75,426.0,45.25,45.5,1,1,-1,-1
83,29,461.25,425.5,45.25,45.25,1,1,-1,-1
84,29,460.25,425.0,45.25,45.25,1,1,-1,-1
85,29,463.5,427.75,45.0,45.5,1,1,-1,-1
86,29,463.5,428.5,45.25,45.0,1,1,-1,-1
87,29,463.5,428.0,45.0,45.25,1,1,-1,-1
88,29,464.25,429.25,45.25,45.25,1,1,-1,-1
89,29,465.0,428.0,45.25,45.5,1,1,-1,-1
90,29,464.75,428.0,45.25,45.5,1,1,-1,-1
91,29,464.25,428.0,45.5,45.5,1,1,-1,-1
92,29,464.5,427.75,45.5,45.5,1,1,-1,-1
93,29,465.0,427.5,45.25,45.25,1,1,-1,-1
94,29,464.75,427.5,45.25,45.25,1,1,-1,-1
95,29,464.75,427.25,45.25,45.25,1,1,-1,-1
96,29,465.0,427.0,45.25,45.5,1,1,-1,-1
97,29,464.75,426.75,45.5,45.5,1,1,-1,-1
98,29,465.0,426.75,45.25,45.5,1,1,-1,-1
99,29,464.75,427.25,45.25,45.25,1,1,-1,-1
100,29,464.75,427.25,45.25,45.25,1,1,-1,-1
101,29,465.0,428.0,45.25,45.0,1,1,-1,-1
102,29,467.0,428.25,45.25,45.0,1,1,-1,-1
103,29,465.5,427.5,45.5,45.25,1,1,-1,-1
104,29,465.75,426.75,45.5,45.5,1,1,-1,-1
105,29,465.75,427.0,45.25,45.25,1,1,-1,-1
106,29,465.5,426.75,45.25,45.25,1,1,-1,-1
107,29,464.5,426.5,45.25,45.25,1,1,-1,-1
108,29,464.25,426.25,45.0,45.5,1,1,-1,-1
109,29,464.5,426.5,45.25,45.5,1,1,-1,-1
110,29,465.0,426.5,45.25,45.5,1,1,-1,-1
111,29,465.0,426.75,45.0,45.5,1,1,-1,-1
112,29,465.25,426.5,45.0,45.5,1,1,-1,-1
113,29,464.75,426.25,45.0,45.5,1,1,-1,-1
114,29,464.75,426.5,45.25,45.5,1,1,-1,-1
115,29,464.0,426.0,45.25,45.25,1,1,-1,-1
116,29,465.25,426.5,45.25,45.25,1,1,-1,-1
117,29,465.25,426.75,45.5,45.5,1,1,-1,-1
118,29,465.5,427.0,45.0,45.25,1,1,-1,-1
119,29,465.5,427.0,45.25,45.25,1,1,-1,-1
120,29,466.0,426.75,45.0,45.25,1,1,-1,-1
121,29,466.0,427.0,45.25,45.25,1,1,-1,-1
122,29,466.0,427.0,45.25,45.5,1,1,-1,-1
123,29,466.0,427.0,45.0,45.25,1,1,-1,-1
124,29,465.75,426.5,45.25,45.25,1,1,-1,-1
125,29,465.5,426.5,45.25,45.25,1,1,-1,-1
126,29,465.75,426.25,45.25,45.5,1,1,-1,-1
127,29,465.75,426.25,45.0,45.25,1,1,-1,-1
128,29,465.0,426.25,45.0,45.5,1,1,-1,-1
129,29,464.75,426.5,45.25,45.25,1,1,-1,-1
130,29,464.75,426.5,45.25,45.5,1,1,-1,-1
131,29,464.5,426.25,45.0,45.5,1,1,-1,-1
132,29,464.5,426.5,45.25,45.5,1,1,-1,-1
133,29,464.75,426.75,45.25,45.25,1,1,-1,-1
134,29,465.25,426.75,45.25,45.5,1,1,-1,-1
135,29,465.5,426.75,45.25,45.5,1,1,-1,-1
136,29,465.75,426.75,45.25,45.25,1,1,-1,-1
137,29,466.0,426.75,45.25,45.25,1,1,-1,-1
138,29,466.0,426.75,45.25,45.25,1,1,-1,-1
139,29,466.0,426.75,45.25,45.25,1,1,-1,-1
140,29,466.25,426.75,45.25,45.25,1,1,-1,-1
141,29,466.75,426.75,45.25,45.25,1,1,-1,-1
142,29,466.75,426.5,45.25,45.25,1,1,-1,-1
143,29,465.25,427.25,45.25,45.0,1,1,-1,-1
144,29,465.75,427.0,45.25,45.0,1,1,-1,-1
145,29,467.25,426.75,45.25,45.0,1,1,-1,-1
146,29,467.25,426.5,45.25,45.0,1,1,-1,-1
147,29,467.25,426.25,45.0,45.25,1,1,-1,-1
148,29,467.5,426.5,45.25,45.0,1,1,-1,-1
149,29,467.0,426.5,45.25,45.25,1,1,-1,-1
150,29,467.25,426.25,45.25,45.25,1,1,-1,-1
151,29,466.25,426.25,45.25,45.25,1,1,-1,-1
152,29,466.5,426.25,45.25,45.25,1,1,-1,-1
153,29,466.25,426.25,45.25,45.25,1,1,-1,-1
154,29,466.25,426.25,45.25,45.25,1,1,-1,-1
155,29,466.25,426.25,45.25,45.25,1,1,-1,-1
156,29,466.25,426.25,45.25,45.25,1,1,-1,-1
157,29,466.0,426.25,45.25,45.25,1,1,-1,-1
158,29,465.75,426.25,45.25,45.25,1,1,-1,-1
159,29,465.75,426.25,45.25,45.25,1,1,-1,-1
160,29,466.0,426.0,45.25,45.25,1,1,-1,-1
161,29,466.25,425.75,45.25,45.25,1,1,-1,-1
162,29,464.0,425.25,45.25,45.25,1,1,-1,-1
163,29,464.25,425.25,45.0,45.25,1,1,-1,-1
164,29,464.5,425.0,45.25,45.25,1,1,-1,-1
165,29,464.5,425.0,45.5,45.5,1,1,-1,-1
166,29,464.25,425.25,45.25,45.5,1,1,-1,-1
167,29,464.5,425.25,45.25,45.25,1,1,-1,-1
168,29,466.0,425.5,45.5,45.25,1,1,-1,-1
169,29,465.75,426.0,45.25,45.5,1,1,-1,-1
170,29,465.5,426.0,45.25,45.25,1,1,-1,-1
171,29,465.5,426.0,45.25,45.25,1,1,-1,-1
172,29,465.5,425.75,45.5,45.25,1,1,-1,-1
173,29,465.5,426.0,45.5,45.25,1,1,-1,-1
174,29,465.75,425.75,45.5,45.25,1,1,-1,-1
175,29,465.75,425.75,45.25,45.25,1,1,-1,-1
176,29,465.25,426.0,45.5,45.25,1,1,-1,-1
177,29,465.25,425.75,45.25,45.25,1,1,-1,-1
178,29,465.25,425.25,45.25,45.25,1,1,-1,-1
179,29,465.5,425.0,45.25,45.25,1,1,-1,-1
180,29,465.5,425.25,45.25,45.25,1,1,-1,-1
181,29,465.25,425.25,45.5,45.25,1,1,-1,-1
182,29,465.5,425.0,45.25,45.5,1,1,-1,-1
183,29,465.75,425.25,45.5,45.25,1,1,-1,-1
184,29,465.75,425.5,45.75,45.25,1,1,-1,-1
185,29,465.75,425.5,45.5,45.5,1,1,-1,-1
186,29,466.0,425.75,45.25,45.25,1,1,-1,-1
187,29,465.75,425.0,45.25,45.25,1,1,-1,-1
188,29,466.0,425.25,45.25,45.5,1,1,-1,-1
189,29,466.25,425.25,45.25,45.5,1,1,-1,-1
190,29,466.25,425.0,45.25,45.5,1,1,-1,-1
191,29,466.0,425.0,45.25,45.5,1,1,-1,-1
192,29,465.75,425.5,45.25,45.5,1,1,-1,-1
193,29,465.0,426.0,45.5,45.5,1,1,-1,-1
194,29,465.25,426.0,45.25,45.5,1,1,-1,-1
195,29,464.5,426.25,45.25,45.5,1,1,-1,-1
196,29,464.25,426.75,45.25,45.25,1,1,-1,-1
197,29,464.25,426.25,45.25,45.25,1,1,-1,-1
198,29,463.5,426.25,45.25,45.5,1,1,-1,-1
199,29,464.5,426.25,45.25,45.5,1,1,-1,-1
200,29,464.75,426.75,45.5,45.5,1,1,-1,-1
201,29,465.5,426.25,45.25,45.5,1,1,-1,-1
202,29,465.5,426.25,45.5,45.25,1,1,-1,-1
203,29,466.75,426.25,45.5,45.5,1,1,-1,-1
204,29,467.0,424.75,45.5,45.5,1,1,-1,-1
205,29,467.25,425.5,45.25,45.25,1,1,-1,-1
206,29,467.0,426.25,45.5,45.25,1,1,-1,-1
207,29,467.0,425.75,45.5,45.5,1,1,-1,-1
208,29,467.75,426.0,45.25,45.25,1,1,-1,-1
209,29,467.75,425.5,45.25,45.25,1,1,-1,-1
210,29,467.75,424.75,45.5,45.5,1,1,-1,-1
211,29,467.75,425.0,45.25,45.5,1,1,-1,-1
212,29,467.0,425.0,45.25,45.25,1,1,-1,-1
213,29,467.25,425.5,45.25,45.25,1,1,-1,-1
214,29,467.5,424.75,45.25,45.25,1,1,-1,-1
215,29,466.5,425.25,45.5,45.25,1,1,-1,-1
216,29,467.25,425.0,45.25,45.25,1,1,-1,-1
217,29,467.25,425.0,45.25,45.5,1,1,-1,-1
218,29,467.0,426.0,45.5,45.5,1,1,-1,-1
219,29,467.5,425.25,45.25,45.5,1,1,-1,-1
220,29,467.0,426.0,45.25,45.25,1,1,-1,-1
221,29,467.25,424.25,45.5,45.5,1,1,-1,-1
222,29,467.0,425.25,45.5,45.5,1,1,-1,-1
223,29,467.25,426.0,45.25,45.25,1,1,-1,-1
224,29,467.5,425.5,45.25,45.25,1,1,-1,-1
225,29,466.5,425.25,45.25,45.25,1,1,-1,-1
226,29,467.0,425.0,45.25,45.5,1,1,-1,-1
227,29,467.75,425.25,45.25,45.0,1,1,-1,-1
228,29,468.0,425.5,45.0,45.0,1,1,-1,-1
229,29,467.75,425.5,45.25,45.25,1,1,-1,-1
230,29,468.0,426.5,45.0,45.0,1,1,-1,-1
231,29,468.5,424.5,45.0,45.0,1,1,-1,-1
232,29,469.5,426.0,45.25,45.25,1,1,-1,-1
233,29,468.0,425.0,45.0,45.25,1,1,-1,-1
234,29,467.75,424.75,45.25,45.25,1,1,-1,-1
235,29,467.25,423.5,45.25,45.25,1,1,-1,-1
236,29,467.25,423.5,45.0,45.25,1,1,-1,-1
237,29,466.75,424.0,45.0,45.0,1,1,-1,-1
238,29,467.0,424.25,45.0,45.25,1,1,-1,-1
239,29,467.0,424.0,45.0,45.25,1,1,-1,-1
240,29,466.75,424.0,45.0,45.0,1,1,-1,-1
241,29,466.75,423.75,45.0,45.25,1,1,-1,-1
242,29,466.75,424.25,45.25,45.0,1,1,-1,-1
243,29,466.25,424.25,45.25,45.0,1,1,-1,-1
244,29,466.25,424.0,45.0,45.25,1,1,-1,-1
245,29,465.75,424.0,45.0,45.25,1,1,-1,-1
246,29,465.0,424.25,45.0,45.25,1,1,-1,-1
247,29,465.0,424.5,45.25,45.5,1,1,-1,-1
248,29,465.25,425.25,45.25,45.5,1,1,-1,-1
249,29,465.25,424.75,45.0,45.25,1,1,-1,-1
250,29,465.0,424.75,45.25,45.25,1,1,-1,-1
251,29,465.5,424.5,45.25,45.0,1,1,-1,-1
252,29,465.25,424.75,45.25,45.0,1,1,-1,-1
253,29,464.75,424.25,45.25,45.25,1,1,-1,-1
254,29,465.0,424.25,45.25,45.25,1,1,-1,-1
255,29,465.0,424.0,45.25,45.25,1,1,-1,-1
256,29,464.75,424.25,45.25,45.25,1,1,-1,-1
257,29,464.75,424.0,45.25,45.25,1,1,-1,-1
258,29,465.0,424.0,45.0,45.25,1,1,-1,-1
259,29,465.0,424.0,45.25,45.25,1,1,-1,-1
260,29,464.75,424.0,45.25,45.25,1,1,-1,-1
261,29,464.75,424.0,45.25,45.25,1,1,-1,-1
262,29,464.5,424.0,45.25,45.0,1,1,-1,-1
263,29,464.75,424.0,45.25,45.25,1,1,-1,-1
264,29,464.75,424.0,45.25,45.25,1,1,-1,-1
265,29,464.75,424.0,45.25,45.25,1,1,-1,-1
266,29,464.75,424.0,45.25,45.0,1,1,-1,-1
267,29,464.75,424.0,45.25,45.25,1,1,-1,-1
268,29,464.75,424.0,45.0,45.25,1,1,-1,-1
269,29,464.75,424.25,45.25,45.0,1,1,-1,-1
270,29,465.0,424.25,45.0,45.0,1,1,-1,-1
271,29,465.0,424.0,45.0,45.25,1,1,-1,-1
272,29,464.75,424.25,45.25,45.25,1,1,-1,-1
273,29,464.75,424.5,45.25,45.25,1,1,-1,-1
274,29,464.5,424.5,45.25,45.0,1,1,-1,-1
275,29,464.25,424.5,45.25,45.0,1,1,-1,-1
276,29,464.25,424.5,45.25,45.0,1,1,-1,-1
277,29,464.5,424.25,45.0,45.0,1,1,-1,-1
278,29,464.25,424.5,45.25,45.0,1,1,-1,-1
279,29,464.25,424.25,45.25,45.0,1,1,-1,-1
280,29,464.25,424.25,45.25,45.0,1,1,-1,-1
281,29,464.5,424.25,45.0,45.0,1,1,-1,-1
282,29,464.25,424.25,45.25,45.0,1,1,-1,-1
283,29,464.25,424.25,45.25,45.0,1,1,-1,-1
284,29,464.25,424.25,45.25,45.0,1,1,-1,-1
285,29,464.5,423.75,45.0,45.25,1,1,-1,-1
286,29,464.5,423.75,45.25,45.25,1,1,-1,-1
287,29,464.25,424.0,45.25,45.0,1,1,-1,-1
288,29,464.25,424.0,45.25,45.0,1,1,-1,-1
289,29,464.25,424.0,45.25,45.25,1,1,-1,-1
290,29,464.25,424.0,45.25,45.0,1,1,-1,-1
291,29,464.25,424.25,45.25,45.0,1,1,-1,-1
292,29,464.5,424.0,45.0,45.25,1,1,-1,-1
293,29,464.25,424.0,45.25,45.0,1,1,-1,-1
294,29,464.25,424.0,45.25,45.25,1,1,-1,-1
295,29,464.25,424.25,45.25,45.0,1,1,-1,-1
296,29,464.5,424.25,45.0,45.0,1,1,-1,-1
297,29,464.25,423.75,45.25,45.0,1,1,-1,-1
298,29,464.0,423.75,45.0,45.0,1,1,-1,-1
299,29,463.5,423.5,45.0,45.0,1,1,-1,-1
300,29,462.5,421.25,45.25,45.25,1,1,-1,-1
301,29,462.25,419.25,45.25,45.5,1,1,-1,-1
302,29,461.75,418.5,45.25,45.25,1,1,-1,-1
303,29,461.75,417.75,45.25,45.25,1,1,-1,-1
304,29,461.75,417.25,45.25,45.25,1,1,-1,-1
305,29,462.0,416.25,45.25,45.25,1,1,-1,-1
306,29,462.0,415.25,45.25,45.25,1,1,-1,-1
307,29,461.25,413.75,45.25,45.0,1,1,-1,-1
308,29,461.25,410.5,45.0,45.0,1,1,-1,-1
309,29,460.75,407.0,45.0,45.25,1,1,-1,-1
310,29,460.75,405.5,44.75,45.25,1,1,-1,-1
311,29,460.5,404.5,45.0,45.0,1,1,-1,-1
312,29,460.0,402.75,44.75,45.0,1,1,-1,-1
313,29,459.75,401.5,45.0,45.0,1,1,-1,-1
314,29,459.75,400.75,44.75,45.0,1,1,-1,-1
315,29,459.75,400.5,44.75,45.0,1,1,-1,-1
316,29,459.0,399.5,45.0,45.25,1,1,-1,-1
317,29,458.25,398.0,45.0,45.0,1,1,-1,-1
318,29,457.5,397.0,44.75,45.25,1,1,-1,-1
319,29,456.0,395.75,45.0,45.25,1,1,-1,-1
320,29,455.5,395.25,44.75,45.25,1,1,-1,-1
321,29,454.75,394.75,44.75,45.0,1,1,-1,-1
322,29,454.25,394.75,44.75,45.25,1,1,-1,-1
323,29,454.5,395.0,44.75,45.0,1,1,-1,-1
324,29,454.25,395.0,44.75,45.0,1,1,-1,-1
325,29,454.25,394.75,44.75,45.25,1,1,-1,-1
326,29,454.0,394.5,44.75,45.0,1,1,-1,-1
327,29,454.0,395.75,44.75,45.0,1,1,-1,-1
328,29,453.75,394.75,44.75,45.0,1,1,-1,-1
329,29,454.0,395.5,44.75,44.75,1,1,-1,-1
330,29,453.75,395.25,45.0,45.0,1,1,-1,-1
331,29,453.75,395.25,44.75,45.0,1,1,-1,-1
332,29,453.5,395.0,44.75,45.25,1,1,-1,-1
333,29,454.5,395.0,44.75,45.25,1,1,-1,-1
334,29,454.5,394.75,45.0,45.25,1,1,-1,-1
335,29,454.25,394.5,45.0,45.25,1,1,-1,-1
336,29,454.0,395.0,44.75,45.0,1,1,-1,-1
337,29,453.5,394.75,44.75,45.0,1,1,-1,-1
338,29,452.75,394.25,44.75,44.75,1,1,-1,-1
339,29,452.25,394.0,44.75,45.0,1,1,-1,-1
340,29,452.75,394.0,44.75,45.0,1,1,-1,-1
341,29,453.5,393.75,44.75,45.25,1,1,-1,-1
342,29,453.75,393.5,44.75,45.0,1,1,-1,-1
343,29,453.75,392.75,44.75,45.0,1,1,-1,-1
344,29,453.5,392.5,44.5,45.0,1,1,-1,-1
345,29,452.25,392.75,44.75,45.25,1,1,-1,-1
346,29,450.0,392.75,44.75,45.0,1,1,-1,-1
347,29,448.25,392.25,44.75,45.25,1,1,-1,-1
348,29,446.75,391.0,44.5,45.0,1,1,-1,-1
349,29,443.25,388.5,45.0,45.25,1,1,-1,-1
350,29,441.5,388.0,45.0,45.0,1,1,-1,-1
351,29,439.5,387.5,45.25,45.75,1,1,-1,-1
352,29,435.75,387.5,45.25,45.5,1,1,-1,-1
353,29,432.5,386.75,45.5,45.5,1,1,-1,-1
354,29,430.5,386.25,45.5,45.5,1,1,-1,-1
355,29,429.0,386.5,45.25,45.25,1,1,-1,-1
356,29,426.5,386.0,45.0,45.25,1,1,-1,-1
357,29,426.75,386.5,45.0,45.25,1,1,-1,-1
358,29,426.25,387.25,45.25,45.25,1,1,-1,-1
359,29,423.25,388.0,45.0,45.25,1,1,-1,-1
360,29,419.25,390.0,45.0,45.5,1,1,-1,-1
361,29,417.0,390.75,45.0,45.25,1,1,-1,-1
362,29,417.5,391.5,45.0,45.25,1,1,-1,-1
363,29,416.75,392.25,45.0,45.25,1,1,-1,-1
364,29,417.0,392.25,45.0,45.5,1,1,-1,-1
365,29,415.25,392.0,45.0,45.25,1,1,-1,-1
366,29,412.5,391.5,44.75,45.25,1,1,-1,-1
367,29,411.5,390.75,44.75,45.25,1,1,-1,-1
368,29,410.5,390.75,44.75,45.25,1,1,-1,-1
369,29,408.5,389.75,44.75,45.25,1,1,-1,-1
370,29,405.5,390.5,44.75,45.5,1,1,-1,-1
371,29,402.75,390.75,44.75,45.25,1,1,-1,-1
372,29,400.75,390.25,44.75,45.5,1,1,-1,-1
373,29,399.0,389.25,45.0,45.25,1,1,-1,-1
374,29,395.25,389.5,44.75,45.25,1,1,-1,-1
375,29,391.5,389.0,45.0,45.5,1,1,-1,-1
376,29,388.5,388.75,44.75,45.25,1,1,-1,-1
377,29,385.25,386.5,44.75,45.5,1,1,-1,-1
378,29,381.0,386.0,45.0,45.5,1,1,-1,-1
379,29,377.75,385.0,45.0,45.25,1,1,-1,-1
380,29,375.75,384.5,45.0,45.25,1,1,-1,-1
381,29,373.0,383.25,45.25,45.25,1,1,-1,-1
382,29,371.75,384.25,45.0,45.25,1,1,-1,-1
383,29,371.0,384.75,45.0,45.0,1,1,-1,-1
384,29,370.25,385.0,45.0,45.25,1,1,-1,-1
385,29,369.75,384.75,45.0,45.25,1,1,-1,-1
386,29,369.25,384.75,45.25,45.0,1,1,-1,-1
387,29,368.75,385.0,45.25,45.25,1,1,-1,-1
388,29,368.0,384.75,45.25,45.0,1,1,-1,-1
389,29,366.0,384.5,45.25,45.0,1,1,-1,-1
390,29,365.5,384.25,45.25,45.0,1,1,-1,-1
391,29,366.0,384.0,45.25,45.0,1,1,-1,-1
392,29,366.75,383.75,45.25,45.0,1,1,-1,-1
393,29,362.25,385.5,45.25,45.5,1,1,-1,-1
394,29,362.0,385.0,45.25,45.0,1,1,-1,-1
395,29,361.25,385.75,45.25,45.25,1,1,-1,-1
396,29,362.0,386.75,45.25,45.0,1,1,-1,-1
397,29,362.5,385.75,45.25,45.0,1,1,-1,-1
398,29,362.5,384.75,45.0,45.25,1,1,-1,-1
399,29,361.25,386.25,45.25,45.25,1,1,-1,-1
400,29,362.25,385.25,45.25,45.25,1,1,-1,-1
401,29,360.25,385.75,45.25,45.25,1,1,-1,-1
402,29,360.0,385.75,45.25,45.25,1,1,-1,-1
403,29,360.25,385.75,45.25,45.25,1,1,-1,-1
404,29,360.75,385.0,45.25,45.25,1,1,-1,-1
405,29,361.75,387.25,45.0,45.25,1,1,-1,-1
406,29,362.0,386.0,45.0,45.0,1,1,-1,-1
407,29,362.0,386.0,45.25,45.0,1,1,-1,-1
408,29,361.5,385.75,45.0,45.25,1,1,-1,-1
409,29,361.0,385.5,45.0,45.25,1,1,-1,-1
410,29,360.5,385.75,45.25,45.25,1,1,-1,-1
411,29,361.0,386.5,45.25,45.0,1,1,-1,-1
412,29,361.5,386.5,45.25,45.25,1,1,-1,-1
413,29,362.25,386.5,45.0,45.0,1,1,-1,-1
414,29,363.5,385.0,45.0,45.0,1,1,-1,-1
415,29,363.75,385.0,45.0,45.0,1,1,-1,-1
416,29,363.75,386.0,45.0,45.0,1,1,-1,-1
417,29,364.0,386.0,45.0,45.0,1,1,-1,-1
418,29,364.25,386.5,44.75,45.0,1,1,-1,-1
419,29,364.75,386.0,44.75,45.0,1,1,-1,-1
420,29,365.0,386.75,44.75,45.25,1,1,-1,-1
421,29,365.0,386.5,45.0,45.25,1,1,-1,-1
422,29,365.25,386.75,45.0,45.0,1,1,-1,-1
423,29,366.0,387.25,45.0,45.0,1,1,-1,-1
424,29,365.75,386.5,44.75,45.0,1,1,-1,-1
425,29,364.75,386.75,44.75,44.75,1,1,-1,-1
426,29,364.0,386.0,45.0,44.75,1,1,-1,-1
427,29,365.25,385.75,44.75,44.75,1,1,-1,-1
428,29,364.25,384.25,45.0,45.0,1,1,-1,-1
429,29,364.75,385.0,45.0,44.75,1,1,-1,-1
430,29,364.5,385.5,45.0,44.75,1,1,-1,-1
431,29,365.25,385.0,45.0,45.0,1,1,-1,-1
432,29,366.0,384.25,45.25,45.25,1,1,-1,-1
433,29,365.0,383.5,45.0,45.25,1,1,-1,-1
434,29,364.5,382.0,45.0,45.25,1,1,-1,-1
435,29,364.0,380.25,45.0,45.25,1,1,-1,-1
436,29,362.0,379.0,45.25,45.25,1,1,-1,-1
437,29,362.0,378.25,45.25,45.25,1,1,-1,-1
438,29,360.75,378.0,45.0,45.25,1,1,-1,-1
439,29,360.0,378.25,45.25,45.25,1,1,-1,-1
440,29,360.25,377.5,45.0,45.25,1,1,-1,-1
441,29,359.0,377.5,45.25,45.0,1,1,-1,-1
442,29,357.75,377.0,45.25,45.0,1,1,-1,-1
443,29,357.25,376.75,45.0,45.0,1,1,-1,-1
444,29,356.25,378.0,45.25,45.0,1,1,-1,-1
445,29,354.25,379.0,45.0,45.25,1,1,-1,-1
446,29,353.75,379.0,45.0,45.25,1,1,-1,-1
447,29,355.25,377.25,45.25,45.25,1,1,-1,-1
448,29,355.25,378.25,45.25,45.25,1,1,-1,-1
449,29,358.0,376.5,45.0,45.0,1,1,-1,-1
450,29,357.75,376.5,45.0,45.0,1,1,-1,-1
451,29,358.25,376.0,45.0,45.0,1,1,-1,-1
452,29,358.75,376.5,45.0,45.25,1,1,-1,-1
453,29,358.5,376.5,45.25,45.0,1,1,-1,-1
454,29,358.75,376.5,45.0,45.25,1,1,-1,-1
455,29,358.5,376.5,45.25,45.25,1,1,-1,-1
456,29,359.75,376.25,45.0,45.0,1,1,-1,-1
457,29,357.25,375.75,45.5,45.5,1,1,-1,-1
458,29,357.0,375.5,45.5,45.5,1,1,-1,-1
459,29,357.0,375.75,45.25,45.25,1,1,-1,-1
460,29,357.25,375.75,45.25,45.25,1,1,-1,-1
461,29,357.75,376.75,45.25,45.25,1,1,-1,-1
462,29,357.5,376.25,45.25,45.25,1,1,-1,-1
463,29,356.5,376.25,45.25,45.5,1,1,-1,-1
464,29,355.75,376.0,45.25,45.25,1,1,-1,-1
465,29,356.25,375.75,45.5,45.25,1,1,-1,-1
466,29,356.25,376.0,45.25,45.5,1,1,-1,-1
467,29,356.0,375.75,45.25,45.5,1,1,-1,-1
468,29,356.75,375.25,45.25,45.5,1,1,-1,-1
469,29,356.25,375.75,45.5,45.25,1,1,-1,-1
470,29,356.5,375.75,45.25,45.5,1,1,-1,-1
471,29,356.75,375.5,45.25,45.5,1,1,-1,-1
472,29,357.0,375.75,45.25,45.25,1,1,-1,-1
473,29,357.25,375.25,45.5,45.5,1,1,-1,-1
474,29,357.0,375.75,45.25,45.25,1,1,-1,-1
475,29,357.5,375.75,45.25,45.25,1,1,-1,-1
476,29,356.5,376.0,45.25,45.25,1,1,-1,-1
477,29,357.0,376.25,45.0,45.25,1,1,-1,-1
478,29,356.0,376.5,45.25,45.25,1,1,-1,-1
479,29,354.25,375.75,45.5,45.5,1,1,-1,-1
480,29,355.0,375.25,45.25,45.5,1,1,-1,-1
481,29,356.0,375.5,45.25,45.25,1,1,-1,-1
482,29,356.75,375.0,45.25,45.25,1,1,-1,-1
483,29,356.5,375.25,45.25,45.25,1,1,-1,-1
484,29,356.25,375.5,45.5,45.25,1,1,-1,-1
485,29,355.75,377.0,45.25,45.0,1,1,-1,-1
486,29,356.0,376.75,45.25,45.25,1,1,-1,-1
487,29,356.0,376.75,45.5,45.25,1,1,-1,-1
488,29,356.25,376.5,45.5,45.25,1,1,-1,-1
489,29,355.5,376.25,45.5,45.5,1,1,-1,-1
490,29,356.0,376.25,45.5,45.25,1,1,-1,-1
491,29,355.5,375.75,45.25,45.25,1,1,-1,-1
492,29,355.75,376.0,45.25,45.25,1,1,-1,-1
493,29,356.25,376.0,45.5,45.25,1,1,-1,-1
494,29,356.25,376.25,45.5,45.25,1,1,-1,-1
495,29,356.75,376.5,45.25,45.5,1,1,-1,-1
496,29,356.75,376.5,45.25,45.25,1,1,-1,-1
497,29,356.5,376.75,45.5,45.25,1,1,-1,-1
498,29,357.0,376.0,45.25,45.25,1,1,-1,-1
499,29,357.25,375.75,45.25,45.25,1,1,-1,-1
500,29,357.5,375.5,45.5,45.25,1,1,-1,-1
1,30,209.5,250.25,45.0,45.5,1,1,-1,-1
2,30,209.5,245.25,45.0,45.5,1,1,-1,-1
3,30,209.5,244.25,45.25,45.5,1,1,-1,-1
4,30,209.25,242.75,45.25,45.5,1,1,-1,-1
5,30,209.5,241.75,45.0,45.5,1,1,-1,-1
6,30,210.5,240.5,45.0,45.5,1,1,-1,-1
7,30,212.75,239.75,45.0,45.25,1,1,-1,-1
8,30,213.5,238.75,45.0,45.5,1,1,-1,-1
9,30,214.25,237.25,45.0,45.25,1,1,-1,-1
10,30,215.222,235.941,45.0,45.25,1,1,-1,-1
11,30,216.159,234.632,45.0,45.25,1,1,-1,-1
12,30,216.25,232.5,45.25,46.5,1,1,-1,-1
13,30,217.5,232.75,45.25,46.0,1,1,-1,-1
14,30,218.25,233.0,45.0,46.0,1,1,-1,-1
15,30,219.5,233.25,45.25,45.5,1,1,-1,-1
16,30,220.562,233.371,45.25,45.5,1,1,-1,-1
17,30,219.25,231.0,45.25,46.5,1,1,-1,-1
18,30,218.75,231.0,45.25,47.0,1,1,-1,-1
19,30,219.75,230.5,45.5,47.25,1,1,-1,-1
20,30,220.75,230.25,45.5,46.5,1,1,-1,-1
21,30,221.5,230.25,45.25,46.0,1,1,-1,-1
22,30,222.0,229.25,45.0,45.5,1,1,-1,-1
23,30,221.75,227.75,45.0,45.25,1,1,-1,-1
24,30,222.75,226.5,45.0,45.25,1,1,-1,-1
25,30,223.5,226.75,45.0,45.5,1,1,-1,-1
26,30,224.0,226.25,45.0,45.5,1,1,-1,-1
27,30,223.5,225.75,45.0,45.25,1,1,-1,-1
28,30,226.0,231.75,45.0,45.5,1,1,-1,-1
29,30,222.0,226.25,45.0,45.25,1,1,-1,-1
30,30,222.25,226.5,45.0,45.25,1,1,-1,-1
31,30,222.25,226.5,44.75,45.25,1,1,-1,-1
32,30,221.5,227.0,45.0,45.25,1,1,-1,-1
33,30,221.0,227.25,45.0,45.25,1,1,-1,-1
34,30,221.25,227.5,45.0,45.25,1,1,-1,-1
35,30,221.5,226.25,44.75,45.5,1,1,-1,-1
36,30,221.75,225.5,45.0,45.25,1,1,-1,-1
37,30,221.75,224.5,45.0,45.5,1,1,-1,-1
38,30,222.25,222.75,45.25,45.5,1,1,-1,-1
39,30,222.25,223.0,45.25,45.5,1,1,-1,-1
40,30,222.5,223.25,45.5,45.5,1,1,-1,-1
41,30,222.5,224.0,45.5,45.5,1,1,-1,-1
42,30,222.75,225.5,45.25,45.5,1,1,-1,-1
43,30,222.75,225.5,45.25,45.5,1,1,-1,-1
44,30,222.5,226.0,45.0,45.5,1,1,-1,-1
45,30,221.0,226.0,45.25,45.5,1,1,-1,-1
46,30,221.25,225.75,45.0,45.5,1,1,-1,-1
47,30,221.5,226.0,45.25,45.5,1,1,-1,-1
48,30,221.0,225.75,45.0,45.5,1,1,-1,-1
49,30,222.25,225.0,45.0,45.0,1,1,-1,-1
50,30,222.0,224.75,45.0,45.25,1,1,-1,-1
51,30,223.0,223.75,45.0,45.5,1,1,-1,-1
52,30,222.75,223.75,45.25,45.5,1,1,-1,-1
53,30,222.5,223.75,45.0,45.25,1,1,-1,-1
54,30,222.5,223.0,45.0,45.25,1,1,-1,-1
55,30,222.5,222.75,45.25,45.5,1,1,-1,-1
56,30,222.0,222.5,45.25,45.5,1,1,-1,-1
57,30,223.5,223.0,45.0,45.5,1,1,-1,-1
58,30,223.0,223.75,45.0,45.5,1,1,-1,-1
59,30,222.75,224.0,45.25,45.5,1,1,-1,-1
60,30,225.25,222.0,45.25,45.5,1,1,-1,-1
61,30,226.75,222.25,45.0,45.5,1,1,-1,-1
62,30,228.0,222.75,45.25,45.5,1,1,-1,-1
63,30,228.25,222.5,45.25,45.5,1,1,-1,-1
64,30,228.25,222.5,45.25,45.5,1,1,-1,-1
65,30,228.0,222.75,45.25,45.75,1,1,-1,-1
66,30,228.75,221.5,45.5,45.5,1,1,-1,-1
67,30,229.5,221.5,45.25,45.75,1,1,-1,-1
68,30,230.0,220.75,45.5,45.75,1,1,-1,-1
69,30,229.5,219.5,45.25,45.5,1,1,-1,-1
70,30,230.0,218.5,45.5,45.5,1,1,-1,-1
71,30,230.75,218.5,45.25,45.5,1,1,-1,-1
72,30,230.5,218.5,45.25,45.5,1,1,-1,-1
73,30,227.75,219.0,45.5,45.5,1,1,-1,-1
74,30,227.5,219.75,45.25,45.25,1,1,-1,-1
75,30,228.75,219.75,45.25,45.25,1,1,-1,-1
76,30,228.25,219.5,45.5,45.25,1,1,-1,-1
77,30,228.25,217.75,45.75,46.75,1,1,-1,-1
78,30,228.5,218.0,45.75,46.25,1,1,-1,-1
79,30,228.5,218.25,45.75,45.75,1,1,-1,-1
80,30,228.75,218.0,45.5,46.0,1,1,-1,-1
81,30,228.0,217.75,45.5,46.0,1,1,-1,-1
82,30,228.25,218.25,45.25,45.5,1,1,-1,-1
83,30,228.5,217.5,45.5,45.25,1,1,-1,-1
84,30,230.75,218.0,45.25,45.5,1,1,-1,-1
85,30,230.75,217.25,45.25,45.25,1,1,-1,-1
86,30,232.5,222.5,45.0,45.0,1,1,-1,-1
87,30,232.5,222.5,45.0,45.0,1,1,-1,-1
88,30,232.5,222.5,45.0,45.0,1,1,-1,-1
89,30,230.5,218.5,45.0,45.5,1,1,-1,-1
90,30,230.5,218.5,45.25,45.5,1,1,-1,-1
91,30,229.5,218.5,45.5,45.5,1,1,-1,-1
92,30,229.25,218.5,45.5,45.5,1,1,-1,-1
93,30,229.5,218.25,45.5,45.75,1,1,-1,-1
94,30,230.25,218.5,45.25,45.5,1,1,-1,-1
95,30,229.75,218.75,45.5,46.0,1,1,-1,-1
96,30,229.75,218.75,45.5,46.25,1,1,-1,-1
97,30,229.5,219.25,45.25,45.75,1,1,-1,-1
98,30,229.0,220.25,45.0,45.5,1,1,-1,-1
99,30,229.0,220.75,45.25,45.5,1,1,-1,-1
100,30,229.5,221.0,45.25,45.5,1,1,-1,-1
101,30,229.25,220.75,45.25,45.75,1,1,-1,-1
102,30,230.0,221.0,45.25,45.5,1,1,-1,-1
103,30,229.5,222.5,45.25,45.75,1,1,-1,-1
104,30,229.75,221.75,45.25,45.5,1,1,-1,-1
105,30,229.5,222.5,45.0,45.5,1,1,-1,-1
106,30,229.5,223.0,45.25,45.5,1,1,-1,-1
107,30,230.0,221.25,45.0,45.5,1,1,-1,-1
108,30,230.5,221.75,45.25,45.5,1,1,-1,-1
109,30,230.75,221.25,45.0,45.5,1,1,-1,-1
110,30,231.5,222.0,45.0,45.25,1,1,-1,-1
111,30,231.75,222.0,45.25,45.5,1,1,-1,-1
112,30,232.0,222.0,45.0,45.5,1,1,-1,-1
113,30,232.0,223.0,45.25,45.75,1,1,-1,-1
114,30,231.0,223.75,45.0,45.75,1,1,-1,-1
115,30,230.5,224.25,45.25,45.75,1,1,-1,-1
116,30,230.75,224.75,45.25,45.5,1,1,-1,-1
117,30,230.25,223.5,45.5,46.5,1,1,-1,-1
118,30,230.5,224.5,45.25,45.25,1,1,-1,-1
119,30,230.472,224.819,45.25,45.25,1,1,-1,-1
120,30,234.25,215.5,45.5,45.5,1,1,-1,-1
121,30,234.5,219.0,45.25,45.5,1,1,-1,-1
122,30,233.75,221.5,45.5,45.75,1,1,-1,-1
123,30,233.25,221.75,45.5,45.5,1,1,-1,-1
124,30,232.25,222.25,45.25,45.5,1,1,-1,-1
125,30,232.5,223.25,45.25,45.75,1,1,-1,-1
126,30,233.25,222.5,45.25,45.5,1,1,-1,-1
127,30,232.5,220.5,45.25,45.5,1,1,-1,-1
128,30,232.75,220.0,45.25,45.5,1,1,-1,-1
129,30,233.25,220.0,45.25,45.5,1,1,-1,-1
130,30,233.75,220.25,45.25,45.25,1,1,-1,-1
131,30,233.5,219.25,45.25,45.5,1,1,-1,-1
132,30,233.5,219.25,45.0,45.5,1,1,-1,-1
133,30,233.5,219.0,45.0,45.5,1,1,-1,-1
134,30,233.0,220.0,45.25,45.5,1,1,-1,-1
135,30,233.25,220.0,45.25,45.5,1,1,-1,-1
136,30,233.5,220.0,45.25,45.75,1,1,-1,-1
137,30,233.75,221.25,45.0,45.75,1,1,-1,-1
138,30,233.75,220.75,45.25,45.75,1,1,-1,-1
139,30,233.5,221.75,45.0,45.5,1,1,-1,-1
140,30,233.25,221.5,45.25,45.5,1,1,-1,-1
141,30,234.0,221.5,45.25,45.5,1,1,-1,-1
142,30,233.0,221.25,45.25,45.5,1,1,-1,-1
143,30,233.25,220.75,45.25,46.0,1,1,-1,-1
144,30,233.5,221.75,45.25,45.5,1,1,-1,-1
145,30,233.5,222.25,45.25,45.5,1,1,-1,-1
146,30,234.25,222.25,45.25,45.5,1,1,-1,-1
147,30,234.5,222.25,45.0,45.5,1,1,-1,-1
148,30,233.75,222.0,45.25,45.75,1,1,-1,-1
149,30,233.5,222.75,45.25,45.5,1,1,-1,-1
150,30,234.0,222.0,45.0,45.5,1,1,-1,-1
151,30,233.5,222.0,45.25,45.75,1,1,-1,-1
152,30,233.5,221.75,45.25,45.75,1,1,-1,-1
153,30,233.25,222.0,45.5,45.5,1,1,-1,-1
154,30,233.0,221.75,45.25,45.75,1,1,-1,-1
155,30,233.0,222.25,45.25,45.5,1,1,-1,-1
156,30,233.75,223.0,45.0,45.5,1,1,-1,-1
157,30,234.25,222.5,45.25,45.75,1,1,-1,-1
158,30,235.25,221.75,45.25,45.75,1,1,-1,-1
159,30,235.0,222.25,45.25,45.5,1,1,-1,-1
160,30,234.75,221.75,45.25,45.75,1,1,-1,-1
161,30,234.75,222.0,45.5,45.5,1,1,-1,-1
162,30,234.75,222.25,45.5,45.5,1,1,-1,-1
163,30,234.5,222.5,45.25,45.5,1,1,-1,-1
164,30,234.75,222.5,45.5,45.75,1,1,-1,-1
165,30,234.25,223.25,45.5,45.75,1,1,-1,-1
166,30,233.25,223.5,45.5,45.75,1,1,-1,-1
167,30,233.0,222.0,45.25,45.75,1,1,-1,-1
168,30,232.75,222.0,45.25,45.75,1,1,-1,-1
169,30,232.25,221.25,45.25,45.5,1,1,-1,-1
170,30,231.75,221.5,45.5,45.75,1,1,-1,-1
171,30,232.0,220.25,45.5,45.5,1,1,-1,-1
172,30,232.0,220.0,45.5,46.0,1,1,-1,-1
173,30,234.0,219.75,45.5,45.5,1,1,-1,-1
174,30,234.25,220.75,45.5,45.5,1,1,-1,-1
175,30,235.0,220.25,45.5,45.75,1,1,-1,-1
176,30,237.5,219.0,45.75,46.75,1,1,-1,-1
177,30,241.75,218.75,45.5,45.75,1,1,-1,-1
178,30,245.0,219.75,45.75,46.25,1,1,-1,-1
179,30,247.0,217.0,45.75,46.0,1,1,-1,-1
180,30,249.25,215.25,45.75,45.5,1,1,-1,-1
181,30,251.25,213.75,45.75,46.5,1,1,-1,-1
182,30,252.25,211.75,46.0,46.5,1,1,-1,-1
183,30,252.5,209.75,46.25,47.5,1,1,-1,-1
184,30,252.0,210.0,46.0,47.0,1,1,-1,-1
185,30,251.75,210.25,45.75,45.75,1,1,-1,-1
186,30,251.75,210.5,45.5,45.25,1,1,-1,-1
187,30,251.25,209.75,45.5,45.5,1,1,-1,-1
188,30,251.75,209.75,45.75,45.25,1,1,-1,-1
189,30,251.75,209.5,45.75,45.5,1,1,-1,-1
190,30,251.75,209.5,45.5,45.5,1,1,-1,-1
191,30,251.25,209.5,45.75,45.5,1,1,-1,-1
192,30,251.5,209.5,45.75,45.5,1,1,-1,-1
193,30,251.5,209.25,45.75,45.5,1,1,-1,-1
194,30,251.75,209.75,45.75,45.5,1,1,-1,-1
195,30,252.5,210.25,45.5,45.5,1,1,-1,-1
196,30,252.5,210.5,45.75,45.5,1,1,-1,-1
197,30,252.5,210.25,46.0,46.0,1,1,-1,-1
198,30,253.0,210.0,45.75,45.75,1,1,-1,-1
199,30,252.25,210.5,45.75,45.5,1,1,-1,-1
200,30,252.0,210.25,46.0,45.75,1,1,-1,-1
201,30,252.75,211.5,46.0,45.5,1,1,-1,-1
202,30,253.0,212.25,46.0,45.75,1,1,-1,-1
203,30,252.75,212.5,46.0,45.5,1,1,-1,-1
204,30,253.0,213.0,45.75,45.5,1,1,-1,-1
205,30,253.5,212.75,45.75,45.75,1,1,-1,-1
206,30,253.0,212.5,46.0,45.75,1,1,-1,-1
207,30,253.25,212.25,45.75,45.75,1,1,-1,-1
208,30,253.0,212.5,45.75,45.75,1,1,-1,-1
209,30,253.0,212.75,45.5,45.5,1,1,-1,-1
210,30,253.5,211.75,45.75,45.75,1,1,-1,-1
211,30,253.0,211.75,45.75,45.5,1,1,-1,-1
212,30,252.75,212.5,45.5,45.5,1,1,-1,-1
213,30,253.0,211.5,45.5,45.5,1,1,-1,-1
214,30,253.0,211.5,45.75,45.5,1,1,-1,-1
215,30,252.995,211.311,45.75,45.5,1,1,-1,-1
216,30,253.25,211.75,45.5,45.5,1,1,-1,-1
217,30,253.5,212.0,45.5,45.25,1,1,-1,-1
218,30,253.688,212.187,45.5,45.25,1,1,-1,-1
219,30,253.75,213.5,45.25,45.5,1,1,-1,-1
220,30,253.0,214.5,45.5,45.5,1,1,-1,-1
221,30,255.5,211.5,45.0,45.0,1,1,-1,-1
222,30,255.5,211.5,45.0,45.0,1,1,-1,-1
223,30,255.5,211.5,45.0,45.0,1,1,-1,-1
224,30,255.5,211.5,45.0,45.0,1,1,-1,-1
225,30,255.5,211.5,45.0,45.0,1,1,-1,-1
226,30,255.5,211.5,45.0,45.0,1,1,-1,-1
227,30,252.75,208.5,45.5,45.5,1,1,-1,-1
228,30,251.5,212.0,45.75,45.5,1,1,-1,-1
229,30,252.25,212.5,45.5,45.5,1,1,-1,-1
230,30,252.75,212.75,45.5,45.75,1,1,-1,-1
231,30,252.75,213.5,45.25,45.5,1,1,-1,-1
232,30,252.75,213.25,45.5,45.75,1,1,-1,-1
233,30,254.5,214.5,45.0,45.0,1,1,-1,-1
234,30,254.5,214.5,45.0,45.0,1,1,-1,-1
235,30,254.5,214.5,45.0,45.0,1,1,-1,-1
236,30,254.5,214.5,45.0,45.0,1,1,-1,-1
237,30,254.5,214.5,45.0,45.0,1,1,-1,-1
238,30,254.5,214.5,45.0,45.0,1,1,-1,-1
239,30,254.5,214.5,45.0,45.0,1,1,-1,-1
240,30,252.5,213.0,45.25,45.5,1,1,-1,-1
241,30,252.75,212.5,45.25,45.5,1,1,-1,-1
242,30,253.0,211.25,45.5,45.5,1,1,-1,-1
243,30,254.0,211.0,45.5,45.5,1,1,-1,-1
244,30,255.25,212.0,45.5,45.5,1,1,-1,-1
245,30,255.0,212.0,45.25,45.5,1,1,-1,-1
246,30,253.5,212.25,45.25,45.5,1,1,-1,-1
247,30,252.75,213.0,45.5,45.5,1,1,-1,-1
248,30,253.5,212.25,45.5,45.5,1,1,-1,-1
249,30,253.25,212.75,45.5,45.5,1,1,-1,-1
250,30,253.0,213.0,45.25,45.5,1,1,-1,-1
251,30,253.25,212.75,45.5,45.5,1,1,-1,-1
252,30,253.25,213.75,45.5,45.5,1,1,-1,-1
253,30,253.0,214.25,45.5,45.5,1,1,-1,-1
254,30,253.5,213.75,45.5,45.5,1,1,-1,-1
255,30,253.75,213.0,45.5,45.5,1,1,-1,-1
256,30,253.5,213.25,45.25,45.5,1,1,-1,-1
257,30,251.5,211.0,45.5,45.5,1,1,-1,-1
258,30,253.25,212.0,45.75,45.5,1,1,-1,-1
259,30,253.5,212.0,45.5,45.5,1,1,-1,-1
260,30,253.75,212.5,45.75,45.5,1,1,-1,-1
261,30,255.5,214.5,45.0,45.0,1,1,-1,-1
262,30,255.5,214.5,45.0,45.0,1,1,-1,-1
263,30,255.5,214.5,45.0,45.0,1,1,-1,-1
264,30,255.5,214.5,45.0,45.0,1,1,-1,-1
265,30,255.5,214.5,45.0,45.0,1,1,-1,-1
266,30,255.5,214.5,45.0,45.0,1,1,-1,-1
267,30,255.5,214.5,45.0,45.0,1,1,-1,-1
268,30,255.5,214.5,45.0,45.0,1,1,-1,-1
269,30,255.5,214.5,45.0,45.0,1,1,-1,-1
270,30,253.5,213.0,45.25,45.25,1,1,-1,-1
271,30,253.75,214.0,45.5,45.0,1,1,-1,-1
272,30,254.25,215.0,45.5,45.25,1,1,-1,-1
273,30,254.75,215.25,45.25,45.25,1,1,-1,-1
274,30,254.5,213.5,45.25,45.25,1,1,-1,-1
275,30,254.0,215.0,45.25,45.5,1,1,-1,-1
276,30,253.25,214.75,45.5,45.5,1,1,-1,-1
277,30,253.75,213.0,45.5,45.25,1,1,-1,-1
278,30,253.75,210.5,45.25,45.5,1,1,-1,-1
279,30,253.25,210.5,45.5,45.25,1,1,-1,-1
280,30,253.25,210.25,45.25,45.25,1,1,-1,-1
281,30,253.5,212.25,45.25,45.25,1,1,-1,-1
282,30,254.25,210.5,45.5,45.5,1,1,-1,-1
283,30,254.0,211.25,45.75,45.5,1,1,-1,-1
284,30,253.75,211.75,45.75,45.5,1,1,-1,-1
285,30,253.5,212.0,45.5,45.25,1,1,-1,-1
286,30,253.5,211.5,45.75,45.25,1,1,-1,-1
287,30,254.0,211.25,45.5,45.5,1,1,-1,-1
288,30,254.5,210.75,45.75,45.5,1,1,-1,-1
289,30,254.75,210.75,45.5,45.25,1,1,-1,-1
290,30,254.25,211.0,45.75,45.5,1,1,-1,-1
291,30,253.75,211.0,45.5,45.5,1,1,-1,-1
292,30,254.0,210.75,45.5,45.5,1,1,-1,-1
293,30,253.75,211.0,45.5,45.5,1,1,-1,-1
294,30,253.75,211.25,45.5,45.25,1,1,-1,-1
295,30,253.25,211.75,45.5,45.5,1,1,-1,-1
296,30,253.5,211.5,45.5,45.5,1,1,-1,-1
297,30,253.25,211.25,45.5,45.5,1,1,-1,-1
298,30,253.0,211.5,45.75,45.5,1,1,-1,-1
299,30,253.25,210.75,45.75,46.5,1,1,-1,-1
300,30,253.0,211.25,45.75,45.75,1,1,-1,-1
301,30,253.0,211.0,45.5,45.5,1,1,-1,-1
302,30,253.5,211.25,45.5,45.5,1,1,-1,-1
303,30,254.0,210.0,45.5,45.25,1,1,-1,-1
304,30,257.25,209.0,45.25,45.75,1,1,-1,-1
305,30,258.75,209.75,45.25,45.5,1,1,-1,-1
306,30,254.25,211.0,45.75,45.25,1,1,-1,-1
307,30,257.25,210.25,45.25,45.5,1,1,-1,-1
308,30,257.25,211.25,45.5,45.25,1,1,-1,-1
309,30,256.5,210.5,45.75,46.0,1,1,-1,-1
310,30,254.25,210.0,45.75,46.5,1,1,-1,-1
311,30,253.5,211.0,45.75,45.5,1,1,-1,-1
312,30,254.0,211.5,45.5,45.5,1,1,-1,-1
313,30,253.398,212.209,45.5,45.5,1,1,-1,-1
314,30,253.013,212.827,45.5,45.5,1,1,-1,-1
315,30,252.0,211.5,45.5,45.0,1,1,-1,-1
316,30,253.75,211.75,45.75,45.5,1,1,-1,-1
317,30,253.5,211.25,46.0,46.0,1,1,-1,-1
318,30,253.683,211.071,46.0,46.0,1,1,-1,-1
319,30,252.5,213.5,46.0,45.5,1,1,-1,-1
320,30,253.5,211.5,45.75,46.0,1,1,-1,-1
321,30,254.25,210.25,45.75,46.5,1,1,-1,-1
322,30,254.5,210.25,45.5,46.25,1,1,-1,-1
323,30,254.25,210.0,45.75,46.75,1,1,-1,-1
324,30,254.25,210.25,45.75,46.5,1,1,-1,-1
325,30,254.25,210.25,46.0,47.0,1,1,-1,-1
326,30,253.25,211.25,45.75,45.25,1,1,-1,-1
327,30,253.0,211.75,45.75,45.5,1,1,-1,-1
328,30,252.75,211.5,45.75,46.0,1,1,-1,-1
329,30,252.75,212.0,45.75,45.5,1,1,-1,-1
330,30,253.0,210.75,45.5,45.25,1,1,-1,-1
331,30,253.5,210.5,45.75,45.25,1,1,-1,-1
332,30,253.75,210.75,45.75,45.25,1,1,-1,-1
333,30,254.0,211.25,45.75,45.25,1,1,-1,-1
334,30,254.25,211.0,45.75,45.25,1,1,-1,-1
335,30,253.75,210.5,45.5,45.25,1,1,-1,-1
336,30,253.25,210.75,45.5,45.25,1,1,-1,-1
337,30,252.75,210.5,45.5,45.5,1,1,-1,-1
338,30,253.25,211.25,45.5,45.25,1,1,-1,-1
339,30,253.0,211.0,45.25,45.25,1,1,-1,-1
340,30,253.25,211.75,45.5,45.25,1,1,-1,-1
341,30,253.25,212.0,45.25,45.5,1,1,-1,-1
342,30,252.75,211.0,45.5,45.5,1,1,-1,-1
343,30,253.0,210.75,45.5,45.5,1,1,-1,-1
344,30,253.0,205.75,45.25,45.5,1,1,-1,-1
345,30,252.5,213.25,45.5,45.25,1,1,-1,-1
346,30,252.25,212.5,45.5,45.25,1,1,-1,-1
347,30,253.0,210.75,45.5,45.25,1,1,-1,-1
348,30,253.25,211.25,45.5,45.5,1,1,-1,-1
349,30,252.75,211.0,45.5,45.5,1,1,-1,-1
350,30,253.25,210.5,45.25,45.5,1,1,-1,-1
351,30,253.25,210.5,45.5,45.25,1,1,-1,-1
352,30,252.25,212.25,45.5,45.5,1,1,-1,-1
353,30,254.5,212.5,45.0,45.0,1,1,-1,-1
354,30,254.5,212.5,45.0,45.0,1,1,-1,-1
355,30,254.5,212.5,45.0,45.0,1,1,-1,-1
356,30,254.5,212.5,45.0,45.0,1,1,-1,-1
357,30,254.5,212.5,45.0,45.0,1,1,-1,-1
358,30,254.5,212.5,45.0,45.0,1,1,-1,-1
359,30,254.5,212.5,45.0,45.0,1,1,-1,-1
360,30,254.5,212.5,45.0,45.0,1,1,-1,-1
361,30,254.5,212.5,45.0,45.0,1,1,-1,-1
362,30,254.5,212.5,45.0,45.0,1,1,-1,-1
363,30,254.5,212.5,45.0,45.0,1,1,-1,-1
364,30,254.5,212.5,45.0,45.0,1,1,-1,-1
365,30,254.5,212.5,45.0,45.0,1,1,-1,-1
366,30,254.5,212.5,45.0,45.0,1,1,-1,-1
367,30,254.5,212.5,45.0,45.0,1,1,-1,-1
368,30,254.5,212.5,45.0,45.0,1,1,-1,-1
369,30,261.5,210.5,45.0,45.0,1,1,-1,-1
370,30,265.5,210.5,45.0,45.0,1,1,-1,-1
371,30,268.5,209.75,45.5,46.5,1,1,-1,-1
372,30,273.25,211.5,45.5,45.75,1,1,-1,-1
373,30,275.0,209.25,45.75,46.75,1,1,-1,-1
374,30,281.0,207.5,45.5,45.75,1,1,-1,-1
375,30,290.25,206.5,45.5,46.25,1,1,-1,-1
376,30,298.75,204.5,45.25,45.5,1,1,-1,-1
377,30,305.75,202.75,45.25,45.25,1,1,-1,-1
378,30,311.5,201.5,45.25,45.25,1,1,-1,-1
379,30,318.0,197.75,45.5,45.25,1,1,-1,-1
380,30,323.0,197.25,45.25,45.25,1,1,-1,-1
381,30,328.75,194.0,45.25,45.0,1,1,-1,-1
382,30,334.0,191.5,45.25,45.5,1,1,-1,-1
383,30,338.5,187.25,45.25,46.25,1,1,-1,-1
384,30,344.0,183.75,45.25,45.25,1,1,-1,-1
385,30,349.75,181.25,45.75,45.5,1,1,-1,-1
386,30,355.75,176.75,45.5,45.25,1,1,-1,-1
387,30,361.75,171.0,45.5,45.25,1,1,-1,-1
388,30,367.75,165.5,45.0,45.25,1,1,-1,-1
389,30,373.25,163.25,45.0,45.25,1,1,-1,-1
390,30,378.25,157.0,45.0,47.0,1,1,-1,-1
391,30,382.5,156.5,45.0,46.25,1,1,-1,-1
392,30,384.75,154.0,45.25,45.5,1,1,-1,-1
393,30,387.0,152.0,45.0,45.5,1,1,-1,-1
394,30,386.5,151.0,45.0,45.25,1,1,-1,-1
395,30,387.25,149.75,45.25,45.5,1,1,-1,-1
396,30,388.25,145.75,45.25,45.75,1,1,-1,-1
397,30,388.75,144.75,45.25,46.0,1,1,-1,-1
398,30,391.5,144.75,45.0,45.25,1,1,-1,-1
399,30,395.25,144.75,45.0,45.0,1,1,-1,-1
400,30,399.25,143.75,45.0,45.25,1,1,-1,-1
401,30,404.25,140.5,45.0,45.25,1,1,-1,-1
402,30,413.0,136.0,45.5,45.5,1,1,-1,-1
403,30,408.5,134.0,45.0,45.25,1,1,-1,-1
404,30,410.5,134.75,45.25,45.25,1,1,-1,-1
405,30,411.0,134.5,45.0,45.25,1,1,-1,-1
406,30,412.25,133.25,45.0,45.25,1,1,-1,-1
407,30,412.75,130.25,45.25,45.5,1,1,-1,-1
408,30,411.75,127.5,45.25,45.5,1,1,-1,-1
409,30,410.5,123.5,45.0,45.25,1,1,-1,-1
410,30,410.25,119.25,45.0,45.25,1,1,-1,-1
411,30,409.0,115.5,45.25,45.25,1,1,-1,-1
412,30,409.25,108.25,45.25,45.5,1,1,-1,-1
413,30,417.5,104.5,45.0,45.0,1,1,-1,-1
414,30,417.5,103.5,45.0,45.0,1,1,-1,-1
415,30,418.75,98.25,45.25,45.5,1,1,-1,-1
416,30,420.909,97.504,45.25,45.5,1,1,-1,-1
417,30,425.168,95.647,45.25,45.5,1,1,-1,-1
418,30,429.428,93.789,45.25,45.5,1,1,-1,-1
419,30,437.0,83.25,45.25,46.0,1,1,-1,-1
420,30,444.0,79.0,45.0,45.5,1,1,-1,-1
421,30,451.5,76.5,45.25,45.75,1,1,-1,-1
422,30,453.5,73.75,45.25,45.25,1,1,-1,-1
423,30,453.5,71.5,45.0,45.5,1,1,-1,-1
424,30,455.25,69.0,45.25,45.5,1,1,-1,-1
425,30,456.25,64.75,45.5,45.75,1,1,-1,-1
426,30,461.75,57.75,45.5,46.25,1,1,-1,-1
427,30,466.75,52.25,45.5,46.0,1,1,-1,-1
428,30,469.5,49.75,45.25,45.75,1,1,-1,-1
429,30,472.25,46.25,45.5,45.5,1,1,-1,-1
430,30,472.0,45.25,45.5,45.75,1,1,-1,-1
431,30,472.75,45.25,45.5,45.5,1,1,-1,-1
432,30,473.0,45.25,45.5,45.75,1,1,-1,-1
433,30,473.0,45.25,45.5,45.5,1,1,-1,-1
434,30,473.0,44.75,45.5,45.5,1,1,-1,-1
435,30,472.25,45.5,45.5,45.75,1,1,-1,-1
436,30,472.0,45.0,45.5,45.75,1,1,-1,-1
437,30,472.25,44.75,45.5,45.75,1,1,-1,-1
438,30,471.25,45.25,45.5,45.5,1,1,-1,-1
439,30,468.25,48.0,45.25,45.5,1,1,-1,-1
440,30,466.0,46.75,45.25,45.5,1,1,-1,-1
441,30,465.25,47.5,45.75,46.5,1,1,-1,-1
442,30,465.25,48.25,45.25,45.5,1,1,-1,-1
443,30,466.25,47.75,45.25,45.75,1,1,-1,-1
444,30,466.25,45.75,45.5,45.75,1,1,-1,-1
445,30,468.0,44.25,45.5,45.5,1,1,-1,-1
446,30,473.5,42.25,45.75,45.75,1,1,-1,-1
447,30,475.75,44.0,45.75,45.5,1,1,-1,-1
448,30,475.25,44.75,45.75,45.5,1,1,-1,-1
449,30,469.0,38.25,45.5,45.25,1,1,-1,-1
450,30,468.75,36.5,45.75,46.75,1,1,-1,-1
451,30,473.5,40.25,45.5,45.5,1,1,-1,-1
452,30,472.5,38.75,45.5,45.5,1,1,-1,-1
453,30,472.75,35.5,45.5,45.5,1,1,-1,-1
454,30,474.5,32.0,46.25,47.5,1,1,-1,-1
455,30,474.75,32.25,45.25,45.75,1,1,-1,-1
456,30,474.75,30.75,45.25,45.25,1,1,-1,-1
457,30,474.75,30.5,45.25,45.5,1,1,-1,-1
458,30,474.75,29.0,45.25,45.5,1,1,-1,-1
459,30,474.25,28.75,45.25,45.5,1,1,-1,-1
460,30,473.0,29.75,45.25,45.5,1,1,-1,-1
461,30,474.25,29.0,45.25,45.5,1,1,-1,-1
462,30,473.25,29.0,45.0,45.25,1,1,-1,-1
463,30,474.5,29.0,45.0,45.25,1,1,-1,-1
464,30,473.5,28.0,45.0,45.5,1,1,-1,-1
465,30,475.0,29.75,45.0,45.25,1,1,-1,-1
466,30,475.5,31.5,45.0,45.0,1,1,-1,-1
467,30,476.5,28.75,45.0,45.25,1,1,-1,-1
468,30,477.5,30.5,45.0,45.5,1,1,-1,-1
469,30,475.5,29.5,45.0,45.0,1,1,-1,-1
470,30,477.5,33.5,45.0,45.0,1,1,-1,-1
471,30,477.5,38.5,45.0,45.0,1,1,-1,-1
472,30,478.5,38.5,45.0,45.0,1,1,-1,-1
473,30,482.5,37.5,45.0,45.0,1,1,-1,-1
474,30,479.25,36.5,45.5,45.5,1,1,-1,-1
475,30,477.75,35.5,45.5,45.25,1,1,-1,-1
476,30,483.5,38.5,45.0,45.0,1,1,-1,-1
477,30,484.5,38.5,45.0,45.0,1,1,-1,-1
478,30,482.5,38.25,45.5,46.5,1,1,-1,-1
479,30,482.897,37.015,45.5,46.5,1,1,-1,-1
480,30,485.5,39.5,45.0,45.0,1,1,-1,-1
481,30,485.5,39.5,45.0,45.0,1,1,-1,-1
482,30,485.5,39.5,45.0,45.0,1,1,-1,-1
483,30,485.5,39.5,45.0,45.0,1,1,-1,-1
484,30,485.5,39.5,45.0,45.0,1,1,-1,-1
485,30,485.5,39.5,45.0,45.0,1,1,-1,-1
486,30,488.5,45.5,45.0,45.0,1,1,-1,-1
487,30,488.5,45.5,45.0,45.0,1,1,-1,-1
488,30,488.5,45.5,45.0,45.0,1,1,-1,-1
489,30,484.0,39.5,46.5,48.25,1,1,-1,-1
490,30,484.75,40.5,46.0,47.25,1,1,-1,-1
491,30,485.0,39.25,47.0,48.5,1,1,-1,-1
492,30,485.75,40.25,45.75,47.0,1,1,-1,-1
493,30,485.5,41.5,45.75,46.5,1,1,-1,-1
494,30,487.0,43.0,45.75,46.25,1,1,-1,-1
495,30,488.5,49.5,45.0,45.0,1,1,-1,-1
496,30,488.5,49.5,45.0,45.0,1,1,-1,-1
497,30,488.5,49.5,45.0,45.0,1,1,-1,-1
498,30,488.5,49.5,45.0,45.0,1,1,-1,-1
499,30,492.5,55.5,45.0,45.0,1,1,-1,-1
500,30,492.5,55.5,45.0,45.0,1,1,-1,-1
1,31,606.5,106.25,45.0,45.0,1,1,-1,-1
2,31,605.75,106.0,44.75,45.0,1,1,-1,-1
3,31,605.5,106.0,44.75,45.25,1,1,-1,-1
4,31,605.5,107.0,45.0,45.0,1,1,-1,-1
5,31,604.75,106.75,44.75,45.0,1,1,-1,-1
6,31,606.0,107.0,44.75,45.0,1,1,-1,-1
7,31,605.25,107.75,45.0,45.25,1,1,-1,-1
8,31,605.381,108.087,45.0,45.25,1,1,-1,-1
9,31,606.5,108.5,45.0,45.0,1,1,-1,-1
10,31,606.5,108.5,45.0,45.0,1,1,-1,-1
11,31,605.5,107.5,45.0,45.0,1,1,-1,-1
12,31,605.5,107.5,45.0,45.0,1,1,-1,-1
13,31,601.5,106.5,45.0,45.0,1,1,-1,-1
14,31,601.5,106.5,45.0,45.0,1,1,-1,-1
15,31,601.5,106.5,45.0,45.0,1,1,-1,-1
16,31,601.0,108.25,45.25,45.0,1,1,-1,-1
17,31,600.0,107.0,45.25,45.0,1,1,-1,-1
18,31,600.25,106.5,45.5,45.5,1,1,-1,-1
19,31,599.75,106.5,45.25,45.5,1,1,-1,-1
20,31,599.0,105.25,45.25,45.0,1,1,-1,-1
21,31,598.75,105.75,45.25,45.0,1,1,-1,-1
22,31,598.487,105.573,45.25,45.0,1,1,-1,-1
23,31,597.25,104.5,46.5,44.25,1,1,-1,-1
24,31,601.75,108.0,46.5,44.25,1,1,-1,-1
25,31,598.75,106.5,45.25,45.0,1,1,-1,-1
26,31,602.5,107.5,45.0,45.0,1,1,-1,-1
27,31,602.5,107.5,45.0,45.0,1,1,-1,-1
28,31,602.5,107.5,45.0,45.0,1,1,-1,-1
29,31,602.5,107.5,45.0,45.0,1,1,-1,-1
30,31,602.5,107.5,45.0,45.0,1,1,-1,-1
31,31,602.5,107.5,45.0,45.0,1,1,-1,-1
32,31,602.5,107.5,45.0,45.0,1,1,-1,-1
33,31,597.5,111.5,45.0,45.0,1,1,-1,-1
34,31,597.5,114.5,45.0,45.0,1,1,-1,-1
35,31,597.5,114.5,45.0,45.0,1,1,-1,-1
36,31,597.5,114.5,45.0,45.0,1,1,-1,-1
37,31,597.5,114.5,45.0,45.0,1,1,-1,-1
38,31,595.5,120.5,45.0,45.0,1,1,-1,-1
39,31,598.5,127.5,45.0,45.0,1,1,-1,-1
40,31,598.5,127.5,45.0,45.0,1,1,-1,-1
41,31,598.0,137.25,45.0,45.25,1,1,-1,-1
42,31,599.25,141.25,45.0,45.0,1,1,-1,-1
43,31,601.0,146.0,45.25,45.0,1,1,-1,-1
44,31,605.5,153.25,45.25,45.0,1,1,-1,-1
45,31,610.25,159.75,45.25,45.0,1,1,-1,-1
46,31,617.0,169.25,45.5,46.0,1,1,-1,-1
47,31,624.5,179.5,45.5,45.0,1,1,-1,-1
48,31,632.5,188.75,45.5,45.5,1,1,-1,-1
49,31,637.75,196.0,45.25,45.0,1,1,-1,-1
50,31,637.5,194.75,45.0,45.0,1,1,-1,-1
51,31,639.0,196.0,45.25,45.0,1,1,-1,-1
52,31,639.0,197.0,45.25,45.0,1,1,-1,-1
53,31,637.5,198.5,45.25,45.0,1,1,-1,-1
54,31,636.5,197.5,45.25,45.0,1,1,-1,-1
55,31,637.0,197.25,45.25,45.25,1,1,-1,-1
56,31,636.5,196.75,45.25,45.25,1,1,-1,-1
57,31,635.25,197.25,45.25,45.0,1,1,-1,-1
58,31,635.0,197.25,45.25,45.25,1,1,-1,-1
59,31,635.25,197.5,45.5,45.25,1,1,-1,-1
60,31,635.75,197.5,45.25,45.0,1,1,-1,-1
61,31,636.0,198.0,45.25,45.25,1,1,-1,-1
62,31,636.0,198.75,45.25,45.0,1,1,-1,-1
63,31,637.0,199.0,45.25,45.0,1,1,-1,-1
64,31,638.5,200.0,45.25,45.0,1,1,-1,-1
65,31,640.0,201.25,45.5,45.75,1,1,-1,-1
66,31,640.5,201.0,45.25,45.0,1,1,-1,-1
67,31,641.75,200.25,45.25,45.25,1,1,-1,-1
68,31,641.5,201.0,45.5,45.0,1,1,-1,-1
69,31,641.5,202.0,45.25,45.25,1,1,-1,-1
70,31,641.75,202.25,45.25,45.0,1,1,-1,-1
71,31,641.5,201.75,45.25,45.0,1,1,-1,-1
72,31,641.25,200.75,45.25,45.0,1,1,-1,-1
73,31,641.25,200.75,45.5,45.0,1,1,-1,-1
74,31,641.75,201.75,45.25,45.25,1,1,-1,-1
75,31,641.75,202.75,45.25,45.25,1,1,-1,-1
76,31,641.25,200.75,45.25,45.25,1,1,-1,-1
77,31,639.5,199.0,45.25,44.75,1,1,-1,-1
78,31,643.75,203.25,45.25,45.25,1,1,-1,-1
79,31,644.25,204.5,45.25,45.0,1,1,-1,-1
80,31,644.25,205.25,45.25,45.0,1,1,-1,-1
81,31,644.25,206.0,45.5,45.25,1,1,-1,-1
82,31,644.5,206.0,45.25,45.0,1,1,-1,-1
83,31,644.5,205.5,45.5,45.0,1,1,-1,-1
84,31,645.25,206.0,45.25,45.25,1,1,-1,-1
85,31,646.0,206.25,45.25,45.0,1,1,-1,-1
86,31,647.75,207.5,45.25,45.0,1,1,-1,-1
87,31,647.5,207.25,45.25,45.25,1,1,-1,-1
88,31,648.25,208.0,45.25,45.25,1,1,-1,-1
89,31,648.5,208.75,45.25,45.0,1,1,-1,-1
90,31,648.25,208.25,45.25,45.25,1,1,-1,-1
91,31,648.75,208.75,45.25,45.25,1,1,-1,-1
92,31,649.0,210.25,45.5,45.25,1,1,-1,-1
93,31,648.75,209.5,45.25,45.25,1,1,-1,-1
94,31,649.0,210.25,45.25,45.25,1,1,-1,-1
95,31,649.5,210.5,45.25,45.25,1,1,-1,-1
96,31,649.25,210.0,45.5,45.25,1,1,-1,-1
97,31,650.0,210.25,45.25,45.25,1,1,-1,-1
98,31,649.5,211.0,45.25,45.25,1,1,-1,-1
99,31,649.75,210.5,45.25,45.5,1,1,-1,-1
100,31,650.0,211.0,45.25,45.25,1,1,-1,-1
101,31,649.75,211.5,45.25,45.25,1,1,-1,-1
102,31,649.75,210.25,45.5,45.25,1,1,-1,-1
103,31,649.75,209.75,45.5,45.25,1,1,-1,-1
104,31,649.5,210.5,45.25,45.25,1,1,-1,-1
105,31,649.75,210.75,45.0,45.0,1,1,-1,-1
106,31,649.25,211.75,45.0,45.0,1,1,-1,-1
107,31,649.5,212.0,45.0,45.25,1,1,-1,-1
108,31,648.75,212.0,45.25,45.0,1,1,-1,-1
109,31,650.5,211.75,45.25,45.0,1,1,-1,-1
110,31,650.5,212.0,45.25,45.25,1,1,-1,-1
111,31,650.5,209.25,44.75,44.75,1,1,-1,-1
112,31,650.353,207.926,44.75,44.75,1,1,-1,-1
113,31,650.355,206.438,44.75,44.75,1,1,-1,-1
114,31,650.357,204.951,44.75,44.75,1,1,-1,-1
115,31,650.359,203.464,44.75,44.75,1,1,-1,-1
116,31,650.361,201.977,44.75,44.75,1,1,-1,-1
117,31,650.363,200.49,44.75,44.75,1,1,-1,-1
118,31,640.5,209.5,47.25,46.75,1,1,-1,-1
119,31,644.0,210.75,47.75,47.0,1,1,-1,-1
120,31,642.25,210.25,47.0,46.5,1,1,-1,-1
121,31,643.0,209.5,46.25,46.0,1,1,-1,-1
122,31,643.5,210.0,46.25,45.75,1,1,-1,-1
123,31,642.75,210.0,47.25,46.5,1,1,-1,-1
124,31,642.0,211.25,46.5,46.0,1,1,-1,-1
125,31,646.5,204.0,45.25,45.25,1,1,-1,-1
126,31,650.5,210.5,45.0,45.0,1,1,-1,-1
127,31,650.5,210.5,45.0,45.0,1,1,-1,-1
128,31,650.5,210.5,45.0,45.0,1,1,-1,-1
129,31,650.5,210.5,45.0,45.0,1,1,-1,-1
130,31,650.5,210.5,45.0,45.0,1,1,-1,-1
131,31,650.5,210.5,45.0,45.0,1,1,-1,-1
132,31,650.5,210.5,45.0,45.0,1,1,-1,-1
133,31,649.5,212.25,45.25,45.0,1,1,-1,-1
134,31,648.0,215.0,45.25,45.0,1,1,-1,-1
135,31,648.25,219.25,45.25,45.0,1,1,-1,-1
136,31,647.75,225.25,45.25,45.0,1,1,-1,-1
137,31,647.5,231.5,45.0,45.0,1,1,-1,-1
138,31,646.0,239.75,45.0,45.0,1,1,-1,-1
139,31,644.75,248.75,45.25,45.0,1,1,-1,-1
140,31,646.25,258.0,44.75,45.0,1,1,-1,-1
141,31,644.5,268.0,45.0,44.75,1,1,-1,-1
142,31,643.5,276.75,45.25,45.0,1,1,-1,-1
143,31,643.25,286.5,45.25,45.0,1,1,-1,-1
144,31,640.25,296.75,45.5,45.25,1,1,-1,-1
145,31,636.25,307.75,45.25,45.0,1,1,-1,-1
146,31,631.0,313.75,45.5,45.0,1,1,-1,-1
147,31,626.25,319.25,45.5,45.25,1,1,-1,-1
148,31,621.0,327.5,45.25,45.25,1,1,-1,-1
149,31,618.25,332.75,45.25,45.25,1,1,-1,-1
150,31,614.25,335.75,45.0,45.25,1,1,-1,-1
151,31,610.0,337.0,45.0,45.0,1,1,-1,-1
152,31,606.75,338.5,45.0,45.0,1,1,-1,-1
153,31,604.5,337.0,45.0,45.0,1,1,-1,-1
154,31,599.0,334.25,45.0,45.0,1,1,-1,-1
155,31,595.0,333.25,45.25,45.25,1,1,-1,-1
156,31,591.0,331.5,45.0,45.0,1,1,-1,-1
157,31,588.75,331.5,45.0,45.25,1,1,-1,-1
158,31,583.5,331.75,45.0,45.0,1,1,-1,-1
159,31,576.25,333.0,45.0,45.0,1,1,-1,-1
160,31,568.5,333.75,45.0,45.0,1,1,-1,-1
161,31,561.75,337.25,45.25,45.25,1,1,-1,-1
162,31,553.25,343.0,45.0,45.25,1,1,-1,-1
163,31,552.5,347.0,45.25,45.25,1,1,-1,-1
164,31,550.25,353.25,45.25,45.5,1,1,-1,-1
165,31,547.0,362.75,45.0,45.5,1,1,-1,-1
166,31,549.0,367.75,45.25,46.25,1,1,-1,-1
167,31,551.0,376.0,45.25,45.25,1,1,-1,-1
168,31,554.75,387.0,45.25,46.0,1,1,-1,-1
169,31,558.25,393.5,45.0,45.25,1,1,-1,-1
170,31,563.0,400.0,45.0,45.5,1,1,-1,-1
171,31,571.0,407.5,44.75,45.25,1,1,-1,-1
172,31,571.0,407.75,45.0,45.25,1,1,-1,-1
173,31,573.75,415.25,45.25,45.5,1,1,-1,-1
174,31,574.0,416.25,45.25,45.5,1,1,-1,-1
175,31,574.5,416.75,45.0,45.5,1,1,-1,-1
176,31,574.0,416.5,45.0,45.5,1,1,-1,-1
177,31,572.5,415.5,45.25,45.25,1,1,-1,-1
178,31,569.5,414.5,45.0,45.25,1,1,-1,-1
179,31,565.5,415.5,45.25,45.5,1,1,-1,-1
180,31,560.75,417.5,45.25,45.25,1,1,-1,-1
181,31,556.5,420.0,45.0,45.75,1,1,-1,-1
182,31,550.25,423.0,45.25,46.5,1,1,-1,-1
183,31,544.25,427.25,45.25,46.0,1,1,-1,-1
184,31,539.25,431.75,45.0,45.75,1,1,-1,-1
185,31,537.0,436.25,45.25,45.5,1,1,-1,-1
186,31,535.75,440.0,45.0,45.25,1,1,-1,-1
187,31,536.25,441.5,44.75,45.25,1,1,-1,-1
188,31,536.0,443.25,45.0,45.0,1,1,-1,-1
189,31,534.0,447.75,45.0,45.5,1,1,-1,-1
190,31,534.0,447.75,45.0,45.25,1,1,-1,-1
191,31,535.5,446.0,44.75,45.25,1,1,-1,-1
192,31,537.75,444.75,44.75,45.25,1,1,-1,-1
193,31,537.5,443.25,45.0,45.25,1,1,-1,-1
194,31,538.0,442.75,45.0,45.25,1,1,-1,-1
195,31,538.75,442.5,44.75,45.25,1,1,-1,-1
196,31,539.75,443.0,44.75,45.0,1,1,-1,-1
197,31,539.0,441.0,44.75,45.25,1,1,-1,-1
198,31,538.25,440.25,44.75,45.0,1,1,-1,-1
199,31,538.0,440.25,44.75,45.25,1,1,-1,-1
200,31,538.25,438.5,44.75,45.25,1,1,-1,-1
201,31,538.0,439.25,45.0,45.25,1,1,-1,-1
202,31,537.25,440.0,44.75,45.0,1,1,-1,-1
203,31,537.75,440.0,44.75,45.25,1,1,-1,-1
204,31,537.25,440.0,44.75,45.0,1,1,-1,-1
205,31,537.0,438.25,44.75,45.0,1,1,-1,-1
206,31,532.5,437.0,45.0,45.25,1,1,-1,-1
207,31,532.5,436.25,45.25,45.25,1,1,-1,-1
208,31,531.75,436.5,45.25,45.25,1,1,-1,-1
209,31,533.25,436.0,45.25,45.25,1,1,-1,-1
210,31,531.75,436.75,45.25,45.0,1,1,-1,-1
211,31,531.0,435.75,45.25,45.25,1,1,-1,-1
212,31,532.25,436.75,45.0,45.25,1,1,-1,-1
213,31,531.75,436.75,45.25,45.25,1,1,-1,-1
214,31,531.5,437.5,45.25,45.25,1,1,-1,-1
215,31,529.0,437.75,45.25,45.5,1,1,-1,-1
216,31,523.0,437.0,45.25,45.5,1,1,-1,-1
217,31,522.25,439.25,45.0,45.25,1,1,-1,-1
218,31,520.0,441.0,45.25,45.25,1,1,-1,-1
219,31,519.5,443.25,45.25,45.5,1,1,-1,-1
220,31,517.5,448.5,45.25,45.75,1,1,-1,-1
221,31,514.5,451.75,45.5,45.5,1,1,-1,-1
222,31,511.25,453.75,45.25,45.25,1,1,-1,-1
223,31,509.75,455.75,45.5,47.5,1,1,-1,-1
224,31,507.0,458.0,45.5,48.0,1,1,-1,-1
225,31,503.5,460.5,45.5,45.5,1,1,-1,-1
226,31,503.5,463.5,45.25,45.5,1,1,-1,-1
227,31,500.75,464.75,45.5,45.75,1,1,-1,-1
228,31,496.75,465.5,45.5,45.25,1,1,-1,-1
229,31,494.25,466.5,45.25,45.5,1,1,-1,-1
230,31,489.0,468.5,45.25,45.25,1,1,-1,-1
231,31,485.0,469.5,45.0,45.25,1,1,-1,-1
232,31,476.75,470.25,45.25,45.25,1,1,-1,-1
233,31,468.75,472.0,45.0,45.0,1,1,-1,-1
234,31,462.0,474.25,45.25,45.25,1,1,-1,-1
235,31,454.75,474.75,45.25,45.25,1,1,-1,-1
236,31,447.75,473.75,45.0,45.25,1,1,-1,-1
237,31,441.5,474.5,45.0,45.0,1,1,-1,-1
238,31,433.0,474.25,45.0,45.25,1,1,-1,-1
239,31,424.0,471.0,45.25,45.25,1,1,-1,-1
240,31,416.5,471.5,45.25,45.25,1,1,-1,-1
241,31,410.75,474.25,45.0,45.0,1,1,-1,-1
242,31,405.0,473.75,44.75,45.0,1,1,-1,-1
243,31,397.75,475.25,44.75,45.0,1,1,-1,-1
244,31,389.75,477.0,44.75,44.75,1,1,-1,-1
245,31,384.25,475.75,44.75,45.0,1,1,-1,-1
246,31,383.25,473.75,45.0,45.0,1,1,-1,-1
247,31,380.75,471.5,45.0,45.25,1,1,-1,-1
248,31,376.0,468.5,45.25,46.25,1,1,-1,-1
249,31,371.75,469.0,45.0,45.75,1,1,-1,-1
250,31,367.25,468.0,45.0,45.25,1,1,-1,-1
251,31,360.75,466.0,45.25,45.25,1,1,-1,-1
252,31,357.25,464.75,45.0,45.25,1,1,-1,-1
253,31,350.25,462.5,45.25,45.25,1,1,-1,-1
254,31,345.5,461.0,45.25,45.25,1,1,-1,-1
255,31,339.25,459.5,45.25,45.25,1,1,-1,-1
256,31,337.75,460.75,45.25,45.25,1,1,-1,-1
257,31,338.5,461.0,45.25,45.5,1,1,-1,-1
258,31,337.5,460.75,45.25,45.5,1,1,-1,-1
259,31,336.25,460.25,45.25,45.25,1,1,-1,-1
260,31,334.5,462.75,45.25,45.25,1,1,-1,-1
261,31,332.25,462.5,45.25,45.25,1,1,-1,-1
262,31,332.5,462.25,45.25,45.5,1,1,-1,-1
263,31,334.0,462.25,45.0,45.25,1,1,-1,-1
264,31,336.75,463.75,45.0,45.25,1,1,-1,-1
265,31,336.0,461.5,45.0,45.0,1,1,-1,-1
266,31,336.0,461.5,45.0,45.0,1,1,-1,-1
267,31,339.5,464.5,45.25,45.25,1,1,-1,-1
268,31,340.0,464.0,45.0,45.5,1,1,-1,-1
269,31,340.5,463.5,45.0,45.5,1,1,-1,-1
270,31,340.5,463.5,45.0,45.25,1,1,-1,-1
271,31,339.25,463.5,45.0,45.25,1,1,-1,-1
272,31,340.25,462.25,45.0,45.25,1,1,-1,-1
273,31,338.5,460.25,45.25,45.5,1,1,-1,-1
274,31,335.0,459.0,45.25,45.25,1,1,-1,-1
275,31,333.0,457.0,45.0,45.5,1,1,-1,-1
276,31,330.5,454.75,45.0,45.25,1,1,-1,-1
277,31,329.5,454.5,45.0,45.25,1,1,-1,-1
278,31,326.5,455.0,45.0,45.25,1,1,-1,-1
279,31,323.0,456.75,45.0,45.25,1,1,-1,-1
280,31,319.5,455.5,45.0,45.25,1,1,-1,-1
281,31,314.0,451.25,45.0,45.75,1,1,-1,-1
282,31,312.25,449.25,45.0,45.25,1,1,-1,-1
283,31,309.5,450.5,45.0,45.25,1,1,-1,-1
284,31,306.25,446.5,45.0,46.0,1,1,-1,-1
285,31,303.5,444.0,44.75,45.25,1,1,-1,-1
286,31,298.75,442.25,45.0,45.25,1,1,-1,-1
287,31,293.75,435.5,45.25,46.25,1,1,-1,-1
288,31,287.5,431.75,45.25,46.5,1,1,-1,-1
289,31,281.0,426.0,45.5,46.75,1,1,-1,-1
290,31,276.5,423.0,45.5,46.0,1,1,-1,-1
291,31,272.75,422.25,45.25,45.75,1,1,-1,-1
292,31,269.75,420.0,45.5,45.75,1,1,-1,-1
293,31,266.75,417.75,45.25,45.5,1,1,-1,-1
294,31,261.25,416.25,45.0,45.5,1,1,-1,-1
295,31,257.0,414.5,45.25,45.5,1,1,-1,-1
296,31,254.0,413.5,45.25,46.5,1,1,-1,-1
297,31,255.25,412.5,45.0,45.25,1,1,-1,-1
298,31,253.0,412.5,45.25,45.5,1,1,-1,-1
299,31,250.75,410.25,45.25,45.25,1,1,-1,-1
300,31,249.25,406.0,45.25,45.5,1,1,-1,-1
301,31,250.5,403.5,45.0,45.75,1,1,-1,-1
302,31,248.75,398.0,45.25,47.25,1,1,-1,-1
303,31,249.25,394.25,45.0,46.0,1,1,-1,-1
304,31,246.5,388.0,45.0,45.5,1,1,-1,-1
305,31,243.5,381.75,45.0,45.25,1,1,-1,-1
306,31,239.5,372.25,45.0,45.5,1,1,-1,-1
307,31,236.189,364.297,45.0,45.5,1,1,-1,-1
308,31,228.75,357.75,45.0,47.5,1,1,-1,-1
309,31,223.0,353.75,45.25,47.75,1,1,-1,-1
310,31,219.25,350.25,45.25,47.5,1,1,-1,-1
311,31,215.25,346.75,45.0,47.0,1,1,-1,-1
312,31,212.0,344.5,44.75,46.0,1,1,-1,-1
313,31,209.0,341.0,44.75,45.5,1,1,-1,-1
314,31,207.75,337.0,44.75,45.5,1,1,-1,-1
315,31,207.75,333.0,44.75,45.5,1,1,-1,-1
316,31,207.5,332.5,45.0,45.5,1,1,-1,-1
317,31,207.0,331.5,45.0,45.5,1,1,-1,-1
318,31,205.75,333.0,45.0,46.0,1,1,-1,-1
319,31,204.75,332.75,44.75,45.5,1,1,-1,-1
320,31,203.75,331.5,44.75,45.5,1,1,-1,-1
321,31,202.75,331.5,44.75,45.5,1,1,-1,-1
322,31,203.25,330.75,45.0,45.5,1,1,-1,-1
323,31,205.75,327.25,45.0,47.0,1,1,-1,-1
324,31,207.0,327.5,45.25,46.5,1,1,-1,-1
325,31,207.0,328.0,45.25,47.25,1,1,-1,-1
326,31,207.5,324.75,45.25,47.25,1,1,-1,-1
327,31,207.5,326.25,45.25,47.0,1,1,-1,-1
328,31,207.25,326.75,45.25,47.25,1,1,-1,-1
329,31,207.25,328.25,45.25,46.25,1,1,-1,-1
330,31,207.0,326.75,45.25,47.75,1,1,-1,-1
331,31,207.5,326.75,45.25,47.5,1,1,-1,-1
332,31,207.0,327.75,45.25,48.0,1,1,-1,-1
333,31,207.25,328.5,45.25,46.75,1,1,-1,-1
334,31,207.338,329.136,45.25,46.75,1,1,-1,-1
335,31,207.408,329.797,45.25,46.75,1,1,-1,-1
336,31,207.477,330.457,45.25,46.75,1,1,-1,-1
337,31,207.546,331.117,45.25,46.75,1,1,-1,-1
338,31,207.616,331.777,45.25,46.75,1,1,-1,-1
339,31,210.25,324.25,45.0,45.5,1,1,-1,-1
340,31,209.0,323.5,44.75,45.5,1,1,-1,-1
341,31,209.645,320.804,44.75,45.5,1,1,-1,-1
342,31,208.5,321.0,45.25,45.5,1,1,-1,-1
343,31,206.5,321.0,45.25,45.25,1,1,-1,-1
344,31,203.75,317.5,45.5,45.25,1,1,-1,-1
345,31,202.5,315.5,45.25,45.25,1,1,-1,-1
346,31,202.25,314.5,45.5,45.5,1,1,-1,-1
347,31,202.5,314.25,45.25,45.5,1,1,-1,-1
348,31,202.75,313.0,45.25,45.5,1,1,-1,-1
349,31,203.75,311.75,45.25,45.25,1,1,-1,-1
350,31,205.5,309.25,45.25,45.5,1,1,-1,-1
351,31,205.5,302.25,45.25,45.25,1,1,-1,-1
352,31,204.75,294.5,45.5,45.5,1,1,-1,-1
353,31,204.75,285.5,45.25,45.5,1,1,-1,-1
354,31,203.75,279.0,45.25,45.5,1,1,-1,-1
355,31,202.5,271.0,45.25,46.25,1,1,-1,-1
356,31,199.25,268.0,45.0,45.5,1,1,-1,-1
357,31,195.75,263.5,45.25,46.75,1,1,-1,-1
358,31,194.0,260.5,45.25,47.0,1,1,-1,-1
359,31,190.5,264.5,45.0,45.0,1,1,-1,-1
360,31,190.5,264.5,45.0,45.0,1,1,-1,-1
361,31,190.5,264.5,45.0,45.0,1,1,-1,-1
362,31,190.5,264.5,45.0,45.0,1,1,-1,-1
363,31,190.5,264.5,45.0,45.0,1,1,-1,-1
364,31,190.5,264.5,45.0,45.0,1,1,-1,-1
365,31,190.5,264.5,45.0,45.0,1,1,-1,-1
366,31,190.5,264.5,45.0,45.0,1,1,-1,-1
367,31,190.5,263.5,45.0,45.0,1,1,-1,-1
368,31,192.25,259.5,45.5,47.5,1,1,-1,-1
369,31,192.25,259.5,45.5,47.5,1,1,-1,-1
370,31,192.25,259.5,45.5,47.5,1,1,-1,-1
371,31,196.75,259.0,45.0,47.0,1,1,-1,-1
372,31,198.75,260.0,45.0,47.25,1,1,-1,-1
373,31,202.0,260.75,45.25,46.25,1,1,-1,-1
374,31,206.25,258.0,45.25,47.25,1,1,-1,-1
375,31,210.75,257.25,44.75,45.75,1,1,-1,-1
376,31,215.5,252.25,45.0,46.0,1,1,-1,-1
377,31,219.75,252.25,45.0,45.5,1,1,-1,-1
378,31,222.5,252.0,45.0,45.5,1,1,-1,-1
379,31,224.5,250.25,45.25,46.25,1,1,-1,-1
380,31,226.5,249.25,45.0,45.5,1,1,-1,-1
381,31,228.25,249.25,45.25,46.5,1,1,-1,-1
382,31,229.5,250.25,45.5,46.75,1,1,-1,-1
383,31,231.75,257.0,45.25,45.25,1,1,-1,-1
384,31,234.674,260.443,45.25,45.25,1,1,-1,-1
385,31,239.75,260.0,45.25,47.25,1,1,-1,-1
386,31,240.75,264.25,45.25,45.75,1,1,-1,-1
387,31,246.75,265.0,45.0,45.5,1,1,-1,-1
388,31,246.25,271.5,44.75,45.5,1,1,-1,-1
389,31,255.0,273.75,44.75,45.25,1,1,-1,-1
390,31,259.5,276.25,44.75,45.25,1,1,-1,-1
391,31,266.75,282.25,45.0,45.25,1,1,-1,-1
392,31,267.5,281.75,45.0,45.25,1,1,-1,-1
393,31,270.5,282.25,45.0,45.25,1,1,-1,-1
394,31,274.5,282.25,45.25,45.25,1,1,-1,-1
395,31,276.25,282.0,45.0,45.25,1,1,-1,-1
396,31,280.25,279.5,45.0,45.5,1,1,-1,-1
397,31,287.75,280.25,45.25,45.5,1,1,-1,-1
398,31,294.25,281.5,45.0,45.25,1,1,-1,-1
399,31,298.25,280.0,44.75,45.25,1,1,-1,-1
400,31,306.5,278.25,44.75,45.25,1,1,-1,-1
401,31,313.0,276.75,45.0,45.25,1,1,-1,-1
402,31,319.25,271.5,45.0,45.0,1,1,-1,-1
403,31,321.25,267.0,45.0,45.0,1,1,-1,-1
404,31,326.266,262.232,45.0,45.0,1,1,-1,-1
405,31,331.25,254.25,45.25,45.0,1,1,-1,-1
406,31,336.75,248.25,45.0,45.25,1,1,-1,-1
407,31,343.5,242.25,45.25,45.25,1,1,-1,-1
408,31,351.25,237.0,45.5,46.0,1,1,-1,-1
409,31,358.5,230.25,45.25,45.0,1,1,-1,-1
410,31,366.25,224.75,45.25,45.5,1,1,-1,-1
411,31,373.5,221.75,45.25,45.25,1,1,-1,-1
412,31,379.25,217.25,45.0,45.25,1,1,-1,-1
413,31,382.75,216.75,45.0,45.25,1,1,-1,-1
414,31,387.5,214.0,45.25,45.25,1,1,-1,-1
415,31,390.25,214.25,45.0,45.0,1,1,-1,-1
416,31,394.5,214.75,45.0,45.25,1,1,-1,-1
417,31,397.25,216.25,45.25,45.5,1,1,-1,-1
418,31,403.5,217.5,45.25,46.0,1,1,-1,-1
419,31,412.5,220.25,45.5,45.75,1,1,-1,-1
420,31,422.25,222.0,45.75,45.5,1,1,-1,-1
421,31,431.0,224.25,45.25,45.75,1,1,-1,-1
422,31,439.25,228.25,45.5,45.5,1,1,-1,-1
423,31,450.0,230.75,45.25,46.25,1,1,-1,-1
424,31,461.5,236.25,45.75,46.75,1,1,-1,-1
425,31,471.75,241.5,45.25,45.75,1,1,-1,-1
426,31,481.5,250.5,45.0,44.75,1,1,-1,-1
427,31,488.0,256.25,45.0,44.75,1,1,-1,-1
428,31,499.5,263.5,45.0,45.5,1,1,-1,-1
429,31,506.5,271.5,45.0,45.0,1,1,-1,-1
430,31,513.25,280.5,45.25,45.0,1,1,-1,-1
431,31,523.25,289.5,45.75,46.5,1,1,-1,-1
432,31,531.25,301.5,45.5,45.75,1,1,-1,-1
433,31,540.75,310.25,45.25,46.0,1,1,-1,-1
434,31,548.25,320.25,45.25,46.25,1,1,-1,-1
435,31,550.75,327.0,45.0,45.25,1,1,-1,-1
436,31,551.25,334.5,45.25,45.75,1,1,-1,-1
437,31,554.5,347.0,45.5,46.25,1,1,-1,-1
438,31,558.75,358.5,45.25,45.5,1,1,-1,-1
439,31,561.75,369.25,45.25,47.75,1,1,-1,-1
440,31,567.0,380.25,45.0,45.25,1,1,-1,-1
441,31,570.5,393.5,45.25,47.25,1,1,-1,-1
442,31,575.25,405.5,44.75,45.5,1,1,-1,-1
443,31,576.0,412.5,44.75,45.25,1,1,-1,-1
444,31,576.0,413.25,45.25,47.0,1,1,-1,-1
445,31,575.25,415.25,45.25,46.5,1,1,-1,-1
446,31,573.5,418.5,45.0,45.5,1,1,-1,-1
447,31,568.75,419.75,45.25,46.75,1,1,-1,-1
448,31,563.5,424.75,45.0,45.5,1,1,-1,-1
449,31,559.25,426.0,45.25,45.5,1,1,-1,-1
450,31,554.0,429.75,45.25,46.0,1,1,-1,-1
451,31,548.25,431.75,45.25,46.5,1,1,-1,-1
452,31,539.5,436.25,45.25,46.75,1,1,-1,-1
453,31,531.25,441.75,45.25,45.5,1,1,-1,-1
454,31,525.75,444.0,45.5,47.25,1,1,-1,-1
455,31,520.75,449.5,45.25,46.75,1,1,-1,-1
456,31,514.0,454.5,45.0,45.5,1,1,-1,-1
457,31,506.25,457.75,45.0,45.5,1,1,-1,-1
458,31,500.0,459.75,45.25,46.0,1,1,-1,-1
459,31,491.5,461.75,45.25,46.25,1,1,-1,-1
460,31,484.75,463.75,45.0,45.5,1,1,-1,-1
461,31,474.5,464.75,45.25,46.0,1,1,-1,-1
462,31,464.5,467.75,45.25,45.5,1,1,-1,-1
463,31,454.25,469.0,45.25,45.5,1,1,-1,-1
464,31,444.0,471.5,45.0,45.25,1,1,-1,-1
465,31,435.75,471.0,45.0,45.25,1,1,-1,-1
466,31,424.5,471.5,45.0,45.25,1,1,-1,-1
467,31,413.75,471.0,45.25,45.75,1,1,-1,-1
468,31,406.25,469.0,44.75,45.25,1,1,-1,-1
469,31,392.25,466.75,44.75,45.25,1,1,-1,-1
470,31,380.75,465.25,44.75,45.25,1,1,-1,-1
471,31,368.0,464.75,45.0,45.5,1,1,-1,-1
472,31,360.25,463.0,45.0,46.0,1,1,-1,-1
473,31,352.75,460.75,45.25,45.75,1,1,-1,-1
474,31,349.0,458.25,45.25,46.5,1,1,-1,-1
475,31,343.5,457.0,45.25,46.25,1,1,-1,-1
476,31,340.75,455.25,45.0,46.25,1,1,-1,-1
477,31,331.75,454.5,45.0,45.5,1,1,-1,-1
478,31,326.25,449.75,45.0,46.5,1,1,-1,-1
479,31,318.75,445.25,45.75,48.0,1,1,-1,-1
480,31,314.75,439.5,45.25,47.25,1,1,-1,-1
481,31,306.25,434.0,45.75,48.25,1,1,-1,-1
482,31,298.75,432.75,45.25,47.25,1,1,-1,-1
483,31,297.0,432.0,44.75,45.5,1,1,-1,-1
484,31,290.5,431.75,45.25,47.5,1,1,-1,-1
485,31,287.0,432.75,45.25,46.5,1,1,-1,-1
486,31,284.0,432.25,45.25,46.75,1,1,-1,-1
487,31,283.25,432.25,45.5,46.5,1,1,-1,-1
488,31,283.25,432.75,45.5,46.75,1,1,-1,-1
489,31,283.5,433.25,45.5,46.25,1,1,-1,-1
490,31,284.75,433.25,45.5,46.75,1,1,-1,-1
491,31,285.0,433.5,45.25,46.25,1,1,-1,-1
492,31,285.25,433.5,45.25,46.25,1,1,-1,-1
493,31,285.75,434.25,45.0,45.75,1,1,-1,-1
494,31,287.25,435.75,45.0,45.5,1,1,-1,-1
495,31,289.75,436.25,45.25,45.5,1,1,-1,-1
496,31,290.5,437.25,45.0,45.25,1,1,-1,-1
497,31,291.0,437.25,45.0,45.25,1,1,-1,-1
498,31,291.5,437.0,45.0,45.5,1,1,-1,-1
499,31,291.5,436.5,45.0,45.5,1,1,-1,-1
500,31,291.75,436.25,45.0,45.5,1,1,-1,-1
1,32,255.25,106.5,45.0,45.25,1,1,-1,-1
2,32,255.25,106.5,45.0,45.25,1,1,-1,-1
3,32,255.75,105.75,45.25,45.25,1,1,-1,-1
4,32,255.75,106.25,45.25,45.25,1,1,-1,-1
5,32,255.25,106.5,45.25,45.25,1,1,-1,-1
6,32,255.5,106.5,45.25,45.25,1,1,-1,-1
7,32,256.0,107.0,45.25,45.0,1,1,-1,-1
8,32,255.5,106.0,45.25,45.25,1,1,-1,-1
9,32,254.75,106.5,45.25,45.25,1,1,-1,-1
10,32,255.25,105.75,45.25,45.25,1,1,-1,-1
11,32,254.0,105.25,45.25,45.25,1,1,-1,-1
12,32,254.0,105.5,45.25,45.25,1,1,-1,-1
13,32,252.5,105.75,45.25,45.25,1,1,-1,-1
14,32,253.5,105.75,45.25,45.25,1,1,-1,-1
15,32,252.25,105.75,45.25,45.25,1,1,-1,-1
16,32,252.5,105.25,45.5,45.25,1,1,-1,-1
17,32,252.25,105.0,45.5,45.25,1,1,-1,-1
18,32,252.0,104.75,45.5,45.5,1,1,-1,-1
19,32,252.0,105.25,45.5,45.5,1,1,-1,-1
20,32,253.0,106.5,45.5,45.5,1,1,-1,-1
21,32,252.75,106.5,45.5,45.5,1,1,-1,-1
22,32,250.75,105.75,45.5,45.5,1,1,-1,-1
23,32,251.5,105.5,45.25,45.5,1,1,-1,-1
24,32,252.25,105.0,45.5,45.5,1,1,-1,-1
25,32,251.0,105.0,45.25,45.5,1,1,-1,-1
26,32,250.25,104.25,45.5,45.5,1,1,-1,-1
27,32,250.25,104.25,45.5,45.5,1,1,-1,-1
28,32,250.25,104.25,45.5,45.5,1,1,-1,-1
29,32,249.75,104.5,45.25,45.5,1,1,-1,-1
30,32,249.75,105.5,45.5,45.5,1,1,-1,-1
31,32,249.75,105.25,45.25,45.5,1,1,-1,-1
32,32,249.25,105.75,45.25,45.5,1,1,-1,-1
33,32,249.25,105.5,45.25,45.5,1,1,-1,-1
34,32,250.5,105.25,45.0,45.5,1,1,-1,-1
35,32,250.614,105.384,45.0,45.5,1,1,-1,-1
36,32,254.25,104.5,45.25,45.5,1,1,-1,-1
37,32,252.75,105.25,45.25,45.5,1,1,-1,-1
38,32,252.75,105.5,45.5,45.5,1,1,-1,-1
39,32,253.0,105.5,45.5,45.5,1,1,-1,-1
40,32,254.25,105.25,45.5,45.25,1,1,-1,-1
41,32,253.75,105.25,45.5,45.25,1,1,-1,-1
42,32,254.077,105.069,45.5,45.25,1,1,-1,-1
43,32,253.5,108.5,45.0,45.0,1,1,-1,-1
44,32,253.5,108.5,45.0,45.0,1,1,-1,-1
45,32,253.5,108.5,45.0,45.0,1,1,-1,-1
46,32,251.25,105.75,45.75,45.5,1,1,-1,-1
47,32,252.25,106.75,45.5,45.5,1,1,-1,-1
48,32,249.25,107.0,45.5,45.75,1,1,-1,-1
49,32,244.5,107.75,45.25,45.25,1,1,-1,-1
50,32,250.25,108.25,45.5,45.5,1,1,-1,-1
51,32,249.0,109.0,45.25,45.25,1,1,-1,-1
52,32,250.0,108.25,45.5,45.5,1,1,-1,-1
53,32,251.75,108.25,45.5,45.5,1,1,-1,-1
54,32,245.5,119.25,45.0,45.25,1,1,-1,-1
55,32,244.75,123.75,45.0,45.25,1,1,-1,-1
56,32,247.75,114.5,45.25,45.25,1,1,-1,-1
57,32,246.5,111.5,45.75,45.0,1,1,-1,-1
58,32,246.25,111.75,45.5,45.25,1,1,-1,-1
59,32,245.5,114.5,45.75,45.25,1,1,-1,-1
60,32,246.044,114.97,45.75,45.25,1,1,-1,-1
61,32,252.5,113.5,45.0,45.0,1,1,-1,-1
62,32,252.5,113.5,45.0,45.0,1,1,-1,-1
63,32,252.5,113.5,45.0,45.0,1,1,-1,-1
64,32,252.5,113.5,45.0,45.0,1,1,-1,-1
65,32,252.5,113.5,45.0,45.0,1,1,-1,-1
66,32,252.5,112.5,45.0,45.0,1,1,-1,-1
67,32,252.5,112.5,45.0,45.0,1,1,-1,-1
68,32,252.5,112.5,45.0,45.0,1,1,-1,-1
69,32,252.5,112.5,45.0,45.0,1,1,-1,-1
70,32,252.5,112.5,45.0,45.0,1,1,-1,-1
71,32,253.5,111.5,45.0,45.0,1,1,-1,-1
72,32,253.5,111.5,45.0,45.0,1,1,-1,-1
73,32,253.5,111.5,45.0,45.0,1,1,-1,-1
74,32,253.5,111.5,45.0,45.0,1,1,-1,-1
75,32,253.5,111.5,45.0,45.0,1,1,-1,-1
76,32,253.5,111.5,45.0,45.0,1,1,-1,-1
77,32,252.5,111.5,45.0,45.0,1,1,-1,-1
78,32,252.5,111.5,45.0,45.0,1,1,-1,-1
79,32,252.5,111.5,45.0,45.0,1,1,-1,-1
80,32,252.5,111.5,45.0,45.0,1,1,-1,-1
81,32,252.5,111.5,45.0,45.0,1,1,-1,-1
82,32,252.5,111.5,45.0,45.0,1,1,-1,-1
83,32,252.5,111.5,45.0,45.0,1,1,-1,-1
84,32,252.5,111.5,45.0,45.0,1,1,-1,-1
85,32,252.5,111.5,45.0,45.0,1,1,-1,-1
86,32,252.5,111.5,45.0,45.0,1,1,-1,-1
87,32,252.5,111.5,45.0,45.0,1,1,-1,-1
88,32,252.5,111.5,45.0,45.0,1,1,-1,-1
89,32,252.5,111.5,45.0,45.0,1,1,-1,-1
90,32,252.5,111.5,45.0,45.0,1,1,-1,-1
91,32,252.5,111.5,45.0,45.0,1,1,-1,-1
92,32,252.5,111.5,45.0,45.0,1,1,-1,-1
93,32,252.5,111.5,45.0,45.0,1,1,-1,-1
94,32,252.5,111.5,45.0,45.0,1,1,-1,-1
95,32,252.5,111.5,45.0,45.0,1,1,-1,-1
96,32,252.5,111.5,45.0,45.0,1,1,-1,-1
97,32,252.5,111.5,45.0,45.0,1,1,-1,-1
98,32,252.5,111.5,45.0,45.0,1,1,-1,-1
99,32,252.5,111.5,45.0,45.0,1,1,-1,-1
100,32,252.5,111.5,45.0,45.0,1,1,-1,-1
101,32,252.5,111.5,45.0,45.0,1,1,-1,-1
102,32,252.5,111.5,45.0,45.0,1,1,-1,-1
103,32,252.5,111.5,45.0,45.0,1,1,-1,-1
104,32,252.5,111.5,45.0,45.0,1,1,-1,-1
105,32,252.5,111.5,45.0,45.0,1,1,-1,-1
106,32,252.5,111.5,45.0,45.0,1,1,-1,-1
107,32,252.5,111.5,45.0,45.0,1,1,-1,-1
108,32,252.5,111.5,45.0,45.0,1,1,-1,-1
109,32,252.5,111.5,45.0,45.0,1,1,-1,-1
110,32,252.5,111.5,45.0,45.0,1,1,-1,-1
111,32,252.5,111.5,45.0,45.0,1,1,-1,-1
112,32,252.5,111.5,45.0,45.0,1,1,-1,-1
113,32,252.5,111.5,45.0,45.0,1,1,-1,-1
114,32,252.5,111.5,45.0,45.0,1,1,-1,-1
115,32,252.5,111.5,45.0,45.0,1,1,-1,-1
116,32,252.5,111.5,45.0,45.0,1,1,-1,-1
117,32,252.5,111.5,45.0,45.0,1,1,-1,-1
118,32,252.5,111.5,45.0,45.0,1,1,-1,-1
119,32,252.5,111.5,45.0,45.0,1,1,-1,-1
120,32,252.5,111.5,45.0,45.0,1,1,-1,-1
121,32,252.5,111.5,45.0,45.0,1,1,-1,-1
122,32,252.5,111.5,45.0,45.0,1,1,-1,-1
123,32,252.5,111.5,45.0,45.0,1,1,-1,-1
124,32,252.5,111.5,45.0,45.0,1,1,-1,-1
125,32,252.5,111.5,45.0,45.0,1,1,-1,-1
126,32,252.5,111.5,45.0,45.0,1,1,-1,-1
127,32,252.5,111.5,45.0,45.0,1,1,-1,-1
128,32,252.5,111.5,45.0,45.0,1,1,-1,-1
129,32,252.5,111.5,45.0,45.0,1,1,-1,-1
130,32,252.5,111.5,45.0,45.0,1,1,-1,-1
131,32,252.5,111.5,45.0,45.0,1,1,-1,-1
132,32,252.5,111.5,45.0,45.0,1,1,-1,-1
133,32,252.5,111.5,45.0,45.0,1,1,-1,-1
134,32,252.5,111.5,45.0,45.0,1,1,-1,-1
135,32,252.5,111.5,45.0,45.0,1,1,-1,-1
136,32,252.5,111.5,45.0,45.0,1,1,-1,-1
137,32,252.5,111.5,45.0,45.0,1,1,-1,-1
138,32,252.5,111.5,45.0,45.0,1,1,-1,-1
139,32,252.5,111.5,45.0,45.0,1,1,-1,-1
140,32,252.5,111.5,45.0,45.0,1,1,-1,-1
141,32,252.5,111.5,45.0,45.0,1,1,-1,-1
142,32,252.5,111.5,45.0,45.0,1,1,-1,-1
143,32,252.5,111.5,45.0,45.0,1,1,-1,-1
144,32,252.5,111.5,45.0,45.0,1,1,-1,-1
145,32,252.5,111.5,45.0,45.0,1,1,-1,-1
146,32,252.5,111.5,45.0,45.0,1,1,-1,-1
147,32,252.5,111.5,45.0,45.0,1,1,-1,-1
148,32,252.5,111.5,45.0,45.0,1,1,-1,-1
149,32,252.5,111.5,45.0,45.0,1,1,-1,-1
150,32,252.5,111.5,45.0,45.0,1,1,-1,-1
151,32,252.5,111.5,45.0,45.0,1,1,-1,-1
152,32,252.5,111.5,45.0,45.0,1,1,-1,-1
153,32,252.5,111.5,45.0,45.0,1,1,-1,-1
154,32,252.5,111.5,45.0,45.0,1,1,-1,-1
155,32,252.5,111.5,45.0,45.0,1,1,-1,-1
156,32,252.5,111.5,45.0,45.0,1,1,-1,-1
157,32,252.5,111.5,45.0,45.0,1,1,-1,-1
158,32,252.5,111.5,45.0,45.0,1,1,-1,-1
159,32,252.5,111.5,45.0,45.0,1,1,-1,-1
160,32,252.5,111.5,45.0,45.0,1,1,-1,-1
161,32,252.5,111.5,45.0,45.0,1,1,-1,-1
162,32,252.5,111.5,45.0,45.0,1,1,-1,-1
163,32,252.5,111.5,45.0,45.0,1,1,-1,-1
164,32,252.5,111.5,45.0,45.0,1,1,-1,-1
165,32,252.5,111.5,45.0,45.0,1,1,-1,-1
166,32,253.5,111.5,45.0,45.0,1,1,-1,-1
167,32,253.5,111.5,45.0,45.0,1,1,-1,-1
168,32,253.5,111.5,45.0,45.0,1,1,-1,-1
169,32,255.5,115.5,45.0,45.0,1,1,-1,-1
170,32,255.5,115.5,45.0,45.0,1,1,-1,-1
171,32,255.25,114.75,45.5,45.5,1,1,-1,-1
172,32,254.0,118.0,45.5,45.5,1,1,-1,-1
173,32,253.5,121.75,45.25,45.75,1,1,-1,-1
174,32,254.25,122.75,45.0,45.25,1,1,-1,-1
175,32,254.5,125.5,45.25,45.5,1,1,-1,-1
176,32,255.0,127.75,45.0,45.0,1,1,-1,-1
177,32,256.0,127.0,45.0,45.25,1,1,-1,-1
178,32,253.25,131.5,45.0,45.0,1,1,-1,-1
179,32,253.529,133.406,45.0,45.0,1,1,-1,-1
180,32,253.043,135.777,45.0,45.0,1,1,-1,-1
181,32,252.557,138.148,45.0,45.0,1,1,-1,-1
182,32,252.071,140.518,45.0,45.0,1,1,-1,-1
183,32,246.25,128.5,45.75,45.25,1,1,-1,-1
184,32,247.75,131.75,45.5,44.75,1,1,-1,-1
185,32,248.0,135.5,45.75,45.0,1,1,-1,-1
186,32,248.25,134.75,45.5,44.75,1,1,-1,-1
187,32,248.0,136.75,45.5,44.75,1,1,-1,-1
188,32,247.25,134.25,45.5,45.0,1,1,-1,-1
189,32,247.25,128.75,45.5,45.0,1,1,-1,-1
190,32,247.75,130.75,45.5,45.0,1,1,-1,-1
191,32,248.281,130.006,45.5,45.0,1,1,-1,-1
192,32,251.0,137.75,45.0,45.0,1,1,-1,-1
193,32,249.25,136.5,45.25,45.0,1,1,-1,-1
194,32,253.0,140.25,45.0,44.5,1,1,-1,-1
195,32,255.0,140.75,45.0,44.75,1,1,-1,-1
196,32,257.5,141.75,45.5,45.0,1,1,-1,-1
197,32,257.25,143.5,45.25,45.0,1,1,-1,-1
198,32,258.0,146.75,45.75,45.25,1,1,-1,-1
199,32,258.5,146.75,45.5,45.25,1,1,-1,-1
200,32,258.5,143.5,45.0,45.0,1,1,-1,-1
201,32,258.5,143.5,45.0,45.0,1,1,-1,-1
202,32,258.5,143.5,45.0,45.0,1,1,-1,-1
203,32,257.5,149.5,45.0,45.0,1,1,-1,-1
204,32,257.5,149.5,45.0,45.0,1,1,-1,-1
205,32,257.5,149.5,45.0,45.0,1,1,-1,-1
206,32,250.5,151.5,45.0,45.0,1,1,-1,-1
207,32,250.5,151.5,45.0,45.0,1,1,-1,-1
208,32,250.5,151.5,45.0,45.0,1,1,-1,-1
209,32,245.5,154.5,45.0,45.0,1,1,-1,-1
210,32,245.5,154.5,45.0,45.0,1,1,-1,-1
211,32,245.5,154.5,45.0,45.0,1,1,-1,-1
212,32,245.5,154.5,45.0,45.0,1,1,-1,-1
213,32,245.5,154.5,45.0,45.0,1,1,-1,-1
214,32,245.5,154.5,45.0,45.0,1,1,-1,-1
215,32,241.5,148.5,45.0,45.0,1,1,-1,-1
216,32,241.5,148.5,45.0,45.0,1,1,-1,-1
217,32,238.75,143.75,45.25,45.5,1,1,-1,-1
218,32,237.75,139.25,45.25,46.0,1,1,-1,-1
219,32,236.5,143.5,45.0,45.0,1,1,-1,-1
220,32,236.5,143.5,45.0,45.0,1,1,-1,-1
221,32,236.5,143.5,45.0,45.0,1,1,-1,-1
222,32,235.75,142.0,45.25,46.25,1,1,-1,-1
223,32,236.5,143.5,45.0,45.0,1,1,-1,-1
224,32,230.5,140.5,45.0,45.0,1,1,-1,-1
225,32,230.5,140.5,45.0,45.0,1,1,-1,-1
226,32,230.5,140.5,45.0,45.0,1,1,-1,-1
227,32,230.5,140.5,45.0,45.0,1,1,-1,-1
228,32,230.5,140.5,45.0,45.0,1,1,-1,-1
229,32,230.5,140.5,45.0,45.0,1,1,-1,-1
230,32,230.5,140.5,45.0,45.0,1,1,-1,-1
231,32,230.5,140.5,45.0,45.0,1,1,-1,-1
232,32,227.25,144.0,45.0,45.25,1,1,-1,-1
233,32,225.25,142.75,45.0,45.0,1,1,-1,-1
234,32,223.25,143.25,45.0,45.25,1,1,-1,-1
235,32,220.5,144.0,45.0,45.0,1,1,-1,-1
236,32,220.0,144.5,45.0,45.25,1,1,-1,-1
237,32,219.75,145.5,45.0,45.25,1,1,-1,-1
238,32,219.75,147.25,45.25,45.25,1,1,-1,-1
239,32,218.0,149.25,45.25,45.5,1,1,-1,-1
240,32,218.5,151.0,45.5,45.5,1,1,-1,-1
241,32,219.0,153.0,45.25,45.5,1,1,-1,-1
242,32,218.0,155.75,45.5,45.5,1,1,-1,-1
243,32,219.25,160.75,45.5,45.5,1,1,-1,-1
244,32,218.75,161.25,45.5,45.5,1,1,-1,-1
245,32,216.75,163.0,45.5,45.5,1,1,-1,-1
246,32,214.25,164.75,45.25,45.5,1,1,-1,-1
247,32,212.75,165.0,45.25,45.75,1,1,-1,-1
248,32,211.0,166.5,45.25,45.75,1,1,-1,-1
249,32,209.25,168.75,45.5,45.75,1,1,-1,-1
250,32,210.0,171.25,45.5,46.5,1,1,-1,-1
251,32,208.5,172.5,45.5,45.75,1,1,-1,-1
252,32,208.5,171.5,45.25,45.75,1,1,-1,-1
253,32,206.75,173.0,45.5,46.0,1,1,-1,-1
254,32,207.5,171.5,45.25,46.0,1,1,-1,-1
255,32,207.25,171.75,45.25,46.0,1,1,-1,-1
256,32,208.0,172.25,45.25,45.75,1,1,-1,-1
257,32,207.25,174.5,45.25,46.25,1,1,-1,-1
258,32,208.0,174.5,45.25,45.75,1,1,-1,-1
259,32,205.5,177.0,45.5,45.75,1,1,-1,-1
260,32,202.5,178.25,45.25,45.5,1,1,-1,-1
261,32,200.25,179.25,45.25,45.75,1,1,-1,-1
262,32,199.25,182.0,45.25,45.5,1,1,-1,-1
263,32,202.0,184.75,45.25,45.5,1,1,-1,-1
264,32,202.25,187.25,45.25,45.25,1,1,-1,-1
265,32,200.5,193.25,45.25,45.5,1,1,-1,-1
266,32,200.5,197.75,45.25,45.5,1,1,-1,-1
267,32,201.25,206.25,45.25,45.5,1,1,-1,-1
268,32,200.25,210.0,45.25,45.5,1,1,-1,-1
269,32,199.829,215.195,45.25,45.5,1,1,-1,-1
270,32,195.5,217.75,45.0,45.5,1,1,-1,-1
271,32,195.5,219.75,45.0,45.5,1,1,-1,-1
272,32,196.5,222.75,44.75,45.25,1,1,-1,-1
273,32,196.0,223.75,45.0,45.5,1,1,-1,-1
274,32,197.75,224.0,44.75,45.25,1,1,-1,-1
275,32,199.0,223.5,45.25,46.0,1,1,-1,-1
276,32,198.5,222.5,45.0,45.0,1,1,-1,-1
277,32,198.5,222.5,45.0,45.0,1,1,-1,-1
278,32,198.5,222.5,45.0,45.0,1,1,-1,-1
279,32,198.5,222.5,45.0,45.0,1,1,-1,-1
280,32,198.5,222.5,45.0,45.0,1,1,-1,-1
281,32,196.5,223.5,45.0,45.0,1,1,-1,-1
282,32,196.5,223.5,45.0,45.0,1,1,-1,-1
283,32,196.5,228.5,45.0,45.0,1,1,-1,-1
284,32,196.5,228.5,45.0,45.0,1,1,-1,-1
285,32,196.5,228.5,45.0,45.0,1,1,-1,-1
286,32,200.5,234.5,45.0,45.0,1,1,-1,-1
287,32,200.5,234.5,45.0,45.0,1,1,-1,-1
288,32,200.5,234.5,45.0,45.0,1,1,-1,-1
289,32,200.5,246.5,45.0,45.0,1,1,-1,-1
290,32,200.5,246.5,45.0,45.0,1,1,-1,-1
291,32,200.5,246.5,45.0,45.0,1,1,-1,-1
292,32,202.25,258.25,45.25,45.5,1,1,-1,-1
293,32,201.25,260.5,45.0,45.5,1,1,-1,-1
294,32,200.5,263.5,45.0,45.75,1,1,-1,-1
295,32,198.25,249.5,45.25,45.5,1,1,-1,-1
296,32,199.0,261.0,45.0,45.5,1,1,-1,-1
297,32,198.25,263.25,45.0,45.75,1,1,-1,-1
298,32,198.0,264.0,45.0,46.5,1,1,-1,-1
299,32,200.0,271.75,44.75,46.0,1,1,-1,-1
300,32,201.5,274.5,45.0,45.0,1,1,-1,-1
301,32,199.5,271.5,45.0,45.0,1,1,-1,-1
302,32,199.5,271.5,45.0,45.0,1,1,-1,-1
303,32,199.5,271.5,45.0,45.0,1,1,-1,-1
304,32,200.75,274.75,45.0,45.75,1,1,-1,-1
305,32,200.5,275.5,45.25,46.0,1,1,-1,-1
306,32,199.75,278.25,45.0,45.25,1,1,-1,-1
307,32,198.5,280.75,45.0,45.25,1,1,-1,-1
308,32,192.5,283.5,45.0,45.0,1,1,-1,-1
309,32,193.5,283.5,45.0,45.0,1,1,-1,-1
310,32,193.5,283.5,45.0,45.0,1,1,-1,-1
311,32,192.5,285.5,45.0,45.0,1,1,-1,-1
312,32,192.5,285.5,45.0,45.0,1,1,-1,-1
313,32,192.5,285.5,45.0,45.0,1,1,-1,-1
314,32,192.5,285.5,45.0,45.0,1,1,-1,-1
315,32,192.5,285.5,45.0,45.0,1,1,-1,-1
316,32,192.5,285.5,45.0,45.0,1,1,-1,-1
317,32,192.5,285.5,45.0,45.0,1,1,-1,-1
318,32,192.5,285.5,45.0,45.0,1,1,-1,-1
319,32,200.25,291.25,45.0,45.25,1,1,-1,-1
320,32,200.25,286.5,45.25,45.5,1,1,-1,-1
321,32,200.75,286.5,45.0,45.25,1,1,-1,-1
322,32,200.5,288.5,45.0,45.0,1,1,-1,-1
323,32,200.5,288.5,45.0,45.0,1,1,-1,-1
324,32,201.0,290.0,45.0,45.5,1,1,-1,-1
325,32,199.25,292.75,45.5,46.0,1,1,-1,-1
326,32,201.0,294.25,45.25,45.5,1,1,-1,-1
327,32,201.0,298.0,45.0,45.25,1,1,-1,-1
328,32,201.25,299.0,45.25,45.25,1,1,-1,-1
329,32,201.0,299.5,45.25,45.25,1,1,-1,-1
330,32,202.25,300.0,45.25,45.75,1,1,-1,-1
331,32,203.75,300.75,45.0,45.5,1,1,-1,-1
332,32,203.5,301.0,45.25,46.0,1,1,-1,-1
333,32,203.75,302.25,45.25,45.5,1,1,-1,-1
334,32,203.5,303.0,45.25,45.75,1,1,-1,-1
335,32,205.75,302.75,45.25,45.5,1,1,-1,-1
336,32,205.75,303.5,45.5,45.5,1,1,-1,-1
337,32,208.25,303.75,45.25,45.25,1,1,-1,-1
338,32,211.75,307.75,45.25,45.5,1,1,-1,-1
339,32,213.0,308.75,45.25,45.5,1,1,-1,-1
340,32,214.0,311.25,45.0,45.25,1,1,-1,-1
341,32,213.75,312.0,45.25,45.5,1,1,-1,-1
342,32,219.5,309.5,45.0,45.0,1,1,-1,-1
343,32,220.5,309.5,45.0,45.0,1,1,-1,-1
344,32,222.5,309.5,45.0,45.0,1,1,-1,-1
345,32,229.75,316.25,45.0,45.25,1,1,-1,-1
346,32,234.5,322.75,45.0,45.75,1,1,-1,-1
347,32,238.25,326.5,45.0,45.5,1,1,-1,-1
348,32,243.5,330.75,45.25,45.5,1,1,-1,-1
349,32,249.75,336.0,45.0,45.5,1,1,-1,-1
350,32,254.0,341.75,45.0,45.5,1,1,-1,-1
351,32,258.25,348.75,44.75,45.25,1,1,-1,-1
352,32,263.0,356.75,44.75,45.5,1,1,-1,-1
353,32,267.0,363.0,44.75,45.5,1,1,-1,-1
354,32,271.75,370.5,44.75,45.5,1,1,-1,-1
355,32,278.5,383.25,44.75,46.5,1,1,-1,-1
356,32,284.5,391.25,45.0,45.5,1,1,-1,-1
357,32,291.75,399.0,45.0,46.0,1,1,-1,-1
358,32,296.25,400.0,44.75,45.5,1,1,-1,-1
359,32,300.75,399.75,45.0,45.5,1,1,-1,-1
360,32,308.25,401.0,45.0,45.25,1,1,-1,-1
361,32,311.5,402.25,45.0,45.25,1,1,-1,-1
362,32,315.5,403.0,45.25,45.0,1,1,-1,-1
363,32,318.5,405.25,45.25,45.25,1,1,-1,-1
364,32,318.25,402.75,45.25,45.25,1,1,-1,-1
365,32,318.0,401.75,45.25,45.0,1,1,-1,-1
366,32,318.75,401.0,45.0,45.25,1,1,-1,-1
367,32,319.25,400.5,45.25,45.0,1,1,-1,-1
368,32,319.25,400.25,45.0,45.25,1,1,-1,-1
369,32,320.0,400.25,45.0,45.0,1,1,-1,-1
370,32,319.75,400.5,45.0,45.0,1,1,-1,-1
371,32,320.0,399.75,45.0,45.25,1,1,-1,-1
372,32,321.25,399.75,45.0,45.25,1,1,-1,-1
373,32,322.75,398.25,45.0,45.5,1,1,-1,-1
374,32,321.5,397.75,45.0,45.25,1,1,-1,-1
375,32,322.25,396.75,45.0,45.25,1,1,-1,-1
376,32,322.25,396.5,45.25,45.25,1,1,-1,-1
377,32,324.5,396.25,45.0,45.25,1,1,-1,-1
378,32,326.75,395.75,45.0,45.75,1,1,-1,-1
379,32,327.25,394.0,45.0,45.25,1,1,-1,-1
380,32,329.25,392.5,45.0,45.25,1,1,-1,-1
381,32,330.75,391.25,45.0,45.25,1,1,-1,-1
382,32,333.75,388.75,45.0,45.25,1,1,-1,-1
383,32,335.48,387.112,45.0,45.25,1,1,-1,-1
384,32,337.75,386.75,45.0,45.25,1,1,-1,-1
385,32,338.5,385.75,45.25,45.25,1,1,-1,-1
386,32,339.5,385.25,45.25,45.0,1,1,-1,-1
387,32,339.0,385.75,45.25,45.0,1,1,-1,-1
388,32,337.75,386.5,45.25,45.0,1,1,-1,-1
389,32,339.0,386.0,45.25,45.25,1,1,-1,-1
390,32,339.25,385.75,45.5,45.25,1,1,-1,-1
391,32,339.0,385.25,45.5,46.5,1,1,-1,-1
392,32,338.5,385.5,45.25,46.0,1,1,-1,-1
393,32,337.25,387.5,45.25,45.25,1,1,-1,-1
394,32,335.75,388.75,45.25,45.5,1,1,-1,-1
395,32,334.75,389.75,45.25,45.75,1,1,-1,-1
396,32,335.0,391.0,45.0,46.25,1,1,-1,-1
397,32,336.5,393.0,45.0,46.0,1,1,-1,-1
398,32,338.25,394.5,45.0,45.5,1,1,-1,-1
399,32,340.5,396.25,45.0,45.25,1,1,-1,-1
400,32,345.25,401.25,45.25,45.25,1,1,-1,-1
401,32,347.75,407.0,45.5,45.25,1,1,-1,-1
402,32,349.5,412.5,45.5,45.5,1,1,-1,-1
403,32,352.5,417.75,45.75,45.75,1,1,-1,-1
404,32,353.25,425.0,45.75,45.5,1,1,-1,-1
405,32,352.0,430.5,45.25,45.5,1,1,-1,-1
406,32,351.25,435.5,45.0,45.5,1,1,-1,-1
407,32,348.75,446.25,45.25,45.5,1,1,-1,-1
408,32,346.5,453.0,45.25,45.5,1,1,-1,-1
409,32,345.25,457.25,45.0,45.25,1,1,-1,-1
410,32,344.25,457.0,45.0,45.25,1,1,-1,-1
411,32,343.75,457.0,45.0,45.25,1,1,-1,-1
412,32,344.0,456.75,45.25,45.25,1,1,-1,-1
413,32,345.0,457.0,45.0,45.25,1,1,-1,-1
414,32,346.75,455.5,45.0,45.5,1,1,-1,-1
415,32,346.25,452.5,45.0,45.5,1,1,-1,-1
416,32,349.0,451.75,45.0,45.25,1,1,-1,-1
417,32,351.75,450.0,45.25,45.75,1,1,-1,-1
418,32,354.25,448.25,45.0,46.0,1,1,-1,-1
419,32,357.25,447.5,45.0,45.25,1,1,-1,-1
420,32,360.75,444.75,45.0,47.0,1,1,-1,-1
421,32,363.75,443.25,44.75,45.75,1,1,-1,-1
422,32,366.5,441.5,45.0,45.25,1,1,-1,-1
423,32,372.25,439.0,45.25,46.5,1,1,-1,-1
424,32,376.75,438.0,45.25,46.5,1,1,-1,-1
425,32,383.75,436.5,45.0,46.25,1,1,-1,-1
426,32,390.25,435.25,45.25,47.25,1,1,-1,-1
427,32,395.75,434.0,45.0,47.25,1,1,-1,-1
428,32,404.0,435.0,45.0,45.75,1,1,-1,-1
429,32,412.5,434.25,45.25,46.5,1,1,-1,-1
430,32,420.0,432.75,45.25,46.5,1,1,-1,-1
431,32,428.75,432.25,45.25,45.5,1,1,-1,-1
432,32,438.0,431.75,45.25,47.25,1,1,-1,-1
433,32,446.75,431.0,45.25,47.25,1,1,-1,-1
434,32,454.5,430.75,45.0,45.75,1,1,-1,-1
435,32,462.5,429.75,45.25,45.5,1,1,-1,-1
436,32,472.75,428.25,45.25,45.5,1,1,-1,-1
437,32,479.5,428.0,45.25,46.0,1,1,-1,-1
438,32,478.5,428.25,45.5,46.0,1,1,-1,-1
439,32,479.0,428.0,45.0,45.5,1,1,-1,-1
440,32,480.5,427.0,45.0,45.25,1,1,-1,-1
441,32,480.0,425.75,45.25,45.5,1,1,-1,-1
442,32,478.25,424.25,45.25,45.25,1,1,-1,-1
443,32,477.5,420.5,45.25,45.0,1,1,-1,-1
444,32,477.5,415.25,45.25,45.25,1,1,-1,-1
445,32,477.25,411.0,45.0,45.0,1,1,-1,-1
446,32,478.0,406.0,45.0,45.0,1,1,-1,-1
447,32,479.25,401.0,44.75,45.0,1,1,-1,-1
448,32,480.5,394.25,44.75,45.25,1,1,-1,-1
449,32,478.75,389.25,45.0,45.0,1,1,-1,-1
450,32,477.5,380.5,45.5,45.75,1,1,-1,-1
451,32,477.5,375.0,45.25,45.25,1,1,-1,-1
452,32,478.25,370.5,45.0,45.0,1,1,-1,-1
453,32,480.0,362.25,45.25,45.5,1,1,-1,-1
454,32,481.0,355.0,45.5,46.5,1,1,-1,-1
455,32,482.25,349.5,45.25,45.0,1,1,-1,-1
456,32,483.5,341.75,45.25,45.25,1,1,-1,-1
457,32,484.25,333.5,45.25,45.75,1,1,-1,-1
458,32,484.5,325.75,45.25,45.5,1,1,-1,-1
459,32,483.5,318.75,45.5,46.0,1,1,-1,-1
460,32,483.0,313.5,45.25,45.25,1,1,-1,-1
461,32,482.5,309.75,45.25,45.0,1,1,-1,-1
462,32,481.5,308.5,45.0,45.0,1,1,-1,-1
463,32,480.75,307.0,45.25,45.0,1,1,-1,-1
464,32,481.0,307.0,45.0,44.75,1,1,-1,-1
465,32,480.75,307.25,45.0,44.75,1,1,-1,-1
466,32,479.25,307.0,45.5,44.75,1,1,-1,-1
467,32,478.0,306.0,45.0,44.75,1,1,-1,-1
468,32,475.75,305.75,45.0,44.75,1,1,-1,-1
469,32,480.75,307.0,45.0,44.75,1,1,-1,-1
470,32,481.25,307.25,45.0,44.75,1,1,-1,-1
471,32,479.75,306.25,45.25,45.0,1,1,-1,-1
472,32,479.25,306.0,45.25,45.0,1,1,-1,-1
473,32,478.75,305.0,45.25,45.0,1,1,-1,-1
474,32,479.0,304.75,45.25,45.25,1,1,-1,-1
475,32,478.5,304.75,45.25,44.75,1,1,-1,-1
476,32,478.75,304.5,45.25,45.0,1,1,-1,-1
477,32,478.5,304.75,45.0,45.0,1,1,-1,-1
478,32,478.25,304.5,45.0,45.0,1,1,-1,-1
479,32,477.5,304.25,45.25,45.5,1,1,-1,-1
480,32,477.0,304.75,45.0,44.75,1,1,-1,-1
481,32,476.25,304.5,45.25,45.0,1,1,-1,-1
482,32,475.75,304.5,45.25,45.0,1,1,-1,-1
483,32,475.75,304.25,45.0,45.0,1,1,-1,-1
484,32,475.25,304.25,45.25,44.75,1,1,-1,-1
485,32,475.5,304.0,45.25,45.0,1,1,-1,-1
486,32,476.75,304.75,45.0,45.0,1,1,-1,-1
487,32,477.25,304.5,45.25,45.0,1,1,-1,-1
488,32,477.0,305.0,45.25,44.75,1,1,-1,-1
489,32,478.75,305.5,45.0,44.75,1,1,-1,-1
490,32,479.5,304.5,45.25,45.0,1,1,-1,-1
491,32,480.25,305.0,45.25,45.0,1,1,-1,-1
492,32,480.75,305.25,45.0,45.0,1,1,-1,-1
493,32,480.75,305.75,45.0,44.75,1,1,-1,-1
494,32,481.75,305.75,45.0,45.0,1,1,-1,-1
495,32,482.75,306.25,45.0,44.75,1,1,-1,-1
496,32,483.0,305.0,45.0,45.25,1,1,-1,-1
497,32,485.0,306.75,45.0,45.0,1,1,-1,-1
498,32,487.75,306.5,45.25,45.25,1,1,-1,-1
499,32,492.5,307.0,45.0,44.75,1,1,-1,-1
500,32,495.0,306.75,45.25,46.25,1,1,-1,-1
1,33,239.5,225.75,45.25,45.75,1,1,-1,-1
2,33,239.5,226.0,45.25,45.75,1,1,-1,-1
3,33,239.5,226.0,45.25,45.5,1,1,-1,-1
4,33,239.25,225.5,45.5,46.25,1,1,-1,-1
5,33,239.25,226.0,45.25,45.5,1,1,-1,-1
6,33,239.0,226.0,45.25,45.75,1,1,-1,-1
7,33,238.5,226.0,45.25,45.5,1,1,-1,-1
8,33,238.0,225.5,45.25,46.0,1,1,-1,-1
9,33,238.5,226.0,45.25,46.0,1,1,-1,-1
10,33,238.0,225.25,45.25,46.25,1,1,-1,-1
11,33,238.0,224.75,45.5,46.5,1,1,-1,-1
12,33,239.25,224.25,45.5,46.25,1,1,-1,-1
13,33,240.25,224.25,45.25,45.5,1,1,-1,-1
14,33,240.5,223.0,45.5,45.5,1,1,-1,-1
15,33,240.75,219.25,45.75,47.0,1,1,-1,-1
16,33,241.0,218.75,46.0,47.25,1,1,-1,-1
17,33,243.5,218.0,46.0,47.0,1,1,-1,-1
18,33,245.75,217.0,46.25,47.5,1,1,-1,-1
19,33,246.5,215.25,46.5,47.5,1,1,-1,-1
20,33,248.25,215.5,45.5,46.5,1,1,-1,-1
21,33,250.0,215.25,45.5,45.25,1,1,-1,-1
22,33,251.0,214.5,45.5,45.25,1,1,-1,-1
23,33,252.5,215.0,45.25,45.5,1,1,-1,-1
24,33,254.75,213.0,45.25,45.5,1,1,-1,-1
25,33,255.0,212.5,45.5,45.5,1,1,-1,-1
26,33,254.75,210.25,45.5,45.5,1,1,-1,-1
27,33,254.75,208.25,45.25,45.25,1,1,-1,-1
28,33,254.75,205.75,45.25,45.25,1,1,-1,-1
29,33,255.5,201.5,45.25,45.25,1,1,-1,-1
30,33,255.25,199.75,45.25,45.25,1,1,-1,-1
31,33,254.75,196.25,45.25,45.5,1,1,-1,-1
32,33,255.5,194.25,45.25,45.25,1,1,-1,-1
33,33,255.75,192.25,45.25,45.25,1,1,-1,-1
34,33,256.75,186.25,45.25,45.5,1,1,-1,-1
35,33,258.5,181.5,45.25,45.5,1,1,-1,-1
36,33,258.5,178.5,45.25,45.5,1,1,-1,-1
37,33,258.5,173.75,45.25,45.25,1,1,-1,-1
38,33,257.25,171.25,45.5,45.5,1,1,-1,-1
39,33,257.25,170.75,45.5,45.25,1,1,-1,-1
40,33,257.75,170.25,45.25,45.25,1,1,-1,-1
41,33,258.0,169.5,45.25,45.25,1,1,-1,-1
42,33,258.25,169.0,45.25,45.25,1,1,-1,-1
43,33,258.75,168.5,45.25,45.5,1,1,-1,-1
44,33,258.5,169.5,45.5,45.25,1,1,-1,-1
45,33,258.75,169.5,45.5,45.5,1,1,-1,-1
46,33,258.75,169.0,45.25,45.5,1,1,-1,-1
47,33,258.75,168.75,45.25,45.5,1,1,-1,-1
48,33,258.5,168.75,45.5,45.25,1,1,-1,-1
49,33,258.5,168.75,45.5,45.5,1,1,-1,-1
50,33,258.25,168.25,45.5,45.5,1,1,-1,-1
51,33,258.0,168.0,45.5,45.5,1,1,-1,-1
52,33,258.25,168.25,45.5,45.5,1,1,-1,-1
53,33,258.5,168.5,45.5,45.25,1,1,-1,-1
54,33,259.0,169.25,45.25,45.25,1,1,-1,-1
55,33,259.0,169.25,45.25,45.5,1,1,-1,-1
56,33,259.0,169.25,45.25,45.25,1,1,-1,-1
57,33,259.0,169.25,45.25,45.25,1,1,-1,-1
58,33,259.0,169.5,45.25,45.5,1,1,-1,-1
59,33,258.75,169.25,45.5,45.75,1,1,-1,-1
60,33,258.5,169.25,45.5,45.5,1,1,-1,-1
61,33,258.75,169.25,45.5,45.5,1,1,-1,-1
62,33,258.75,169.5,45.5,45.5,1,1,-1,-1
63,33,259.0,169.5,45.25,45.5,1,1,-1,-1
64,33,259.0,169.5,45.25,45.25,1,1,-1,-1
65,33,258.75,169.25,45.25,45.5,1,1,-1,-1
66,33,258.25,168.75,45.25,45.5,1,1,-1,-1
67,33,258.75,168.5,45.25,45.25,1,1,-1,-1
68,33,259.0,168.5,45.25,45.5,1,1,-1,-1
69,33,258.75,168.25,45.25,45.25,1,1,-1,-1
70,33,259.0,168.25,45.25,45.25,1,1,-1,-1
71,33,259.0,167.75,45.25,45.25,1,1,-1,-1
72,33,259.5,165.5,45.0,45.0,1,1,-1,-1
73,33,263.5,166.5,45.0,45.0,1,1,-1,-1
74,33,261.5,172.5,45.0,45.0,1,1,-1,-1
75,33,261.5,169.5,45.0,45.0,1,1,-1,-1
76,33,261.5,169.5,45.0,45.0,1,1,-1,-1
77,33,261.5,169.5,45.0,45.0,1,1,-1,-1
78,33,257.5,170.25,45.5,45.25,1,1,-1,-1
79,33,256.75,170.0,45.5,45.5,1,1,-1,-1
80,33,255.25,172.5,45.25,45.0,1,1,-1,-1
81,33,254.5,173.25,45.5,46.25,1,1,-1,-1
82,33,253.75,175.0,45.25,45.5,1,1,-1,-1
83,33,254.5,174.75,45.25,45.5,1,1,-1,-1
84,33,252.75,173.25,45.25,46.0,1,1,-1,-1
85,33,251.75,172.75,45.25,45.5,1,1,-1,-1
86,33,250.25,172.0,45.5,45.5,1,1,-1,-1
87,33,249.5,170.0,45.5,45.5,1,1,-1,-1
88,33,249.5,169.0,45.5,45.5,1,1,-1,-1
89,33,249.5,166.0,45.5,45.5,1,1,-1,-1
90,33,250.0,161.0,45.75,46.5,1,1,-1,-1
91,33,250.0,159.5,45.75,46.5,1,1,-1,-1
92,33,251.75,158.0,45.5,46.0,1,1,-1,-1
93,33,249.75,157.75,45.75,46.5,1,1,-1,-1
94,33,250.25,155.25,45.5,46.25,1,1,-1,-1
95,33,247.25,156.0,45.75,46.25,1,1,-1,-1
96,33,246.5,155.5,45.75,47.5,1,1,-1,-1
97,33,246.75,157.5,45.5,46.25,1,1,-1,-1
98,33,246.25,159.75,45.5,45.75,1,1,-1,-1
99,33,245.75,161.75,45.5,46.75,1,1,-1,-1
100,33,244.25,162.5,45.5,45.75,1,1,-1,-1
101,33,241.75,162.25,45.5,46.5,1,1,-1,-1
102,33,238.5,165.5,45.25,45.75,1,1,-1,-1
103,33,236.781,166.929,45.25,45.75,1,1,-1,-1
104,33,231.75,179.0,44.75,45.25,1,1,-1,-1
105,33,237.0,169.25,45.0,45.75,1,1,-1,-1
106,33,237.25,169.5,45.0,45.25,1,1,-1,-1
107,33,236.5,171.0,45.25,45.5,1,1,-1,-1
108,33,237.0,171.25,45.25,45.5,1,1,-1,-1
109,33,237.75,171.0,45.25,45.5,1,1,-1,-1
110,33,238.141,171.083,45.25,45.5,1,1,-1,-1
111,33,238.5,168.5,45.25,45.5,1,1,-1,-1
112,33,236.0,170.25,45.25,45.5,1,1,-1,-1
113,33,235.75,168.75,45.5,45.5,1,1,-1,-1
114,33,234.75,167.5,45.5,45.75,1,1,-1,-1
115,33,237.25,167.0,45.25,45.5,1,1,-1,-1
116,33,238.5,165.25,45.5,46.5,1,1,-1,-1
117,33,238.5,163.75,45.5,47.0,1,1,-1,-1
118,33,239.5,162.0,45.5,46.5,1,1,-1,-1
119,33,240.75,162.5,45.25,45.5,1,1,-1,-1
120,33,242.5,164.5,45.0,45.0,1,1,-1,-1
121,33,244.25,164.5,45.25,45.5,1,1,-1,-1
122,33,245.5,162.75,45.25,45.25,1,1,-1,-1
123,33,246.0,160.25,45.25,45.5,1,1,-1,-1
124,33,246.0,159.0,45.5,45.5,1,1,-1,-1
125,33,246.0,158.25,45.5,45.75,1,1,-1,-1
126,33,246.698,156.741,45.5,45.75,1,1,-1,-1
127,33,247.096,155.419,45.5,45.75,1,1,-1,-1
128,33,245.75,158.0,45.5,45.75,1,1,-1,-1
129,33,245.75,155.0,45.5,45.5,1,1,-1,-1
130,33,246.75,159.25,45.25,45.75,1,1,-1,-1
131,33,248.5,165.5,45.0,45.0,1,1,-1,-1
132,33,244.5,160.25,45.5,45.5,1,1,-1,-1
133,33,248.0,161.75,45.25,45.5,1,1,-1,-1
134,33,248.0,161.25,45.5,45.25,1,1,-1,-1
135,33,247.5,162.0,45.5,45.25,1,1,-1,-1
136,33,246.75,162.0,45.5,45.25,1,1,-1,-1
137,33,247.25,162.0,45.25,45.0,1,1,-1,-1
138,33,247.0,161.5,45.5,45.25,1,1,-1,-1
139,33,247.25,161.5,45.25,45.5,1,1,-1,-1
140,33,247.5,161.25,45.5,45.25,1,1,-1,-1
141,33,247.0,162.0,45.5,45.25,1,1,-1,-1
142,33,247.25,161.25,45.75,45.5,1,1,-1,-1
143,33,247.25,161.25,45.75,45.75,1,1,-1,-1
144,33,247.25,161.5,45.5,45.25,1,1,-1,-1
145,33,247.0,161.25,45.5,45.5,1,1,-1,-1
146,33,247.25,161.5,45.5,45.25,1,1,-1,-1
147,33,247.25,161.5,45.25,45.5,1,1,-1,-1
148,33,247.0,161.5,45.5,45.25,1,1,-1,-1
149,33,247.0,161.5,45.5,45.5,1,1,-1,-1
150,33,247.0,161.5,45.5,45.5,1,1,-1,-1
151,33,247.25,161.75,45.5,45.25,1,1,-1,-1
152,33,247.25,161.75,45.5,45.25,1,1,-1,-1
153,33,247.0,161.5,45.5,45.5,1,1,-1,-1
154,33,247.0,161.5,45.5,45.5,1,1,-1,-1
155,33,247.25,161.75,45.5,45.25,1,1,-1,-1
156,33,247.5,161.75,45.25,45.25,1,1,-1,-1
157,33,247.25,161.5,45.25,45.5,1,1,-1,-1
158,33,247.25,161.5,45.5,45.5,1,1,-1,-1
159,33,247.25,161.25,45.5,45.75,1,1,-1,-1
160,33,247.25,161.5,45.5,45.5,1,1,-1,-1
161,33,247.0,161.25,45.5,45.75,1,1,-1,-1
162,33,247.0,161.5,45.5,45.5,1,1,-1,-1
163,33,247.0,161.75,45.5,45.5,1,1,-1,-1
164,33,247.0,161.5,45.5,45.75,1,1,-1,-1
165,33,247.25,161.75,45.5,45.5,1,1,-1,-1
166,33,247.25,161.5,45.5,45.5,1,1,-1,-1
167,33,247.25,161.75,45.5,45.5,1,1,-1,-1
168,33,247.25,161.5,45.5,45.5,1,1,-1,-1
169,33,247.25,161.5,45.5,45.5,1,1,-1,-1
170,33,247.0,161.25,45.75,45.75,1,1,-1,-1
171,33,247.25,162.0,45.5,45.25,1,1,-1,-1
172,33,246.75,162.0,45.5,45.75,1,1,-1,-1
173,33,247.0,162.0,45.5,46.0,1,1,-1,-1
174,33,247.0,161.75,45.5,46.25,1,1,-1,-1
175,33,246.75,161.5,45.5,46.5,1,1,-1,-1
176,33,248.25,159.25,45.5,45.75,1,1,-1,-1
177,33,247.0,160.5,45.5,46.5,1,1,-1,-1
178,33,246.25,165.0,45.25,45.75,1,1,-1,-1
179,33,247.75,157.75,45.5,45.5,1,1,-1,-1
180,33,247.25,159.25,45.5,45.5,1,1,-1,-1
181,33,246.75,159.25,45.5,46.0,1,1,-1,-1
182,33,247.75,160.25,45.75,46.0,1,1,-1,-1
183,33,248.5,164.5,45.0,45.0,1,1,-1,-1
184,33,248.5,164.5,45.0,45.0,1,1,-1,-1
185,33,248.5,165.5,45.0,45.0,1,1,-1,-1
186,33,248.5,165.5,45.0,45.0,1,1,-1,-1
187,33,248.5,165.5,45.0,45.0,1,1,-1,-1
188,33,248.5,165.5,45.0,45.0,1,1,-1,-1
189,33,248.5,165.5,45.0,45.0,1,1,-1,-1
190,33,248.5,165.5,45.0,45.0,1,1,-1,-1
191,33,248.5,165.5,45.0,45.0,1,1,-1,-1
192,33,244.5,162.25,45.75,45.5,1,1,-1,-1
193,33,243.5,163.0,45.75,45.75,1,1,-1,-1
194,33,242.0,163.5,45.5,45.75,1,1,-1,-1
195,33,240.75,164.75,45.5,45.75,1,1,-1,-1
196,33,240.25,166.5,45.5,45.75,1,1,-1,-1
197,33,242.0,163.25,45.25,46.0,1,1,-1,-1
198,33,235.5,164.25,45.75,47.5,1,1,-1,-1
199,33,233.5,162.75,45.75,48.0,1,1,-1,-1
200,33,230.75,165.25,45.5,46.5,1,1,-1,-1
201,33,230.25,164.0,45.75,47.5,1,1,-1,-1
202,33,229.25,164.25,45.25,45.5,1,1,-1,-1
203,33,228.25,164.0,45.5,46.25,1,1,-1,-1
204,33,228.0,164.0,45.5,46.5,1,1,-1,-1
205,33,228.0,165.25,45.25,46.0,1,1,-1,-1
206,33,224.5,163.5,45.75,45.75,1,1,-1,-1
207,33,223.0,166.25,45.25,45.25,1,1,-1,-1
208,33,221.5,165.25,45.5,45.75,1,1,-1,-1
209,33,221.25,165.75,45.5,46.0,1,1,-1,-1
210,33,221.75,166.75,45.25,45.75,1,1,-1,-1
211,33,222.5,167.0,45.25,45.25,1,1,-1,-1
212,33,221.25,165.25,45.25,46.0,1,1,-1,-1
213,33,220.5,167.25,45.25,46.0,1,1,-1,-1
214,33,220.25,168.0,45.25,45.75,1,1,-1,-1
215,33,220.0,168.25,45.5,46.5,1,1,-1,-1
216,33,220.75,169.5,45.25,45.75,1,1,-1,-1
217,33,221.25,171.5,45.25,45.25,1,1,-1,-1
218,33,221.75,173.0,45.25,45.25,1,1,-1,-1
219,33,222.75,172.5,45.25,45.75,1,1,-1,-1
220,33,226.0,171.0,45.5,46.5,1,1,-1,-1
221,33,226.5,177.5,45.0,45.0,1,1,-1,-1
222,33,226.5,177.5,45.0,45.0,1,1,-1,-1
223,33,226.5,177.5,45.0,45.0,1,1,-1,-1
224,33,225.5,178.5,45.0,45.0,1,1,-1,-1
225,33,225.5,178.5,45.0,45.0,1,1,-1,-1
226,33,225.5,178.5,45.0,45.0,1,1,-1,-1
227,33,225.5,178.5,45.0,45.0,1,1,-1,-1
228,33,225.5,178.5,45.0,45.0,1,1,-1,-1
229,33,223.75,171.0,45.5,45.75,1,1,-1,-1
230,33,225.0,166.5,45.25,45.5,1,1,-1,-1
231,33,225.5,170.5,45.0,45.0,1,1,-1,-1
232,33,225.5,170.5,45.0,45.0,1,1,-1,-1
233,33,225.5,170.5,45.0,45.0,1,1,-1,-1
234,33,222.25,166.0,45.25,45.5,1,1,-1,-1
235,33,221.25,168.0,45.25,45.5,1,1,-1,-1
236,33,219.25,168.75,45.25,45.25,1,1,-1,-1
237,33,218.5,171.5,45.0,45.25,1,1,-1,-1
238,33,216.75,175.25,45.0,45.5,1,1,-1,-1
239,33,218.25,177.0,45.25,45.75,1,1,-1,-1
240,33,217.75,178.0,45.25,45.75,1,1,-1,-1
241,33,218.75,179.75,45.5,46.25,1,1,-1,-1
242,33,219.75,180.0,45.25,46.0,1,1,-1,-1
243,33,220.5,179.75,46.25,47.75,1,1,-1,-1
244,33,219.75,181.75,45.25,46.75,1,1,-1,-1
245,33,221.75,183.0,45.0,45.5,1,1,-1,-1
246,33,221.25,186.0,45.25,45.5,1,1,-1,-1
247,33,222.75,187.25,45.0,45.5,1,1,-1,-1
248,33,224.0,189.25,45.0,45.25,1,1,-1,-1
249,33,225.75,190.0,45.0,45.5,1,1,-1,-1
250,33,226.5,192.0,45.0,45.25,1,1,-1,-1
251,33,229.25,189.25,45.0,45.5,1,1,-1,-1
252,33,231.25,188.75,45.25,45.25,1,1,-1,-1
253,33,234.25,190.0,45.25,45.25,1,1,-1,-1
254,33,237.25,190.0,45.25,45.5,1,1,-1,-1
255,33,239.5,190.25,45.25,45.5,1,1,-1,-1
256,33,241.75,187.5,45.25,46.5,1,1,-1,-1
257,33,244.0,185.5,45.75,47.0,1,1,-1,-1
258,33,246.75,184.75,45.25,46.0,1,1,-1,-1
259,33,249.75,184.75,45.25,46.5,1,1,-1,-1
260,33,251.75,184.5,45.5,46.25,1,1,-1,-1
261,33,253.75,185.5,45.25,45.5,1,1,-1,-1
262,33,253.75,185.25,45.25,45.5,1,1,-1,-1
263,33,253.25,185.0,45.25,45.5,1,1,-1,-1
264,33,253.5,185.0,45.0,45.5,1,1,-1,-1
265,33,253.25,185.0,45.25,45.5,1,1,-1,-1
266,33,253.5,184.75,45.25,45.5,1,1,-1,-1
267,33,253.75,184.5,45.25,45.5,1,1,-1,-1
268,33,253.75,184.5,45.0,45.5,1,1,-1,-1
269,33,253.75,184.5,45.25,45.5,1,1,-1,-1
270,33,253.5,183.5,45.0,45.5,1,1,-1,-1
271,33,253.75,182.75,45.25,45.5,1,1,-1,-1
272,33,254.0,181.5,45.25,45.5,1,1,-1,-1
273,33,254.25,181.5,45.25,45.25,1,1,-1,-1
274,33,254.25,180.25,45.0,45.5,1,1,-1,-1
275,33,255.25,180.0,45.0,45.25,1,1,-1,-1
276,33,254.75,180.25,45.0,45.5,1,1,-1,-1
277,33,254.25,180.25,45.0,45.5,1,1,-1,-1
278,33,254.25,180.5,45.0,45.25,1,1,-1,-1
279,33,255.25,179.75,45.0,45.5,1,1,-1,-1
280,33,256.0,179.5,45.0,45.5,1,1,-1,-1
281,33,255.75,180.25,45.0,45.5,1,1,-1,-1
282,33,257.25,180.5,45.0,45.75,1,1,-1,-1
283,33,256.25,180.0,45.25,45.5,1,1,-1,-1
284,33,256.75,181.0,45.0,45.5,1,1,-1,-1
285,33,256.75,181.0,45.0,45.5,1,1,-1,-1
286,33,256.5,181.0,45.25,45.5,1,1,-1,-1
287,33,257.0,180.5,45.25,45.25,1,1,-1,-1
288,33,257.5,180.75,45.25,45.25,1,1,-1,-1
289,33,258.5,181.0,45.25,45.25,1,1,-1,-1
290,33,259.065,181.255,45.25,45.25,1,1,-1,-1
291,33,261.0,179.75,44.75,45.0,1,1,-1,-1
292,33,260.75,179.25,45.0,46.0,1,1,-1,-1
293,33,259.25,183.25,44.75,45.5,1,1,-1,-1
294,33,258.5,182.0,45.0,46.25,1,1,-1,-1
295,33,257.75,181.5,45.5,46.75,1,1,-1,-1
296,33,257.0,181.75,45.25,46.0,1,1,-1,-1
297,33,257.0,181.25,45.25,46.25,1,1,-1,-1
298,33,256.75,180.25,45.5,46.0,1,1,-1,-1
299,33,256.0,179.0,45.25,46.0,1,1,-1,-1
300,33,257.0,179.25,45.25,45.25,1,1,-1,-1
301,33,256.25,179.5,45.0,45.5,1,1,-1,-1
302,33,255.25,179.25,45.25,45.5,1,1,-1,-1
303,33,255.0,179.25,45.0,45.5,1,1,-1,-1
304,33,254.0,179.5,45.25,45.5,1,1,-1,-1
305,33,254.25,179.5,45.25,45.5,1,1,-1,-1
306,33,254.0,180.0,45.0,45.5,1,1,-1,-1
307,33,254.5,179.5,45.0,45.75,1,1,-1,-1
308,33,254.75,179.5,45.0,45.5,1,1,-1,-1
309,33,255.25,179.5,45.25,45.75,1,1,-1,-1
310,33,254.75,179.25,45.25,45.5,1,1,-1,-1
311,33,254.75,179.5,45.25,45.75,1,1,-1,-1
312,33,255.25,180.0,45.0,45.75,1,1,-1,-1
313,33,255.75,180.5,45.25,45.5,1,1,-1,-1
314,33,255.75,180.5,45.0,45.5,1,1,-1,-1
315,33,256.5,179.25,45.0,45.5,1,1,-1,-1
316,33,256.5,179.0,45.0,45.5,1,1,-1,-1
317,33,256.0,180.25,45.25,45.25,1,1,-1,-1
318,33,256.5,180.25,45.25,45.25,1,1,-1,-1
319,33,255.75,180.5,45.25,45.5,1,1,-1,-1
320,33,255.5,179.75,45.25,45.5,1,1,-1,-1
321,33,255.0,180.0,45.25,45.5,1,1,-1,-1
322,33,255.5,179.75,45.25,45.5,1,1,-1,-1
323,33,255.25,180.0,45.25,45.5,1,1,-1,-1
324,33,255.5,180.5,45.25,45.25,1,1,-1,-1
325,33,256.25,180.5,45.25,45.5,1,1,-1,-1
326,33,255.75,180.75,45.0,45.25,1,1,-1,-1
327,33,255.5,180.75,45.25,45.25,1,1,-1,-1
328,33,255.75,180.5,45.0,45.25,1,1,-1,-1
329,33,255.75,179.75,45.25,45.25,1,1,-1,-1
330,33,255.25,179.5,45.25,45.75,1,1,-1,-1
331,33,255.25,179.5,45.25,45.5,1,1,-1,-1
332,33,255.25,178.5,45.5,47.0,1,1,-1,-1
333,33,255.0,179.0,45.5,46.5,1,1,-1,-1
334,33,255.25,179.0,45.25,45.75,1,1,-1,-1
335,33,255.5,178.75,45.25,45.5,1,1,-1,-1
336,33,255.25,179.5,45.25,45.5,1,1,-1,-1
337,33,254.75,180.0,45.25,45.5,1,1,-1,-1
338,33,255.0,179.5,45.25,45.5,1,1,-1,-1
339,33,254.75,179.75,45.25,45.5,1,1,-1,-1
340,33,255.25,179.75,45.25,45.5,1,1,-1,-1
341,33,255.5,178.75,45.0,45.25,1,1,-1,-1
342,33,255.75,178.5,45.25,45.5,1,1,-1,-1
343,33,255.0,178.5,45.25,45.5,1,1,-1,-1
344,33,255.075,178.123,45.25,45.5,1,1,-1,-1
345,33,253.75,178.5,45.5,46.0,1,1,-1,-1
346,33,253.75,178.25,45.25,45.75,1,1,-1,-1
347,33,253.5,178.5,45.5,45.25,1,1,-1,-1
348,33,253.75,177.75,45.25,45.5,1,1,-1,-1
349,33,253.25,179.0,45.25,45.5,1,1,-1,-1
350,33,253.75,178.5,45.25,45.5,1,1,-1,-1
351,33,253.5,177.0,45.25,45.25,1,1,-1,-1
352,33,253.25,176.5,45.5,45.75,1,1,-1,-1
353,33,253.0,177.5,45.25,45.25,1,1,-1,-1
354,33,253.0,178.0,45.25,45.5,1,1,-1,-1
355,33,253.25,176.75,45.25,46.5,1,1,-1,-1
356,33,253.5,178.0,45.0,45.5,1,1,-1,-1
357,33,253.0,177.5,45.25,45.75,1,1,-1,-1
358,33,252.5,177.5,45.5,47.0,1,1,-1,-1
359,33,252.5,178.75,45.25,45.75,1,1,-1,-1
360,33,252.5,178.5,45.25,45.75,1,1,-1,-1
361,33,253.25,178.5,45.25,45.75,1,1,-1,-1
362,33,253.5,178.25,45.25,46.0,1,1,-1,-1
363,33,253.5,179.0,45.25,46.0,1,1,-1,-1
364,33,252.75,179.5,45.25,45.75,1,1,-1,-1
365,33,253.0,178.25,45.5,45.5,1,1,-1,-1
366,33,252.5,178.5,45.25,45.5,1,1,-1,-1
367,33,252.75,178.0,45.25,46.0,1,1,-1,-1
368,33,252.75,178.25,45.25,45.5,1,1,-1,-1
369,33,253.5,178.0,45.25,45.5,1,1,-1,-1
370,33,254.5,182.5,45.25,45.25,1,1,-1,-1
371,33,253.25,179.25,45.25,46.25,1,1,-1,-1
372,33,252.0,176.0,45.25,46.25,1,1,-1,-1
373,33,253.0,174.25,45.5,45.5,1,1,-1,-1
374,33,256.75,176.0,45.25,45.25,1,1,-1,-1
375,33,256.0,177.25,45.0,45.5,1,1,-1,-1
376,33,254.75,178.5,45.0,45.5,1,1,-1,-1
377,33,254.0,179.25,45.25,45.5,1,1,-1,-1
378,33,254.75,179.0,45.25,45.5,1,1,-1,-1
379,33,256.0,181.0,45.0,45.5,1,1,-1,-1
380,33,255.25,180.0,45.0,45.25,1,1,-1,-1
381,33,255.0,180.0,45.0,45.5,1,1,-1,-1
382,33,254.25,180.0,45.0,45.5,1,1,-1,-1
383,33,254.75,180.5,45.0,45.5,1,1,-1,-1
384,33,254.75,181.0,45.25,45.5,1,1,-1,-1
385,33,256.0,180.0,45.0,45.25,1,1,-1,-1
386,33,255.0,180.25,45.25,45.5,1,1,-1,-1
387,33,254.75,180.0,45.25,45.5,1,1,-1,-1
388,33,255.5,179.5,45.25,45.5,1,1,-1,-1
389,33,255.47,179.323,45.25,45.5,1,1,-1,-1
390,33,255.615,179.058,45.25,45.5,1,1,-1,-1
391,33,255.759,178.793,45.25,45.5,1,1,-1,-1
392,33,255.904,178.529,45.25,45.5,1,1,-1,-1
393,33,256.049,178.264,45.25,45.5,1,1,-1,-1
394,33,255.0,179.75,45.25,45.25,1,1,-1,-1
395,33,254.937,179.824,45.25,45.25,1,1,-1,-1
396,33,253.75,180.5,45.5,46.25,1,1,-1,-1
397,33,254.0,181.25,45.5,46.0,1,1,-1,-1
398,33,255.75,183.5,45.5,45.5,1,1,-1,-1
399,33,259.25,184.0,45.25,45.5,1,1,-1,-1
400,33,262.25,184.75,45.25,46.0,1,1,-1,-1
401,33,266.5,182.25,45.25,45.5,1,1,-1,-1
402,33,268.25,181.0,45.0,45.5,1,1,-1,-1
403,33,268.5,180.75,45.25,45.25,1,1,-1,-1
404,33,267.25,180.75,45.25,45.25,1,1,-1,-1
405,33,266.25,180.5,45.5,45.25,1,1,-1,-1
406,33,266.25,179.75,45.25,45.25,1,1,-1,-1
407,33,266.75,179.5,45.5,45.0,1,1,-1,-1
408,33,267.25,179.5,45.25,45.0,1,1,-1,-1
409,33,267.75,177.25,45.25,45.25,1,1,-1,-1
410,33,268.5,175.0,45.25,45.25,1,1,-1,-1
411,33,269.0,173.75,45.25,45.25,1,1,-1,-1
412,33,269.0,172.0,45.25,45.25,1,1,-1,-1
413,33,268.75,171.25,45.25,45.25,1,1,-1,-1
414,33,268.75,171.25,45.25,45.25,1,1,-1,-1
415,33,269.5,170.5,45.25,45.25,1,1,-1,-1
416,33,270.25,169.25,45.25,45.25,1,1,-1,-1
417,33,270.25,169.75,45.0,45.25,1,1,-1,-1
418,33,269.75,171.5,45.0,45.25,1,1,-1,-1
419,33,271.5,170.25,45.5,45.25,1,1,-1,-1
420,33,273.5,167.5,45.25,45.25,1,1,-1,-1
421,33,274.25,165.0,45.5,45.25,1,1,-1,-1
422,33,277.0,160.75,45.5,45.5,1,1,-1,-1
423,33,279.75,156.0,45.5,45.25,1,1,-1,-1
424,33,282.75,151.75,45.5,45.5,1,1,-1,-1
425,33,286.75,145.0,45.25,45.0,1,1,-1,-1
426,33,289.25,141.0,45.0,45.0,1,1,-1,-1
427,33,294.25,136.25,45.25,45.0,1,1,-1,-1
428,33,296.5,135.5,45.25,45.0,1,1,-1,-1
429,33,298.75,134.25,45.0,45.25,1,1,-1,-1
430,33,301.25,132.0,45.25,44.75,1,1,-1,-1
431,33,304.5,132.0,45.0,45.25,1,1,-1,-1
432,33,307.0,132.25,45.25,45.0,1,1,-1,-1
433,33,307.25,132.25,45.0,45.25,1,1,-1,-1
434,33,307.0,132.75,45.5,45.0,1,1,-1,-1
435,33,306.5,131.25,45.25,45.5,1,1,-1,-1
436,33,306.25,131.5,45.0,45.25,1,1,-1,-1
437,33,304.0,131.0,45.0,45.25,1,1,-1,-1
438,33,306.5,128.75,45.25,45.5,1,1,-1,-1
439,33,309.75,127.75,45.25,45.0,1,1,-1,-1
440,33,312.0,126.75,45.5,45.0,1,1,-1,-1
441,33,314.5,127.25,45.25,44.75,1,1,-1,-1
442,33,317.0,128.5,45.0,44.75,1,1,-1,-1
443,33,318.75,128.0,45.25,45.0,1,1,-1,-1
444,33,321.25,128.25,45.25,45.0,1,1,-1,-1
445,33,323.0,125.5,45.25,45.25,1,1,-1,-1
446,33,326.75,122.5,45.0,44.75,1,1,-1,-1
447,33,328.0,122.5,45.25,45.25,1,1,-1,-1
448,33,325.5,122.5,45.0,45.0,1,1,-1,-1
449,33,324.75,120.5,45.5,45.0,1,1,-1,-1
450,33,325.75,121.25,45.25,45.25,1,1,-1,-1
451,33,326.5,120.25,45.5,45.5,1,1,-1,-1
452,33,328.25,118.75,45.5,45.75,1,1,-1,-1
453,33,328.945,118.224,45.5,45.75,1,1,-1,-1
454,33,330.029,117.461,45.5,45.75,1,1,-1,-1
455,33,331.113,116.698,45.5,45.75,1,1,-1,-1
456,33,332.198,115.934,45.5,45.75,1,1,-1,-1
457,33,333.282,115.171,45.5,45.75,1,1,-1,-1
458,33,331.042,120.725,45.25,45.25,1,1,-1,-1
459,33,331.25,118.5,45.75,45.25,1,1,-1,-1
460,33,331.25,118.25,45.75,45.5,1,1,-1,-1
461,33,334.5,115.5,45.0,45.0,1,1,-1,-1
462,33,335.5,115.5,45.0,45.0,1,1,-1,-1
463,33,335.5,114.5,45.0,45.0,1,1,-1,-1
464,33,335.5,114.5,45.0,45.0,1,1,-1,-1
465,33,335.5,114.5,45.0,45.0,1,1,-1,-1
466,33,335.5,114.5,45.0,45.0,1,1,-1,-1
467,33,335.5,114.5,45.0,45.0,1,1,-1,-1
468,33,340.75,105.0,45.5,45.5,1,1,-1,-1
469,33,342.5,104.25,45.5,45.5,1,1,-1,-1
470,33,343.5,104.25,45.75,45.5,1,1,-1,-1
471,33,344.25,105.75,45.75,45.5,1,1,-1,-1
472,33,346.0,106.0,45.5,46.0,1,1,-1,-1
473,33,346.0,106.0,45.75,46.0,1,1,-1,-1
474,33,347.0,105.5,45.75,46.0,1,1,-1,-1
475,33,350.25,107.0,45.5,46.0,1,1,-1,-1
476,33,356.0,108.0,45.5,45.5,1,1,-1,-1
477,33,357.75,109.5,45.75,45.5,1,1,-1,-1
478,33,359.75,110.0,45.75,45.25,1,1,-1,-1
479,33,363.0,109.0,45.75,46.75,1,1,-1,-1
480,33,368.0,109.75,45.5,45.5,1,1,-1,-1
481,33,371.25,108.75,45.25,45.5,1,1,-1,-1
482,33,379.5,113.5,45.0,45.0,1,1,-1,-1
483,33,379.5,113.5,45.0,45.0,1,1,-1,-1
484,33,387.25,112.5,45.5,46.5,1,1,-1,-1
485,33,392.25,113.75,45.5,45.5,1,1,-1,-1
486,33,392.5,113.75,45.25,45.5,1,1,-1,-1
487,33,390.75,114.5,45.25,45.5,1,1,-1,-1
488,33,390.75,116.75,45.5,46.25,1,1,-1,-1
489,33,390.5,118.5,45.5,46.25,1,1,-1,-1
490,33,390.5,122.25,45.25,45.25,1,1,-1,-1
491,33,392.25,125.75,45.25,45.25,1,1,-1,-1
492,33,393.5,129.0,45.25,45.5,1,1,-1,-1
493,33,396.5,132.5,45.25,45.0,1,1,-1,-1
494,33,399.0,134.5,45.0,45.25,1,1,-1,-1
495,33,401.25,137.25,45.0,45.25,1,1,-1,-1
496,33,405.0,140.0,45.0,45.0,1,1,-1,-1
497,33,407.75,143.5,45.0,45.0,1,1,-1,-1
498,33,411.5,146.75,45.25,45.0,1,1,-1,-1
499,33,414.75,147.75,45.25,45.0,1,1,-1,-1
500,33,415.75,149.0,45.5,45.0,1,1,-1,-1
1,34,271.25,289.75,45.5,45.25,1,1,-1,-1
2,34,271.25,289.5,45.5,45.5,1,1,-1,-1
3,34,271.5,289.25,45.5,45.5,1,1,-1,-1
4,34,271.5,289.25,45.25,45.5,1,1,-1,-1
5,34,271.5,289.0,45.5,45.5,1,1,-1,-1
6,34,271.75,289.25,45.25,45.5,1,1,-1,-1
7,34,271.5,289.25,45.5,45.5,1,1,-1,-1
8,34,271.75,289.25,45.5,45.5,1,1,-1,-1
9,34,272.0,289.0,45.5,45.5,1,1,-1,-1
10,34,272.0,288.75,45.5,45.5,1,1,-1,-1
11,34,272.5,288.75,45.5,45.5,1,1,-1,-1
12,34,272.75,289.0,45.5,45.5,1,1,-1,-1
13,34,272.75,289.25,45.5,45.5,1,1,-1,-1
14,34,272.5,289.5,45.5,45.5,1,1,-1,-1
15,34,272.25,289.25,45.5,45.5,1,1,-1,-1
16,34,272.25,289.0,45.5,45.5,1,1,-1,-1
17,34,272.25,289.0,45.5,45.75,1,1,-1,-1
18,34,272.5,289.0,45.5,45.75,1,1,-1,-1
19,34,272.5,289.0,45.5,45.75,1,1,-1,-1
20,34,272.5,289.25,45.5,45.5,1,1,-1,-1
21,34,272.5,289.25,45.5,45.25,1,1,-1,-1
22,34,272.5,289.25,45.25,45.25,1,1,-1,-1
23,34,272.25,289.5,45.5,45.25,1,1,-1,-1
24,34,272.25,289.25,45.5,45.5,1,1,-1,-1
25,34,272.75,289.25,45.5,45.5,1,1,-1,-1
26,34,272.5,289.5,45.5,45.5,1,1,-1,-1
27,34,272.5,289.75,45.5,45.5,1,1,-1,-1
28,34,272.75,289.75,45.5,45.5,1,1,-1,-1
29,34,272.75,289.75,45.25,45.25,1,1,-1,-1
30,34,272.5,289.75,45.25,45.5,1,1,-1,-1
31,34,272.25,289.75,45.25,45.25,1,1,-1,-1
32,34,272.5,289.75,45.25,45.5,1,1,-1,-1
33,34,272.75,289.0,45.25,45.5,1,1,-1,-1
34,34,273.5,289.0,45.0,45.25,1,1,-1,-1
35,34,273.5,289.0,45.25,45.25,1,1,-1,-1
36,34,273.0,289.25,45.25,45.5,1,1,-1,-1
37,34,272.5,289.25,45.25,45.25,1,1,-1,-1
38,34,272.75,289.0,45.25,45.5,1,1,-1,-1
39,34,272.75,289.25,45.5,45.25,1,1,-1,-1
40,34,272.75,289.25,45.5,45.5,1,1,-1,-1
41,34,272.75,289.5,45.5,45.25,1,1,-1,-1
42,34,272.75,289.5,45.5,45.5,1,1,-1,-1
43,34,272.75,289.75,45.5,45.5,1,1,-1,-1
44,34,273.0,289.75,45.25,45.5,1,1,-1,-1
45,34,273.25,289.75,45.5,45.5,1,1,-1,-1
46,34,273.0,290.25,45.5,45.25,1,1,-1,-1
47,34,273.25,290.0,45.5,45.25,1,1,-1,-1
48,34,273.25,290.0,45.5,45.5,1,1,-1,-1
49,34,273.0,289.75,45.25,45.5,1,1,-1,-1
50,34,273.0,289.75,45.5,45.5,1,1,-1,-1
51,34,273.5,290.0,45.25,45.25,1,1,-1,-1
52,34,273.5,289.75,45.5,45.5,1,1,-1,-1
53,34,273.5,289.75,45.5,45.5,1,1,-1,-1
54,34,273.75,289.75,45.25,45.25,1,1,-1,-1
55,34,273.25,289.5,45.5,45.5,1,1,-1,-1
56,34,273.5,289.25,45.25,45.25,1,1,-1,-1
57,34,273.5,289.5,45.5,45.5,1,1,-1,-1
58,34,273.25,289.5,45.25,45.5,1,1,-1,-1
59,34,273.25,289.75,45.5,45.75,1,1,-1,-1
60,34,273.25,290.0,45.5,45.25,1,1,-1,-1
61,34,273.0,289.75,45.5,45.5,1,1,-1,-1
62,34,273.0,289.75,45.5,45.25,1,1,-1,-1
63,34,273.25,289.75,45.25,45.25,1,1,-1,-1
64,34,273.25,290.0,45.25,45.25,1,1,-1,-1
65,34,273.25,290.0,45.5,45.75,1,1,-1,-1
66,34,273.5,290.25,45.5,45.5,1,1,-1,-1
67,34,273.25,290.25,45.25,45.5,1,1,-1,-1
68,34,273.5,290.5,45.5,45.5,1,1,-1,-1
69,34,273.75,290.75,45.5,45.5,1,1,-1,-1
70,34,273.25,289.75,45.5,45.0,1,1,-1,-1
71,34,274.0,290.5,45.5,45.25,1,1,-1,-1
72,34,274.0,290.25,45.25,45.25,1,1,-1,-1
73,34,274.25,290.25,45.25,45.5,1,1,-1,-1
74,34,274.0,290.25,45.0,45.5,1,1,-1,-1
75,34,272.0,288.75,45.25,45.25,1,1,-1,-1
76,34,272.25,288.75,45.25,45.25,1,1,-1,-1
77,34,275.0,290.75,45.25,46.0,1,1,-1,-1
78,34,275.25,291.0,45.25,45.75,1,1,-1,-1
79,34,275.5,291.25,45.25,45.5,1,1,-1,-1
80,34,275.0,291.0,45.25,45.25,1,1,-1,-1
81,34,274.5,290.75,45.5,45.75,1,1,-1,-1
82,34,274.5,291.0,45.25,45.5,1,1,-1,-1
83,34,274.5,290.75,45.25,45.5,1,1,-1,-1
84,34,275.0,290.5,45.25,45.75,1,1,-1,-1
85,34,274.5,290.75,45.25,45.5,1,1,-1,-1
86,34,274.75,291.0,45.5,45.5,1,1,-1,-1
87,34,274.25,290.75,45.5,45.5,1,1,-1,-1
88,34,274.25,291.0,45.25,45.5,1,1,-1,-1
89,34,274.25,290.75,45.5,45.5,1,1,-1,-1
90,34,274.25,291.25,45.25,45.25,1,1,-1,-1
91,34,275.0,291.0,45.25,45.75,1,1,-1,-1
92,34,275.0,290.75,45.25,46.0,1,1,-1,-1
93,34,275.0,290.75,45.25,46.0,1,1,-1,-1
94,34,269.75,287.5,45.25,45.25,1,1,-1,-1
95,34,275.0,291.0,45.5,45.25,1,1,-1,-1
96,34,275.25,290.5,45.25,46.25,1,1,-1,-1
97,34,274.75,290.75,45.25,45.5,1,1,-1,-1
98,34,274.5,290.75,45.25,45.5,1,1,-1,-1
99,34,275.0,290.75,45.25,45.5,1,1,-1,-1
100,34,275.0,289.75,45.25,46.75,1,1,-1,-1
101,34,275.25,289.75,45.25,46.0,1,1,-1,-1
102,34,275.0,291.0,45.25,45.5,1,1,-1,-1
103,34,274.5,291.25,45.5,45.5,1,1,-1,-1
104,34,274.5,291.0,45.5,45.5,1,1,-1,-1
105,34,274.5,291.0,45.25,45.25,1,1,-1,-1
106,34,274.5,291.25,45.25,45.5,1,1,-1,-1
107,34,274.0,291.25,45.25,45.5,1,1,-1,-1
108,34,274.5,291.25,45.25,45.5,1,1,-1,-1
109,34,274.75,291.25,45.25,45.5,1,1,-1,-1
110,34,274.75,291.5,45.0,45.5,1,1,-1,-1
111,34,274.75,291.5,45.0,45.5,1,1,-1,-1
112,34,275.0,291.25,45.25,45.5,1,1,-1,-1
113,34,272.75,288.25,45.0,45.25,1,1,-1,-1
114,34,273.5,289.5,45.25,45.25,1,1,-1,-1
115,34,273.75,289.75,45.25,45.25,1,1,-1,-1
116,34,274.25,288.5,45.25,45.5,1,1,-1,-1
117,34,272.0,287.75,45.25,45.25,1,1,-1,-1
118,34,272.5,292.5,45.0,45.0,1,1,-1,-1
119,34,272.5,292.5,45.0,45.0,1,1,-1,-1
120,34,272.5,292.5,45.0,45.0,1,1,-1,-1
121,34,273.25,289.25,45.5,45.5,1,1,-1,-1
122,34,273.0,289.5,45.5,45.5,1,1,-1,-1
123,34,273.25,289.75,45.5,45.5,1,1,-1,-1
124,34,273.5,290.25,45.5,45.5,1,1,-1,-1
125,34,273.25,290.25,45.5,45.5,1,1,-1,-1
126,34,273.75,290.25,45.5,45.5,1,1,-1,-1
127,34,274.25,290.75,45.5,45.5,1,1,-1,-1
128,34,274.75,290.5,45.5,45.5,1,1,-1,-1
129,34,274.5,289.75,45.5,45.5,1,1,-1,-1
130,34,274.5,289.5,45.5,45.5,1,1,-1,-1
131,34,274.25,289.75,45.5,45.5,1,1,-1,-1
132,34,273.75,289.5,45.5,45.5,1,1,-1,-1
133,34,273.75,290.0,45.5,45.25,1,1,-1,-1
134,34,273.5,290.25,45.5,45.25,1,1,-1,-1
135,34,273.5,290.0,45.5,45.5,1,1,-1,-1
136,34,273.5,289.5,45.5,45.5,1,1,-1,-1
137,34,273.25,289.5,45.25,45.5,1,1,-1,-1
138,34,273.5,289.75,45.25,45.5,1,1,-1,-1
139,34,273.0,289.5,45.5,45.5,1,1,-1,-1
140,34,273.0,289.5,45.25,45.25,1,1,-1,-1
141,34,273.25,289.0,45.25,45.5,1,1,-1,-1
142,34,272.75,288.75,45.5,45.25,1,1,-1,-1
143,34,272.75,288.5,45.5,45.5,1,1,-1,-1
144,34,272.75,289.25,45.5,45.25,1,1,-1,-1
145,34,273.25,289.0,45.25,45.5,1,1,-1,-1
146,34,273.25,289.0,45.25,45.25,1,1,-1,-1
147,34,273.25,289.0,45.5,45.25,1,1,-1,-1
148,34,273.25,289.0,45.25,45.5,1,1,-1,-1
149,34,273.0,289.25,45.5,45.5,1,1,-1,-1
150,34,273.0,289.5,45.5,45.5,1,1,-1,-1
151,34,273.0,289.5,45.5,45.5,1,1,-1,-1
152,34,273.0,289.5,45.75,45.5,1,1,-1,-1
153,34,273.0,289.5,45.5,45.25,1,1,-1,-1
154,34,273.0,289.5,45.5,45.25,1,1,-1,-1
155,34,273.25,289.5,45.5,45.5,1,1,-1,-1
156,34,273.25,289.75,45.5,45.5,1,1,-1,-1
157,34,273.25,290.0,45.5,45.5,1,1,-1,-1
158,34,273.25,290.0,45.5,45.5,1,1,-1,-1
159,34,273.25,290.25,45.5,45.5,1,1,-1,-1
160,34,273.25,290.25,45.75,45.5,1,1,-1,-1
161,34,273.5,290.25,45.5,45.5,1,1,-1,-1
162,34,273.5,290.5,45.5,45.5,1,1,-1,-1
163,34,273.75,290.5,45.5,45.5,1,1,-1,-1
164,34,273.5,290.5,45.75,45.75,1,1,-1,-1
165,34,273.0,290.5,45.75,45.5,1,1,-1,-1
166,34,273.0,290.75,45.5,45.5,1,1,-1,-1
167,34,273.0,290.75,45.5,45.5,1,1,-1,-1
168,34,273.0,290.75,45.5,45.5,1,1,-1,-1
169,34,273.0,290.75,45.5,45.5,1,1,-1,-1
170,34,273.25,290.75,45.5,45.25,1,1,-1,-1
171,34,273.5,290.5,45.5,45.5,1,1,-1,-1
172,34,273.5,290.5,45.75,45.5,1,1,-1,-1
173,34,273.5,290.5,45.75,45.5,1,1,-1,-1
174,34,273.75,290.5,45.5,45.5,1,1,-1,-1
175,34,273.75,290.75,45.5,45.5,1,1,-1,-1
176,34,273.75,290.75,45.5,45.5,1,1,-1,-1
177,34,273.5,290.75,45.5,45.5,1,1,-1,-1
178,34,273.0,290.5,45.5,45.5,1,1,-1,-1
179,34,273.0,290.5,45.5,45.5,1,1,-1,-1
180,34,273.0,290.5,45.5,45.25,1,1,-1,-1
181,34,273.0,290.5,45.5,45.25,1,1,-1,-1
182,34,273.0,290.5,45.5,45.5,1,1,-1,-1
183,34,273.25,290.75,45.5,45.5,1,1,-1,-1
184,34,273.5,291.0,45.5,45.5,1,1,-1,-1
185,34,273.5,291.25,45.5,45.25,1,1,-1,-1
186,34,273.75,291.25,45.5,45.5,1,1,-1,-1
187,34,273.5,291.5,45.5,45.5,1,1,-1,-1
188,34,273.25,292.0,45.5,45.25,1,1,-1,-1
189,34,272.75,291.75,45.5,45.25,1,1,-1,-1
190,34,272.75,291.5,45.25,45.5,1,1,-1,-1
191,34,272.0,291.75,45.25,45.25,1,1,-1,-1
192,34,273.25,291.25,45.25,45.5,1,1,-1,-1
193,34,273.25,291.0,45.25,45.75,1,1,-1,-1
194,34,273.5,291.0,45.25,45.5,1,1,-1,-1
195,34,273.25,291.0,45.5,45.5,1,1,-1,-1
196,34,273.5,291.0,45.25,45.5,1,1,-1,-1
197,34,273.5,291.25,45.25,45.5,1,1,-1,-1
198,34,271.5,291.75,45.5,45.25,1,1,-1,-1
199,34,271.75,291.75,45.5,45.25,1,1,-1,-1
200,34,272.5,291.5,45.5,45.25,1,1,-1,-1
201,34,272.5,291.5,45.5,45.5,1,1,-1,-1
202,34,273.25,291.5,45.5,45.5,1,1,-1,-1
203,34,273.0,291.5,45.5,45.5,1,1,-1,-1
204,34,273.265,291.399,45.5,45.5,1,1,-1,-1
205,34,273.0,291.0,45.5,45.25,1,1,-1,-1
206,34,273.0,290.75,45.5,45.25,1,1,-1,-1
207,34,274.25,291.0,45.5,45.5,1,1,-1,-1
208,34,274.5,291.0,45.5,45.5,1,1,-1,-1
209,34,274.5,291.0,45.5,45.25,1,1,-1,-1
210,34,274.75,290.5,45.5,45.5,1,1,-1,-1
211,34,275.0,290.5,45.5,45.25,1,1,-1,-1
212,34,275.25,290.75,45.5,45.25,1,1,-1,-1
213,34,275.5,290.75,45.5,45.25,1,1,-1,-1
214,34,274.0,290.5,45.5,45.5,1,1,-1,-1
215,34,273.75,290.5,45.5,45.5,1,1,-1,-1
216,34,273.75,290.25,45.5,45.5,1,1,-1,-1
217,34,273.5,290.25,45.5,45.5,1,1,-1,-1
218,34,273.25,290.25,45.5,45.5,1,1,-1,-1
219,34,273.25,290.5,45.5,45.5,1,1,-1,-1
220,34,274.25,290.25,45.5,45.5,1,1,-1,-1
221,34,274.25,290.25,45.5,45.5,1,1,-1,-1
222,34,274.25,290.5,45.5,45.5,1,1,-1,-1
223,34,274.75,290.5,45.25,45.5,1,1,-1,-1
224,34,275.0,291.0,45.25,45.5,1,1,-1,-1
225,34,275.5,291.0,45.5,45.25,1,1,-1,-1
226,34,275.5,291.0,45.5,45.5,1,1,-1,-1
227,34,275.75,291.25,45.5,45.5,1,1,-1,-1
228,34,275.75,291.25,45.25,45.25,1,1,-1,-1
229,34,275.5,291.0,45.5,45.25,1,1,-1,-1
230,34,275.25,291.0,45.5,45.5,1,1,-1,-1
231,34,275.25,291.25,45.25,45.5,1,1,-1,-1
232,34,275.25,291.25,45.25,45.5,1,1,-1,-1
233,34,275.5,291.5,45.25,45.5,1,1,-1,-1
234,34,275.5,291.5,45.25,45.25,1,1,-1,-1
235,34,275.75,291.25,45.25,45.5,1,1,-1,-1
236,34,275.75,291.25,45.5,45.25,1,1,-1,-1
237,34,275.75,291.0,45.5,45.25,1,1,-1,-1
238,34,275.75,291.0,45.25,45.5,1,1,-1,-1
239,34,275.75,291.0,45.25,45.5,1,1,-1,-1
240,34,275.75,291.25,45.25,45.5,1,1,-1,-1
241,34,275.75,291.0,45.5,45.75,1,1,-1,-1
242,34,276.5,291.5,45.25,45.5,1,1,-1,-1
243,34,276.25,291.5,45.5,45.5,1,1,-1,-1
244,34,276.25,291.25,45.5,45.5,1,1,-1,-1
245,34,276.0,291.25,45.5,45.5,1,1,-1,-1
246,34,276.5,291.25,45.5,45.25,1,1,-1,-1
247,34,276.5,291.25,45.5,45.25,1,1,-1,-1
248,34,276.75,291.0,45.5,45.5,1,1,-1,-1
249,34,276.75,291.0,45.5,45.5,1,1,-1,-1
250,34,276.5,291.25,45.5,45.25,1,1,-1,-1
251,34,276.5,291.5,45.25,45.25,1,1,-1,-1
252,34,276.0,291.25,45.5,45.5,1,1,-1,-1
253,34,275.25,290.75,45.5,45.75,1,1,-1,-1
254,34,275.5,291.0,45.5,45.5,1,1,-1,-1
255,34,275.5,291.0,45.5,45.5,1,1,-1,-1
256,34,275.5,291.25,45.25,45.5,1,1,-1,-1
257,34,274.5,292.5,45.25,45.5,1,1,-1,-1
258,34,274.5,292.0,45.5,45.5,1,1,-1,-1
259,34,275.25,292.25,45.75,45.75,1,1,-1,-1
260,34,276.5,291.5,45.5,45.5,1,1,-1,-1
261,34,276.25,291.25,45.5,45.5,1,1,-1,-1
262,34,275.0,292.5,45.5,45.5,1,1,-1,-1
263,34,274.75,293.25,45.75,45.5,1,1,-1,-1
264,34,275.75,292.0,45.5,45.5,1,1,-1,-1
265,34,276.25,291.0,45.5,45.75,1,1,-1,-1
266,34,276.5,290.75,45.5,45.5,1,1,-1,-1
267,34,275.75,291.5,45.25,45.25,1,1,-1,-1
268,34,275.5,291.0,45.5,45.5,1,1,-1,-1
269,34,274.5,290.75,45.25,45.25,1,1,-1,-1
270,34,275.0,290.75,45.25,45.25,1,1,-1,-1
271,34,275.5,290.25,45.5,45.5,1,1,-1,-1
272,34,276.0,291.5,45.5,45.25,1,1,-1,-1
273,34,276.0,291.75,45.5,45.25,1,1,-1,-1
274,34,276.25,291.75,45.5,45.25,1,1,-1,-1
275,34,275.25,288.5,45.25,45.5,1,1,-1,-1
276,34,274.75,288.0,45.75,45.25,1,1,-1,-1
277,34,275.75,292.5,45.75,45.5,1,1,-1,-1
278,34,275.5,292.75,45.5,45.25,1,1,-1,-1
279,34,276.25,292.0,45.5,45.5,1,1,-1,-1
280,34,275.75,293.75,45.5,45.0,1,1,-1,-1
281,34,276.25,293.0,45.75,45.25,1,1,-1,-1
282,34,275.75,292.75,45.5,45.25,1,1,-1,-1
283,34,276.25,291.75,45.5,45.5,1,1,-1,-1
284,34,276.0,291.75,45.75,45.5,1,1,-1,-1
285,34,276.5,292.0,45.75,45.25,1,1,-1,-1
286,34,276.5,292.25,45.5,45.5,1,1,-1,-1
287,34,276.0,292.5,45.5,45.25,1,1,-1,-1
288,34,276.25,292.5,45.5,45.5,1,1,-1,-1
289,34,277.0,292.5,45.5,45.25,1,1,-1,-1
290,34,277.25,291.75,45.25,45.5,1,1,-1,-1
291,34,280.0,291.0,45.25,45.5,1,1,-1,-1
292,34,279.25,291.25,45.5,45.5,1,1,-1,-1
293,34,279.25,291.5,45.25,45.5,1,1,-1,-1
294,34,280.0,291.5,45.25,45.5,1,1,-1,-1
295,34,280.5,291.5,45.25,45.75,1,1,-1,-1
296,34,280.25,290.75,45.25,45.5,1,1,-1,-1
297,34,280.5,291.0,45.25,45.5,1,1,-1,-1
298,34,280.25,291.25,45.5,45.5,1,1,-1,-1
299,34,280.5,291.25,45.5,45.5,1,1,-1,-1
300,34,280.5,291.25,45.5,45.5,1,1,-1,-1
301,34,280.75,291.5,45.5,45.5,1,1,-1,-1
302,34,280.75,291.5,45.5,45.75,1,1,-1,-1
303,34,281.5,291.5,45.5,45.75,1,1,-1,-1
304,34,282.0,291.5,45.5,45.5,1,1,-1,-1
305,34,282.25,291.25,45.0,45.5,1,1,-1,-1
306,34,282.0,292.25,45.75,45.5,1,1,-1,-1
307,34,281.75,292.25,45.75,45.75,1,1,-1,-1
308,34,282.0,292.25,45.75,45.5,1,1,-1,-1
309,34,282.25,292.25,45.75,45.5,1,1,-1,-1
310,34,282.5,292.0,45.75,45.75,1,1,-1,-1
311,34,283.25,293.75,45.5,45.5,1,1,-1,-1
312,34,281.5,291.75,45.25,45.5,1,1,-1,-1
313,34,281.75,291.75,45.5,45.25,1,1,-1,-1
314,34,282.0,291.75,45.75,45.5,1,1,-1,-1
315,34,282.0,291.75,45.5,45.25,1,1,-1,-1
316,34,281.75,292.0,45.5,45.25,1,1,-1,-1
317,34,282.5,292.75,45.75,45.5,1,1,-1,-1
318,34,282.0,292.75,45.5,45.5,1,1,-1,-1
319,34,282.25,293.0,45.5,45.5,1,1,-1,-1
320,34,282.5,293.0,45.25,45.5,1,1,-1,-1
321,34,282.5,293.0,45.5,45.5,1,1,-1,-1
322,34,282.5,293.0,45.25,45.5,1,1,-1,-1
323,34,282.5,293.0,45.5,45.5,1,1,-1,-1
324,34,282.5,292.75,45.5,45.75,1,1,-1,-1
325,34,282.5,293.0,45.5,45.5,1,1,-1,-1
326,34,281.75,292.75,45.5,45.5,1,1,-1,-1
327,34,281.75,292.75,45.75,45.5,1,1,-1,-1
328,34,282.0,292.75,45.5,45.5,1,1,-1,-1
329,34,282.0,292.5,45.75,45.5,1,1,-1,-1
330,34,282.0,292.0,45.5,46.0,1,1,-1,-1
331,34,281.75,292.25,45.5,45.5,1,1,-1,-1
332,34,281.75,292.0,45.5,46.0,1,1,-1,-1
333,34,281.75,292.25,45.5,45.75,1,1,-1,-1
334,34,283.25,292.0,45.5,45.5,1,1,-1,-1
335,34,283.0,292.0,45.75,45.75,1,1,-1,-1
336,34,283.0,292.25,45.5,45.5,1,1,-1,-1
337,34,282.75,292.25,45.75,45.5,1,1,-1,-1
338,34,282.25,292.5,45.75,45.5,1,1,-1,-1
339,34,281.75,292.75,45.5,45.75,1,1,-1,-1
340,34,281.25,292.75,45.75,45.5,1,1,-1,-1
341,34,281.5,292.75,45.5,45.5,1,1,-1,-1
342,34,282.0,292.75,45.75,45.75,1,1,-1,-1
343,34,282.0,292.75,45.75,45.75,1,1,-1,-1
344,34,282.25,293.25,45.5,45.25,1,1,-1,-1
345,34,281.25,292.75,45.5,45.5,1,1,-1,-1
346,34,282.25,293.25,45.5,45.5,1,1,-1,-1
347,34,281.5,293.75,45.75,45.5,1,1,-1,-1
348,34,281.5,293.75,45.5,45.5,1,1,-1,-1
349,34,281.75,293.5,45.75,45.5,1,1,-1,-1
350,34,282.0,293.25,45.75,45.75,1,1,-1,-1
351,34,282.5,293.5,45.75,45.5,1,1,-1,-1
352,34,282.5,293.75,45.75,45.5,1,1,-1,-1
353,34,283.0,293.75,45.5,45.5,1,1,-1,-1
354,34,283.0,293.75,45.75,45.25,1,1,-1,-1
355,34,283.0,293.5,45.75,45.5,1,1,-1,-1
356,34,282.75,293.5,45.5,45.25,1,1,-1,-1
357,34,282.75,293.5,45.5,45.5,1,1,-1,-1
358,34,282.5,293.5,45.75,45.5,1,1,-1,-1
359,34,282.5,293.5,45.75,45.5,1,1,-1,-1
360,34,282.5,293.5,45.75,45.25,1,1,-1,-1
361,34,282.5,293.5,45.5,45.25,1,1,-1,-1
362,34,282.5,293.5,45.75,45.5,1,1,-1,-1
363,34,282.75,293.25,45.5,45.5,1,1,-1,-1
364,34,282.75,293.5,45.5,45.5,1,1,-1,-1
365,34,282.75,293.25,45.5,45.5,1,1,-1,-1
366,34,282.0,294.25,45.5,45.5,1,1,-1,-1
367,34,282.0,293.5,45.75,45.5,1,1,-1,-1
368,34,281.75,293.5,45.5,45.5,1,1,-1,-1
369,34,282.0,293.5,45.5,45.5,1,1,-1,-1
370,34,281.75,293.5,45.5,45.5,1,1,-1,-1
371,34,281.75,293.5,45.5,45.5,1,1,-1,-1
372,34,281.5,293.25,45.5,45.75,1,1,-1,-1
373,34,281.5,293.25,45.75,45.75,1,1,-1,-1
374,34,281.25,293.25,45.75,45.5,1,1,-1,-1
375,34,281.75,293.5,45.75,45.5,1,1,-1,-1
376,34,282.0,293.0,45.5,45.5,1,1,-1,-1
377,34,282.25,293.0,45.75,45.5,1,1,-1,-1
378,34,282.25,293.0,45.75,45.5,1,1,-1,-1
379,34,282.5,292.75,45.5,45.5,1,1,-1,-1
380,34,282.75,292.75,45.5,45.5,1,1,-1,-1
381,34,282.75,292.5,45.5,45.75,1,1,-1,-1
382,34,282.75,292.5,45.5,45.75,1,1,-1,-1
383,34,282.5,292.75,45.5,45.5,1,1,-1,-1
384,34,282.25,292.75,45.5,45.5,1,1,-1,-1
385,34,282.25,292.5,45.5,45.5,1,1,-1,-1
386,34,282.25,292.75,45.5,45.5,1,1,-1,-1
387,34,282.5,292.5,45.75,45.75,1,1,-1,-1
388,34,283.0,292.75,45.5,45.5,1,1,-1,-1
389,34,283.0,292.5,45.5,45.5,1,1,-1,-1
390,34,282.75,293.25,45.75,45.5,1,1,-1,-1
391,34,281.5,293.25,45.75,45.5,1,1,-1,-1
392,34,283.25,293.75,45.75,45.5,1,1,-1,-1
393,34,284.0,294.25,45.75,45.5,1,1,-1,-1
394,34,285.25,294.5,45.5,45.5,1,1,-1,-1
395,34,286.5,296.5,45.5,45.5,1,1,-1,-1
396,34,288.25,297.75,45.5,45.5,1,1,-1,-1
397,34,290.5,298.5,45.5,45.25,1,1,-1,-1
398,34,291.0,299.0,45.5,45.25,1,1,-1,-1
399,34,293.25,300.0,45.5,45.25,1,1,-1,-1
400,34,295.75,301.5,45.25,45.25,1,1,-1,-1
401,34,296.75,303.25,45.25,45.25,1,1,-1,-1
402,34,298.0,306.25,45.25,45.5,1,1,-1,-1
403,34,299.75,308.75,45.5,45.25,1,1,-1,-1
404,34,302.0,311.0,45.5,45.5,1,1,-1,-1
405,34,304.25,313.0,45.25,46.5,1,1,-1,-1
406,34,305.5,315.5,45.25,45.5,1,1,-1,-1
407,34,308.0,316.0,45.25,45.75,1,1,-1,-1
408,34,309.25,317.25,45.25,45.5,1,1,-1,-1
409,34,309.75,319.0,45.25,45.25,1,1,-1,-1
410,34,310.0,320.0,45.5,45.25,1,1,-1,-1
411,34,308.25,320.25,45.5,45.25,1,1,-1,-1
412,34,308.75,322.5,45.5,45.5,1,1,-1,-1
413,34,307.0,325.25,45.25,45.5,1,1,-1,-1
414,34,306.25,326.25,45.25,45.5,1,1,-1,-1
415,34,304.0,327.5,45.25,45.25,1,1,-1,-1
416,34,302.5,328.75,45.25,45.25,1,1,-1,-1
417,34,300.25,331.5,45.25,45.25,1,1,-1,-1
418,34,300.0,333.25,45.25,45.25,1,1,-1,-1
419,34,298.25,336.0,45.0,45.5,1,1,-1,-1
420,34,294.5,339.0,45.0,45.5,1,1,-1,-1
421,34,291.75,339.25,45.0,45.5,1,1,-1,-1
422,34,288.0,339.25,45.0,45.5,1,1,-1,-1
423,34,286.0,338.5,45.25,45.25,1,1,-1,-1
424,34,285.5,335.5,45.25,45.5,1,1,-1,-1
425,34,282.0,333.75,45.25,45.5,1,1,-1,-1
426,34,278.25,332.75,45.0,45.5,1,1,-1,-1
427,34,277.25,331.75,45.0,45.5,1,1,-1,-1
428,34,275.0,331.0,45.0,45.5,1,1,-1,-1
429,34,274.0,330.25,45.25,45.5,1,1,-1,-1
430,34,272.5,330.75,45.0,45.25,1,1,-1,-1
431,34,271.0,327.5,45.25,45.5,1,1,-1,-1
432,34,269.75,325.75,45.25,45.25,1,1,-1,-1
433,34,270.25,326.5,45.25,45.25,1,1,-1,-1
434,34,269.75,326.0,45.25,45.5,1,1,-1,-1
435,34,270.75,326.75,45.5,45.25,1,1,-1,-1
436,34,271.0,327.0,45.5,45.25,1,1,-1,-1
437,34,271.25,326.5,45.25,45.0,1,1,-1,-1
438,34,270.5,326.75,45.25,45.25,1,1,-1,-1
439,34,270.0,327.25,45.0,45.25,1,1,-1,-1
440,34,268.75,327.75,45.0,45.5,1,1,-1,-1
441,34,267.75,328.5,45.25,45.25,1,1,-1,-1
442,34,267.5,328.75,45.25,45.25,1,1,-1,-1
443,34,266.25,328.75,45.0,45.5,1,1,-1,-1
444,34,265.5,328.5,45.25,45.25,1,1,-1,-1
445,34,265.0,327.75,45.0,45.25,1,1,-1,-1
446,34,265.0,326.75,45.25,45.25,1,1,-1,-1
447,34,264.5,327.0,45.25,45.25,1,1,-1,-1
448,34,263.75,327.25,45.25,45.25,1,1,-1,-1
449,34,262.5,327.75,45.25,45.5,1,1,-1,-1
450,34,260.75,330.25,45.25,45.25,1,1,-1,-1
451,34,259.5,330.25,45.0,45.25,1,1,-1,-1
452,34,257.0,330.0,45.0,45.25,1,1,-1,-1
453,34,258.25,329.0,45.25,45.25,1,1,-1,-1
454,34,258.25,328.0,45.0,45.25,1,1,-1,-1
455,34,252.5,324.0,45.5,45.5,1,1,-1,-1
456,34,252.5,324.75,45.25,45.25,1,1,-1,-1
457,34,253.5,325.25,45.25,45.25,1,1,-1,-1
458,34,248.5,324.75,45.5,45.75,1,1,-1,-1
459,34,247.75,324.75,45.5,45.5,1,1,-1,-1
460,34,244.25,323.75,45.25,45.5,1,1,-1,-1
461,34,241.87,322.983,45.25,45.5,1,1,-1,-1
462,34,239.28,322.28,45.25,45.5,1,1,-1,-1
463,34,236.691,321.576,45.25,45.5,1,1,-1,-1
464,34,238.25,318.5,45.5,45.25,1,1,-1,-1
465,34,237.5,320.5,45.0,45.0,1,1,-1,-1
466,34,234.0,318.5,45.5,46.0,1,1,-1,-1
467,34,232.951,318.843,45.5,46.0,1,1,-1,-1
468,34,231.889,319.179,45.5,46.0,1,1,-1,-1
469,34,233.0,317.0,45.0,45.25,1,1,-1,-1
470,34,233.0,317.75,45.25,45.5,1,1,-1,-1
471,34,232.75,318.75,45.5,46.0,1,1,-1,-1
472,34,232.75,319.75,45.5,46.0,1,1,-1,-1
473,34,232.75,320.5,45.5,46.0,1,1,-1,-1
474,34,233.25,322.5,45.0,45.75,1,1,-1,-1
475,34,232.75,324.5,45.5,46.75,1,1,-1,-1
476,34,232.25,323.75,45.5,46.5,1,1,-1,-1
477,34,232.25,325.0,45.0,46.25,1,1,-1,-1
478,34,234.5,326.5,45.0,45.0,1,1,-1,-1
479,34,234.5,326.5,45.0,45.0,1,1,-1,-1
480,34,234.5,326.5,45.0,45.0,1,1,-1,-1
481,34,233.0,327.5,45.0,46.5,1,1,-1,-1
482,34,235.0,327.0,45.0,45.5,1,1,-1,-1
483,34,234.75,328.25,45.0,45.25,1,1,-1,-1
484,34,234.25,328.25,45.25,45.5,1,1,-1,-1
485,34,234.0,328.5,45.0,45.5,1,1,-1,-1
486,34,234.25,328.25,45.0,45.5,1,1,-1,-1
487,34,234.0,328.25,45.0,46.25,1,1,-1,-1
488,34,233.0,328.25,45.5,47.25,1,1,-1,-1
489,34,231.25,328.5,45.25,47.0,1,1,-1,-1
490,34,231.5,329.5,45.25,46.25,1,1,-1,-1
491,34,230.75,329.0,45.0,46.75,1,1,-1,-1
492,34,230.5,329.0,45.0,46.5,1,1,-1,-1
493,34,229.25,328.75,45.0,46.5,1,1,-1,-1
494,34,229.75,330.25,45.0,45.5,1,1,-1,-1
495,34,229.0,330.5,45.0,45.25,1,1,-1,-1
496,34,229.25,329.75,45.0,45.5,1,1,-1,-1
497,34,229.75,329.5,45.0,45.25,1,1,-1,-1
498,34,229.75,330.25,45.25,45.25,1,1,-1,-1
499,34,229.25,330.5,45.0,45.25,1,1,-1,-1
500,34,226.75,331.5,45.0,45.25,1,1,-1,-1
1,35,237.0,267.75,45.0,45.25,1,1,-1,-1
2,35,236.75,267.5,45.25,45.25,1,1,-1,-1
3,35,236.5,266.5,45.25,45.5,1,1,-1,-1
4,35,235.25,268.0,45.0,45.5,1,1,-1,-1
5,35,235.75,267.25,45.0,45.25,1,1,-1,-1
6,35,235.5,269.0,45.0,45.25,1,1,-1,-1
7,35,236.5,268.5,45.25,45.25,1,1,-1,-1
8,35,236.25,268.5,45.0,45.5,1,1,-1,-1
9,35,237.0,268.0,45.0,45.25,1,1,-1,-1
10,35,235.5,268.25,45.25,45.5,1,1,-1,-1
11,35,235.75,268.0,45.25,45.25,1,1,-1,-1
12,35,236.25,268.0,45.25,45.25,1,1,-1,-1
13,35,236.25,267.75,45.25,45.25,1,1,-1,-1
14,35,236.75,267.0,45.0,45.25,1,1,-1,-1
15,35,236.0,266.75,45.25,45.25,1,1,-1,-1
16,35,233.5,263.25,45.25,45.5,1,1,-1,-1
17,35,247.5,275.5,44.75,44.75,1,1,-1,-1
18,35,237.5,268.5,45.0,45.5,1,1,-1,-1
19,35,237.75,268.5,45.0,45.75,1,1,-1,-1
20,35,237.515,268.881,45.0,45.75,1,1,-1,-1
21,35,239.5,268.5,45.0,45.0,1,1,-1,-1
22,35,238.5,269.5,45.0,45.0,1,1,-1,-1
23,35,238.5,269.5,45.0,45.0,1,1,-1,-1
24,35,238.5,269.5,45.0,45.0,1,1,-1,-1
25,35,238.5,269.5,45.0,45.0,1,1,-1,-1
26,35,238.5,269.5,45.0,45.0,1,1,-1,-1
27,35,238.5,269.5,45.0,45.0,1,1,-1,-1
28,35,238.5,269.5,45.0,45.0,1,1,-1,-1
29,35,234.5,270.5,45.0,45.25,1,1,-1,-1
30,35,234.0,270.25,44.75,45.25,1,1,-1,-1
31,35,233.5,270.75,45.0,45.0,1,1,-1,-1
32,35,234.5,269.5,45.0,45.25,1,1,-1,-1
33,35,235.5,269.25,44.75,45.25,1,1,-1,-1
34,35,234.25,269.25,44.75,45.25,1,1,-1,-1
35,35,235.75,268.5,44.75,45.25,1,1,-1,-1
36,35,236.25,268.0,44.75,45.25,1,1,-1,-1
37,35,236.0,268.0,44.75,45.25,1,1,-1,-1
38,35,232.25,267.5,45.0,45.25,1,1,-1,-1
39,35,229.0,267.75,45.0,45.25,1,1,-1,-1
40,35,232.75,268.5,45.0,45.25,1,1,-1,-1
41,35,235.0,267.0,44.75,45.25,1,1,-1,-1
42,35,235.75,266.25,44.5,45.25,1,1,-1,-1
43,35,235.75,265.75,44.75,45.25,1,1,-1,-1
44,35,235.75,265.75,45.0,45.25,1,1,-1,-1
45,35,235.5,265.5,44.75,45.25,1,1,-1,-1
46,35,235.75,266.25,44.75,45.25,1,1,-1,-1
47,35,236.0,267.0,45.0,45.25,1,1,-1,-1
48,35,234.75,267.0,45.0,45.25,1,1,-1,-1
49,35,230.5,264.5,44.25,45.0,1,1,-1,-1
50,35,236.25,266.0,45.0,45.25,1,1,-1,-1
51,35,235.75,265.0,45.0,45.5,1,1,-1,-1
52,35,237.0,266.0,44.75,45.25,1,1,-1,-1
53,35,238.25,265.75,44.75,45.25,1,1,-1,-1
54,35,240.75,266.75,44.5,45.0,1,1,-1,-1
55,35,236.25,265.25,45.0,45.25,1,1,-1,-1
56,35,237.5,265.75,44.75,45.25,1,1,-1,-1
57,35,236.75,265.0,45.0,45.5,1,1,-1,-1
58,35,237.0,265.0,44.75,45.25,1,1,-1,-1
59,35,237.0,264.5,45.25,46.0,1,1,-1,-1
60,35,237.25,264.25,45.25,46.0,1,1,-1,-1
61,35,237.25,264.25,45.0,45.75,1,1,-1,-1
62,35,236.25,264.25,45.0,45.25,1,1,-1,-1
63,35,236.5,264.25,44.75,45.25,1,1,-1,-1
64,35,236.5,265.25,45.0,45.25,1,1,-1,-1
65,35,236.75,264.25,45.25,46.25,1,1,-1,-1
66,35,235.75,265.5,45.25,45.75,1,1,-1,-1
67,35,235.5,266.5,45.0,45.25,1,1,-1,-1
68,35,235.5,265.5,45.0,45.5,1,1,-1,-1
69,35,236.25,265.75,44.75,45.25,1,1,-1,-1
70,35,236.75,265.25,45.0,45.25,1,1,-1,-1
71,35,236.5,265.75,44.75,45.25,1,1,-1,-1
72,35,237.5,265.5,45.0,45.0,1,1,-1,-1
73,35,237.5,265.5,45.0,45.0,1,1,-1,-1
74,35,239.25,267.5,44.75,45.25,1,1,-1,-1
75,35,239.25,267.5,44.75,45.25,1,1,-1,-1
76,35,238.5,265.5,45.0,45.0,1,1,-1,-1
77,35,238.5,265.5,45.0,45.0,1,1,-1,-1
78,35,238.5,265.5,45.0,45.0,1,1,-1,-1
79,35,236.25,261.25,44.75,45.0,1,1,-1,-1
80,35,236.793,261.157,44.75,45.0,1,1,-1,-1
81,35,237.5,265.25,45.0,45.25,1,1,-1,-1
82,35,238.576,266.651,45.0,45.25,1,1,-1,-1
83,35,239.49,268.174,45.0,45.25,1,1,-1,-1
84,35,242.75,267.25,44.75,45.25,1,1,-1,-1
85,35,244.208,268.076,44.75,45.25,1,1,-1,-1
86,35,241.0,267.0,44.75,45.25,1,1,-1,-1
87,35,239.25,266.25,44.75,45.25,1,1,-1,-1
88,35,239.75,267.5,44.75,45.25,1,1,-1,-1
89,35,238.75,268.0,44.75,45.25,1,1,-1,-1
90,35,237.75,268.0,44.75,45.5,1,1,-1,-1
91,35,238.5,268.25,44.75,45.25,1,1,-1,-1
92,35,237.5,265.5,45.0,45.0,1,1,-1,-1
93,35,240.5,265.5,45.0,45.0,1,1,-1,-1
94,35,240.5,265.5,45.0,45.0,1,1,-1,-1
95,35,240.5,265.5,45.0,45.0,1,1,-1,-1
96,35,240.5,265.5,45.0,45.0,1,1,-1,-1
97,35,240.5,265.5,45.0,45.0,1,1,-1,-1
98,35,240.5,265.5,45.0,45.0,1,1,-1,-1
99,35,240.5,265.5,45.0,45.0,1,1,-1,-1
100,35,240.5,265.5,45.0,45.0,1,1,-1,-1
101,35,240.5,265.5,45.0,45.0,1,1,-1,-1
102,35,240.5,265.5,45.0,45.0,1,1,-1,-1
103,35,240.5,265.5,45.0,45.0,1,1,-1,-1
104,35,240.5,265.5,45.0,45.0,1,1,-1,-1
105,35,240.5,265.5,45.0,45.0,1,1,-1,-1
106,35,240.5,265.5,45.0,45.0,1,1,-1,-1
107,35,240.5,265.5,45.0,45.0,1,1,-1,-1
108,35,240.5,265.5,45.0,45.0,1,1,-1,-1
109,35,240.5,265.5,45.0,45.0,1,1,-1,-1
110,35,240.5,265.5,45.0,45.0,1,1,-1,-1
111,35,240.5,265.5,45.0,45.0,1,1,-1,-1
112,35,240.5,265.5,45.0,45.0,1,1,-1,-1
113,35,240.5,265.5,45.0,45.0,1,1,-1,-1
114,35,240.5,265.5,45.0,45.0,1,1,-1,-1
115,35,240.5,265.5,45.0,45.0,1,1,-1,-1
116,35,240.5,265.5,45.0,45.0,1,1,-1,-1
117,35,240.5,265.5,45.0,45.0,1,1,-1,-1
118,35,240.5,265.5,45.0,45.0,1,1,-1,-1
119,35,240.5,265.5,45.0,45.0,1,1,-1,-1
120,35,240.5,265.5,45.0,45.0,1,1,-1,-1
121,35,240.5,265.5,45.0,45.0,1,1,-1,-1
122,35,240.5,265.5,45.0,45.0,1,1,-1,-1
123,35,240.5,265.5,45.0,45.0,1,1,-1,-1
124,35,240.5,264.5,45.0,45.0,1,1,-1,-1
125,35,240.5,264.5,45.0,45.0,1,1,-1,-1
126,35,240.5,264.5,45.0,45.0,1,1,-1,-1
127,35,240.5,264.5,45.0,45.0,1,1,-1,-1
128,35,240.5,264.5,45.0,45.0,1,1,-1,-1
129,35,240.5,264.5,45.0,45.0,1,1,-1,-1
130,35,240.5,264.5,45.0,45.0,1,1,-1,-1
131,35,240.5,264.5,45.0,45.0,1,1,-1,-1
132,35,240.5,264.5,45.0,45.0,1,1,-1,-1
133,35,240.5,264.5,45.0,45.0,1,1,-1,-1
134,35,240.5,264.5,45.0,45.0,1,1,-1,-1
135,35,240.5,264.5,45.0,45.0,1,1,-1,-1
136,35,240.5,264.5,45.0,45.0,1,1,-1,-1
137,35,240.5,264.5,45.0,45.0,1,1,-1,-1
138,35,240.5,264.5,45.0,45.0,1,1,-1,-1
139,35,240.5,264.5,45.0,45.0,1,1,-1,-1
140,35,240.5,264.5,45.0,45.0,1,1,-1,-1
141,35,240.5,264.5,45.0,45.0,1,1,-1,-1
142,35,240.5,264.5,45.0,45.0,1,1,-1,-1
143,35,240.5,264.5,45.0,45.0,1,1,-1,-1
144,35,240.5,264.5,45.0,45.0,1,1,-1,-1
145,35,240.5,264.5,45.0,45.0,1,1,-1,-1
146,35,240.5,264.5,45.0,45.0,1,1,-1,-1
147,35,240.5,264.5,45.0,45.0,1,1,-1,-1
148,35,240.5,264.5,45.0,45.0,1,1,-1,-1
149,35,240.5,264.5,45.0,45.0,1,1,-1,-1
150,35,240.5,264.5,45.0,45.0,1,1,-1,-1
151,35,240.5,264.5,45.0,45.0,1,1,-1,-1
152,35,240.5,264.5,45.0,45.0,1,1,-1,-1
153,35,240.5,264.5,45.0,45.0,1,1,-1,-1
154,35,240.5,264.5,45.0,45.0,1,1,-1,-1
155,35,242.5,262.5,45.0,45.0,1,1,-1,-1
156,35,242.5,262.5,45.0,45.0,1,1,-1,-1
157,35,242.5,262.5,45.0,45.0,1,1,-1,-1
158,35,242.5,262.5,45.0,45.0,1,1,-1,-1
159,35,242.5,262.5,45.0,45.0,1,1,-1,-1
160,35,242.5,262.5,45.0,45.0,1,1,-1,-1
161,35,242.5,262.5,45.0,45.0,1,1,-1,-1
162,35,242.5,262.5,45.0,45.0,1,1,-1,-1
163,35,239.25,262.0,45.0,45.5,1,1,-1,-1
164,35,239.0,261.75,45.25,45.5,1,1,-1,-1
165,35,239.0,262.0,45.25,45.5,1,1,-1,-1
166,35,239.25,261.75,45.25,45.5,1,1,-1,-1
167,35,240.5,263.0,45.0,45.25,1,1,-1,-1
168,35,239.0,262.0,44.75,45.5,1,1,-1,-1
169,35,239.0,263.0,45.0,45.25,1,1,-1,-1
170,35,239.0,263.0,45.0,45.25,1,1,-1,-1
171,35,239.0,263.0,45.25,45.25,1,1,-1,-1
172,35,239.25,262.75,45.25,45.25,1,1,-1,-1
173,35,239.5,263.25,45.25,45.5,1,1,-1,-1
174,35,239.5,264.0,45.0,45.5,1,1,-1,-1
175,35,239.75,264.0,45.0,45.5,1,1,-1,-1
176,35,239.75,264.5,45.25,45.25,1,1,-1,-1
177,35,239.75,264.5,45.25,45.25,1,1,-1,-1
178,35,240.0,264.75,45.0,45.25,1,1,-1,-1
179,35,240.0,265.25,45.25,45.5,1,1,-1,-1
180,35,240.25,264.75,45.0,45.25,1,1,-1,-1
181,35,240.0,264.25,45.25,45.25,1,1,-1,-1
182,35,240.5,263.5,45.25,45.25,1,1,-1,-1
183,35,240.25,264.0,45.25,45.25,1,1,-1,-1
184,35,240.5,264.0,45.25,45.25,1,1,-1,-1
185,35,240.0,264.0,45.0,45.25,1,1,-1,-1
186,35,240.5,264.0,45.0,45.25,1,1,-1,-1
187,35,240.75,264.0,44.75,45.25,1,1,-1,-1
188,35,241.0,264.0,45.0,45.25,1,1,-1,-1
189,35,240.75,264.0,45.0,45.5,1,1,-1,-1
190,35,240.0,263.25,45.0,45.25,1,1,-1,-1
191,35,240.25,263.0,44.75,45.25,1,1,-1,-1
192,35,240.0,262.5,45.0,45.25,1,1,-1,-1
193,35,241.0,262.5,45.0,45.25,1,1,-1,-1
194,35,241.25,261.25,45.0,45.25,1,1,-1,-1
195,35,243.5,255.0,45.0,45.5,1,1,-1,-1
196,35,241.5,261.75,44.75,45.0,1,1,-1,-1
197,35,241.75,261.0,45.0,45.0,1,1,-1,-1
198,35,241.75,261.75,44.75,45.25,1,1,-1,-1
199,35,241.5,261.75,45.0,45.25,1,1,-1,-1
200,35,241.75,262.0,45.0,45.25,1,1,-1,-1
201,35,241.75,262.5,45.0,45.25,1,1,-1,-1
202,35,241.5,262.75,45.0,45.25,1,1,-1,-1
203,35,241.0,263.0,45.0,45.25,1,1,-1,-1
204,35,241.0,263.0,45.0,45.25,1,1,-1,-1
205,35,241.0,263.25,45.0,45.25,1,1,-1,-1
206,35,241.5,262.75,45.25,45.25,1,1,-1,-1
207,35,241.5,262.75,45.0,45.25,1,1,-1,-1
208,35,241.5,262.25,45.0,45.5,1,1,-1,-1
209,35,241.75,262.25,45.0,45.25,1,1,-1,-1
210,35,241.5,262.25,45.0,45.25,1,1,-1,-1
211,35,241.75,262.25,45.0,45.25,1,1,-1,-1
212,35,242.25,262.25,45.25,45.25,1,1,-1,-1
213,35,242.25,262.25,45.25,45.25,1,1,-1,-1
214,35,242.25,262.0,45.25,45.5,1,1,-1,-1
215,35,242.75,261.5,45.25,45.5,1,1,-1,-1
216,35,242.75,261.25,45.0,45.5,1,1,-1,-1
217,35,242.75,261.0,45.0,45.5,1,1,-1,-1
218,35,243.0,260.0,45.0,45.25,1,1,-1,-1
219,35,242.5,260.5,45.25,45.5,1,1,-1,-1
220,35,242.25,262.25,45.0,45.25,1,1,-1,-1
221,35,243.25,262.75,44.75,45.25,1,1,-1,-1
222,35,242.75,262.5,45.0,45.25,1,1,-1,-1
223,35,242.75,262.75,45.0,45.25,1,1,-1,-1
224,35,243.5,262.75,45.0,45.25,1,1,-1,-1
225,35,243.25,262.25,45.0,45.25,1,1,-1,-1
226,35,243.5,261.75,45.0,45.25,1,1,-1,-1
227,35,242.5,261.25,45.25,45.5,1,1,-1,-1
228,35,242.0,261.25,45.25,45.5,1,1,-1,-1
229,35,242.25,261.5,45.0,45.5,1,1,-1,-1
230,35,242.0,260.75,45.25,45.25,1,1,-1,-1
231,35,242.0,260.25,45.0,45.5,1,1,-1,-1
232,35,242.75,260.0,45.25,45.5,1,1,-1,-1
233,35,242.25,260.25,45.25,45.5,1,1,-1,-1
234,35,242.0,260.25,45.25,45.5,1,1,-1,-1
235,35,241.75,260.5,45.25,45.25,1,1,-1,-1
236,35,241.25,260.75,45.25,45.25,1,1,-1,-1
237,35,241.25,261.5,45.0,45.25,1,1,-1,-1
238,35,240.75,261.75,45.0,45.25,1,1,-1,-1
239,35,240.25,261.25,45.25,45.25,1,1,-1,-1
240,35,240.0,261.75,45.0,45.25,1,1,-1,-1
241,35,241.25,260.75,45.25,45.5,1,1,-1,-1
242,35,241.75,261.0,45.0,45.25,1,1,-1,-1
243,35,241.75,261.25,45.25,45.25,1,1,-1,-1
244,35,242.75,261.25,45.25,45.25,1,1,-1,-1
245,35,243.25,260.75,45.0,45.5,1,1,-1,-1
246,35,243.0,260.0,45.0,45.5,1,1,-1,-1
247,35,241.5,258.75,45.25,45.5,1,1,-1,-1
248,35,243.5,260.25,45.25,45.5,1,1,-1,-1
249,35,246.596,264.717,45.25,45.5,1,1,-1,-1
250,35,244.5,261.5,45.0,45.0,1,1,-1,-1
251,35,246.5,260.5,45.0,45.0,1,1,-1,-1
252,35,246.5,260.5,45.0,45.0,1,1,-1,-1
253,35,246.5,260.5,45.0,45.0,1,1,-1,-1
254,35,246.5,260.5,45.0,45.0,1,1,-1,-1
255,35,246.5,260.5,45.0,45.0,1,1,-1,-1
256,35,246.5,260.5,45.0,45.0,1,1,-1,-1
257,35,246.5,260.5,45.0,45.0,1,1,-1,-1
258,35,246.5,260.5,45.0,45.0,1,1,-1,-1
259,35,246.5,260.5,45.0,45.0,1,1,-1,-1
260,35,246.5,260.5,45.0,45.0,1,1,-1,-1
261,35,246.5,260.5,45.0,45.0,1,1,-1,-1
262,35,246.5,260.5,45.0,45.0,1,1,-1,-1
263,35,246.5,260.5,45.0,45.0,1,1,-1,-1
264,35,246.5,260.5,45.0,45.0,1,1,-1,-1
265,35,246.5,260.5,45.0,45.0,1,1,-1,-1
266,35,246.5,260.5,45.0,45.0,1,1,-1,-1
267,35,246.5,260.5,45.0,45.0,1,1,-1,-1
268,35,246.5,260.5,45.0,45.0,1,1,-1,-1
269,35,246.5,260.5,45.0,45.0,1,1,-1,-1
270,35,246.5,260.5,45.0,45.0,1,1,-1,-1
271,35,246.5,260.5,45.0,45.0,1,1,-1,-1
272,35,246.5,260.5,45.0,45.0,1,1,-1,-1
273,35,246.5,260.5,45.0,45.0,1,1,-1,-1
274,35,246.5,260.5,45.0,45.0,1,1,-1,-1
275,35,246.5,260.5,45.0,45.0,1,1,-1,-1
276,35,246.5,260.5,45.0,45.0,1,1,-1,-1
277,35,246.5,260.5,45.0,45.0,1,1,-1,-1
278,35,246.5,260.5,45.0,45.0,1,1,-1,-1
279,35,246.5,260.5,45.0,45.0,1,1,-1,-1
280,35,246.5,260.5,45.0,45.0,1,1,-1,-1
281,35,246.5,260.5,45.0,45.0,1,1,-1,-1
282,35,246.5,260.5,45.0,45.0,1,1,-1,-1
283,35,246.5,260.5,45.0,45.0,1,1,-1,-1
284,35,246.5,260.5,45.0,45.0,1,1,-1,-1
285,35,246.5,260.5,45.0,45.0,1,1,-1,-1
286,35,246.5,260.5,45.0,45.0,1,1,-1,-1
287,35,246.5,260.5,45.0,45.0,1,1,-1,-1
288,35,246.5,260.5,45.0,45.0,1,1,-1,-1
289,35,246.5,260.5,45.0,45.0,1,1,-1,-1
290,35,246.5,260.5,45.0,45.0,1,1,-1,-1
291,35,246.5,260.5,45.0,45.0,1,1,-1,-1
292,35,246.5,260.5,45.0,45.0,1,1,-1,-1
293,35,246.5,260.5,45.0,45.0,1,1,-1,-1
294,35,246.5,260.5,45.0,45.0,1,1,-1,-1
295,35,246.5,260.5,45.0,45.0,1,1,-1,-1
296,35,246.5,260.5,45.0,45.0,1,1,-1,-1
297,35,246.5,261.5,45.0,45.0,1,1,-1,-1
298,35,246.5,261.5,45.0,45.0,1,1,-1,-1
299,35,246.5,261.5,45.0,45.0,1,1,-1,-1
300,35,246.5,261.5,45.0,45.0,1,1,-1,-1
301,35,246.5,261.5,45.0,45.0,1,1,-1,-1
302,35,244.5,263.0,45.25,45.5,1,1,-1,-1
303,35,244.25,263.5,45.0,45.5,1,1,-1,-1
304,35,244.0,263.75,45.0,45.25,1,1,-1,-1
305,35,244.0,264.0,45.0,45.5,1,1,-1,-1
306,35,244.0,264.0,45.0,45.5,1,1,-1,-1
307,35,243.75,263.75,45.0,45.5,1,1,-1,-1
308,35,244.25,263.75,45.0,45.5,1,1,-1,-1
309,35,244.0,263.75,45.25,45.5,1,1,-1,-1
310,35,244.5,264.0,45.25,45.25,1,1,-1,-1
311,35,243.75,264.25,45.0,45.25,1,1,-1,-1
312,35,243.5,264.0,45.0,45.5,1,1,-1,-1
313,35,243.75,264.0,45.0,45.25,1,1,-1,-1
314,35,243.5,264.25,45.0,45.25,1,1,-1,-1
315,35,243.25,264.75,45.25,45.5,1,1,-1,-1
316,35,243.0,265.0,45.0,45.25,1,1,-1,-1
317,35,243.0,265.0,45.0,45.25,1,1,-1,-1
318,35,244.5,265.0,45.0,45.25,1,1,-1,-1
319,35,243.5,265.25,44.75,45.25,1,1,-1,-1
320,35,243.5,265.0,44.75,45.25,1,1,-1,-1
321,35,245.0,265.25,44.75,45.25,1,1,-1,-1
322,35,249.25,267.5,45.0,45.25,1,1,-1,-1
323,35,247.75,265.75,45.0,45.25,1,1,-1,-1
324,35,245.25,264.75,45.0,45.25,1,1,-1,-1
325,35,245.0,264.75,45.25,45.25,1,1,-1,-1
326,35,245.25,265.0,45.0,45.25,1,1,-1,-1
327,35,244.75,264.75,45.25,45.25,1,1,-1,-1
328,35,245.5,264.75,45.25,45.25,1,1,-1,-1
329,35,246.25,264.25,45.0,45.5,1,1,-1,-1
330,35,247.25,264.25,45.25,45.25,1,1,-1,-1
331,35,247.5,263.0,45.25,45.25,1,1,-1,-1
332,35,248.5,262.75,45.0,45.5,1,1,-1,-1
333,35,248.5,262.75,45.25,45.25,1,1,-1,-1
334,35,249.5,262.0,45.0,45.25,1,1,-1,-1
335,35,250.0,261.75,45.0,45.5,1,1,-1,-1
336,35,250.0,262.0,45.25,45.25,1,1,-1,-1
337,35,249.5,261.5,45.0,45.5,1,1,-1,-1
338,35,250.5,260.25,45.25,45.25,1,1,-1,-1
339,35,249.75,260.0,45.25,45.5,1,1,-1,-1
340,35,249.75,257.75,45.25,45.5,1,1,-1,-1
341,35,252.75,257.25,45.0,45.5,1,1,-1,-1
342,35,253.75,256.0,45.0,45.25,1,1,-1,-1
343,35,253.75,256.5,45.0,45.5,1,1,-1,-1
344,35,254.25,256.25,44.75,45.25,1,1,-1,-1
345,35,255.041,255.903,44.75,45.25,1,1,-1,-1
346,35,255.671,255.641,44.75,45.25,1,1,-1,-1
347,35,256.302,255.378,44.75,45.25,1,1,-1,-1
348,35,256.932,255.116,44.75,45.25,1,1,-1,-1
349,35,254.25,251.75,45.0,45.5,1,1,-1,-1
350,35,253.25,252.0,45.0,45.25,1,1,-1,-1
351,35,253.25,252.0,45.25,45.25,1,1,-1,-1
352,35,254.5,250.25,45.5,45.5,1,1,-1,-1
353,35,254.0,249.75,45.5,45.5,1,1,-1,-1
354,35,254.0,250.0,45.75,45.5,1,1,-1,-1
355,35,255.5,248.75,45.75,45.5,1,1,-1,-1
356,35,255.5,248.0,45.5,45.5,1,1,-1,-1
357,35,255.5,247.75,45.75,45.5,1,1,-1,-1
358,35,256.0,246.5,45.5,45.5,1,1,-1,-1
359,35,256.75,246.5,45.5,45.25,1,1,-1,-1
360,35,257.0,246.25,45.5,45.5,1,1,-1,-1
361,35,257.0,246.75,45.5,45.5,1,1,-1,-1
362,35,257.25,247.5,45.25,45.25,1,1,-1,-1
363,35,257.25,246.5,45.5,45.25,1,1,-1,-1
364,35,257.0,246.0,45.25,45.5,1,1,-1,-1
365,35,257.0,247.25,45.5,45.5,1,1,-1,-1
366,35,257.0,246.75,45.25,45.5,1,1,-1,-1
367,35,257.25,247.25,45.5,45.25,1,1,-1,-1
368,35,256.5,246.75,45.5,45.5,1,1,-1,-1
369,35,257.0,246.5,45.25,45.5,1,1,-1,-1
370,35,257.0,246.75,45.5,45.5,1,1,-1,-1
371,35,258.0,245.5,45.25,45.5,1,1,-1,-1
372,35,257.75,245.0,45.5,45.5,1,1,-1,-1
373,35,257.75,244.75,45.25,45.5,1,1,-1,-1
374,35,257.75,244.5,45.25,45.5,1,1,-1,-1
375,35,256.75,244.25,45.25,45.5,1,1,-1,-1
376,35,256.25,244.25,45.25,45.5,1,1,-1,-1
377,35,256.25,242.5,45.0,45.75,1,1,-1,-1
378,35,258.25,237.25,45.0,45.5,1,1,-1,-1
379,35,257.5,245.5,45.0,45.0,1,1,-1,-1
380,35,258.0,240.75,45.25,45.5,1,1,-1,-1
381,35,257.75,240.5,45.0,45.5,1,1,-1,-1
382,35,258.5,243.5,45.0,45.0,1,1,-1,-1
383,35,258.5,242.5,45.0,45.0,1,1,-1,-1
384,35,258.5,242.5,45.0,45.0,1,1,-1,-1
385,35,258.5,242.5,45.0,45.0,1,1,-1,-1
386,35,258.5,242.5,45.0,45.0,1,1,-1,-1
387,35,258.5,242.5,45.0,45.0,1,1,-1,-1
388,35,258.5,242.5,45.0,45.0,1,1,-1,-1
389,35,258.5,242.5,45.0,45.0,1,1,-1,-1
390,35,258.5,242.5,45.0,45.0,1,1,-1,-1
391,35,258.5,242.5,45.0,45.0,1,1,-1,-1
392,35,258.5,242.5,45.0,45.0,1,1,-1,-1
393,35,258.5,242.5,45.0,45.0,1,1,-1,-1
394,35,258.5,242.5,45.0,45.0,1,1,-1,-1
395,35,258.5,242.5,45.0,45.0,1,1,-1,-1
396,35,258.5,242.5,45.0,45.0,1,1,-1,-1
397,35,258.5,242.5,45.0,45.0,1,1,-1,-1
398,35,258.5,242.5,45.0,45.0,1,1,-1,-1
399,35,258.5,242.5,45.0,45.0,1,1,-1,-1
400,35,258.5,242.5,45.0,45.0,1,1,-1,-1
401,35,258.5,242.5,45.0,45.0,1,1,-1,-1
402,35,258.5,242.5,45.0,45.0,1,1,-1,-1
403,35,258.5,242.5,45.0,45.0,1,1,-1,-1
404,35,258.5,242.5,45.0,45.0,1,1,-1,-1
405,35,258.5,242.5,45.0,45.0,1,1,-1,-1
406,35,258.5,242.5,45.0,45.0,1,1,-1,-1
407,35,258.5,242.5,45.0,45.0,1,1,-1,-1
408,35,258.5,242.5,45.0,45.0,1,1,-1,-1
409,35,258.5,242.5,45.0,45.0,1,1,-1,-1
410,35,258.5,242.5,45.0,45.0,1,1,-1,-1
411,35,258.5,242.5,45.0,45.0,1,1,-1,-1
412,35,258.5,242.5,45.0,45.0,1,1,-1,-1
413,35,258.5,242.5,45.0,45.0,1,1,-1,-1
414,35,258.5,242.5,45.0,45.0,1,1,-1,-1
415,35,258.5,242.5,45.0,45.0,1,1,-1,-1
416,35,258.5,242.5,45.0,45.0,1,1,-1,-1
417,35,258.5,242.5,45.0,45.0,1,1,-1,-1
418,35,258.5,242.5,45.0,45.0,1,1,-1,-1
419,35,258.5,242.5,45.0,45.0,1,1,-1,-1
420,35,258.5,242.5,45.0,45.0,1,1,-1,-1
421,35,258.5,242.5,45.0,45.0,1,1,-1,-1
422,35,258.5,242.5,45.0,45.0,1,1,-1,-1
423,35,258.5,242.5,45.0,45.0,1,1,-1,-1
424,35,258.5,242.5,45.0,45.0,1,1,-1,-1
425,35,258.5,242.5,45.0,45.0,1,1,-1,-1
426,35,258.5,242.5,45.0,45.0,1,1,-1,-1
427,35,258.5,242.5,45.0,45.0,1,1,-1,-1
428,35,258.5,242.5,45.0,45.0,1,1,-1,-1
429,35,258.5,242.5,45.0,45.0,1,1,-1,-1
430,35,258.5,242.5,45.0,45.0,1,1,-1,-1
431,35,258.5,242.5,45.0,45.0,1,1,-1,-1
432,35,258.5,242.5,45.0,45.0,1,1,-1,-1
433,35,258.5,242.5,45.0,45.0,1,1,-1,-1
434,35,258.5,242.5,45.0,45.0,1,1,-1,-1
435,35,258.5,242.5,45.0,45.0,1,1,-1,-1
436,35,258.5,242.5,45.0,45.0,1,1,-1,-1
437,35,258.5,242.5,45.0,45.0,1,1,-1,-1
438,35,258.5,242.5,45.0,45.0,1,1,-1,-1
439,35,258.5,242.5,45.0,45.0,1,1,-1,-1
440,35,258.5,242.5,45.0,45.0,1,1,-1,-1
441,35,258.5,242.5,45.0,45.0,1,1,-1,-1
442,35,258.5,242.5,45.0,45.0,1,1,-1,-1
443,35,258.5,242.5,45.0,45.0,1,1,-1,-1
444,35,258.5,242.5,45.0,45.0,1,1,-1,-1
445,35,258.5,242.5,45.0,45.0,1,1,-1,-1
446,35,258.5,242.5,45.0,45.0,1,1,-1,-1
447,35,258.5,242.5,45.0,45.0,1,1,-1,-1
448,35,258.5,242.5,45.0,45.0,1,1,-1,-1
449,35,258.5,242.5,45.0,45.0,1,1,-1,-1
450,35,258.5,242.5,45.0,45.0,1,1,-1,-1
451,35,258.5,242.5,45.0,45.0,1,1,-1,-1
452,35,258.5,242.5,45.0,45.0,1,1,-1,-1
453,35,258.5,242.5,45.0,45.0,1,1,-1,-1
454,35,258.5,242.5,45.0,45.0,1,1,-1,-1
455,35,258.5,242.5,45.0,45.0,1,1,-1,-1
456,35,258.5,242.5,45.0,45.0,1,1,-1,-1
457,35,258.5,242.5,45.0,45.0,1,1,-1,-1
458,35,258.5,242.5,45.0,45.0,1,1,-1,-1
459,35,258.5,242.5,45.0,45.0,1,1,-1,-1
460,35,258.5,242.5,45.0,45.0,1,1,-1,-1
461,35,258.5,242.5,45.0,45.0,1,1,-1,-1
462,35,258.5,242.5,45.0,45.0,1,1,-1,-1
463,35,258.5,242.5,45.0,45.0,1,1,-1,-1
464,35,258.5,242.5,45.0,45.0,1,1,-1,-1
465,35,258.5,242.5,45.0,45.0,1,1,-1,-1
466,35,258.5,242.5,45.0,45.0,1,1,-1,-1
467,35,258.5,242.5,45.0,45.0,1,1,-1,-1
468,35,258.5,242.5,45.0,45.0,1,1,-1,-1
469,35,258.5,242.5,45.0,45.0,1,1,-1,-1
470,35,258.5,242.5,45.0,45.0,1,1,-1,-1
471,35,258.5,242.5,45.0,45.0,1,1,-1,-1
472,35,258.5,242.5,45.0,45.0,1,1,-1,-1
473,35,258.5,242.5,45.0,45.0,1,1,-1,-1
474,35,258.5,242.5,45.0,45.0,1,1,-1,-1
475,35,258.5,242.5,45.0,45.0,1,1,-1,-1
476,35,258.5,242.5,45.0,45.0,1,1,-1,-1
477,35,258.5,242.5,45.0,45.0,1,1,-1,-1
478,35,258.5,242.5,45.0,45.0,1,1,-1,-1
479,35,258.5,242.5,45.0,45.0,1,1,-1,-1
480,35,258.5,242.5,45.0,45.0,1,1,-1,-1
481,35,258.5,242.5,45.0,45.0,1,1,-1,-1
482,35,258.5,242.5,45.0,45.0,1,1,-1,-1
483,35,258.5,242.5,45.0,45.0,1,1,-1,-1
484,35,258.5,242.5,45.0,45.0,1,1,-1,-1
485,35,258.5,242.5,45.0,45.0,1,1,-1,-1
486,35,258.5,242.5,45.0,45.0,1,1,-1,-1
487,35,258.5,242.5,45.0,45.0,1,1,-1,-1
488,35,258.5,242.5,45.0,45.0,1,1,-1,-1
489,35,258.5,242.5,45.0,45.0,1,1,-1,-1
490,35,258.5,242.5,45.0,45.0,1,1,-1,-1
491,35,258.5,242.5,45.0,45.0,1,1,-1,-1
492,35,258.5,242.5,45.0,45.0,1,1,-1,-1
493,35,258.5,242.5,45.0,45.0,1,1,-1,-1
494,35,258.5,242.5,45.0,45.0,1,1,-1,-1
495,35,258.5,242.5,45.0,45.0,1,1,-1,-1
496,35,258.5,242.5,45.0,45.0,1,1,-1,-1
497,35,258.5,242.5,45.0,45.0,1,1,-1,-1
498,35,258.5,242.5,45.0,45.0,1,1,-1,-1
499,35,258.5,242.5,45.0,45.0,1,1,-1,-1
500,35,258.5,242.5,45.0,45.0,1,1,-1,-1
1,36,221.0,180.0,45.0,45.25,1,1,-1,-1
2,36,221.0,178.25,45.0,45.5,1,1,-1,-1
3,36,220.0,176.75,45.0,45.5,1,1,-1,-1
4,36,217.75,175.25,45.25,45.5,1,1,-1,-1
5,36,218.75,173.5,45.0,45.5,1,1,-1,-1
6,36,218.25,172.25,45.25,45.25,1,1,-1,-1
7,36,219.5,170.25,45.0,45.5,1,1,-1,-1
8,36,222.75,168.0,45.0,45.25,1,1,-1,-1
9,36,224.0,165.0,45.25,45.5,1,1,-1,-1
10,36,226.0,162.25,45.25,45.5,1,1,-1,-1
11,36,227.0,160.0,45.0,45.5,1,1,-1,-1
12,36,229.25,156.5,45.25,45.5,1,1,-1,-1
13,36,231.25,154.0,45.25,45.5,1,1,-1,-1
14,36,234.0,150.75,45.25,45.25,1,1,-1,-1
15,36,235.75,148.5,45.0,45.25,1,1,-1,-1
16,36,237.25,144.0,45.25,46.5,1,1,-1,-1
17,36,239.5,141.25,45.0,45.25,1,1,-1,-1
18,36,241.75,136.75,45.25,45.25,1,1,-1,-1
19,36,243.5,131.0,44.75,45.0,1,1,-1,-1
20,36,243.25,129.0,45.0,45.25,1,1,-1,-1
21,36,244.0,127.75,45.0,45.0,1,1,-1,-1
22,36,243.75,126.25,45.0,45.25,1,1,-1,-1
23,36,244.0,126.0,45.0,45.25,1,1,-1,-1
24,36,243.25,125.75,45.0,45.25,1,1,-1,-1
25,36,242.25,126.5,45.25,45.25,1,1,-1,-1
26,36,242.0,126.0,45.25,45.25,1,1,-1,-1
27,36,242.25,125.0,45.25,45.5,1,1,-1,-1
28,36,243.25,125.0,45.5,45.25,1,1,-1,-1
29,36,243.5,125.0,45.5,45.25,1,1,-1,-1
30,36,243.5,125.5,45.25,45.25,1,1,-1,-1
31,36,243.5,124.75,45.25,45.25,1,1,-1,-1
32,36,243.25,123.25,45.0,45.25,1,1,-1,-1
33,36,243.25,123.0,45.25,45.0,1,1,-1,-1
34,36,243.75,122.5,45.0,45.0,1,1,-1,-1
35,36,247.0,122.75,45.25,45.0,1,1,-1,-1
36,36,247.75,122.5,45.0,45.0,1,1,-1,-1
37,36,248.25,123.0,45.0,45.0,1,1,-1,-1
38,36,248.25,124.75,45.0,45.0,1,1,-1,-1
39,36,247.5,121.75,45.0,45.0,1,1,-1,-1
40,36,248.5,125.25,45.0,45.0,1,1,-1,-1
41,36,247.5,124.0,45.0,45.0,1,1,-1,-1
42,36,247.5,123.5,45.25,45.0,1,1,-1,-1
43,36,248.0,122.75,45.0,44.75,1,1,-1,-1
44,36,247.5,122.75,45.0,44.75,1,1,-1,-1
45,36,246.25,122.75,45.0,45.0,1,1,-1,-1
46,36,246.5,122.75,45.0,44.75,1,1,-1,-1
47,36,246.5,123.5,45.0,44.75,1,1,-1,-1
48,36,246.75,124.0,44.75,44.75,1,1,-1,-1
49,36,247.0,124.0,45.0,44.75,1,1,-1,-1
50,36,245.75,126.0,45.0,44.75,1,1,-1,-1
51,36,246.5,128.5,44.75,44.75,1,1,-1,-1
52,36,247.0,131.75,45.0,45.0,1,1,-1,-1
53,36,246.5,127.5,45.0,45.0,1,1,-1,-1
54,36,246.5,127.5,45.0,45.0,1,1,-1,-1
55,36,246.5,127.5,45.0,45.0,1,1,-1,-1
56,36,246.5,127.5,45.0,45.0,1,1,-1,-1
57,36,244.75,123.75,45.0,45.25,1,1,-1,-1
58,36,243.75,123.0,45.25,45.25,1,1,-1,-1
59,36,246.5,124.5,45.0,45.0,1,1,-1,-1
60,36,247.5,123.5,45.0,45.0,1,1,-1,-1
61,36,245.5,124.5,45.0,45.0,1,1,-1,-1
62,36,245.5,124.5,45.0,45.0,1,1,-1,-1
63,36,245.5,124.5,45.0,45.0,1,1,-1,-1
64,36,245.5,124.5,45.0,45.0,1,1,-1,-1
65,36,246.5,124.5,45.0,45.0,1,1,-1,-1
66,36,246.5,124.5,45.0,45.0,1,1,-1,-1
67,36,246.5,124.5,45.0,45.0,1,1,-1,-1
68,36,246.5,124.5,45.0,45.0,1,1,-1,-1
69,36,246.5,124.5,45.0,45.0,1,1,-1,-1
70,36,246.5,124.5,45.0,45.0,1,1,-1,-1
71,36,246.5,124.5,45.0,45.0,1,1,-1,-1
72,36,246.5,124.5,45.0,45.0,1,1,-1,-1
73,36,246.5,124.5,45.0,45.0,1,1,-1,-1
74,36,246.5,124.5,45.0,45.0,1,1,-1,-1
75,36,246.5,124.5,45.0,45.0,1,1,-1,-1
76,36,246.5,124.5,45.0,45.0,1,1,-1,-1
77,36,246.5,124.5,45.0,45.0,1,1,-1,-1
78,36,246.5,128.5,45.0,45.0,1,1,-1,-1
79,36,246.5,133.5,45.0,45.0,1,1,-1,-1
80,36,247.5,132.5,45.0,45.0,1,1,-1,-1
81,36,247.5,132.5,45.0,45.0,1,1,-1,-1
82,36,246.5,129.5,45.0,45.0,1,1,-1,-1
83,36,246.25,127.25,45.25,45.25,1,1,-1,-1
84,36,246.5,126.25,45.25,45.25,1,1,-1,-1
85,36,246.75,126.5,45.25,45.0,1,1,-1,-1
86,36,243.0,130.75,45.25,45.0,1,1,-1,-1
87,36,246.5,127.5,45.0,45.0,1,1,-1,-1
88,36,245.5,127.5,45.0,45.0,1,1,-1,-1
89,36,245.5,127.5,45.0,45.0,1,1,-1,-1
90,36,245.5,127.5,45.0,45.0,1,1,-1,-1
91,36,245.5,127.5,45.0,45.0,1,1,-1,-1
92,36,246.5,126.5,45.0,45.0,1,1,-1,-1
93,36,246.5,126.5,45.0,45.0,1,1,-1,-1
94,36,246.5,126.5,45.0,45.0,1,1,-1,-1
95,36,246.5,126.5,45.0,45.0,1,1,-1,-1
96,36,246.5,126.5,45.0,45.0,1,1,-1,-1
97,36,246.5,126.5,45.0,45.0,1,1,-1,-1
98,36,246.5,126.5,45.0,45.0,1,1,-1,-1
99,36,246.5,126.5,45.0,45.0,1,1,-1,-1
100,36,246.5,126.5,45.0,45.0,1,1,-1,-1
101,36,246.5,126.5,45.0,45.0,1,1,-1,-1
102,36,246.5,126.5,45.0,45.0,1,1,-1,-1
103,36,246.5,126.5,45.0,45.0,1,1,-1,-1
104,36,246.5,126.5,45.0,45.0,1,1,-1,-1
105,36,246.5,126.5,45.0,45.0,1,1,-1,-1
106,36,246.5,126.5,45.0,45.0,1,1,-1,-1
107,36,246.5,126.5,45.0,45.0,1,1,-1,-1
108,36,246.5,126.5,45.0,45.0,1,1,-1,-1
109,36,246.5,126.5,45.0,45.0,1,1,-1,-1
110,36,246.5,126.5,45.0,45.0,1,1,-1,-1
111,36,246.5,126.5,45.0,45.0,1,1,-1,-1
112,36,246.5,126.5,45.0,45.0,1,1,-1,-1
113,36,246.5,126.5,45.0,45.0,1,1,-1,-1
114,36,246.5,126.5,45.0,45.0,1,1,-1,-1
115,36,246.5,126.5,45.0,45.0,1,1,-1,-1
116,36,246.5,126.5,45.0,45.0,1,1,-1,-1
117,36,246.5,126.5,45.0,45.0,1,1,-1,-1
118,36,246.5,126.5,45.0,45.0,1,1,-1,-1
119,36,246.5,126.5,45.0,45.0,1,1,-1,-1
120,36,246.5,126.5,45.0,45.0,1,1,-1,-1
121,36,246.5,126.5,45.0,45.0,1,1,-1,-1
122,36,246.5,126.5,45.0,45.0,1,1,-1,-1
123,36,246.5,126.5,45.0,45.0,1,1,-1,-1
124,36,246.5,126.5,45.0,45.0,1,1,-1,-1
125,36,246.5,126.5,45.0,45.0,1,1,-1,-1
126,36,246.5,126.5,45.0,45.0,1,1,-1,-1
127,36,246.5,126.5,45.0,45.0,1,1,-1,-1
128,36,246.5,126.5,45.0,45.0,1,1,-1,-1
129,36,246.5,126.5,45.0,45.0,1,1,-1,-1
130,36,246.5,126.5,45.0,45.0,1,1,-1,-1
131,36,246.5,126.5,45.0,45.0,1,1,-1,-1
132,36,246.5,126.5,45.0,45.0,1,1,-1,-1
133,36,246.5,126.5,45.0,45.0,1,1,-1,-1
134,36,246.5,126.5,45.0,45.0,1,1,-1,-1
135,36,246.5,126.5,45.0,45.0,1,1,-1,-1
136,36,246.5,126.5,45.0,45.0,1,1,-1,-1
137,36,246.5,126.5,45.0,45.0,1,1,-1,-1
138,36,246.5,126.5,45.0,45.0,1,1,-1,-1
139,36,246.5,126.5,45.0,45.0,1,1,-1,-1
140,36,246.5,126.5,45.0,45.0,1,1,-1,-1
141,36,246.5,126.5,45.0,45.0,1,1,-1,-1
142,36,246.5,126.5,45.0,45.0,1,1,-1,-1
143,36,246.5,126.5,45.0,45.0,1,1,-1,-1
144,36,246.5,126.5,45.0,45.0,1,1,-1,-1
145,36,246.5,126.5,45.0,45.0,1,1,-1,-1
146,36,246.5,126.5,45.0,45.0,1,1,-1,-1
147,36,246.5,126.5,45.0,45.0,1,1,-1,-1
148,36,246.5,126.5,45.0,45.0,1,1,-1,-1
149,36,246.5,126.5,45.0,45.0,1,1,-1,-1
150,36,246.5,126.5,45.0,45.0,1,1,-1,-1
151,36,246.5,126.5,45.0,45.0,1,1,-1,-1
152,36,246.5,126.5,45.0,45.0,1,1,-1,-1
153,36,246.5,126.5,45.0,45.0,1,1,-1,-1
154,36,246.5,126.5,45.0,45.0,1,1,-1,-1
155,36,246.5,126.5,45.0,45.0,1,1,-1,-1
156,36,246.5,126.5,45.0,45.0,1,1,-1,-1
157,36,246.5,126.5,45.0,45.0,1,1,-1,-1
158,36,246.5,126.5,45.0,45.0,1,1,-1,-1
159,36,246.5,126.5,45.0,45.0,1,1,-1,-1
160,36,246.5,126.5,45.0,45.0,1,1,-1,-1
161,36,246.5,126.5,45.0,45.0,1,1,-1,-1
162,36,246.5,126.5,45.0,45.0,1,1,-1,-1
163,36,246.5,126.5,45.0,45.0,1,1,-1,-1
164,36,246.5,126.5,45.0,45.0,1,1,-1,-1
165,36,243.5,125.5,45.0,45.0,1,1,-1,-1
166,36,243.5,125.5,45.0,45.0,1,1,-1,-1
167,36,243.25,123.5,45.0,45.25,1,1,-1,-1
168,36,241.5,123.5,45.0,45.25,1,1,-1,-1
169,36,240.75,122.25,45.0,45.25,1,1,-1,-1
170,36,239.0,122.25,45.25,45.25,1,1,-1,-1
171,36,237.5,120.75,45.0,45.25,1,1,-1,-1
172,36,235.75,120.75,45.25,45.25,1,1,-1,-1
173,36,235.5,120.25,45.25,45.5,1,1,-1,-1
174,36,235.5,120.25,45.25,45.25,1,1,-1,-1
175,36,236.75,120.75,45.25,45.25,1,1,-1,-1
176,36,237.0,120.25,45.25,45.25,1,1,-1,-1
177,36,239.25,119.25,45.25,45.25,1,1,-1,-1
178,36,239.5,119.25,45.25,45.25,1,1,-1,-1
179,36,240.0,118.75,45.25,45.25,1,1,-1,-1
180,36,240.25,118.75,45.25,45.25,1,1,-1,-1
181,36,240.25,118.75,45.0,45.25,1,1,-1,-1
182,36,239.25,117.25,45.25,45.25,1,1,-1,-1
183,36,243.5,113.25,45.5,45.0,1,1,-1,-1
184,36,246.0,113.25,45.5,45.0,1,1,-1,-1
185,36,245.75,112.5,45.5,45.0,1,1,-1,-1
186,36,246.5,113.5,45.25,45.25,1,1,-1,-1
187,36,245.75,113.25,45.25,45.0,1,1,-1,-1
188,36,245.0,113.5,45.25,45.25,1,1,-1,-1
189,36,245.25,112.0,45.5,45.25,1,1,-1,-1
190,36,247.0,115.25,45.25,45.25,1,1,-1,-1
191,36,248.25,118.75,45.25,45.5,1,1,-1,-1
192,36,249.5,124.0,45.25,45.25,1,1,-1,-1
193,36,250.75,118.0,45.5,45.25,1,1,-1,-1
194,36,250.5,121.0,45.75,45.25,1,1,-1,-1
195,36,251.75,120.75,46.0,45.75,1,1,-1,-1
196,36,257.5,119.5,45.0,45.0,1,1,-1,-1
197,36,260.0,117.0,45.5,45.25,1,1,-1,-1
198,36,261.75,117.25,45.5,45.5,1,1,-1,-1
199,36,265.75,119.75,45.25,45.25,1,1,-1,-1
200,36,268.25,120.0,45.25,45.25,1,1,-1,-1
201,36,269.5,121.0,45.0,45.25,1,1,-1,-1
202,36,272.5,117.25,45.25,46.0,1,1,-1,-1
203,36,276.75,114.75,45.25,45.25,1,1,-1,-1
204,36,278.25,112.75,45.5,45.5,1,1,-1,-1
205,36,280.0,110.0,45.5,45.5,1,1,-1,-1
206,36,283.25,105.75,45.5,45.25,1,1,-1,-1
207,36,284.5,103.25,45.25,46.0,1,1,-1,-1
208,36,286.5,101.0,45.0,45.5,1,1,-1,-1
209,36,289.5,97.5,44.75,45.5,1,1,-1,-1
210,36,290.75,93.5,45.0,45.5,1,1,-1,-1
211,36,290.25,90.5,45.0,45.5,1,1,-1,-1
212,36,293.75,87.25,44.75,45.0,1,1,-1,-1
213,36,295.0,83.0,45.25,45.25,1,1,-1,-1
214,36,298.75,80.5,45.0,45.5,1,1,-1,-1
215,36,301.75,80.5,45.0,45.25,1,1,-1,-1
216,36,304.25,79.25,45.25,45.25,1,1,-1,-1
217,36,306.75,80.75,45.0,45.25,1,1,-1,-1
218,36,312.5,81.0,45.0,45.0,1,1,-1,-1
219,36,315.5,81.0,45.0,45.25,1,1,-1,-1
220,36,318.75,81.0,45.0,45.5,1,1,-1,-1
221,36,322.0,80.0,44.75,45.25,1,1,-1,-1
222,36,327.0,76.75,44.75,45.25,1,1,-1,-1
223,36,329.5,74.5,45.0,45.25,1,1,-1,-1
224,36,333.0,69.75,45.0,45.5,1,1,-1,-1
225,36,336.75,66.0,45.0,45.25,1,1,-1,-1
226,36,342.25,60.25,45.0,45.25,1,1,-1,-1
227,36,345.934,55.894,45.0,45.25,1,1,-1,-1
228,36,348.5,53.0,45.0,45.5,1,1,-1,-1
229,36,352.5,49.0,45.25,45.25,1,1,-1,-1
230,36,356.75,44.75,45.25,45.0,1,1,-1,-1
231,36,357.75,44.25,45.25,45.25,1,1,-1,-1
232,36,356.5,41.5,45.0,45.0,1,1,-1,-1
233,36,356.5,41.5,45.0,45.0,1,1,-1,-1
234,36,356.5,41.5,45.0,45.0,1,1,-1,-1
235,36,354.5,35.5,45.0,45.0,1,1,-1,-1
236,36,352.0,36.25,45.25,45.5,1,1,-1,-1
237,36,351.5,34.5,45.0,45.25,1,1,-1,-1
238,36,350.75,34.5,45.25,45.5,1,1,-1,-1
239,36,352.75,34.5,45.25,45.25,1,1,-1,-1
240,36,355.75,34.5,45.25,45.25,1,1,-1,-1
241,36,359.25,31.25,45.25,45.25,1,1,-1,-1
242,36,364.0,29.0,45.25,45.0,1,1,-1,-1
243,36,365.0,28.25,45.25,45.25,1,1,-1,-1
244,36,365.25,30.25,45.0,45.0,1,1,-1,-1
245,36,366.5,29.5,45.0,45.0,1,1,-1,-1
246,36,368.25,28.25,45.0,45.0,1,1,-1,-1
247,36,371.5,28.0,45.0,45.0,1,1,-1,-1
248,36,376.5,27.75,45.0,45.0,1,1,-1,-1
249,36,379.5,28.5,45.0,45.0,1,1,-1,-1
250,36,379.5,28.5,45.0,45.0,1,1,-1,-1
251,36,387.25,28.5,44.75,45.0,1,1,-1,-1
252,36,393.25,25.75,44.75,45.0,1,1,-1,-1
253,36,398.5,24.5,45.0,45.25,1,1,-1,-1
254,36,405.25,22.0,45.0,45.25,1,1,-1,-1
255,36,409.75,20.0,45.0,45.0,1,1,-1,-1
256,36,413.5,19.25,45.25,45.25,1,1,-1,-1
257,36,415.75,19.75,45.0,45.25,1,1,-1,-1
258,36,417.75,21.0,45.25,45.25,1,1,-1,-1
259,36,418.75,22.25,45.25,45.25,1,1,-1,-1
260,36,419.25,25.25,45.25,45.25,1,1,-1,-1
261,36,421.75,29.25,45.25,45.0,1,1,-1,-1
262,36,424.5,31.75,45.25,45.0,1,1,-1,-1
263,36,428.25,34.25,45.0,44.75,1,1,-1,-1
264,36,433.0,37.25,45.0,45.25,1,1,-1,-1
265,36,437.25,40.0,45.0,45.25,1,1,-1,-1
266,36,444.25,40.75,45.0,45.25,1,1,-1,-1
267,36,448.0,41.75,45.25,45.25,1,1,-1,-1
268,36,455.75,42.75,45.0,45.25,1,1,-1,-1
269,36,459.75,43.5,45.0,45.5,1,1,-1,-1
270,36,466.5,44.5,45.0,45.25,1,1,-1,-1
271,36,473.5,44.75,45.25,45.25,1,1,-1,-1
272,36,479.75,45.25,45.25,45.25,1,1,-1,-1
273,36,483.0,44.5,45.0,45.0,1,1,-1,-1
274,36,484.5,43.5,45.25,45.0,1,1,-1,-1
275,36,487.5,42.0,45.0,45.0,1,1,-1,-1
276,36,489.0,41.25,45.0,45.25,1,1,-1,-1
277,36,493.5,41.75,45.25,45.0,1,1,-1,-1
278,36,494.75,41.0,45.25,45.0,1,1,-1,-1
279,36,495.0,40.0,45.25,45.25,1,1,-1,-1
280,36,494.5,39.0,45.0,45.25,1,1,-1,-1
281,36,492.75,39.0,45.25,45.25,1,1,-1,-1
282,36,491.25,38.5,45.25,45.0,1,1,-1,-1
283,36,489.75,39.0,45.25,45.25,1,1,-1,-1
284,36,490.25,39.5,45.25,45.25,1,1,-1,-1
285,36,488.5,44.25,45.25,45.25,1,1,-1,-1
286,36,489.0,46.0,45.5,45.5,1,1,-1,-1
287,36,487.5,48.5,45.25,45.5,1,1,-1,-1
288,36,487.0,48.5,45.25,45.25,1,1,-1,-1
289,36,486.75,47.75,45.25,45.5,1,1,-1,-1
290,36,486.75,48.0,45.5,45.5,1,1,-1,-1
291,36,487.75,48.0,45.25,45.5,1,1,-1,-1
292,36,486.5,48.5,45.25,45.5,1,1,-1,-1
293,36,486.75,49.25,45.25,45.5,1,1,-1,-1
294,36,487.5,49.75,45.25,45.5,1,1,-1,-1
295,36,487.5,50.75,45.0,45.75,1,1,-1,-1
296,36,487.75,50.75,45.25,45.5,1,1,-1,-1
297,36,488.0,52.5,45.25,45.5,1,1,-1,-1
298,36,488.75,53.5,45.0,45.5,1,1,-1,-1
299,36,489.5,55.25,45.25,45.5,1,1,-1,-1
300,36,491.25,56.5,45.25,45.5,1,1,-1,-1
301,36,493.25,55.75,45.0,45.5,1,1,-1,-1
302,36,494.0,55.5,45.25,45.75,1,1,-1,-1
303,36,494.5,56.5,45.25,45.75,1,1,-1,-1
304,36,495.75,59.25,45.25,45.75,1,1,-1,-1
305,36,497.75,62.5,45.25,45.5,1,1,-1,-1
306,36,498.0,64.5,45.25,45.5,1,1,-1,-1
307,36,499.0,66.25,45.0,45.5,1,1,-1,-1
308,36,502.0,68.0,45.0,45.5,1,1,-1,-1
309,36,506.0,70.75,45.0,45.5,1,1,-1,-1
310,36,509.0,72.75,45.5,45.5,1,1,-1,-1
311,36,512.0,75.5,45.0,45.25,1,1,-1,-1
312,36,514.75,78.75,44.75,45.25,1,1,-1,-1
313,36,519.5,81.25,45.0,45.25,1,1,-1,-1
314,36,524.5,83.0,45.25,45.25,1,1,-1,-1
315,36,531.25,85.5,45.25,45.0,1,1,-1,-1
316,36,539.0,87.75,45.0,45.25,1,1,-1,-1
317,36,544.75,89.75,44.75,45.25,1,1,-1,-1
318,36,547.5,93.5,44.75,45.25,1,1,-1,-1
319,36,551.25,99.25,44.75,45.0,1,1,-1,-1
320,36,554.75,101.75,45.0,45.0,1,1,-1,-1
321,36,555.75,103.5,45.0,45.0,1,1,-1,-1
322,36,558.0,103.75,45.25,45.25,1,1,-1,-1
323,36,559.75,104.25,45.25,45.25,1,1,-1,-1
324,36,559.5,104.0,45.25,45.0,1,1,-1,-1
325,36,561.25,102.25,45.25,45.25,1,1,-1,-1
326,36,562.0,100.75,45.25,45.25,1,1,-1,-1
327,36,563.5,103.5,45.25,45.25,1,1,-1,-1
328,36,567.25,105.0,45.0,45.0,1,1,-1,-1
329,36,570.0,106.25,45.0,45.0,1,1,-1,-1
330,36,572.0,106.25,45.0,45.0,1,1,-1,-1
331,36,577.0,107.25,44.75,44.75,1,1,-1,-1
332,36,580.75,106.0,45.0,45.0,1,1,-1,-1
333,36,588.25,106.25,45.0,45.25,1,1,-1,-1
334,36,591.0,106.0,45.0,45.25,1,1,-1,-1
335,36,593.5,106.5,45.25,45.25,1,1,-1,-1
336,36,596.25,106.75,45.0,45.25,1,1,-1,-1
337,36,596.75,108.25,45.0,45.0,1,1,-1,-1
338,36,596.75,109.5,45.25,45.25,1,1,-1,-1
339,36,595.0,111.75,45.25,45.5,1,1,-1,-1
340,36,592.5,112.75,45.25,45.0,1,1,-1,-1
341,36,589.25,113.75,45.25,45.25,1,1,-1,-1
342,36,586.75,116.0,45.0,45.0,1,1,-1,-1
343,36,583.0,118.0,45.0,45.0,1,1,-1,-1
344,36,583.0,122.0,44.75,44.75,1,1,-1,-1
345,36,582.75,124.75,45.0,45.0,1,1,-1,-1
346,36,580.75,129.25,45.0,45.0,1,1,-1,-1
347,36,580.25,134.0,45.0,45.25,1,1,-1,-1
348,36,580.5,137.75,44.75,45.25,1,1,-1,-1
349,36,579.0,143.25,44.75,45.0,1,1,-1,-1
350,36,578.75,148.0,44.75,45.0,1,1,-1,-1
351,36,579.5,153.75,45.25,45.0,1,1,-1,-1
352,36,580.5,159.0,45.25,45.0,1,1,-1,-1
353,36,582.25,164.0,45.0,45.0,1,1,-1,-1
354,36,581.5,166.5,44.75,44.75,1,1,-1,-1
355,36,581.0,167.75,45.0,45.0,1,1,-1,-1
356,36,578.5,169.25,44.75,45.0,1,1,-1,-1
357,36,576.5,172.5,45.0,45.0,1,1,-1,-1
358,36,574.5,175.75,44.75,45.0,1,1,-1,-1
359,36,570.0,178.0,44.75,45.0,1,1,-1,-1
360,36,567.0,177.5,44.75,45.0,1,1,-1,-1
361,36,562.25,179.75,45.0,45.0,1,1,-1,-1
362,36,559.75,180.75,45.0,45.25,1,1,-1,-1
363,36,555.25,182.5,45.0,45.25,1,1,-1,-1
364,36,550.25,183.0,45.0,45.0,1,1,-1,-1
365,36,547.75,181.0,45.0,45.0,1,1,-1,-1
366,36,545.25,180.5,44.75,44.75,1,1,-1,-1
367,36,542.75,179.25,45.0,45.0,1,1,-1,-1
368,36,538.75,176.75,45.0,45.0,1,1,-1,-1
369,36,537.5,175.5,45.0,45.0,1,1,-1,-1
370,36,536.25,174.5,45.0,45.0,1,1,-1,-1
371,36,534.5,172.0,45.25,45.0,1,1,-1,-1
372,36,534.0,169.25,45.25,45.0,1,1,-1,-1
373,36,536.25,168.0,45.25,45.0,1,1,-1,-1
374,36,535.25,165.5,45.25,44.75,1,1,-1,-1
375,36,534.75,165.0,45.25,45.0,1,1,-1,-1
376,36,533.5,163.5,45.5,45.0,1,1,-1,-1
377,36,533.0,163.0,45.25,45.0,1,1,-1,-1
378,36,532.0,163.25,45.25,45.0,1,1,-1,-1
379,36,532.0,163.75,45.25,45.0,1,1,-1,-1
380,36,532.25,164.25,45.25,45.0,1,1,-1,-1
381,36,532.0,162.0,45.25,45.0,1,1,-1,-1
382,36,532.0,161.25,45.25,45.0,1,1,-1,-1
383,36,533.0,159.0,45.25,44.75,1,1,-1,-1
384,36,532.0,158.75,45.25,45.0,1,1,-1,-1
385,36,533.5,157.25,45.25,45.25,1,1,-1,-1
386,36,534.5,156.75,45.25,45.0,1,1,-1,-1
387,36,533.75,156.0,45.25,45.0,1,1,-1,-1
388,36,535.0,154.0,45.25,45.25,1,1,-1,-1
389,36,535.25,152.5,45.25,45.0,1,1,-1,-1
390,36,534.75,151.75,45.5,45.25,1,1,-1,-1
391,36,533.75,152.5,45.25,45.25,1,1,-1,-1
392,36,531.75,152.0,45.25,45.0,1,1,-1,-1
393,36,531.5,150.25,45.25,45.0,1,1,-1,-1
394,36,531.0,148.75,45.0,45.0,1,1,-1,-1
395,36,535.0,148.75,45.25,44.75,1,1,-1,-1
396,36,535.5,145.25,45.25,45.0,1,1,-1,-1
397,36,538.5,144.5,45.0,45.0,1,1,-1,-1
398,36,538.75,144.75,45.0,45.0,1,1,-1,-1
399,36,538.75,146.0,44.75,44.75,1,1,-1,-1
400,36,539.5,146.0,45.0,45.0,1,1,-1,-1
401,36,540.25,144.25,45.0,45.0,1,1,-1,-1
402,36,542.25,141.75,45.0,45.0,1,1,-1,-1
403,36,545.25,139.75,44.75,44.75,1,1,-1,-1
404,36,546.0,137.5,44.75,45.0,1,1,-1,-1
405,36,545.75,136.5,45.0,45.0,1,1,-1,-1
406,36,545.0,135.0,44.75,45.0,1,1,-1,-1
407,36,544.0,135.0,44.75,45.0,1,1,-1,-1
408,36,543.0,134.25,44.75,45.0,1,1,-1,-1
409,36,540.75,133.5,44.75,44.75,1,1,-1,-1
410,36,538.5,133.0,45.0,44.75,1,1,-1,-1
411,36,535.5,131.5,45.0,45.0,1,1,-1,-1
412,36,534.0,130.0,45.25,45.25,1,1,-1,-1
413,36,528.75,122.5,45.0,45.0,1,1,-1,-1
414,36,526.0,117.75,45.25,45.0,1,1,-1,-1
415,36,522.75,115.5,45.0,45.0,1,1,-1,-1
416,36,519.75,113.75,45.25,45.0,1,1,-1,-1
417,36,515.5,110.5,45.25,45.25,1,1,-1,-1
418,36,510.5,106.75,45.25,45.25,1,1,-1,-1
419,36,506.25,104.0,45.25,45.5,1,1,-1,-1
420,36,504.5,104.0,45.25,45.0,1,1,-1,-1
421,36,503.5,103.5,45.0,45.0,1,1,-1,-1
422,36,501.75,103.0,45.0,45.25,1,1,-1,-1
423,36,501.25,102.75,45.0,45.0,1,1,-1,-1
424,36,500.75,102.0,45.25,45.25,1,1,-1,-1
425,36,502.0,101.75,45.0,45.25,1,1,-1,-1
426,36,500.75,100.5,45.0,45.0,1,1,-1,-1
427,36,500.25,99.5,45.0,45.25,1,1,-1,-1
428,36,500.0,97.5,44.75,45.25,1,1,-1,-1
429,36,500.25,95.25,44.75,45.0,1,1,-1,-1
430,36,500.75,92.5,45.0,45.25,1,1,-1,-1
431,36,501.0,90.0,44.75,45.25,1,1,-1,-1
432,36,501.5,89.5,45.0,45.25,1,1,-1,-1
433,36,502.5,84.5,45.0,45.5,1,1,-1,-1
434,36,503.0,83.75,45.0,45.5,1,1,-1,-1
435,36,503.0,83.5,45.25,45.25,1,1,-1,-1
436,36,503.5,82.5,45.0,45.5,1,1,-1,-1
437,36,504.25,82.25,45.0,45.5,1,1,-1,-1
438,36,504.25,80.75,45.25,45.75,1,1,-1,-1
439,36,503.75,76.5,45.25,46.75,1,1,-1,-1
440,36,503.0,74.75,44.75,45.5,1,1,-1,-1
441,36,503.0,77.75,45.0,45.25,1,1,-1,-1
442,36,501.25,77.25,44.75,45.5,1,1,-1,-1
443,36,497.5,77.75,45.0,45.25,1,1,-1,-1
444,36,497.0,76.25,45.0,45.5,1,1,-1,-1
445,36,493.25,75.25,45.0,45.25,1,1,-1,-1
446,36,489.5,74.5,45.25,45.5,1,1,-1,-1
447,36,489.0,73.5,45.25,45.25,1,1,-1,-1
448,36,489.0,74.0,45.0,45.5,1,1,-1,-1
449,36,487.75,74.5,45.25,45.25,1,1,-1,-1
450,36,488.5,75.5,45.25,45.5,1,1,-1,-1
451,36,487.75,73.25,45.25,45.5,1,1,-1,-1
452,36,488.0,74.5,45.25,45.5,1,1,-1,-1
453,36,488.5,71.5,45.5,47.0,1,1,-1,-1
454,36,487.0,70.0,47.5,49.5,1,1,-1,-1
455,36,488.75,72.5,45.5,47.25,1,1,-1,-1
456,36,488.5,72.25,45.25,46.75,1,1,-1,-1
457,36,491.0,72.5,45.5,46.75,1,1,-1,-1
458,36,493.5,76.5,45.0,45.0,1,1,-1,-1
459,36,492.5,77.5,45.0,45.25,1,1,-1,-1
460,36,492.0,76.25,45.0,45.5,1,1,-1,-1
461,36,492.5,78.0,45.25,46.0,1,1,-1,-1
462,36,495.0,81.75,45.0,45.5,1,1,-1,-1
463,36,499.25,84.25,45.0,45.5,1,1,-1,-1
464,36,501.0,83.75,45.0,45.5,1,1,-1,-1
465,36,502.75,82.0,44.75,45.25,1,1,-1,-1
466,36,502.75,82.0,44.75,45.25,1,1,-1,-1
467,36,502.75,82.0,44.75,45.25,1,1,-1,-1
468,36,502.75,82.0,44.75,45.25,1,1,-1,-1
469,36,502.75,82.0,44.75,45.25,1,1,-1,-1
470,36,501.75,79.75,45.25,45.5,1,1,-1,-1
471,36,500.25,78.0,45.25,45.75,1,1,-1,-1
472,36,497.0,78.0,45.25,46.25,1,1,-1,-1
473,36,495.5,80.5,45.0,45.5,1,1,-1,-1
474,36,506.0,62.5,47.25,49.5,1,1,-1,-1
475,36,504.75,57.5,47.5,49.75,1,1,-1,-1
476,36,507.25,62.5,46.75,49.0,1,1,-1,-1
477,36,507.25,62.5,46.5,48.75,1,1,-1,-1
478,36,505.5,62.5,46.0,48.0,1,1,-1,-1
479,36,504.75,59.25,45.25,46.75,1,1,-1,-1
480,36,503.75,59.5,45.0,46.0,1,1,-1,-1
481,36,501.0,57.5,45.25,46.25,1,1,-1,-1
482,36,498.75,54.25,45.25,45.5,1,1,-1,-1
483,36,500.25,52.75,45.25,45.75,1,1,-1,-1
484,36,503.75,59.0,45.25,46.0,1,1,-1,-1
485,36,504.25,60.5,45.25,45.5,1,1,-1,-1
486,36,504.75,60.5,45.0,45.5,1,1,-1,-1
487,36,504.5,61.0,45.0,45.75,1,1,-1,-1
488,36,504.0,61.25,45.25,45.5,1,1,-1,-1
489,36,504.25,60.75,45.0,45.5,1,1,-1,-1
490,36,504.5,59.75,45.25,45.5,1,1,-1,-1
491,36,504.5,59.0,45.25,45.5,1,1,-1,-1
492,36,505.75,56.25,45.0,45.5,1,1,-1,-1
493,36,506.0,56.75,45.25,45.75,1,1,-1,-1
494,36,512.25,61.75,45.25,45.75,1,1,-1,-1
495,36,512.75,62.75,45.25,45.75,1,1,-1,-1
496,36,512.5,62.75,45.5,45.75,1,1,-1,-1
497,36,512.25,61.5,45.25,45.75,1,1,-1,-1
498,36,510.0,58.75,46.75,49.0,1,1,-1,-1
499,36,512.75,60.0,45.5,47.25,1,1,-1,-1
500,36,513.25,58.0,45.5,47.0,1,1,-1,-1
1,37,557.5,121.75,45.0,45.0,1,1,-1,-1
2,37,553.75,118.75,45.25,45.25,1,1,-1,-1
3,37,550.25,116.5,45.0,45.0,1,1,-1,-1
4,37,547.5,115.25,45.25,45.25,1,1,-1,-1
5,37,544.75,114.25,45.25,45.0,1,1,-1,-1
6,37,543.5,113.25,45.25,45.0,1,1,-1,-1
7,37,542.25,113.0,45.25,45.0,1,1,-1,-1
8,37,540.0,114.5,45.25,45.0,1,1,-1,-1
9,37,539.0,113.0,45.25,45.0,1,1,-1,-1
10,37,538.5,113.25,45.25,45.0,1,1,-1,-1
11,37,535.5,111.25,45.25,45.0,1,1,-1,-1
12,37,535.75,111.5,45.5,45.0,1,1,-1,-1
13,37,533.25,111.25,45.25,45.25,1,1,-1,-1
14,37,533.0,110.75,45.25,45.0,1,1,-1,-1
15,37,530.5,110.5,45.5,45.25,1,1,-1,-1
16,37,531.75,108.0,45.25,45.25,1,1,-1,-1
17,37,530.0,109.75,45.75,45.25,1,1,-1,-1
18,37,530.25,107.5,45.25,45.25,1,1,-1,-1
19,37,530.5,105.75,45.25,45.25,1,1,-1,-1
20,37,531.0,104.5,45.25,45.0,1,1,-1,-1
21,37,531.0,104.0,45.25,45.0,1,1,-1,-1
22,37,532.75,102.25,44.75,44.75,1,1,-1,-1
23,37,531.0,101.25,45.0,45.0,1,1,-1,-1
24,37,528.5,100.25,45.0,45.0,1,1,-1,-1
25,37,523.5,98.5,45.0,45.25,1,1,-1,-1
26,37,521.75,97.0,45.25,45.25,1,1,-1,-1
27,37,520.75,98.25,45.25,45.0,1,1,-1,-1
28,37,521.0,99.25,45.0,45.0,1,1,-1,-1
29,37,521.75,98.75,45.0,45.0,1,1,-1,-1
30,37,518.5,97.75,45.0,45.25,1,1,-1,-1
31,37,519.75,97.5,44.75,45.0,1,1,-1,-1
32,37,518.75,94.0,45.0,45.25,1,1,-1,-1
33,37,519.25,94.0,45.0,45.0,1,1,-1,-1
34,37,519.25,92.0,45.0,45.25,1,1,-1,-1
35,37,518.0,92.0,45.0,45.0,1,1,-1,-1
36,37,516.5,88.0,45.0,45.0,1,1,-1,-1
37,37,513.0,84.5,45.25,45.0,1,1,-1,-1
38,37,512.5,83.5,45.25,45.0,1,1,-1,-1
39,37,510.75,81.0,45.25,45.25,1,1,-1,-1
40,37,510.5,80.75,45.25,45.5,1,1,-1,-1
41,37,510.75,80.0,45.25,45.25,1,1,-1,-1
42,37,512.5,80.5,45.0,45.25,1,1,-1,-1
43,37,513.25,79.75,45.25,45.5,1,1,-1,-1
44,37,513.75,79.5,45.25,45.25,1,1,-1,-1
45,37,514.0,79.75,45.0,45.5,1,1,-1,-1
46,37,515.0,80.0,45.0,45.5,1,1,-1,-1
47,37,515.25,79.5,45.0,45.75,1,1,-1,-1
48,37,514.75,79.75,45.25,46.0,1,1,-1,-1
49,37,517.5,84.0,45.25,45.5,1,1,-1,-1
50,37,517.5,84.0,45.25,45.5,1,1,-1,-1
51,37,517.5,84.0,45.25,45.5,1,1,-1,-1
52,37,517.5,84.0,45.25,45.5,1,1,-1,-1
53,37,517.5,84.0,45.25,45.5,1,1,-1,-1
54,37,517.5,84.0,45.25,45.5,1,1,-1,-1
55,37,521.75,79.25,45.25,45.5,1,1,-1,-1
56,37,521.5,79.5,45.25,45.25,1,1,-1,-1
57,37,521.5,80.0,45.25,45.5,1,1,-1,-1
58,37,521.25,80.0,45.25,45.5,1,1,-1,-1
59,37,518.5,80.0,45.25,46.5,1,1,-1,-1
60,37,518.0,80.25,45.25,45.5,1,1,-1,-1
61,37,518.0,80.75,45.0,45.5,1,1,-1,-1
62,37,516.75,79.5,45.25,45.25,1,1,-1,-1
63,37,515.0,79.0,45.25,45.5,1,1,-1,-1
64,37,514.0,80.5,45.25,45.25,1,1,-1,-1
65,37,512.5,81.5,45.0,45.0,1,1,-1,-1
66,37,512.5,81.5,45.0,45.0,1,1,-1,-1
67,37,512.5,81.5,45.0,45.0,1,1,-1,-1
68,37,504.5,82.5,45.0,45.0,1,1,-1,-1
69,37,504.5,82.5,45.0,45.0,1,1,-1,-1
70,37,504.5,82.5,45.0,45.0,1,1,-1,-1
71,37,500.5,78.5,45.0,45.0,1,1,-1,-1
72,37,500.5,78.5,45.0,45.0,1,1,-1,-1
73,37,500.5,78.5,45.0,45.0,1,1,-1,-1
74,37,500.5,78.5,45.0,45.0,1,1,-1,-1
75,37,496.5,64.75,45.25,46.0,1,1,-1,-1
76,37,498.5,63.75,45.0,45.5,1,1,-1,-1
77,37,494.0,60.25,45.25,46.0,1,1,-1,-1
78,37,492.75,59.5,45.25,45.75,1,1,-1,-1
79,37,487.75,59.75,45.0,45.75,1,1,-1,-1
80,37,485.0,58.25,45.25,45.75,1,1,-1,-1
81,37,483.25,58.0,45.0,45.5,1,1,-1,-1
82,37,480.0,56.5,45.25,45.75,1,1,-1,-1
83,37,476.0,54.75,45.25,45.75,1,1,-1,-1
84,37,473.5,55.75,45.25,45.75,1,1,-1,-1
85,37,468.0,57.5,45.25,45.75,1,1,-1,-1
86,37,464.5,59.0,45.25,45.5,1,1,-1,-1
87,37,462.0,60.75,45.25,45.75,1,1,-1,-1
88,37,457.5,60.75,45.25,45.75,1,1,-1,-1
89,37,454.25,60.5,45.25,45.75,1,1,-1,-1
90,37,451.0,62.25,45.0,45.75,1,1,-1,-1
91,37,448.0,63.0,45.25,45.5,1,1,-1,-1
92,37,444.75,64.5,45.25,45.75,1,1,-1,-1
93,37,440.25,66.75,45.5,45.5,1,1,-1,-1
94,37,437.5,68.25,45.25,45.5,1,1,-1,-1
95,37,430.75,70.25,45.25,45.5,1,1,-1,-1
96,37,425.0,70.25,45.25,45.5,1,1,-1,-1
97,37,419.0,71.75,45.0,45.25,1,1,-1,-1
98,37,415.75,71.0,45.25,45.75,1,1,-1,-1
99,37,414.0,70.5,45.25,45.5,1,1,-1,-1
100,37,413.0,70.5,45.0,45.5,1,1,-1,-1
101,37,412.0,70.75,45.0,45.5,1,1,-1,-1
102,37,411.5,71.25,45.0,45.25,1,1,-1,-1
103,37,409.0,68.0,44.75,45.25,1,1,-1,-1
104,37,408.5,67.75,45.0,45.25,1,1,-1,-1
105,37,408.0,67.75,45.0,45.5,1,1,-1,-1
106,37,408.0,68.25,44.75,45.5,1,1,-1,-1
107,37,407.5,68.25,45.0,45.5,1,1,-1,-1
108,37,407.75,69.25,44.75,45.25,1,1,-1,-1
109,37,405.75,70.0,45.0,45.5,1,1,-1,-1
110,37,407.25,72.5,45.0,45.25,1,1,-1,-1
111,37,408.25,75.0,44.75,45.0,1,1,-1,-1
112,37,407.25,77.5,44.75,45.25,1,1,-1,-1
113,37,407.5,80.25,44.75,45.25,1,1,-1,-1
114,37,407.25,81.0,44.75,45.25,1,1,-1,-1
115,37,407.75,84.0,44.5,45.0,1,1,-1,-1
116,37,404.75,85.0,44.75,45.25,1,1,-1,-1
117,37,401.25,87.75,44.75,45.25,1,1,-1,-1
118,37,397.5,87.0,44.5,45.0,1,1,-1,-1
119,37,393.0,87.25,44.5,45.0,1,1,-1,-1
120,37,388.5,88.25,44.75,45.0,1,1,-1,-1
121,37,382.5,88.5,45.25,45.75,1,1,-1,-1
122,37,376.75,88.5,45.0,45.25,1,1,-1,-1
123,37,375.0,89.0,45.0,45.25,1,1,-1,-1
124,37,369.0,97.0,45.0,45.0,1,1,-1,-1
125,37,363.5,98.5,45.0,45.0,1,1,-1,-1
126,37,357.25,100.5,45.0,45.0,1,1,-1,-1
127,37,353.5,104.5,45.0,45.0,1,1,-1,-1
128,37,351.5,103.5,45.0,45.0,1,1,-1,-1
129,37,342.5,100.5,45.0,45.0,1,1,-1,-1
130,37,342.5,100.5,45.0,45.0,1,1,-1,-1
131,37,342.5,100.5,45.0,45.0,1,1,-1,-1
132,37,341.5,100.5,45.0,45.0,1,1,-1,-1
133,37,341.5,100.5,45.0,45.0,1,1,-1,-1
134,37,338.5,100.5,45.0,45.0,1,1,-1,-1
135,37,338.5,100.5,45.0,45.0,1,1,-1,-1
136,37,329.25,98.25,45.5,45.25,1,1,-1,-1
137,37,327.25,99.5,45.5,45.5,1,1,-1,-1
138,37,324.5,100.5,45.25,45.25,1,1,-1,-1
139,37,320.75,100.25,45.25,45.5,1,1,-1,-1
140,37,315.0,97.0,45.25,45.25,1,1,-1,-1
141,37,312.0,95.75,45.25,45.25,1,1,-1,-1
142,37,308.75,94.0,45.25,45.25,1,1,-1,-1
143,37,302.0,89.25,45.25,46.0,1,1,-1,-1
144,37,299.0,90.0,45.25,45.25,1,1,-1,-1
145,37,297.0,90.25,45.25,45.25,1,1,-1,-1
146,37,293.5,90.75,45.25,46.0,1,1,-1,-1
147,37,292.25,91.25,45.25,45.25,1,1,-1,-1
148,37,291.0,92.25,45.0,45.5,1,1,-1,-1
149,37,288.0,94.0,45.25,45.5,1,1,-1,-1
150,37,288.5,92.5,45.25,45.5,1,1,-1,-1
151,37,286.5,88.75,45.25,45.25,1,1,-1,-1
152,37,287.5,87.0,45.25,45.5,1,1,-1,-1
153,37,285.25,86.25,45.5,45.25,1,1,-1,-1
154,37,283.75,84.75,45.5,45.25,1,1,-1,-1
155,37,280.75,83.5,45.25,45.25,1,1,-1,-1
156,37,276.75,80.5,45.25,45.25,1,1,-1,-1
157,37,273.5,78.75,45.25,45.25,1,1,-1,-1
158,37,273.0,78.5,45.0,45.0,1,1,-1,-1
159,37,272.5,79.5,45.0,45.25,1,1,-1,-1
160,37,272.5,79.0,45.25,45.25,1,1,-1,-1
161,37,272.5,79.0,45.25,45.25,1,1,-1,-1
162,37,272.25,79.75,45.0,45.0,1,1,-1,-1
163,37,274.0,81.0,45.25,45.25,1,1,-1,-1
164,37,275.0,82.25,45.25,45.25,1,1,-1,-1
165,37,275.75,83.25,45.25,45.25,1,1,-1,-1
166,37,276.5,84.0,45.25,45.25,1,1,-1,-1
167,37,274.0,86.75,45.25,45.5,1,1,-1,-1
168,37,268.0,95.25,45.5,45.5,1,1,-1,-1
169,37,273.25,89.5,45.25,45.5,1,1,-1,-1
170,37,273.0,90.5,45.25,45.5,1,1,-1,-1
171,37,273.5,90.75,45.25,45.5,1,1,-1,-1
172,37,271.25,91.75,45.25,45.5,1,1,-1,-1
173,37,270.75,93.5,45.0,45.5,1,1,-1,-1
174,37,270.25,94.0,45.25,45.5,1,1,-1,-1
175,37,269.0,94.25,45.0,45.75,1,1,-1,-1
176,37,268.5,95.25,45.0,45.25,1,1,-1,-1
177,37,267.0,95.25,45.0,45.25,1,1,-1,-1
178,37,266.75,94.0,45.25,45.25,1,1,-1,-1
179,37,266.5,93.75,45.0,45.25,1,1,-1,-1
180,37,266.25,93.25,45.0,45.25,1,1,-1,-1
181,37,265.5,93.0,45.25,45.25,1,1,-1,-1
182,37,264.75,93.25,45.0,45.25,1,1,-1,-1
183,37,260.75,94.75,45.25,45.25,1,1,-1,-1
184,37,260.25,95.0,45.25,45.5,1,1,-1,-1
185,37,260.0,95.75,45.5,45.25,1,1,-1,-1
186,37,259.75,96.5,45.25,45.25,1,1,-1,-1
187,37,259.75,96.0,45.25,45.25,1,1,-1,-1
188,37,259.0,95.25,45.25,45.5,1,1,-1,-1
189,37,257.75,95.25,45.25,45.5,1,1,-1,-1
190,37,256.5,96.75,45.25,45.25,1,1,-1,-1
191,37,255.0,99.25,45.25,45.5,1,1,-1,-1
192,37,254.75,99.25,45.25,45.5,1,1,-1,-1
193,37,253.553,100.324,45.25,45.5,1,1,-1,-1
194,37,252.564,101.254,45.25,45.5,1,1,-1,-1
195,37,251.576,102.185,45.25,45.5,1,1,-1,-1
196,37,249.5,111.5,45.0,45.0,1,1,-1,-1
197,37,249.5,110.5,45.0,45.0,1,1,-1,-1
198,37,249.5,110.5,45.0,45.0,1,1,-1,-1
199,37,248.5,110.5,45.0,45.0,1,1,-1,-1
200,37,243.5,112.5,45.0,45.0,1,1,-1,-1
201,37,243.5,112.5,45.0,45.0,1,1,-1,-1
202,37,239.75,124.0,44.75,45.25,1,1,-1,-1
203,37,238.0,128.75,45.0,45.25,1,1,-1,-1
204,37,234.25,133.75,44.75,45.25,1,1,-1,-1
205,37,232.25,139.5,44.5,45.0,1,1,-1,-1
206,37,229.75,141.75,44.5,45.0,1,1,-1,-1
207,37,226.25,143.75,44.75,45.0,1,1,-1,-1
208,37,223.75,146.75,45.0,45.25,1,1,-1,-1
209,37,220.75,149.5,45.0,45.25,1,1,-1,-1
210,37,220.75,151.5,45.25,45.25,1,1,-1,-1
211,37,219.25,150.5,45.25,45.25,1,1,-1,-1
212,37,216.5,152.0,45.25,45.5,1,1,-1,-1
213,37,215.25,155.0,45.5,45.75,1,1,-1,-1
214,37,215.0,156.0,45.5,45.75,1,1,-1,-1
215,37,214.75,156.75,45.25,45.5,1,1,-1,-1
216,37,217.25,156.75,45.0,45.5,1,1,-1,-1
217,37,212.75,161.75,45.25,45.5,1,1,-1,-1
218,37,212.5,163.0,45.25,45.5,1,1,-1,-1
219,37,212.75,164.75,45.5,45.75,1,1,-1,-1
220,37,210.75,166.5,45.5,45.75,1,1,-1,-1
221,37,208.75,171.0,45.25,45.5,1,1,-1,-1
222,37,209.5,174.25,45.25,45.75,1,1,-1,-1
223,37,203.5,183.25,45.0,46.0,1,1,-1,-1
224,37,202.25,186.25,45.5,45.75,1,1,-1,-1
225,37,201.0,191.75,45.25,45.5,1,1,-1,-1
226,37,200.5,197.25,45.0,45.25,1,1,-1,-1
227,37,199.75,198.0,45.25,45.25,1,1,-1,-1
228,37,198.75,199.0,45.25,45.25,1,1,-1,-1
229,37,197.5,202.5,45.0,45.5,1,1,-1,-1
230,37,197.0,204.0,45.25,45.5,1,1,-1,-1
231,37,197.0,204.5,45.0,45.5,1,1,-1,-1
232,37,196.75,204.5,45.0,45.25,1,1,-1,-1
233,37,196.25,203.75,45.0,45.25,1,1,-1,-1
234,37,195.75,204.0,45.0,45.25,1,1,-1,-1
235,37,195.5,205.25,45.25,45.25,1,1,-1,-1
236,37,195.5,207.0,45.25,45.25,1,1,-1,-1
237,37,194.75,206.75,45.0,45.25,1,1,-1,-1
238,37,194.5,209.5,45.25,45.5,1,1,-1,-1
239,37,192.25,214.0,45.5,45.5,1,1,-1,-1
240,37,191.25,214.75,45.5,45.5,1,1,-1,-1
241,37,192.25,220.25,45.5,45.5,1,1,-1,-1
242,37,194.75,226.5,45.25,45.25,1,1,-1,-1
243,37,196.0,231.0,45.25,45.25,1,1,-1,-1
244,37,194.25,232.25,45.0,45.25,1,1,-1,-1
245,37,199.5,242.5,45.0,45.5,1,1,-1,-1
246,37,201.814,249.589,45.0,45.5,1,1,-1,-1
247,37,193.75,251.75,45.25,45.75,1,1,-1,-1
248,37,194.75,255.5,44.75,45.5,1,1,-1,-1
249,37,194.25,258.25,45.25,47.0,1,1,-1,-1
250,37,197.0,264.75,45.0,45.75,1,1,-1,-1
251,37,197.75,267.5,45.25,46.5,1,1,-1,-1
252,37,200.5,276.25,45.25,46.5,1,1,-1,-1
253,37,202.5,278.0,45.0,46.0,1,1,-1,-1
254,37,204.25,280.25,45.25,46.0,1,1,-1,-1
255,37,208.25,282.5,45.0,45.75,1,1,-1,-1
256,37,209.5,282.25,45.0,45.5,1,1,-1,-1
257,37,210.75,282.75,45.25,46.0,1,1,-1,-1
258,37,211.0,283.0,45.25,46.5,1,1,-1,-1
259,37,211.25,282.5,45.25,45.75,1,1,-1,-1
260,37,212.25,286.25,45.0,45.5,1,1,-1,-1
261,37,214.5,290.0,45.0,45.5,1,1,-1,-1
262,37,218.0,291.25,45.0,45.5,1,1,-1,-1
263,37,221.25,292.25,45.0,45.5,1,1,-1,-1
264,37,231.25,297.25,45.0,45.75,1,1,-1,-1
265,37,230.0,294.5,45.0,45.25,1,1,-1,-1
266,37,236.0,298.5,45.0,45.25,1,1,-1,-1
267,37,239.75,302.25,45.0,45.25,1,1,-1,-1
268,37,242.75,306.0,45.0,45.25,1,1,-1,-1
269,37,244.5,310.5,45.25,45.5,1,1,-1,-1
270,37,248.25,312.25,45.0,45.25,1,1,-1,-1
271,37,248.5,312.75,45.25,45.25,1,1,-1,-1
272,37,251.75,313.75,45.25,45.25,1,1,-1,-1
273,37,253.25,316.0,45.0,45.25,1,1,-1,-1
274,37,253.75,318.25,45.0,45.5,1,1,-1,-1
275,37,257.25,324.5,45.0,45.5,1,1,-1,-1
276,37,261.25,331.0,45.0,45.0,1,1,-1,-1
277,37,263.0,335.25,45.0,45.0,1,1,-1,-1
278,37,265.5,337.0,45.0,45.5,1,1,-1,-1
279,37,269.0,342.25,45.0,45.5,1,1,-1,-1
280,37,271.5,349.75,45.0,45.5,1,1,-1,-1
281,37,274.0,355.75,44.75,45.25,1,1,-1,-1
282,37,275.25,358.75,44.75,45.5,1,1,-1,-1
283,37,280.75,366.5,45.0,45.5,1,1,-1,-1
284,37,281.5,371.75,44.75,45.5,1,1,-1,-1
285,37,284.5,377.75,44.75,45.25,1,1,-1,-1
286,37,287.097,383.601,44.75,45.25,1,1,-1,-1
287,37,289.686,389.474,44.75,45.25,1,1,-1,-1
288,37,292.275,395.347,44.75,45.25,1,1,-1,-1
289,37,287.75,393.75,45.0,45.5,1,1,-1,-1
290,37,287.75,394.75,45.0,45.5,1,1,-1,-1
291,37,287.0,393.25,45.25,45.25,1,1,-1,-1
292,37,289.75,394.5,45.0,45.25,1,1,-1,-1
293,37,291.75,393.5,45.0,45.25,1,1,-1,-1
294,37,292.75,393.25,45.0,45.5,1,1,-1,-1
295,37,292.0,393.25,45.0,45.25,1,1,-1,-1
296,37,291.25,392.0,45.0,45.5,1,1,-1,-1
297,37,293.5,390.25,44.75,45.25,1,1,-1,-1
298,37,296.0,388.75,44.75,45.25,1,1,-1,-1
299,37,298.0,387.0,44.75,45.0,1,1,-1,-1
300,37,300.0,384.0,45.0,45.25,1,1,-1,-1
301,37,300.75,380.25,45.0,45.0,1,1,-1,-1
302,37,303.25,376.0,44.75,45.0,1,1,-1,-1
303,37,305.5,371.5,45.0,45.25,1,1,-1,-1
304,37,307.0,368.5,44.75,45.0,1,1,-1,-1
305,37,309.75,365.5,45.0,44.75,1,1,-1,-1
306,37,315.25,363.75,45.25,45.25,1,1,-1,-1
307,37,314.75,361.0,45.25,45.0,1,1,-1,-1
308,37,315.25,359.0,45.25,45.0,1,1,-1,-1
309,37,316.5,355.0,45.0,45.25,1,1,-1,-1
310,37,317.5,353.0,45.0,45.25,1,1,-1,-1
311,37,318.5,351.25,45.0,45.25,1,1,-1,-1
312,37,318.75,347.5,45.0,45.0,1,1,-1,-1
313,37,320.0,348.0,45.0,45.25,1,1,-1,-1
314,37,320.5,347.5,45.0,45.25,1,1,-1,-1
315,37,320.5,348.5,45.0,45.0,1,1,-1,-1
316,37,321.5,349.0,45.0,45.25,1,1,-1,-1
317,37,322.25,350.75,45.25,45.0,1,1,-1,-1
318,37,322.75,351.25,45.0,45.25,1,1,-1,-1
319,37,323.349,352.09,45.0,45.25,1,1,-1,-1
320,37,323.928,352.918,45.0,45.25,1,1,-1,-1
321,37,324.507,353.747,45.0,45.25,1,1,-1,-1
322,37,323.0,351.0,45.0,45.0,1,1,-1,-1
323,37,323.002,350.825,45.0,45.0,1,1,-1,-1
324,37,322.998,350.646,45.0,45.0,1,1,-1,-1
325,37,322.994,350.466,45.0,45.0,1,1,-1,-1
326,37,328.5,352.25,45.0,45.25,1,1,-1,-1
327,37,329.0,352.5,45.0,45.0,1,1,-1,-1
328,37,328.75,353.0,45.0,45.25,1,1,-1,-1
329,37,328.75,353.25,45.0,45.25,1,1,-1,-1
330,37,329.25,352.75,44.75,45.5,1,1,-1,-1
331,37,329.0,352.75,45.0,45.25,1,1,-1,-1
332,37,329.25,352.75,45.0,45.5,1,1,-1,-1
333,37,329.5,352.75,45.0,45.25,1,1,-1,-1
334,37,329.5,352.5,44.75,45.25,1,1,-1,-1
335,37,329.25,352.25,45.0,45.0,1,1,-1,-1
336,37,328.75,352.0,45.0,45.0,1,1,-1,-1
337,37,336.0,355.75,44.75,45.0,1,1,-1,-1
338,37,328.25,350.25,45.0,45.0,1,1,-1,-1
339,37,330.0,350.75,44.75,45.0,1,1,-1,-1
340,37,330.5,350.75,44.75,45.0,1,1,-1,-1
341,37,333.5,352.5,44.75,45.0,1,1,-1,-1
342,37,331.0,350.25,45.0,45.0,1,1,-1,-1
343,37,332.0,351.75,44.75,45.0,1,1,-1,-1
344,37,332.0,351.5,44.75,45.0,1,1,-1,-1
345,37,332.75,352.5,44.75,45.0,1,1,-1,-1
346,37,331.5,352.75,44.75,45.0,1,1,-1,-1
347,37,332.0,354.25,44.5,45.25,1,1,-1,-1
348,37,332.5,355.75,44.75,45.0,1,1,-1,-1
349,37,332.75,355.75,44.75,45.0,1,1,-1,-1
350,37,332.5,355.75,44.75,45.0,1,1,-1,-1
351,37,332.75,355.75,44.5,45.0,1,1,-1,-1
352,37,333.0,355.75,44.75,45.0,1,1,-1,-1
353,37,332.25,355.25,45.0,45.25,1,1,-1,-1
354,37,332.0,355.25,44.75,45.25,1,1,-1,-1
355,37,334.25,356.75,44.5,45.0,1,1,-1,-1
356,37,331.0,355.25,44.75,45.25,1,1,-1,-1
357,37,330.75,355.25,45.0,45.25,1,1,-1,-1
358,37,330.25,355.75,44.75,45.25,1,1,-1,-1
359,37,330.5,355.75,45.0,45.0,1,1,-1,-1
360,37,331.0,356.0,44.75,45.0,1,1,-1,-1
361,37,331.5,356.0,44.75,45.25,1,1,-1,-1
362,37,330.5,355.75,45.0,45.0,1,1,-1,-1
363,37,331.5,355.5,45.0,45.25,1,1,-1,-1
364,37,331.75,353.75,45.0,45.0,1,1,-1,-1
365,37,331.75,351.5,44.75,45.0,1,1,-1,-1
366,37,331.25,348.75,45.0,45.25,1,1,-1,-1
367,37,334.25,347.75,45.0,45.0,1,1,-1,-1
368,37,335.25,347.5,44.75,45.0,1,1,-1,-1
369,37,336.726,346.607,44.75,45.0,1,1,-1,-1
370,37,334.0,344.75,44.75,45.0,1,1,-1,-1
371,37,332.25,341.25,45.0,45.0,1,1,-1,-1
372,37,333.25,337.0,44.75,45.0,1,1,-1,-1
373,37,332.75,336.75,45.0,45.0,1,1,-1,-1
374,37,333.25,324.75,45.25,45.25,1,1,-1,-1
375,37,331.782,318.333,45.25,45.25,1,1,-1,-1
376,37,335.25,331.25,45.0,45.0,1,1,-1,-1
377,37,336.75,321.5,45.25,45.25,1,1,-1,-1
378,37,337.0,328.25,45.25,45.25,1,1,-1,-1
379,37,340.25,338.75,45.0,45.0,1,1,-1,-1
380,37,343.627,345.136,45.0,45.0,1,1,-1,-1
381,37,341.25,333.25,45.0,45.0,1,1,-1,-1
382,37,343.25,329.25,45.0,45.25,1,1,-1,-1
383,37,343.25,328.5,45.0,45.25,1,1,-1,-1
384,37,343.5,328.0,45.0,45.25,1,1,-1,-1
385,37,344.25,327.0,45.25,45.25,1,1,-1,-1
386,37,344.75,327.5,45.25,45.25,1,1,-1,-1
387,37,345.25,326.25,45.0,45.25,1,1,-1,-1
388,37,346.75,324.5,45.25,45.25,1,1,-1,-1
389,37,348.5,321.5,45.0,45.25,1,1,-1,-1
390,37,348.75,318.5,45.25,45.25,1,1,-1,-1
391,37,350.0,317.5,45.5,45.25,1,1,-1,-1
392,37,352.0,316.0,45.25,45.25,1,1,-1,-1
393,37,354.25,314.75,45.25,45.0,1,1,-1,-1
394,37,355.75,314.0,45.25,45.25,1,1,-1,-1
395,37,358.5,310.75,45.25,45.0,1,1,-1,-1
396,37,362.5,308.5,45.0,45.0,1,1,-1,-1
397,37,365.0,308.0,45.0,45.0,1,1,-1,-1
398,37,366.5,308.75,45.0,45.0,1,1,-1,-1
399,37,367.75,303.5,45.0,45.0,1,1,-1,-1
400,37,369.5,301.0,45.0,45.25,1,1,-1,-1
401,37,372.25,299.5,45.0,45.0,1,1,-1,-1
402,37,380.25,297.5,45.25,45.25,1,1,-1,-1
403,37,384.25,295.0,45.25,45.25,1,1,-1,-1
404,37,385.0,293.25,45.25,45.5,1,1,-1,-1
405,37,387.0,292.75,45.5,45.5,1,1,-1,-1
406,37,388.5,290.25,45.25,46.0,1,1,-1,-1
407,37,389.25,288.75,45.5,46.75,1,1,-1,-1
408,37,391.75,285.25,45.25,46.0,1,1,-1,-1
409,37,392.75,283.75,45.0,45.25,1,1,-1,-1
410,37,393.75,282.75,45.25,45.25,1,1,-1,-1
411,37,395.0,282.0,45.0,45.25,1,1,-1,-1
412,37,395.75,281.75,45.0,45.25,1,1,-1,-1
413,37,395.5,281.75,45.0,45.25,1,1,-1,-1
414,37,395.25,281.0,45.0,45.5,1,1,-1,-1
415,37,395.75,281.0,45.0,45.25,1,1,-1,-1
416,37,395.5,281.0,45.0,45.25,1,1,-1,-1
417,37,395.5,280.5,45.0,45.5,1,1,-1,-1
418,37,396.0,280.5,45.0,45.25,1,1,-1,-1
419,37,396.25,280.5,45.0,45.75,1,1,-1,-1
420,37,396.5,280.5,45.0,45.25,1,1,-1,-1
421,37,396.5,280.25,45.0,45.5,1,1,-1,-1
422,37,396.5,280.0,45.0,45.5,1,1,-1,-1
423,37,396.5,279.75,45.25,46.0,1,1,-1,-1
424,37,397.0,279.75,45.25,46.5,1,1,-1,-1
425,37,396.75,278.75,45.0,45.75,1,1,-1,-1
426,37,397.75,277.75,45.0,45.5,1,1,-1,-1
427,37,397.913,277.106,45.0,45.5,1,1,-1,-1
428,37,398.291,276.352,45.0,45.5,1,1,-1,-1
429,37,398.669,275.597,45.0,45.5,1,1,-1,-1
430,37,399.046,274.842,45.0,45.5,1,1,-1,-1
431,37,399.424,274.087,45.0,45.5,1,1,-1,-1
432,37,399.802,273.332,45.0,45.5,1,1,-1,-1
433,37,388.75,280.0,45.0,45.25,1,1,-1,-1
434,37,387.257,280.482,45.0,45.25,1,1,-1,-1
435,37,385.678,281.012,45.0,45.25,1,1,-1,-1
436,37,391.75,280.0,45.0,45.25,1,1,-1,-1
437,37,395.25,279.5,45.0,45.5,1,1,-1,-1
438,37,396.0,279.25,45.0,45.25,1,1,-1,-1
439,37,396.0,279.25,45.0,45.5,1,1,-1,-1
440,37,396.0,279.5,45.0,45.25,1,1,-1,-1
441,37,395.75,279.5,45.0,45.25,1,1,-1,-1
442,37,395.75,279.5,45.0,45.25,1,1,-1,-1
443,37,396.0,279.75,45.0,45.25,1,1,-1,-1
444,37,396.06,279.932,45.0,45.25,1,1,-1,-1
445,37,393.0,279.75,44.75,44.75,1,1,-1,-1
446,37,392.13,279.562,44.75,44.75,1,1,-1,-1
447,37,391.037,279.477,44.75,44.75,1,1,-1,-1
448,37,395.25,279.0,44.75,45.0,1,1,-1,-1
449,37,395.25,279.5,44.75,45.0,1,1,-1,-1
450,37,395.0,280.0,44.75,45.0,1,1,-1,-1
451,37,395.305,280.214,44.75,45.0,1,1,-1,-1
452,37,395.5,274.5,45.0,45.0,1,1,-1,-1
453,37,395.5,274.5,45.0,45.0,1,1,-1,-1
454,37,395.5,274.5,45.0,45.0,1,1,-1,-1
455,37,395.5,274.5,45.0,45.0,1,1,-1,-1
456,37,395.5,274.5,45.0,45.0,1,1,-1,-1
457,37,395.5,274.5,45.0,45.0,1,1,-1,-1
458,37,397.5,273.75,44.75,45.25,1,1,-1,-1
459,37,397.25,274.0,44.75,45.25,1,1,-1,-1
460,37,397.5,274.25,44.75,45.25,1,1,-1,-1
461,37,398.0,273.75,44.75,45.25,1,1,-1,-1
462,37,398.25,273.75,44.75,45.25,1,1,-1,-1
463,37,398.0,273.5,45.0,45.0,1,1,-1,-1
464,37,398.25,273.25,44.75,45.25,1,1,-1,-1
465,37,398.0,273.75,44.75,45.0,1,1,-1,-1
466,37,397.0,273.5,44.75,45.0,1,1,-1,-1
467,37,396.5,273.25,44.75,45.25,1,1,-1,-1
468,37,397.75,273.5,44.75,45.0,1,1,-1,-1
469,37,397.5,273.5,44.75,45.0,1,1,-1,-1
470,37,397.75,273.5,44.75,45.25,1,1,-1,-1
471,37,397.893,273.528,44.75,45.25,1,1,-1,-1
472,37,398.061,273.545,44.75,45.25,1,1,-1,-1
473,37,398.229,273.561,44.75,45.25,1,1,-1,-1
474,37,398.396,273.578,44.75,45.25,1,1,-1,-1
475,37,398.564,273.594,44.75,45.25,1,1,-1,-1
476,37,398.0,273.5,45.0,45.25,1,1,-1,-1
477,37,398.0,273.75,44.5,45.0,1,1,-1,-1
478,37,398.0,273.25,45.0,45.5,1,1,-1,-1
479,37,398.0,273.5,45.0,45.25,1,1,-1,-1
480,37,398.0,273.5,45.0,45.25,1,1,-1,-1
481,37,398.0,273.5,45.25,45.25,1,1,-1,-1
482,37,398.0,274.25,45.0,45.25,1,1,-1,-1
483,37,398.0,273.25,44.75,45.5,1,1,-1,-1
484,37,398.0,273.25,45.0,45.5,1,1,-1,-1
485,37,398.25,273.25,44.75,45.25,1,1,-1,-1
486,37,398.5,273.25,45.0,45.25,1,1,-1,-1
487,37,398.25,273.0,44.75,45.25,1,1,-1,-1
488,37,397.75,272.75,44.75,45.25,1,1,-1,-1
489,37,397.75,271.25,44.75,45.0,1,1,-1,-1
490,37,397.5,271.0,44.75,45.0,1,1,-1,-1
491,37,398.0,270.25,44.75,45.0,1,1,-1,-1
492,37,398.0,270.75,44.75,45.0,1,1,-1,-1
493,37,398.0,271.0,44.75,45.0,1,1,-1,-1
494,37,397.75,270.75,44.75,45.0,1,1,-1,-1
495,37,397.5,270.75,44.75,45.0,1,1,-1,-1
496,37,397.5,270.5,44.75,45.0,1,1,-1,-1
497,37,397.5,270.5,44.75,45.0,1,1,-1,-1
498,37,397.5,270.25,44.75,45.25,1,1,-1,-1
499,37,397.25,270.0,44.75,45.25,1,1,-1,-1
500,37,397.25,270.0,44.75,45.0,1,1,-1,-1
1,38,495.25,63.75,45.25,45.5,1,1,-1,-1
2,38,495.0,64.0,45.25,45.5,1,1,-1,-1
3,38,494.5,63.25,45.25,45.5,1,1,-1,-1
4,38,495.5,62.5,45.25,45.5,1,1,-1,-1
5,38,496.5,61.25,45.0,45.5,1,1,-1,-1
6,38,496.0,62.25,45.25,45.5,1,1,-1,-1
7,38,496.5,62.0,45.25,45.5,1,1,-1,-1
8,38,496.0,62.0,45.0,45.5,1,1,-1,-1
9,38,495.75,61.75,45.25,46.0,1,1,-1,-1
10,38,495.25,61.5,45.5,46.25,1,1,-1,-1
11,38,495.0,62.25,45.25,45.5,1,1,-1,-1
12,38,496.0,62.75,45.5,46.0,1,1,-1,-1
13,38,495.5,63.75,45.5,45.5,1,1,-1,-1
14,38,495.25,65.0,45.25,45.5,1,1,-1,-1
15,38,493.5,64.5,45.25,45.5,1,1,-1,-1
16,38,493.5,64.25,45.25,45.75,1,1,-1,-1
17,38,491.75,64.75,45.5,45.75,1,1,-1,-1
18,38,492.75,64.5,45.25,45.75,1,1,-1,-1
19,38,493.25,64.25,45.25,45.5,1,1,-1,-1
20,38,493.0,64.75,45.25,45.5,1,1,-1,-1
21,38,493.75,65.25,45.25,45.75,1,1,-1,-1
22,38,493.75,66.25,45.25,45.5,1,1,-1,-1
23,38,493.0,65.75,45.25,45.5,1,1,-1,-1
24,38,493.75,65.5,45.5,45.75,1,1,-1,-1
25,38,494.5,68.5,45.0,45.0,1,1,-1,-1
26,38,494.5,68.5,45.0,45.0,1,1,-1,-1
27,38,494.5,68.5,45.0,45.0,1,1,-1,-1
28,38,493.5,70.5,45.0,45.0,1,1,-1,-1
29,38,493.5,70.5,45.0,45.0,1,1,-1,-1
30,38,493.25,77.0,45.0,45.25,1,1,-1,-1
31,38,492.5,76.75,45.0,45.25,1,1,-1,-1
32,38,491.5,77.5,45.0,45.25,1,1,-1,-1
33,38,491.0,79.75,45.0,45.25,1,1,-1,-1
34,38,490.5,81.25,45.0,45.25,1,1,-1,-1
35,38,490.0,82.0,45.0,45.25,1,1,-1,-1
36,38,488.25,81.5,45.25,45.5,1,1,-1,-1
37,38,488.5,83.5,45.25,45.5,1,1,-1,-1
38,38,488.5,85.75,45.25,45.5,1,1,-1,-1
39,38,487.25,88.25,45.25,45.25,1,1,-1,-1
40,38,486.0,94.0,45.25,45.75,1,1,-1,-1
41,38,484.5,96.25,45.0,45.25,1,1,-1,-1
42,38,485.5,99.0,45.25,45.5,1,1,-1,-1
43,38,487.25,101.0,45.0,45.25,1,1,-1,-1
44,38,490.0,104.0,45.25,45.25,1,1,-1,-1
45,38,492.0,105.0,45.25,45.25,1,1,-1,-1
46,38,494.0,106.0,45.25,45.5,1,1,-1,-1
47,38,499.5,108.75,45.25,45.5,1,1,-1,-1
48,38,501.75,107.75,45.0,45.0,1,1,-1,-1
49,38,505.5,107.0,45.25,45.75,1,1,-1,-1
50,38,508.5,110.0,45.25,44.75,1,1,-1,-1
51,38,512.273,111.197,45.25,44.75,1,1,-1,-1
52,38,515.798,112.611,45.25,44.75,1,1,-1,-1
53,38,519.324,114.024,45.25,44.75,1,1,-1,-1
54,38,522.849,115.438,45.25,44.75,1,1,-1,-1
55,38,514.75,107.25,45.25,45.25,1,1,-1,-1
56,38,515.5,108.5,45.5,45.25,1,1,-1,-1
57,38,517.0,108.0,45.5,45.75,1,1,-1,-1
58,38,518.25,108.5,45.5,45.5,1,1,-1,-1
59,38,522.5,109.5,45.75,46.25,1,1,-1,-1
60,38,524.75,110.25,45.75,45.25,1,1,-1,-1
61,38,527.25,111.75,45.5,45.0,1,1,-1,-1
62,38,528.5,113.5,45.5,45.25,1,1,-1,-1
63,38,529.5,116.0,45.5,45.25,1,1,-1,-1
64,38,531.5,118.75,45.25,45.0,1,1,-1,-1
65,38,533.25,123.0,45.25,45.25,1,1,-1,-1
66,38,534.75,124.75,45.25,45.25,1,1,-1,-1
67,38,536.0,127.25,45.25,45.25,1,1,-1,-1
68,38,537.75,129.25,45.25,45.25,1,1,-1,-1
69,38,544.0,129.0,45.0,45.25,1,1,-1,-1
70,38,546.5,127.5,45.25,45.0,1,1,-1,-1
71,38,549.75,126.25,45.0,45.0,1,1,-1,-1
72,38,554.25,126.75,45.0,45.0,1,1,-1,-1
73,38,557.25,124.75,45.5,45.5,1,1,-1,-1
74,38,564.75,125.5,45.5,45.5,1,1,-1,-1
75,38,567.25,124.75,45.25,45.0,1,1,-1,-1
76,38,572.5,123.0,45.25,45.25,1,1,-1,-1
77,38,579.0,121.75,45.0,45.25,1,1,-1,-1
78,38,581.5,121.0,45.25,45.0,1,1,-1,-1
79,38,583.5,119.75,45.0,45.25,1,1,-1,-1
80,38,584.5,120.25,45.25,45.25,1,1,-1,-1
81,38,586.75,120.0,45.0,45.25,1,1,-1,-1
82,38,589.0,119.25,45.0,45.5,1,1,-1,-1
83,38,590.0,119.75,45.0,45.25,1,1,-1,-1
84,38,589.0,119.25,45.25,45.25,1,1,-1,-1
85,38,590.75,119.0,45.25,45.75,1,1,-1,-1
86,38,590.75,119.5,45.25,45.0,1,1,-1,-1
87,38,590.25,118.75,45.25,45.25,1,1,-1,-1
88,38,589.0,116.75,45.0,45.25,1,1,-1,-1
89,38,588.25,116.0,45.25,45.0,1,1,-1,-1
90,38,588.25,116.5,45.0,45.0,1,1,-1,-1
91,38,587.25,116.75,45.0,45.25,1,1,-1,-1
92,38,587.25,116.0,45.25,45.25,1,1,-1,-1
93,38,587.5,116.0,45.25,45.0,1,1,-1,-1
94,38,587.5,116.25,45.0,45.0,1,1,-1,-1
95,38,587.0,116.75,45.0,45.25,1,1,-1,-1
96,38,586.5,118.0,45.0,45.0,1,1,-1,-1
97,38,585.75,119.5,45.0,45.25,1,1,-1,-1
98,38,585.5,119.75,45.0,45.25,1,1,-1,-1
99,38,584.25,120.5,45.0,45.25,1,1,-1,-1
100,38,583.5,121.75,45.0,45.0,1,1,-1,-1
101,38,583.75,123.25,45.0,45.0,1,1,-1,-1
102,38,584.25,124.25,45.0,45.25,1,1,-1,-1
103,38,584.5,125.0,45.0,45.25,1,1,-1,-1
104,38,583.5,126.25,45.0,45.25,1,1,-1,-1
105,38,583.5,126.75,44.75,45.25,1,1,-1,-1
106,38,583.0,128.0,44.75,45.0,1,1,-1,-1
107,38,581.25,130.0,45.0,45.25,1,1,-1,-1
108,38,580.5,132.0,45.0,45.0,1,1,-1,-1
109,38,580.75,135.25,45.0,45.0,1,1,-1,-1
110,38,581.0,139.0,44.75,45.0,1,1,-1,-1
111,38,581.5,142.25,45.25,45.25,1,1,-1,-1
112,38,581.75,145.25,45.0,45.0,1,1,-1,-1
113,38,582.25,148.0,45.0,45.25,1,1,-1,-1
114,38,583.25,150.25,45.0,45.25,1,1,-1,-1
115,38,586.5,153.0,45.25,45.75,1,1,-1,-1
116,38,589.25,156.75,45.25,45.5,1,1,-1,-1
117,38,589.25,157.5,45.25,45.5,1,1,-1,-1
118,38,591.0,157.75,45.5,45.25,1,1,-1,-1
119,38,593.0,157.25,45.5,45.5,1,1,-1,-1
120,38,594.75,157.75,45.5,45.5,1,1,-1,-1
121,38,598.75,157.5,45.25,45.5,1,1,-1,-1
122,38,599.25,156.0,45.5,45.5,1,1,-1,-1
123,38,601.25,154.0,45.5,45.75,1,1,-1,-1
124,38,605.25,153.25,45.0,45.25,1,1,-1,-1
125,38,606.0,150.25,45.0,45.0,1,1,-1,-1
126,38,609.75,150.25,45.0,45.5,1,1,-1,-1
127,38,611.75,148.0,45.0,45.0,1,1,-1,-1
128,38,613.25,146.5,45.0,45.0,1,1,-1,-1
129,38,615.5,144.75,45.0,45.0,1,1,-1,-1
130,38,617.543,143.082,45.0,45.0,1,1,-1,-1
131,38,615.5,151.5,45.0,45.0,1,1,-1,-1
132,38,615.5,151.5,45.0,45.0,1,1,-1,-1
133,38,615.5,151.5,45.0,45.0,1,1,-1,-1
134,38,615.5,151.5,45.0,45.0,1,1,-1,-1
135,38,615.5,151.5,45.0,45.0,1,1,-1,-1
136,38,615.5,151.5,45.0,45.0,1,1,-1,-1
137,38,616.0,151.5,45.25,45.0,1,1,-1,-1
138,38,612.75,157.25,45.25,45.0,1,1,-1,-1
139,38,616.25,147.75,45.5,45.25,1,1,-1,-1
140,38,615.0,143.25,45.25,45.0,1,1,-1,-1
141,38,616.5,149.5,45.0,45.0,1,1,-1,-1
142,38,616.5,149.5,45.0,45.0,1,1,-1,-1
143,38,615.5,149.5,45.0,45.0,1,1,-1,-1
144,38,615.5,149.5,45.0,45.0,1,1,-1,-1
145,38,615.5,149.5,45.0,45.0,1,1,-1,-1
146,38,615.5,149.5,45.0,45.0,1,1,-1,-1
147,38,615.5,149.5,45.0,45.0,1,1,-1,-1
148,38,615.5,149.5,45.0,45.0,1,1,-1,-1
149,38,614.5,141.5,45.0,45.0,1,1,-1,-1
150,38,614.5,141.5,45.0,45.0,1,1,-1,-1
151,38,614.5,141.5,45.0,45.0,1,1,-1,-1
152,38,614.5,141.5,45.0,45.0,1,1,-1,-1
153,38,612.5,143.0,45.5,45.0,1,1,-1,-1
154,38,610.5,143.25,45.5,45.0,1,1,-1,-1
155,38,611.0,144.25,45.25,45.0,1,1,-1,-1
156,38,610.75,144.25,45.25,45.0,1,1,-1,-1
157,38,611.25,144.0,45.25,45.0,1,1,-1,-1
158,38,611.5,144.0,45.5,45.0,1,1,-1,-1
159,38,611.5,145.25,45.5,45.0,1,1,-1,-1
160,38,612.0,145.25,45.5,45.25,1,1,-1,-1
161,38,613.0,143.75,45.5,45.75,1,1,-1,-1
162,38,612.25,141.5,45.75,47.25,1,1,-1,-1
163,38,612.25,141.25,45.75,46.0,1,1,-1,-1
164,38,612.401,140.232,45.75,46.0,1,1,-1,-1
165,38,612.457,139.302,45.75,46.0,1,1,-1,-1
166,38,612.513,138.373,45.75,46.0,1,1,-1,-1
167,38,612.57,137.444,45.75,46.0,1,1,-1,-1
168,38,613.5,145.5,45.0,45.0,1,1,-1,-1
169,38,613.5,145.5,45.0,45.0,1,1,-1,-1
170,38,613.5,145.5,45.0,45.0,1,1,-1,-1
171,38,613.5,145.5,45.0,45.0,1,1,-1,-1
172,38,613.25,143.25,45.0,44.75,1,1,-1,-1
173,38,614.25,142.75,45.0,44.75,1,1,-1,-1
174,38,614.0,142.5,45.0,45.25,1,1,-1,-1
175,38,614.5,142.75,45.0,45.0,1,1,-1,-1
176,38,613.75,143.0,45.25,45.0,1,1,-1,-1
177,38,615.5,143.25,45.25,45.0,1,1,-1,-1
178,38,616.5,144.5,45.0,45.0,1,1,-1,-1
179,38,617.0,144.75,45.25,45.0,1,1,-1,-1
180,38,617.75,145.0,45.0,45.25,1,1,-1,-1
181,38,618.0,145.25,45.25,45.0,1,1,-1,-1
182,38,617.5,145.75,45.0,45.0,1,1,-1,-1
183,38,617.75,145.75,45.25,45.0,1,1,-1,-1
184,38,618.25,146.25,45.0,45.0,1,1,-1,-1
185,38,617.5,146.25,45.25,45.0,1,1,-1,-1
186,38,617.5,146.0,45.0,45.0,1,1,-1,-1
187,38,617.75,145.75,45.25,45.0,1,1,-1,-1
188,38,618.75,145.0,45.0,45.0,1,1,-1,-1
189,38,619.0,145.5,45.25,45.0,1,1,-1,-1
190,38,618.25,144.5,45.25,44.75,1,1,-1,-1
191,38,618.75,143.5,45.0,44.75,1,1,-1,-1
192,38,618.75,144.0,45.25,45.0,1,1,-1,-1
193,38,618.75,143.75,45.0,45.0,1,1,-1,-1
194,38,619.0,143.75,45.25,45.0,1,1,-1,-1
195,38,618.5,143.5,45.25,45.0,1,1,-1,-1
196,38,618.75,142.0,45.25,45.0,1,1,-1,-1
197,38,619.25,142.25,45.0,45.0,1,1,-1,-1
198,38,619.5,141.25,45.25,45.0,1,1,-1,-1
199,38,618.5,141.5,45.25,45.0,1,1,-1,-1
200,38,618.75,140.25,45.5,45.0,1,1,-1,-1
201,38,619.25,140.25,45.5,45.0,1,1,-1,-1
202,38,618.75,141.0,45.25,45.0,1,1,-1,-1
203,38,618.0,141.0,45.25,45.0,1,1,-1,-1
204,38,618.5,140.25,45.25,45.0,1,1,-1,-1
205,38,617.25,140.5,45.25,45.0,1,1,-1,-1
206,38,616.75,140.0,45.5,46.0,1,1,-1,-1
207,38,616.5,142.25,45.25,45.0,1,1,-1,-1
208,38,616.0,141.25,45.25,45.0,1,1,-1,-1
209,38,615.0,141.5,45.25,45.0,1,1,-1,-1
210,38,615.5,139.5,45.5,45.5,1,1,-1,-1
211,38,614.25,139.75,45.5,46.5,1,1,-1,-1
212,38,617.75,140.0,45.25,45.25,1,1,-1,-1
213,38,619.0,142.0,45.5,45.25,1,1,-1,-1
214,38,619.25,144.0,45.25,45.0,1,1,-1,-1
215,38,620.0,145.5,45.25,45.0,1,1,-1,-1
216,38,620.5,146.25,45.25,45.0,1,1,-1,-1
217,38,621.75,146.5,45.25,45.0,1,1,-1,-1
218,38,621.5,148.5,45.5,45.0,1,1,-1,-1
219,38,621.5,148.25,45.5,45.25,1,1,-1,-1
220,38,622.75,151.0,45.75,45.5,1,1,-1,-1
221,38,625.25,153.75,45.75,45.25,1,1,-1,-1
222,38,624.75,160.75,45.75,45.0,1,1,-1,-1
223,38,624.5,162.0,45.75,45.0,1,1,-1,-1
224,38,625.0,162.25,45.75,45.0,1,1,-1,-1
225,38,625.0,164.25,45.5,45.0,1,1,-1,-1
226,38,626.75,166.75,45.5,45.0,1,1,-1,-1
227,38,629.5,171.0,45.75,45.0,1,1,-1,-1
228,38,631.0,174.25,45.25,45.0,1,1,-1,-1
229,38,632.25,179.0,45.5,45.25,1,1,-1,-1
230,38,632.5,181.75,45.5,45.25,1,1,-1,-1
231,38,636.0,183.5,45.25,45.25,1,1,-1,-1
232,38,638.0,183.25,45.25,45.25,1,1,-1,-1
233,38,637.75,183.75,45.25,45.0,1,1,-1,-1
234,38,638.5,184.5,45.5,45.25,1,1,-1,-1
235,38,639.75,188.5,45.25,45.25,1,1,-1,-1
236,38,640.75,190.0,45.25,45.25,1,1,-1,-1
237,38,640.0,192.25,45.25,45.0,1,1,-1,-1
238,38,637.75,193.5,45.5,45.0,1,1,-1,-1
239,38,636.5,195.75,45.5,45.25,1,1,-1,-1
240,38,635.75,196.75,45.25,45.0,1,1,-1,-1
241,38,637.0,198.0,45.5,45.25,1,1,-1,-1
242,38,639.0,197.5,45.25,45.25,1,1,-1,-1
243,38,641.5,198.75,45.5,45.25,1,1,-1,-1
244,38,644.5,198.75,45.25,45.25,1,1,-1,-1
245,38,646.75,199.75,45.25,45.25,1,1,-1,-1
246,38,647.25,199.25,45.25,45.25,1,1,-1,-1
247,38,647.5,198.5,45.25,45.5,1,1,-1,-1
248,38,644.25,199.0,45.25,45.25,1,1,-1,-1
249,38,643.0,197.5,45.25,45.25,1,1,-1,-1
250,38,641.75,196.5,45.25,45.0,1,1,-1,-1
251,38,641.25,194.5,45.25,45.0,1,1,-1,-1
252,38,641.25,193.5,45.25,45.0,1,1,-1,-1
253,38,638.5,189.25,45.25,45.25,1,1,-1,-1
254,38,638.25,188.75,45.25,45.25,1,1,-1,-1
255,38,637.25,184.75,45.5,45.25,1,1,-1,-1
256,38,636.75,182.5,45.5,46.25,1,1,-1,-1
257,38,635.25,180.5,45.75,46.25,1,1,-1,-1
258,38,633.75,181.0,45.75,46.5,1,1,-1,-1
259,38,632.75,179.5,45.5,45.0,1,1,-1,-1
260,38,630.25,175.25,45.25,45.25,1,1,-1,-1
261,38,629.0,175.0,45.5,45.0,1,1,-1,-1
262,38,629.25,172.5,45.5,45.0,1,1,-1,-1
263,38,628.5,171.75,45.5,45.25,1,1,-1,-1
264,38,629.25,170.75,45.5,45.0,1,1,-1,-1
265,38,630.75,170.25,45.5,45.0,1,1,-1,-1
266,38,631.75,168.75,45.25,45.0,1,1,-1,-1
267,38,632.0,167.25,45.5,44.75,1,1,-1,-1
268,38,631.5,164.0,45.5,45.0,1,1,-1,-1
269,38,631.5,164.5,45.5,45.0,1,1,-1,-1
270,38,630.5,165.25,45.5,45.0,1,1,-1,-1
271,38,631.0,165.0,45.5,45.0,1,1,-1,-1
272,38,632.25,166.25,45.25,44.75,1,1,-1,-1
273,38,629.75,165.5,45.5,44.75,1,1,-1,-1
274,38,629.0,166.5,45.5,44.75,1,1,-1,-1
275,38,628.0,165.0,45.5,45.25,1,1,-1,-1
276,38,626.75,165.25,45.75,45.25,1,1,-1,-1
277,38,625.5,165.0,45.75,45.0,1,1,-1,-1
278,38,625.5,166.0,45.5,45.0,1,1,-1,-1
279,38,627.75,164.5,45.5,44.75,1,1,-1,-1
280,38,627.75,164.5,45.5,44.75,1,1,-1,-1
281,38,627.75,164.5,45.5,44.75,1,1,-1,-1
282,38,627.75,164.5,45.5,44.75,1,1,-1,-1
283,38,627.75,164.5,45.5,44.75,1,1,-1,-1
284,38,627.75,164.5,45.5,44.75,1,1,-1,-1
285,38,627.75,164.5,45.5,44.75,1,1,-1,-1
286,38,631.75,161.75,45.75,44.75,1,1,-1,-1
287,38,632.25,159.75,45.5,45.25,1,1,-1,-1
288,38,632.75,159.5,45.75,45.25,1,1,-1,-1
289,38,632.5,158.5,45.75,45.25,1,1,-1,-1
290,38,633.0,157.5,45.75,45.25,1,1,-1,-1
291,38,632.75,156.5,45.75,45.0,1,1,-1,-1
292,38,630.75,155.0,45.75,45.25,1,1,-1,-1
293,38,631.75,155.0,45.5,45.25,1,1,-1,-1
294,38,630.25,155.25,45.75,45.5,1,1,-1,-1
295,38,630.0,154.75,45.75,45.25,1,1,-1,-1
296,38,630.5,154.75,45.75,45.25,1,1,-1,-1
297,38,629.5,154.5,45.75,45.25,1,1,-1,-1
298,38,631.0,153.5,45.5,45.25,1,1,-1,-1
299,38,628.75,151.0,45.5,45.25,1,1,-1,-1
300,38,629.25,150.75,45.5,45.25,1,1,-1,-1
301,38,631.25,151.0,45.5,45.25,1,1,-1,-1
302,38,628.75,149.0,45.25,45.0,1,1,-1,-1
303,38,626.0,144.75,45.25,45.25,1,1,-1,-1
304,38,626.0,142.75,45.25,45.0,1,1,-1,-1
305,38,624.75,140.0,45.25,45.0,1,1,-1,-1
306,38,626.0,140.0,45.25,45.0,1,1,-1,-1
307,38,623.5,138.25,45.25,45.0,1,1,-1,-1
308,38,621.5,136.0,45.25,45.0,1,1,-1,-1
309,38,618.5,135.25,45.25,46.5,1,1,-1,-1
310,38,614.75,132.25,45.0,45.25,1,1,-1,-1
311,38,611.5,128.75,45.0,45.0,1,1,-1,-1
312,38,608.0,126.0,45.0,45.25,1,1,-1,-1
313,38,605.75,121.25,45.0,45.0,1,1,-1,-1
314,38,606.0,119.5,45.0,44.75,1,1,-1,-1
315,38,606.0,117.75,45.0,45.0,1,1,-1,-1
316,38,606.25,118.25,45.25,45.0,1,1,-1,-1
317,38,603.75,115.5,45.25,45.0,1,1,-1,-1
318,38,597.75,111.5,45.25,45.0,1,1,-1,-1
319,38,597.25,109.5,45.0,45.0,1,1,-1,-1
320,38,594.0,106.75,45.0,45.0,1,1,-1,-1
321,38,592.25,103.0,44.75,45.0,1,1,-1,-1
322,38,586.0,98.5,44.75,45.0,1,1,-1,-1
323,38,582.0,92.5,44.75,46.0,1,1,-1,-1
324,38,579.0,90.5,44.75,45.0,1,1,-1,-1
325,38,573.5,84.25,44.75,45.0,1,1,-1,-1
326,38,568.5,79.75,44.75,45.25,1,1,-1,-1
327,38,563.25,74.5,44.75,45.25,1,1,-1,-1
328,38,558.25,69.75,45.0,46.25,1,1,-1,-1
329,38,552.25,65.25,45.0,45.25,1,1,-1,-1
330,38,543.75,63.0,45.0,45.5,1,1,-1,-1
331,38,541.75,56.75,45.0,45.5,1,1,-1,-1
332,38,536.75,54.25,45.25,45.75,1,1,-1,-1
333,38,531.75,49.75,45.25,45.75,1,1,-1,-1
334,38,530.25,48.75,45.25,45.25,1,1,-1,-1
335,38,531.0,48.5,44.75,44.75,1,1,-1,-1
336,38,528.5,48.25,45.0,45.25,1,1,-1,-1
337,38,523.25,46.0,45.25,45.5,1,1,-1,-1
338,38,519.0,44.25,45.0,45.5,1,1,-1,-1
339,38,516.25,43.25,45.25,45.5,1,1,-1,-1
340,38,511.75,42.5,45.25,45.25,1,1,-1,-1
341,38,499.25,40.25,45.0,45.25,1,1,-1,-1
342,38,499.0,39.25,45.0,45.5,1,1,-1,-1
343,38,494.25,38.75,45.25,45.25,1,1,-1,-1
344,38,490.25,35.5,45.0,45.25,1,1,-1,-1
345,38,486.0,32.0,44.75,45.0,1,1,-1,-1
346,38,485.75,32.25,45.0,45.25,1,1,-1,-1
347,38,485.75,31.5,44.75,45.0,1,1,-1,-1
348,38,482.5,30.0,45.0,45.25,1,1,-1,-1
349,38,475.5,28.5,45.25,45.5,1,1,-1,-1
350,38,474.0,27.25,45.25,45.5,1,1,-1,-1
351,38,471.75,28.75,45.25,45.25,1,1,-1,-1
352,38,468.5,27.75,45.25,45.25,1,1,-1,-1
353,38,466.75,25.5,45.25,45.0,1,1,-1,-1
354,38,464.75,24.5,45.25,45.25,1,1,-1,-1
355,38,465.5,24.5,45.25,45.25,1,1,-1,-1
356,38,466.0,24.25,45.25,45.25,1,1,-1,-1
357,38,464.75,23.5,45.0,45.25,1,1,-1,-1
358,38,463.5,23.0,45.25,45.5,1,1,-1,-1
359,38,463.0,24.0,45.25,45.25,1,1,-1,-1
360,38,461.25,24.5,45.25,45.5,1,1,-1,-1
361,38,461.0,24.5,45.5,45.5,1,1,-1,-1
362,38,460.5,25.25,45.25,45.5,1,1,-1,-1
363,38,459.5,26.25,45.5,45.25,1,1,-1,-1
364,38,458.0,26.25,45.25,45.5,1,1,-1,-1
365,38,454.5,26.5,45.0,45.25,1,1,-1,-1
366,38,450.75,28.25,45.25,45.5,1,1,-1,-1
367,38,446.5,28.75,45.0,45.25,1,1,-1,-1
368,38,442.0,28.25,45.0,45.5,1,1,-1,-1
369,38,438.75,27.75,45.25,45.75,1,1,-1,-1
370,38,435.0,30.5,45.25,45.75,1,1,-1,-1
371,38,432.25,32.25,45.5,45.75,1,1,-1,-1
372,38,430.75,34.0,45.5,45.75,1,1,-1,-1
373,38,427.75,36.0,45.5,46.0,1,1,-1,-1
374,38,424.75,41.25,45.5,45.75,1,1,-1,-1
375,38,422.0,42.75,45.75,45.75,1,1,-1,-1
376,38,421.25,43.75,45.5,45.75,1,1,-1,-1
377,38,421.0,45.5,45.25,45.5,1,1,-1,-1
378,38,419.25,46.25,45.25,45.5,1,1,-1,-1
379,38,416.0,47.25,45.5,45.0,1,1,-1,-1
380,38,414.188,47.97,45.5,45.0,1,1,-1,-1
381,38,412.5,52.5,45.0,45.0,1,1,-1,-1
382,38,412.5,52.5,45.0,45.0,1,1,-1,-1
383,38,412.5,52.5,45.0,45.0,1,1,-1,-1
384,38,409.0,51.0,44.75,45.5,1,1,-1,-1
385,38,403.5,50.0,45.0,45.5,1,1,-1,-1
386,38,402.0,50.5,44.75,45.75,1,1,-1,-1
387,38,406.75,49.25,45.25,46.5,1,1,-1,-1
388,38,405.5,50.0,45.0,45.25,1,1,-1,-1
389,38,406.178,49.903,45.0,45.25,1,1,-1,-1
390,38,406.615,49.927,45.0,45.25,1,1,-1,-1
391,38,407.25,49.0,45.25,47.0,1,1,-1,-1
392,38,406.25,49.0,45.25,45.75,1,1,-1,-1
393,38,405.75,49.5,45.25,45.75,1,1,-1,-1
394,38,404.5,45.75,45.25,46.25,1,1,-1,-1
395,38,404.25,46.25,45.25,45.75,1,1,-1,-1
396,38,404.0,44.5,45.25,46.75,1,1,-1,-1
397,38,402.75,47.0,45.25,45.75,1,1,-1,-1
398,38,401.5,47.0,45.25,45.75,1,1,-1,-1
399,38,400.0,46.25,45.0,45.75,1,1,-1,-1
400,38,398.5,46.5,45.25,45.5,1,1,-1,-1
401,38,397.75,47.0,45.0,45.5,1,1,-1,-1
402,38,397.5,46.5,45.25,45.75,1,1,-1,-1
403,38,396.75,43.5,46.25,47.5,1,1,-1,-1
404,38,392.0,42.5,46.0,45.75,1,1,-1,-1
405,38,392.75,45.5,45.5,45.75,1,1,-1,-1
406,38,390.0,47.25,45.75,46.5,1,1,-1,-1
407,38,389.25,50.25,45.5,45.75,1,1,-1,-1
408,38,388.05,52.59,45.5,45.75,1,1,-1,-1
409,38,386.795,55.014,45.5,45.75,1,1,-1,-1
410,38,388.5,43.0,46.75,47.75,1,1,-1,-1
411,38,389.0,39.25,46.5,47.75,1,1,-1,-1
412,38,389.0,37.5,46.5,47.5,1,1,-1,-1
413,38,389.25,38.25,45.5,45.5,1,1,-1,-1
414,38,388.5,37.25,45.5,45.5,1,1,-1,-1
415,38,388.5,38.25,45.5,45.75,1,1,-1,-1
416,38,389.0,37.0,45.5,45.75,1,1,-1,-1
417,38,386.5,45.5,45.0,45.0,1,1,-1,-1
418,38,386.5,45.5,45.0,45.0,1,1,-1,-1
419,38,384.5,45.5,45.0,45.0,1,1,-1,-1
420,38,375.5,45.5,45.0,45.0,1,1,-1,-1
421,38,375.5,46.5,45.0,45.0,1,1,-1,-1
422,38,373.5,46.5,45.0,45.0,1,1,-1,-1
423,38,379.5,50.5,45.0,45.0,1,1,-1,-1
424,38,374.5,50.5,45.0,45.0,1,1,-1,-1
425,38,374.5,51.5,45.0,45.0,1,1,-1,-1
426,38,374.5,51.5,45.0,45.0,1,1,-1,-1
427,38,367.5,51.5,45.0,45.0,1,1,-1,-1
428,38,367.5,51.5,45.0,45.0,1,1,-1,-1
429,38,359.5,53.5,45.0,45.0,1,1,-1,-1
430,38,359.5,53.5,45.0,45.0,1,1,-1,-1
431,38,359.5,53.5,45.0,45.0,1,1,-1,-1
432,38,347.5,50.5,45.0,45.0,1,1,-1,-1
433,38,347.5,50.5,45.0,45.0,1,1,-1,-1
434,38,347.5,50.5,45.0,45.0,1,1,-1,-1
435,38,340.75,40.5,45.25,45.5,1,1,-1,-1
436,38,338.75,39.0,45.25,45.75,1,1,-1,-1
437,38,336.75,38.25,45.25,45.5,1,1,-1,-1
438,38,336.0,37.5,45.25,45.75,1,1,-1,-1
439,38,335.5,37.0,45.75,46.0,1,1,-1,-1
440,38,336.75,38.0,45.25,45.75,1,1,-1,-1
441,38,338.25,38.5,45.25,45.75,1,1,-1,-1
442,38,339.5,40.75,45.5,45.5,1,1,-1,-1
443,38,340.783,42.163,45.5,45.5,1,1,-1,-1
444,38,342.061,43.631,45.5,45.5,1,1,-1,-1
445,38,343.339,45.098,45.5,45.5,1,1,-1,-1
446,38,344.618,46.565,45.5,45.5,1,1,-1,-1
447,38,343.5,42.5,45.5,45.75,1,1,-1,-1
448,38,343.25,42.0,45.5,45.75,1,1,-1,-1
449,38,345.75,42.25,45.5,45.75,1,1,-1,-1
450,38,346.75,40.25,45.5,45.5,1,1,-1,-1
451,38,349.0,40.25,45.5,45.75,1,1,-1,-1
452,38,350.546,39.789,45.5,45.75,1,1,-1,-1
453,38,353.0,39.25,45.25,46.0,1,1,-1,-1
454,38,362.25,33.75,46.0,46.75,1,1,-1,-1
455,38,359.75,34.25,45.25,45.75,1,1,-1,-1
456,38,359.75,33.25,45.0,45.5,1,1,-1,-1
457,38,356.75,34.0,45.0,45.75,1,1,-1,-1
458,38,357.75,33.0,45.0,45.5,1,1,-1,-1
459,38,360.0,32.75,45.25,45.5,1,1,-1,-1
460,38,363.5,34.0,45.25,45.5,1,1,-1,-1
461,38,367.25,33.75,45.25,45.5,1,1,-1,-1
462,38,369.0,35.0,46.25,46.0,1,1,-1,-1
463,38,371.957,35.473,46.25,46.0,1,1,-1,-1
464,38,375.5,29.5,45.0,45.0,1,1,-1,-1
465,38,375.5,29.5,45.0,45.0,1,1,-1,-1
466,38,375.5,29.5,45.0,45.0,1,1,-1,-1
467,38,375.5,29.5,45.0,45.0,1,1,-1,-1
468,38,383.5,29.5,45.0,45.0,1,1,-1,-1
469,38,385.5,28.5,45.0,45.0,1,1,-1,-1
470,38,388.5,28.5,45.0,45.0,1,1,-1,-1
471,38,390.5,28.5,45.0,45.0,1,1,-1,-1
472,38,402.5,23.5,45.0,45.0,1,1,-1,-1
473,38,402.5,23.5,45.0,45.0,1,1,-1,-1
474,38,405.017,22.808,45.0,45.25,1,1,-1,-1
475,38,413.5,25.5,45.0,45.0,1,1,-1,-1
476,38,413.5,25.5,45.0,45.0,1,1,-1,-1
477,38,419.0,21.5,45.5,45.25,1,1,-1,-1
478,38,419.5,20.5,45.25,45.25,1,1,-1,-1
479,38,416.5,21.75,45.0,45.25,1,1,-1,-1
480,38,410.5,27.5,44.75,45.0,1,1,-1,-1
481,38,418.5,24.5,45.0,45.25,1,1,-1,-1
482,38,420.5,25.0,45.25,45.25,1,1,-1,-1
483,38,423.25,25.0,45.25,45.25,1,1,-1,-1
484,38,425.535,25.249,45.25,45.25,1,1,-1,-1
485,38,422.75,26.0,45.5,45.0,1,1,-1,-1
486,38,423.816,25.952,45.5,45.0,1,1,-1,-1
487,38,424.455,26.115,45.5,45.0,1,1,-1,-1
488,38,424.5,20.75,45.5,46.25,1,1,-1,-1
489,38,420.0,24.75,46.0,45.75,1,1,-1,-1
490,38,419.25,24.25,45.75,45.25,1,1,-1,-1
491,38,419.5,24.5,46.0,47.0,1,1,-1,-1
492,38,416.25,24.25,46.5,47.5,1,1,-1,-1
493,38,415.25,26.25,45.75,46.75,1,1,-1,-1
494,38,416.0,31.25,45.75,45.25,1,1,-1,-1
495,38,417.5,33.0,46.0,45.25,1,1,-1,-1
496,38,416.5,32.75,45.5,45.25,1,1,-1,-1
497,38,416.167,33.777,45.5,45.25,1,1,-1,-1
498,38,417.25,30.0,45.75,45.25,1,1,-1,-1
499,38,418.75,30.25,45.5,45.5,1,1,-1,-1
500,38,416.75,31.5,45.75,45.75,1,1,-1,-1
1,39,517.0,42.0,45.25,45.5,1,1,-1,-1
2,39,516.75,41.75,45.25,45.5,1,1,-1,-1
3,39,516.5,42.25,45.25,45.25,1,1,-1,-1
4,39,516.0,44.25,45.25,45.5,1,1,-1,-1
5,39,513.75,45.25,45.25,45.25,1,1,-1,-1
6,39,513.75,46.75,45.0,45.0,1,1,-1,-1
7,39,512.25,47.0,45.25,45.25,1,1,-1,-1
8,39,510.25,47.75,45.0,45.25,1,1,-1,-1
9,39,508.75,47.5,45.25,45.25,1,1,-1,-1
10,39,507.75,46.75,45.25,45.25,1,1,-1,-1
11,39,506.0,45.75,45.25,45.25,1,1,-1,-1
12,39,505.5,43.0,45.25,45.75,1,1,-1,-1
13,39,504.5,40.0,45.25,45.25,1,1,-1,-1
14,39,502.0,38.25,45.0,46.0,1,1,-1,-1
15,39,499.5,37.75,45.5,46.5,1,1,-1,-1
16,39,497.0,38.75,45.0,45.5,1,1,-1,-1
17,39,494.0,37.75,45.25,46.0,1,1,-1,-1
18,39,492.75,36.25,45.25,46.5,1,1,-1,-1
19,39,489.75,35.5,46.0,46.75,1,1,-1,-1
20,39,488.75,35.5,45.25,46.0,1,1,-1,-1
21,39,484.75,34.75,45.0,45.0,1,1,-1,-1
22,39,480.0,33.5,45.0,45.0,1,1,-1,-1
23,39,475.0,33.5,45.0,45.25,1,1,-1,-1
24,39,469.25,33.25,45.25,45.25,1,1,-1,-1
25,39,461.5,31.0,45.25,45.25,1,1,-1,-1
26,39,458.25,29.0,45.25,45.0,1,1,-1,-1
27,39,458.5,27.0,45.0,45.0,1,1,-1,-1
28,39,459.0,27.25,45.0,45.0,1,1,-1,-1
29,39,458.25,26.75,45.25,45.25,1,1,-1,-1
30,39,457.25,26.75,45.25,45.25,1,1,-1,-1
31,39,453.0,26.0,45.0,45.5,1,1,-1,-1
32,39,449.25,27.5,45.0,45.25,1,1,-1,-1
33,39,442.5,27.25,45.25,45.25,1,1,-1,-1
34,39,440.5,27.5,45.25,45.25,1,1,-1,-1
35,39,442.25,27.75,45.0,45.0,1,1,-1,-1
36,39,442.0,27.25,45.25,45.25,1,1,-1,-1
37,39,443.0,26.25,45.25,45.25,1,1,-1,-1
38,39,443.25,23.5,45.0,45.25,1,1,-1,-1
39,39,440.0,23.0,45.5,45.25,1,1,-1,-1
40,39,436.25,22.0,45.75,45.25,1,1,-1,-1
41,39,435.0,23.0,45.5,45.25,1,1,-1,-1
42,39,436.75,22.75,45.5,45.5,1,1,-1,-1
43,39,438.25,23.25,45.5,45.25,1,1,-1,-1
44,39,438.424,23.944,45.5,45.25,1,1,-1,-1
45,39,429.25,26.75,45.5,45.5,1,1,-1,-1
46,39,423.75,28.25,45.25,45.5,1,1,-1,-1
47,39,418.25,34.75,45.5,45.75,1,1,-1,-1
48,39,418.25,34.75,45.5,45.75,1,1,-1,-1
49,39,405.25,34.75,45.5,45.5,1,1,-1,-1
50,39,402.25,32.5,45.5,45.75,1,1,-1,-1
51,39,398.25,31.75,45.5,45.5,1,1,-1,-1
52,39,395.5,31.25,45.25,45.5,1,1,-1,-1
53,39,393.0,28.25,45.25,45.75,1,1,-1,-1
54,39,388.25,27.75,45.0,45.25,1,1,-1,-1
55,39,385.5,26.25,45.25,45.5,1,1,-1,-1
56,39,381.25,24.75,45.25,45.75,1,1,-1,-1
57,39,377.25,24.5,45.25,45.5,1,1,-1,-1
58,39,373.75,25.0,45.5,45.25,1,1,-1,-1
59,39,368.25,25.25,46.0,47.25,1,1,-1,-1
60,39,365.25,26.5,45.5,46.25,1,1,-1,-1
61,39,361.0,28.75,45.25,45.25,1,1,-1,-1
62,39,354.25,29.75,45.25,45.25,1,1,-1,-1
63,39,347.75,32.0,45.25,45.25,1,1,-1,-1
64,39,341.5,33.25,45.0,45.25,1,1,-1,-1
65,39,339.75,35.0,45.0,45.25,1,1,-1,-1
66,39,335.5,37.5,45.0,45.75,1,1,-1,-1
67,39,332.5,38.0,45.0,45.5,1,1,-1,-1
68,39,330.25,38.0,45.0,46.0,1,1,-1,-1
69,39,330.0,37.75,45.5,46.0,1,1,-1,-1
70,39,329.25,37.75,45.0,45.0,1,1,-1,-1
71,39,328.5,35.75,45.0,45.25,1,1,-1,-1
72,39,326.75,35.5,45.0,45.0,1,1,-1,-1
73,39,327.5,35.5,45.0,45.0,1,1,-1,-1
74,39,327.75,35.0,45.0,45.0,1,1,-1,-1
75,39,327.5,39.5,45.0,45.0,1,1,-1,-1
76,39,327.5,39.5,45.0,45.0,1,1,-1,-1
77,39,327.5,39.5,45.0,45.0,1,1,-1,-1
78,39,328.5,34.5,45.0,45.0,1,1,-1,-1
79,39,328.5,34.5,45.0,45.0,1,1,-1,-1
80,39,328.5,34.5,45.0,45.0,1,1,-1,-1
81,39,328.5,34.5,45.0,45.0,1,1,-1,-1
82,39,334.5,30.5,45.0,45.0,1,1,-1,-1
83,39,334.5,30.5,45.0,45.0,1,1,-1,-1
84,39,338.5,27.5,45.0,45.0,1,1,-1,-1
85,39,341.5,25.5,45.0,45.0,1,1,-1,-1
86,39,341.5,25.5,45.0,45.0,1,1,-1,-1
87,39,348.5,30.5,45.0,45.0,1,1,-1,-1
88,39,345.5,30.5,45.0,45.0,1,1,-1,-1
89,39,345.5,30.5,45.0,45.0,1,1,-1,-1
90,39,345.5,30.5,45.0,45.0,1,1,-1,-1
91,39,345.5,30.5,45.0,45.0,1,1,-1,-1
92,39,345.5,30.5,45.0,45.0,1,1,-1,-1
93,39,347.25,33.75,45.5,45.75,1,1,-1,-1
94,39,348.5,34.5,45.75,45.5,1,1,-1,-1
95,39,350.25,34.25,45.5,45.25,1,1,-1,-1
96,39,350.0,34.5,45.5,45.5,1,1,-1,-1
97,39,352.0,33.25,45.5,45.25,1,1,-1,-1
98,39,351.5,33.75,45.75,46.25,1,1,-1,-1
99,39,351.25,34.25,45.75,45.5,1,1,-1,-1
100,39,349.25,33.75,45.5,45.75,1,1,-1,-1
101,39,353.25,32.25,45.75,45.5,1,1,-1,-1
102,39,361.25,31.0,45.5,45.0,1,1,-1,-1
103,39,362.25,28.25,45.0,45.0,1,1,-1,-1
104,39,368.5,26.25,45.0,45.25,1,1,-1,-1
105,39,371.75,27.25,44.75,45.25,1,1,-1,-1
106,39,371.75,27.75,45.5,45.0,1,1,-1,-1
107,39,380.5,23.5,45.25,45.25,1,1,-1,-1
108,39,381.75,21.5,45.25,45.5,1,1,-1,-1
109,39,385.25,21.5,45.0,45.25,1,1,-1,-1
110,39,386.25,21.0,44.75,45.25,1,1,-1,-1
111,39,387.0,18.25,45.0,45.25,1,1,-1,-1
112,39,387.0,21.0,45.0,45.25,1,1,-1,-1
113,39,386.25,20.75,45.0,45.25,1,1,-1,-1
114,39,386.75,21.25,45.0,45.25,1,1,-1,-1
115,39,387.25,19.0,45.0,45.5,1,1,-1,-1
116,39,387.0,18.0,45.25,45.5,1,1,-1,-1
117,39,387.5,18.0,45.0,45.5,1,1,-1,-1
118,39,387.25,17.75,45.0,45.5,1,1,-1,-1
119,39,387.0,17.75,45.0,45.5,1,1,-1,-1
120,39,386.25,17.0,45.0,45.75,1,1,-1,-1
121,39,386.75,17.5,45.0,45.5,1,1,-1,-1
122,39,386.25,16.25,45.0,45.75,1,1,-1,-1
123,39,387.0,16.25,45.0,45.75,1,1,-1,-1
124,39,387.0,16.25,45.25,45.5,1,1,-1,-1
125,39,389.0,15.75,45.25,45.75,1,1,-1,-1
126,39,393.0,15.75,45.25,45.75,1,1,-1,-1
127,39,394.778,16.148,45.25,45.75,1,1,-1,-1
128,39,401.75,12.75,45.0,46.25,1,1,-1,-1
129,39,407.0,13.0,45.0,45.75,1,1,-1,-1
130,39,407.5,15.5,45.0,45.75,1,1,-1,-1
131,39,409.0,14.0,45.0,46.0,1,1,-1,-1
132,39,409.0,13.75,45.0,46.0,1,1,-1,-1
133,39,411.0,16.5,45.25,45.75,1,1,-1,-1
134,39,412.25,17.0,45.25,46.0,1,1,-1,-1
135,39,415.75,13.25,45.25,46.0,1,1,-1,-1
136,39,418.5,15.5,45.5,46.0,1,1,-1,-1
137,39,419.25,18.25,45.25,45.5,1,1,-1,-1
138,39,422.0,21.5,45.25,45.25,1,1,-1,-1
139,39,425.75,23.0,45.0,45.25,1,1,-1,-1
140,39,430.5,25.5,45.25,45.5,1,1,-1,-1
141,39,438.75,27.5,45.5,46.5,1,1,-1,-1
142,39,444.0,30.75,45.25,45.5,1,1,-1,-1
143,39,451.25,32.5,45.25,45.25,1,1,-1,-1
144,39,459.0,35.75,45.0,45.75,1,1,-1,-1
145,39,466.75,37.75,45.25,45.75,1,1,-1,-1
146,39,476.5,38.5,45.25,45.5,1,1,-1,-1
147,39,482.75,44.0,45.25,45.25,1,1,-1,-1
148,39,490.75,46.75,45.0,45.25,1,1,-1,-1
149,39,493.0,49.5,45.25,45.5,1,1,-1,-1
150,39,497.75,53.75,45.0,45.5,1,1,-1,-1
151,39,501.5,57.25,45.0,45.5,1,1,-1,-1
152,39,506.5,61.5,45.25,46.0,1,1,-1,-1
153,39,508.0,64.75,45.25,46.0,1,1,-1,-1
154,39,509.25,65.0,45.25,45.75,1,1,-1,-1
155,39,509.75,66.25,45.25,46.25,1,1,-1,-1
156,39,511.25,67.5,45.25,45.75,1,1,-1,-1
157,39,514.75,67.75,45.25,45.5,1,1,-1,-1
158,39,517.25,67.5,45.5,45.5,1,1,-1,-1
159,39,521.25,65.75,45.25,45.5,1,1,-1,-1
160,39,524.25,64.25,45.25,45.75,1,1,-1,-1
161,39,528.75,61.5,45.25,45.5,1,1,-1,-1
162,39,532.0,59.75,45.5,45.5,1,1,-1,-1
163,39,537.5,57.0,45.0,45.25,1,1,-1,-1
164,39,540.25,55.25,45.25,45.25,1,1,-1,-1
165,39,541.5,54.25,45.0,45.25,1,1,-1,-1
166,39,541.25,54.5,45.25,45.25,1,1,-1,-1
167,39,541.5,55.5,45.0,45.25,1,1,-1,-1
168,39,541.75,57.75,45.25,45.25,1,1,-1,-1
169,39,543.0,59.0,45.25,45.5,1,1,-1,-1
170,39,544.5,61.75,45.25,45.5,1,1,-1,-1
171,39,547.5,65.5,45.25,45.25,1,1,-1,-1
172,39,549.25,69.75,45.0,45.5,1,1,-1,-1
173,39,553.5,73.5,45.0,45.75,1,1,-1,-1
174,39,557.25,76.75,45.25,46.0,1,1,-1,-1
175,39,563.0,81.75,45.25,46.5,1,1,-1,-1
176,39,566.25,86.0,45.0,45.25,1,1,-1,-1
177,39,573.25,90.5,45.0,45.0,1,1,-1,-1
178,39,574.0,90.0,45.0,45.25,1,1,-1,-1
179,39,574.75,89.75,45.0,45.0,1,1,-1,-1
180,39,576.25,90.0,45.0,45.0,1,1,-1,-1
181,39,580.75,90.5,44.75,45.0,1,1,-1,-1
182,39,582.75,90.0,45.0,45.25,1,1,-1,-1
183,39,584.5,92.5,45.0,45.5,1,1,-1,-1
184,39,588.0,95.25,44.75,45.25,1,1,-1,-1
185,39,588.5,95.5,45.0,45.25,1,1,-1,-1
186,39,588.25,97.25,44.75,45.25,1,1,-1,-1
187,39,589.5,98.25,44.75,45.0,1,1,-1,-1
188,39,591.25,98.5,44.75,45.25,1,1,-1,-1
189,39,591.75,99.75,45.0,45.25,1,1,-1,-1
190,39,592.25,99.5,44.75,45.5,1,1,-1,-1
191,39,592.75,100.0,45.0,45.5,1,1,-1,-1
192,39,596.5,100.75,45.25,47.0,1,1,-1,-1
193,39,597.25,104.75,45.0,45.25,1,1,-1,-1
194,39,597.25,106.75,45.25,45.0,1,1,-1,-1
195,39,598.0,107.0,45.0,45.0,1,1,-1,-1
196,39,597.0,108.75,45.0,45.0,1,1,-1,-1
197,39,596.5,109.0,45.25,45.25,1,1,-1,-1
198,39,595.5,111.0,45.5,45.5,1,1,-1,-1
199,39,595.25,112.0,45.25,45.25,1,1,-1,-1
200,39,595.0,112.25,45.5,45.5,1,1,-1,-1
201,39,594.25,112.0,45.5,45.5,1,1,-1,-1
202,39,594.0,112.0,45.75,46.0,1,1,-1,-1
203,39,594.25,111.5,45.75,47.0,1,1,-1,-1
204,39,594.75,112.25,45.75,46.5,1,1,-1,-1
205,39,594.75,112.25,45.75,46.5,1,1,-1,-1
206,39,594.75,111.75,45.75,46.75,1,1,-1,-1
207,39,594.5,112.0,45.75,46.75,1,1,-1,-1
208,39,594.5,110.75,45.75,47.25,1,1,-1,-1
209,39,594.0,110.5,45.5,46.25,1,1,-1,-1
210,39,593.25,109.25,45.5,45.5,1,1,-1,-1
211,39,592.75,108.0,45.5,45.5,1,1,-1,-1
212,39,593.5,105.0,45.25,45.25,1,1,-1,-1
213,39,594.25,103.5,45.25,46.0,1,1,-1,-1
214,39,593.25,102.5,45.25,46.0,1,1,-1,-1
215,39,593.0,102.0,45.25,45.75,1,1,-1,-1
216,39,592.25,101.75,45.25,45.5,1,1,-1,-1
217,39,592.25,101.25,45.25,45.25,1,1,-1,-1
218,39,591.75,100.5,45.0,45.25,1,1,-1,-1
219,39,592.5,99.5,45.0,45.5,1,1,-1,-1
220,39,592.25,100.0,45.0,45.5,1,1,-1,-1
221,39,592.75,102.0,45.25,46.0,1,1,-1,-1
222,39,590.75,102.75,45.25,46.25,1,1,-1,-1
223,39,589.25,103.5,45.25,46.0,1,1,-1,-1
224,39,588.25,105.0,45.25,45.25,1,1,-1,-1
225,39,587.5,107.5,45.25,45.25,1,1,-1,-1
226,39,585.25,107.0,45.25,45.25,1,1,-1,-1
227,39,583.25,106.75,45.25,45.25,1,1,-1,-1
228,39,582.0,107.5,45.0,45.0,1,1,-1,-1
229,39,580.0,110.5,45.25,45.0,1,1,-1,-1
230,39,580.25,112.5,45.5,45.25,1,1,-1,-1
231,39,580.25,117.0,45.25,45.25,1,1,-1,-1
232,39,579.75,121.0,45.25,45.25,1,1,-1,-1
233,39,581.0,122.75,45.25,45.25,1,1,-1,-1
234,39,584.0,125.75,45.25,45.25,1,1,-1,-1
235,39,584.25,128.5,45.25,45.25,1,1,-1,-1
236,39,586.0,134.0,45.0,45.25,1,1,-1,-1
237,39,585.75,137.75,44.75,45.0,1,1,-1,-1
238,39,585.5,140.75,45.0,45.0,1,1,-1,-1
239,39,585.75,146.5,45.5,45.25,1,1,-1,-1
240,39,586.5,152.0,45.5,45.25,1,1,-1,-1
241,39,588.25,156.5,45.5,45.5,1,1,-1,-1
242,39,589.5,162.75,45.25,45.25,1,1,-1,-1
243,39,592.0,168.0,45.25,45.25,1,1,-1,-1
244,39,594.5,173.25,44.75,45.25,1,1,-1,-1
245,39,598.0,177.5,45.0,45.25,1,1,-1,-1
246,39,601.5,181.5,44.75,45.5,1,1,-1,-1
247,39,604.75,183.0,44.75,45.25,1,1,-1,-1
248,39,609.25,183.0,45.0,45.0,1,1,-1,-1
249,39,609.75,181.5,45.0,45.0,1,1,-1,-1
250,39,611.0,179.75,44.75,45.0,1,1,-1,-1
251,39,613.25,178.5,44.75,45.0,1,1,-1,-1
252,39,614.25,177.75,44.75,45.0,1,1,-1,-1
253,39,615.0,176.75,45.0,46.0,1,1,-1,-1
254,39,615.0,175.0,45.0,46.0,1,1,-1,-1
255,39,615.0,175.75,44.75,45.0,1,1,-1,-1
256,39,614.75,175.0,44.75,45.0,1,1,-1,-1
257,39,616.25,173.0,44.75,45.0,1,1,-1,-1
258,39,617.25,170.75,45.0,45.0,1,1,-1,-1
259,39,616.75,168.25,45.0,45.0,1,1,-1,-1
260,39,616.5,166.75,45.0,44.75,1,1,-1,-1
261,39,617.0,164.5,45.25,45.0,1,1,-1,-1
262,39,616.5,164.75,45.25,45.0,1,1,-1,-1
263,39,616.0,164.5,45.25,45.0,1,1,-1,-1
264,39,617.0,164.5,45.25,45.0,1,1,-1,-1
265,39,617.25,163.5,45.25,44.75,1,1,-1,-1
266,39,617.25,161.75,45.0,45.0,1,1,-1,-1
267,39,616.0,161.0,45.25,45.0,1,1,-1,-1
268,39,615.25,161.0,45.0,44.75,1,1,-1,-1
269,39,614.5,160.25,45.0,45.0,1,1,-1,-1
270,39,614.25,160.75,45.0,45.0,1,1,-1,-1
271,39,613.5,161.0,45.0,44.75,1,1,-1,-1
272,39,615.25,161.0,44.75,45.0,1,1,-1,-1
273,39,614.0,160.0,45.0,45.0,1,1,-1,-1
274,39,613.5,159.25,45.0,45.0,1,1,-1,-1
275,39,614.25,159.0,45.0,45.0,1,1,-1,-1
276,39,614.0,158.25,45.25,45.0,1,1,-1,-1
277,39,613.25,158.5,45.0,45.0,1,1,-1,-1
278,39,612.75,159.25,45.0,45.0,1,1,-1,-1
279,39,614.5,159.75,45.0,45.0,1,1,-1,-1
280,39,614.5,159.5,45.0,45.0,1,1,-1,-1
281,39,614.75,159.75,45.0,45.0,1,1,-1,-1
282,39,615.75,159.75,45.25,45.0,1,1,-1,-1
283,39,616.5,160.25,45.0,44.75,1,1,-1,-1
284,39,616.5,160.75,45.0,44.75,1,1,-1,-1
285,39,616.5,160.5,45.0,45.0,1,1,-1,-1
286,39,616.25,160.75,45.25,44.75,1,1,-1,-1
287,39,616.5,160.75,45.25,45.0,1,1,-1,-1
288,39,616.5,159.75,45.0,45.0,1,1,-1,-1
289,39,617.75,163.75,45.0,44.75,1,1,-1,-1
290,39,618.778,165.558,45.0,44.75,1,1,-1,-1
291,39,617.75,163.5,44.75,44.75,1,1,-1,-1
292,39,613.75,158.5,44.75,44.75,1,1,-1,-1
293,39,616.75,159.75,44.75,45.0,1,1,-1,-1
294,39,616.75,161.0,44.75,44.75,1,1,-1,-1
295,39,616.25,159.25,45.0,45.0,1,1,-1,-1
296,39,616.25,159.25,45.0,45.0,1,1,-1,-1
297,39,615.75,162.0,44.75,44.75,1,1,-1,-1
298,39,616.25,160.25,44.75,44.75,1,1,-1,-1
299,39,616.0,160.0,45.0,45.0,1,1,-1,-1
300,39,616.5,160.0,45.0,45.0,1,1,-1,-1
301,39,617.0,159.75,45.25,45.0,1,1,-1,-1
302,39,615.5,160.0,45.25,45.0,1,1,-1,-1
303,39,615.0,162.25,45.25,44.75,1,1,-1,-1
304,39,615.5,162.5,45.0,44.75,1,1,-1,-1
305,39,616.0,161.75,45.25,45.0,1,1,-1,-1
306,39,617.0,161.25,45.25,45.0,1,1,-1,-1
307,39,616.75,161.25,45.25,45.0,1,1,-1,-1
308,39,615.5,161.0,45.25,45.0,1,1,-1,-1
309,39,615.0,161.5,45.0,45.0,1,1,-1,-1
310,39,614.75,160.5,45.0,45.0,1,1,-1,-1
311,39,614.5,159.75,45.25,45.0,1,1,-1,-1
312,39,615.25,162.25,45.0,45.0,1,1,-1,-1
313,39,614.75,160.5,45.0,44.75,1,1,-1,-1
314,39,613.5,159.25,45.0,45.0,1,1,-1,-1
315,39,613.25,160.25,45.0,44.75,1,1,-1,-1
316,39,613.5,159.75,45.25,44.75,1,1,-1,-1
317,39,613.25,159.5,45.0,44.75,1,1,-1,-1
318,39,613.0,158.75,45.0,45.0,1,1,-1,-1
319,39,612.5,158.25,45.25,45.25,1,1,-1,-1
320,39,613.0,159.25,45.0,45.0,1,1,-1,-1
321,39,613.5,158.75,45.25,45.0,1,1,-1,-1
322,39,613.25,159.5,45.5,45.0,1,1,-1,-1
323,39,613.75,159.5,45.25,45.0,1,1,-1,-1
324,39,614.25,160.0,45.25,45.0,1,1,-1,-1
325,39,614.5,160.25,45.0,44.75,1,1,-1,-1
326,39,614.0,159.75,45.0,45.0,1,1,-1,-1
327,39,615.25,159.75,45.25,45.0,1,1,-1,-1
328,39,615.25,160.0,45.25,45.0,1,1,-1,-1
329,39,615.75,160.25,45.25,45.0,1,1,-1,-1
330,39,614.75,159.0,45.25,45.25,1,1,-1,-1
331,39,615.75,160.0,45.25,45.0,1,1,-1,-1
332,39,615.75,160.25,45.25,45.0,1,1,-1,-1
333,39,615.25,159.5,45.25,45.0,1,1,-1,-1
334,39,614.75,160.0,45.25,45.0,1,1,-1,-1
335,39,614.25,159.75,45.25,45.0,1,1,-1,-1
336,39,614.75,159.5,45.25,45.0,1,1,-1,-1
337,39,615.0,160.25,45.25,44.75,1,1,-1,-1
338,39,615.25,159.5,45.25,45.0,1,1,-1,-1
339,39,615.25,160.0,45.25,45.0,1,1,-1,-1
340,39,614.75,159.25,45.0,45.0,1,1,-1,-1
341,39,614.5,159.0,45.25,44.75,1,1,-1,-1
342,39,613.75,159.25,45.25,44.75,1,1,-1,-1
343,39,614.0,158.75,45.0,45.0,1,1,-1,-1
344,39,612.5,157.75,45.25,45.0,1,1,-1,-1
345,39,613.5,158.75,45.0,44.75,1,1,-1,-1
346,39,613.25,158.0,45.25,45.0,1,1,-1,-1
347,39,613.0,158.0,45.25,45.25,1,1,-1,-1
348,39,613.75,157.75,45.25,45.25,1,1,-1,-1
349,39,614.0,157.5,45.25,45.25,1,1,-1,-1
350,39,613.75,158.5,45.0,45.0,1,1,-1,-1
351,39,614.5,158.75,45.25,45.0,1,1,-1,-1
352,39,615.25,159.25,45.25,45.0,1,1,-1,-1
353,39,616.0,160.25,45.25,45.0,1,1,-1,-1
354,39,616.0,160.0,45.25,45.25,1,1,-1,-1
355,39,616.0,160.25,45.0,45.0,1,1,-1,-1
356,39,616.5,160.75,45.0,44.75,1,1,-1,-1
357,39,616.75,160.5,45.25,45.25,1,1,-1,-1
358,39,616.5,161.5,45.0,45.0,1,1,-1,-1
359,39,617.25,161.5,45.0,45.0,1,1,-1,-1
360,39,616.75,161.25,45.0,45.0,1,1,-1,-1
361,39,618.0,161.0,45.0,45.0,1,1,-1,-1
362,39,618.0,161.0,45.0,45.0,1,1,-1,-1
363,39,618.0,161.0,45.0,44.75,1,1,-1,-1
364,39,618.5,161.25,45.0,45.0,1,1,-1,-1
365,39,618.5,161.5,45.0,45.0,1,1,-1,-1
366,39,618.25,162.25,45.25,45.0,1,1,-1,-1
367,39,618.0,162.75,45.0,45.0,1,1,-1,-1
368,39,618.5,162.0,45.25,45.0,1,1,-1,-1
369,39,618.25,162.25,45.25,45.0,1,1,-1,-1
370,39,618.5,162.5,45.25,45.0,1,1,-1,-1
371,39,619.0,162.25,45.25,45.0,1,1,-1,-1
372,39,618.5,162.75,45.25,45.0,1,1,-1,-1
373,39,619.0,163.5,45.25,45.0,1,1,-1,-1
374,39,618.5,163.75,45.25,45.25,1,1,-1,-1
375,39,620.25,164.25,45.25,45.25,1,1,-1,-1
376,39,619.75,165.0,45.25,45.25,1,1,-1,-1
377,39,620.5,165.75,45.25,45.25,1,1,-1,-1
378,39,621.25,166.25,45.5,45.5,1,1,-1,-1
379,39,621.5,167.75,45.5,45.75,1,1,-1,-1
380,39,623.0,169.75,45.25,45.0,1,1,-1,-1
381,39,624.5,170.25,45.25,45.0,1,1,-1,-1
382,39,624.5,170.75,45.5,45.25,1,1,-1,-1
383,39,624.75,170.5,45.5,45.0,1,1,-1,-1
384,39,623.0,169.0,45.5,45.0,1,1,-1,-1
385,39,625.75,166.0,45.5,45.25,1,1,-1,-1
386,39,624.25,161.75,45.75,46.0,1,1,-1,-1
387,39,625.25,163.0,45.5,45.25,1,1,-1,-1
388,39,621.75,161.0,45.5,45.0,1,1,-1,-1
389,39,621.75,159.0,45.5,45.5,1,1,-1,-1
390,39,619.75,158.75,45.5,45.25,1,1,-1,-1
391,39,619.25,158.25,45.5,45.25,1,1,-1,-1
392,39,617.0,156.0,45.5,45.25,1,1,-1,-1
393,39,616.0,153.5,45.25,45.25,1,1,-1,-1
394,39,614.5,153.5,45.0,45.25,1,1,-1,-1
395,39,614.75,151.5,45.25,45.75,1,1,-1,-1
396,39,615.5,149.5,45.0,45.5,1,1,-1,-1
397,39,615.75,147.25,45.0,45.0,1,1,-1,-1
398,39,615.25,145.5,45.0,44.75,1,1,-1,-1
399,39,615.75,144.0,44.75,44.75,1,1,-1,-1
400,39,614.75,144.0,44.75,44.75,1,1,-1,-1
401,39,615.0,143.0,44.75,44.75,1,1,-1,-1
402,39,613.25,141.75,44.75,45.0,1,1,-1,-1
403,39,611.5,141.75,44.75,45.0,1,1,-1,-1
404,39,611.5,140.5,44.75,45.0,1,1,-1,-1
405,39,609.5,141.25,44.75,44.75,1,1,-1,-1
406,39,607.25,142.0,45.0,44.75,1,1,-1,-1
407,39,605.75,140.25,44.75,45.0,1,1,-1,-1
408,39,602.25,138.0,45.0,45.0,1,1,-1,-1
409,39,598.5,135.25,44.75,45.0,1,1,-1,-1
410,39,593.25,134.25,44.75,45.0,1,1,-1,-1
411,39,590.0,134.5,45.0,45.0,1,1,-1,-1
412,39,587.25,132.5,45.0,45.0,1,1,-1,-1
413,39,586.0,129.0,44.75,44.75,1,1,-1,-1
414,39,585.0,125.25,44.75,45.0,1,1,-1,-1
415,39,583.25,123.0,45.0,45.0,1,1,-1,-1
416,39,581.5,119.75,45.0,45.0,1,1,-1,-1
417,39,579.5,112.5,45.25,45.0,1,1,-1,-1
418,39,577.5,109.25,45.0,44.75,1,1,-1,-1
419,39,572.75,105.25,45.0,45.0,1,1,-1,-1
420,39,570.5,103.25,45.0,45.25,1,1,-1,-1
421,39,566.25,97.75,45.0,46.0,1,1,-1,-1
422,39,563.5,95.0,44.75,45.25,1,1,-1,-1
423,39,559.25,91.25,44.75,45.75,1,1,-1,-1
424,39,556.5,86.0,45.25,47.5,1,1,-1,-1
425,39,551.75,83.0,45.0,46.5,1,1,-1,-1
426,39,548.0,77.75,45.0,45.25,1,1,-1,-1
427,39,544.25,73.0,45.0,45.5,1,1,-1,-1
428,39,541.75,69.25,45.0,45.25,1,1,-1,-1
429,39,542.25,68.25,45.0,45.25,1,1,-1,-1
430,39,544.25,65.0,45.0,45.5,1,1,-1,-1
431,39,544.5,64.0,45.25,45.5,1,1,-1,-1
432,39,544.75,65.0,45.0,45.5,1,1,-1,-1
433,39,544.75,65.5,45.0,45.5,1,1,-1,-1
434,39,543.5,66.5,45.0,45.5,1,1,-1,-1
435,39,541.5,69.25,45.0,45.25,1,1,-1,-1
436,39,541.0,71.5,45.0,45.25,1,1,-1,-1
437,39,540.0,75.75,45.0,45.0,1,1,-1,-1
438,39,540.5,81.25,44.75,45.0,1,1,-1,-1
439,39,536.75,84.0,45.75,47.5,1,1,-1,-1
440,39,536.75,87.0,44.75,45.25,1,1,-1,-1
441,39,536.75,91.5,44.75,45.25,1,1,-1,-1
442,39,536.75,94.75,44.75,44.75,1,1,-1,-1
443,39,537.0,99.25,44.75,45.0,1,1,-1,-1
444,39,536.25,104.75,45.0,45.0,1,1,-1,-1
445,39,537.5,108.75,45.0,45.0,1,1,-1,-1
446,39,538.25,113.25,45.25,45.0,1,1,-1,-1
447,39,539.25,116.25,45.5,45.0,1,1,-1,-1
448,39,539.75,120.0,45.25,45.0,1,1,-1,-1
449,39,539.5,123.25,45.25,45.25,1,1,-1,-1
450,39,539.75,126.0,45.25,45.25,1,1,-1,-1
451,39,538.75,130.5,45.25,45.5,1,1,-1,-1
452,39,536.25,134.25,45.0,45.0,1,1,-1,-1
453,39,536.75,137.75,45.0,45.0,1,1,-1,-1
454,39,536.0,147.25,45.0,44.75,1,1,-1,-1
455,39,534.75,150.0,45.25,45.0,1,1,-1,-1
456,39,537.5,155.75,45.25,45.0,1,1,-1,-1
457,39,539.5,159.75,45.25,45.25,1,1,-1,-1
458,39,543.0,165.5,45.25,45.25,1,1,-1,-1
459,39,547.75,168.75,45.25,46.25,1,1,-1,-1
460,39,551.0,172.25,45.25,44.75,1,1,-1,-1
461,39,554.5,176.75,45.0,45.25,1,1,-1,-1
462,39,559.75,182.0,45.0,45.0,1,1,-1,-1
463,39,562.5,189.25,45.25,45.0,1,1,-1,-1
464,39,565.5,194.5,45.0,45.0,1,1,-1,-1
465,39,567.25,200.75,45.0,45.0,1,1,-1,-1
466,39,568.75,209.0,45.25,45.5,1,1,-1,-1
467,39,570.25,215.25,45.0,45.0,1,1,-1,-1
468,39,570.5,218.75,45.0,45.0,1,1,-1,-1
469,39,568.5,221.25,45.0,45.0,1,1,-1,-1
470,39,567.25,222.75,45.0,45.25,1,1,-1,-1
471,39,565.0,225.5,45.0,45.25,1,1,-1,-1
472,39,563.5,228.5,45.0,45.0,1,1,-1,-1
473,39,563.25,228.5,45.0,45.0,1,1,-1,-1
474,39,560.0,230.0,45.0,45.25,1,1,-1,-1
475,39,557.5,230.5,44.75,45.0,1,1,-1,-1
476,39,555.25,231.25,44.75,45.0,1,1,-1,-1
477,39,550.75,231.25,44.75,45.0,1,1,-1,-1
478,39,549.5,231.5,44.75,45.0,1,1,-1,-1
479,39,546.25,229.5,45.25,45.25,1,1,-1,-1
480,39,543.5,229.25,45.25,45.0,1,1,-1,-1
481,39,541.25,228.5,45.0,44.75,1,1,-1,-1
482,39,538.25,226.25,45.0,45.0,1,1,-1,-1
483,39,535.0,226.0,45.25,45.25,1,1,-1,-1
484,39,531.0,224.5,45.25,45.5,1,1,-1,-1
485,39,524.75,222.0,45.0,45.0,1,1,-1,-1
486,39,522.5,222.75,45.0,45.0,1,1,-1,-1
487,39,517.75,220.0,45.25,46.5,1,1,-1,-1
488,39,514.75,220.25,45.25,45.25,1,1,-1,-1
489,39,512.25,219.75,45.0,45.0,1,1,-1,-1
490,39,505.25,222.75,45.25,45.25,1,1,-1,-1
491,39,502.5,222.25,45.0,44.75,1,1,-1,-1
492,39,493.75,224.25,45.0,44.75,1,1,-1,-1
493,39,487.25,224.25,45.25,45.25,1,1,-1,-1
494,39,478.75,226.0,44.75,44.75,1,1,-1,-1
495,39,479.5,225.5,44.75,44.75,1,1,-1,-1
496,39,480.25,224.25,44.75,44.75,1,1,-1,-1
497,39,480.0,223.5,44.75,44.75,1,1,-1,-1
498,39,478.5,221.75,44.75,44.75,1,1,-1,-1
499,39,475.0,219.25,45.0,45.0,1,1,-1,-1
500,39,474.25,218.0,45.0,45.0,1,1,-1,-1
1,40,312.0,124.0,45.5,45.25,1,1,-1,-1
2,40,312.0,124.0,45.25,45.0,1,1,-1,-1
3,40,312.25,124.0,45.25,45.0,1,1,-1,-1
4,40,312.5,124.0,45.25,45.25,1,1,-1,-1
5,40,312.25,124.0,45.5,45.0,1,1,-1,-1
6,40,312.5,124.0,45.25,45.25,1,1,-1,-1
7,40,312.5,124.0,45.25,45.0,1,1,-1,-1
8,40,312.5,123.75,45.25,45.25,1,1,-1,-1
9,40,312.75,123.75,45.25,45.25,1,1,-1,-1
10,40,312.75,123.5,45.25,45.25,1,1,-1,-1
11,40,312.75,123.75,45.25,45.0,1,1,-1,-1
12,40,312.75,123.75,45.25,45.25,1,1,-1,-1
13,40,312.75,123.75,45.5,45.0,1,1,-1,-1
14,40,312.75,123.75,45.5,45.0,1,1,-1,-1
15,40,313.0,123.5,45.25,45.25,1,1,-1,-1
16,40,312.75,123.5,45.25,45.25,1,1,-1,-1
17,40,312.5,123.5,45.25,45.25,1,1,-1,-1
18,40,312.5,123.5,45.25,45.25,1,1,-1,-1
19,40,312.75,123.5,45.5,45.25,1,1,-1,-1
20,40,312.75,123.5,45.25,45.25,1,1,-1,-1
21,40,312.75,123.5,45.25,45.0,1,1,-1,-1
22,40,313.0,123.5,45.5,45.0,1,1,-1,-1
23,40,313.25,123.5,45.25,45.25,1,1,-1,-1
24,40,313.0,123.5,45.25,45.25,1,1,-1,-1
25,40,313.0,123.5,45.5,45.25,1,1,-1,-1
26,40,313.25,123.25,45.5,45.25,1,1,-1,-1
27,40,313.75,124.0,45.5,45.25,1,1,-1,-1
28,40,313.5,123.5,45.25,45.25,1,1,-1,-1
29,40,313.75,123.5,45.5,45.25,1,1,-1,-1
30,40,313.0,123.0,45.5,45.25,1,1,-1,-1
31,40,312.75,123.0,45.5,45.25,1,1,-1,-1
32,40,312.75,123.25,45.5,45.25,1,1,-1,-1
33,40,313.0,123.0,45.5,45.25,1,1,-1,-1
34,40,313.0,122.5,45.5,45.25,1,1,-1,-1
35,40,313.25,122.75,45.5,45.25,1,1,-1,-1
36,40,314.25,123.75,45.5,45.25,1,1,-1,-1
37,40,314.0,123.25,45.5,45.25,1,1,-1,-1
38,40,314.0,123.5,45.5,45.25,1,1,-1,-1
39,40,314.25,123.0,45.5,45.25,1,1,-1,-1
40,40,314.75,123.75,45.25,45.25,1,1,-1,-1
41,40,313.75,123.5,45.75,45.25,1,1,-1,-1
42,40,316.0,124.25,45.5,45.25,1,1,-1,-1
43,40,317.0,125.25,45.25,45.0,1,1,-1,-1
44,40,318.5,127.0,45.0,45.0,1,1,-1,-1
45,40,316.5,128.5,45.0,45.0,1,1,-1,-1
46,40,316.5,128.5,45.0,45.0,1,1,-1,-1
47,40,314.75,123.75,45.5,45.25,1,1,-1,-1
48,40,315.0,123.75,45.5,45.25,1,1,-1,-1
49,40,314.75,123.75,45.5,45.25,1,1,-1,-1
50,40,313.0,123.5,45.5,45.25,1,1,-1,-1
51,40,312.5,123.25,45.75,45.25,1,1,-1,-1
52,40,313.5,123.0,45.5,45.25,1,1,-1,-1
53,40,313.75,122.75,45.5,45.25,1,1,-1,-1
54,40,314.25,123.5,45.5,45.0,1,1,-1,-1
55,40,316.0,124.5,45.25,45.0,1,1,-1,-1
56,40,315.5,124.5,45.25,45.0,1,1,-1,-1
57,40,315.0,123.75,45.25,45.0,1,1,-1,-1
58,40,315.0,123.75,45.25,45.0,1,1,-1,-1
59,40,314.5,124.0,45.25,45.0,1,1,-1,-1
60,40,314.75,123.75,45.25,45.25,1,1,-1,-1
61,40,314.5,124.25,45.25,45.0,1,1,-1,-1
62,40,314.5,123.5,45.25,45.0,1,1,-1,-1
63,40,315.75,120.25,45.25,45.25,1,1,-1,-1
64,40,313.25,124.25,45.25,45.25,1,1,-1,-1
65,40,313.0,123.75,45.25,45.0,1,1,-1,-1
66,40,314.25,123.5,45.0,45.25,1,1,-1,-1
67,40,314.0,123.75,45.25,45.25,1,1,-1,-1
68,40,314.046,123.902,45.25,45.25,1,1,-1,-1
69,40,311.25,123.0,45.5,45.25,1,1,-1,-1
70,40,312.5,123.25,45.25,45.0,1,1,-1,-1
71,40,306.75,119.75,45.25,45.0,1,1,-1,-1
72,40,307.127,117.257,45.25,45.0,1,1,-1,-1
73,40,314.5,123.0,45.0,45.25,1,1,-1,-1
74,40,314.25,123.0,45.25,45.25,1,1,-1,-1
75,40,314.25,123.25,45.25,45.0,1,1,-1,-1
76,40,314.5,123.25,45.25,45.25,1,1,-1,-1
77,40,314.75,123.5,45.25,45.0,1,1,-1,-1
78,40,315.0,123.5,45.25,45.25,1,1,-1,-1
79,40,315.0,123.25,45.25,45.25,1,1,-1,-1
80,40,314.75,123.25,45.25,45.25,1,1,-1,-1
81,40,314.5,123.5,45.25,45.0,1,1,-1,-1
82,40,314.25,123.25,45.0,45.25,1,1,-1,-1
83,40,314.25,123.5,45.25,45.0,1,1,-1,-1
84,40,314.5,123.75,45.25,45.0,1,1,-1,-1
85,40,313.5,123.5,45.25,45.25,1,1,-1,-1
86,40,313.5,124.0,45.5,45.25,1,1,-1,-1
87,40,313.5,123.5,45.25,45.5,1,1,-1,-1
88,40,313.25,123.75,45.25,45.25,1,1,-1,-1
89,40,313.0,123.75,45.5,45.5,1,1,-1,-1
90,40,313.5,123.75,45.5,45.25,1,1,-1,-1
91,40,313.25,123.75,45.5,45.25,1,1,-1,-1
92,40,313.5,123.75,45.5,45.25,1,1,-1,-1
93,40,313.75,123.75,45.5,45.25,1,1,-1,-1
94,40,313.25,123.75,45.25,45.25,1,1,-1,-1
95,40,313.75,124.0,45.25,45.0,1,1,-1,-1
96,40,314.0,125.75,45.25,45.25,1,1,-1,-1
97,40,314.25,125.0,45.25,45.25,1,1,-1,-1
98,40,314.25,125.0,45.25,45.25,1,1,-1,-1
99,40,314.33,125.004,45.25,45.25,1,1,-1,-1
100,40,314.424,124.995,45.25,45.25,1,1,-1,-1
101,40,314.518,124.986,45.25,45.25,1,1,-1,-1
102,40,314.5,127.5,45.0,45.0,1,1,-1,-1
103,40,315.5,122.5,45.0,45.0,1,1,-1,-1
104,40,313.75,123.75,45.5,45.25,1,1,-1,-1
105,40,314.75,123.5,45.25,45.25,1,1,-1,-1
106,40,314.5,123.5,45.25,45.25,1,1,-1,-1
107,40,314.75,123.5,45.25,45.25,1,1,-1,-1
108,40,314.5,124.0,45.25,45.25,1,1,-1,-1
109,40,315.0,123.5,45.0,45.25,1,1,-1,-1
110,40,313.0,124.25,45.25,45.0,1,1,-1,-1
111,40,312.75,124.0,45.25,45.25,1,1,-1,-1
112,40,311.0,124.25,45.25,45.25,1,1,-1,-1
113,40,313.0,124.25,45.0,45.25,1,1,-1,-1
114,40,312.5,123.25,45.25,45.25,1,1,-1,-1
115,40,313.5,123.75,45.0,45.25,1,1,-1,-1
116,40,313.25,124.0,45.25,45.25,1,1,-1,-1
117,40,314.5,125.0,45.25,45.25,1,1,-1,-1
118,40,314.75,124.25,45.25,45.25,1,1,-1,-1
119,40,314.75,125.0,45.25,45.25,1,1,-1,-1
120,40,315.5,125.5,45.25,45.0,1,1,-1,-1
121,40,314.75,123.5,45.25,45.25,1,1,-1,-1
122,40,313.75,124.0,45.5,45.5,1,1,-1,-1
123,40,314.0,123.25,45.25,45.0,1,1,-1,-1
124,40,315.25,125.0,45.5,45.0,1,1,-1,-1
125,40,314.5,124.0,45.5,45.0,1,1,-1,-1
126,40,314.25,123.0,45.75,45.25,1,1,-1,-1
127,40,314.5,123.25,45.75,45.25,1,1,-1,-1
128,40,314.5,124.5,45.75,45.0,1,1,-1,-1
129,40,314.75,123.75,45.75,45.25,1,1,-1,-1
130,40,316.0,122.75,45.75,45.25,1,1,-1,-1
131,40,316.0,123.5,46.0,45.25,1,1,-1,-1
132,40,315.0,124.25,45.75,45.25,1,1,-1,-1
133,40,313.75,124.5,45.75,45.25,1,1,-1,-1
134,40,314.0,124.75,45.5,45.0,1,1,-1,-1
135,40,313.75,124.75,45.5,45.0,1,1,-1,-1
136,40,319.5,123.25,45.0,45.0,1,1,-1,-1
137,40,317.25,123.75,45.25,45.25,1,1,-1,-1
138,40,315.75,123.25,45.25,45.25,1,1,-1,-1
139,40,315.5,124.0,45.25,45.25,1,1,-1,-1
140,40,315.5,124.75,45.25,45.25,1,1,-1,-1
141,40,314.5,123.75,45.25,45.25,1,1,-1,-1
142,40,314.25,123.0,45.25,45.25,1,1,-1,-1
143,40,313.75,125.0,45.25,45.25,1,1,-1,-1
144,40,313.5,125.0,45.5,45.25,1,1,-1,-1
145,40,313.0,125.25,45.5,45.25,1,1,-1,-1
146,40,313.75,124.5,45.25,45.25,1,1,-1,-1
147,40,313.5,124.25,45.5,45.25,1,1,-1,-1
148,40,313.5,124.5,45.5,45.25,1,1,-1,-1
149,40,313.75,124.25,45.25,45.25,1,1,-1,-1
150,40,313.75,124.25,45.5,45.25,1,1,-1,-1
151,40,313.75,124.0,45.5,45.5,1,1,-1,-1
152,40,313.75,124.25,45.5,45.25,1,1,-1,-1
153,40,314.0,124.0,45.25,45.25,1,1,-1,-1
154,40,314.25,123.75,45.5,45.5,1,1,-1,-1
155,40,314.25,124.25,45.25,45.25,1,1,-1,-1
156,40,312.75,122.25,45.25,45.0,1,1,-1,-1
157,40,315.0,124.5,45.25,45.25,1,1,-1,-1
158,40,315.0,125.0,45.25,45.0,1,1,-1,-1
159,40,316.75,127.25,44.75,44.75,1,1,-1,-1
160,40,317.25,128.5,44.75,44.75,1,1,-1,-1
161,40,314.75,127.5,45.25,45.0,1,1,-1,-1
162,40,314.5,127.25,45.25,45.25,1,1,-1,-1
163,40,315.25,128.0,45.25,45.0,1,1,-1,-1
164,40,314.75,127.5,45.25,45.25,1,1,-1,-1
165,40,314.49,127.434,45.25,45.25,1,1,-1,-1
166,40,311.0,125.25,45.25,45.25,1,1,-1,-1
167,40,315.5,131.5,45.0,45.0,1,1,-1,-1
168,40,315.5,131.5,45.0,45.0,1,1,-1,-1
169,40,315.5,131.5,45.0,45.0,1,1,-1,-1
170,40,315.5,131.5,45.0,45.0,1,1,-1,-1
171,40,313.75,130.0,45.25,45.25,1,1,-1,-1
172,40,313.75,129.75,45.25,45.25,1,1,-1,-1
173,40,313.5,129.75,45.25,45.5,1,1,-1,-1
174,40,313.25,129.75,45.25,45.25,1,1,-1,-1
175,40,313.25,130.5,45.25,45.25,1,1,-1,-1
176,40,313.5,131.25,45.25,45.25,1,1,-1,-1
177,40,313.5,131.5,45.25,45.25,1,1,-1,-1
178,40,312.5,131.5,45.25,45.0,1,1,-1,-1
179,40,313.0,131.25,45.25,45.25,1,1,-1,-1
180,40,313.25,131.75,45.25,45.0,1,1,-1,-1
181,40,314.0,131.75,45.25,45.25,1,1,-1,-1
182,40,314.75,132.25,45.25,45.0,1,1,-1,-1
183,40,315.0,132.5,45.0,45.0,1,1,-1,-1
184,40,314.25,133.0,45.0,45.0,1,1,-1,-1
185,40,314.25,133.5,45.25,44.75,1,1,-1,-1
186,40,314.25,133.5,45.0,44.75,1,1,-1,-1
187,40,314.75,134.0,45.0,45.0,1,1,-1,-1
188,40,314.75,134.75,45.0,45.0,1,1,-1,-1
189,40,315.75,135.0,45.0,44.75,1,1,-1,-1
190,40,316.25,135.5,45.0,45.0,1,1,-1,-1
191,40,317.25,135.5,45.0,45.0,1,1,-1,-1
192,40,317.5,136.75,45.0,44.75,1,1,-1,-1
193,40,318.25,136.25,45.0,44.75,1,1,-1,-1
194,40,318.0,137.75,45.0,44.75,1,1,-1,-1
195,40,320.0,138.25,45.25,45.0,1,1,-1,-1
196,40,320.25,139.5,44.75,45.0,1,1,-1,-1
197,40,321.5,139.5,45.0,44.75,1,1,-1,-1
198,40,321.25,139.0,45.0,45.0,1,1,-1,-1
199,40,321.5,138.75,45.0,44.75,1,1,-1,-1
200,40,321.821,138.498,45.0,44.75,1,1,-1,-1
201,40,322.117,138.255,45.0,44.75,1,1,-1,-1
202,40,322.412,138.012,45.0,44.75,1,1,-1,-1
203,40,321.25,139.0,45.0,45.25,1,1,-1,-1
204,40,318.25,138.75,45.25,45.25,1,1,-1,-1
205,40,317.0,138.25,45.25,45.0,1,1,-1,-1
206,40,314.75,137.0,45.5,45.25,1,1,-1,-1
207,40,315.5,136.75,45.5,45.25,1,1,-1,-1
208,40,316.25,136.75,45.25,45.25,1,1,-1,-1
209,40,316.5,136.25,45.5,45.0,1,1,-1,-1
210,40,318.25,135.75,45.5,45.0,1,1,-1,-1
211,40,316.0,136.5,45.5,45.25,1,1,-1,-1
212,40,317.5,135.75,45.5,45.0,1,1,-1,-1
213,40,316.0,136.25,45.25,45.0,1,1,-1,-1
214,40,316.5,135.75,45.25,45.0,1,1,-1,-1
215,40,317.0,135.75,45.25,45.0,1,1,-1,-1
216,40,317.0,136.0,45.25,45.0,1,1,-1,-1
217,40,317.5,136.25,45.25,45.0,1,1,-1,-1
218,40,317.5,136.0,45.0,45.0,1,1,-1,-1
219,40,318.75,135.0,45.25,45.0,1,1,-1,-1
220,40,318.25,135.75,45.25,45.0,1,1,-1,-1
221,40,318.75,135.75,45.0,45.0,1,1,-1,-1
222,40,318.5,135.75,45.25,45.0,1,1,-1,-1
223,40,319.0,136.0,45.25,45.0,1,1,-1,-1
224,40,319.0,135.0,45.25,45.0,1,1,-1,-1
225,40,318.75,135.0,45.0,44.75,1,1,-1,-1
226,40,321.75,132.75,45.0,44.75,1,1,-1,-1
227,40,319.0,134.0,45.0,44.75,1,1,-1,-1
228,40,318.5,134.0,45.0,44.75,1,1,-1,-1
229,40,318.75,134.25,45.0,44.5,1,1,-1,-1
230,40,318.75,134.75,45.0,44.75,1,1,-1,-1
231,40,318.5,134.75,45.0,44.5,1,1,-1,-1
232,40,318.75,134.75,45.0,44.75,1,1,-1,-1
233,40,318.75,134.75,45.0,44.5,1,1,-1,-1
234,40,319.0,134.75,44.75,44.5,1,1,-1,-1
235,40,319.0,134.75,44.75,44.5,1,1,-1,-1
236,40,319.0,134.75,45.0,44.5,1,1,-1,-1
237,40,319.0,134.75,45.0,44.5,1,1,-1,-1
238,40,318.75,134.75,45.0,44.5,1,1,-1,-1
239,40,319.0,134.75,45.0,44.5,1,1,-1,-1
240,40,320.0,135.0,44.75,44.5,1,1,-1,-1
241,40,319.5,134.75,45.0,44.5,1,1,-1,-1
242,40,319.5,134.75,44.75,44.5,1,1,-1,-1
243,40,319.0,134.75,44.75,44.5,1,1,-1,-1
244,40,319.0,135.0,45.0,44.25,1,1,-1,-1
245,40,319.25,134.75,44.75,44.5,1,1,-1,-1
246,40,319.0,134.75,44.75,44.5,1,1,-1,-1
247,40,319.0,134.5,45.0,44.5,1,1,-1,-1
248,40,319.0,134.5,45.0,44.5,1,1,-1,-1
249,40,319.25,134.5,44.75,44.5,1,1,-1,-1
250,40,319.25,134.5,44.75,44.5,1,1,-1,-1
251,40,319.25,134.5,44.75,44.5,1,1,-1,-1
252,40,319.0,134.5,45.0,44.5,1,1,-1,-1
253,40,319.25,134.5,44.75,44.5,1,1,-1,-1
254,40,319.25,134.5,44.75,44.5,1,1,-1,-1
255,40,319.25,134.5,44.75,44.5,1,1,-1,-1
256,40,319.0,134.25,45.0,44.5,1,1,-1,-1
257,40,319.25,134.0,44.75,44.75,1,1,-1,-1
258,40,319.5,134.25,45.0,44.5,1,1,-1,-1
259,40,319.5,134.5,45.0,44.5,1,1,-1,-1
260,40,319.75,134.5,44.75,44.75,1,1,-1,-1
261,40,319.75,134.5,44.75,44.5,1,1,-1,-1
262,40,319.75,134.5,44.75,44.5,1,1,-1,-1
263,40,319.5,134.5,45.0,44.5,1,1,-1,-1
264,40,319.5,134.25,44.75,44.75,1,1,-1,-1
265,40,319.25,134.25,45.0,44.5,1,1,-1,-1
266,40,319.25,134.25,45.0,44.75,1,1,-1,-1
267,40,319.25,134.25,45.0,44.5,1,1,-1,-1
268,40,319.25,134.0,45.0,44.75,1,1,-1,-1
269,40,319.25,134.0,44.75,44.75,1,1,-1,-1
270,40,319.25,134.25,44.75,44.75,1,1,-1,-1
271,40,319.25,134.25,44.75,44.5,1,1,-1,-1
272,40,319.25,134.25,45.0,44.5,1,1,-1,-1
273,40,319.25,134.25,44.75,44.5,1,1,-1,-1
274,40,319.25,134.25,44.75,44.5,1,1,-1,-1
275,40,319.25,134.0,44.75,44.5,1,1,-1,-1
276,40,319.0,134.0,45.0,44.5,1,1,-1,-1
277,40,319.0,134.25,45.0,44.5,1,1,-1,-1
278,40,319.0,134.25,44.75,44.5,1,1,-1,-1
279,40,319.0,134.5,44.75,44.5,1,1,-1,-1
280,40,319.0,134.5,44.75,44.5,1,1,-1,-1
281,40,318.75,134.75,45.0,44.5,1,1,-1,-1
282,40,318.5,134.5,45.0,44.75,1,1,-1,-1
283,40,318.25,134.5,45.0,44.5,1,1,-1,-1
284,40,318.034,134.452,45.0,44.5,1,1,-1,-1
285,40,317.805,134.412,45.0,44.5,1,1,-1,-1
286,40,317.0,134.5,44.75,44.5,1,1,-1,-1
287,40,317.25,133.75,45.0,44.5,1,1,-1,-1
288,40,317.5,133.25,44.75,44.75,1,1,-1,-1
289,40,318.25,133.25,45.0,44.75,1,1,-1,-1
290,40,318.0,133.0,45.0,44.75,1,1,-1,-1
291,40,318.0,133.5,45.0,44.75,1,1,-1,-1
292,40,318.5,133.25,45.0,44.75,1,1,-1,-1
293,40,318.25,134.0,45.0,44.75,1,1,-1,-1
294,40,318.25,134.0,45.0,44.75,1,1,-1,-1
295,40,318.0,134.0,45.0,45.0,1,1,-1,-1
296,40,317.5,134.5,45.25,45.0,1,1,-1,-1
297,40,317.0,134.75,45.25,45.0,1,1,-1,-1
298,40,317.0,134.25,45.25,45.0,1,1,-1,-1
299,40,319.25,133.25,45.25,45.0,1,1,-1,-1
300,40,320.75,134.0,45.25,44.75,1,1,-1,-1
301,40,317.5,134.0,45.25,45.0,1,1,-1,-1
302,40,317.25,134.5,45.5,45.0,1,1,-1,-1
303,40,317.5,134.25,45.25,45.0,1,1,-1,-1
304,40,317.75,133.75,45.5,45.25,1,1,-1,-1
305,40,317.5,134.0,45.25,45.0,1,1,-1,-1
306,40,318.0,133.75,45.25,45.0,1,1,-1,-1
307,40,317.5,133.75,45.25,45.0,1,1,-1,-1
308,40,317.5,133.75,45.25,45.25,1,1,-1,-1
309,40,317.75,133.5,45.25,45.25,1,1,-1,-1
310,40,318.0,133.5,45.25,45.0,1,1,-1,-1
311,40,318.5,133.25,45.25,45.0,1,1,-1,-1
312,40,317.25,134.5,45.5,45.25,1,1,-1,-1
313,40,317.75,134.25,45.5,45.0,1,1,-1,-1
314,40,316.75,134.25,45.5,45.25,1,1,-1,-1
315,40,317.75,134.5,45.25,45.0,1,1,-1,-1
316,40,318.0,134.25,45.25,44.75,1,1,-1,-1
317,40,318.0,134.0,45.25,45.0,1,1,-1,-1
318,40,318.0,133.75,45.25,45.0,1,1,-1,-1
319,40,318.0,133.75,45.25,45.0,1,1,-1,-1
320,40,318.25,133.0,45.5,45.0,1,1,-1,-1
321,40,318.25,132.25,45.25,45.25,1,1,-1,-1
322,40,319.0,133.0,45.25,45.0,1,1,-1,-1
323,40,319.5,133.25,45.25,45.0,1,1,-1,-1
324,40,318.75,133.0,45.25,45.0,1,1,-1,-1
325,40,318.0,133.0,45.5,45.0,1,1,-1,-1
326,40,318.25,132.25,45.25,45.25,1,1,-1,-1
327,40,318.25,131.25,45.25,45.25,1,1,-1,-1
328,40,317.5,130.0,45.5,45.25,1,1,-1,-1
329,40,319.5,135.5,45.0,45.0,1,1,-1,-1
330,40,319.5,135.5,45.0,45.0,1,1,-1,-1
331,40,319.5,135.5,45.0,45.0,1,1,-1,-1
332,40,319.5,135.5,45.0,45.0,1,1,-1,-1
333,40,319.5,135.5,45.0,45.0,1,1,-1,-1
334,40,318.75,131.0,45.25,45.25,1,1,-1,-1
335,40,318.25,131.0,45.25,45.25,1,1,-1,-1
336,40,318.0,131.75,45.25,45.0,1,1,-1,-1
337,40,318.25,133.25,45.25,45.0,1,1,-1,-1
338,40,318.25,134.0,45.0,45.0,1,1,-1,-1
339,40,319.0,133.75,45.0,44.75,1,1,-1,-1
340,40,318.962,134.259,45.0,44.75,1,1,-1,-1
341,40,319.176,134.611,45.0,44.75,1,1,-1,-1
342,40,320.25,137.75,45.0,44.75,1,1,-1,-1
343,40,320.75,138.0,45.0,45.0,1,1,-1,-1
344,40,318.75,137.0,45.25,44.75,1,1,-1,-1
345,40,322.25,136.0,45.0,44.75,1,1,-1,-1
346,40,317.5,137.25,45.25,45.0,1,1,-1,-1
347,40,320.75,136.25,45.0,44.75,1,1,-1,-1
348,40,320.0,135.5,45.0,44.75,1,1,-1,-1
349,40,319.75,134.75,45.0,45.0,1,1,-1,-1
350,40,318.0,130.5,45.25,45.0,1,1,-1,-1
351,40,319.75,133.25,45.0,44.75,1,1,-1,-1
352,40,320.5,132.25,45.25,44.75,1,1,-1,-1
353,40,320.25,132.25,45.25,45.0,1,1,-1,-1
354,40,321.5,131.75,45.25,45.0,1,1,-1,-1
355,40,322.5,132.0,45.25,45.0,1,1,-1,-1
356,40,323.0,131.5,45.0,45.0,1,1,-1,-1
357,40,323.75,130.75,44.75,44.75,1,1,-1,-1
358,40,323.5,130.5,44.75,44.75,1,1,-1,-1
359,40,323.75,130.25,45.0,44.75,1,1,-1,-1
360,40,323.75,129.75,44.75,45.0,1,1,-1,-1
361,40,324.25,129.75,44.75,45.0,1,1,-1,-1
362,40,323.75,129.5,45.0,45.0,1,1,-1,-1
363,40,323.5,129.0,45.0,45.0,1,1,-1,-1
364,40,321.5,129.5,45.25,45.25,1,1,-1,-1
365,40,321.5,128.75,45.25,45.5,1,1,-1,-1
366,40,321.5,129.0,45.25,45.25,1,1,-1,-1
367,40,321.5,128.75,45.25,45.5,1,1,-1,-1
368,40,321.5,129.0,45.25,45.25,1,1,-1,-1
369,40,322.25,128.75,45.25,45.25,1,1,-1,-1
370,40,322.25,128.25,45.25,45.25,1,1,-1,-1
371,40,322.75,127.75,45.25,45.5,1,1,-1,-1
372,40,324.0,127.5,45.25,45.25,1,1,-1,-1
373,40,326.25,127.5,45.25,45.0,1,1,-1,-1
374,40,328.25,127.0,45.25,45.0,1,1,-1,-1
375,40,328.5,126.5,45.25,45.0,1,1,-1,-1
376,40,329.5,125.5,45.25,45.0,1,1,-1,-1
377,40,331.0,125.0,45.25,45.25,1,1,-1,-1
378,40,331.75,125.0,45.25,45.0,1,1,-1,-1
379,40,333.0,123.75,45.25,45.0,1,1,-1,-1
380,40,334.0,123.0,45.0,45.25,1,1,-1,-1
381,40,334.5,123.0,45.25,45.0,1,1,-1,-1
382,40,335.25,123.0,45.25,45.25,1,1,-1,-1
383,40,336.5,122.5,45.25,45.25,1,1,-1,-1
384,40,337.25,122.25,45.0,45.25,1,1,-1,-1
385,40,337.5,121.5,45.25,45.0,1,1,-1,-1
386,40,338.25,120.5,45.25,45.25,1,1,-1,-1
387,40,339.25,120.25,45.25,45.25,1,1,-1,-1
388,40,340.032,119.773,45.25,45.25,1,1,-1,-1
389,40,340.855,119.295,45.25,45.25,1,1,-1,-1
390,40,341.679,118.816,45.25,45.25,1,1,-1,-1
391,40,339.75,128.0,45.0,45.25,1,1,-1,-1
392,40,339.5,123.5,45.0,45.0,1,1,-1,-1
393,40,339.5,123.5,45.0,45.0,1,1,-1,-1
394,40,339.5,123.5,45.0,45.0,1,1,-1,-1
395,40,340.75,118.25,45.25,45.0,1,1,-1,-1
396,40,341.25,116.75,45.5,45.0,1,1,-1,-1
397,40,341.75,117.75,45.25,45.25,1,1,-1,-1
398,40,341.25,117.25,45.25,45.25,1,1,-1,-1
399,40,340.75,117.75,45.5,45.25,1,1,-1,-1
400,40,339.5,110.5,45.5,45.25,1,1,-1,-1
401,40,342.25,118.0,45.25,45.0,1,1,-1,-1
402,40,340.5,117.5,45.25,45.0,1,1,-1,-1
403,40,341.5,117.25,45.25,45.0,1,1,-1,-1
404,40,343.0,116.0,45.25,45.0,1,1,-1,-1
405,40,339.75,117.0,45.25,45.0,1,1,-1,-1
406,40,339.75,116.25,45.25,45.0,1,1,-1,-1
407,40,340.25,116.5,45.25,45.0,1,1,-1,-1
408,40,339.898,116.685,45.25,45.0,1,1,-1,-1
409,40,340.0,116.25,45.25,45.0,1,1,-1,-1
410,40,340.0,116.0,45.25,45.25,1,1,-1,-1
411,40,339.75,116.25,45.25,45.0,1,1,-1,-1
412,40,340.25,117.0,45.25,45.0,1,1,-1,-1
413,40,339.75,116.75,45.25,45.25,1,1,-1,-1
414,40,339.25,116.5,45.25,45.0,1,1,-1,-1
415,40,339.25,116.75,45.25,45.0,1,1,-1,-1
416,40,339.25,116.5,45.25,45.0,1,1,-1,-1
417,40,339.25,116.5,45.25,45.0,1,1,-1,-1
418,40,338.75,116.5,45.25,45.0,1,1,-1,-1
419,40,339.25,117.0,45.5,45.0,1,1,-1,-1
420,40,340.25,116.5,45.5,45.25,1,1,-1,-1
421,40,340.5,116.5,45.25,45.25,1,1,-1,-1
422,40,340.5,116.75,45.25,45.0,1,1,-1,-1
423,40,340.25,116.75,45.5,45.0,1,1,-1,-1
424,40,341.0,116.5,45.5,45.25,1,1,-1,-1
425,40,341.5,116.5,45.25,45.25,1,1,-1,-1
426,40,341.25,116.5,45.25,45.0,1,1,-1,-1
427,40,342.0,117.25,45.25,45.0,1,1,-1,-1
428,40,342.25,116.25,45.25,45.25,1,1,-1,-1
429,40,342.0,116.75,45.5,45.25,1,1,-1,-1
430,40,342.0,117.25,45.25,45.25,1,1,-1,-1
431,40,341.75,117.75,45.25,45.0,1,1,-1,-1
432,40,341.75,117.75,45.5,45.25,1,1,-1,-1
433,40,342.0,117.75,45.25,45.25,1,1,-1,-1
434,40,342.0,118.0,45.25,45.0,1,1,-1,-1
435,40,341.5,118.0,45.25,45.25,1,1,-1,-1
436,40,341.0,117.75,45.5,45.0,1,1,-1,-1
437,40,341.0,117.25,45.5,45.25,1,1,-1,-1
438,40,340.75,117.25,45.5,45.0,1,1,-1,-1
439,40,341.25,117.5,45.25,45.0,1,1,-1,-1
440,40,341.5,118.0,45.25,45.0,1,1,-1,-1
441,40,341.75,118.0,45.25,45.25,1,1,-1,-1
442,40,341.75,118.25,45.5,45.25,1,1,-1,-1
443,40,341.25,118.25,45.5,45.25,1,1,-1,-1
444,40,340.0,119.0,45.5,45.0,1,1,-1,-1
445,40,340.5,118.5,45.25,45.25,1,1,-1,-1
446,40,338.0,119.75,45.25,45.25,1,1,-1,-1
447,40,341.5,114.25,45.5,45.5,1,1,-1,-1
448,40,338.25,119.25,45.25,45.25,1,1,-1,-1
449,40,338.75,119.0,45.5,45.25,1,1,-1,-1
450,40,339.25,118.75,45.5,45.5,1,1,-1,-1
451,40,340.25,118.25,45.5,45.5,1,1,-1,-1
452,40,339.25,117.75,45.75,45.75,1,1,-1,-1
453,40,338.25,117.75,45.5,45.5,1,1,-1,-1
454,40,338.0,116.75,46.0,46.25,1,1,-1,-1
455,40,338.75,117.25,45.75,45.5,1,1,-1,-1
456,40,337.0,117.75,45.5,45.5,1,1,-1,-1
457,40,338.75,118.25,45.75,45.5,1,1,-1,-1
458,40,342.5,119.5,45.0,45.0,1,1,-1,-1
459,40,342.5,119.5,45.0,45.0,1,1,-1,-1
460,40,342.5,119.5,45.0,45.0,1,1,-1,-1
461,40,342.5,119.5,45.0,45.0,1,1,-1,-1
462,40,342.5,119.5,45.0,45.0,1,1,-1,-1
463,40,342.5,119.5,45.0,45.0,1,1,-1,-1
464,40,344.5,119.5,45.0,45.0,1,1,-1,-1
465,40,344.5,119.5,45.0,45.0,1,1,-1,-1
466,40,344.5,119.5,45.0,45.0,1,1,-1,-1
467,40,340.5,121.25,45.25,45.25,1,1,-1,-1
468,40,341.5,120.75,45.25,45.0,1,1,-1,-1
469,40,342.0,121.25,45.25,45.0,1,1,-1,-1
470,40,342.75,121.0,45.25,45.25,1,1,-1,-1
471,40,344.0,122.25,45.25,45.0,1,1,-1,-1
472,40,343.75,122.75,45.5,45.25,1,1,-1,-1
473,40,343.5,123.0,45.5,45.0,1,1,-1,-1
474,40,343.75,124.0,45.25,45.0,1,1,-1,-1
475,40,344.25,124.5,45.5,45.25,1,1,-1,-1
476,40,343.5,125.25,45.5,45.0,1,1,-1,-1
477,40,343.75,124.75,45.25,45.25,1,1,-1,-1
478,40,344.5,123.0,45.25,45.25,1,1,-1,-1
479,40,344.75,123.5,45.25,45.25,1,1,-1,-1
480,40,345.25,123.5,45.25,45.0,1,1,-1,-1
481,40,345.25,124.0,45.25,45.25,1,1,-1,-1
482,40,345.25,125.25,45.25,45.0,1,1,-1,-1
483,40,344.25,125.5,45.25,45.0,1,1,-1,-1
484,40,344.5,126.25,45.25,45.0,1,1,-1,-1
485,40,345.0,127.25,45.25,45.0,1,1,-1,-1
486,40,345.75,127.25,45.0,45.25,1,1,-1,-1
487,40,346.0,127.0,45.25,45.25,1,1,-1,-1
488,40,345.0,127.0,45.25,45.0,1,1,-1,-1
489,40,345.25,126.75,45.25,45.25,1,1,-1,-1
490,40,345.5,126.5,45.25,45.0,1,1,-1,-1
491,40,345.75,126.75,45.0,45.0,1,1,-1,-1
492,40,345.0,126.75,45.25,45.0,1,1,-1,-1
493,40,345.5,126.75,45.25,45.0,1,1,-1,-1
494,40,345.5,126.5,45.25,45.0,1,1,-1,-1
495,40,345.5,126.5,45.25,45.0,1,1,-1,-1
496,40,345.5,127.25,45.25,45.0,1,1,-1,-1
497,40,345.75,127.25,45.25,45.25,1,1,-1,-1
498,40,346.5,126.25,45.0,45.0,1,1,-1,-1
499,40,346.25,126.0,45.25,45.0,1,1,-1,-1
500,40,346.25,126.0,45.25,45.0,1,1,-1,-1
1,41,208.25,267.25,45.25,45.5,1,1,-1,-1
2,41,208.75,267.25,45.0,45.5,1,1,-1,-1
3,41,209.0,267.25,45.0,45.25,1,1,-1,-1
4,41,208.5,267.5,45.0,45.5,1,1,-1,-1
5,41,209.0,270.0,45.0,45.5,1,1,-1,-1
6,41,208.5,270.5,44.75,45.5,1,1,-1,-1
7,41,208.0,271.25,45.0,45.25,1,1,-1,-1
8,41,206.75,273.25,45.0,45.25,1,1,-1,-1
9,41,205.25,273.75,45.0,45.25,1,1,-1,-1
10,41,204.0,274.25,45.0,45.5,1,1,-1,-1
11,41,203.25,274.0,45.0,45.5,1,1,-1,-1
12,41,202.25,273.75,45.25,45.25,1,1,-1,-1
13,41,202.25,274.0,45.0,45.25,1,1,-1,-1
14,41,202.5,274.25,45.0,45.25,1,1,-1,-1
15,41,203.25,274.5,45.0,45.25,1,1,-1,-1
16,41,203.75,274.5,45.25,45.25,1,1,-1,-1
17,41,203.0,273.25,45.25,47.0,1,1,-1,-1
18,41,201.0,271.75,45.75,47.5,1,1,-1,-1
19,41,202.0,272.0,45.75,47.75,1,1,-1,-1
20,41,202.25,272.0,45.5,47.5,1,1,-1,-1
21,41,202.5,272.75,45.5,46.75,1,1,-1,-1
22,41,203.25,273.25,45.0,45.75,1,1,-1,-1
23,41,202.25,273.25,45.25,45.5,1,1,-1,-1
24,41,202.25,272.75,45.25,46.0,1,1,-1,-1
25,41,202.25,272.75,45.0,45.75,1,1,-1,-1
26,41,202.25,272.75,45.0,45.5,1,1,-1,-1
27,41,202.0,272.75,45.25,45.25,1,1,-1,-1
28,41,201.5,272.25,45.0,45.25,1,1,-1,-1
29,41,201.0,270.5,45.0,45.25,1,1,-1,-1
30,41,200.75,270.0,45.0,45.25,1,1,-1,-1
31,41,200.5,269.25,45.0,45.25,1,1,-1,-1
32,41,204.5,269.0,44.75,45.25,1,1,-1,-1
33,41,203.75,268.75,44.75,45.25,1,1,-1,-1
34,41,204.863,268.156,44.75,45.25,1,1,-1,-1
35,41,205.25,268.75,44.5,45.0,1,1,-1,-1
36,41,202.75,268.75,44.75,45.0,1,1,-1,-1
37,41,204.5,268.5,44.75,45.25,1,1,-1,-1
38,41,202.5,271.5,45.0,45.0,1,1,-1,-1
39,41,201.5,271.5,45.0,45.0,1,1,-1,-1
40,41,201.5,271.5,45.0,45.0,1,1,-1,-1
41,41,201.5,271.5,45.0,45.0,1,1,-1,-1
42,41,201.5,271.5,45.0,45.0,1,1,-1,-1
43,41,201.5,271.5,45.0,45.0,1,1,-1,-1
44,41,201.5,271.5,45.0,45.0,1,1,-1,-1
45,41,201.5,271.5,45.0,45.0,1,1,-1,-1
46,41,201.5,271.5,45.0,45.0,1,1,-1,-1
47,41,201.5,271.5,45.0,45.0,1,1,-1,-1
48,41,201.5,271.5,45.0,45.0,1,1,-1,-1
49,41,201.5,271.5,45.0,45.0,1,1,-1,-1
50,41,201.5,271.5,45.0,45.0,1,1,-1,-1
51,41,201.5,271.5,45.0,45.0,1,1,-1,-1
52,41,201.5,271.5,45.0,45.0,1,1,-1,-1
53,41,201.5,271.5,45.0,45.0,1,1,-1,-1
54,41,201.5,271.5,45.0,45.0,1,1,-1,-1
55,41,201.5,271.5,45.0,45.0,1,1,-1,-1
56,41,201.5,271.5,45.0,45.0,1,1,-1,-1
57,41,201.5,271.5,45.0,45.0,1,1,-1,-1
58,41,201.5,271.5,45.0,45.0,1,1,-1,-1
59,41,201.5,271.5,45.0,45.0,1,1,-1,-1
60,41,201.5,271.5,45.0,45.0,1,1,-1,-1
61,41,201.5,271.5,45.0,45.0,1,1,-1,-1
62,41,201.5,271.5,45.0,45.0,1,1,-1,-1
63,41,201.5,271.5,45.0,45.0,1,1,-1,-1
64,41,201.5,271.5,45.0,45.0,1,1,-1,-1
65,41,201.5,268.5,45.0,45.0,1,1,-1,-1
66,41,201.5,268.5,45.0,45.0,1,1,-1,-1
67,41,201.5,268.5,45.0,45.0,1,1,-1,-1
68,41,201.5,268.5,45.0,45.0,1,1,-1,-1
69,41,201.5,268.5,45.0,45.0,1,1,-1,-1
70,41,201.5,268.5,45.0,45.0,1,1,-1,-1
71,41,201.5,268.5,45.0,45.0,1,1,-1,-1
72,41,201.5,268.5,45.0,45.0,1,1,-1,-1
73,41,201.5,268.5,45.0,45.0,1,1,-1,-1
74,41,201.5,268.5,45.0,45.0,1,1,-1,-1
75,41,201.5,268.5,45.0,45.0,1,1,-1,-1
76,41,201.5,266.5,45.0,45.0,1,1,-1,-1
77,41,201.5,266.5,45.0,45.0,1,1,-1,-1
78,41,201.5,266.5,45.0,45.0,1,1,-1,-1
79,41,198.75,263.75,45.25,46.75,1,1,-1,-1
80,41,198.5,263.75,45.25,46.75,1,1,-1,-1
81,41,199.0,263.0,45.25,47.0,1,1,-1,-1
82,41,199.25,261.75,45.5,47.25,1,1,-1,-1
83,41,199.75,261.75,45.25,46.75,1,1,-1,-1
84,41,200.0,261.0,45.5,47.25,1,1,-1,-1
85,41,200.25,261.0,45.5,47.25,1,1,-1,-1
86,41,199.75,260.75,45.75,47.5,1,1,-1,-1
87,41,199.5,261.5,45.0,46.75,1,1,-1,-1
88,41,199.0,262.0,45.0,46.5,1,1,-1,-1
89,41,199.0,262.5,45.0,46.25,1,1,-1,-1
90,41,199.25,262.75,45.0,45.75,1,1,-1,-1
91,41,199.25,262.25,45.25,46.5,1,1,-1,-1
92,41,199.75,262.25,45.0,46.5,1,1,-1,-1
93,41,199.75,262.75,45.0,46.0,1,1,-1,-1
94,41,199.5,262.5,45.25,46.25,1,1,-1,-1
95,41,199.75,262.5,45.0,46.25,1,1,-1,-1
96,41,199.75,262.75,45.25,46.0,1,1,-1,-1
97,41,199.75,262.75,45.0,45.75,1,1,-1,-1
98,41,199.75,261.75,44.75,45.25,1,1,-1,-1
99,41,199.5,253.0,45.25,45.75,1,1,-1,-1
100,41,200.25,263.25,45.0,45.75,1,1,-1,-1
101,41,200.75,263.5,44.75,45.75,1,1,-1,-1
102,41,201.38,265.393,44.75,45.75,1,1,-1,-1
103,41,201.0,262.5,44.75,45.5,1,1,-1,-1
104,41,200.895,262.454,44.75,45.5,1,1,-1,-1
105,41,200.895,262.309,44.75,45.5,1,1,-1,-1
106,41,200.25,262.75,44.75,45.5,1,1,-1,-1
107,41,201.75,261.25,44.5,45.5,1,1,-1,-1
108,41,200.25,263.75,44.75,45.5,1,1,-1,-1
109,41,199.5,263.5,45.0,45.5,1,1,-1,-1
110,41,199.5,263.75,44.75,45.5,1,1,-1,-1
111,41,199.75,264.0,45.0,45.75,1,1,-1,-1
112,41,199.75,265.75,45.0,45.5,1,1,-1,-1
113,41,200.0,266.0,44.75,45.5,1,1,-1,-1
114,41,201.5,269.5,45.0,45.0,1,1,-1,-1
115,41,201.5,269.5,45.0,45.0,1,1,-1,-1
116,41,201.5,269.5,45.0,45.0,1,1,-1,-1
117,41,200.25,268.5,45.0,45.5,1,1,-1,-1
118,41,197.75,269.5,45.0,45.75,1,1,-1,-1
119,41,196.0,270.0,45.0,46.0,1,1,-1,-1
120,41,197.0,271.25,44.75,45.25,1,1,-1,-1
121,41,196.25,271.25,44.75,45.75,1,1,-1,-1
122,41,196.5,271.5,44.75,45.5,1,1,-1,-1
123,41,195.75,272.25,45.0,45.25,1,1,-1,-1
124,41,195.25,272.75,45.0,45.25,1,1,-1,-1
125,41,195.25,273.0,44.75,45.25,1,1,-1,-1
126,41,195.5,272.75,44.75,45.25,1,1,-1,-1
127,41,195.271,272.92,44.75,45.25,1,1,-1,-1
128,41,199.5,272.5,45.0,45.0,1,1,-1,-1
129,41,194.75,272.5,44.75,45.25,1,1,-1,-1
130,41,196.75,274.0,45.0,45.5,1,1,-1,-1
131,41,196.75,273.75,45.0,45.25,1,1,-1,-1
132,41,196.5,278.5,45.0,45.0,1,1,-1,-1
133,41,196.5,278.5,45.0,45.0,1,1,-1,-1
134,41,198.5,277.5,45.0,45.0,1,1,-1,-1
135,41,198.5,277.5,45.0,45.0,1,1,-1,-1
136,41,198.5,277.5,45.0,45.0,1,1,-1,-1
137,41,198.5,277.5,45.0,45.0,1,1,-1,-1
138,41,198.5,277.5,45.0,45.0,1,1,-1,-1
139,41,198.5,277.5,45.0,45.0,1,1,-1,-1
140,41,198.5,277.5,45.0,45.0,1,1,-1,-1
141,41,198.5,277.5,45.0,45.0,1,1,-1,-1
142,41,198.5,277.5,45.0,45.0,1,1,-1,-1
143,41,198.5,277.5,45.0,45.0,1,1,-1,-1
144,41,198.5,280.5,45.0,45.0,1,1,-1,-1
145,41,197.0,280.25,45.25,45.5,1,1,-1,-1
146,41,197.75,281.25,45.25,45.5,1,1,-1,-1
147,41,198.25,282.0,45.0,45.5,1,1,-1,-1
148,41,199.0,281.75,45.0,45.5,1,1,-1,-1
149,41,199.25,282.0,45.25,45.5,1,1,-1,-1
150,41,199.75,282.25,45.0,45.25,1,1,-1,-1
151,41,200.0,282.75,45.0,45.5,1,1,-1,-1
152,41,200.25,283.25,45.25,45.25,1,1,-1,-1
153,41,200.0,283.5,45.0,45.5,1,1,-1,-1
154,41,199.5,283.75,45.25,45.5,1,1,-1,-1
155,41,199.5,284.5,45.0,45.25,1,1,-1,-1
156,41,199.25,285.5,45.0,45.5,1,1,-1,-1
157,41,199.25,286.25,45.0,45.5,1,1,-1,-1
158,41,199.75,286.5,45.0,45.5,1,1,-1,-1
159,41,199.75,286.25,45.0,45.5,1,1,-1,-1
160,41,201.25,287.75,44.75,45.0,1,1,-1,-1
161,41,201.25,288.25,44.75,45.0,1,1,-1,-1
162,41,200.0,288.0,45.25,45.5,1,1,-1,-1
163,41,200.5,289.75,45.25,45.75,1,1,-1,-1
164,41,200.25,290.25,45.5,46.25,1,1,-1,-1
165,41,200.5,292.5,45.0,45.0,1,1,-1,-1
166,41,200.5,292.5,45.0,45.0,1,1,-1,-1
167,41,200.5,292.5,45.0,45.0,1,1,-1,-1
168,41,204.5,294.5,45.0,45.0,1,1,-1,-1
169,41,205.5,300.5,45.0,45.0,1,1,-1,-1
170,41,205.5,300.5,45.0,45.0,1,1,-1,-1
171,41,206.75,301.5,45.0,45.0,1,1,-1,-1
172,41,208.75,305.5,45.25,45.75,1,1,-1,-1
173,41,209.75,308.75,45.5,46.5,1,1,-1,-1
174,41,210.0,309.5,45.5,46.5,1,1,-1,-1
175,41,210.0,311.25,45.25,45.5,1,1,-1,-1
176,41,210.25,311.0,45.25,45.25,1,1,-1,-1
177,41,210.5,311.25,45.25,45.25,1,1,-1,-1
178,41,210.25,312.25,45.25,45.5,1,1,-1,-1
179,41,210.0,312.75,45.25,45.5,1,1,-1,-1
180,41,210.0,314.5,45.25,45.25,1,1,-1,-1
181,41,209.75,314.75,45.5,46.25,1,1,-1,-1
182,41,209.0,315.75,45.5,45.25,1,1,-1,-1
183,41,208.5,316.0,45.25,45.5,1,1,-1,-1
184,41,208.5,315.75,45.5,45.5,1,1,-1,-1
185,41,208.25,317.0,45.25,45.25,1,1,-1,-1
186,41,207.75,316.5,45.5,45.25,1,1,-1,-1
187,41,207.25,317.5,45.25,45.5,1,1,-1,-1
188,41,207.25,318.0,45.25,45.5,1,1,-1,-1
189,41,207.0,319.25,45.5,46.0,1,1,-1,-1
190,41,207.0,319.25,45.25,45.75,1,1,-1,-1
191,41,207.0,319.25,45.25,45.5,1,1,-1,-1
192,41,207.5,318.75,45.25,45.5,1,1,-1,-1
193,41,208.0,319.25,45.25,45.25,1,1,-1,-1
194,41,207.0,320.25,45.25,45.5,1,1,-1,-1
195,41,207.0,320.0,45.25,45.5,1,1,-1,-1
196,41,206.5,319.25,45.25,45.25,1,1,-1,-1
197,41,205.5,320.5,45.5,45.5,1,1,-1,-1
198,41,205.5,320.5,45.5,45.75,1,1,-1,-1
199,41,204.5,322.25,45.25,46.25,1,1,-1,-1
200,41,205.75,322.0,45.5,46.0,1,1,-1,-1
201,41,205.5,323.25,45.25,46.25,1,1,-1,-1
202,41,205.25,324.0,45.5,47.0,1,1,-1,-1
203,41,205.5,324.5,45.5,47.0,1,1,-1,-1
204,41,205.5,324.25,45.25,46.5,1,1,-1,-1
205,41,206.0,324.25,45.25,46.5,1,1,-1,-1
206,41,206.75,323.75,45.25,45.75,1,1,-1,-1
207,41,206.5,323.5,45.25,45.5,1,1,-1,-1
208,41,206.25,322.75,45.25,45.75,1,1,-1,-1
209,41,206.0,322.75,45.25,45.5,1,1,-1,-1
210,41,205.25,324.0,45.25,45.5,1,1,-1,-1
211,41,205.25,323.25,45.5,45.5,1,1,-1,-1
212,41,204.787,323.256,45.5,45.5,1,1,-1,-1
213,41,204.418,323.183,45.5,45.5,1,1,-1,-1
214,41,204.75,321.5,45.25,45.75,1,1,-1,-1
215,41,204.75,321.75,45.25,45.5,1,1,-1,-1
216,41,205.0,322.0,45.25,45.75,1,1,-1,-1
217,41,204.25,321.75,45.25,46.25,1,1,-1,-1
218,41,204.25,321.75,45.25,45.75,1,1,-1,-1
219,41,204.5,321.0,45.25,46.5,1,1,-1,-1
220,41,204.5,321.25,45.25,46.75,1,1,-1,-1
221,41,204.25,321.25,45.0,45.75,1,1,-1,-1
222,41,204.25,322.25,45.0,45.5,1,1,-1,-1
223,41,204.5,322.5,45.25,45.5,1,1,-1,-1
224,41,204.5,322.25,45.25,45.5,1,1,-1,-1
225,41,205.0,317.5,45.0,45.5,1,1,-1,-1
226,41,206.0,307.0,45.5,46.5,1,1,-1,-1
227,41,207.25,301.0,45.0,45.5,1,1,-1,-1
228,41,207.69,294.584,45.0,45.5,1,1,-1,-1
229,41,207.0,316.5,45.25,45.5,1,1,-1,-1
230,41,207.25,320.0,45.25,45.5,1,1,-1,-1
231,41,206.25,320.25,45.5,45.5,1,1,-1,-1
232,41,207.0,321.0,45.25,45.5,1,1,-1,-1
233,41,206.75,321.0,45.25,45.5,1,1,-1,-1
234,41,207.75,319.75,45.25,45.25,1,1,-1,-1
235,41,208.25,319.25,45.25,45.5,1,1,-1,-1
236,41,208.25,318.5,45.25,45.5,1,1,-1,-1
237,41,208.25,316.25,45.25,45.5,1,1,-1,-1
238,41,208.75,316.75,45.25,45.5,1,1,-1,-1
239,41,208.5,316.0,45.25,45.5,1,1,-1,-1
240,41,208.25,314.75,45.5,45.5,1,1,-1,-1
241,41,209.0,313.75,45.25,45.5,1,1,-1,-1
242,41,209.0,314.0,45.25,45.5,1,1,-1,-1
243,41,209.5,314.5,45.25,45.5,1,1,-1,-1
244,41,209.965,314.618,45.25,45.5,1,1,-1,-1
245,41,211.25,312.5,45.25,45.5,1,1,-1,-1
246,41,210.25,309.5,45.25,45.5,1,1,-1,-1
247,41,210.122,307.362,45.25,45.5,1,1,-1,-1
248,41,208.5,308.5,45.0,45.0,1,1,-1,-1
249,41,208.5,308.5,45.0,45.0,1,1,-1,-1
250,41,208.5,308.5,45.0,45.0,1,1,-1,-1
251,41,208.5,308.5,45.0,45.0,1,1,-1,-1
252,41,208.5,308.5,45.0,45.0,1,1,-1,-1
253,41,208.5,308.5,45.0,45.0,1,1,-1,-1
254,41,208.5,308.5,45.0,45.0,1,1,-1,-1
255,41,208.5,308.5,45.0,45.0,1,1,-1,-1
256,41,208.5,308.5,45.0,45.0,1,1,-1,-1
257,41,208.5,308.5,45.0,45.0,1,1,-1,-1
258,41,208.5,308.5,45.0,45.0,1,1,-1,-1
259,41,208.5,308.5,45.0,45.0,1,1,-1,-1
260,41,208.5,308.5,45.0,45.0,1,1,-1,-1
261,41,208.5,308.5,45.0,45.0,1,1,-1,-1
262,41,208.5,308.5,45.0,45.0,1,1,-1,-1
263,41,210.0,312.25,45.0,45.5,1,1,-1,-1
264,41,207.5,313.5,45.0,45.0,1,1,-1,-1
265,41,207.5,313.5,45.0,45.0,1,1,-1,-1
266,41,207.5,313.5,45.0,45.0,1,1,-1,-1
267,41,207.5,313.5,45.0,45.0,1,1,-1,-1
268,41,207.5,313.5,45.0,45.0,1,1,-1,-1
269,41,207.5,313.5,45.0,45.0,1,1,-1,-1
270,41,203.5,312.5,45.25,45.5,1,1,-1,-1
271,41,203.25,312.0,45.25,45.5,1,1,-1,-1
272,41,203.0,311.75,45.25,45.5,1,1,-1,-1
273,41,203.5,311.5,45.25,45.5,1,1,-1,-1
274,41,203.75,311.0,45.25,45.25,1,1,-1,-1
275,41,203.0,310.75,45.25,45.75,1,1,-1,-1
276,41,203.75,310.75,45.5,45.5,1,1,-1,-1
277,41,203.75,310.75,45.25,45.75,1,1,-1,-1
278,41,203.5,310.5,45.25,45.5,1,1,-1,-1
279,41,204.25,311.0,45.25,45.5,1,1,-1,-1
280,41,205.0,311.0,45.5,45.5,1,1,-1,-1
281,41,205.5,310.5,45.5,45.25,1,1,-1,-1
282,41,206.75,310.0,45.25,45.25,1,1,-1,-1
283,41,206.5,309.75,45.25,45.25,1,1,-1,-1
284,41,205.75,308.75,45.25,45.25,1,1,-1,-1
285,41,205.75,308.75,45.25,45.25,1,1,-1,-1
286,41,206.0,307.0,45.25,45.25,1,1,-1,-1
287,41,203.5,306.5,45.0,45.0,1,1,-1,-1
288,41,204.5,306.5,45.0,45.0,1,1,-1,-1
289,41,205.5,307.5,45.0,45.0,1,1,-1,-1
290,41,205.5,307.5,45.0,45.0,1,1,-1,-1
291,41,205.5,307.5,45.0,45.0,1,1,-1,-1
292,41,205.5,307.5,45.0,45.0,1,1,-1,-1
293,41,205.5,307.5,45.0,45.0,1,1,-1,-1
294,41,205.0,308.75,45.25,45.25,1,1,-1,-1
295,41,204.0,308.5,45.25,45.25,1,1,-1,-1
296,41,204.5,308.25,45.25,45.5,1,1,-1,-1
297,41,204.5,308.5,45.25,45.25,1,1,-1,-1
298,41,203.5,308.5,45.0,45.25,1,1,-1,-1
299,41,203.25,308.5,45.0,45.25,1,1,-1,-1
300,41,202.0,308.0,45.0,45.5,1,1,-1,-1
301,41,201.75,308.25,45.0,45.5,1,1,-1,-1
302,41,202.0,308.25,45.25,45.5,1,1,-1,-1
303,41,201.5,308.5,45.0,45.5,1,1,-1,-1
304,41,201.25,309.0,45.0,45.25,1,1,-1,-1
305,41,201.0,310.0,45.0,45.5,1,1,-1,-1
306,41,202.25,312.5,45.0,45.25,1,1,-1,-1
307,41,203.5,314.5,44.75,45.25,1,1,-1,-1
308,41,204.281,316.547,44.75,45.25,1,1,-1,-1
309,41,202.25,310.0,45.5,45.25,1,1,-1,-1
310,41,202.0,308.75,45.0,45.25,1,1,-1,-1
311,41,202.5,316.5,45.0,45.0,1,1,-1,-1
312,41,202.0,309.75,45.0,45.5,1,1,-1,-1
313,41,203.25,311.5,44.75,45.25,1,1,-1,-1
314,41,202.75,312.0,44.75,45.25,1,1,-1,-1
315,41,204.5,310.75,44.75,45.5,1,1,-1,-1
316,41,204.25,311.0,45.25,45.5,1,1,-1,-1
317,41,202.5,311.75,45.5,45.75,1,1,-1,-1
318,41,203.5,316.5,45.0,45.0,1,1,-1,-1
319,41,203.5,317.5,45.0,45.0,1,1,-1,-1
320,41,203.5,317.5,45.0,45.0,1,1,-1,-1
321,41,203.5,317.5,45.0,45.0,1,1,-1,-1
322,41,203.5,317.5,45.0,45.0,1,1,-1,-1
323,41,203.5,317.5,45.0,45.0,1,1,-1,-1
324,41,203.5,317.5,45.0,45.0,1,1,-1,-1
325,41,207.5,316.5,45.0,45.0,1,1,-1,-1
326,41,207.5,316.5,45.0,45.0,1,1,-1,-1
327,41,207.5,316.5,45.0,45.0,1,1,-1,-1
328,41,207.5,318.5,45.0,45.0,1,1,-1,-1
329,41,207.5,318.5,45.0,45.0,1,1,-1,-1
330,41,207.5,318.5,45.0,45.0,1,1,-1,-1
331,41,207.5,318.5,45.0,45.0,1,1,-1,-1
332,41,207.5,318.5,45.0,45.0,1,1,-1,-1
333,41,207.5,318.5,45.0,45.0,1,1,-1,-1
334,41,207.5,318.5,45.0,45.0,1,1,-1,-1
335,41,207.5,318.5,45.0,45.0,1,1,-1,-1
336,41,207.5,321.5,45.0,45.0,1,1,-1,-1
337,41,207.5,321.5,45.0,45.0,1,1,-1,-1
338,41,207.5,321.5,45.0,45.0,1,1,-1,-1
339,41,208.5,321.5,45.0,45.0,1,1,-1,-1
340,41,208.5,326.5,45.0,45.0,1,1,-1,-1
341,41,207.5,325.5,45.0,45.0,1,1,-1,-1
342,41,207.5,325.5,45.0,45.0,1,1,-1,-1
343,41,207.5,325.5,45.0,45.0,1,1,-1,-1
344,41,207.5,325.5,45.0,45.0,1,1,-1,-1
345,41,207.5,324.5,45.0,45.0,1,1,-1,-1
346,41,210.5,324.5,45.0,45.0,1,1,-1,-1
347,41,210.5,324.5,45.0,45.0,1,1,-1,-1
348,41,210.5,324.5,45.0,45.0,1,1,-1,-1
349,41,213.5,326.75,45.25,45.75,1,1,-1,-1
350,41,213.75,328.0,45.25,46.0,1,1,-1,-1
351,41,213.5,327.75,45.25,46.0,1,1,-1,-1
352,41,211.5,329.25,45.0,45.75,1,1,-1,-1
353,41,211.75,332.75,45.0,45.75,1,1,-1,-1
354,41,214.25,335.5,44.75,45.75,1,1,-1,-1
355,41,211.75,334.0,45.25,45.5,1,1,-1,-1
356,41,211.5,333.75,45.0,45.5,1,1,-1,-1
357,41,211.0,334.25,45.25,45.25,1,1,-1,-1
358,41,211.75,334.5,45.0,45.25,1,1,-1,-1
359,41,211.5,334.5,45.0,45.5,1,1,-1,-1
360,41,211.5,333.5,45.25,45.5,1,1,-1,-1
361,41,212.5,335.0,45.0,45.5,1,1,-1,-1
362,41,213.25,337.0,45.0,45.5,1,1,-1,-1
363,41,213.0,337.25,45.0,45.5,1,1,-1,-1
364,41,212.75,337.5,45.25,45.5,1,1,-1,-1
365,41,212.75,337.75,45.0,45.5,1,1,-1,-1
366,41,213.25,337.5,45.0,46.0,1,1,-1,-1
367,41,213.5,336.75,45.0,46.0,1,1,-1,-1
368,41,213.75,337.25,44.75,45.75,1,1,-1,-1
369,41,213.75,337.0,44.75,45.25,1,1,-1,-1
370,41,213.5,337.25,44.75,45.5,1,1,-1,-1
371,41,213.25,337.25,45.0,45.5,1,1,-1,-1
372,41,213.75,336.75,44.75,46.75,1,1,-1,-1
373,41,214.0,336.75,45.0,47.25,1,1,-1,-1
374,41,214.5,337.25,44.75,46.5,1,1,-1,-1
375,41,214.25,337.5,45.0,46.75,1,1,-1,-1
376,41,214.25,337.5,45.0,47.0,1,1,-1,-1
377,41,214.5,337.75,44.75,46.5,1,1,-1,-1
378,41,214.0,337.75,44.75,46.75,1,1,-1,-1
379,41,213.75,338.25,44.75,46.5,1,1,-1,-1
380,41,214.25,338.0,44.75,46.25,1,1,-1,-1
381,41,214.5,338.0,45.0,46.75,1,1,-1,-1
382,41,214.75,337.75,45.0,47.5,1,1,-1,-1
383,41,214.5,338.75,44.75,46.5,1,1,-1,-1
384,41,214.0,339.25,44.75,45.75,1,1,-1,-1
385,41,214.0,339.0,44.75,46.25,1,1,-1,-1
386,41,214.25,339.0,44.75,46.75,1,1,-1,-1
387,41,214.25,340.25,44.75,46.25,1,1,-1,-1
388,41,214.0,340.0,45.0,46.75,1,1,-1,-1
389,41,214.25,339.5,45.0,46.25,1,1,-1,-1
390,41,214.75,339.25,45.25,47.75,1,1,-1,-1
391,41,213.75,339.75,45.25,47.5,1,1,-1,-1
392,41,216.75,339.0,45.0,46.25,1,1,-1,-1
393,41,214.75,344.75,45.0,45.75,1,1,-1,-1
394,41,214.5,344.75,44.75,46.0,1,1,-1,-1
395,41,214.25,343.0,45.0,46.25,1,1,-1,-1
396,41,213.0,341.5,45.25,46.75,1,1,-1,-1
397,41,213.25,342.0,45.25,47.5,1,1,-1,-1
398,41,212.75,342.5,45.0,46.0,1,1,-1,-1
399,41,213.75,343.0,44.75,45.75,1,1,-1,-1
400,41,213.75,343.0,45.0,45.75,1,1,-1,-1
401,41,215.75,341.25,44.75,45.75,1,1,-1,-1
402,41,217.5,341.0,45.0,47.0,1,1,-1,-1
403,41,219.5,339.75,44.75,46.75,1,1,-1,-1
404,41,215.0,344.75,45.5,48.25,1,1,-1,-1
405,41,216.5,347.25,45.0,47.5,1,1,-1,-1
406,41,218.0,347.75,45.25,47.75,1,1,-1,-1
407,41,219.0,348.75,45.0,47.75,1,1,-1,-1
408,41,219.75,350.5,45.0,47.5,1,1,-1,-1
409,41,220.5,350.0,45.0,46.75,1,1,-1,-1
410,41,221.75,351.5,45.0,46.25,1,1,-1,-1
411,41,222.25,351.75,45.0,45.75,1,1,-1,-1
412,41,223.25,353.25,45.0,46.0,1,1,-1,-1
413,41,221.25,356.25,45.0,45.75,1,1,-1,-1
414,41,221.5,355.75,45.0,46.25,1,1,-1,-1
415,41,221.25,355.0,45.0,46.75,1,1,-1,-1
416,41,221.0,354.75,45.0,46.0,1,1,-1,-1
417,41,221.0,354.75,45.25,46.25,1,1,-1,-1
418,41,220.813,354.679,45.25,46.25,1,1,-1,-1
419,41,220.5,354.25,45.25,48.0,1,1,-1,-1
420,41,221.0,355.25,45.25,47.0,1,1,-1,-1
421,41,221.75,357.0,45.25,46.5,1,1,-1,-1
422,41,222.25,356.25,45.25,46.75,1,1,-1,-1
423,41,222.0,354.75,45.25,47.0,1,1,-1,-1
424,41,223.5,355.25,45.25,48.25,1,1,-1,-1
425,41,223.75,354.75,45.25,47.0,1,1,-1,-1
426,41,223.75,355.0,45.0,46.25,1,1,-1,-1
427,41,223.25,354.5,45.25,46.5,1,1,-1,-1
428,41,222.75,353.75,45.25,46.5,1,1,-1,-1
429,41,223.25,353.5,44.75,46.5,1,1,-1,-1
430,41,223.5,353.25,45.0,46.0,1,1,-1,-1
431,41,223.0,353.5,45.0,45.75,1,1,-1,-1
432,41,223.5,352.0,45.0,47.0,1,1,-1,-1
433,41,223.5,351.5,45.0,47.25,1,1,-1,-1
434,41,223.75,351.75,45.0,47.0,1,1,-1,-1
435,41,223.5,352.0,45.0,46.5,1,1,-1,-1
436,41,223.75,352.25,45.0,46.25,1,1,-1,-1
437,41,224.0,352.5,45.0,46.25,1,1,-1,-1
438,41,223.5,351.75,45.0,46.75,1,1,-1,-1
439,41,224.25,351.25,45.0,47.0,1,1,-1,-1
440,41,224.25,351.5,44.75,46.25,1,1,-1,-1
441,41,224.75,350.0,45.0,47.25,1,1,-1,-1
442,41,224.75,350.75,45.0,46.0,1,1,-1,-1
443,41,224.25,351.75,45.0,45.5,1,1,-1,-1
444,41,224.25,350.75,45.0,46.75,1,1,-1,-1
445,41,224.25,351.75,45.0,45.75,1,1,-1,-1
446,41,224.5,351.75,45.0,46.25,1,1,-1,-1
447,41,225.25,352.75,45.0,46.5,1,1,-1,-1
448,41,225.0,352.75,45.0,46.0,1,1,-1,-1
449,41,225.0,352.5,45.0,46.75,1,1,-1,-1
450,41,224.75,352.0,45.0,46.5,1,1,-1,-1
451,41,224.25,352.75,45.0,46.5,1,1,-1,-1
452,41,224.0,352.0,45.25,46.5,1,1,-1,-1
453,41,224.0,351.75,45.0,46.25,1,1,-1,-1
454,41,226.0,351.5,44.75,46.0,1,1,-1,-1
455,41,227.75,349.5,45.0,46.0,1,1,-1,-1
456,41,245.75,330.75,45.25,45.5,1,1,-1,-1
457,41,226.0,351.5,44.75,45.75,1,1,-1,-1
458,41,224.0,352.25,45.0,46.0,1,1,-1,-1
459,41,223.25,352.5,45.0,46.5,1,1,-1,-1
460,41,223.0,352.75,45.0,46.0,1,1,-1,-1
461,41,223.0,352.75,45.0,46.5,1,1,-1,-1
462,41,223.75,352.75,45.0,46.75,1,1,-1,-1
463,41,223.75,352.25,45.0,47.5,1,1,-1,-1
464,41,223.75,353.25,45.0,46.0,1,1,-1,-1
465,41,223.75,352.75,45.0,46.75,1,1,-1,-1
466,41,224.0,352.75,45.0,46.5,1,1,-1,-1
467,41,224.25,353.75,45.0,46.25,1,1,-1,-1
468,41,224.5,354.5,45.0,46.5,1,1,-1,-1
469,41,224.75,354.0,45.0,45.5,1,1,-1,-1
470,41,224.5,354.0,45.0,45.5,1,1,-1,-1
471,41,224.5,353.0,45.0,46.5,1,1,-1,-1
472,41,224.25,353.25,45.0,46.0,1,1,-1,-1
473,41,224.25,353.25,44.75,45.5,1,1,-1,-1
474,41,224.25,353.25,44.75,45.75,1,1,-1,-1
475,41,223.75,353.5,45.0,45.75,1,1,-1,-1
476,41,224.25,353.25,44.75,45.5,1,1,-1,-1
477,41,223.5,353.0,44.75,45.5,1,1,-1,-1
478,41,223.5,352.75,44.75,45.5,1,1,-1,-1
479,41,223.75,353.0,45.0,45.75,1,1,-1,-1
480,41,223.75,353.75,44.75,45.5,1,1,-1,-1
481,41,223.75,354.75,44.75,45.5,1,1,-1,-1
482,41,224.0,354.75,44.75,45.5,1,1,-1,-1
483,41,224.0,353.5,44.75,45.5,1,1,-1,-1
484,41,224.0,353.75,45.0,46.0,1,1,-1,-1
485,41,223.25,353.5,45.0,46.0,1,1,-1,-1
486,41,222.75,354.25,45.0,45.75,1,1,-1,-1
487,41,222.75,354.5,45.0,46.25,1,1,-1,-1
488,41,223.0,354.0,45.25,47.25,1,1,-1,-1
489,41,223.0,354.75,45.0,46.75,1,1,-1,-1
490,41,223.25,355.25,45.0,46.5,1,1,-1,-1
491,41,223.5,354.75,45.25,46.75,1,1,-1,-1
492,41,223.5,354.25,45.0,46.75,1,1,-1,-1
493,41,223.25,354.75,45.0,46.0,1,1,-1,-1
494,41,223.5,355.0,44.75,46.0,1,1,-1,-1
495,41,223.0,355.25,45.0,46.0,1,1,-1,-1
496,41,222.5,353.75,45.0,46.0,1,1,-1,-1
497,41,223.25,355.25,45.0,46.0,1,1,-1,-1
498,41,223.0,355.0,45.0,46.0,1,1,-1,-1
499,41,223.0,355.0,45.0,46.25,1,1,-1,-1
500,41,223.0,354.75,45.0,46.5,1,1,-1,-1
1,42,588.25,125.25,45.25,45.0,1,1,-1,-1
2,42,588.0,124.75,45.0,45.25,1,1,-1,-1
3,42,587.25,125.25,45.25,45.25,1,1,-1,-1
4,42,589.5,122.0,45.0,45.25,1,1,-1,-1
5,42,585.0,115.75,45.25,45.0,1,1,-1,-1
6,42,583.25,114.25,45.25,45.25,1,1,-1,-1
7,42,581.75,113.75,45.25,45.25,1,1,-1,-1
8,42,580.75,109.75,45.25,45.25,1,1,-1,-1
9,42,580.25,106.0,45.25,45.25,1,1,-1,-1
10,42,578.0,101.75,45.0,45.25,1,1,-1,-1
11,42,575.75,97.75,45.0,45.25,1,1,-1,-1
12,42,576.5,97.0,45.0,45.25,1,1,-1,-1
13,42,577.25,95.75,45.0,45.25,1,1,-1,-1
14,42,578.75,94.25,45.0,45.25,1,1,-1,-1
15,42,580.25,92.5,44.75,45.0,1,1,-1,-1
16,42,582.5,91.0,45.0,45.0,1,1,-1,-1
17,42,581.5,90.75,45.0,45.25,1,1,-1,-1
18,42,582.0,91.5,44.75,45.25,1,1,-1,-1
19,42,580.25,94.75,44.75,45.0,1,1,-1,-1
20,42,583.75,94.0,45.25,44.5,1,1,-1,-1
21,42,584.5,96.5,45.0,45.0,1,1,-1,-1
22,42,584.5,96.5,45.0,45.0,1,1,-1,-1
23,42,585.25,100.75,44.75,45.0,1,1,-1,-1
24,42,587.5,99.5,45.0,45.0,1,1,-1,-1
25,42,589.25,96.25,46.5,44.25,1,1,-1,-1
26,42,586.75,97.75,45.75,44.5,1,1,-1,-1
27,42,585.5,97.75,45.0,44.5,1,1,-1,-1
28,42,584.25,99.0,45.0,44.75,1,1,-1,-1
29,42,585.0,99.25,44.75,45.0,1,1,-1,-1
30,42,583.75,99.75,45.0,44.75,1,1,-1,-1
31,42,584.0,100.0,44.75,44.75,1,1,-1,-1
32,42,584.5,101.0,44.75,45.0,1,1,-1,-1
33,42,584.0,102.5,44.75,44.75,1,1,-1,-1
34,42,582.75,102.25,44.75,44.75,1,1,-1,-1
35,42,581.75,103.0,44.75,44.75,1,1,-1,-1
36,42,581.5,103.25,44.75,44.75,1,1,-1,-1
37,42,579.75,104.5,45.0,45.25,1,1,-1,-1
38,42,578.5,106.25,45.25,45.0,1,1,-1,-1
39,42,577.25,107.25,45.25,45.25,1,1,-1,-1
40,42,577.0,108.75,45.25,45.0,1,1,-1,-1
41,42,576.5,109.25,45.25,45.0,1,1,-1,-1
42,42,575.5,109.5,45.25,45.0,1,1,-1,-1
43,42,575.25,110.75,45.25,45.0,1,1,-1,-1
44,42,574.5,112.0,45.5,45.0,1,1,-1,-1
45,42,574.25,114.0,45.25,45.25,1,1,-1,-1
46,42,573.5,115.25,45.5,45.25,1,1,-1,-1
47,42,572.75,116.5,45.25,45.25,1,1,-1,-1
48,42,570.75,117.0,45.25,45.5,1,1,-1,-1
49,42,572.75,119.5,45.5,47.25,1,1,-1,-1
50,42,572.0,121.75,45.25,46.5,1,1,-1,-1
51,42,571.25,123.5,46.0,48.0,1,1,-1,-1
52,42,572.0,125.5,46.75,48.75,1,1,-1,-1
53,42,573.5,130.5,45.0,45.75,1,1,-1,-1
54,42,575.0,134.5,45.0,45.25,1,1,-1,-1
55,42,575.5,138.0,45.25,45.25,1,1,-1,-1
56,42,576.75,141.25,45.0,45.25,1,1,-1,-1
57,42,579.25,146.0,45.0,45.0,1,1,-1,-1
58,42,579.75,147.0,45.0,45.25,1,1,-1,-1
59,42,583.75,151.0,45.75,47.25,1,1,-1,-1
60,42,585.75,156.25,45.5,46.5,1,1,-1,-1
61,42,588.5,158.25,45.25,45.25,1,1,-1,-1
62,42,593.5,160.75,45.25,45.25,1,1,-1,-1
63,42,596.75,161.75,45.25,45.25,1,1,-1,-1
64,42,598.25,162.5,45.25,45.25,1,1,-1,-1
65,42,602.0,162.75,45.5,45.75,1,1,-1,-1
66,42,605.25,163.75,45.25,45.25,1,1,-1,-1
67,42,608.5,163.5,45.25,45.75,1,1,-1,-1
68,42,611.5,162.5,45.5,46.25,1,1,-1,-1
69,42,615.5,163.5,45.25,45.0,1,1,-1,-1
70,42,616.5,163.5,45.25,45.0,1,1,-1,-1
71,42,617.5,164.0,45.0,45.0,1,1,-1,-1
72,42,620.5,163.75,45.25,45.0,1,1,-1,-1
73,42,623.0,162.75,45.5,45.0,1,1,-1,-1
74,42,622.5,163.0,45.5,45.0,1,1,-1,-1
75,42,623.25,163.5,45.25,45.0,1,1,-1,-1
76,42,623.0,164.5,45.25,45.0,1,1,-1,-1
77,42,622.5,165.5,45.5,46.5,1,1,-1,-1
78,42,621.0,168.0,45.25,45.25,1,1,-1,-1
79,42,620.25,168.75,45.5,45.0,1,1,-1,-1
80,42,619.75,169.0,45.25,45.75,1,1,-1,-1
81,42,619.0,169.5,45.25,46.0,1,1,-1,-1
82,42,618.75,171.5,45.25,45.0,1,1,-1,-1
83,42,618.75,172.5,45.25,45.5,1,1,-1,-1
84,42,619.25,173.25,45.0,45.0,1,1,-1,-1
85,42,620.25,174.0,45.0,45.0,1,1,-1,-1
86,42,621.25,175.0,45.25,45.25,1,1,-1,-1
87,42,620.75,176.25,45.0,45.0,1,1,-1,-1
88,42,620.25,176.5,45.0,45.25,1,1,-1,-1
89,42,618.25,177.75,45.0,45.25,1,1,-1,-1
90,42,617.75,179.0,44.75,45.0,1,1,-1,-1
91,42,618.0,180.5,45.0,45.25,1,1,-1,-1
92,42,617.75,183.25,45.0,45.25,1,1,-1,-1
93,42,616.75,184.75,45.0,45.25,1,1,-1,-1
94,42,616.25,185.5,44.75,45.0,1,1,-1,-1
95,42,617.0,186.0,44.75,45.0,1,1,-1,-1
96,42,618.25,186.25,44.75,45.0,1,1,-1,-1
97,42,619.0,187.5,44.75,45.0,1,1,-1,-1
98,42,619.75,188.75,45.0,45.0,1,1,-1,-1
99,42,619.5,190.75,45.0,45.0,1,1,-1,-1
100,42,619.25,191.0,45.0,45.0,1,1,-1,-1
101,42,619.25,190.75,45.0,45.0,1,1,-1,-1
102,42,619.5,191.25,45.25,45.0,1,1,-1,-1
103,42,620.5,191.5,45.0,45.0,1,1,-1,-1
104,42,620.75,192.25,45.0,45.25,1,1,-1,-1
105,42,620.25,193.5,45.25,45.0,1,1,-1,-1
106,42,620.5,194.25,45.0,45.0,1,1,-1,-1
107,42,620.25,193.75,45.0,45.25,1,1,-1,-1
108,42,620.25,194.0,45.0,45.25,1,1,-1,-1
109,42,620.0,193.5,45.0,45.25,1,1,-1,-1
110,42,619.75,193.5,45.0,45.25,1,1,-1,-1
111,42,620.0,193.75,45.0,45.0,1,1,-1,-1
112,42,619.75,193.5,45.0,45.0,1,1,-1,-1
113,42,619.75,193.5,45.0,45.25,1,1,-1,-1
114,42,619.0,193.5,45.0,45.0,1,1,-1,-1
115,42,619.75,193.0,45.25,45.25,1,1,-1,-1
116,42,618.75,192.75,45.25,45.0,1,1,-1,-1
117,42,617.25,192.25,45.0,45.25,1,1,-1,-1
118,42,614.0,191.5,45.5,45.75,1,1,-1,-1
119,42,615.75,192.5,45.0,45.25,1,1,-1,-1
120,42,614.0,192.0,45.0,45.0,1,1,-1,-1
121,42,613.25,189.5,44.75,45.0,1,1,-1,-1
122,42,612.25,190.25,45.0,45.0,1,1,-1,-1
123,42,609.0,191.75,45.0,45.5,1,1,-1,-1
124,42,609.0,190.0,44.75,45.25,1,1,-1,-1
125,42,608.25,190.0,45.0,45.0,1,1,-1,-1
126,42,607.75,189.75,45.0,45.0,1,1,-1,-1
127,42,608.25,190.75,44.75,45.0,1,1,-1,-1
128,42,608.75,191.5,45.0,45.0,1,1,-1,-1
129,42,609.25,192.25,45.0,45.25,1,1,-1,-1
130,42,610.5,194.0,44.75,45.0,1,1,-1,-1
131,42,609.25,191.75,44.75,45.0,1,1,-1,-1
132,42,608.25,190.75,44.5,45.0,1,1,-1,-1
133,42,606.5,190.25,44.5,45.0,1,1,-1,-1
134,42,603.75,189.5,44.75,45.0,1,1,-1,-1
135,42,602.5,188.5,44.5,45.25,1,1,-1,-1
136,42,599.75,188.25,44.75,45.0,1,1,-1,-1
137,42,596.0,188.75,44.75,45.0,1,1,-1,-1
138,42,594.5,187.5,44.75,45.25,1,1,-1,-1
139,42,592.5,185.75,44.75,45.25,1,1,-1,-1
140,42,589.5,185.75,45.0,45.0,1,1,-1,-1
141,42,588.0,185.25,45.0,45.25,1,1,-1,-1
142,42,587.0,183.5,44.75,45.25,1,1,-1,-1
143,42,584.75,182.5,45.0,45.0,1,1,-1,-1
144,42,583.0,182.0,44.75,45.0,1,1,-1,-1
145,42,580.0,179.75,44.75,45.0,1,1,-1,-1
146,42,577.0,176.75,45.0,45.25,1,1,-1,-1
147,42,573.5,173.25,45.25,45.25,1,1,-1,-1
148,42,571.75,172.0,45.25,45.25,1,1,-1,-1
149,42,573.25,170.5,45.25,45.25,1,1,-1,-1
150,42,572.0,169.0,45.25,45.25,1,1,-1,-1
151,42,571.0,169.0,45.25,45.0,1,1,-1,-1
152,42,571.0,169.5,45.5,45.0,1,1,-1,-1
153,42,570.5,169.75,45.5,45.25,1,1,-1,-1
154,42,560.25,171.25,45.25,45.0,1,1,-1,-1
155,42,563.5,171.75,45.25,45.0,1,1,-1,-1
156,42,562.0,172.75,45.25,45.25,1,1,-1,-1
157,42,559.5,171.75,45.25,45.0,1,1,-1,-1
158,42,558.75,170.5,45.25,45.0,1,1,-1,-1
159,42,559.5,169.75,45.25,45.25,1,1,-1,-1
160,42,558.5,168.75,45.5,45.0,1,1,-1,-1
161,42,555.5,166.25,45.25,45.25,1,1,-1,-1
162,42,554.101,164.15,45.25,45.25,1,1,-1,-1
163,42,552.398,162.134,45.25,45.25,1,1,-1,-1
164,42,552.75,157.0,45.75,46.5,1,1,-1,-1
165,42,552.0,156.5,45.5,45.5,1,1,-1,-1
166,42,549.5,153.0,45.0,45.0,1,1,-1,-1
167,42,546.25,150.75,45.0,45.0,1,1,-1,-1
168,42,545.0,145.5,45.0,45.0,1,1,-1,-1
169,42,544.5,141.0,45.0,44.75,1,1,-1,-1
170,42,543.25,138.25,45.0,44.75,1,1,-1,-1
171,42,542.0,134.0,44.75,45.0,1,1,-1,-1
172,42,541.0,131.75,44.75,45.0,1,1,-1,-1
173,42,538.5,125.5,45.0,45.0,1,1,-1,-1
174,42,537.75,124.0,45.0,45.0,1,1,-1,-1
175,42,536.5,120.0,45.0,45.0,1,1,-1,-1
176,42,535.0,116.5,45.25,45.0,1,1,-1,-1
177,42,533.5,115.25,45.5,45.25,1,1,-1,-1
178,42,533.0,113.25,45.5,45.25,1,1,-1,-1
179,42,531.5,110.5,45.25,45.25,1,1,-1,-1
180,42,530.75,108.25,45.25,45.0,1,1,-1,-1
181,42,528.75,106.75,45.25,45.0,1,1,-1,-1
182,42,528.25,103.75,45.0,45.0,1,1,-1,-1
183,42,526.5,98.75,45.0,45.0,1,1,-1,-1
184,42,526.25,93.5,45.0,45.25,1,1,-1,-1
185,42,525.75,88.5,45.0,45.0,1,1,-1,-1
186,42,525.0,85.75,45.0,45.25,1,1,-1,-1
187,42,524.0,82.0,45.0,45.0,1,1,-1,-1
188,42,523.0,77.75,44.75,45.25,1,1,-1,-1
189,42,520.75,74.25,45.0,45.25,1,1,-1,-1
190,42,519.5,72.0,45.0,45.5,1,1,-1,-1
191,42,518.25,70.75,45.0,45.5,1,1,-1,-1
192,42,515.25,69.5,45.25,45.5,1,1,-1,-1
193,42,512.25,67.25,45.25,45.25,1,1,-1,-1
194,42,511.5,63.75,45.25,45.75,1,1,-1,-1
195,42,511.0,60.75,45.25,45.5,1,1,-1,-1
196,42,511.75,58.5,45.25,45.5,1,1,-1,-1
197,42,512.25,57.0,45.25,45.5,1,1,-1,-1
198,42,513.0,56.5,45.25,45.25,1,1,-1,-1
199,42,513.5,55.75,45.25,45.5,1,1,-1,-1
200,42,513.75,56.25,45.25,45.25,1,1,-1,-1
201,42,514.0,55.25,45.5,45.5,1,1,-1,-1
202,42,514.25,55.25,45.25,45.5,1,1,-1,-1
203,42,514.5,55.0,45.25,45.75,1,1,-1,-1
204,42,514.5,55.0,45.25,45.5,1,1,-1,-1
205,42,514.75,55.0,45.25,45.5,1,1,-1,-1
206,42,515.0,55.25,45.25,45.75,1,1,-1,-1
207,42,515.0,55.5,45.5,45.5,1,1,-1,-1
208,42,516.25,54.0,45.5,46.5,1,1,-1,-1
209,42,516.25,54.25,45.5,45.75,1,1,-1,-1
210,42,516.0,54.25,45.25,46.0,1,1,-1,-1
211,42,516.0,54.0,45.5,45.75,1,1,-1,-1
212,42,516.0,54.0,45.25,45.5,1,1,-1,-1
213,42,515.75,54.5,45.25,45.5,1,1,-1,-1
214,42,515.0,54.75,45.25,45.5,1,1,-1,-1
215,42,514.0,54.25,45.25,45.5,1,1,-1,-1
216,42,513.25,55.0,45.25,45.5,1,1,-1,-1
217,42,512.25,54.5,45.25,45.5,1,1,-1,-1
218,42,507.5,52.25,45.0,45.5,1,1,-1,-1
219,42,510.0,56.0,45.25,45.5,1,1,-1,-1
220,42,507.75,56.25,45.25,46.0,1,1,-1,-1
221,42,506.25,55.25,45.25,45.5,1,1,-1,-1
222,42,505.75,56.25,45.25,45.75,1,1,-1,-1
223,42,505.5,57.25,45.25,45.75,1,1,-1,-1
224,42,505.5,57.5,45.25,45.75,1,1,-1,-1
225,42,505.25,57.75,45.0,45.75,1,1,-1,-1
226,42,505.0,59.25,45.25,45.5,1,1,-1,-1
227,42,508.25,59.0,45.25,45.75,1,1,-1,-1
228,42,507.5,59.75,45.0,45.5,1,1,-1,-1
229,42,507.75,60.25,45.25,45.25,1,1,-1,-1
230,42,507.25,59.75,45.25,45.5,1,1,-1,-1
231,42,506.75,59.75,45.0,45.5,1,1,-1,-1
232,42,507.0,59.75,45.0,45.5,1,1,-1,-1
233,42,507.5,60.0,45.0,45.5,1,1,-1,-1
234,42,507.25,61.25,45.0,45.5,1,1,-1,-1
235,42,507.0,62.0,45.25,45.5,1,1,-1,-1
236,42,507.5,62.75,45.25,45.5,1,1,-1,-1
237,42,507.25,64.0,45.0,45.5,1,1,-1,-1
238,42,506.0,64.0,45.0,45.5,1,1,-1,-1
239,42,505.5,64.25,45.25,45.5,1,1,-1,-1
240,42,505.5,63.75,45.25,45.5,1,1,-1,-1
241,42,504.25,64.5,45.25,45.75,1,1,-1,-1
242,42,503.5,65.25,45.25,45.5,1,1,-1,-1
243,42,503.5,66.0,45.25,45.25,1,1,-1,-1
244,42,502.5,67.0,45.0,45.5,1,1,-1,-1
245,42,501.5,67.25,45.25,45.25,1,1,-1,-1
246,42,500.5,67.5,45.0,45.25,1,1,-1,-1
247,42,499.25,68.25,45.25,45.5,1,1,-1,-1
248,42,499.0,67.75,45.0,45.5,1,1,-1,-1
249,42,497.75,69.25,45.25,45.5,1,1,-1,-1
250,42,497.0,68.75,45.25,45.5,1,1,-1,-1
251,42,496.5,68.75,45.25,45.25,1,1,-1,-1
252,42,495.75,68.5,45.25,45.5,1,1,-1,-1
253,42,495.25,67.25,45.5,46.5,1,1,-1,-1
254,42,495.0,67.5,45.5,46.75,1,1,-1,-1
255,42,495.0,69.0,45.25,45.5,1,1,-1,-1
256,42,493.5,69.25,45.25,45.75,1,1,-1,-1
257,42,493.5,69.75,45.25,46.25,1,1,-1,-1
258,42,493.0,71.25,45.25,45.5,1,1,-1,-1
259,42,491.75,72.0,45.25,45.5,1,1,-1,-1
260,42,491.25,72.0,45.25,45.5,1,1,-1,-1
261,42,491.25,72.5,45.25,45.5,1,1,-1,-1
262,42,491.0,73.25,45.25,45.5,1,1,-1,-1
263,42,491.25,73.5,45.0,45.25,1,1,-1,-1
264,42,491.25,73.0,45.0,45.5,1,1,-1,-1
265,42,491.5,73.25,45.0,45.25,1,1,-1,-1
266,42,491.5,73.5,45.0,45.5,1,1,-1,-1
267,42,491.25,73.25,45.0,45.25,1,1,-1,-1
268,42,491.0,73.25,45.25,45.25,1,1,-1,-1
269,42,491.5,72.25,45.25,45.5,1,1,-1,-1
270,42,491.5,71.25,45.25,45.5,1,1,-1,-1
271,42,490.5,71.0,45.0,45.5,1,1,-1,-1
272,42,490.25,70.0,45.0,45.5,1,1,-1,-1
273,42,489.5,70.75,45.0,45.5,1,1,-1,-1
274,42,489.5,71.5,45.0,45.5,1,1,-1,-1
275,42,489.25,71.5,45.25,45.5,1,1,-1,-1
276,42,488.5,71.5,45.25,46.0,1,1,-1,-1
277,42,488.0,73.25,45.0,45.5,1,1,-1,-1
278,42,487.25,73.75,45.0,45.5,1,1,-1,-1
279,42,486.75,74.25,45.0,45.5,1,1,-1,-1
280,42,486.25,74.75,45.0,45.25,1,1,-1,-1
281,42,485.75,74.5,45.25,45.5,1,1,-1,-1
282,42,485.5,74.5,45.25,45.5,1,1,-1,-1
283,42,485.0,75.0,45.25,45.5,1,1,-1,-1
284,42,484.75,75.0,45.25,45.5,1,1,-1,-1
285,42,485.25,74.25,45.0,45.5,1,1,-1,-1
286,42,484.75,75.5,45.0,45.25,1,1,-1,-1
287,42,484.25,76.75,45.0,45.25,1,1,-1,-1
288,42,483.25,77.75,45.25,45.25,1,1,-1,-1
289,42,483.25,77.75,45.0,45.25,1,1,-1,-1
290,42,482.75,78.5,45.0,45.25,1,1,-1,-1
291,42,482.75,78.25,45.0,45.25,1,1,-1,-1
292,42,482.25,78.25,45.0,45.25,1,1,-1,-1
293,42,482.0,79.25,44.75,45.25,1,1,-1,-1
294,42,481.25,78.75,45.0,45.5,1,1,-1,-1
295,42,481.0,78.5,45.0,45.5,1,1,-1,-1
296,42,481.25,78.5,45.0,45.5,1,1,-1,-1
297,42,482.0,79.0,44.75,45.25,1,1,-1,-1
298,42,480.75,79.5,45.0,45.5,1,1,-1,-1
299,42,479.5,79.5,45.25,45.5,1,1,-1,-1
300,42,479.25,79.5,45.0,45.25,1,1,-1,-1
301,42,479.0,79.75,45.0,45.25,1,1,-1,-1
302,42,478.5,80.25,45.0,45.25,1,1,-1,-1
303,42,478.0,80.5,45.25,45.5,1,1,-1,-1
304,42,478.25,80.5,45.0,45.5,1,1,-1,-1
305,42,478.0,80.75,45.25,45.5,1,1,-1,-1
306,42,478.0,80.75,45.0,45.5,1,1,-1,-1
307,42,477.5,80.75,45.25,45.25,1,1,-1,-1
308,42,477.5,80.5,45.25,45.5,1,1,-1,-1
309,42,477.5,81.0,45.25,45.5,1,1,-1,-1
310,42,477.75,82.5,45.0,45.25,1,1,-1,-1
311,42,477.75,83.0,45.0,45.25,1,1,-1,-1
312,42,477.75,82.0,45.0,45.5,1,1,-1,-1
313,42,477.5,84.0,45.0,45.0,1,1,-1,-1
314,42,477.75,83.5,45.0,45.0,1,1,-1,-1
315,42,479.0,83.25,45.0,44.75,1,1,-1,-1
316,42,478.5,86.5,45.0,45.0,1,1,-1,-1
317,42,478.5,86.5,45.0,45.0,1,1,-1,-1
318,42,478.0,81.5,45.25,45.25,1,1,-1,-1
319,42,478.75,82.0,45.0,45.25,1,1,-1,-1
320,42,479.75,82.25,45.0,45.5,1,1,-1,-1
321,42,480.0,82.5,45.0,45.25,1,1,-1,-1
322,42,480.0,82.75,45.0,45.5,1,1,-1,-1
323,42,479.75,82.25,45.25,45.5,1,1,-1,-1
324,42,479.5,82.25,45.25,45.5,1,1,-1,-1
325,42,479.5,81.75,45.25,45.75,1,1,-1,-1
326,42,479.25,82.0,45.25,45.5,1,1,-1,-1
327,42,479.0,82.25,45.0,45.5,1,1,-1,-1
328,42,478.75,82.25,45.25,45.5,1,1,-1,-1
329,42,479.0,82.75,45.0,45.5,1,1,-1,-1
330,42,478.75,82.75,45.0,46.0,1,1,-1,-1
331,42,478.75,82.75,45.25,45.75,1,1,-1,-1
332,42,475.75,76.75,45.5,45.25,1,1,-1,-1
333,42,478.0,82.0,45.25,45.75,1,1,-1,-1
334,42,474.25,75.75,45.25,45.5,1,1,-1,-1
335,42,479.0,83.0,44.75,45.25,1,1,-1,-1
336,42,478.25,82.5,45.0,45.5,1,1,-1,-1
337,42,478.75,82.5,45.0,45.5,1,1,-1,-1
338,42,478.25,83.0,45.0,45.25,1,1,-1,-1
339,42,478.25,83.5,45.0,45.5,1,1,-1,-1
340,42,478.0,83.25,45.0,45.5,1,1,-1,-1
341,42,478.0,83.25,45.0,45.5,1,1,-1,-1
342,42,478.0,82.75,45.0,45.5,1,1,-1,-1
343,42,478.0,82.75,45.0,45.5,1,1,-1,-1
344,42,478.25,82.75,45.25,45.5,1,1,-1,-1
345,42,478.5,82.75,45.0,45.25,1,1,-1,-1
346,42,477.75,81.75,45.0,45.5,1,1,-1,-1
347,42,479.25,82.5,44.75,45.25,1,1,-1,-1
348,42,478.5,83.0,44.75,45.0,1,1,-1,-1
349,42,478.25,82.0,45.25,45.5,1,1,-1,-1
350,42,478.75,82.5,45.0,45.25,1,1,-1,-1
351,42,478.5,82.5,45.25,45.5,1,1,-1,-1
352,42,479.0,82.5,45.0,45.5,1,1,-1,-1
353,42,478.75,82.75,45.25,45.5,1,1,-1,-1
354,42,478.75,82.5,45.0,45.5,1,1,-1,-1
355,42,478.75,82.75,45.0,45.5,1,1,-1,-1
356,42,479.25,83.0,44.75,45.25,1,1,-1,-1
357,42,479.25,83.0,45.0,45.25,1,1,-1,-1
358,42,479.25,82.75,45.0,45.5,1,1,-1,-1
359,42,479.5,83.0,45.0,45.5,1,1,-1,-1
360,42,479.5,82.75,45.0,45.5,1,1,-1,-1
361,42,479.25,83.0,45.0,45.5,1,1,-1,-1
362,42,479.25,83.0,45.0,45.5,1,1,-1,-1
363,42,479.0,83.0,45.0,45.5,1,1,-1,-1
364,42,478.75,82.75,45.0,45.5,1,1,-1,-1
365,42,474.75,77.25,45.0,45.25,1,1,-1,-1
366,42,477.5,82.0,44.75,45.25,1,1,-1,-1
367,42,478.5,83.25,45.0,45.25,1,1,-1,-1
368,42,477.25,83.0,45.0,45.25,1,1,-1,-1
369,42,478.0,82.75,45.0,45.25,1,1,-1,-1
370,42,477.5,83.25,45.0,45.25,1,1,-1,-1
371,42,477.25,82.75,45.0,45.5,1,1,-1,-1
372,42,477.25,82.75,45.0,45.25,1,1,-1,-1
373,42,477.25,82.75,45.0,45.5,1,1,-1,-1
374,42,477.25,83.0,45.0,45.25,1,1,-1,-1
375,42,477.0,83.25,45.0,45.25,1,1,-1,-1
376,42,477.5,82.5,45.0,45.25,1,1,-1,-1
377,42,477.75,82.75,44.75,45.25,1,1,-1,-1
378,42,478.0,83.5,44.75,45.25,1,1,-1,-1
379,42,477.25,83.25,45.0,45.25,1,1,-1,-1
380,42,477.0,83.5,45.25,45.5,1,1,-1,-1
381,42,477.0,83.0,44.75,45.25,1,1,-1,-1
382,42,476.25,82.5,45.0,45.25,1,1,-1,-1
383,42,476.75,83.25,45.0,45.5,1,1,-1,-1
384,42,476.5,84.0,45.0,45.25,1,1,-1,-1
385,42,475.0,84.5,45.0,45.25,1,1,-1,-1
386,42,476.0,87.5,45.0,45.25,1,1,-1,-1
387,42,474.75,88.5,45.0,45.25,1,1,-1,-1
388,42,474.25,88.25,45.0,45.25,1,1,-1,-1
389,42,474.5,89.25,44.75,45.0,1,1,-1,-1
390,42,474.25,88.5,44.75,45.0,1,1,-1,-1
391,42,475.5,90.0,44.75,45.25,1,1,-1,-1
392,42,475.0,90.25,44.75,45.0,1,1,-1,-1
393,42,475.0,90.0,44.75,45.25,1,1,-1,-1
394,42,475.25,90.25,44.75,45.25,1,1,-1,-1
395,42,475.25,90.75,44.75,45.25,1,1,-1,-1
396,42,474.5,90.5,45.0,45.25,1,1,-1,-1
397,42,475.0,90.75,44.75,45.0,1,1,-1,-1
398,42,475.25,91.25,44.75,45.25,1,1,-1,-1
399,42,473.75,91.0,44.75,45.0,1,1,-1,-1
400,42,473.5,90.75,44.75,45.0,1,1,-1,-1
401,42,473.25,91.0,44.75,45.25,1,1,-1,-1
402,42,474.25,91.75,45.0,45.25,1,1,-1,-1
403,42,474.75,93.0,44.75,45.0,1,1,-1,-1
404,42,474.75,93.75,44.75,45.0,1,1,-1,-1
405,42,475.5,93.25,45.0,45.0,1,1,-1,-1
406,42,476.0,92.75,44.75,45.25,1,1,-1,-1
407,42,475.25,92.5,45.0,45.0,1,1,-1,-1
408,42,475.25,92.0,44.75,45.0,1,1,-1,-1
409,42,475.0,91.75,44.75,45.25,1,1,-1,-1
410,42,475.25,91.75,44.75,45.0,1,1,-1,-1
411,42,475.25,92.0,44.75,45.0,1,1,-1,-1
412,42,475.25,92.0,44.75,45.0,1,1,-1,-1
413,42,476.5,92.0,44.75,45.0,1,1,-1,-1
414,42,476.75,91.0,44.75,45.0,1,1,-1,-1
415,42,476.75,89.75,45.0,45.25,1,1,-1,-1
416,42,478.5,90.0,44.75,45.25,1,1,-1,-1
417,42,479.0,89.0,45.0,45.25,1,1,-1,-1
418,42,479.75,87.75,45.25,46.25,1,1,-1,-1
419,42,480.0,86.75,45.5,47.0,1,1,-1,-1
420,42,479.75,85.5,45.0,45.5,1,1,-1,-1
421,42,478.5,84.5,45.0,45.5,1,1,-1,-1
422,42,478.5,83.5,45.25,45.5,1,1,-1,-1
423,42,478.25,83.5,45.0,45.5,1,1,-1,-1
424,42,477.75,84.0,45.25,45.75,1,1,-1,-1
425,42,477.5,83.0,45.25,46.25,1,1,-1,-1
426,42,477.75,81.5,45.75,46.5,1,1,-1,-1
427,42,477.5,82.0,45.5,45.75,1,1,-1,-1
428,42,478.75,81.5,45.25,45.5,1,1,-1,-1
429,42,479.75,81.0,45.25,45.25,1,1,-1,-1
430,42,480.25,81.25,45.25,45.5,1,1,-1,-1
431,42,480.25,81.75,45.25,45.5,1,1,-1,-1
432,42,480.5,81.0,45.25,45.5,1,1,-1,-1
433,42,481.75,79.25,45.25,45.5,1,1,-1,-1
434,42,482.0,79.0,45.25,45.5,1,1,-1,-1
435,42,480.25,79.75,45.0,45.25,1,1,-1,-1
436,42,479.0,79.0,45.0,45.5,1,1,-1,-1
437,42,478.75,78.75,45.25,45.5,1,1,-1,-1
438,42,477.75,78.75,45.25,45.5,1,1,-1,-1
439,42,476.0,80.0,45.0,45.25,1,1,-1,-1
440,42,474.0,77.0,45.25,45.5,1,1,-1,-1
441,42,473.75,80.5,45.25,45.5,1,1,-1,-1
442,42,473.0,82.25,45.25,45.5,1,1,-1,-1
443,42,473.25,83.25,45.0,45.25,1,1,-1,-1
444,42,473.5,82.75,45.0,45.75,1,1,-1,-1
445,42,468.5,84.0,45.0,45.5,1,1,-1,-1
446,42,469.0,84.5,45.0,45.25,1,1,-1,-1
447,42,469.25,83.5,45.25,46.0,1,1,-1,-1
448,42,469.25,84.0,45.0,45.25,1,1,-1,-1
449,42,469.0,83.5,45.0,46.0,1,1,-1,-1
450,42,469.5,83.75,45.25,46.5,1,1,-1,-1
451,42,468.75,84.5,45.0,45.5,1,1,-1,-1
452,42,468.75,84.75,45.0,45.5,1,1,-1,-1
453,42,468.5,85.5,45.0,45.5,1,1,-1,-1
454,42,467.5,87.75,44.75,45.25,1,1,-1,-1
455,42,467.5,87.5,45.0,45.25,1,1,-1,-1
456,42,466.25,87.0,45.0,45.5,1,1,-1,-1
457,42,464.75,86.0,45.0,45.25,1,1,-1,-1
458,42,464.0,85.25,45.25,45.5,1,1,-1,-1
459,42,463.75,85.25,45.25,45.5,1,1,-1,-1
460,42,462.0,86.75,45.25,45.5,1,1,-1,-1
461,42,460.0,87.5,45.25,46.0,1,1,-1,-1
462,42,458.25,90.0,45.0,45.75,1,1,-1,-1
463,42,453.0,86.0,45.0,45.5,1,1,-1,-1
464,42,453.75,88.25,44.75,45.25,1,1,-1,-1
465,42,453.5,87.0,44.75,45.25,1,1,-1,-1
466,42,451.0,84.25,45.0,45.5,1,1,-1,-1
467,42,449.25,79.0,45.0,45.5,1,1,-1,-1
468,42,448.5,78.5,45.25,45.5,1,1,-1,-1
469,42,448.0,78.25,45.0,45.5,1,1,-1,-1
470,42,446.25,77.0,45.25,45.75,1,1,-1,-1
471,42,443.5,75.5,45.0,45.75,1,1,-1,-1
472,42,442.5,76.25,45.0,45.25,1,1,-1,-1
473,42,442.75,77.0,44.75,45.5,1,1,-1,-1
474,42,444.25,74.75,45.0,45.5,1,1,-1,-1
475,42,444.25,75.5,45.25,45.5,1,1,-1,-1
476,42,444.25,77.75,45.0,45.25,1,1,-1,-1
477,42,444.75,77.5,45.0,45.5,1,1,-1,-1
478,42,445.75,77.0,45.0,45.5,1,1,-1,-1
479,42,446.75,77.5,45.0,45.5,1,1,-1,-1
480,42,446.5,77.75,44.75,45.5,1,1,-1,-1
481,42,447.25,77.25,45.0,45.5,1,1,-1,-1
482,42,447.0,77.75,45.0,45.5,1,1,-1,-1
483,42,446.0,79.0,45.0,45.25,1,1,-1,-1
484,42,445.0,83.0,45.0,45.0,1,1,-1,-1
485,42,445.0,84.75,45.0,45.0,1,1,-1,-1
486,42,445.0,85.25,45.0,45.0,1,1,-1,-1
487,42,443.5,86.25,45.0,45.0,1,1,-1,-1
488,42,441.75,88.0,45.0,45.0,1,1,-1,-1
489,42,441.5,88.75,45.0,45.25,1,1,-1,-1
490,42,441.5,89.25,45.0,45.5,1,1,-1,-1
491,42,440.25,90.25,45.0,45.0,1,1,-1,-1
492,42,436.5,91.75,45.0,45.0,1,1,-1,-1
493,42,435.117,92.39,45.0,45.0,1,1,-1,-1
494,42,434.75,88.75,45.0,45.0,1,1,-1,-1
495,42,436.0,88.25,45.25,45.5,1,1,-1,-1
496,42,435.25,88.25,45.0,45.25,1,1,-1,-1
497,42,433.5,87.0,45.25,45.25,1,1,-1,-1
498,42,431.25,85.25,45.0,45.25,1,1,-1,-1
499,42,430.5,83.5,45.25,45.25,1,1,-1,-1
500,42,429.0,81.75,45.0,45.25,1,1,-1,-1
1,43,514.25,283.75,45.0,45.25,1,1,-1,-1
2,43,514.0,283.75,45.0,45.25,1,1,-1,-1
3,43,512.5,282.75,45.25,45.25,1,1,-1,-1
4,43,513.25,282.25,45.0,45.25,1,1,-1,-1
5,43,512.75,282.25,45.0,45.25,1,1,-1,-1
6,43,512.5,282.0,45.25,45.25,1,1,-1,-1
7,43,512.0,281.75,45.25,45.25,1,1,-1,-1
8,43,512.0,281.75,45.25,45.0,1,1,-1,-1
9,43,512.25,281.75,45.0,45.25,1,1,-1,-1
10,43,512.0,281.75,45.25,45.25,1,1,-1,-1
11,43,512.0,282.25,45.25,45.0,1,1,-1,-1
12,43,511.75,282.25,45.25,45.0,1,1,-1,-1
13,43,512.0,282.5,45.25,45.25,1,1,-1,-1
14,43,512.0,282.5,45.25,45.0,1,1,-1,-1
15,43,511.5,282.75,45.25,45.0,1,1,-1,-1
16,43,510.75,282.5,45.25,45.0,1,1,-1,-1
17,43,511.5,282.5,45.5,45.25,1,1,-1,-1
18,43,512.0,282.5,45.25,45.0,1,1,-1,-1
19,43,512.75,283.5,45.25,45.25,1,1,-1,-1
20,43,513.25,284.5,45.25,45.25,1,1,-1,-1
21,43,513.25,287.0,45.25,45.25,1,1,-1,-1
22,43,513.75,291.75,45.25,45.25,1,1,-1,-1
23,43,513.75,294.75,45.25,45.0,1,1,-1,-1
24,43,513.5,296.0,45.25,45.0,1,1,-1,-1
25,43,513.0,299.0,45.25,45.25,1,1,-1,-1
26,43,512.25,299.75,45.25,45.25,1,1,-1,-1
27,43,511.75,302.25,45.5,45.0,1,1,-1,-1
28,43,511.0,304.0,45.25,45.0,1,1,-1,-1
29,43,511.0,305.25,45.25,45.0,1,1,-1,-1
30,43,512.0,307.25,45.25,45.0,1,1,-1,-1
31,43,510.5,310.0,45.25,44.75,1,1,-1,-1
32,43,510.25,312.5,45.0,45.0,1,1,-1,-1
33,43,509.0,315.5,45.25,45.0,1,1,-1,-1
34,43,508.486,318.061,45.25,45.0,1,1,-1,-1
35,43,507.75,320.5,45.25,45.0,1,1,-1,-1
36,43,508.5,322.5,45.0,45.0,1,1,-1,-1
37,43,508.024,325.062,45.0,45.0,1,1,-1,-1
38,43,509.5,326.25,45.0,45.0,1,1,-1,-1
39,43,509.0,330.75,45.0,45.0,1,1,-1,-1
40,43,509.5,332.0,45.0,45.0,1,1,-1,-1
41,43,509.5,333.25,45.25,45.0,1,1,-1,-1
42,43,509.0,335.5,45.0,45.25,1,1,-1,-1
43,43,508.0,339.75,45.0,45.0,1,1,-1,-1
44,43,505.75,346.75,45.0,45.0,1,1,-1,-1
45,43,503.5,351.0,45.25,45.25,1,1,-1,-1
46,43,501.0,358.0,45.0,45.0,1,1,-1,-1
47,43,499.0,363.75,45.0,45.25,1,1,-1,-1
48,43,497.75,370.75,44.75,45.0,1,1,-1,-1
49,43,496.0,377.25,45.0,45.25,1,1,-1,-1
50,43,494.25,382.5,45.25,45.25,1,1,-1,-1
51,43,493.0,388.25,45.0,45.25,1,1,-1,-1
52,43,490.5,395.75,44.75,45.75,1,1,-1,-1
53,43,490.25,398.0,45.0,45.5,1,1,-1,-1
54,43,489.75,400.0,45.0,45.5,1,1,-1,-1
55,43,488.75,401.5,45.0,45.25,1,1,-1,-1
56,43,486.25,404.0,45.25,45.5,1,1,-1,-1
57,43,486.5,406.25,45.0,45.5,1,1,-1,-1
58,43,484.0,407.25,45.0,45.0,1,1,-1,-1
59,43,482.0,407.25,45.25,45.0,1,1,-1,-1
60,43,479.0,408.0,45.25,45.25,1,1,-1,-1
61,43,478.5,408.5,45.0,45.25,1,1,-1,-1
62,43,477.25,409.0,45.0,45.0,1,1,-1,-1
63,43,476.0,409.0,45.0,45.0,1,1,-1,-1
64,43,477.5,408.25,45.25,45.0,1,1,-1,-1
65,43,476.5,408.5,45.25,45.25,1,1,-1,-1
66,43,474.5,407.75,45.25,45.25,1,1,-1,-1
67,43,473.75,408.5,45.25,45.0,1,1,-1,-1
68,43,472.0,410.25,45.25,45.0,1,1,-1,-1
69,43,470.5,410.25,45.0,44.75,1,1,-1,-1
70,43,469.75,409.0,45.0,44.75,1,1,-1,-1
71,43,471.0,409.5,45.0,44.75,1,1,-1,-1
72,43,469.75,407.75,45.0,44.75,1,1,-1,-1
73,43,469.75,406.25,45.0,45.0,1,1,-1,-1
74,43,468.5,404.75,44.75,45.0,1,1,-1,-1
75,43,467.0,403.75,45.0,45.0,1,1,-1,-1
76,43,465.5,403.0,44.75,45.0,1,1,-1,-1
77,43,463.25,402.0,45.0,45.25,1,1,-1,-1
78,43,460.5,401.25,45.0,45.25,1,1,-1,-1
79,43,459.5,401.5,45.0,45.0,1,1,-1,-1
80,43,456.0,402.0,45.0,45.0,1,1,-1,-1
81,43,451.75,401.0,45.0,45.5,1,1,-1,-1
82,43,448.75,402.25,45.0,45.25,1,1,-1,-1
83,43,445.5,403.0,45.0,45.0,1,1,-1,-1
84,43,442.0,404.0,45.0,45.0,1,1,-1,-1
85,43,438.25,405.75,45.0,45.25,1,1,-1,-1
86,43,435.25,408.5,45.0,45.0,1,1,-1,-1
87,43,431.0,409.5,45.0,45.25,1,1,-1,-1
88,43,426.25,412.25,45.25,45.25,1,1,-1,-1
89,43,424.0,414.75,45.25,45.25,1,1,-1,-1
90,43,422.75,416.0,45.25,45.0,1,1,-1,-1
91,43,419.5,417.0,45.25,45.25,1,1,-1,-1
92,43,420.5,418.75,45.5,45.25,1,1,-1,-1
93,43,419.5,419.0,45.25,45.25,1,1,-1,-1
94,43,418.5,419.25,45.25,45.25,1,1,-1,-1
95,43,410.75,418.75,45.25,44.75,1,1,-1,-1
96,43,418.75,419.0,45.25,45.25,1,1,-1,-1
97,43,418.074,421.021,45.25,45.25,1,1,-1,-1
98,43,416.25,419.75,45.25,45.0,1,1,-1,-1
99,43,418.0,419.75,45.5,45.0,1,1,-1,-1
100,43,418.358,420.097,45.5,45.0,1,1,-1,-1
101,43,418.25,419.75,45.25,45.25,1,1,-1,-1
102,43,422.75,419.0,45.25,45.0,1,1,-1,-1
103,43,421.75,419.0,45.25,45.25,1,1,-1,-1
104,43,421.25,419.0,45.25,45.25,1,1,-1,-1
105,43,422.25,418.5,45.25,45.0,1,1,-1,-1
106,43,422.0,418.25,45.0,45.25,1,1,-1,-1
107,43,422.75,417.5,45.25,45.25,1,1,-1,-1
108,43,422.0,418.25,45.25,45.25,1,1,-1,-1
109,43,420.0,418.5,45.25,45.25,1,1,-1,-1
110,43,420.25,418.75,45.25,45.25,1,1,-1,-1
111,43,418.75,419.5,45.25,45.25,1,1,-1,-1
112,43,420.25,419.75,45.25,45.25,1,1,-1,-1
113,43,422.75,420.5,45.5,45.25,1,1,-1,-1
114,43,421.5,421.0,45.25,45.5,1,1,-1,-1
115,43,423.0,421.0,45.5,45.25,1,1,-1,-1
116,43,423.528,421.381,45.5,45.25,1,1,-1,-1
117,43,417.75,421.25,45.5,45.25,1,1,-1,-1
118,43,421.75,421.5,45.25,45.25,1,1,-1,-1
119,43,423.25,421.5,45.5,45.25,1,1,-1,-1
120,43,422.25,420.75,45.25,45.25,1,1,-1,-1
121,43,422.5,419.0,45.25,45.25,1,1,-1,-1
122,43,421.25,419.5,45.5,45.25,1,1,-1,-1
123,43,422.25,419.0,45.25,45.25,1,1,-1,-1
124,43,422.0,418.5,45.25,45.25,1,1,-1,-1
125,43,422.5,418.5,45.25,45.25,1,1,-1,-1
126,43,422.0,419.25,45.25,45.25,1,1,-1,-1
127,43,422.25,418.75,45.5,45.25,1,1,-1,-1
128,43,422.5,419.25,45.5,45.25,1,1,-1,-1
129,43,423.0,419.0,45.5,45.0,1,1,-1,-1
130,43,422.25,418.75,45.5,45.25,1,1,-1,-1
131,43,422.25,419.0,45.25,45.25,1,1,-1,-1
132,43,422.5,419.0,45.25,45.25,1,1,-1,-1
133,43,422.75,418.5,45.25,45.5,1,1,-1,-1
134,43,423.75,418.25,45.75,45.25,1,1,-1,-1
135,43,424.0,418.75,45.75,45.25,1,1,-1,-1
136,43,422.75,418.0,45.25,45.25,1,1,-1,-1
137,43,421.25,418.0,45.75,45.25,1,1,-1,-1
138,43,420.25,418.5,45.75,45.25,1,1,-1,-1
139,43,421.75,419.0,45.75,45.0,1,1,-1,-1
140,43,421.25,418.75,45.75,45.25,1,1,-1,-1
141,43,420.5,419.0,45.75,45.25,1,1,-1,-1
142,43,422.75,418.75,45.75,45.25,1,1,-1,-1
143,43,423.75,419.25,45.75,45.0,1,1,-1,-1
144,43,424.5,418.25,45.75,45.25,1,1,-1,-1
145,43,426.25,418.25,45.5,45.25,1,1,-1,-1
146,43,425.25,418.25,45.5,45.0,1,1,-1,-1
147,43,425.5,418.25,45.75,45.25,1,1,-1,-1
148,43,425.25,418.25,45.75,45.25,1,1,-1,-1
149,43,424.75,419.0,45.75,45.25,1,1,-1,-1
150,43,426.25,418.5,45.75,45.25,1,1,-1,-1
151,43,426.25,418.0,45.5,45.25,1,1,-1,-1
152,43,426.0,418.25,45.5,45.5,1,1,-1,-1
153,43,425.5,418.25,45.75,45.25,1,1,-1,-1
154,43,425.5,418.5,45.75,45.25,1,1,-1,-1
155,43,426.0,418.0,45.75,45.5,1,1,-1,-1
156,43,426.5,418.25,45.75,45.5,1,1,-1,-1
157,43,428.25,419.5,45.5,45.5,1,1,-1,-1
158,43,428.25,420.0,45.75,45.25,1,1,-1,-1
159,43,427.0,423.5,45.5,45.5,1,1,-1,-1
160,43,426.75,423.75,45.75,45.75,1,1,-1,-1
161,43,431.0,427.25,45.5,45.25,1,1,-1,-1
162,43,427.25,430.75,45.5,45.5,1,1,-1,-1
163,43,427.25,432.5,45.25,45.5,1,1,-1,-1
164,43,424.75,435.25,45.25,45.5,1,1,-1,-1
165,43,422.75,440.5,45.25,45.25,1,1,-1,-1
166,43,421.0,443.5,45.0,45.5,1,1,-1,-1
167,43,416.5,446.0,45.0,45.25,1,1,-1,-1
168,43,415.0,446.5,45.0,45.25,1,1,-1,-1
169,43,413.0,447.25,45.25,45.0,1,1,-1,-1
170,43,410.0,447.0,45.25,45.0,1,1,-1,-1
171,43,408.25,445.5,45.0,45.0,1,1,-1,-1
172,43,404.75,443.75,45.0,45.25,1,1,-1,-1
173,43,399.75,442.5,44.75,45.0,1,1,-1,-1
174,43,393.75,441.0,44.75,45.25,1,1,-1,-1
175,43,387.75,441.75,45.0,45.0,1,1,-1,-1
176,43,381.5,442.5,45.0,45.5,1,1,-1,-1
177,43,374.5,442.75,45.0,45.0,1,1,-1,-1
178,43,365.0,443.75,45.0,45.25,1,1,-1,-1
179,43,364.25,443.25,45.25,45.25,1,1,-1,-1
180,43,363.5,441.75,45.25,45.25,1,1,-1,-1
181,43,360.0,440.75,45.25,45.75,1,1,-1,-1
182,43,358.5,440.25,45.5,45.5,1,1,-1,-1
183,43,357.75,439.25,45.5,45.5,1,1,-1,-1
184,43,354.25,436.25,45.75,45.5,1,1,-1,-1
185,43,353.5,434.5,45.75,45.5,1,1,-1,-1
186,43,352.25,431.5,45.75,45.5,1,1,-1,-1
187,43,350.5,430.25,45.75,45.5,1,1,-1,-1
188,43,350.5,429.0,46.0,46.0,1,1,-1,-1
189,43,346.75,425.0,45.75,46.0,1,1,-1,-1
190,43,346.25,424.75,45.75,45.75,1,1,-1,-1
191,43,347.75,423.25,45.75,45.75,1,1,-1,-1
192,43,348.75,423.75,46.0,46.0,1,1,-1,-1
193,43,346.0,421.5,45.75,45.75,1,1,-1,-1
194,43,344.5,424.75,45.5,45.75,1,1,-1,-1
195,43,344.0,425.25,45.5,45.5,1,1,-1,-1
196,43,341.25,425.25,45.25,45.5,1,1,-1,-1
197,43,337.25,425.0,45.5,45.5,1,1,-1,-1
198,43,331.75,423.25,45.25,45.5,1,1,-1,-1
199,43,325.0,423.0,45.5,45.5,1,1,-1,-1
200,43,319.0,423.5,45.75,45.5,1,1,-1,-1
201,43,311.75,421.75,45.5,45.75,1,1,-1,-1
202,43,307.5,420.0,45.5,47.0,1,1,-1,-1
203,43,302.25,418.75,45.5,46.25,1,1,-1,-1
204,43,300.5,417.0,45.25,45.5,1,1,-1,-1
205,43,295.5,413.0,45.25,46.25,1,1,-1,-1
206,43,292.25,410.0,45.25,46.75,1,1,-1,-1
207,43,287.5,405.25,45.25,46.5,1,1,-1,-1
208,43,282.5,403.0,45.25,45.75,1,1,-1,-1
209,43,279.25,400.25,45.25,46.25,1,1,-1,-1
210,43,278.75,397.5,45.5,48.25,1,1,-1,-1
211,43,278.0,396.25,45.0,46.5,1,1,-1,-1
212,43,277.25,394.5,44.75,45.5,1,1,-1,-1
213,43,275.5,393.5,45.0,47.0,1,1,-1,-1
214,43,273.25,392.75,45.0,46.0,1,1,-1,-1
215,43,273.0,392.25,44.75,45.75,1,1,-1,-1
216,43,273.0,392.25,45.0,46.25,1,1,-1,-1
217,43,273.0,392.5,45.0,46.25,1,1,-1,-1
218,43,272.5,392.75,45.0,46.5,1,1,-1,-1
219,43,271.5,391.75,45.25,47.25,1,1,-1,-1
220,43,270.5,391.25,45.0,47.25,1,1,-1,-1
221,43,270.75,390.75,44.75,46.5,1,1,-1,-1
222,43,270.25,390.5,44.75,46.25,1,1,-1,-1
223,43,269.0,389.25,45.25,47.5,1,1,-1,-1
224,43,269.0,388.5,45.0,47.25,1,1,-1,-1
225,43,269.0,388.0,45.0,46.75,1,1,-1,-1
226,43,268.75,387.5,45.0,46.25,1,1,-1,-1
227,43,269.0,386.75,45.0,45.75,1,1,-1,-1
228,43,267.5,384.75,45.0,45.75,1,1,-1,-1
229,43,265.0,381.5,45.0,46.0,1,1,-1,-1
230,43,264.0,380.25,45.0,45.5,1,1,-1,-1
231,43,263.25,378.0,45.0,45.25,1,1,-1,-1
232,43,261.75,375.0,44.75,45.5,1,1,-1,-1
233,43,259.5,372.75,44.75,45.5,1,1,-1,-1
234,43,257.25,371.5,45.0,45.25,1,1,-1,-1
235,43,255.25,369.5,45.0,45.5,1,1,-1,-1
236,43,252.5,367.5,45.0,45.5,1,1,-1,-1
237,43,251.75,366.5,45.25,45.5,1,1,-1,-1
238,43,249.75,365.0,45.0,45.75,1,1,-1,-1
239,43,248.25,364.25,45.25,45.5,1,1,-1,-1
240,43,248.25,362.75,45.0,45.5,1,1,-1,-1
241,43,247.75,360.75,45.25,45.75,1,1,-1,-1
242,43,246.25,358.75,45.25,45.5,1,1,-1,-1
243,43,245.0,356.75,45.25,45.5,1,1,-1,-1
244,43,244.25,354.5,45.0,45.5,1,1,-1,-1
245,43,241.25,350.0,45.25,45.25,1,1,-1,-1
246,43,239.5,347.0,45.0,46.0,1,1,-1,-1
247,43,238.0,345.25,45.0,45.5,1,1,-1,-1
248,43,238.0,342.25,45.25,46.0,1,1,-1,-1
249,43,237.5,340.0,45.0,46.0,1,1,-1,-1
250,43,238.75,340.0,45.0,45.5,1,1,-1,-1
251,43,239.5,337.0,45.0,45.5,1,1,-1,-1
252,43,239.25,333.75,45.25,46.25,1,1,-1,-1
253,43,240.75,332.5,45.25,45.75,1,1,-1,-1
254,43,241.491,330.618,45.25,45.75,1,1,-1,-1
255,43,235.75,328.0,45.25,45.5,1,1,-1,-1
256,43,239.5,331.0,45.25,45.5,1,1,-1,-1
257,43,238.5,329.75,45.25,46.0,1,1,-1,-1
258,43,238.75,330.0,45.0,45.75,1,1,-1,-1
259,43,237.5,329.0,45.5,45.5,1,1,-1,-1
260,43,239.0,331.25,45.25,45.5,1,1,-1,-1
261,43,239.25,331.5,45.0,45.5,1,1,-1,-1
262,43,238.5,331.75,45.25,45.5,1,1,-1,-1
263,43,238.5,333.0,45.0,45.5,1,1,-1,-1
264,43,237.75,332.75,45.0,45.5,1,1,-1,-1
265,43,239.5,336.5,45.0,45.0,1,1,-1,-1
266,43,236.25,334.5,45.0,45.75,1,1,-1,-1
267,43,235.25,335.5,45.0,45.5,1,1,-1,-1
268,43,235.0,335.5,45.0,46.5,1,1,-1,-1
269,43,234.25,335.25,45.0,46.5,1,1,-1,-1
270,43,233.0,334.75,45.0,46.25,1,1,-1,-1
271,43,233.25,334.25,45.0,46.25,1,1,-1,-1
272,43,231.0,334.25,44.75,45.5,1,1,-1,-1
273,43,230.25,333.25,44.75,45.5,1,1,-1,-1
274,43,230.0,332.75,44.75,45.5,1,1,-1,-1
275,43,229.5,332.5,45.0,45.5,1,1,-1,-1
276,43,230.25,332.0,44.75,45.5,1,1,-1,-1
277,43,230.25,331.5,44.75,45.25,1,1,-1,-1
278,43,229.75,330.5,45.0,45.5,1,1,-1,-1
279,43,230.25,329.5,44.75,45.25,1,1,-1,-1
280,43,229.25,328.5,45.0,45.5,1,1,-1,-1
281,43,228.5,327.0,45.0,45.5,1,1,-1,-1
282,43,228.75,325.75,45.0,45.5,1,1,-1,-1
283,43,228.75,324.25,45.0,45.5,1,1,-1,-1
284,43,228.75,322.0,45.25,45.75,1,1,-1,-1
285,43,228.5,320.5,45.25,46.5,1,1,-1,-1
286,43,228.75,318.25,45.25,46.25,1,1,-1,-1
287,43,228.75,318.0,45.25,45.75,1,1,-1,-1
288,43,229.25,315.75,45.25,46.75,1,1,-1,-1
289,43,230.25,315.25,45.0,45.5,1,1,-1,-1
290,43,230.0,312.5,45.25,45.25,1,1,-1,-1
291,43,229.5,311.25,45.25,45.5,1,1,-1,-1
292,43,229.5,310.0,45.0,45.5,1,1,-1,-1
293,43,231.5,312.0,44.75,45.25,1,1,-1,-1
294,43,231.0,309.25,45.0,45.5,1,1,-1,-1
295,43,229.25,305.75,44.75,45.25,1,1,-1,-1
296,43,228.75,304.25,45.0,45.25,1,1,-1,-1
297,43,228.0,302.25,45.0,45.0,1,1,-1,-1
298,43,227.25,299.75,45.0,45.25,1,1,-1,-1
299,43,226.75,297.0,44.75,45.25,1,1,-1,-1
300,43,226.25,294.25,44.75,45.0,1,1,-1,-1
301,43,226.75,290.75,45.0,45.25,1,1,-1,-1
302,43,225.5,287.0,44.75,45.5,1,1,-1,-1
303,43,224.982,283.424,44.75,45.5,1,1,-1,-1
304,43,225.75,285.75,45.0,45.25,1,1,-1,-1
305,43,226.25,285.0,45.25,45.5,1,1,-1,-1
306,43,226.0,283.0,45.0,45.25,1,1,-1,-1
307,43,224.75,282.0,45.0,45.25,1,1,-1,-1
308,43,225.5,282.5,45.0,45.5,1,1,-1,-1
309,43,225.0,282.5,45.25,45.25,1,1,-1,-1
310,43,225.0,281.0,45.0,45.5,1,1,-1,-1
311,43,226.0,280.25,44.75,45.25,1,1,-1,-1
312,43,226.75,279.25,44.75,45.25,1,1,-1,-1
313,43,227.0,277.5,45.0,45.5,1,1,-1,-1
314,43,227.0,277.25,45.0,45.25,1,1,-1,-1
315,43,228.0,277.75,45.0,45.25,1,1,-1,-1
316,43,228.0,277.75,45.0,45.25,1,1,-1,-1
317,43,228.5,277.5,44.75,45.25,1,1,-1,-1
318,43,228.858,277.39,44.75,45.25,1,1,-1,-1
319,43,230.5,276.5,45.0,45.0,1,1,-1,-1
320,43,230.5,276.5,45.0,45.0,1,1,-1,-1
321,43,230.5,276.5,45.0,45.0,1,1,-1,-1
322,43,230.0,274.0,44.75,45.25,1,1,-1,-1
323,43,230.25,274.0,45.0,45.5,1,1,-1,-1
324,43,230.0,274.0,44.75,45.5,1,1,-1,-1
325,43,229.25,273.75,45.0,46.75,1,1,-1,-1
326,43,230.25,275.0,45.25,46.75,1,1,-1,-1
327,43,229.75,274.75,45.75,47.5,1,1,-1,-1
328,43,224.5,276.0,45.75,47.75,1,1,-1,-1
329,43,231.5,274.5,45.0,45.0,1,1,-1,-1
330,43,229.75,269.0,45.0,46.0,1,1,-1,-1
331,43,230.5,266.75,45.25,46.0,1,1,-1,-1
332,43,230.25,266.0,45.25,46.5,1,1,-1,-1
333,43,228.25,264.75,45.0,45.5,1,1,-1,-1
334,43,228.0,261.5,44.75,45.25,1,1,-1,-1
335,43,226.75,257.5,44.75,45.0,1,1,-1,-1
336,43,226.0,254.25,44.75,45.25,1,1,-1,-1
337,43,226.0,252.25,44.75,45.25,1,1,-1,-1
338,43,222.25,251.0,45.25,45.5,1,1,-1,-1
339,43,220.75,247.0,45.5,45.5,1,1,-1,-1
340,43,219.0,241.5,45.25,45.5,1,1,-1,-1
341,43,217.0,237.25,45.25,45.5,1,1,-1,-1
342,43,212.75,233.5,45.25,45.5,1,1,-1,-1
343,43,209.75,232.0,45.5,45.25,1,1,-1,-1
344,43,208.25,231.25,45.0,45.25,1,1,-1,-1
345,43,206.0,230.25,45.0,45.5,1,1,-1,-1
346,43,204.25,229.75,45.5,45.75,1,1,-1,-1
347,43,204.25,229.75,45.25,45.5,1,1,-1,-1
348,43,204.0,229.5,45.25,45.5,1,1,-1,-1
349,43,203.5,228.75,45.5,45.5,1,1,-1,-1
350,43,203.0,227.75,45.25,45.5,1,1,-1,-1
351,43,203.5,225.5,45.25,45.5,1,1,-1,-1
352,43,205.5,225.25,45.25,45.5,1,1,-1,-1
353,43,206.25,221.75,45.25,45.5,1,1,-1,-1
354,43,206.25,219.0,45.5,45.5,1,1,-1,-1
355,43,207.0,215.5,45.5,45.5,1,1,-1,-1
356,43,208.5,211.0,45.5,45.5,1,1,-1,-1
357,43,207.25,206.75,45.5,45.25,1,1,-1,-1
358,43,207.0,202.75,45.25,45.5,1,1,-1,-1
359,43,208.25,201.25,45.25,45.25,1,1,-1,-1
360,43,209.5,200.0,45.25,45.25,1,1,-1,-1
361,43,210.5,199.25,45.25,45.25,1,1,-1,-1
362,43,209.75,199.25,45.25,45.25,1,1,-1,-1
363,43,209.25,199.0,45.25,45.25,1,1,-1,-1
364,43,208.5,196.5,45.25,45.25,1,1,-1,-1
365,43,207.75,194.5,45.25,45.25,1,1,-1,-1
366,43,207.0,195.0,45.25,45.25,1,1,-1,-1
367,43,207.5,194.0,45.0,45.25,1,1,-1,-1
368,43,205.5,192.75,45.25,45.25,1,1,-1,-1
369,43,205.0,193.0,45.25,45.25,1,1,-1,-1
370,43,206.25,192.25,45.25,45.5,1,1,-1,-1
371,43,207.25,194.0,45.25,45.25,1,1,-1,-1
372,43,206.5,194.25,45.5,45.75,1,1,-1,-1
373,43,206.25,193.5,45.5,45.75,1,1,-1,-1
374,43,206.75,192.0,45.5,45.75,1,1,-1,-1
375,43,208.0,193.0,45.25,45.5,1,1,-1,-1
376,43,210.0,190.5,45.25,45.75,1,1,-1,-1
377,43,211.0,185.25,45.25,45.5,1,1,-1,-1
378,43,213.0,182.75,45.5,46.25,1,1,-1,-1
379,43,216.0,179.5,45.25,46.0,1,1,-1,-1
380,43,216.0,178.75,45.0,45.25,1,1,-1,-1
381,43,216.75,178.5,45.0,45.25,1,1,-1,-1
382,43,217.25,178.0,45.0,45.25,1,1,-1,-1
383,43,218.0,177.25,45.0,45.0,1,1,-1,-1
384,43,218.25,177.0,45.0,45.25,1,1,-1,-1
385,43,221.25,177.0,45.0,45.25,1,1,-1,-1
386,43,219.75,178.0,45.0,45.0,1,1,-1,-1
387,43,220.5,177.25,45.25,45.25,1,1,-1,-1
388,43,221.0,177.5,45.0,45.0,1,1,-1,-1
389,43,221.0,178.0,45.0,45.0,1,1,-1,-1
390,43,222.5,178.0,45.0,45.25,1,1,-1,-1
391,43,224.25,178.25,45.0,45.25,1,1,-1,-1
392,43,225.25,179.25,45.0,45.25,1,1,-1,-1
393,43,225.5,179.5,45.0,45.25,1,1,-1,-1
394,43,229.25,179.0,45.25,45.25,1,1,-1,-1
395,43,231.75,178.5,45.25,45.25,1,1,-1,-1
396,43,230.5,177.5,45.25,45.25,1,1,-1,-1
397,43,229.0,177.0,45.0,45.25,1,1,-1,-1
398,43,223.5,177.0,45.0,45.25,1,1,-1,-1
399,43,232.5,181.5,45.0,45.0,1,1,-1,-1
400,43,231.5,180.25,45.25,45.5,1,1,-1,-1
401,43,234.0,178.25,45.0,45.5,1,1,-1,-1
402,43,236.25,177.0,45.0,45.5,1,1,-1,-1
403,43,238.5,176.0,45.0,45.25,1,1,-1,-1
404,43,240.75,171.5,45.25,46.0,1,1,-1,-1
405,43,243.0,168.75,45.25,45.25,1,1,-1,-1
406,43,245.5,166.0,45.25,45.25,1,1,-1,-1
407,43,246.5,162.0,45.25,45.5,1,1,-1,-1
408,43,247.0,157.0,45.5,45.5,1,1,-1,-1
409,43,248.25,154.0,45.5,45.25,1,1,-1,-1
410,43,248.5,149.75,45.25,45.25,1,1,-1,-1
411,43,249.75,145.0,45.0,45.0,1,1,-1,-1
412,43,250.25,143.25,44.75,45.0,1,1,-1,-1
413,43,251.0,140.25,44.75,45.0,1,1,-1,-1
414,43,252.25,136.25,45.0,45.25,1,1,-1,-1
415,43,254.5,133.25,45.0,45.0,1,1,-1,-1
416,43,255.5,132.5,45.0,45.25,1,1,-1,-1
417,43,257.75,129.5,45.25,45.25,1,1,-1,-1
418,43,258.75,128.0,45.25,45.5,1,1,-1,-1
419,43,261.0,123.75,45.25,46.25,1,1,-1,-1
420,43,263.5,121.75,45.25,45.75,1,1,-1,-1
421,43,266.25,119.5,45.25,45.75,1,1,-1,-1
422,43,269.25,117.75,45.5,45.75,1,1,-1,-1
423,43,272.0,115.5,45.25,45.75,1,1,-1,-1
424,43,273.0,112.5,45.5,47.25,1,1,-1,-1
425,43,273.5,110.0,45.5,46.75,1,1,-1,-1
426,43,273.75,108.25,45.5,46.5,1,1,-1,-1
427,43,275.25,107.0,45.5,47.0,1,1,-1,-1
428,43,276.5,106.0,45.25,45.75,1,1,-1,-1
429,43,277.25,104.75,45.25,45.5,1,1,-1,-1
430,43,277.0,103.0,45.25,45.25,1,1,-1,-1
431,43,275.5,102.0,45.25,45.75,1,1,-1,-1
432,43,274.5,100.0,45.25,45.75,1,1,-1,-1
433,43,274.5,98.5,45.25,46.0,1,1,-1,-1
434,43,274.5,98.25,45.25,45.75,1,1,-1,-1
435,43,274.75,98.25,45.0,45.25,1,1,-1,-1
436,43,274.75,98.25,45.0,45.5,1,1,-1,-1
437,43,274.75,98.0,45.0,46.0,1,1,-1,-1
438,43,274.75,97.5,45.25,46.75,1,1,-1,-1
439,43,274.75,97.25,45.25,47.0,1,1,-1,-1
440,43,274.75,98.0,45.0,45.75,1,1,-1,-1
441,43,275.0,98.0,45.0,46.0,1,1,-1,-1
442,43,274.75,97.75,44.75,45.25,1,1,-1,-1
443,43,274.5,97.75,44.75,45.0,1,1,-1,-1
444,43,275.25,96.75,44.75,45.5,1,1,-1,-1
445,43,276.5,93.75,44.75,45.0,1,1,-1,-1
446,43,277.5,93.0,45.0,45.0,1,1,-1,-1
447,43,280.25,89.75,45.0,45.0,1,1,-1,-1
448,43,283.5,85.75,45.0,45.25,1,1,-1,-1
449,43,286.75,81.5,44.75,45.25,1,1,-1,-1
450,43,289.5,75.75,44.75,46.0,1,1,-1,-1
451,43,292.25,73.0,44.75,45.25,1,1,-1,-1
452,43,297.0,69.0,45.0,45.25,1,1,-1,-1
453,43,301.25,65.75,45.0,45.25,1,1,-1,-1
454,43,306.0,61.5,45.0,45.5,1,1,-1,-1
455,43,308.0,60.25,45.0,45.5,1,1,-1,-1
456,43,310.5,60.75,45.0,45.5,1,1,-1,-1
457,43,315.25,59.25,45.25,45.5,1,1,-1,-1
458,43,319.5,57.75,45.0,45.5,1,1,-1,-1
459,43,324.5,57.25,45.0,45.5,1,1,-1,-1
460,43,328.826,56.53,45.0,45.5,1,1,-1,-1
461,43,324.5,60.25,45.5,45.75,1,1,-1,-1
462,43,326.0,58.5,45.0,45.5,1,1,-1,-1
463,43,328.0,58.75,44.75,45.25,1,1,-1,-1
464,43,331.25,58.5,45.0,45.25,1,1,-1,-1
465,43,333.0,58.5,45.0,45.5,1,1,-1,-1
466,43,333.5,58.5,45.0,45.5,1,1,-1,-1
467,43,334.5,58.0,44.75,45.5,1,1,-1,-1
468,43,338.5,56.5,45.0,45.5,1,1,-1,-1
469,43,341.75,54.5,45.0,45.5,1,1,-1,-1
470,43,346.5,53.75,45.25,45.5,1,1,-1,-1
471,43,347.75,51.75,45.25,45.5,1,1,-1,-1
472,43,351.094,49.73,45.25,45.5,1,1,-1,-1
473,43,353.99,47.884,45.25,45.5,1,1,-1,-1
474,43,355.75,45.0,45.25,46.0,1,1,-1,-1
475,43,362.25,42.75,45.25,45.75,1,1,-1,-1
476,43,368.25,41.5,45.5,45.5,1,1,-1,-1
477,43,381.75,34.0,45.5,45.0,1,1,-1,-1
478,43,379.5,37.5,45.25,45.75,1,1,-1,-1
479,43,383.75,36.75,45.25,45.5,1,1,-1,-1
480,43,386.75,37.5,45.0,45.25,1,1,-1,-1
481,43,388.25,38.5,45.25,46.0,1,1,-1,-1
482,43,390.5,40.0,45.25,45.75,1,1,-1,-1
483,43,392.75,41.0,45.0,45.75,1,1,-1,-1
484,43,394.5,42.25,45.0,45.5,1,1,-1,-1
485,43,397.0,44.0,45.25,45.75,1,1,-1,-1
486,43,398.25,47.0,45.0,46.0,1,1,-1,-1
487,43,399.5,48.75,45.0,45.75,1,1,-1,-1
488,43,401.25,49.25,45.0,45.5,1,1,-1,-1
489,43,401.5,48.25,45.0,45.75,1,1,-1,-1
490,43,403.75,47.25,45.0,45.5,1,1,-1,-1
491,43,404.25,46.75,45.0,45.75,1,1,-1,-1
492,43,405.5,47.0,45.0,45.5,1,1,-1,-1
493,43,406.0,47.25,45.0,45.5,1,1,-1,-1
494,43,406.75,47.75,44.75,45.5,1,1,-1,-1
495,43,407.5,48.0,45.0,45.75,1,1,-1,-1
496,43,407.25,49.25,44.75,45.75,1,1,-1,-1
497,43,407.75,49.5,45.0,45.75,1,1,-1,-1
498,43,407.5,48.5,45.0,46.25,1,1,-1,-1
499,43,407.25,49.5,45.0,45.75,1,1,-1,-1
500,43,401.5,51.5,45.0,45.0,1,1,-1,-1
1,44,597.0,377.5,45.25,45.5,1,1,-1,-1
2,44,600.0,372.0,45.0,45.25,1,1,-1,-1
3,44,604.5,365.0,45.0,45.25,1,1,-1,-1
4,44,609.25,357.25,45.0,45.25,1,1,-1,-1
5,44,612.0,351.5,45.0,45.25,1,1,-1,-1
6,44,615.25,344.75,45.0,45.0,1,1,-1,-1
7,44,619.0,336.25,45.25,45.25,1,1,-1,-1
8,44,621.25,333.0,45.0,45.0,1,1,-1,-1
9,44,625.0,326.5,45.5,45.0,1,1,-1,-1
10,44,627.5,319.0,45.5,45.25,1,1,-1,-1
11,44,631.0,311.5,45.5,45.75,1,1,-1,-1
12,44,635.0,307.25,45.0,44.75,1,1,-1,-1
13,44,636.5,306.75,45.5,45.0,1,1,-1,-1
14,44,636.5,303.75,45.5,45.25,1,1,-1,-1
15,44,637.5,299.0,45.5,45.25,1,1,-1,-1
16,44,637.5,298.25,45.75,45.25,1,1,-1,-1
17,44,637.5,298.25,45.5,45.0,1,1,-1,-1
18,44,637.0,297.25,45.5,45.25,1,1,-1,-1
19,44,637.25,297.5,45.75,45.25,1,1,-1,-1
20,44,638.5,297.5,45.5,45.25,1,1,-1,-1
21,44,639.75,296.5,45.5,45.0,1,1,-1,-1
22,44,642.0,291.75,45.5,45.25,1,1,-1,-1
23,44,642.25,291.5,45.5,45.25,1,1,-1,-1
24,44,642.25,292.0,45.5,45.25,1,1,-1,-1
25,44,642.25,292.75,45.5,45.25,1,1,-1,-1
26,44,642.25,292.5,45.5,45.25,1,1,-1,-1
27,44,642.75,292.0,45.75,45.25,1,1,-1,-1
28,44,642.75,292.0,45.5,45.25,1,1,-1,-1
29,44,642.5,286.75,45.25,45.25,1,1,-1,-1
30,44,642.75,287.75,45.25,45.25,1,1,-1,-1
31,44,642.0,287.25,45.5,45.25,1,1,-1,-1
32,44,641.75,286.5,45.25,45.25,1,1,-1,-1
33,44,641.75,283.25,45.25,45.0,1,1,-1,-1
34,44,645.5,281.25,45.0,45.0,1,1,-1,-1
35,44,646.157,279.872,45.0,45.0,1,1,-1,-1
36,44,644.0,276.5,45.0,45.25,1,1,-1,-1
37,44,645.5,271.0,45.0,45.25,1,1,-1,-1
38,44,647.75,267.0,44.75,45.0,1,1,-1,-1
39,44,647.75,262.5,45.0,45.0,1,1,-1,-1
40,44,647.25,256.5,45.0,45.0,1,1,-1,-1
41,44,645.25,253.0,45.25,45.0,1,1,-1,-1
42,44,647.0,249.0,45.25,45.25,1,1,-1,-1
43,44,649.25,244.0,45.25,45.0,1,1,-1,-1
44,44,648.5,242.25,45.25,45.0,1,1,-1,-1
45,44,648.25,238.25,45.25,45.25,1,1,-1,-1
46,44,647.25,232.5,45.25,45.25,1,1,-1,-1
47,44,646.5,230.25,45.0,45.0,1,1,-1,-1
48,44,643.25,226.0,45.25,45.0,1,1,-1,-1
49,44,641.0,219.0,45.5,45.25,1,1,-1,-1
50,44,641.75,218.75,45.25,45.0,1,1,-1,-1
51,44,642.5,215.5,45.5,45.25,1,1,-1,-1
52,44,643.75,214.25,45.5,45.0,1,1,-1,-1
53,44,644.75,213.5,45.25,45.0,1,1,-1,-1
54,44,642.75,212.25,45.25,45.0,1,1,-1,-1
55,44,642.75,212.0,45.25,45.0,1,1,-1,-1
56,44,642.75,211.75,45.25,45.0,1,1,-1,-1
57,44,642.25,212.25,45.25,45.0,1,1,-1,-1
58,44,642.0,213.0,45.25,45.25,1,1,-1,-1
59,44,642.25,213.0,45.25,45.0,1,1,-1,-1
60,44,643.75,213.75,45.5,45.0,1,1,-1,-1
61,44,645.25,214.75,45.25,45.25,1,1,-1,-1
62,44,646.0,216.0,45.25,45.0,1,1,-1,-1
63,44,647.25,217.0,45.0,45.0,1,1,-1,-1
64,44,648.5,218.0,45.0,45.0,1,1,-1,-1
65,44,647.5,218.5,45.25,45.0,1,1,-1,-1
66,44,648.5,218.5,45.0,44.75,1,1,-1,-1
67,44,648.75,219.0,45.0,45.0,1,1,-1,-1
68,44,649.0,219.75,45.0,44.75,1,1,-1,-1
69,44,648.75,220.25,45.0,45.0,1,1,-1,-1
70,44,649.0,220.0,44.75,44.75,1,1,-1,-1
71,44,649.0,220.25,45.0,44.75,1,1,-1,-1
72,44,649.75,219.5,44.75,44.75,1,1,-1,-1
73,44,649.5,218.75,44.75,44.75,1,1,-1,-1
74,44,649.0,219.0,45.0,44.75,1,1,-1,-1
75,44,649.5,218.75,44.75,44.75,1,1,-1,-1
76,44,650.25,218.5,44.75,45.0,1,1,-1,-1
77,44,649.75,218.75,45.0,45.0,1,1,-1,-1
78,44,650.25,217.75,45.25,45.25,1,1,-1,-1
79,44,651.25,220.0,45.0,45.0,1,1,-1,-1
80,44,651.0,221.5,45.25,45.25,1,1,-1,-1
81,44,651.0,221.75,45.25,45.25,1,1,-1,-1
82,44,651.5,221.25,45.25,45.25,1,1,-1,-1
83,44,652.0,222.75,45.0,45.0,1,1,-1,-1
84,44,651.75,223.25,45.0,45.25,1,1,-1,-1
85,44,652.0,224.25,45.0,45.25,1,1,-1,-1
86,44,651.5,224.75,45.0,45.25,1,1,-1,-1
87,44,652.0,224.5,45.0,45.25,1,1,-1,-1
88,44,652.0,225.5,45.0,45.25,1,1,-1,-1
89,44,652.0,227.75,44.75,45.0,1,1,-1,-1
90,44,652.5,228.5,45.0,45.0,1,1,-1,-1
91,44,652.5,228.25,45.25,45.25,1,1,-1,-1
92,44,652.75,228.5,45.25,45.25,1,1,-1,-1
93,44,652.5,228.75,45.0,45.25,1,1,-1,-1
94,44,652.75,228.5,45.0,45.0,1,1,-1,-1
95,44,651.5,229.25,45.0,45.0,1,1,-1,-1
96,44,651.75,229.5,45.0,45.0,1,1,-1,-1
97,44,651.75,229.5,45.0,45.25,1,1,-1,-1
98,44,650.75,229.75,45.0,45.25,1,1,-1,-1
99,44,650.75,229.0,45.0,45.25,1,1,-1,-1
100,44,651.75,228.0,45.0,45.25,1,1,-1,-1
101,44,652.25,228.75,45.0,45.25,1,1,-1,-1
102,44,652.5,230.75,45.0,45.0,1,1,-1,-1
103,44,651.75,230.75,45.0,45.0,1,1,-1,-1
104,44,651.5,230.0,45.0,45.0,1,1,-1,-1
105,44,652.5,229.5,45.0,45.0,1,1,-1,-1
106,44,652.0,229.25,44.75,45.0,1,1,-1,-1
107,44,652.5,229.0,45.0,45.0,1,1,-1,-1
108,44,652.25,229.0,45.0,45.0,1,1,-1,-1
109,44,652.75,229.25,45.0,45.0,1,1,-1,-1
110,44,652.25,229.5,45.0,45.0,1,1,-1,-1
111,44,652.75,228.75,45.0,45.0,1,1,-1,-1
112,44,653.75,228.5,44.75,45.0,1,1,-1,-1
113,44,653.25,228.5,45.0,45.0,1,1,-1,-1
114,44,652.75,227.75,45.0,45.0,1,1,-1,-1
115,44,653.0,228.0,45.0,45.0,1,1,-1,-1
116,44,653.25,228.25,45.0,45.0,1,1,-1,-1
117,44,653.0,228.25,45.0,45.0,1,1,-1,-1
118,44,652.5,228.75,44.75,45.0,1,1,-1,-1
119,44,652.0,228.5,45.0,45.0,1,1,-1,-1
120,44,651.75,228.75,45.0,45.0,1,1,-1,-1
121,44,651.75,229.25,44.75,45.0,1,1,-1,-1
122,44,650.25,229.5,45.0,44.75,1,1,-1,-1
123,44,649.5,228.5,45.0,45.0,1,1,-1,-1
124,44,648.75,229.0,45.0,45.0,1,1,-1,-1
125,44,646.0,230.75,45.0,44.75,1,1,-1,-1
126,44,643.75,228.25,45.0,45.0,1,1,-1,-1
127,44,638.75,226.75,45.0,45.0,1,1,-1,-1
128,44,635.5,223.25,45.25,45.25,1,1,-1,-1
129,44,630.0,217.5,45.25,45.25,1,1,-1,-1
130,44,626.5,216.25,45.25,45.25,1,1,-1,-1
131,44,627.25,214.25,45.5,45.25,1,1,-1,-1
132,44,627.25,213.0,45.5,45.0,1,1,-1,-1
133,44,628.0,211.0,45.5,45.25,1,1,-1,-1
134,44,626.25,206.25,45.5,45.25,1,1,-1,-1
135,44,625.5,204.5,45.5,45.5,1,1,-1,-1
136,44,624.25,203.75,45.5,45.5,1,1,-1,-1
137,44,623.0,204.5,45.25,45.25,1,1,-1,-1
138,44,618.0,203.5,45.5,45.25,1,1,-1,-1
139,44,616.75,200.0,45.25,45.25,1,1,-1,-1
140,44,616.25,196.0,45.5,45.0,1,1,-1,-1
141,44,615.0,193.25,45.0,45.0,1,1,-1,-1
142,44,614.25,189.5,45.0,45.0,1,1,-1,-1
143,44,612.0,188.0,45.0,45.0,1,1,-1,-1
144,44,611.5,184.75,45.0,45.0,1,1,-1,-1
145,44,608.0,179.0,45.0,45.0,1,1,-1,-1
146,44,605.75,177.5,45.0,44.75,1,1,-1,-1
147,44,604.5,173.5,45.0,44.75,1,1,-1,-1
148,44,599.5,170.25,45.25,45.0,1,1,-1,-1
149,44,596.5,170.0,45.5,45.0,1,1,-1,-1
150,44,594.0,168.0,45.5,45.25,1,1,-1,-1
151,44,592.75,164.25,45.5,45.25,1,1,-1,-1
152,44,592.75,164.25,45.5,45.25,1,1,-1,-1
153,44,587.5,160.25,45.25,45.25,1,1,-1,-1
154,44,588.0,160.25,45.25,45.25,1,1,-1,-1
155,44,588.5,159.75,45.5,45.25,1,1,-1,-1
156,44,589.25,160.5,45.5,45.25,1,1,-1,-1
157,44,589.75,159.0,45.5,45.25,1,1,-1,-1
158,44,590.25,159.5,45.5,45.25,1,1,-1,-1
159,44,590.25,159.0,45.5,45.25,1,1,-1,-1
160,44,588.0,158.5,45.5,45.25,1,1,-1,-1
161,44,589.75,157.5,45.5,45.25,1,1,-1,-1
162,44,587.0,155.0,45.5,46.25,1,1,-1,-1
163,44,589.25,152.75,45.5,45.5,1,1,-1,-1
164,44,587.75,149.25,45.5,46.0,1,1,-1,-1
165,44,587.5,147.25,45.5,45.5,1,1,-1,-1
166,44,591.75,144.0,45.25,45.25,1,1,-1,-1
167,44,588.5,139.0,45.0,45.25,1,1,-1,-1
168,44,586.75,136.25,45.0,45.5,1,1,-1,-1
169,44,584.25,133.0,45.0,45.5,1,1,-1,-1
170,44,580.25,128.75,45.0,45.0,1,1,-1,-1
171,44,576.0,127.0,45.0,44.75,1,1,-1,-1
172,44,572.75,125.0,45.0,45.0,1,1,-1,-1
173,44,570.0,123.0,45.0,44.75,1,1,-1,-1
174,44,566.5,121.75,45.25,45.25,1,1,-1,-1
175,44,565.75,121.75,45.25,45.0,1,1,-1,-1
176,44,565.75,121.25,45.0,45.0,1,1,-1,-1
177,44,566.0,121.5,45.25,45.0,1,1,-1,-1
178,44,565.5,121.25,45.0,44.75,1,1,-1,-1
179,44,566.0,121.5,45.25,45.0,1,1,-1,-1
180,44,565.75,121.25,45.0,44.75,1,1,-1,-1
181,44,565.75,120.75,45.0,45.0,1,1,-1,-1
182,44,565.5,121.0,45.25,44.75,1,1,-1,-1
183,44,565.5,120.75,45.25,44.75,1,1,-1,-1
184,44,565.75,120.5,45.25,45.0,1,1,-1,-1
185,44,565.75,120.0,45.0,45.0,1,1,-1,-1
186,44,565.75,119.5,45.0,45.0,1,1,-1,-1
187,44,565.25,120.25,45.0,45.0,1,1,-1,-1
188,44,565.25,121.5,45.0,45.0,1,1,-1,-1
189,44,565.5,120.75,45.25,45.0,1,1,-1,-1
190,44,565.0,122.5,45.25,45.0,1,1,-1,-1
191,44,565.0,124.0,45.0,45.0,1,1,-1,-1
192,44,565.25,124.75,45.0,45.0,1,1,-1,-1
193,44,564.5,125.0,45.25,45.0,1,1,-1,-1
194,44,565.0,125.75,45.0,44.75,1,1,-1,-1
195,44,565.0,126.0,45.0,44.75,1,1,-1,-1
196,44,565.0,126.5,45.0,45.0,1,1,-1,-1
197,44,565.0,126.25,45.0,45.0,1,1,-1,-1
198,44,564.75,126.5,45.0,45.0,1,1,-1,-1
199,44,565.0,126.5,45.25,45.0,1,1,-1,-1
200,44,564.25,126.5,45.0,45.0,1,1,-1,-1
201,44,563.75,126.0,45.25,45.25,1,1,-1,-1
202,44,563.25,126.25,45.25,45.0,1,1,-1,-1
203,44,563.25,126.25,45.25,45.25,1,1,-1,-1
204,44,563.5,126.0,45.0,45.0,1,1,-1,-1
205,44,563.5,125.0,45.25,45.0,1,1,-1,-1
206,44,563.5,125.25,45.25,45.25,1,1,-1,-1
207,44,563.5,125.5,45.25,45.0,1,1,-1,-1
208,44,563.25,126.0,45.25,45.0,1,1,-1,-1
209,44,563.5,126.0,45.0,45.25,1,1,-1,-1
210,44,563.75,126.25,45.25,45.25,1,1,-1,-1
211,44,564.25,125.25,45.0,45.25,1,1,-1,-1
212,44,564.75,124.5,45.25,45.25,1,1,-1,-1
213,44,563.25,125.25,45.25,45.25,1,1,-1,-1
214,44,563.5,125.0,45.0,45.0,1,1,-1,-1
215,44,562.75,125.0,45.25,45.0,1,1,-1,-1
216,44,562.75,125.5,45.0,45.25,1,1,-1,-1
217,44,563.25,127.0,45.0,45.0,1,1,-1,-1
218,44,562.5,127.25,45.0,45.0,1,1,-1,-1
219,44,563.0,127.25,45.0,45.0,1,1,-1,-1
220,44,562.75,127.5,45.25,45.0,1,1,-1,-1
221,44,563.25,127.75,45.25,45.25,1,1,-1,-1
222,44,563.0,127.75,45.25,45.25,1,1,-1,-1
223,44,561.75,128.0,45.25,45.0,1,1,-1,-1
224,44,562.25,128.25,45.25,45.25,1,1,-1,-1
225,44,562.75,128.5,45.25,45.0,1,1,-1,-1
226,44,562.25,128.0,45.0,45.0,1,1,-1,-1
227,44,561.75,128.25,45.0,45.0,1,1,-1,-1
228,44,561.75,128.25,45.0,45.0,1,1,-1,-1
229,44,562.0,128.25,45.25,45.0,1,1,-1,-1
230,44,562.25,128.25,45.25,45.0,1,1,-1,-1
231,44,562.5,128.5,45.0,45.0,1,1,-1,-1
232,44,562.75,128.25,45.25,45.25,1,1,-1,-1
233,44,562.5,128.5,45.25,45.25,1,1,-1,-1
234,44,562.5,128.75,45.25,45.5,1,1,-1,-1
235,44,562.0,128.25,45.25,45.5,1,1,-1,-1
236,44,563.75,129.5,45.25,45.5,1,1,-1,-1
237,44,563.0,128.25,45.25,45.25,1,1,-1,-1
238,44,562.5,128.75,45.25,45.25,1,1,-1,-1
239,44,562.75,128.0,45.5,45.25,1,1,-1,-1
240,44,561.5,128.75,45.25,45.25,1,1,-1,-1
241,44,562.0,128.5,45.5,45.25,1,1,-1,-1
242,44,562.5,127.25,45.25,45.25,1,1,-1,-1
243,44,561.75,127.5,45.0,45.25,1,1,-1,-1
244,44,560.75,127.5,45.0,45.0,1,1,-1,-1
245,44,560.25,127.5,45.0,45.0,1,1,-1,-1
246,44,559.75,127.5,45.0,45.0,1,1,-1,-1
247,44,559.75,127.25,45.0,45.0,1,1,-1,-1
248,44,560.5,128.0,45.0,45.0,1,1,-1,-1
249,44,560.25,128.25,45.0,45.0,1,1,-1,-1
250,44,559.75,128.5,45.0,45.0,1,1,-1,-1
251,44,559.25,129.0,45.0,44.75,1,1,-1,-1
252,44,559.25,129.0,45.25,45.0,1,1,-1,-1
253,44,559.75,129.25,45.0,45.0,1,1,-1,-1
254,44,559.25,128.5,45.25,45.25,1,1,-1,-1
255,44,559.0,128.75,45.25,45.25,1,1,-1,-1
256,44,559.5,128.75,45.25,45.0,1,1,-1,-1
257,44,559.25,129.25,45.0,45.0,1,1,-1,-1
258,44,560.5,129.75,45.0,45.25,1,1,-1,-1
259,44,560.0,129.75,45.25,45.25,1,1,-1,-1
260,44,560.25,129.75,45.25,45.25,1,1,-1,-1
261,44,560.25,129.5,45.0,44.75,1,1,-1,-1
262,44,560.0,129.75,45.25,45.0,1,1,-1,-1
263,44,560.0,131.0,45.0,45.0,1,1,-1,-1
264,44,560.5,130.25,45.0,45.0,1,1,-1,-1
265,44,561.25,129.5,45.0,45.0,1,1,-1,-1
266,44,561.5,130.0,45.0,44.75,1,1,-1,-1
267,44,560.75,129.5,45.0,44.75,1,1,-1,-1
268,44,561.0,129.25,44.75,44.75,1,1,-1,-1
269,44,562.0,129.0,44.75,44.75,1,1,-1,-1
270,44,562.5,128.25,44.75,44.75,1,1,-1,-1
271,44,562.75,128.0,44.75,44.75,1,1,-1,-1
272,44,564.0,127.75,44.75,45.0,1,1,-1,-1
273,44,564.25,127.5,45.0,44.75,1,1,-1,-1
274,44,563.75,127.75,44.75,45.0,1,1,-1,-1
275,44,562.75,127.75,45.0,45.0,1,1,-1,-1
276,44,561.75,126.75,45.25,45.25,1,1,-1,-1
277,44,563.25,127.25,44.75,45.0,1,1,-1,-1
278,44,564.25,128.75,44.75,44.75,1,1,-1,-1
279,44,564.5,128.75,44.75,44.75,1,1,-1,-1
280,44,563.0,128.0,45.0,45.0,1,1,-1,-1
281,44,562.75,128.0,45.0,44.75,1,1,-1,-1
282,44,562.5,128.25,45.0,45.25,1,1,-1,-1
283,44,562.5,129.5,45.0,44.75,1,1,-1,-1
284,44,562.0,129.5,45.25,45.0,1,1,-1,-1
285,44,561.25,129.75,45.0,45.0,1,1,-1,-1
286,44,559.5,130.0,44.75,44.75,1,1,-1,-1
287,44,559.5,130.25,45.0,45.0,1,1,-1,-1
288,44,558.75,130.5,44.75,44.75,1,1,-1,-1
289,44,558.0,131.25,44.75,45.0,1,1,-1,-1
290,44,558.0,131.0,44.75,45.25,1,1,-1,-1
291,44,557.25,131.25,45.0,45.0,1,1,-1,-1
292,44,557.25,131.25,45.0,45.0,1,1,-1,-1
293,44,557.25,131.0,44.75,45.0,1,1,-1,-1
294,44,556.75,130.5,45.0,45.25,1,1,-1,-1
295,44,556.5,130.25,45.0,45.0,1,1,-1,-1
296,44,556.75,130.25,45.0,45.0,1,1,-1,-1
297,44,556.75,131.0,45.0,45.25,1,1,-1,-1
298,44,556.0,130.25,45.0,45.25,1,1,-1,-1
299,44,556.5,131.25,45.0,45.0,1,1,-1,-1
300,44,556.75,132.0,45.0,45.0,1,1,-1,-1
301,44,556.0,131.75,45.0,45.0,1,1,-1,-1
302,44,556.5,132.0,45.0,45.0,1,1,-1,-1
303,44,556.5,131.75,45.0,45.25,1,1,-1,-1
304,44,557.0,131.5,44.75,45.0,1,1,-1,-1
305,44,556.25,131.5,45.0,45.0,1,1,-1,-1
306,44,557.5,131.25,45.0,45.25,1,1,-1,-1
307,44,556.75,131.5,45.0,45.25,1,1,-1,-1
308,44,556.0,132.5,45.0,45.0,1,1,-1,-1
309,44,557.5,131.25,45.0,45.25,1,1,-1,-1
310,44,557.5,131.0,45.0,45.25,1,1,-1,-1
311,44,557.5,131.25,45.0,45.0,1,1,-1,-1
312,44,558.5,131.0,45.0,45.25,1,1,-1,-1
313,44,558.75,131.0,45.0,45.0,1,1,-1,-1
314,44,559.25,131.5,45.0,44.75,1,1,-1,-1
315,44,558.5,131.0,45.0,44.75,1,1,-1,-1
316,44,558.75,130.75,44.75,45.0,1,1,-1,-1
317,44,558.5,130.75,45.0,45.0,1,1,-1,-1
318,44,558.5,131.0,45.0,45.25,1,1,-1,-1
319,44,558.75,130.25,45.0,45.0,1,1,-1,-1
320,44,558.75,131.0,45.0,45.0,1,1,-1,-1
321,44,559.5,131.25,44.75,44.75,1,1,-1,-1
322,44,559.75,129.75,45.0,45.0,1,1,-1,-1
323,44,555.5,129.75,45.0,45.0,1,1,-1,-1
324,44,555.5,129.75,45.0,45.0,1,1,-1,-1
325,44,556.75,129.75,45.25,45.0,1,1,-1,-1
326,44,557.25,130.0,45.0,45.0,1,1,-1,-1
327,44,557.25,130.25,45.0,45.0,1,1,-1,-1
328,44,556.75,130.25,44.75,44.75,1,1,-1,-1
329,44,556.75,130.25,45.0,45.0,1,1,-1,-1
330,44,556.75,129.75,45.0,45.0,1,1,-1,-1
331,44,557.25,131.0,45.0,45.0,1,1,-1,-1
332,44,556.5,132.25,45.0,45.0,1,1,-1,-1
333,44,556.0,133.5,45.0,45.0,1,1,-1,-1
334,44,554.25,134.75,45.0,45.0,1,1,-1,-1
335,44,553.25,136.5,44.75,45.0,1,1,-1,-1
336,44,551.0,139.5,45.0,45.0,1,1,-1,-1
337,44,550.0,140.0,44.75,45.0,1,1,-1,-1
338,44,550.25,139.25,45.0,45.0,1,1,-1,-1
339,44,548.75,138.25,45.0,45.0,1,1,-1,-1
340,44,542.25,136.5,45.0,45.0,1,1,-1,-1
341,44,541.0,132.5,45.0,45.0,1,1,-1,-1
342,44,539.25,129.25,45.0,45.0,1,1,-1,-1
343,44,535.0,122.25,45.25,45.0,1,1,-1,-1
344,44,534.0,115.0,45.25,45.25,1,1,-1,-1
345,44,532.25,108.0,45.25,45.0,1,1,-1,-1
346,44,531.5,95.5,44.75,45.25,1,1,-1,-1
347,44,533.5,87.75,44.75,45.0,1,1,-1,-1
348,44,535.5,76.75,44.75,45.0,1,1,-1,-1
349,44,538.5,70.75,45.0,45.25,1,1,-1,-1
350,44,542.25,64.5,45.0,45.25,1,1,-1,-1
351,44,547.5,61.0,45.0,45.5,1,1,-1,-1
352,44,550.25,63.25,45.0,45.25,1,1,-1,-1
353,44,551.25,67.0,45.0,45.25,1,1,-1,-1
354,44,551.75,69.25,45.0,45.0,1,1,-1,-1
355,44,552.75,70.0,45.0,45.25,1,1,-1,-1
356,44,555.0,73.75,45.0,45.5,1,1,-1,-1
357,44,556.75,75.25,45.0,45.75,1,1,-1,-1
358,44,557.25,76.5,45.0,46.5,1,1,-1,-1
359,44,557.0,77.25,45.0,45.25,1,1,-1,-1
360,44,555.25,76.25,44.75,45.25,1,1,-1,-1
361,44,550.0,76.75,44.75,45.25,1,1,-1,-1
362,44,545.75,78.25,44.5,45.0,1,1,-1,-1
363,44,543.75,78.5,44.75,44.75,1,1,-1,-1
364,44,542.0,79.25,44.75,44.75,1,1,-1,-1
365,44,537.5,78.5,44.75,45.0,1,1,-1,-1
366,44,533.0,77.75,44.75,45.0,1,1,-1,-1
367,44,528.0,77.5,44.75,45.0,1,1,-1,-1
368,44,522.25,76.25,44.75,45.0,1,1,-1,-1
369,44,516.75,73.0,44.75,45.0,1,1,-1,-1
370,44,511.0,69.5,45.0,45.0,1,1,-1,-1
371,44,505.25,65.25,45.0,45.5,1,1,-1,-1
372,44,501.5,60.5,45.25,45.5,1,1,-1,-1
373,44,498.5,56.5,44.75,45.5,1,1,-1,-1
374,44,495.25,57.0,44.75,45.25,1,1,-1,-1
375,44,490.5,59.0,45.0,45.5,1,1,-1,-1
376,44,488.75,61.0,45.25,45.75,1,1,-1,-1
377,44,489.75,61.25,45.0,45.25,1,1,-1,-1
378,44,488.75,61.5,45.0,45.5,1,1,-1,-1
379,44,487.75,62.0,45.0,45.5,1,1,-1,-1
380,44,485.25,61.5,45.0,45.5,1,1,-1,-1
381,44,482.75,61.0,45.25,45.5,1,1,-1,-1
382,44,477.25,57.75,45.25,45.25,1,1,-1,-1
383,44,473.0,54.75,45.25,45.5,1,1,-1,-1
384,44,468.25,52.75,45.0,45.5,1,1,-1,-1
385,44,460.25,50.0,45.25,45.5,1,1,-1,-1
386,44,454.25,49.75,45.5,45.5,1,1,-1,-1
387,44,454.0,50.5,45.25,45.5,1,1,-1,-1
388,44,456.75,53.0,45.0,45.25,1,1,-1,-1
389,44,461.0,56.0,45.0,45.5,1,1,-1,-1
390,44,464.25,60.0,45.25,45.25,1,1,-1,-1
391,44,467.25,63.0,45.25,45.5,1,1,-1,-1
392,44,467.5,63.0,45.25,45.5,1,1,-1,-1
393,44,468.5,64.75,45.25,45.5,1,1,-1,-1
394,44,467.5,66.5,45.25,45.25,1,1,-1,-1
395,44,467.25,66.0,45.25,45.25,1,1,-1,-1
396,44,466.5,67.25,45.25,45.5,1,1,-1,-1
397,44,464.5,67.75,45.25,45.25,1,1,-1,-1
398,44,459.25,67.0,45.0,45.5,1,1,-1,-1
399,44,458.25,73.75,45.25,45.5,1,1,-1,-1
400,44,453.75,79.25,45.25,45.5,1,1,-1,-1
401,44,451.25,84.5,45.0,45.5,1,1,-1,-1
402,44,448.0,90.75,45.0,45.0,1,1,-1,-1
403,44,447.75,97.5,45.0,45.25,1,1,-1,-1
404,44,445.75,103.5,45.0,45.25,1,1,-1,-1
405,44,444.25,110.5,45.25,45.25,1,1,-1,-1
406,44,440.5,114.5,45.25,45.25,1,1,-1,-1
407,44,438.0,116.5,45.25,45.25,1,1,-1,-1
408,44,437.5,119.25,45.25,45.25,1,1,-1,-1
409,44,436.0,121.0,45.25,45.0,1,1,-1,-1
410,44,435.5,120.75,45.0,44.75,1,1,-1,-1
411,44,437.25,122.5,45.25,45.0,1,1,-1,-1
412,44,437.5,133.5,45.5,45.25,1,1,-1,-1
413,44,437.5,130.0,45.25,45.0,1,1,-1,-1
414,44,436.25,135.5,45.5,45.25,1,1,-1,-1
415,44,435.75,138.0,45.5,45.0,1,1,-1,-1
416,44,438.0,141.25,45.5,45.0,1,1,-1,-1
417,44,431.5,141.5,45.75,45.25,1,1,-1,-1
418,44,429.924,142.193,45.75,45.25,1,1,-1,-1
419,44,416.75,142.0,45.5,45.25,1,1,-1,-1
420,44,413.75,146.0,45.25,45.0,1,1,-1,-1
421,44,406.5,152.0,45.25,45.25,1,1,-1,-1
422,44,401.25,154.25,45.25,45.25,1,1,-1,-1
423,44,395.25,155.5,45.25,45.25,1,1,-1,-1
424,44,389.0,156.0,45.25,45.25,1,1,-1,-1
425,44,383.0,155.25,45.25,45.25,1,1,-1,-1
426,44,376.5,153.5,45.0,45.25,1,1,-1,-1
427,44,369.25,154.5,45.0,45.0,1,1,-1,-1
428,44,362.75,150.5,45.0,44.75,1,1,-1,-1
429,44,357.5,148.75,45.25,45.0,1,1,-1,-1
430,44,351.75,145.75,45.25,45.25,1,1,-1,-1
431,44,349.0,145.75,45.25,45.0,1,1,-1,-1
432,44,346.0,148.25,45.5,45.0,1,1,-1,-1
433,44,342.25,149.25,45.25,45.25,1,1,-1,-1
434,44,338.5,149.75,45.25,45.0,1,1,-1,-1
435,44,335.5,151.75,45.5,45.25,1,1,-1,-1
436,44,329.5,154.25,45.5,45.25,1,1,-1,-1
437,44,327.75,155.0,45.75,45.5,1,1,-1,-1
438,44,325.5,160.25,45.5,45.25,1,1,-1,-1
439,44,324.75,166.5,45.25,45.25,1,1,-1,-1
440,44,322.25,171.5,45.25,45.0,1,1,-1,-1
441,44,318.75,178.25,45.5,45.25,1,1,-1,-1
442,44,314.75,183.0,45.25,45.0,1,1,-1,-1
443,44,306.75,189.5,45.25,45.25,1,1,-1,-1
444,44,299.25,195.0,45.25,45.0,1,1,-1,-1
445,44,291.25,196.0,45.25,45.25,1,1,-1,-1
446,44,285.25,200.0,45.75,45.5,1,1,-1,-1
447,44,282.5,200.25,45.5,45.5,1,1,-1,-1
448,44,275.5,200.5,45.25,45.25,1,1,-1,-1
449,44,267.75,203.25,45.5,45.5,1,1,-1,-1
450,44,264.5,207.75,45.75,45.5,1,1,-1,-1
451,44,262.25,208.5,45.5,45.5,1,1,-1,-1
452,44,259.75,210.0,45.5,45.5,1,1,-1,-1
453,44,257.75,213.25,45.5,45.25,1,1,-1,-1
454,44,255.75,215.75,45.5,45.25,1,1,-1,-1
455,44,250.75,221.0,45.75,45.25,1,1,-1,-1
456,44,244.5,224.0,45.25,45.25,1,1,-1,-1
457,44,241.25,224.0,45.25,45.25,1,1,-1,-1
458,44,237.25,225.0,45.25,45.5,1,1,-1,-1
459,44,232.25,225.5,45.0,45.25,1,1,-1,-1
460,44,224.0,228.0,45.0,45.5,1,1,-1,-1
461,44,219.5,229.5,45.0,45.25,1,1,-1,-1
462,44,217.25,232.25,45.0,45.5,1,1,-1,-1
463,44,218.0,235.5,45.0,46.25,1,1,-1,-1
464,44,218.5,239.25,45.0,46.25,1,1,-1,-1
465,44,218.75,246.0,45.25,45.5,1,1,-1,-1
466,44,221.25,251.25,45.5,46.25,1,1,-1,-1
467,44,220.25,251.5,45.25,45.75,1,1,-1,-1
468,44,218.75,253.5,45.5,45.75,1,1,-1,-1
469,44,216.75,257.25,45.25,45.5,1,1,-1,-1
470,44,214.25,256.75,45.25,45.75,1,1,-1,-1
471,44,213.25,255.25,45.25,45.75,1,1,-1,-1
472,44,210.5,255.75,45.5,45.5,1,1,-1,-1
473,44,209.0,255.25,45.5,45.5,1,1,-1,-1
474,44,203.5,254.25,45.5,45.5,1,1,-1,-1
475,44,202.75,253.5,45.5,45.5,1,1,-1,-1
476,44,200.0,248.5,45.5,46.5,1,1,-1,-1
477,44,201.75,246.0,45.25,45.5,1,1,-1,-1
478,44,203.0,244.75,45.25,45.75,1,1,-1,-1
479,44,206.5,243.0,45.5,46.25,1,1,-1,-1
480,44,207.0,240.75,45.25,46.25,1,1,-1,-1
481,44,209.5,235.5,45.5,46.25,1,1,-1,-1
482,44,211.25,230.25,45.0,45.25,1,1,-1,-1
483,44,211.0,226.0,45.0,45.25,1,1,-1,-1
484,44,213.25,221.75,45.25,45.75,1,1,-1,-1
485,44,216.0,218.75,45.0,45.25,1,1,-1,-1
486,44,219.5,209.5,45.25,46.25,1,1,-1,-1
487,44,219.25,206.75,45.25,46.25,1,1,-1,-1
488,44,219.75,202.0,45.25,45.75,1,1,-1,-1
489,44,222.0,194.5,45.5,46.25,1,1,-1,-1
490,44,226.75,185.25,45.25,45.5,1,1,-1,-1
491,44,228.25,183.5,45.25,45.25,1,1,-1,-1
492,44,229.75,183.5,45.0,45.25,1,1,-1,-1
493,44,229.75,183.75,45.0,45.5,1,1,-1,-1
494,44,230.0,183.5,45.25,45.25,1,1,-1,-1
495,44,230.0,179.25,45.0,45.5,1,1,-1,-1
496,44,229.0,176.25,45.25,45.5,1,1,-1,-1
497,44,235.25,170.5,45.75,47.25,1,1,-1,-1
498,44,238.25,171.0,45.5,46.25,1,1,-1,-1
499,44,242.5,174.5,45.25,45.25,1,1,-1,-1
500,44,250.5,175.25,45.5,45.25,1,1,-1,-1
1,45,613.0,205.25,45.0,45.0,1,1,-1,-1
2,45,613.0,206.75,45.25,45.25,1,1,-1,-1
3,45,612.0,206.25,44.75,45.0,1,1,-1,-1
4,45,611.25,207.25,45.0,45.0,1,1,-1,-1
5,45,611.25,207.75,45.0,45.25,1,1,-1,-1
6,45,611.5,208.25,44.75,45.0,1,1,-1,-1
7,45,611.25,208.25,45.0,45.0,1,1,-1,-1
8,45,611.75,208.5,45.0,45.0,1,1,-1,-1
9,45,612.0,208.5,45.0,45.0,1,1,-1,-1
10,45,611.25,208.5,45.0,45.0,1,1,-1,-1
11,45,610.0,208.5,45.0,45.0,1,1,-1,-1
12,45,610.25,207.0,45.0,45.0,1,1,-1,-1
13,45,610.5,207.0,44.75,45.0,1,1,-1,-1
14,45,610.75,206.75,44.75,45.0,1,1,-1,-1
15,45,611.25,205.5,45.0,45.25,1,1,-1,-1
16,45,610.5,205.25,45.0,45.0,1,1,-1,-1
17,45,622.25,210.75,45.25,45.0,1,1,-1,-1
18,45,610.75,204.5,45.0,45.25,1,1,-1,-1
19,45,609.5,205.25,45.0,45.25,1,1,-1,-1
20,45,609.75,204.5,45.25,45.25,1,1,-1,-1
21,45,609.25,204.25,45.0,45.25,1,1,-1,-1
22,45,609.25,204.0,45.0,45.25,1,1,-1,-1
23,45,609.0,204.5,45.0,45.0,1,1,-1,-1
24,45,609.0,205.25,45.25,45.25,1,1,-1,-1
25,45,608.75,206.25,45.25,45.25,1,1,-1,-1
26,45,609.25,207.25,45.0,45.0,1,1,-1,-1
27,45,609.75,206.5,45.25,45.0,1,1,-1,-1
28,45,609.75,206.75,45.0,45.0,1,1,-1,-1
29,45,609.75,206.75,45.0,45.0,1,1,-1,-1
30,45,610.0,206.75,45.0,45.25,1,1,-1,-1
31,45,610.5,206.75,45.0,45.25,1,1,-1,-1
32,45,611.0,206.5,45.0,45.25,1,1,-1,-1
33,45,610.5,206.5,45.0,45.25,1,1,-1,-1
34,45,610.5,207.0,45.25,45.25,1,1,-1,-1
35,45,610.75,207.25,45.25,45.25,1,1,-1,-1
36,45,611.0,207.75,45.0,45.25,1,1,-1,-1
37,45,611.25,207.5,45.0,45.25,1,1,-1,-1
38,45,611.75,208.75,45.0,45.25,1,1,-1,-1
39,45,611.5,209.25,45.0,45.0,1,1,-1,-1
40,45,611.0,208.5,45.0,45.25,1,1,-1,-1
41,45,610.25,208.0,45.0,45.25,1,1,-1,-1
42,45,610.0,207.5,45.0,45.0,1,1,-1,-1
43,45,610.25,206.75,45.0,45.25,1,1,-1,-1
44,45,609.5,207.25,45.0,45.0,1,1,-1,-1
45,45,608.75,206.0,45.0,45.0,1,1,-1,-1
46,45,610.0,205.0,45.25,45.0,1,1,-1,-1
47,45,609.75,205.75,45.0,45.25,1,1,-1,-1
48,45,610.0,207.0,45.0,45.0,1,1,-1,-1
49,45,609.75,207.25,45.0,45.0,1,1,-1,-1
50,45,610.0,207.25,44.75,45.0,1,1,-1,-1
51,45,609.5,207.75,45.0,45.0,1,1,-1,-1
52,45,609.25,207.5,45.25,45.0,1,1,-1,-1
53,45,610.0,207.75,45.0,45.0,1,1,-1,-1
54,45,610.0,208.0,45.0,45.0,1,1,-1,-1
55,45,610.0,207.75,45.25,45.5,1,1,-1,-1
56,45,610.5,207.75,45.0,45.25,1,1,-1,-1
57,45,609.25,206.75,45.0,45.0,1,1,-1,-1
58,45,609.75,206.25,45.0,45.0,1,1,-1,-1
59,45,609.75,205.75,45.25,45.25,1,1,-1,-1
60,45,608.5,205.75,45.0,45.0,1,1,-1,-1
61,45,608.25,205.75,44.75,44.75,1,1,-1,-1
62,45,609.0,205.75,44.75,45.0,1,1,-1,-1
63,45,611.25,207.0,45.0,45.0,1,1,-1,-1
64,45,609.25,207.75,45.25,45.0,1,1,-1,-1
65,45,609.5,207.5,45.25,45.25,1,1,-1,-1
66,45,609.25,207.5,45.25,45.25,1,1,-1,-1
67,45,610.0,207.75,45.25,45.0,1,1,-1,-1
68,45,610.0,207.5,45.0,45.0,1,1,-1,-1
69,45,609.5,207.75,45.0,45.0,1,1,-1,-1
70,45,609.5,208.0,45.0,45.0,1,1,-1,-1
71,45,609.0,207.75,45.25,45.0,1,1,-1,-1
72,45,609.25,208.0,45.25,45.0,1,1,-1,-1
73,45,610.0,208.0,45.0,45.0,1,1,-1,-1
74,45,610.25,207.75,45.25,45.0,1,1,-1,-1
75,45,610.5,207.5,45.0,45.0,1,1,-1,-1
76,45,610.0,207.0,45.25,45.25,1,1,-1,-1
77,45,609.75,207.25,45.5,45.0,1,1,-1,-1
78,45,609.75,207.0,45.5,45.0,1,1,-1,-1
79,45,608.0,207.75,45.25,45.0,1,1,-1,-1
80,45,608.25,207.5,45.0,45.0,1,1,-1,-1
81,45,609.5,207.75,45.25,45.0,1,1,-1,-1
82,45,608.75,209.0,45.25,45.0,1,1,-1,-1
83,45,608.5,208.75,45.25,45.25,1,1,-1,-1
84,45,608.75,209.75,45.0,45.0,1,1,-1,-1
85,45,607.75,209.75,45.0,45.0,1,1,-1,-1
86,45,608.25,210.25,45.25,45.25,1,1,-1,-1
87,45,607.75,211.25,45.0,45.25,1,1,-1,-1
88,45,608.5,210.75,45.25,45.0,1,1,-1,-1
89,45,607.25,211.0,45.0,45.25,1,1,-1,-1
90,45,608.75,211.25,45.0,45.25,1,1,-1,-1
91,45,608.75,211.0,45.25,45.25,1,1,-1,-1
92,45,608.25,211.0,45.25,45.25,1,1,-1,-1
93,45,607.75,211.0,45.0,45.0,1,1,-1,-1
94,45,607.25,211.0,45.0,45.25,1,1,-1,-1
95,45,607.25,210.75,45.0,45.0,1,1,-1,-1
96,45,607.5,210.25,45.0,45.25,1,1,-1,-1
97,45,606.25,210.5,45.0,45.0,1,1,-1,-1
98,45,606.5,210.0,45.0,45.0,1,1,-1,-1
99,45,606.5,209.75,45.0,45.0,1,1,-1,-1
100,45,606.5,209.25,44.75,45.25,1,1,-1,-1
101,45,606.25,210.25,45.0,45.0,1,1,-1,-1
102,45,606.5,211.0,44.75,44.75,1,1,-1,-1
103,45,607.0,211.0,44.5,45.0,1,1,-1,-1
104,45,607.5,211.0,44.5,44.75,1,1,-1,-1
105,45,607.25,210.75,44.5,45.0,1,1,-1,-1
106,45,607.25,211.0,44.75,45.0,1,1,-1,-1
107,45,606.75,210.75,44.75,45.25,1,1,-1,-1
108,45,607.5,211.0,44.5,45.0,1,1,-1,-1
109,45,606.5,211.0,44.75,45.0,1,1,-1,-1
110,45,606.75,210.5,44.75,45.0,1,1,-1,-1
111,45,606.75,211.5,44.75,45.0,1,1,-1,-1
112,45,606.0,210.75,44.75,45.0,1,1,-1,-1
113,45,605.5,210.5,44.75,45.0,1,1,-1,-1
114,45,606.25,210.75,45.0,45.0,1,1,-1,-1
115,45,606.75,210.0,45.0,45.25,1,1,-1,-1
116,45,605.75,210.0,45.0,45.25,1,1,-1,-1
117,45,606.0,209.75,45.25,45.25,1,1,-1,-1
118,45,605.75,211.0,45.25,45.25,1,1,-1,-1
119,45,605.75,210.5,45.0,45.0,1,1,-1,-1
120,45,605.75,210.75,45.0,45.0,1,1,-1,-1
121,45,606.0,210.75,45.0,45.25,1,1,-1,-1
122,45,605.5,211.0,45.0,45.25,1,1,-1,-1
123,45,605.25,212.5,45.0,45.0,1,1,-1,-1
124,45,605.0,213.5,45.0,45.25,1,1,-1,-1
125,45,605.75,215.0,45.0,45.0,1,1,-1,-1
126,45,605.0,216.25,44.75,45.0,1,1,-1,-1
127,45,606.0,216.0,44.75,45.0,1,1,-1,-1
128,45,604.5,215.25,44.75,45.0,1,1,-1,-1
129,45,605.0,215.25,44.75,45.0,1,1,-1,-1
130,45,604.75,215.5,45.0,45.0,1,1,-1,-1
131,45,603.25,215.75,44.75,45.25,1,1,-1,-1
132,45,603.0,215.75,45.0,45.0,1,1,-1,-1
133,45,602.75,216.0,44.75,45.0,1,1,-1,-1
134,45,602.25,216.0,44.75,45.25,1,1,-1,-1
135,45,602.25,216.0,44.75,45.0,1,1,-1,-1
136,45,602.5,215.75,44.75,45.0,1,1,-1,-1
137,45,601.75,215.5,45.0,45.0,1,1,-1,-1
138,45,602.75,216.0,45.0,45.0,1,1,-1,-1
139,45,604.0,215.5,45.0,45.25,1,1,-1,-1
140,45,605.5,215.75,45.0,45.0,1,1,-1,-1
141,45,603.0,217.25,45.25,45.25,1,1,-1,-1
142,45,598.0,220.0,45.0,45.0,1,1,-1,-1
143,45,599.5,220.25,45.0,45.25,1,1,-1,-1
144,45,601.25,219.75,45.0,45.25,1,1,-1,-1
145,45,601.75,221.25,45.0,45.25,1,1,-1,-1
146,45,602.75,222.5,45.25,45.75,1,1,-1,-1
147,45,602.75,223.0,45.0,45.25,1,1,-1,-1
148,45,603.25,222.25,44.75,45.0,1,1,-1,-1
149,45,602.5,222.5,45.0,45.5,1,1,-1,-1
150,45,602.25,222.5,45.25,45.5,1,1,-1,-1
151,45,602.5,222.0,45.25,45.5,1,1,-1,-1
152,45,602.0,222.25,45.25,45.5,1,1,-1,-1
153,45,601.0,223.75,45.0,45.5,1,1,-1,-1
154,45,601.25,224.0,45.0,45.5,1,1,-1,-1
155,45,603.0,224.75,45.0,45.5,1,1,-1,-1
156,45,603.0,225.75,45.0,45.25,1,1,-1,-1
157,45,603.0,226.25,45.0,45.25,1,1,-1,-1
158,45,602.5,226.25,45.25,45.5,1,1,-1,-1
159,45,602.0,226.25,45.25,45.75,1,1,-1,-1
160,45,601.5,226.0,45.25,46.0,1,1,-1,-1
161,45,601.75,226.0,45.5,45.75,1,1,-1,-1
162,45,601.5,225.75,45.25,45.75,1,1,-1,-1
163,45,602.25,226.25,45.0,45.5,1,1,-1,-1
164,45,602.5,226.25,45.5,46.25,1,1,-1,-1
165,45,602.25,226.25,45.5,46.25,1,1,-1,-1
166,45,602.25,226.0,45.5,46.0,1,1,-1,-1
167,45,602.5,226.25,45.25,45.75,1,1,-1,-1
168,45,602.5,225.75,45.5,46.25,1,1,-1,-1
169,45,602.75,226.5,45.5,46.25,1,1,-1,-1
170,45,602.75,226.25,45.75,46.0,1,1,-1,-1
171,45,602.75,226.25,45.5,45.75,1,1,-1,-1
172,45,602.25,226.25,45.25,45.25,1,1,-1,-1
173,45,602.5,225.5,45.5,45.25,1,1,-1,-1
174,45,603.25,225.0,45.25,45.0,1,1,-1,-1
175,45,603.75,226.25,45.25,45.0,1,1,-1,-1
176,45,603.75,228.0,45.0,45.0,1,1,-1,-1
177,45,604.0,228.75,45.25,45.25,1,1,-1,-1
178,45,604.25,229.5,45.0,45.25,1,1,-1,-1
179,45,605.75,230.25,45.0,45.25,1,1,-1,-1
180,45,607.75,230.75,45.0,45.0,1,1,-1,-1
181,45,608.25,231.75,45.0,45.0,1,1,-1,-1
182,45,607.25,232.0,45.25,45.25,1,1,-1,-1
183,45,609.75,233.5,45.25,46.0,1,1,-1,-1
184,45,610.0,235.0,45.25,45.75,1,1,-1,-1
185,45,610.0,236.75,45.75,46.5,1,1,-1,-1
186,45,608.75,239.5,45.25,45.0,1,1,-1,-1
187,45,609.0,241.75,45.0,45.0,1,1,-1,-1
188,45,607.75,242.5,45.0,45.0,1,1,-1,-1
189,45,607.5,243.25,45.0,45.25,1,1,-1,-1
190,45,607.25,244.5,45.0,45.25,1,1,-1,-1
191,45,607.0,245.75,45.0,45.25,1,1,-1,-1
192,45,605.5,246.25,45.25,46.0,1,1,-1,-1
193,45,604.25,247.0,45.0,45.25,1,1,-1,-1
194,45,602.5,247.25,45.25,45.25,1,1,-1,-1
195,45,600.5,248.25,45.5,45.25,1,1,-1,-1
196,45,600.25,248.5,45.25,45.25,1,1,-1,-1
197,45,600.0,248.25,45.0,45.25,1,1,-1,-1
198,45,599.0,247.75,45.25,45.25,1,1,-1,-1
199,45,598.0,247.75,45.25,45.25,1,1,-1,-1
200,45,597.5,247.25,45.25,45.25,1,1,-1,-1
201,45,597.75,246.75,45.25,45.25,1,1,-1,-1
202,45,598.25,246.5,45.25,45.5,1,1,-1,-1
203,45,599.0,245.25,45.25,45.25,1,1,-1,-1
204,45,600.25,246.0,45.0,45.25,1,1,-1,-1
205,45,600.5,246.0,45.25,45.25,1,1,-1,-1
206,45,601.25,244.75,45.25,45.25,1,1,-1,-1
207,45,600.75,243.5,45.25,45.25,1,1,-1,-1
208,45,600.0,242.25,45.25,45.25,1,1,-1,-1
209,45,600.5,242.25,45.0,45.25,1,1,-1,-1
210,45,600.25,240.75,45.0,45.25,1,1,-1,-1
211,45,600.0,241.0,45.0,45.25,1,1,-1,-1
212,45,599.5,240.5,45.0,45.25,1,1,-1,-1
213,45,599.75,240.5,45.0,45.0,1,1,-1,-1
214,45,599.5,239.75,45.0,45.25,1,1,-1,-1
215,45,600.0,239.25,45.0,45.25,1,1,-1,-1
216,45,601.5,239.25,44.75,45.0,1,1,-1,-1
217,45,601.0,238.75,45.0,45.25,1,1,-1,-1
218,45,602.0,239.5,45.25,45.0,1,1,-1,-1
219,45,602.0,240.25,45.25,45.0,1,1,-1,-1
220,45,602.0,240.75,45.25,45.25,1,1,-1,-1
221,45,602.0,240.75,45.25,45.0,1,1,-1,-1
222,45,602.0,241.0,45.25,45.25,1,1,-1,-1
223,45,601.75,241.0,45.25,45.25,1,1,-1,-1
224,45,601.75,241.0,45.25,45.25,1,1,-1,-1
225,45,602.0,241.0,45.25,45.25,1,1,-1,-1
226,45,601.75,240.75,45.0,45.0,1,1,-1,-1
227,45,601.5,240.75,45.0,45.0,1,1,-1,-1
228,45,601.75,240.5,45.0,45.25,1,1,-1,-1
229,45,601.75,240.5,45.0,45.25,1,1,-1,-1
230,45,601.75,240.5,45.0,45.25,1,1,-1,-1
231,45,602.0,240.5,45.0,45.0,1,1,-1,-1
232,45,602.0,240.5,44.75,45.25,1,1,-1,-1
233,45,602.0,240.5,45.0,45.25,1,1,-1,-1
234,45,601.75,240.5,45.0,45.25,1,1,-1,-1
235,45,601.75,240.5,45.0,45.25,1,1,-1,-1
236,45,601.75,240.5,45.0,45.25,1,1,-1,-1
237,45,602.0,240.5,44.75,45.25,1,1,-1,-1
238,45,601.75,240.75,44.75,45.25,1,1,-1,-1
239,45,601.75,240.75,45.0,45.25,1,1,-1,-1
240,45,601.5,240.75,45.25,45.25,1,1,-1,-1
241,45,601.25,240.75,45.0,45.25,1,1,-1,-1
242,45,601.25,240.75,45.25,45.25,1,1,-1,-1
243,45,601.0,241.0,45.0,45.0,1,1,-1,-1
244,45,601.25,241.0,45.0,45.0,1,1,-1,-1
245,45,601.75,241.0,45.0,45.0,1,1,-1,-1
246,45,602.0,240.75,44.75,45.0,1,1,-1,-1
247,45,601.5,240.5,44.75,44.75,1,1,-1,-1
248,45,601.0,240.75,45.0,45.25,1,1,-1,-1
249,45,601.0,240.5,45.0,45.25,1,1,-1,-1
250,45,601.0,240.5,45.0,45.25,1,1,-1,-1
251,45,600.75,240.75,45.0,45.0,1,1,-1,-1
252,45,600.5,240.5,45.0,45.0,1,1,-1,-1
253,45,600.0,241.5,45.0,45.25,1,1,-1,-1
254,45,597.5,244.75,45.0,45.25,1,1,-1,-1
255,45,596.5,246.5,45.25,45.25,1,1,-1,-1
256,45,597.25,246.5,45.0,45.25,1,1,-1,-1
257,45,597.0,246.5,45.0,45.25,1,1,-1,-1
258,45,597.25,246.25,45.0,45.25,1,1,-1,-1
259,45,597.25,246.0,45.0,45.25,1,1,-1,-1
260,45,597.5,246.0,45.0,45.25,1,1,-1,-1
261,45,597.5,245.75,45.0,45.25,1,1,-1,-1
262,45,597.75,246.0,44.75,45.25,1,1,-1,-1
263,45,597.75,246.0,44.75,45.25,1,1,-1,-1
264,45,597.75,246.25,45.0,45.25,1,1,-1,-1
265,45,597.75,246.25,45.0,45.25,1,1,-1,-1
266,45,598.25,246.0,44.75,45.25,1,1,-1,-1
267,45,599.5,245.75,45.0,45.5,1,1,-1,-1
268,45,602.5,245.75,45.0,45.25,1,1,-1,-1
269,45,603.0,245.75,44.75,45.25,1,1,-1,-1
270,45,605.0,245.5,44.75,45.25,1,1,-1,-1
271,45,607.5,247.0,44.75,45.0,1,1,-1,-1
272,45,606.25,245.25,44.5,45.25,1,1,-1,-1
273,45,606.25,245.75,44.5,45.25,1,1,-1,-1
274,45,607.5,244.5,44.5,45.25,1,1,-1,-1
275,45,607.0,243.75,44.75,45.0,1,1,-1,-1
276,45,607.0,243.75,44.5,45.0,1,1,-1,-1
277,45,607.0,243.5,44.75,45.0,1,1,-1,-1
278,45,608.0,243.0,44.75,45.0,1,1,-1,-1
279,45,607.75,244.0,44.75,45.25,1,1,-1,-1
280,45,605.25,244.25,44.75,45.25,1,1,-1,-1
281,45,604.75,246.0,45.0,45.0,1,1,-1,-1
282,45,604.75,247.25,45.0,45.0,1,1,-1,-1
283,45,604.0,246.75,44.75,45.0,1,1,-1,-1
284,45,604.5,250.0,44.75,45.0,1,1,-1,-1
285,45,605.0,253.5,44.5,45.25,1,1,-1,-1
286,45,604.25,255.75,44.75,45.0,1,1,-1,-1
287,45,603.75,256.25,44.75,45.25,1,1,-1,-1
288,45,603.75,257.25,44.75,45.25,1,1,-1,-1
289,45,602.25,256.75,44.75,45.0,1,1,-1,-1
290,45,603.25,255.75,44.75,45.0,1,1,-1,-1
291,45,601.75,255.25,44.75,45.0,1,1,-1,-1
292,45,602.0,255.75,44.75,45.25,1,1,-1,-1
293,45,602.25,255.75,44.75,45.25,1,1,-1,-1
294,45,602.25,255.5,44.75,45.25,1,1,-1,-1
295,45,601.75,255.5,44.75,45.25,1,1,-1,-1
296,45,601.75,255.5,44.75,45.25,1,1,-1,-1
297,45,602.25,255.75,44.75,45.0,1,1,-1,-1
298,45,602.0,255.25,44.75,45.25,1,1,-1,-1
299,45,603.0,255.5,44.75,45.0,1,1,-1,-1
300,45,603.0,255.5,44.75,45.0,1,1,-1,-1
301,45,603.0,255.5,44.5,45.25,1,1,-1,-1
302,45,602.0,256.0,44.75,45.25,1,1,-1,-1
303,45,601.75,255.0,44.75,45.25,1,1,-1,-1
304,45,602.0,256.0,44.75,45.25,1,1,-1,-1
305,45,601.75,255.0,44.75,45.25,1,1,-1,-1
306,45,602.25,254.5,44.75,45.25,1,1,-1,-1
307,45,602.0,254.75,44.5,45.25,1,1,-1,-1
308,45,601.75,254.75,44.75,45.25,1,1,-1,-1
309,45,602.0,255.0,44.75,45.25,1,1,-1,-1
310,45,602.0,255.25,44.75,45.0,1,1,-1,-1
311,45,602.5,255.25,44.75,45.0,1,1,-1,-1
312,45,601.5,255.0,44.75,45.25,1,1,-1,-1
313,45,601.0,254.75,44.75,45.25,1,1,-1,-1
314,45,601.25,254.25,44.5,45.25,1,1,-1,-1
315,45,601.25,254.5,44.5,45.0,1,1,-1,-1
316,45,601.0,254.5,45.0,45.25,1,1,-1,-1
317,45,601.25,254.75,44.75,45.25,1,1,-1,-1
318,45,601.5,254.5,44.75,45.25,1,1,-1,-1
319,45,601.0,254.5,44.75,45.25,1,1,-1,-1
320,45,601.0,254.0,44.75,45.0,1,1,-1,-1
321,45,601.0,253.75,44.75,45.25,1,1,-1,-1
322,45,601.75,254.0,44.75,45.25,1,1,-1,-1
323,45,601.5,253.75,44.75,45.25,1,1,-1,-1
324,45,601.5,254.5,45.0,45.25,1,1,-1,-1
325,45,601.5,254.0,44.75,45.25,1,1,-1,-1
326,45,600.5,254.0,45.0,45.25,1,1,-1,-1
327,45,600.5,254.0,45.25,45.25,1,1,-1,-1
328,45,600.25,253.75,45.25,45.5,1,1,-1,-1
329,45,599.75,253.25,45.25,46.0,1,1,-1,-1
330,45,599.5,253.0,45.25,45.5,1,1,-1,-1
331,45,598.75,253.25,45.25,45.25,1,1,-1,-1
332,45,598.75,253.25,45.25,46.0,1,1,-1,-1
333,45,599.5,253.5,45.25,45.75,1,1,-1,-1
334,45,599.25,253.25,45.25,45.5,1,1,-1,-1
335,45,598.25,254.0,45.0,45.25,1,1,-1,-1
336,45,599.5,254.5,45.0,45.25,1,1,-1,-1
337,45,600.25,254.0,45.25,46.25,1,1,-1,-1
338,45,599.75,254.0,45.25,45.5,1,1,-1,-1
339,45,599.25,253.75,45.0,45.25,1,1,-1,-1
340,45,599.5,254.25,44.75,45.25,1,1,-1,-1
341,45,598.75,253.75,44.75,45.25,1,1,-1,-1
342,45,599.25,254.25,44.75,45.0,1,1,-1,-1
343,45,599.5,254.75,44.75,45.25,1,1,-1,-1
344,45,599.5,254.75,45.0,45.0,1,1,-1,-1
345,45,600.25,255.75,44.75,45.0,1,1,-1,-1
346,45,600.5,255.25,44.75,45.0,1,1,-1,-1
347,45,600.5,254.5,44.75,45.0,1,1,-1,-1
348,45,600.25,253.75,44.75,45.0,1,1,-1,-1
349,45,600.25,253.75,44.75,45.0,1,1,-1,-1
350,45,599.0,253.5,44.75,45.25,1,1,-1,-1
351,45,598.75,253.5,45.0,45.25,1,1,-1,-1
352,45,597.25,253.5,45.0,45.25,1,1,-1,-1
353,45,597.25,253.25,45.25,45.5,1,1,-1,-1
354,45,597.0,253.5,45.25,45.25,1,1,-1,-1
355,45,596.5,253.5,45.0,45.25,1,1,-1,-1
356,45,595.75,253.25,45.25,45.25,1,1,-1,-1
357,45,593.75,251.75,45.25,45.5,1,1,-1,-1
358,45,593.0,252.25,45.25,45.5,1,1,-1,-1
359,45,591.25,249.0,45.25,45.5,1,1,-1,-1
360,45,591.0,248.75,45.0,45.5,1,1,-1,-1
361,45,591.0,248.75,45.0,45.5,1,1,-1,-1
362,45,591.5,248.0,45.5,47.0,1,1,-1,-1
363,45,592.0,245.5,45.0,45.5,1,1,-1,-1
364,45,592.0,247.25,45.0,45.5,1,1,-1,-1
365,45,591.25,247.5,45.0,45.5,1,1,-1,-1
366,45,591.0,247.25,45.25,45.5,1,1,-1,-1
367,45,591.25,246.25,45.0,45.5,1,1,-1,-1
368,45,590.5,247.25,45.0,45.25,1,1,-1,-1
369,45,590.25,246.0,45.25,45.5,1,1,-1,-1
370,45,590.5,246.5,45.0,45.5,1,1,-1,-1
371,45,590.25,246.0,45.0,45.5,1,1,-1,-1
372,45,589.75,247.0,45.25,45.5,1,1,-1,-1
373,45,591.75,246.75,45.0,45.5,1,1,-1,-1
374,45,592.5,250.25,45.0,45.25,1,1,-1,-1
375,45,593.5,252.25,44.75,45.25,1,1,-1,-1
376,45,593.25,251.5,44.75,45.25,1,1,-1,-1
377,45,593.75,251.5,44.75,45.5,1,1,-1,-1
378,45,594.0,251.0,45.0,45.25,1,1,-1,-1
379,45,593.25,250.25,45.0,45.25,1,1,-1,-1
380,45,592.0,250.5,45.0,45.25,1,1,-1,-1
381,45,592.25,250.5,45.0,45.25,1,1,-1,-1
382,45,589.25,248.75,45.0,45.5,1,1,-1,-1
383,45,590.25,249.25,45.0,45.25,1,1,-1,-1
384,45,594.25,249.25,44.75,45.5,1,1,-1,-1
385,45,594.25,249.75,45.0,45.25,1,1,-1,-1
386,45,595.5,250.25,45.25,45.25,1,1,-1,-1
387,45,594.25,250.25,45.0,45.0,1,1,-1,-1
388,45,593.5,250.25,45.0,45.25,1,1,-1,-1
389,45,592.5,250.5,45.0,45.25,1,1,-1,-1
390,45,594.0,250.75,45.25,45.25,1,1,-1,-1
391,45,593.75,250.75,45.0,45.5,1,1,-1,-1
392,45,594.75,251.0,44.75,45.25,1,1,-1,-1
393,45,594.25,251.0,44.75,45.25,1,1,-1,-1
394,45,594.0,251.5,44.75,45.5,1,1,-1,-1
395,45,595.0,251.5,44.75,45.25,1,1,-1,-1
396,45,595.25,251.5,44.75,45.25,1,1,-1,-1
397,45,596.25,252.0,44.75,45.25,1,1,-1,-1
398,45,596.5,252.0,44.75,45.25,1,1,-1,-1
399,45,597.75,252.0,44.75,45.25,1,1,-1,-1
400,45,598.75,251.75,44.75,45.25,1,1,-1,-1
401,45,598.75,251.5,44.75,45.0,1,1,-1,-1
402,45,596.5,251.0,44.75,45.0,1,1,-1,-1
403,45,597.0,251.0,44.75,45.0,1,1,-1,-1
404,45,597.5,251.0,44.75,45.0,1,1,-1,-1
405,45,597.5,250.5,44.75,45.25,1,1,-1,-1
406,45,597.25,250.5,45.0,45.25,1,1,-1,-1
407,45,597.5,249.75,45.0,45.25,1,1,-1,-1
408,45,597.5,249.0,45.25,46.0,1,1,-1,-1
409,45,597.25,250.0,45.25,45.25,1,1,-1,-1
410,45,597.5,250.5,45.0,45.25,1,1,-1,-1
411,45,597.25,250.5,45.0,45.25,1,1,-1,-1
412,45,597.5,250.75,45.0,45.0,1,1,-1,-1
413,45,597.25,251.25,44.75,45.25,1,1,-1,-1
414,45,597.0,251.25,45.0,45.25,1,1,-1,-1
415,45,596.5,251.0,45.25,45.5,1,1,-1,-1
416,45,596.75,251.0,45.0,45.25,1,1,-1,-1
417,45,596.75,251.0,45.0,45.5,1,1,-1,-1
418,45,596.5,250.5,45.25,45.5,1,1,-1,-1
419,45,596.0,249.5,45.5,47.25,1,1,-1,-1
420,45,596.5,249.75,45.25,46.0,1,1,-1,-1
421,45,596.75,250.0,45.25,45.75,1,1,-1,-1
422,45,596.25,249.5,45.25,45.75,1,1,-1,-1
423,45,595.5,249.75,45.25,46.0,1,1,-1,-1
424,45,595.25,248.75,45.5,47.0,1,1,-1,-1
425,45,595.75,249.25,45.25,46.0,1,1,-1,-1
426,45,596.5,250.0,45.25,45.75,1,1,-1,-1
427,45,595.75,250.25,45.25,45.25,1,1,-1,-1
428,45,595.5,249.75,45.0,45.25,1,1,-1,-1
429,45,595.5,250.0,45.0,45.25,1,1,-1,-1
430,45,595.5,250.5,44.75,45.25,1,1,-1,-1
431,45,595.75,250.75,45.0,45.25,1,1,-1,-1
432,45,595.25,250.5,45.0,45.25,1,1,-1,-1
433,45,595.75,250.5,45.25,45.25,1,1,-1,-1
434,45,595.75,250.25,45.0,45.25,1,1,-1,-1
435,45,595.75,250.0,45.0,45.25,1,1,-1,-1
436,45,596.25,250.0,45.0,45.25,1,1,-1,-1
437,45,596.0,250.0,45.0,45.25,1,1,-1,-1
438,45,597.0,250.25,45.0,45.25,1,1,-1,-1
439,45,595.0,250.5,45.0,45.25,1,1,-1,-1
440,45,595.5,250.75,45.0,45.25,1,1,-1,-1
441,45,595.75,249.75,45.0,45.25,1,1,-1,-1
442,45,595.0,249.75,44.75,45.0,1,1,-1,-1
443,45,594.75,249.25,44.75,45.25,1,1,-1,-1
444,45,594.5,249.75,45.0,45.25,1,1,-1,-1
445,45,595.0,250.25,45.0,45.25,1,1,-1,-1
446,45,594.75,250.25,45.0,45.25,1,1,-1,-1
447,45,594.25,250.5,45.0,45.25,1,1,-1,-1
448,45,593.5,250.5,45.0,45.0,1,1,-1,-1
449,45,593.25,250.5,45.0,45.25,1,1,-1,-1
450,45,592.75,250.5,45.0,45.25,1,1,-1,-1
451,45,593.0,250.5,44.75,45.0,1,1,-1,-1
452,45,593.0,250.25,45.0,45.0,1,1,-1,-1
453,45,592.75,250.0,45.0,45.0,1,1,-1,-1
454,45,590.75,250.5,45.0,45.0,1,1,-1,-1
455,45,591.75,251.0,44.75,45.25,1,1,-1,-1
456,45,592.5,251.75,44.75,45.0,1,1,-1,-1
457,45,592.75,251.25,44.75,45.25,1,1,-1,-1
458,45,593.75,251.5,44.75,45.25,1,1,-1,-1
459,45,594.75,250.75,44.75,45.0,1,1,-1,-1
460,45,597.25,250.5,45.0,45.0,1,1,-1,-1
461,45,596.75,250.0,45.0,45.5,1,1,-1,-1
462,45,594.0,249.0,45.0,45.25,1,1,-1,-1
463,45,591.5,247.0,45.0,45.25,1,1,-1,-1
464,45,587.25,245.0,45.0,45.25,1,1,-1,-1
465,45,588.25,244.25,45.25,45.25,1,1,-1,-1
466,45,588.5,242.25,45.25,45.25,1,1,-1,-1
467,45,589.0,239.25,44.75,45.25,1,1,-1,-1
468,45,588.75,238.25,45.0,45.25,1,1,-1,-1
469,45,588.5,238.25,45.0,45.25,1,1,-1,-1
470,45,588.0,238.25,45.0,45.0,1,1,-1,-1
471,45,587.25,238.25,45.25,45.25,1,1,-1,-1
472,45,586.25,238.0,45.0,45.0,1,1,-1,-1
473,45,585.25,238.0,45.0,45.25,1,1,-1,-1
474,45,585.5,236.25,45.0,45.0,1,1,-1,-1
475,45,586.0,235.0,45.0,45.0,1,1,-1,-1
476,45,587.0,232.0,45.0,45.0,1,1,-1,-1
477,45,588.5,230.75,45.0,45.25,1,1,-1,-1
478,45,592.0,226.75,45.0,45.25,1,1,-1,-1
479,45,593.25,224.5,45.5,45.5,1,1,-1,-1
480,45,594.5,219.75,45.0,45.25,1,1,-1,-1
481,45,595.75,217.75,45.0,45.25,1,1,-1,-1
482,45,596.0,216.75,45.0,45.25,1,1,-1,-1
483,45,594.5,216.5,45.25,45.0,1,1,-1,-1
484,45,593.0,213.5,45.25,45.5,1,1,-1,-1
485,45,592.0,210.25,45.25,45.25,1,1,-1,-1
486,45,591.75,205.25,45.25,45.25,1,1,-1,-1
487,45,591.0,200.75,45.25,45.25,1,1,-1,-1
488,45,590.5,195.25,45.25,44.5,1,1,-1,-1
489,45,593.0,191.0,45.0,45.0,1,1,-1,-1
490,45,592.5,190.5,45.25,45.0,1,1,-1,-1
491,45,593.75,190.0,45.0,45.0,1,1,-1,-1
492,45,595.0,188.25,45.25,45.0,1,1,-1,-1
493,45,595.75,188.0,45.25,45.0,1,1,-1,-1
494,45,597.0,187.75,45.25,45.25,1,1,-1,-1
495,45,597.75,188.5,45.25,45.25,1,1,-1,-1
496,45,599.25,188.25,45.0,45.25,1,1,-1,-1
497,45,601.25,188.0,45.25,45.5,1,1,-1,-1
498,45,601.5,190.0,45.0,45.0,1,1,-1,-1
499,45,602.5,190.25,45.0,45.0,1,1,-1,-1
500,45,602.25,190.75,45.0,45.0,1,1,-1,-1
1,46,434.0,303.75,45.25,45.0,1,1,-1,-1
2,46,433.0,303.25,45.5,45.0,1,1,-1,-1
3,46,434.25,303.25,45.5,45.0,1,1,-1,-1
4,46,434.75,303.75,45.25,45.0,1,1,-1,-1
5,46,433.75,303.25,45.25,44.75,1,1,-1,-1
6,46,433.75,302.75,45.25,44.75,1,1,-1,-1
7,46,434.5,302.0,45.25,44.75,1,1,-1,-1
8,46,433.25,301.75,45.5,45.0,1,1,-1,-1
9,46,434.5,302.0,45.25,44.75,1,1,-1,-1
10,46,434.25,301.75,45.5,45.25,1,1,-1,-1
11,46,434.25,301.25,45.5,45.25,1,1,-1,-1
12,46,434.75,301.25,45.5,45.0,1,1,-1,-1
13,46,434.75,301.25,45.5,45.25,1,1,-1,-1
14,46,433.75,301.75,45.25,45.0,1,1,-1,-1
15,46,434.25,301.25,45.5,45.0,1,1,-1,-1
16,46,435.25,301.25,45.5,45.0,1,1,-1,-1
17,46,433.0,301.75,45.5,45.0,1,1,-1,-1
18,46,434.25,302.25,45.25,45.25,1,1,-1,-1
19,46,434.75,301.5,45.5,45.25,1,1,-1,-1
20,46,434.0,303.0,45.5,45.0,1,1,-1,-1
21,46,435.25,301.25,45.5,45.0,1,1,-1,-1
22,46,435.5,301.5,45.5,45.0,1,1,-1,-1
23,46,435.5,301.75,45.25,45.0,1,1,-1,-1
24,46,435.25,301.75,45.25,45.0,1,1,-1,-1
25,46,435.75,302.0,45.5,45.25,1,1,-1,-1
26,46,435.75,303.0,45.25,45.0,1,1,-1,-1
27,46,435.5,303.25,45.5,45.0,1,1,-1,-1
28,46,435.5,303.5,45.25,45.25,1,1,-1,-1
29,46,435.0,302.25,45.25,45.0,1,1,-1,-1
30,46,435.0,302.5,45.25,45.0,1,1,-1,-1
31,46,434.75,302.25,45.5,45.0,1,1,-1,-1
32,46,435.0,302.5,45.5,45.0,1,1,-1,-1
33,46,435.75,302.0,45.25,45.0,1,1,-1,-1
34,46,435.5,301.75,45.25,45.25,1,1,-1,-1
35,46,435.5,302.25,45.5,45.0,1,1,-1,-1
36,46,435.5,302.0,45.25,45.25,1,1,-1,-1
37,46,435.5,301.75,45.5,45.0,1,1,-1,-1
38,46,435.75,302.0,45.25,45.25,1,1,-1,-1
39,46,436.0,301.75,45.25,45.25,1,1,-1,-1
40,46,435.75,302.25,45.5,45.0,1,1,-1,-1
41,46,435.75,302.0,45.5,45.25,1,1,-1,-1
42,46,436.0,302.0,45.5,45.25,1,1,-1,-1
43,46,436.0,301.75,45.5,45.25,1,1,-1,-1
44,46,436.25,301.75,45.5,45.25,1,1,-1,-1
45,46,435.75,301.5,45.5,45.25,1,1,-1,-1
46,46,435.75,301.75,45.5,45.25,1,1,-1,-1
47,46,436.75,302.0,45.5,45.25,1,1,-1,-1
48,46,435.75,301.5,45.5,45.25,1,1,-1,-1
49,46,436.75,300.75,45.5,45.0,1,1,-1,-1
50,46,437.5,300.25,45.25,45.0,1,1,-1,-1
51,46,436.25,299.75,45.5,45.0,1,1,-1,-1
52,46,436.5,299.5,45.5,45.0,1,1,-1,-1
53,46,437.0,299.25,45.25,45.0,1,1,-1,-1
54,46,437.25,299.5,45.5,45.0,1,1,-1,-1
55,46,437.75,299.25,45.5,45.0,1,1,-1,-1
56,46,437.75,298.5,45.5,45.0,1,1,-1,-1
57,46,438.0,298.5,45.5,45.0,1,1,-1,-1
58,46,438.25,298.25,45.25,45.0,1,1,-1,-1
59,46,438.0,298.0,45.5,45.0,1,1,-1,-1
60,46,438.25,298.0,45.5,45.0,1,1,-1,-1
61,46,438.25,298.0,45.5,44.75,1,1,-1,-1
62,46,438.25,298.0,45.25,44.75,1,1,-1,-1
63,46,438.0,297.75,45.25,44.75,1,1,-1,-1
64,46,437.5,297.5,45.5,44.75,1,1,-1,-1
65,46,437.25,298.0,45.25,44.75,1,1,-1,-1
66,46,437.0,297.75,45.5,44.75,1,1,-1,-1
67,46,436.75,297.5,45.5,44.75,1,1,-1,-1
68,46,436.5,297.5,45.5,44.75,1,1,-1,-1
69,46,437.25,297.25,45.25,44.75,1,1,-1,-1
70,46,437.75,297.25,45.25,44.75,1,1,-1,-1
71,46,438.0,297.25,45.25,44.75,1,1,-1,-1
72,46,438.25,297.5,45.25,45.0,1,1,-1,-1
73,46,438.25,298.0,45.25,45.0,1,1,-1,-1
74,46,438.25,298.0,45.25,45.0,1,1,-1,-1
75,46,438.25,298.25,45.25,45.0,1,1,-1,-1
76,46,439.0,298.5,45.25,45.25,1,1,-1,-1
77,46,439.5,300.0,45.25,45.0,1,1,-1,-1
78,46,439.25,300.25,45.25,44.75,1,1,-1,-1
79,46,438.75,299.5,45.25,45.0,1,1,-1,-1
80,46,438.75,299.5,45.25,44.75,1,1,-1,-1
81,46,438.75,298.75,45.25,45.0,1,1,-1,-1
82,46,439.75,298.75,45.25,45.0,1,1,-1,-1
83,46,440.0,298.0,45.25,45.0,1,1,-1,-1
84,46,440.5,298.0,45.5,45.0,1,1,-1,-1
85,46,440.75,298.75,45.25,45.0,1,1,-1,-1
86,46,440.5,298.75,45.25,45.0,1,1,-1,-1
87,46,440.5,298.5,45.25,45.0,1,1,-1,-1
88,46,440.5,298.0,45.25,45.25,1,1,-1,-1
89,46,440.5,298.25,45.25,45.25,1,1,-1,-1
90,46,440.5,298.75,45.25,45.0,1,1,-1,-1
91,46,440.25,298.75,45.25,45.0,1,1,-1,-1
92,46,440.0,298.75,45.25,45.0,1,1,-1,-1
93,46,439.75,298.25,45.5,45.25,1,1,-1,-1
94,46,439.5,297.75,45.5,45.25,1,1,-1,-1
95,46,439.25,298.25,45.5,45.0,1,1,-1,-1
96,46,439.25,298.25,45.5,45.25,1,1,-1,-1
97,46,439.5,298.5,45.25,45.0,1,1,-1,-1
98,46,439.5,298.5,45.25,45.0,1,1,-1,-1
99,46,439.25,298.5,45.5,45.0,1,1,-1,-1
100,46,439.25,298.25,45.5,45.0,1,1,-1,-1
101,46,439.5,298.0,45.5,45.25,1,1,-1,-1
102,46,439.75,298.0,45.5,45.25,1,1,-1,-1
103,46,439.75,298.0,45.25,45.25,1,1,-1,-1
104,46,439.75,298.25,45.5,45.0,1,1,-1,-1
105,46,439.75,298.25,45.5,45.25,1,1,-1,-1
106,46,439.75,298.25,45.25,45.25,1,1,-1,-1
107,46,439.5,298.0,45.5,45.25,1,1,-1,-1
108,46,439.75,298.0,45.25,45.25,1,1,-1,-1
109,46,439.5,298.0,45.5,45.25,1,1,-1,-1
110,46,439.75,298.25,45.25,45.25,1,1,-1,-1
111,46,439.75,298.25,45.25,45.25,1,1,-1,-1
112,46,439.25,298.25,45.5,45.0,1,1,-1,-1
113,46,439.25,298.0,45.5,45.25,1,1,-1,-1
114,46,439.25,298.25,45.25,45.25,1,1,-1,-1
115,46,439.25,298.25,45.5,45.25,1,1,-1,-1
116,46,439.5,298.25,45.5,45.0,1,1,-1,-1
117,46,439.5,298.75,45.25,45.0,1,1,-1,-1
118,46,439.25,298.75,45.5,45.0,1,1,-1,-1
119,46,439.25,298.75,45.25,45.25,1,1,-1,-1
120,46,439.25,298.75,45.5,45.0,1,1,-1,-1
121,46,439.25,298.5,45.25,45.25,1,1,-1,-1
122,46,439.25,299.25,45.5,45.25,1,1,-1,-1
123,46,439.25,299.25,45.25,45.25,1,1,-1,-1
124,46,439.5,299.25,45.25,45.25,1,1,-1,-1
125,46,439.5,299.25,45.25,45.0,1,1,-1,-1
126,46,439.75,298.25,45.25,45.25,1,1,-1,-1
127,46,440.0,298.5,45.5,45.0,1,1,-1,-1
128,46,439.5,299.0,45.5,45.0,1,1,-1,-1
129,46,439.75,298.75,45.5,45.0,1,1,-1,-1
130,46,440.0,298.25,45.5,45.0,1,1,-1,-1
131,46,439.75,298.75,45.5,45.25,1,1,-1,-1
132,46,440.25,298.75,45.25,45.0,1,1,-1,-1
133,46,440.25,298.5,45.5,45.0,1,1,-1,-1
134,46,440.25,298.5,45.25,45.25,1,1,-1,-1
135,46,439.75,299.5,45.25,45.0,1,1,-1,-1
136,46,440.0,300.0,45.25,44.75,1,1,-1,-1
137,46,439.75,299.0,45.25,45.0,1,1,-1,-1
138,46,439.0,299.0,45.25,45.0,1,1,-1,-1
139,46,439.25,299.25,45.25,45.0,1,1,-1,-1
140,46,439.0,299.5,45.5,45.0,1,1,-1,-1
141,46,439.0,299.25,45.25,45.0,1,1,-1,-1
142,46,439.25,299.5,45.25,45.0,1,1,-1,-1
143,46,439.25,299.25,45.25,45.0,1,1,-1,-1
144,46,439.75,299.25,45.25,45.0,1,1,-1,-1
145,46,439.75,299.0,45.25,44.75,1,1,-1,-1
146,46,438.0,298.5,45.25,44.75,1,1,-1,-1
147,46,438.75,298.5,45.25,45.0,1,1,-1,-1
148,46,439.0,298.5,45.25,45.0,1,1,-1,-1
149,46,438.75,298.75,45.25,45.0,1,1,-1,-1
150,46,438.75,298.75,45.5,45.0,1,1,-1,-1
151,46,438.5,299.0,45.5,45.0,1,1,-1,-1
152,46,438.25,299.25,45.25,44.75,1,1,-1,-1
153,46,439.5,298.75,45.5,45.0,1,1,-1,-1
154,46,440.0,298.75,45.25,45.0,1,1,-1,-1
155,46,439.75,299.0,45.5,45.25,1,1,-1,-1
156,46,438.75,299.25,45.5,45.25,1,1,-1,-1
157,46,439.0,299.25,45.25,45.0,1,1,-1,-1
158,46,438.75,299.25,45.5,45.25,1,1,-1,-1
159,46,438.75,299.5,45.5,45.0,1,1,-1,-1
160,46,439.0,299.25,45.5,45.0,1,1,-1,-1
161,46,439.0,299.25,45.5,45.25,1,1,-1,-1
162,46,439.0,299.0,45.5,45.25,1,1,-1,-1
163,46,438.75,299.75,45.5,45.0,1,1,-1,-1
164,46,438.5,299.5,45.5,45.25,1,1,-1,-1
165,46,438.75,299.5,45.5,45.25,1,1,-1,-1
166,46,438.75,299.5,45.5,45.0,1,1,-1,-1
167,46,439.0,299.5,45.25,45.0,1,1,-1,-1
168,46,438.75,299.25,45.5,45.0,1,1,-1,-1
169,46,438.75,299.0,45.5,45.0,1,1,-1,-1
170,46,438.5,298.75,45.5,45.0,1,1,-1,-1
171,46,438.5,299.0,45.25,45.0,1,1,-1,-1
172,46,438.25,299.0,45.5,44.75,1,1,-1,-1
173,46,438.5,299.0,45.25,45.0,1,1,-1,-1
174,46,438.5,299.25,45.5,45.0,1,1,-1,-1
175,46,438.5,299.5,45.5,44.75,1,1,-1,-1
176,46,438.75,299.5,45.25,45.0,1,1,-1,-1
177,46,438.75,299.5,45.5,45.0,1,1,-1,-1
178,46,439.0,299.25,45.5,45.25,1,1,-1,-1
179,46,439.0,299.5,45.5,45.0,1,1,-1,-1
180,46,439.0,299.5,45.5,45.0,1,1,-1,-1
181,46,439.25,299.5,45.5,45.0,1,1,-1,-1
182,46,439.0,299.5,45.5,45.0,1,1,-1,-1
183,46,439.0,299.5,45.5,45.0,1,1,-1,-1
184,46,439.0,299.5,45.5,45.0,1,1,-1,-1
185,46,439.0,299.5,45.5,45.0,1,1,-1,-1
186,46,438.75,299.75,45.5,45.0,1,1,-1,-1
187,46,439.0,299.75,45.25,45.0,1,1,-1,-1
188,46,438.75,299.75,45.5,45.0,1,1,-1,-1
189,46,438.75,299.75,45.5,45.0,1,1,-1,-1
190,46,438.5,299.75,45.5,45.0,1,1,-1,-1
191,46,438.75,299.5,45.5,45.0,1,1,-1,-1
192,46,438.75,299.75,45.5,45.0,1,1,-1,-1
193,46,438.75,299.5,45.5,45.0,1,1,-1,-1
194,46,438.75,299.5,45.25,45.0,1,1,-1,-1
195,46,438.75,299.5,45.5,45.0,1,1,-1,-1
196,46,438.75,299.5,45.5,45.0,1,1,-1,-1
197,46,438.75,299.25,45.5,45.25,1,1,-1,-1
198,46,439.75,299.25,45.25,45.0,1,1,-1,-1
199,46,439.25,299.5,45.5,45.0,1,1,-1,-1
200,46,439.0,299.25,45.5,45.0,1,1,-1,-1
201,46,439.0,299.0,45.5,45.25,1,1,-1,-1
202,46,439.5,299.0,45.5,45.0,1,1,-1,-1
203,46,439.25,299.75,45.25,45.0,1,1,-1,-1
204,46,439.25,299.5,45.25,45.0,1,1,-1,-1
205,46,439.25,299.5,45.25,45.0,1,1,-1,-1
206,46,438.75,299.25,45.25,45.0,1,1,-1,-1
207,46,438.75,299.0,45.5,45.25,1,1,-1,-1
208,46,438.75,299.25,45.5,45.0,1,1,-1,-1
209,46,438.75,299.25,45.5,45.0,1,1,-1,-1
210,46,439.0,299.0,45.5,45.25,1,1,-1,-1
211,46,438.5,299.5,45.5,44.75,1,1,-1,-1
212,46,439.0,299.25,45.25,45.0,1,1,-1,-1
213,46,439.0,299.25,45.25,45.25,1,1,-1,-1
214,46,439.0,299.5,45.25,45.0,1,1,-1,-1
215,46,439.0,299.75,45.25,45.0,1,1,-1,-1
216,46,439.5,300.0,45.0,45.0,1,1,-1,-1
217,46,440.0,300.75,45.25,45.0,1,1,-1,-1
218,46,440.0,301.0,45.25,44.75,1,1,-1,-1
219,46,440.25,301.0,45.25,45.0,1,1,-1,-1
220,46,440.0,300.75,45.25,45.0,1,1,-1,-1
221,46,440.25,301.0,45.25,44.75,1,1,-1,-1
222,46,439.75,300.5,45.25,45.0,1,1,-1,-1
223,46,439.5,299.75,45.25,45.0,1,1,-1,-1
224,46,439.5,300.25,45.25,45.0,1,1,-1,-1
225,46,440.25,300.5,45.0,45.0,1,1,-1,-1
226,46,440.5,300.5,45.25,45.0,1,1,-1,-1
227,46,439.25,299.5,45.5,45.0,1,1,-1,-1
228,46,439.0,299.25,45.25,45.0,1,1,-1,-1
229,46,439.0,299.25,45.25,45.0,1,1,-1,-1
230,46,439.0,299.25,45.25,45.0,1,1,-1,-1
231,46,439.0,299.25,45.25,45.0,1,1,-1,-1
232,46,439.0,299.25,45.25,45.0,1,1,-1,-1
233,46,439.0,299.0,45.25,45.0,1,1,-1,-1
234,46,439.0,299.0,45.25,45.25,1,1,-1,-1
235,46,439.25,299.5,45.25,45.0,1,1,-1,-1
236,46,439.0,299.0,45.0,45.0,1,1,-1,-1
237,46,439.0,299.0,45.0,45.0,1,1,-1,-1
238,46,438.75,299.0,45.25,45.0,1,1,-1,-1
239,46,438.75,298.75,45.25,45.0,1,1,-1,-1
240,46,438.75,298.75,45.25,45.0,1,1,-1,-1
241,46,439.0,298.75,45.25,45.25,1,1,-1,-1
242,46,439.0,299.0,45.25,45.0,1,1,-1,-1
243,46,439.0,299.0,45.25,45.0,1,1,-1,-1
244,46,439.0,299.25,45.25,44.75,1,1,-1,-1
245,46,439.0,299.25,45.25,44.75,1,1,-1,-1
246,46,439.0,299.25,45.25,44.75,1,1,-1,-1
247,46,439.0,299.25,45.25,45.0,1,1,-1,-1
248,46,439.0,299.25,45.25,45.0,1,1,-1,-1
249,46,439.0,299.0,45.25,45.25,1,1,-1,-1
250,46,439.0,299.25,45.25,45.0,1,1,-1,-1
251,46,438.75,299.5,45.25,45.0,1,1,-1,-1
252,46,438.5,299.5,45.5,45.0,1,1,-1,-1
253,46,438.75,299.5,45.25,45.0,1,1,-1,-1
254,46,438.75,299.5,45.25,45.25,1,1,-1,-1
255,46,438.75,299.25,45.25,45.25,1,1,-1,-1
256,46,438.75,299.25,45.5,45.0,1,1,-1,-1
257,46,438.75,299.25,45.5,45.0,1,1,-1,-1
258,46,439.0,299.0,45.25,45.25,1,1,-1,-1
259,46,439.0,299.0,45.25,45.0,1,1,-1,-1
260,46,438.75,298.75,45.25,45.0,1,1,-1,-1
261,46,438.75,298.75,45.25,45.0,1,1,-1,-1
262,46,438.75,298.5,45.25,45.25,1,1,-1,-1
263,46,438.5,298.5,45.25,45.0,1,1,-1,-1
264,46,436.5,299.25,45.25,45.0,1,1,-1,-1
265,46,440.5,302.5,45.0,45.0,1,1,-1,-1
266,46,441.5,299.5,45.0,45.0,1,1,-1,-1
267,46,441.5,299.5,45.0,45.0,1,1,-1,-1
268,46,441.5,299.5,45.0,45.0,1,1,-1,-1
269,46,434.5,300.0,45.5,45.25,1,1,-1,-1
270,46,439.0,299.25,45.25,45.0,1,1,-1,-1
271,46,439.0,299.25,45.25,44.75,1,1,-1,-1
272,46,439.0,299.0,45.0,45.0,1,1,-1,-1
273,46,438.75,299.25,45.25,44.75,1,1,-1,-1
274,46,438.75,299.0,45.25,45.0,1,1,-1,-1
275,46,438.75,299.0,45.25,45.0,1,1,-1,-1
276,46,438.75,299.0,45.25,45.0,1,1,-1,-1
277,46,438.5,299.0,45.5,45.0,1,1,-1,-1
278,46,438.5,299.0,45.25,45.0,1,1,-1,-1
279,46,438.5,299.0,45.5,45.0,1,1,-1,-1
280,46,438.75,299.0,45.25,44.75,1,1,-1,-1
281,46,438.75,298.75,45.5,45.0,1,1,-1,-1
282,46,439.0,298.75,45.25,45.0,1,1,-1,-1
283,46,439.0,298.75,45.0,45.0,1,1,-1,-1
284,46,438.75,298.75,45.25,45.0,1,1,-1,-1
285,46,438.75,298.75,45.5,45.0,1,1,-1,-1
286,46,438.75,298.75,45.25,45.0,1,1,-1,-1
287,46,438.75,298.75,45.25,45.0,1,1,-1,-1
288,46,438.75,298.75,45.25,45.0,1,1,-1,-1
289,46,438.5,298.75,45.5,45.0,1,1,-1,-1
290,46,438.75,299.0,45.25,45.0,1,1,-1,-1
291,46,438.75,298.75,45.25,45.0,1,1,-1,-1
292,46,438.75,298.75,45.25,45.0,1,1,-1,-1
293,46,438.75,298.75,45.25,45.0,1,1,-1,-1
294,46,438.75,298.75,45.25,45.25,1,1,-1,-1
295,46,438.5,298.75,45.5,45.0,1,1,-1,-1
296,46,438.75,298.75,45.25,45.0,1,1,-1,-1
297,46,438.75,298.75,45.25,45.0,1,1,-1,-1
298,46,438.75,298.75,45.5,45.0,1,1,-1,-1
299,46,438.75,298.75,45.25,45.0,1,1,-1,-1
300,46,438.75,298.75,45.25,45.0,1,1,-1,-1
301,46,438.75,298.75,45.25,45.0,1,1,-1,-1
302,46,438.75,298.75,45.25,45.25,1,1,-1,-1
303,46,438.75,298.75,45.5,45.25,1,1,-1,-1
304,46,438.75,298.75,45.25,45.0,1,1,-1,-1
305,46,438.75,298.75,45.5,45.0,1,1,-1,-1
306,46,438.75,298.5,45.5,45.25,1,1,-1,-1
307,46,438.75,298.75,45.25,45.0,1,1,-1,-1
308,46,438.5,298.75,45.5,45.0,1,1,-1,-1
309,46,438.5,298.75,45.5,45.0,1,1,-1,-1
310,46,438.5,298.75,45.5,45.0,1,1,-1,-1
311,46,438.5,298.75,45.5,45.0,1,1,-1,-1
312,46,438.5,298.75,45.5,45.0,1,1,-1,-1
313,46,438.75,298.75,45.5,45.0,1,1,-1,-1
314,46,438.75,298.75,45.25,45.0,1,1,-1,-1
315,46,438.75,298.75,45.25,45.0,1,1,-1,-1
316,46,438.75,298.75,45.25,45.0,1,1,-1,-1
317,46,438.5,298.5,45.5,45.25,1,1,-1,-1
318,46,438.5,298.5,45.5,45.0,1,1,-1,-1
319,46,438.5,298.75,45.5,45.0,1,1,-1,-1
320,46,438.5,298.5,45.25,44.75,1,1,-1,-1
321,46,438.5,298.25,45.25,45.0,1,1,-1,-1
322,46,438.5,298.25,45.5,45.0,1,1,-1,-1
323,46,438.5,298.25,45.5,45.0,1,1,-1,-1
324,46,438.5,298.25,45.5,45.0,1,1,-1,-1
325,46,438.5,298.5,45.5,45.0,1,1,-1,-1
326,46,438.5,298.5,45.5,45.0,1,1,-1,-1
327,46,438.75,298.5,45.25,45.0,1,1,-1,-1
328,46,438.5,298.75,45.5,45.0,1,1,-1,-1
329,46,438.5,298.75,45.5,45.0,1,1,-1,-1
330,46,438.5,298.75,45.5,45.0,1,1,-1,-1
331,46,438.5,298.75,45.5,45.0,1,1,-1,-1
332,46,438.5,298.75,45.5,45.0,1,1,-1,-1
333,46,438.5,298.75,45.5,45.25,1,1,-1,-1
334,46,438.5,298.75,45.5,45.0,1,1,-1,-1
335,46,438.75,298.75,45.25,44.75,1,1,-1,-1
336,46,438.5,298.75,45.5,45.0,1,1,-1,-1
337,46,438.75,298.75,45.25,45.0,1,1,-1,-1
338,46,438.75,298.75,45.25,45.0,1,1,-1,-1
339,46,438.75,298.75,45.5,45.0,1,1,-1,-1
340,46,438.75,298.75,45.25,45.0,1,1,-1,-1
341,46,438.75,298.75,45.25,45.0,1,1,-1,-1
342,46,438.75,298.75,45.25,45.0,1,1,-1,-1
343,46,438.75,298.75,45.5,45.0,1,1,-1,-1
344,46,438.75,298.75,45.25,45.0,1,1,-1,-1
345,46,438.75,298.75,45.25,44.75,1,1,-1,-1
346,46,438.5,298.75,45.5,45.0,1,1,-1,-1
347,46,438.75,298.75,45.25,45.0,1,1,-1,-1
348,46,438.75,298.75,45.25,45.0,1,1,-1,-1
349,46,438.5,298.5,45.5,45.25,1,1,-1,-1
350,46,438.75,298.5,45.25,45.0,1,1,-1,-1
351,46,438.75,298.5,45.5,45.0,1,1,-1,-1
352,46,438.75,298.5,45.25,45.25,1,1,-1,-1
353,46,438.75,298.75,45.25,45.0,1,1,-1,-1
354,46,438.75,298.5,45.25,45.25,1,1,-1,-1
355,46,438.75,298.5,45.25,45.0,1,1,-1,-1
356,46,438.75,298.5,45.25,45.0,1,1,-1,-1
357,46,438.75,298.5,45.25,45.0,1,1,-1,-1
358,46,438.756,298.491,45.25,45.0,1,1,-1,-1
359,46,438.75,298.5,45.5,45.0,1,1,-1,-1
360,46,438.75,298.5,45.5,45.0,1,1,-1,-1
361,46,439.0,298.75,45.5,45.0,1,1,-1,-1
362,46,439.25,298.5,45.5,45.0,1,1,-1,-1
363,46,439.0,298.5,45.5,45.0,1,1,-1,-1
364,46,439.25,298.5,45.5,45.0,1,1,-1,-1
365,46,439.25,298.5,45.5,45.0,1,1,-1,-1
366,46,439.25,298.75,45.5,45.0,1,1,-1,-1
367,46,439.25,299.0,45.5,45.0,1,1,-1,-1
368,46,439.25,298.5,45.25,45.0,1,1,-1,-1
369,46,439.25,299.0,45.25,45.0,1,1,-1,-1
370,46,435.25,298.5,45.25,45.25,1,1,-1,-1
371,46,438.0,298.5,45.25,45.25,1,1,-1,-1
372,46,439.0,298.25,45.5,45.25,1,1,-1,-1
373,46,439.25,298.5,45.25,45.25,1,1,-1,-1
374,46,439.25,298.75,45.25,45.0,1,1,-1,-1
375,46,439.0,299.0,45.25,45.0,1,1,-1,-1
376,46,439.0,299.0,45.25,45.0,1,1,-1,-1
377,46,439.0,299.25,45.25,44.75,1,1,-1,-1
378,46,439.0,299.0,45.25,45.0,1,1,-1,-1
379,46,439.25,298.5,45.5,45.0,1,1,-1,-1
380,46,438.75,299.25,45.25,45.0,1,1,-1,-1
381,46,438.5,299.0,45.25,45.0,1,1,-1,-1
382,46,438.5,299.0,45.25,45.0,1,1,-1,-1
383,46,438.5,299.0,45.25,45.0,1,1,-1,-1
384,46,438.75,298.75,45.25,45.0,1,1,-1,-1
385,46,438.75,298.75,45.25,45.0,1,1,-1,-1
386,46,438.75,298.5,45.5,45.0,1,1,-1,-1
387,46,438.75,298.5,45.5,45.0,1,1,-1,-1
388,46,439.0,298.5,45.25,45.0,1,1,-1,-1
389,46,438.75,298.5,45.25,45.0,1,1,-1,-1
390,46,439.0,298.75,45.25,45.0,1,1,-1,-1
391,46,438.75,298.75,45.5,45.0,1,1,-1,-1
392,46,438.75,298.75,45.25,45.0,1,1,-1,-1
393,46,438.75,298.75,45.25,45.0,1,1,-1,-1
394,46,438.75,298.5,45.25,45.25,1,1,-1,-1
395,46,438.75,298.5,45.5,45.25,1,1,-1,-1
396,46,438.75,298.75,45.5,45.0,1,1,-1,-1
397,46,439.0,298.75,45.25,45.0,1,1,-1,-1
398,46,439.0,299.0,45.25,45.0,1,1,-1,-1
399,46,439.0,298.75,45.5,45.25,1,1,-1,-1
400,46,439.0,298.75,45.5,45.0,1,1,-1,-1
401,46,439.5,299.0,45.25,44.75,1,1,-1,-1
402,46,439.0,298.75,45.5,45.0,1,1,-1,-1
403,46,439.0,298.75,45.25,45.0,1,1,-1,-1
404,46,438.75,298.75,45.5,45.0,1,1,-1,-1
405,46,439.0,298.75,45.5,45.0,1,1,-1,-1
406,46,439.0,299.0,45.5,45.0,1,1,-1,-1
407,46,439.0,298.75,45.25,45.25,1,1,-1,-1
408,46,439.0,298.75,45.5,45.25,1,1,-1,-1
409,46,439.25,299.0,45.25,45.0,1,1,-1,-1
410,46,439.25,299.0,45.25,45.0,1,1,-1,-1
411,46,439.25,299.0,45.5,45.0,1,1,-1,-1
412,46,439.25,299.0,45.25,45.0,1,1,-1,-1
413,46,439.0,299.0,45.25,45.0,1,1,-1,-1
414,46,439.25,299.0,45.25,45.0,1,1,-1,-1
415,46,439.25,299.0,45.5,45.0,1,1,-1,-1
416,46,439.25,299.0,45.5,45.25,1,1,-1,-1
417,46,439.25,299.0,45.5,45.25,1,1,-1,-1
418,46,439.25,299.25,45.5,45.0,1,1,-1,-1
419,46,439.5,299.25,45.5,45.25,1,1,-1,-1
420,46,439.5,299.25,45.5,45.25,1,1,-1,-1
421,46,439.5,299.25,45.25,45.0,1,1,-1,-1
422,46,439.25,299.75,45.5,45.0,1,1,-1,-1
423,46,439.25,299.25,45.25,45.0,1,1,-1,-1
424,46,439.5,299.0,45.25,45.25,1,1,-1,-1
425,46,439.5,299.0,45.25,45.25,1,1,-1,-1
426,46,439.0,299.25,45.25,45.0,1,1,-1,-1
427,46,439.0,299.0,45.5,45.25,1,1,-1,-1
428,46,439.0,298.75,45.5,45.0,1,1,-1,-1
429,46,439.25,298.5,45.25,45.0,1,1,-1,-1
430,46,439.25,298.75,45.25,45.0,1,1,-1,-1
431,46,439.25,298.75,45.25,45.0,1,1,-1,-1
432,46,439.25,299.0,45.25,45.0,1,1,-1,-1
433,46,439.25,299.25,45.5,45.0,1,1,-1,-1
434,46,439.0,299.0,45.5,45.0,1,1,-1,-1
435,46,439.0,298.75,45.25,45.0,1,1,-1,-1
436,46,439.0,298.75,45.25,45.0,1,1,-1,-1
437,46,439.75,299.5,45.25,45.0,1,1,-1,-1
438,46,439.75,299.5,45.25,45.0,1,1,-1,-1
439,46,439.5,299.75,45.25,44.75,1,1,-1,-1
440,46,439.5,299.0,45.25,45.0,1,1,-1,-1
441,46,439.25,299.5,45.5,45.0,1,1,-1,-1
442,46,439.25,299.5,45.25,44.75,1,1,-1,-1
443,46,439.0,299.5,45.25,45.0,1,1,-1,-1
444,46,439.25,299.5,45.5,45.25,1,1,-1,-1
445,46,439.5,299.75,45.5,44.75,1,1,-1,-1
446,46,439.75,299.75,45.25,45.0,1,1,-1,-1
447,46,439.75,299.75,45.5,45.0,1,1,-1,-1
448,46,439.5,299.75,45.25,45.0,1,1,-1,-1
449,46,439.25,299.5,45.5,45.25,1,1,-1,-1
450,46,439.0,299.25,45.25,45.25,1,1,-1,-1
451,46,438.75,299.0,45.5,45.25,1,1,-1,-1
452,46,438.75,299.0,45.25,45.25,1,1,-1,-1
453,46,438.75,299.0,45.5,45.0,1,1,-1,-1
454,46,439.0,298.75,45.25,45.25,1,1,-1,-1
455,46,438.75,298.5,45.25,45.0,1,1,-1,-1
456,46,438.75,298.75,45.5,45.25,1,1,-1,-1
457,46,438.25,298.5,45.25,45.0,1,1,-1,-1
458,46,437.5,298.0,45.75,45.0,1,1,-1,-1
459,46,437.053,297.603,45.75,45.0,1,1,-1,-1
460,46,438.75,298.5,45.25,45.25,1,1,-1,-1
461,46,438.75,298.5,45.5,45.25,1,1,-1,-1
462,46,439.0,298.75,45.25,45.0,1,1,-1,-1
463,46,439.0,298.5,45.25,45.0,1,1,-1,-1
464,46,439.0,298.5,45.25,45.0,1,1,-1,-1
465,46,439.0,298.5,45.25,45.0,1,1,-1,-1
466,46,438.75,298.5,45.25,45.25,1,1,-1,-1
467,46,438.5,298.5,45.25,45.25,1,1,-1,-1
468,46,438.5,298.75,45.25,45.0,1,1,-1,-1
469,46,438.5,298.75,45.25,45.0,1,1,-1,-1
470,46,438.25,298.75,45.25,45.0,1,1,-1,-1
471,46,438.5,298.5,45.25,45.0,1,1,-1,-1
472,46,438.5,298.25,45.25,45.25,1,1,-1,-1
473,46,438.75,298.25,45.25,45.0,1,1,-1,-1
474,46,439.0,298.25,45.25,45.0,1,1,-1,-1
475,46,438.75,298.25,45.25,45.0,1,1,-1,-1
476,46,438.75,298.25,45.25,44.75,1,1,-1,-1
477,46,438.5,298.0,45.25,45.0,1,1,-1,-1
478,46,438.75,298.0,45.25,45.0,1,1,-1,-1
479,46,438.5,297.75,45.25,45.0,1,1,-1,-1
480,46,438.25,298.0,45.25,44.75,1,1,-1,-1
481,46,438.5,298.0,45.25,45.0,1,1,-1,-1
482,46,438.75,298.25,45.25,45.0,1,1,-1,-1
483,46,439.0,298.25,45.0,45.0,1,1,-1,-1
484,46,438.75,298.25,45.25,45.0,1,1,-1,-1
485,46,439.0,298.5,45.25,44.75,1,1,-1,-1
486,46,439.0,298.25,45.25,45.0,1,1,-1,-1
487,46,439.0,298.25,45.25,45.0,1,1,-1,-1
488,46,439.0,298.25,45.25,45.0,1,1,-1,-1
489,46,439.0,298.25,45.25,44.75,1,1,-1,-1
490,46,438.5,298.0,45.25,45.0,1,1,-1,-1
491,46,439.0,298.5,45.25,44.75,1,1,-1,-1
492,46,439.5,298.5,45.0,45.0,1,1,-1,-1
493,46,439.0,298.75,45.0,45.0,1,1,-1,-1
494,46,438.0,298.5,45.25,45.0,1,1,-1,-1
495,46,438.25,298.5,45.0,45.0,1,1,-1,-1
496,46,437.922,298.552,45.0,45.0,1,1,-1,-1
497,46,438.25,298.5,45.25,45.0,1,1,-1,-1
498,46,438.25,298.75,45.25,44.75,1,1,-1,-1
499,46,438.5,298.75,45.0,45.0,1,1,-1,-1
500,46,438.5,298.75,45.25,45.0,1,1,-1,-1
1,47,215.75,282.0,45.0,45.5,1,1,-1,-1
2,47,216.0,281.25,45.0,45.5,1,1,-1,-1
3,47,218.0,283.0,45.0,45.25,1,1,-1,-1
4,47,218.25,282.25,45.0,45.25,1,1,-1,-1
5,47,218.75,281.0,45.0,45.5,1,1,-1,-1
6,47,219.25,280.0,45.0,45.5,1,1,-1,-1
7,47,219.75,280.5,45.0,45.25,1,1,-1,-1
8,47,221.0,280.25,45.0,45.25,1,1,-1,-1
9,47,222.5,281.25,45.0,45.25,1,1,-1,-1
10,47,221.75,281.25,45.0,45.25,1,1,-1,-1
11,47,221.5,281.25,45.0,45.25,1,1,-1,-1
12,47,221.25,281.0,45.0,45.25,1,1,-1,-1
13,47,221.0,281.25,45.0,45.25,1,1,-1,-1
14,47,220.5,281.75,45.0,45.5,1,1,-1,-1
15,47,218.5,282.25,45.25,45.25,1,1,-1,-1
16,47,216.75,281.25,45.0,45.5,1,1,-1,-1
17,47,216.25,281.75,45.25,45.75,1,1,-1,-1
18,47,215.5,282.75,45.25,45.75,1,1,-1,-1
19,47,215.25,283.0,45.5,46.75,1,1,-1,-1
20,47,214.5,283.25,45.5,47.25,1,1,-1,-1
21,47,216.0,284.75,45.25,45.5,1,1,-1,-1
22,47,217.75,286.0,45.25,45.25,1,1,-1,-1
23,47,220.75,289.25,45.25,45.75,1,1,-1,-1
24,47,221.75,290.25,45.5,47.0,1,1,-1,-1
25,47,223.5,292.75,45.75,47.25,1,1,-1,-1
26,47,227.0,295.75,45.5,45.75,1,1,-1,-1
27,47,228.0,297.75,45.25,45.5,1,1,-1,-1
28,47,230.75,302.25,45.25,45.75,1,1,-1,-1
29,47,231.75,306.25,45.5,46.5,1,1,-1,-1
30,47,235.5,310.75,45.25,45.5,1,1,-1,-1
31,47,238.0,313.75,45.5,46.75,1,1,-1,-1
32,47,242.25,318.5,45.75,47.5,1,1,-1,-1
33,47,244.0,320.75,45.5,46.0,1,1,-1,-1
34,47,247.5,326.25,45.25,45.75,1,1,-1,-1
35,47,251.0,330.75,45.25,45.75,1,1,-1,-1
36,47,253.5,334.0,45.25,46.5,1,1,-1,-1
37,47,257.5,338.75,45.0,46.75,1,1,-1,-1
38,47,259.75,340.25,45.25,48.0,1,1,-1,-1
39,47,262.5,345.75,45.0,47.0,1,1,-1,-1
40,47,266.75,351.25,45.0,46.0,1,1,-1,-1
41,47,268.75,354.25,44.75,46.25,1,1,-1,-1
42,47,271.5,360.5,44.75,45.75,1,1,-1,-1
43,47,275.0,360.5,44.75,46.5,1,1,-1,-1
44,47,279.75,362.5,44.75,45.75,1,1,-1,-1
45,47,284.5,363.75,45.0,47.25,1,1,-1,-1
46,47,287.75,366.0,45.25,47.75,1,1,-1,-1
47,47,289.5,368.25,45.25,47.0,1,1,-1,-1
48,47,292.25,370.25,45.25,46.75,1,1,-1,-1
49,47,296.0,373.75,45.0,46.5,1,1,-1,-1
50,47,298.25,375.25,45.0,46.5,1,1,-1,-1
51,47,298.5,375.5,45.25,47.5,1,1,-1,-1
52,47,300.5,376.5,45.0,47.25,1,1,-1,-1
53,47,304.25,377.5,45.0,46.0,1,1,-1,-1
54,47,306.5,377.0,44.75,46.0,1,1,-1,-1
55,47,308.5,376.25,45.25,46.5,1,1,-1,-1
56,47,310.0,376.5,45.0,45.75,1,1,-1,-1
57,47,312.75,378.25,45.75,47.25,1,1,-1,-1
58,47,313.75,384.0,45.25,45.5,1,1,-1,-1
59,47,315.5,386.5,45.75,47.5,1,1,-1,-1
60,47,315.25,388.0,46.25,48.25,1,1,-1,-1
61,47,316.0,392.25,45.25,46.75,1,1,-1,-1
62,47,315.75,395.75,45.0,45.25,1,1,-1,-1
63,47,317.5,401.5,45.0,45.25,1,1,-1,-1
64,47,317.75,405.75,45.25,45.5,1,1,-1,-1
65,47,316.0,406.75,45.25,46.25,1,1,-1,-1
66,47,315.25,409.75,45.5,47.25,1,1,-1,-1
67,47,315.0,411.0,45.75,47.25,1,1,-1,-1
68,47,316.25,411.0,45.5,47.0,1,1,-1,-1
69,47,316.75,411.25,45.5,47.25,1,1,-1,-1
70,47,317.5,411.75,45.25,46.0,1,1,-1,-1
71,47,320.0,413.0,45.5,46.5,1,1,-1,-1
72,47,320.25,413.0,45.25,45.5,1,1,-1,-1
73,47,322.25,413.0,45.25,45.5,1,1,-1,-1
74,47,323.0,413.25,45.25,45.25,1,1,-1,-1
75,47,325.75,413.5,45.5,46.25,1,1,-1,-1
76,47,328.25,413.5,45.5,45.25,1,1,-1,-1
77,47,330.0,412.25,45.75,47.25,1,1,-1,-1
78,47,332.5,411.75,45.25,47.0,1,1,-1,-1
79,47,335.5,411.25,45.5,46.75,1,1,-1,-1
80,47,338.0,409.75,45.5,47.5,1,1,-1,-1
81,47,341.0,409.0,45.75,48.0,1,1,-1,-1
82,47,346.5,409.0,46.0,48.0,1,1,-1,-1
83,47,350.0,408.5,46.75,48.75,1,1,-1,-1
84,47,355.0,408.5,45.75,47.75,1,1,-1,-1
85,47,362.5,410.25,45.5,46.25,1,1,-1,-1
86,47,367.0,411.25,45.5,47.5,1,1,-1,-1
87,47,374.75,413.75,45.5,46.25,1,1,-1,-1
88,47,380.75,413.5,45.5,46.75,1,1,-1,-1
89,47,389.0,417.0,45.25,45.25,1,1,-1,-1
90,47,390.75,417.25,45.0,45.25,1,1,-1,-1
91,47,391.25,417.5,45.0,45.25,1,1,-1,-1
92,47,396.0,418.25,45.0,45.25,1,1,-1,-1
93,47,395.75,418.0,45.0,45.5,1,1,-1,-1
94,47,395.75,418.25,45.0,45.25,1,1,-1,-1
95,47,396.25,418.25,45.0,45.25,1,1,-1,-1
96,47,396.25,418.5,45.0,45.0,1,1,-1,-1
97,47,398.75,419.75,45.25,45.25,1,1,-1,-1
98,47,398.75,420.0,44.75,45.25,1,1,-1,-1
99,47,399.25,420.25,45.0,45.0,1,1,-1,-1
100,47,399.25,420.25,45.0,45.25,1,1,-1,-1
101,47,399.5,420.5,45.0,45.25,1,1,-1,-1
102,47,403.25,423.5,45.25,45.25,1,1,-1,-1
103,47,403.25,423.0,45.25,45.25,1,1,-1,-1
104,47,404.0,422.75,45.0,45.5,1,1,-1,-1
105,47,404.5,423.0,45.0,45.25,1,1,-1,-1
106,47,404.25,422.75,45.0,45.25,1,1,-1,-1
107,47,404.5,421.25,45.25,45.25,1,1,-1,-1
108,47,403.5,421.5,45.0,45.0,1,1,-1,-1
109,47,403.0,419.75,45.0,45.25,1,1,-1,-1
110,47,403.75,419.75,45.0,45.25,1,1,-1,-1
111,47,403.5,420.0,45.0,45.25,1,1,-1,-1
112,47,404.0,420.25,44.75,45.25,1,1,-1,-1
113,47,406.25,421.0,44.75,45.0,1,1,-1,-1
114,47,405.75,420.25,45.0,45.0,1,1,-1,-1
115,47,405.75,421.0,45.0,45.0,1,1,-1,-1
116,47,405.25,420.75,45.0,45.25,1,1,-1,-1
117,47,406.0,420.75,45.0,45.25,1,1,-1,-1
118,47,405.25,420.75,45.0,45.25,1,1,-1,-1
119,47,404.75,421.0,45.0,45.25,1,1,-1,-1
120,47,405.0,421.5,45.0,45.25,1,1,-1,-1
121,47,405.75,421.75,45.0,45.25,1,1,-1,-1
122,47,406.25,421.75,44.75,45.25,1,1,-1,-1
123,47,406.5,421.0,45.0,45.25,1,1,-1,-1
124,47,406.75,421.0,45.0,45.25,1,1,-1,-1
125,47,407.25,420.75,45.0,45.25,1,1,-1,-1
126,47,407.25,420.25,45.0,45.25,1,1,-1,-1
127,47,407.75,421.0,45.25,45.5,1,1,-1,-1
128,47,408.25,421.0,45.5,45.25,1,1,-1,-1
129,47,409.25,422.5,45.0,45.25,1,1,-1,-1
130,47,408.0,421.75,45.25,45.25,1,1,-1,-1
131,47,407.25,421.0,45.0,45.25,1,1,-1,-1
132,47,407.75,421.75,45.25,45.5,1,1,-1,-1
133,47,407.75,421.5,45.0,45.25,1,1,-1,-1
134,47,408.75,421.5,45.25,45.5,1,1,-1,-1
135,47,407.75,421.5,45.25,45.5,1,1,-1,-1
136,47,407.25,421.25,45.25,45.5,1,1,-1,-1
137,47,407.75,421.0,45.25,45.5,1,1,-1,-1
138,47,407.5,421.0,45.25,45.5,1,1,-1,-1
139,47,407.0,421.0,45.25,45.5,1,1,-1,-1
140,47,407.75,421.25,45.25,45.5,1,1,-1,-1
141,47,408.25,421.75,45.5,45.5,1,1,-1,-1
142,47,408.25,421.75,45.5,45.5,1,1,-1,-1
143,47,408.75,421.25,45.5,45.5,1,1,-1,-1
144,47,410.0,422.0,45.25,45.25,1,1,-1,-1
145,47,410.684,422.402,45.25,45.25,1,1,-1,-1
146,47,410.75,421.75,45.0,45.5,1,1,-1,-1
147,47,411.0,422.0,45.25,45.5,1,1,-1,-1
148,47,411.487,422.032,45.25,45.5,1,1,-1,-1
149,47,409.25,422.0,45.25,45.25,1,1,-1,-1
150,47,409.0,424.25,45.25,45.5,1,1,-1,-1
151,47,410.75,424.25,45.25,45.25,1,1,-1,-1
152,47,411.75,423.0,45.25,45.5,1,1,-1,-1
153,47,410.5,423.75,45.5,45.25,1,1,-1,-1
154,47,409.75,422.75,45.25,45.25,1,1,-1,-1
155,47,409.5,423.25,45.5,45.5,1,1,-1,-1
156,47,408.25,423.0,45.25,45.5,1,1,-1,-1
157,47,408.75,423.0,45.25,45.25,1,1,-1,-1
158,47,409.0,424.0,45.5,45.25,1,1,-1,-1
159,47,406.25,421.25,45.25,45.5,1,1,-1,-1
160,47,407.75,423.5,45.25,45.5,1,1,-1,-1
161,47,410.25,423.75,45.25,45.5,1,1,-1,-1
162,47,409.5,423.0,45.0,45.5,1,1,-1,-1
163,47,410.5,421.25,45.25,45.75,1,1,-1,-1
164,47,409.5,421.0,45.25,45.75,1,1,-1,-1
165,47,409.5,420.5,45.25,45.5,1,1,-1,-1
166,47,410.25,419.75,45.0,45.75,1,1,-1,-1
167,47,409.75,418.75,45.0,45.5,1,1,-1,-1
168,47,411.75,417.5,45.25,45.5,1,1,-1,-1
169,47,414.0,417.75,45.25,45.75,1,1,-1,-1
170,47,415.5,418.25,45.25,45.5,1,1,-1,-1
171,47,415.25,419.25,45.25,45.5,1,1,-1,-1
172,47,416.5,421.0,45.25,46.25,1,1,-1,-1
173,47,416.75,423.75,45.25,45.5,1,1,-1,-1
174,47,416.25,424.5,45.25,46.0,1,1,-1,-1
175,47,416.75,424.75,45.25,45.75,1,1,-1,-1
176,47,418.0,426.25,45.25,46.25,1,1,-1,-1
177,47,418.5,427.25,45.25,45.75,1,1,-1,-1
178,47,418.0,427.25,45.5,46.75,1,1,-1,-1
179,47,418.5,428.0,45.25,46.25,1,1,-1,-1
180,47,417.5,428.0,45.25,45.5,1,1,-1,-1
181,47,418.0,428.5,45.25,45.25,1,1,-1,-1
182,47,417.5,429.0,45.5,45.5,1,1,-1,-1
183,47,418.75,430.0,45.25,45.5,1,1,-1,-1
184,47,419.5,430.0,45.25,45.5,1,1,-1,-1
185,47,419.5,431.5,45.25,45.25,1,1,-1,-1
186,47,419.75,432.75,45.25,45.25,1,1,-1,-1
187,47,420.0,434.25,45.0,45.25,1,1,-1,-1
188,47,421.25,433.25,45.25,45.5,1,1,-1,-1
189,47,423.0,434.5,45.25,45.25,1,1,-1,-1
190,47,425.5,436.25,45.25,45.75,1,1,-1,-1
191,47,430.5,438.5,45.25,45.25,1,1,-1,-1
192,47,433.0,439.0,45.25,45.25,1,1,-1,-1
193,47,437.25,441.25,45.0,45.25,1,1,-1,-1
194,47,440.25,441.5,44.75,45.25,1,1,-1,-1
195,47,442.75,442.75,45.0,45.25,1,1,-1,-1
196,47,444.75,442.75,44.75,45.25,1,1,-1,-1
197,47,446.75,443.75,44.75,45.0,1,1,-1,-1
198,47,448.5,443.75,45.0,46.0,1,1,-1,-1
199,47,451.25,443.0,45.25,45.5,1,1,-1,-1
200,47,452.75,444.25,45.25,45.75,1,1,-1,-1
201,47,452.5,446.0,45.0,45.25,1,1,-1,-1
202,47,452.25,448.0,45.25,45.25,1,1,-1,-1
203,47,452.0,450.0,45.0,45.25,1,1,-1,-1
204,47,454.0,453.25,45.25,46.0,1,1,-1,-1
205,47,457.75,457.75,45.25,45.25,1,1,-1,-1
206,47,459.0,461.0,45.5,45.75,1,1,-1,-1
207,47,461.0,465.5,45.5,45.5,1,1,-1,-1
208,47,461.5,465.0,45.5,45.75,1,1,-1,-1
209,47,462.0,464.5,45.5,46.25,1,1,-1,-1
210,47,462.5,463.5,45.25,45.75,1,1,-1,-1
211,47,462.75,462.25,45.5,46.5,1,1,-1,-1
212,47,465.5,461.25,45.25,45.5,1,1,-1,-1
213,47,464.75,459.0,45.5,45.5,1,1,-1,-1
214,47,467.75,456.5,45.5,45.75,1,1,-1,-1
215,47,469.0,452.0,45.5,46.0,1,1,-1,-1
216,47,471.25,449.25,45.5,45.75,1,1,-1,-1
217,47,475.5,447.25,45.5,46.75,1,1,-1,-1
218,47,480.5,446.75,45.5,46.25,1,1,-1,-1
219,47,481.75,451.0,45.5,45.75,1,1,-1,-1
220,47,487.0,449.0,45.25,45.75,1,1,-1,-1
221,47,492.25,448.5,45.25,45.25,1,1,-1,-1
222,47,495.25,445.0,45.25,45.25,1,1,-1,-1
223,47,499.75,442.25,45.5,46.0,1,1,-1,-1
224,47,505.25,437.75,45.5,46.5,1,1,-1,-1
225,47,506.75,436.75,45.25,46.5,1,1,-1,-1
226,47,507.5,434.75,45.25,46.5,1,1,-1,-1
227,47,514.5,432.5,45.5,46.0,1,1,-1,-1
228,47,518.5,431.25,45.0,45.75,1,1,-1,-1
229,47,527.5,430.25,45.25,46.0,1,1,-1,-1
230,47,533.25,430.0,45.5,47.5,1,1,-1,-1
231,47,537.5,430.75,45.25,46.5,1,1,-1,-1
232,47,541.5,428.75,45.0,46.0,1,1,-1,-1
233,47,546.75,426.5,45.25,46.5,1,1,-1,-1
234,47,550.5,424.0,45.25,46.75,1,1,-1,-1
235,47,550.75,423.25,45.25,45.75,1,1,-1,-1
236,47,551.5,423.0,45.25,45.5,1,1,-1,-1
237,47,557.5,422.25,45.25,45.5,1,1,-1,-1
238,47,562.0,419.75,45.5,45.5,1,1,-1,-1
239,47,569.0,414.25,45.25,45.5,1,1,-1,-1
240,47,571.5,411.75,45.25,45.75,1,1,-1,-1
241,47,572.5,409.0,45.25,46.25,1,1,-1,-1
242,47,578.5,405.5,44.75,45.25,1,1,-1,-1
243,47,584.5,399.75,44.75,45.75,1,1,-1,-1
244,47,589.25,393.5,44.75,45.5,1,1,-1,-1
245,47,591.25,386.75,45.0,45.25,1,1,-1,-1
246,47,593.75,380.0,45.25,45.5,1,1,-1,-1
247,47,597.0,371.75,45.25,47.0,1,1,-1,-1
248,47,601.25,366.25,45.5,48.0,1,1,-1,-1
249,47,606.25,362.0,45.25,47.25,1,1,-1,-1
250,47,608.0,356.75,45.0,45.5,1,1,-1,-1
251,47,611.0,348.5,45.25,46.75,1,1,-1,-1
252,47,613.25,342.5,45.0,45.25,1,1,-1,-1
253,47,614.0,337.25,45.25,45.75,1,1,-1,-1
254,47,617.75,329.25,45.25,46.0,1,1,-1,-1
255,47,623.5,318.75,45.5,46.5,1,1,-1,-1
256,47,627.5,310.75,45.5,47.25,1,1,-1,-1
257,47,630.0,303.75,45.5,46.0,1,1,-1,-1
258,47,632.75,296.25,45.75,47.25,1,1,-1,-1
259,47,633.75,291.0,46.0,47.0,1,1,-1,-1
260,47,636.75,289.75,45.5,45.5,1,1,-1,-1
261,47,637.5,289.0,45.5,45.25,1,1,-1,-1
262,47,637.0,288.75,45.5,45.5,1,1,-1,-1
263,47,637.0,286.75,45.5,45.25,1,1,-1,-1
264,47,635.25,282.75,45.25,45.0,1,1,-1,-1
265,47,633.75,281.5,45.25,45.25,1,1,-1,-1
266,47,630.0,276.75,45.25,45.25,1,1,-1,-1
267,47,629.0,271.5,45.25,45.25,1,1,-1,-1
268,47,628.25,267.75,45.25,45.25,1,1,-1,-1
269,47,626.5,261.25,45.25,45.0,1,1,-1,-1
270,47,626.5,255.75,45.0,45.0,1,1,-1,-1
271,47,624.5,251.75,45.25,45.0,1,1,-1,-1
272,47,621.0,249.0,45.25,45.25,1,1,-1,-1
273,47,620.5,247.75,45.25,45.25,1,1,-1,-1
274,47,621.75,245.75,45.25,45.0,1,1,-1,-1
275,47,621.25,244.0,45.25,45.25,1,1,-1,-1
276,47,620.75,242.5,45.0,45.25,1,1,-1,-1
277,47,620.0,239.0,45.25,45.25,1,1,-1,-1
278,47,622.0,236.0,45.25,45.0,1,1,-1,-1
279,47,622.0,235.0,45.25,45.0,1,1,-1,-1
280,47,622.5,231.25,45.0,45.0,1,1,-1,-1
281,47,623.5,229.0,45.25,45.25,1,1,-1,-1
282,47,625.0,228.0,45.0,45.0,1,1,-1,-1
283,47,626.25,229.0,45.25,45.0,1,1,-1,-1
284,47,625.5,228.25,45.5,45.25,1,1,-1,-1
285,47,627.5,230.25,45.25,45.25,1,1,-1,-1
286,47,627.75,231.0,45.25,45.25,1,1,-1,-1
287,47,628.75,234.25,45.25,45.25,1,1,-1,-1
288,47,629.0,237.0,45.5,45.25,1,1,-1,-1
289,47,629.5,239.75,45.5,45.25,1,1,-1,-1
290,47,625.75,242.75,45.0,45.25,1,1,-1,-1
291,47,624.5,245.0,45.0,45.25,1,1,-1,-1
292,47,627.0,248.0,45.25,45.25,1,1,-1,-1
293,47,625.5,250.0,45.0,45.25,1,1,-1,-1
294,47,625.5,252.0,45.25,45.25,1,1,-1,-1
295,47,628.0,256.5,45.0,45.0,1,1,-1,-1
296,47,628.0,258.75,45.0,45.0,1,1,-1,-1
297,47,631.25,259.0,45.0,45.0,1,1,-1,-1
298,47,631.0,258.5,45.0,45.25,1,1,-1,-1
299,47,631.25,259.0,45.25,45.25,1,1,-1,-1
300,47,632.0,259.25,45.0,45.25,1,1,-1,-1
301,47,633.75,265.75,45.0,45.0,1,1,-1,-1
302,47,633.25,264.75,45.0,45.0,1,1,-1,-1
303,47,634.25,264.25,45.25,45.25,1,1,-1,-1
304,47,636.5,265.25,45.25,45.0,1,1,-1,-1
305,47,638.5,264.75,45.25,45.0,1,1,-1,-1
306,47,641.0,265.25,45.25,45.0,1,1,-1,-1
307,47,641.75,266.75,45.0,45.0,1,1,-1,-1
308,47,642.25,268.5,45.0,45.0,1,1,-1,-1
309,47,642.5,270.25,45.25,45.25,1,1,-1,-1
310,47,643.25,272.75,45.0,45.0,1,1,-1,-1
311,47,643.25,275.0,45.0,45.0,1,1,-1,-1
312,47,641.5,278.25,45.25,45.25,1,1,-1,-1
313,47,643.0,280.75,45.25,45.25,1,1,-1,-1
314,47,642.75,284.25,45.25,45.0,1,1,-1,-1
315,47,641.25,288.25,45.5,45.0,1,1,-1,-1
316,47,640.75,294.25,45.75,45.0,1,1,-1,-1
317,47,637.5,298.5,45.5,45.25,1,1,-1,-1
318,47,634.75,305.5,45.5,45.0,1,1,-1,-1
319,47,633.75,312.75,45.5,45.25,1,1,-1,-1
320,47,631.0,318.25,45.5,45.25,1,1,-1,-1
321,47,628.25,323.5,45.25,45.25,1,1,-1,-1
322,47,628.5,325.75,45.75,45.5,1,1,-1,-1
323,47,629.0,326.75,45.75,45.5,1,1,-1,-1
324,47,628.25,329.75,45.5,45.0,1,1,-1,-1
325,47,627.0,331.5,45.25,45.25,1,1,-1,-1
326,47,624.5,332.25,45.5,45.0,1,1,-1,-1
327,47,622.75,332.5,45.5,45.0,1,1,-1,-1
328,47,621.5,335.75,45.25,45.25,1,1,-1,-1
329,47,619.75,343.5,45.25,45.25,1,1,-1,-1
330,47,619.0,346.25,45.25,46.0,1,1,-1,-1
331,47,615.5,351.75,45.25,45.75,1,1,-1,-1
332,47,613.0,354.25,45.25,47.0,1,1,-1,-1
333,47,610.0,359.25,45.0,45.75,1,1,-1,-1
334,47,603.25,365.0,45.25,47.0,1,1,-1,-1
335,47,599.75,368.75,45.25,46.0,1,1,-1,-1
336,47,594.0,375.0,45.25,46.25,1,1,-1,-1
337,47,592.0,379.75,45.25,45.5,1,1,-1,-1
338,47,587.0,386.5,45.25,45.25,1,1,-1,-1
339,47,582.75,391.25,44.75,45.5,1,1,-1,-1
340,47,576.75,395.0,44.75,45.75,1,1,-1,-1
341,47,572.25,396.5,44.75,45.25,1,1,-1,-1
342,47,565.75,396.75,45.0,45.25,1,1,-1,-1
343,47,564.25,395.0,45.0,45.25,1,1,-1,-1
344,47,558.25,393.25,45.0,45.25,1,1,-1,-1
345,47,554.5,391.25,44.75,45.0,1,1,-1,-1
346,47,551.0,388.0,45.0,46.0,1,1,-1,-1
347,47,547.5,385.75,45.0,45.0,1,1,-1,-1
348,47,543.5,382.0,45.0,45.25,1,1,-1,-1
349,47,537.5,378.5,45.25,45.25,1,1,-1,-1
350,47,533.75,377.5,45.0,45.25,1,1,-1,-1
351,47,526.0,373.75,45.25,45.5,1,1,-1,-1
352,47,521.75,372.25,45.25,45.25,1,1,-1,-1
353,47,513.5,370.25,45.0,45.5,1,1,-1,-1
354,47,508.75,369.75,45.25,45.5,1,1,-1,-1
355,47,501.5,368.25,44.75,45.25,1,1,-1,-1
356,47,496.25,368.0,45.0,45.0,1,1,-1,-1
357,47,490.25,365.75,45.0,45.25,1,1,-1,-1
358,47,486.75,364.75,45.25,45.5,1,1,-1,-1
359,47,481.5,363.5,45.0,45.25,1,1,-1,-1
360,47,478.0,363.5,45.25,45.0,1,1,-1,-1
361,47,474.75,362.5,45.25,45.25,1,1,-1,-1
362,47,468.5,360.25,45.25,45.5,1,1,-1,-1
363,47,464.5,359.25,45.25,46.0,1,1,-1,-1
364,47,460.25,358.5,45.25,45.75,1,1,-1,-1
365,47,456.0,360.25,45.25,45.25,1,1,-1,-1
366,47,452.0,361.25,45.25,45.75,1,1,-1,-1
367,47,448.0,363.5,44.75,45.25,1,1,-1,-1
368,47,443.75,364.25,45.0,45.5,1,1,-1,-1
369,47,437.5,364.75,45.0,45.0,1,1,-1,-1
370,47,434.0,365.25,45.25,45.25,1,1,-1,-1
371,47,431.5,363.75,45.25,46.0,1,1,-1,-1
372,47,429.0,361.25,45.25,46.5,1,1,-1,-1
373,47,425.5,359.5,45.5,47.25,1,1,-1,-1
374,47,422.75,359.0,45.25,46.0,1,1,-1,-1
375,47,416.75,359.5,45.25,47.0,1,1,-1,-1
376,47,411.75,359.0,45.0,45.75,1,1,-1,-1
377,47,405.25,358.5,45.0,45.25,1,1,-1,-1
378,47,400.5,357.25,44.75,45.25,1,1,-1,-1
379,47,391.75,357.5,44.75,45.5,1,1,-1,-1
380,47,384.5,358.25,45.0,45.25,1,1,-1,-1
381,47,381.75,357.5,44.75,45.25,1,1,-1,-1
382,47,381.0,356.25,45.0,45.5,1,1,-1,-1
383,47,380.0,355.75,45.0,45.25,1,1,-1,-1
384,47,379.75,355.25,44.75,45.25,1,1,-1,-1
385,47,379.0,354.5,44.75,45.25,1,1,-1,-1
386,47,377.0,354.0,44.75,45.25,1,1,-1,-1
387,47,376.75,353.75,45.0,45.0,1,1,-1,-1
388,47,377.25,354.25,44.75,45.25,1,1,-1,-1
389,47,376.5,354.25,44.75,45.25,1,1,-1,-1
390,47,375.25,354.0,45.0,45.0,1,1,-1,-1
391,47,375.0,353.75,45.0,45.0,1,1,-1,-1
392,47,373.75,353.25,45.0,45.0,1,1,-1,-1
393,47,372.75,352.0,44.75,45.0,1,1,-1,-1
394,47,371.5,350.25,45.0,45.0,1,1,-1,-1
395,47,372.25,347.25,45.0,45.25,1,1,-1,-1
396,47,372.25,344.75,44.75,45.25,1,1,-1,-1
397,47,371.893,342.486,44.75,45.25,1,1,-1,-1
398,47,371.762,340.098,44.75,45.25,1,1,-1,-1
399,47,366.5,344.0,44.75,45.0,1,1,-1,-1
400,47,362.0,338.25,46.0,45.25,1,1,-1,-1
401,47,365.75,343.25,44.75,45.0,1,1,-1,-1
402,47,365.5,339.5,44.75,45.0,1,1,-1,-1
403,47,359.75,337.0,45.25,45.25,1,1,-1,-1
404,47,360.25,336.75,45.0,45.0,1,1,-1,-1
405,47,358.0,333.5,45.0,45.25,1,1,-1,-1
406,47,356.0,331.5,45.0,45.0,1,1,-1,-1
407,47,354.75,329.5,45.25,45.25,1,1,-1,-1
408,47,349.5,327.75,45.25,45.25,1,1,-1,-1
409,47,347.0,325.5,45.25,45.25,1,1,-1,-1
410,47,343.25,320.0,45.5,45.25,1,1,-1,-1
411,47,341.5,317.0,45.25,45.25,1,1,-1,-1
412,47,340.5,316.25,45.5,45.0,1,1,-1,-1
413,47,339.5,316.0,45.5,45.25,1,1,-1,-1
414,47,336.75,314.75,45.0,45.0,1,1,-1,-1
415,47,334.75,316.0,45.25,45.0,1,1,-1,-1
416,47,331.5,313.25,45.0,45.0,1,1,-1,-1
417,47,326.5,312.0,45.25,44.75,1,1,-1,-1
418,47,323.177,310.234,45.25,44.75,1,1,-1,-1
419,47,316.25,306.25,46.5,48.0,1,1,-1,-1
420,47,314.25,306.25,45.25,45.25,1,1,-1,-1
421,47,313.0,304.75,45.25,45.0,1,1,-1,-1
422,47,312.75,305.5,45.25,45.0,1,1,-1,-1
423,47,313.25,306.25,45.0,45.25,1,1,-1,-1
424,47,310.75,307.5,45.25,45.25,1,1,-1,-1
425,47,314.0,306.25,45.25,45.0,1,1,-1,-1
426,47,300.5,308.5,45.5,45.25,1,1,-1,-1
427,47,312.5,308.0,45.25,45.25,1,1,-1,-1
428,47,316.25,306.75,45.25,45.0,1,1,-1,-1
429,47,315.5,306.75,45.25,45.25,1,1,-1,-1
430,47,314.5,304.75,45.25,45.0,1,1,-1,-1
431,47,312.25,301.5,45.25,45.0,1,1,-1,-1
432,47,311.5,299.75,45.0,45.0,1,1,-1,-1
433,47,306.5,300.5,45.0,45.0,1,1,-1,-1
434,47,303.75,296.0,45.25,45.25,1,1,-1,-1
435,47,302.25,294.25,45.25,45.25,1,1,-1,-1
436,47,301.5,291.75,45.25,45.5,1,1,-1,-1
437,47,300.5,290.0,45.5,45.25,1,1,-1,-1
438,47,312.5,285.25,45.25,45.5,1,1,-1,-1
439,47,300.5,282.25,45.5,46.25,1,1,-1,-1
440,47,299.25,280.5,45.25,45.25,1,1,-1,-1
441,47,299.25,279.75,45.0,45.5,1,1,-1,-1
442,47,297.75,276.5,45.25,45.25,1,1,-1,-1
443,47,285.75,270.75,45.25,45.5,1,1,-1,-1
444,47,293.75,269.25,45.25,45.5,1,1,-1,-1
445,47,294.0,267.25,45.25,45.25,1,1,-1,-1
446,47,294.25,259.75,45.0,45.25,1,1,-1,-1
447,47,294.75,255.25,45.25,45.25,1,1,-1,-1
448,47,292.5,250.5,45.25,45.25,1,1,-1,-1
449,47,290.75,242.5,45.75,46.5,1,1,-1,-1
450,47,288.75,242.0,45.5,45.5,1,1,-1,-1
451,47,288.25,241.25,45.5,45.5,1,1,-1,-1
452,47,289.5,241.75,45.5,45.25,1,1,-1,-1
453,47,289.75,241.0,45.5,45.5,1,1,-1,-1
454,47,289.5,240.75,45.5,45.5,1,1,-1,-1
455,47,289.75,241.0,45.25,45.25,1,1,-1,-1
456,47,289.0,241.0,45.25,45.25,1,1,-1,-1
457,47,289.75,240.5,45.5,45.5,1,1,-1,-1
458,47,289.75,239.75,45.5,45.5,1,1,-1,-1
459,47,289.25,239.0,45.75,45.75,1,1,-1,-1
460,47,289.25,239.25,45.5,45.5,1,1,-1,-1
461,47,289.5,239.25,45.5,45.5,1,1,-1,-1
462,47,289.5,239.0,45.5,45.5,1,1,-1,-1
463,47,288.25,237.0,45.25,45.5,1,1,-1,-1
464,47,287.75,237.75,45.25,45.25,1,1,-1,-1
465,47,286.75,237.75,45.25,45.5,1,1,-1,-1
466,47,287.75,238.5,45.5,45.5,1,1,-1,-1
467,47,287.25,238.0,45.5,45.5,1,1,-1,-1
468,47,288.0,237.5,45.0,45.0,1,1,-1,-1
469,47,287.5,237.0,45.25,45.25,1,1,-1,-1
470,47,287.75,236.5,45.25,45.25,1,1,-1,-1
471,47,288.0,236.75,45.75,45.5,1,1,-1,-1
472,47,287.75,236.0,45.5,45.5,1,1,-1,-1
473,47,286.75,235.75,45.5,45.25,1,1,-1,-1
474,47,286.75,235.75,45.5,45.25,1,1,-1,-1
475,47,286.0,236.0,45.5,45.5,1,1,-1,-1
476,47,285.0,235.5,45.5,45.25,1,1,-1,-1
477,47,283.75,236.75,45.25,45.25,1,1,-1,-1
478,47,282.0,236.0,45.75,45.5,1,1,-1,-1
479,47,282.0,237.5,45.75,45.5,1,1,-1,-1
480,47,280.75,237.0,45.75,45.25,1,1,-1,-1
481,47,280.0,236.0,45.25,45.75,1,1,-1,-1
482,47,280.0,236.5,45.5,45.25,1,1,-1,-1
483,47,276.5,235.5,45.25,45.5,1,1,-1,-1
484,47,275.75,235.5,45.25,45.25,1,1,-1,-1
485,47,276.25,236.0,45.25,45.25,1,1,-1,-1
486,47,276.75,235.25,45.25,46.0,1,1,-1,-1
487,47,275.75,235.0,45.25,46.75,1,1,-1,-1
488,47,276.0,234.75,45.5,46.25,1,1,-1,-1
489,47,275.804,234.533,45.5,46.25,1,1,-1,-1
490,47,275.687,234.285,45.5,46.25,1,1,-1,-1
491,47,275.571,234.038,45.5,46.25,1,1,-1,-1
492,47,275.454,233.79,45.5,46.25,1,1,-1,-1
493,47,275.337,233.543,45.5,46.25,1,1,-1,-1
494,47,278.5,237.5,45.0,45.0,1,1,-1,-1
495,47,279.5,237.5,45.0,45.0,1,1,-1,-1
496,47,277.5,239.5,45.0,45.0,1,1,-1,-1
497,47,277.5,239.5,45.0,45.0,1,1,-1,-1
498,47,277.5,239.5,45.0,45.0,1,1,-1,-1
499,47,277.5,239.5,45.0,45.0,1,1,-1,-1
500,47,277.5,239.5,45.0,45.0,1,1,-1,-1
1,48,378.5,41.5,45.0,45.0,1,1,-1,-1
2,48,382.5,40.5,45.0,45.0,1,1,-1,-1
3,48,382.5,40.5,45.0,45.0,1,1,-1,-1
4,48,382.5,40.5,45.0,45.0,1,1,-1,-1
5,48,381.5,40.5,45.0,45.0,1,1,-1,-1
6,48,381.5,40.5,45.0,45.0,1,1,-1,-1
7,48,381.5,40.5,45.0,45.0,1,1,-1,-1
8,48,381.5,40.5,45.0,45.0,1,1,-1,-1
9,48,381.5,40.5,45.0,45.0,1,1,-1,-1
10,48,381.5,40.5,45.0,45.0,1,1,-1,-1
11,48,381.5,40.5,45.0,45.0,1,1,-1,-1
12,48,381.5,40.5,45.0,45.0,1,1,-1,-1
13,48,381.5,40.5,45.0,45.0,1,1,-1,-1
14,48,383.5,47.5,45.0,45.0,1,1,-1,-1
15,48,383.5,47.5,45.0,45.0,1,1,-1,-1
16,48,383.5,47.5,45.0,45.0,1,1,-1,-1
17,48,382.5,47.5,45.0,45.0,1,1,-1,-1
18,48,381.5,47.5,45.0,45.0,1,1,-1,-1
19,48,381.5,46.5,45.0,45.0,1,1,-1,-1
20,48,380.5,42.5,45.0,45.0,1,1,-1,-1
21,48,380.5,42.5,45.0,45.0,1,1,-1,-1
22,48,369.5,42.5,45.0,45.0,1,1,-1,-1
23,48,369.5,42.5,45.0,45.0,1,1,-1,-1
24,48,362.5,42.0,45.75,45.75,1,1,-1,-1
25,48,359.0,41.0,45.5,45.5,1,1,-1,-1
26,48,353.598,39.472,45.5,45.5,1,1,-1,-1
27,48,348.647,37.801,45.5,45.5,1,1,-1,-1
28,48,336.75,42.25,45.0,45.25,1,1,-1,-1
29,48,329.5,44.0,44.75,45.25,1,1,-1,-1
30,48,323.5,44.25,45.0,45.5,1,1,-1,-1
31,48,321.5,52.5,45.0,45.0,1,1,-1,-1
32,48,320.5,50.5,45.0,45.0,1,1,-1,-1
33,48,315.5,56.5,45.0,45.0,1,1,-1,-1
34,48,312.5,60.5,45.0,45.0,1,1,-1,-1
35,48,303.75,64.5,45.25,45.5,1,1,-1,-1
36,48,296.75,66.75,45.0,45.5,1,1,-1,-1
37,48,288.0,71.5,45.0,45.25,1,1,-1,-1
38,48,282.25,75.25,45.0,45.25,1,1,-1,-1
39,48,278.25,79.25,45.25,45.5,1,1,-1,-1
40,48,276.0,82.25,45.25,45.25,1,1,-1,-1
41,48,271.5,83.0,45.25,45.25,1,1,-1,-1
42,48,270.0,83.5,45.25,45.5,1,1,-1,-1
43,48,266.0,84.25,45.25,45.25,1,1,-1,-1
44,48,264.0,84.5,45.0,45.5,1,1,-1,-1
45,48,264.25,85.5,45.0,45.25,1,1,-1,-1
46,48,264.25,87.75,45.25,45.5,1,1,-1,-1
47,48,264.5,89.0,45.0,45.5,1,1,-1,-1
48,48,265.25,89.75,45.0,46.0,1,1,-1,-1
49,48,263.5,92.25,45.25,45.5,1,1,-1,-1
50,48,263.5,92.75,45.25,45.5,1,1,-1,-1
51,48,263.5,92.75,45.0,45.25,1,1,-1,-1
52,48,262.75,94.75,45.25,45.5,1,1,-1,-1
53,48,263.25,94.25,45.25,45.5,1,1,-1,-1
54,48,263.25,94.5,45.25,45.5,1,1,-1,-1
55,48,262.75,94.75,45.25,45.5,1,1,-1,-1
56,48,262.75,94.25,45.25,45.5,1,1,-1,-1
57,48,262.25,94.5,45.25,45.5,1,1,-1,-1
58,48,260.5,95.0,45.25,45.5,1,1,-1,-1
59,48,267.0,95.0,45.25,46.75,1,1,-1,-1
60,48,266.5,95.75,45.25,45.75,1,1,-1,-1
61,48,266.5,96.75,45.25,45.5,1,1,-1,-1
62,48,267.0,97.5,45.25,45.25,1,1,-1,-1
63,48,266.75,98.0,45.5,45.5,1,1,-1,-1
64,48,266.25,102.0,45.75,45.5,1,1,-1,-1
65,48,265.75,107.0,46.25,46.0,1,1,-1,-1
66,48,267.25,108.5,46.25,46.25,1,1,-1,-1
67,48,268.25,110.25,46.25,46.5,1,1,-1,-1
68,48,269.25,116.25,45.25,45.0,1,1,-1,-1
69,48,267.75,122.25,45.0,45.0,1,1,-1,-1
70,48,269.5,123.25,45.25,45.0,1,1,-1,-1
71,48,268.25,126.75,45.0,45.0,1,1,-1,-1
72,48,266.0,131.75,45.0,45.0,1,1,-1,-1
73,48,262.75,139.75,45.0,45.0,1,1,-1,-1
74,48,261.25,140.5,45.25,45.0,1,1,-1,-1
75,48,260.5,142.25,45.0,45.25,1,1,-1,-1
76,48,257.5,142.5,45.0,45.0,1,1,-1,-1
77,48,249.0,142.5,45.25,45.0,1,1,-1,-1
78,48,245.0,146.75,45.25,46.25,1,1,-1,-1
79,48,240.5,147.75,45.25,45.25,1,1,-1,-1
80,48,238.75,148.0,45.25,45.25,1,1,-1,-1
81,48,233.75,149.75,45.25,45.5,1,1,-1,-1
82,48,225.25,151.0,45.25,45.25,1,1,-1,-1
83,48,218.0,153.25,45.5,46.5,1,1,-1,-1
84,48,213.25,158.25,45.75,47.25,1,1,-1,-1
85,48,210.0,162.5,45.75,48.0,1,1,-1,-1
86,48,209.25,167.25,45.25,45.75,1,1,-1,-1
87,48,209.25,170.5,45.25,45.75,1,1,-1,-1
88,48,210.25,172.5,45.25,45.75,1,1,-1,-1
89,48,208.5,176.25,45.5,46.5,1,1,-1,-1
90,48,207.0,176.5,45.25,45.75,1,1,-1,-1
91,48,207.0,178.75,45.25,45.75,1,1,-1,-1
92,48,206.5,181.25,45.25,45.75,1,1,-1,-1
93,48,207.75,184.5,45.25,45.5,1,1,-1,-1
94,48,207.25,188.75,45.5,45.75,1,1,-1,-1
95,48,204.75,197.25,45.5,45.5,1,1,-1,-1
96,48,202.75,204.5,45.25,45.5,1,1,-1,-1
97,48,200.5,208.75,45.25,45.5,1,1,-1,-1
98,48,200.0,217.75,45.0,45.5,1,1,-1,-1
99,48,200.5,219.25,45.0,45.5,1,1,-1,-1
100,48,199.5,222.75,45.25,45.5,1,1,-1,-1
101,48,199.25,226.25,45.0,45.75,1,1,-1,-1
102,48,201.25,230.0,45.0,45.5,1,1,-1,-1
103,48,202.25,234.75,45.0,45.5,1,1,-1,-1
104,48,201.5,237.75,45.0,45.75,1,1,-1,-1
105,48,200.5,239.75,44.75,45.5,1,1,-1,-1
106,48,200.75,239.5,44.75,45.75,1,1,-1,-1
107,48,201.0,239.25,45.0,45.5,1,1,-1,-1
108,48,206.0,242.75,45.0,45.5,1,1,-1,-1
109,48,205.5,243.5,45.0,45.5,1,1,-1,-1
110,48,205.5,243.75,44.75,45.5,1,1,-1,-1
111,48,205.75,243.75,45.0,45.5,1,1,-1,-1
112,48,205.5,246.5,45.25,45.75,1,1,-1,-1
113,48,207.5,247.75,45.0,45.5,1,1,-1,-1
114,48,207.75,247.25,45.0,45.75,1,1,-1,-1
115,48,207.75,247.0,45.25,45.5,1,1,-1,-1
116,48,207.5,247.75,45.0,45.5,1,1,-1,-1
117,48,207.5,248.0,45.25,45.75,1,1,-1,-1
118,48,206.75,247.75,45.0,45.5,1,1,-1,-1
119,48,206.75,248.0,45.0,45.5,1,1,-1,-1
120,48,207.0,248.25,45.0,45.5,1,1,-1,-1
121,48,206.0,248.75,45.25,45.5,1,1,-1,-1
122,48,205.25,249.75,45.0,45.5,1,1,-1,-1
123,48,202.5,252.0,45.0,45.5,1,1,-1,-1
124,48,200.75,253.0,45.0,45.5,1,1,-1,-1
125,48,200.0,254.0,45.0,45.5,1,1,-1,-1
126,48,199.5,255.75,45.0,45.5,1,1,-1,-1
127,48,199.25,258.75,45.25,45.5,1,1,-1,-1
128,48,203.0,256.25,44.75,45.25,1,1,-1,-1
129,48,202.25,257.75,44.75,45.25,1,1,-1,-1
130,48,202.0,258.5,44.75,45.25,1,1,-1,-1
131,48,202.75,259.0,44.75,45.0,1,1,-1,-1
132,48,202.25,260.25,45.0,45.25,1,1,-1,-1
133,48,199.75,265.25,45.25,45.5,1,1,-1,-1
134,48,199.0,264.75,45.0,45.5,1,1,-1,-1
135,48,198.25,265.5,45.25,45.5,1,1,-1,-1
136,48,197.75,265.75,45.25,45.75,1,1,-1,-1
137,48,197.75,265.25,45.0,45.5,1,1,-1,-1
138,48,198.25,264.75,45.0,45.75,1,1,-1,-1
139,48,198.0,265.25,45.25,45.5,1,1,-1,-1
140,48,198.0,266.25,45.0,45.75,1,1,-1,-1
141,48,198.0,266.75,45.0,45.75,1,1,-1,-1
142,48,198.0,266.5,45.0,46.25,1,1,-1,-1
143,48,199.0,266.0,45.0,46.25,1,1,-1,-1
144,48,199.25,266.25,45.0,45.75,1,1,-1,-1
145,48,199.75,267.5,45.0,45.5,1,1,-1,-1
146,48,200.75,266.0,45.0,46.25,1,1,-1,-1
147,48,200.75,266.5,45.0,46.0,1,1,-1,-1
148,48,200.25,266.0,45.0,46.0,1,1,-1,-1
149,48,198.75,267.0,45.0,45.75,1,1,-1,-1
150,48,198.75,267.25,45.0,45.75,1,1,-1,-1
151,48,202.5,265.0,45.0,45.75,1,1,-1,-1
152,48,204.5,264.75,45.25,45.75,1,1,-1,-1
153,48,206.75,263.75,45.0,45.5,1,1,-1,-1
154,48,207.5,263.5,45.0,45.5,1,1,-1,-1
155,48,210.5,260.25,44.75,45.25,1,1,-1,-1
156,48,212.25,258.75,45.0,45.25,1,1,-1,-1
157,48,215.5,259.0,45.0,45.5,1,1,-1,-1
158,48,222.0,259.5,45.0,45.75,1,1,-1,-1
159,48,220.0,259.0,45.0,45.5,1,1,-1,-1
160,48,217.0,256.5,45.0,45.75,1,1,-1,-1
161,48,220.494,251.929,45.25,45.5,1,1,-1,-1
162,48,217.319,256.179,45.25,45.5,1,1,-1,-1
163,48,214.143,260.429,45.25,45.5,1,1,-1,-1
164,48,210.968,264.679,45.25,45.5,1,1,-1,-1
165,48,209.0,249.0,45.0,45.25,1,1,-1,-1
166,48,210.0,241.75,45.25,45.5,1,1,-1,-1
167,48,206.75,238.558,45.25,45.5,1,1,-1,-1
168,48,208.75,231.75,45.25,45.5,1,1,-1,-1
169,48,208.5,225.25,45.5,45.5,1,1,-1,-1
170,48,210.5,219.0,45.75,45.5,1,1,-1,-1
171,48,210.5,217.25,45.75,45.5,1,1,-1,-1
172,48,213.5,212.5,45.75,45.5,1,1,-1,-1
173,48,218.0,206.25,45.75,45.5,1,1,-1,-1
174,48,218.75,203.75,45.5,45.5,1,1,-1,-1
175,48,218.0,201.25,45.5,45.5,1,1,-1,-1
176,48,218.25,198.5,45.5,45.5,1,1,-1,-1
177,48,220.5,195.0,45.25,45.5,1,1,-1,-1
178,48,223.25,190.75,45.5,45.5,1,1,-1,-1
179,48,226.0,187.5,45.5,45.5,1,1,-1,-1
180,48,230.5,185.0,45.5,45.5,1,1,-1,-1
181,48,233.0,183.75,45.5,45.5,1,1,-1,-1
182,48,237.0,182.0,45.75,45.75,1,1,-1,-1
183,48,237.75,182.5,45.75,45.75,1,1,-1,-1
184,48,238.0,182.5,45.5,45.5,1,1,-1,-1
185,48,238.5,182.5,45.5,45.5,1,1,-1,-1
186,48,239.75,181.75,45.5,45.5,1,1,-1,-1
187,48,240.25,182.5,45.25,45.5,1,1,-1,-1
188,48,241.25,182.25,45.5,45.5,1,1,-1,-1
189,48,244.5,189.5,45.0,45.0,1,1,-1,-1
190,48,244.5,189.5,45.0,45.0,1,1,-1,-1
191,48,250.5,189.5,45.0,45.0,1,1,-1,-1
192,48,254.5,189.5,45.0,45.0,1,1,-1,-1
193,48,254.5,189.5,45.0,45.0,1,1,-1,-1
194,48,254.5,189.5,45.0,45.0,1,1,-1,-1
195,48,263.5,185.5,45.0,45.0,1,1,-1,-1
196,48,263.5,185.5,45.0,45.0,1,1,-1,-1
197,48,263.5,185.5,45.0,45.0,1,1,-1,-1
198,48,259.5,187.5,45.0,45.0,1,1,-1,-1
199,48,259.5,187.5,45.0,45.0,1,1,-1,-1
200,48,259.5,187.5,45.0,45.0,1,1,-1,-1
201,48,259.5,187.5,45.0,45.0,1,1,-1,-1
202,48,263.5,183.5,45.25,46.0,1,1,-1,-1
203,48,268.0,180.25,46.5,47.25,1,1,-1,-1
204,48,268.75,180.25,45.5,46.0,1,1,-1,-1
205,48,274.75,178.25,45.5,45.25,1,1,-1,-1
206,48,278.25,175.5,45.5,45.5,1,1,-1,-1
207,48,279.0,173.5,45.5,45.25,1,1,-1,-1
208,48,280.75,167.0,45.5,45.5,1,1,-1,-1
209,48,280.25,166.5,45.5,45.5,1,1,-1,-1
210,48,281.75,165.75,45.5,45.25,1,1,-1,-1
211,48,285.25,166.0,45.5,45.5,1,1,-1,-1
212,48,289.0,164.5,45.75,45.25,1,1,-1,-1
213,48,291.443,163.944,45.75,45.25,1,1,-1,-1
214,48,296.75,168.0,45.25,45.25,1,1,-1,-1
215,48,302.0,166.75,45.25,45.5,1,1,-1,-1
216,48,307.25,165.5,45.5,45.25,1,1,-1,-1
217,48,312.0,162.25,45.5,45.5,1,1,-1,-1
218,48,316.5,158.75,45.5,45.25,1,1,-1,-1
219,48,322.75,154.0,45.5,45.25,1,1,-1,-1
220,48,328.25,149.5,45.25,44.75,1,1,-1,-1
221,48,330.25,146.75,45.25,45.0,1,1,-1,-1
222,48,333.0,143.25,45.0,45.25,1,1,-1,-1
223,48,333.5,141.75,45.0,45.0,1,1,-1,-1
224,48,337.75,140.0,45.25,44.75,1,1,-1,-1
225,48,340.456,138.198,45.25,44.75,1,1,-1,-1
226,48,343.29,136.382,45.25,44.75,1,1,-1,-1
227,48,358.0,117.75,45.25,45.25,1,1,-1,-1
228,48,364.0,109.0,45.0,45.25,1,1,-1,-1
229,48,369.956,100.921,45.0,45.25,1,1,-1,-1
230,48,369.5,89.0,45.0,45.25,1,1,-1,-1
231,48,370.75,78.0,45.0,45.5,1,1,-1,-1
232,48,370.0,77.0,45.0,45.25,1,1,-1,-1
233,48,370.0,77.0,44.75,45.0,1,1,-1,-1
234,48,370.5,76.0,45.0,45.25,1,1,-1,-1
235,48,369.5,73.75,45.0,45.25,1,1,-1,-1
236,48,373.0,71.5,44.75,45.25,1,1,-1,-1
237,48,363.5,76.5,45.0,45.0,1,1,-1,-1
238,48,361.5,68.5,45.0,45.0,1,1,-1,-1
239,48,361.5,68.5,45.0,45.0,1,1,-1,-1
240,48,361.5,67.5,45.0,45.0,1,1,-1,-1
241,48,361.5,67.5,45.0,45.0,1,1,-1,-1
242,48,361.0,58.0,45.25,45.75,1,1,-1,-1
243,48,360.75,58.0,45.25,45.5,1,1,-1,-1
244,48,360.5,58.0,45.5,45.5,1,1,-1,-1
245,48,360.0,58.0,45.25,45.5,1,1,-1,-1
246,48,361.0,57.25,45.25,45.5,1,1,-1,-1
247,48,361.75,57.0,45.25,45.5,1,1,-1,-1
248,48,364.0,56.75,45.25,45.5,1,1,-1,-1
249,48,365.25,55.75,45.5,45.75,1,1,-1,-1
250,48,366.75,53.5,45.25,45.75,1,1,-1,-1
251,48,367.0,53.75,45.25,45.5,1,1,-1,-1
252,48,366.5,53.0,45.25,45.5,1,1,-1,-1
253,48,365.75,53.25,45.25,45.5,1,1,-1,-1
254,48,365.0,51.75,45.5,45.75,1,1,-1,-1
255,48,364.75,52.5,45.5,45.5,1,1,-1,-1
256,48,364.75,52.25,45.5,45.75,1,1,-1,-1
257,48,365.0,52.0,45.5,45.5,1,1,-1,-1
258,48,366.5,51.25,45.5,45.75,1,1,-1,-1
259,48,366.764,51.074,45.5,45.75,1,1,-1,-1
260,48,367.376,50.718,45.5,45.75,1,1,-1,-1
261,48,367.988,50.361,45.5,45.75,1,1,-1,-1
262,48,368.6,50.004,45.5,45.75,1,1,-1,-1
263,48,369.25,50.75,45.75,45.25,1,1,-1,-1
264,48,369.885,50.647,45.75,45.25,1,1,-1,-1
265,48,366.5,51.0,45.25,45.5,1,1,-1,-1
266,48,366.5,50.5,45.25,45.5,1,1,-1,-1
267,48,365.5,50.25,45.25,45.5,1,1,-1,-1
268,48,365.0,50.0,45.25,45.5,1,1,-1,-1
269,48,365.25,50.0,45.25,45.25,1,1,-1,-1
270,48,365.5,49.5,45.25,45.25,1,1,-1,-1
271,48,365.25,49.0,45.25,45.5,1,1,-1,-1
272,48,365.5,49.5,45.25,45.25,1,1,-1,-1
273,48,365.25,49.0,45.0,45.5,1,1,-1,-1
274,48,365.25,49.0,45.0,45.5,1,1,-1,-1
275,48,364.75,49.0,45.25,45.5,1,1,-1,-1
276,48,365.0,49.0,45.0,45.5,1,1,-1,-1
277,48,365.25,48.25,45.25,45.75,1,1,-1,-1
278,48,365.25,47.5,45.25,45.75,1,1,-1,-1
279,48,365.0,48.0,45.25,45.5,1,1,-1,-1
280,48,365.5,47.5,45.0,45.5,1,1,-1,-1
281,48,365.25,48.0,45.25,45.5,1,1,-1,-1
282,48,365.25,48.75,45.25,45.5,1,1,-1,-1
283,48,364.75,49.25,45.25,45.5,1,1,-1,-1
284,48,364.5,49.5,45.5,45.0,1,1,-1,-1
285,48,364.75,50.0,45.25,45.5,1,1,-1,-1
286,48,365.75,50.25,45.25,45.5,1,1,-1,-1
287,48,366.0,49.75,45.25,45.25,1,1,-1,-1
288,48,366.0,49.5,45.5,45.25,1,1,-1,-1
289,48,366.75,49.25,45.25,45.25,1,1,-1,-1
290,48,366.25,49.5,45.25,45.25,1,1,-1,-1
291,48,366.25,49.5,45.5,45.25,1,1,-1,-1
292,48,366.5,49.25,45.5,45.5,1,1,-1,-1
293,48,366.0,49.75,45.25,45.25,1,1,-1,-1
294,48,365.75,49.5,45.25,45.25,1,1,-1,-1
295,48,365.75,50.25,45.0,45.0,1,1,-1,-1
296,48,366.0,50.0,45.0,45.25,1,1,-1,-1
297,48,366.0,49.75,45.0,45.5,1,1,-1,-1
298,48,365.75,49.75,45.0,45.0,1,1,-1,-1
299,48,365.25,49.75,44.75,45.0,1,1,-1,-1
300,48,365.0,50.0,45.0,45.25,1,1,-1,-1
301,48,364.75,49.5,44.75,45.25,1,1,-1,-1
302,48,364.75,49.5,44.75,45.25,1,1,-1,-1
303,48,364.5,49.0,44.75,45.25,1,1,-1,-1
304,48,364.5,48.75,44.75,45.25,1,1,-1,-1
305,48,364.0,47.0,45.0,45.25,1,1,-1,-1
306,48,364.5,45.25,44.75,45.5,1,1,-1,-1
307,48,366.0,45.25,45.0,45.5,1,1,-1,-1
308,48,366.25,43.75,45.0,45.5,1,1,-1,-1
309,48,367.5,42.0,45.25,45.5,1,1,-1,-1
310,48,370.0,39.25,45.25,45.25,1,1,-1,-1
311,48,371.5,37.25,45.0,45.5,1,1,-1,-1
312,48,373.0,35.25,45.25,45.5,1,1,-1,-1
313,48,374.0,33.25,45.25,45.25,1,1,-1,-1
314,48,375.5,31.75,45.25,45.25,1,1,-1,-1
315,48,376.5,31.0,45.25,45.25,1,1,-1,-1
316,48,377.0,30.75,45.25,45.25,1,1,-1,-1
317,48,376.5,30.5,45.25,45.5,1,1,-1,-1
318,48,377.156,29.783,45.25,45.5,1,1,-1,-1
319,48,368.25,34.75,45.5,45.75,1,1,-1,-1
320,48,378.5,30.75,45.0,45.5,1,1,-1,-1
321,48,380.75,30.5,45.25,45.5,1,1,-1,-1
322,48,384.0,29.75,45.0,45.5,1,1,-1,-1
323,48,385.5,31.0,45.0,45.25,1,1,-1,-1
324,48,388.5,31.5,45.0,45.25,1,1,-1,-1
325,48,390.0,32.25,45.0,45.5,1,1,-1,-1
326,48,390.5,31.5,45.0,45.25,1,1,-1,-1
327,48,391.25,31.5,45.0,45.25,1,1,-1,-1
328,48,393.5,29.75,45.25,45.25,1,1,-1,-1
329,48,395.25,28.75,45.0,45.25,1,1,-1,-1
330,48,397.0,27.0,45.25,46.0,1,1,-1,-1
331,48,400.5,25.0,45.0,45.5,1,1,-1,-1
332,48,403.0,24.5,45.25,46.0,1,1,-1,-1
333,48,404.0,24.0,45.0,45.5,1,1,-1,-1
334,48,404.5,23.75,45.0,45.25,1,1,-1,-1
335,48,404.75,23.75,45.0,45.5,1,1,-1,-1
336,48,404.5,23.75,45.0,45.25,1,1,-1,-1
337,48,405.75,22.25,45.0,45.5,1,1,-1,-1
338,48,408.5,22.0,45.0,45.25,1,1,-1,-1
339,48,409.5,22.75,45.0,45.25,1,1,-1,-1
340,48,410.0,23.0,45.0,45.25,1,1,-1,-1
341,48,409.75,24.25,45.0,45.25,1,1,-1,-1
342,48,409.75,24.25,45.0,45.25,1,1,-1,-1
343,48,409.75,24.25,45.0,45.25,1,1,-1,-1
344,48,408.0,25.25,44.75,45.0,1,1,-1,-1
345,48,409.5,24.5,45.0,45.0,1,1,-1,-1
346,48,409.5,24.0,45.25,45.0,1,1,-1,-1
347,48,410.5,24.25,45.0,45.25,1,1,-1,-1
348,48,414.5,24.0,45.5,44.75,1,1,-1,-1
349,48,409.75,24.0,45.0,45.25,1,1,-1,-1
350,48,408.5,24.5,45.0,45.5,1,1,-1,-1
351,48,406.25,24.25,45.0,45.5,1,1,-1,-1
352,48,402.5,24.25,45.25,46.0,1,1,-1,-1
353,48,395.25,22.75,45.75,47.5,1,1,-1,-1
354,48,390.5,27.75,45.25,46.0,1,1,-1,-1
355,48,394.25,26.75,45.25,45.25,1,1,-1,-1
356,48,394.0,27.25,45.0,45.5,1,1,-1,-1
357,48,395.25,27.75,45.25,45.25,1,1,-1,-1
358,48,395.0,27.5,45.25,45.5,1,1,-1,-1
359,48,395.5,28.25,45.25,45.5,1,1,-1,-1
360,48,388.75,28.0,45.25,45.75,1,1,-1,-1
361,48,394.25,28.0,45.25,45.75,1,1,-1,-1
362,48,394.75,28.0,45.25,45.75,1,1,-1,-1
363,48,388.0,29.5,45.5,45.5,1,1,-1,-1
364,48,393.5,27.75,45.5,46.0,1,1,-1,-1
365,48,392.0,25.75,46.0,45.75,1,1,-1,-1
366,48,394.0,26.5,45.5,45.75,1,1,-1,-1
367,48,394.75,25.75,45.25,45.5,1,1,-1,-1
368,48,392.75,24.0,45.25,45.5,1,1,-1,-1
369,48,392.75,24.5,45.25,45.5,1,1,-1,-1
370,48,397.25,28.5,45.5,45.5,1,1,-1,-1
371,48,394.25,28.5,45.5,45.75,1,1,-1,-1
372,48,394.5,27.75,45.5,45.75,1,1,-1,-1
373,48,394.5,27.5,45.5,45.5,1,1,-1,-1
374,48,393.5,29.0,45.75,45.5,1,1,-1,-1
375,48,394.75,29.75,45.5,45.75,1,1,-1,-1
376,48,395.5,29.5,45.75,45.5,1,1,-1,-1
377,48,395.713,29.945,45.75,45.5,1,1,-1,-1
378,48,396.157,30.244,45.75,45.5,1,1,-1,-1
379,48,394.0,30.0,45.75,45.75,1,1,-1,-1
380,48,393.5,33.75,45.5,45.75,1,1,-1,-1
381,48,394.5,27.5,45.0,45.0,1,1,-1,-1
382,48,395.5,24.5,45.0,45.0,1,1,-1,-1
383,48,397.5,22.5,45.0,45.0,1,1,-1,-1
384,48,392.5,26.0,45.75,46.75,1,1,-1,-1
385,48,388.75,26.5,46.75,47.0,1,1,-1,-1
386,48,391.75,26.75,47.0,46.75,1,1,-1,-1
387,48,395.5,24.5,45.0,45.0,1,1,-1,-1
388,48,395.5,24.5,45.0,45.0,1,1,-1,-1
389,48,395.5,24.5,45.0,45.0,1,1,-1,-1
390,48,394.5,23.75,45.75,45.75,1,1,-1,-1
391,48,395.25,25.25,45.75,46.0,1,1,-1,-1
392,48,394.5,23.5,45.0,45.0,1,1,-1,-1
393,48,395.5,22.5,45.0,45.0,1,1,-1,-1
394,48,395.5,22.5,45.0,45.0,1,1,-1,-1
395,48,395.5,22.5,45.0,45.0,1,1,-1,-1
396,48,395.5,22.5,45.0,45.0,1,1,-1,-1
397,48,397.5,24.5,45.0,45.0,1,1,-1,-1
398,48,394.25,21.5,45.75,47.75,1,1,-1,-1
399,48,395.5,22.25,45.25,46.25,1,1,-1,-1
400,48,395.0,20.75,45.0,45.5,1,1,-1,-1
401,48,395.5,21.75,45.25,45.25,1,1,-1,-1
402,48,397.0,19.25,45.0,45.75,1,1,-1,-1
403,48,396.75,20.0,45.0,45.75,1,1,-1,-1
404,48,396.5,25.5,45.0,45.0,1,1,-1,-1
405,48,396.5,25.5,45.0,45.0,1,1,-1,-1
406,48,396.5,25.5,45.0,45.0,1,1,-1,-1
407,48,395.5,25.5,45.0,45.0,1,1,-1,-1
408,48,393.5,27.5,45.0,45.0,1,1,-1,-1
409,48,393.5,27.5,45.0,45.0,1,1,-1,-1
410,48,393.5,29.5,45.0,45.0,1,1,-1,-1
411,48,393.5,29.5,45.0,45.0,1,1,-1,-1
412,48,392.5,29.5,45.0,45.0,1,1,-1,-1
413,48,389.5,27.5,45.0,45.0,1,1,-1,-1
414,48,389.5,27.5,45.0,45.0,1,1,-1,-1
415,48,389.5,27.5,45.0,45.0,1,1,-1,-1
416,48,389.5,27.5,45.0,45.0,1,1,-1,-1
417,48,389.5,27.5,45.0,45.0,1,1,-1,-1
418,48,389.5,27.5,45.0,45.0,1,1,-1,-1
419,48,389.75,34.0,45.75,46.0,1,1,-1,-1
420,48,388.0,33.75,46.0,45.75,1,1,-1,-1
421,48,388.25,34.25,45.75,45.5,1,1,-1,-1
422,48,386.676,34.685,45.75,45.5,1,1,-1,-1
423,48,386.608,34.434,45.75,45.5,1,1,-1,-1
424,48,384.75,35.0,46.75,48.0,1,1,-1,-1
425,48,385.397,31.332,46.75,48.0,1,1,-1,-1
426,48,389.25,37.75,45.5,45.5,1,1,-1,-1
427,48,384.5,40.0,46.0,45.25,1,1,-1,-1
428,48,381.5,42.5,46.0,45.25,1,1,-1,-1
429,48,384.0,40.25,45.75,45.25,1,1,-1,-1
430,48,383.75,39.75,45.5,45.5,1,1,-1,-1
431,48,382.25,40.0,45.75,45.75,1,1,-1,-1
432,48,382.527,39.313,45.75,45.75,1,1,-1,-1
433,48,373.75,35.0,45.5,45.5,1,1,-1,-1
434,48,368.75,33.75,45.5,45.5,1,1,-1,-1
435,48,362.25,31.25,45.5,45.5,1,1,-1,-1
436,48,359.5,30.25,45.25,45.5,1,1,-1,-1
437,48,356.5,29.25,45.25,45.25,1,1,-1,-1
438,48,352.75,27.0,45.25,45.5,1,1,-1,-1
439,48,352.0,25.75,45.25,45.5,1,1,-1,-1
440,48,351.75,25.75,45.25,45.5,1,1,-1,-1
441,48,353.5,26.25,45.25,45.25,1,1,-1,-1
442,48,355.75,29.0,45.0,45.25,1,1,-1,-1
443,48,357.5,30.75,45.5,45.25,1,1,-1,-1
444,48,361.0,30.75,45.25,45.5,1,1,-1,-1
445,48,363.75,31.0,45.25,45.0,1,1,-1,-1
446,48,366.0,30.25,45.25,45.0,1,1,-1,-1
447,48,368.75,31.5,45.75,45.0,1,1,-1,-1
448,48,367.5,30.75,45.75,45.0,1,1,-1,-1
449,48,370.75,29.0,45.75,45.25,1,1,-1,-1
450,48,371.5,29.0,45.25,45.25,1,1,-1,-1
451,48,377.0,26.5,45.0,45.5,1,1,-1,-1
452,48,379.75,27.0,45.0,45.25,1,1,-1,-1
453,48,382.75,27.75,45.25,45.25,1,1,-1,-1
454,48,396.863,20.494,45.75,45.0,1,1,-1,-1
455,48,391.0,26.0,45.0,45.0,1,1,-1,-1
456,48,393.75,25.25,45.0,45.0,1,1,-1,-1
457,48,395.75,25.0,45.0,44.75,1,1,-1,-1
458,48,399.25,25.5,45.0,44.75,1,1,-1,-1
459,48,402.75,25.5,45.25,45.25,1,1,-1,-1
460,48,403.5,26.25,45.25,45.5,1,1,-1,-1
461,48,404.0,29.25,45.0,45.25,1,1,-1,-1
462,48,406.25,31.0,45.0,45.25,1,1,-1,-1
463,48,410.75,32.5,45.0,45.25,1,1,-1,-1
464,48,410.0,34.25,45.0,45.25,1,1,-1,-1
465,48,411.25,37.25,45.25,45.75,1,1,-1,-1
466,48,412.0,42.75,45.25,45.5,1,1,-1,-1
467,48,412.25,47.75,45.0,45.5,1,1,-1,-1
468,48,413.0,51.0,45.0,45.5,1,1,-1,-1
469,48,413.5,52.0,45.25,45.5,1,1,-1,-1
470,48,416.25,56.0,45.0,45.5,1,1,-1,-1
471,48,417.5,58.5,45.5,45.75,1,1,-1,-1
472,48,419.75,60.0,45.25,45.75,1,1,-1,-1
473,48,420.0,61.25,45.5,45.5,1,1,-1,-1
474,48,421.5,61.5,45.25,45.75,1,1,-1,-1
475,48,428.5,61.25,45.5,46.5,1,1,-1,-1
476,48,428.25,62.5,45.5,46.25,1,1,-1,-1
477,48,429.75,62.75,45.25,45.5,1,1,-1,-1
478,48,432.0,63.0,45.5,45.5,1,1,-1,-1
479,48,433.25,62.0,45.25,45.75,1,1,-1,-1
480,48,434.75,60.25,45.5,45.75,1,1,-1,-1
481,48,432.5,65.5,45.0,45.0,1,1,-1,-1
482,48,432.5,65.5,45.0,45.0,1,1,-1,-1
483,48,432.5,65.5,45.0,45.0,1,1,-1,-1
484,48,429.5,63.5,45.0,45.0,1,1,-1,-1
485,48,429.5,63.5,45.0,45.0,1,1,-1,-1
486,48,429.5,63.5,45.0,45.0,1,1,-1,-1
487,48,433.5,61.5,45.0,45.0,1,1,-1,-1
488,48,433.5,61.5,45.0,45.0,1,1,-1,-1
489,48,436.5,62.5,45.0,45.0,1,1,-1,-1
490,48,440.5,67.5,45.0,45.0,1,1,-1,-1
491,48,443.5,67.5,45.0,45.0,1,1,-1,-1
492,48,447.5,67.5,45.0,45.0,1,1,-1,-1
493,48,459.5,71.5,45.0,45.0,1,1,-1,-1
494,48,461.5,71.5,45.0,45.0,1,1,-1,-1
495,48,476.5,73.5,45.0,45.0,1,1,-1,-1
496,48,475.5,71.5,45.0,45.0,1,1,-1,-1
497,48,483.5,71.5,45.0,45.0,1,1,-1,-1
498,48,485.5,73.5,45.0,45.0,1,1,-1,-1
499,48,487.5,76.5,45.0,45.0,1,1,-1,-1
500,48,492.5,84.5,45.0,45.0,1,1,-1,-1
338,49,292.5,-15.5,45.0,45.0,1,1,-1,-1
339,49,271.0,3.0,44.75,46.25,1,1,-1,-1
340,49,262.25,16.5,44.75,45.0,1,1,-1,-1
341,49,262.5,23.75,44.75,45.25,1,1,-1,-1
342,49,266.0,27.0,44.75,45.0,1,1,-1,-1
343,49,268.0,27.5,45.0,45.0,1,1,-1,-1
344,49,272.5,28.0,45.0,45.0,1,1,-1,-1
345,49,273.25,26.75,45.0,45.0,1,1,-1,-1
346,49,272.5,26.5,45.0,45.0,1,1,-1,-1
347,49,273.25,27.0,45.25,45.0,1,1,-1,-1
348,49,271.0,28.25,45.25,45.25,1,1,-1,-1
349,49,264.5,29.75,45.0,45.25,1,1,-1,-1
350,49,257.5,32.25,45.0,45.25,1,1,-1,-1
351,49,246.75,34.0,45.0,45.25,1,1,-1,-1
352,49,239.25,35.0,45.0,45.5,1,1,-1,-1
353,49,225.75,39.5,45.0,46.5,1,1,-1,-1
354,49,215.25,39.5,45.0,46.75,1,1,-1,-1
355,49,201.5,39.75,45.0,46.0,1,1,-1,-1
356,49,187.0,39.75,45.0,46.0,1,1,-1,-1
357,49,171.0,37.75,45.25,47.0,1,1,-1,-1
358,49,157.0,35.75,46.75,48.75,1,1,-1,-1
359,49,137.5,38.25,45.75,48.25,1,1,-1,-1
360,49,117.5,41.0,46.25,48.75,1,1,-1,-1
361,49,101.5,46.75,46.25,48.25,1,1,-1,-1
362,49,83.5,53.5,45.0,45.0,1,1,-1,-1
363,49,65.5,61.5,45.0,45.0,1,1,-1,-1
364,49,43.5,66.5,45.0,45.0,1,1,-1,-1
365,49,21.5,76.5,45.0,45.0,1,1,-1,-1
366,49,0.5,85.5,45.0,45.0,1,1,-1,-1
367,49,-15.5,91.5,45.0,45.0,1,1,-1,-1
