1, 212, 518.00, 446.00, 32.00, 24.00, -1, -1, -1
1, 210, 1153.00, 136.00, 25.00, 24.00, -1, -1, -1
1, 206, 537.00, 40.00, 22.00, 28.00, -1, -1, -1
1, 203, 369.00, 475.00, 15.00, 24.00, -1, -1, -1
1, 202, 344.00, 527.00, 15.00, 14.00, -1, -1, -1
1, 200, 966.00, 248.00, 12.00, 20.00, -1, -1, -1
1, 17, 970.00, 191.00, 21.00, 23.00, -1, -1, -1
1, 14, 730.00, 376.00, 41.00, 29.00, -1, -1, -1
1, 1, 772.50, 682.50, 96.00, 61.50, -1, -1, -1
1, 2, 986.25, 77.81, 40.50, 90.94, -1, -1, -1
1, 3, 1443.75, 1.12, 49.50, 66.33, -1, -1, -1
1, 4, 61.59, 171.00, 54.56, 55.13, -1, -1, -1
1, 5, 1287.00, 761.00, 58.00, 49.00, -1, -1, -1
1, 6, 829.50, 500.25, 64.50, 46.50, -1, -1, -1
1, 7, 1155.00, 333.37, 31.50, 43.50, -1, -1, -1
1, 8, 305.25, 878.25, 34.50, 46.50, -1, -1, -1
1, 9, 1027.50, 978.00, 33.00, 37.50, -1, -1, -1
1, 10, 74.62, 524.63, 18.75, 33.00, -1, -1, -1
10, 212, 514.00, 442.00, 32.00, 24.00, -1, -1, -1
10, 210, 1162.00, 82.00, 25.00, 24.00, -1, -1, -1
10, 206, 533.00, 12.00, 22.00, 28.00, -1, -1, -1
10, 203, 361.00, 456.00, 19.00, 24.00, -1, -1, -1
10, 202, 337.00, 501.00, 15.00, 14.00, -1, -1, -1
10, 200, 966.00, 248.00, 12.00, 20.00, -1, -1, -1
10, 17, 969.00, 158.00, 21.00, 23.00, -1, -1, -1
10, 1, 758.97, 665.51, 98.99, 62.89, -1, -1, -1
10, 2, 991.23, 77.48, 39.77, 90.35, -1, -1, -1
10, 3, 1443.75, 1.31, 43.10, 57.61, -1, -1, -1
10, 4, 44.50, 165.76, 55.57, 55.76, -1, -1, -1
10, 5, 1274.40, 756.91, 58.66, 50.91, -1, -1, -1
10, 6, 827.84, 460.17, 55.58, 38.99, -1, -1, -1
10, 7, 1150.61, 330.11, 31.57, 45.77, -1, -1, -1
10, 8, 296.12, 857.54, 35.57, 47.33, -1, -1, -1
10, 10, 67.34, 520.12, 19.12, 34.05, -1, -1, -1
10, 14, 728.76, 347.78, 41.04, 26.86, -1, -1, -1
10, 9, 1030.73, 957.72, 32.68, 37.41, -1, -1, -1
100, 220, 1034.00, 693.00, 13.00, 47.00, -1, -1, -1
100, 139, 1617.00, 987.00, 42.00, 15.00, -1, -1, -1
100, 111, 1331.00, 1039.00, 31.00, 19.00, -1, -1, -1
100, 212, 426.00, 421.00, 32.00, 30.00, -1, -1, -1
100, 57, 890.00, 1009.00, 20.00, 21.00, -1, -1, -1
100, 59, 827.00, 948.00, 22.00, 24.00, -1, -1, -1
100, 205, 642.00, 909.00, 16.00, 15.00, -1, -1, -1
100, 207, 1247.00, 716.00, 14.00, 19.00, -1, -1, -1
100, 203, 239.00, 198.00, 45.00, 30.00, -1, -1, -1
100, 202, 216.00, 168.00, 18.00, 18.00, -1, -1, -1
100, 200, 986.00, 222.00, 15.00, 26.00, -1, -1, -1
100, 1, 634.75, 477.44, 106.10, 65.02, -1, -1, -1
100, 2, 1044.77, 102.87, 35.84, 86.25, -1, -1, -1
100, 5, 1150.74, 727.94, 68.30, 61.35, -1, -1, -1
100, 7, 1127.99, 311.07, 29.81, 46.24, -1, -1, -1
100, 9, 1053.18, 700.03, 48.62, 54.07, -1, -1, -1
100, 8, 267.00, 516.00, 40.00, 28.00, -1, -1, -1
100, 14, 694.99, 21.43, 40.80, 26.96, -1, -1, -1
100, 10, 0.00, 477.71, 19.58, 35.98, -1, -1, -1
101, 220, 1035.00, 678.00, 13.00, 47.00, -1, -1, -1
101, 139, 1617.00, 987.00, 42.00, 15.00, -1, -1, -1
101, 111, 1331.00, 1039.00, 31.00, 19.00, -1, -1, -1
101, 212, 426.00, 421.00, 32.00, 30.00, -1, -1, -1
101, 57, 889.00, 1004.00, 20.00, 21.00, -1, -1, -1
101, 59, 827.00, 948.00, 22.00, 24.00, -1, -1, -1
101, 205, 642.00, 909.00, 16.00, 15.00, -1, -1, -1
101, 207, 1249.00, 710.00, 14.00, 19.00, -1, -1, -1
101, 203, 239.00, 198.00, 45.00, 30.00, -1, -1, -1
101, 202, 214.00, 160.00, 18.00, 18.00, -1, -1, -1
101, 200, 986.00, 222.00, 15.00, 26.00, -1, -1, -1
101, 1, 633.03, 474.82, 107.02, 65.70, -1, -1, -1
101, 2, 1044.78, 102.04, 37.35, 88.87, -1, -1, -1
101, 5, 1150.85, 728.05, 67.27, 60.49, -1, -1, -1
101, 7, 1127.52, 309.32, 30.77, 47.42, -1, -1, -1
101, 9, 1054.08, 697.20, 44.86, 49.70, -1, -1, -1
101, 8, 265.83, 512.05, 39.15, 27.31, -1, -1, -1
101, 14, 694.94, 17.56, 40.72, 26.97, -1, -1, -1
101, 10, -0.00, 476.83, 19.17, 34.14, -1, -1, -1
102, 220, 1037.00, 663.00, 13.00, 47.00, -1, -1, -1
102, 139, 1615.00, 983.00, 42.00, 15.00, -1, -1, -1
102, 111, 1331.00, 1039.00, 31.00, 19.00, -1, -1, -1
102, 212, 426.00, 421.00, 32.00, 30.00, -1, -1, -1
102, 57, 889.00, 1004.00, 20.00, 21.00, -1, -1, -1
102, 59, 827.00, 948.00, 22.00, 24.00, -1, -1, -1
102, 205, 640.00, 906.00, 16.00, 15.00, -1, -1, -1
102, 207, 1249.00, 710.00, 14.00, 19.00, -1, -1, -1
102, 203, 236.00, 191.00, 45.00, 30.00, -1, -1, -1
102, 202, 214.00, 160.00, 18.00, 18.00, -1, -1, -1
102, 200, 986.00, 222.00, 15.00, 26.00, -1, -1, -1
102, 1, 631.75, 472.44, 107.26, 65.95, -1, -1, -1
102, 2, 1045.24, 102.58, 36.96, 88.13, -1, -1, -1
102, 5, 1148.44, 728.10, 67.93, 61.16, -1, -1, -1
102, 7, 1127.71, 309.91, 30.41, 46.88, -1, -1, -1
102, 9, 1056.78, 693.30, 41.49, 45.25, -1, -1, -1
102, 8, 264.09, 508.06, 37.92, 26.56, -1, -1, -1
102, 14, 694.24, 12.73, 40.12, 26.63, -1, -1, -1
102, 10, -0.00, 476.01, 18.90, 33.87, -1, -1, -1
103, 220, 1039.00, 647.00, 13.00, 48.00, -1, -1, -1
103, 139, 1615.00, 983.00, 42.00, 15.00, -1, -1, -1
103, 111, 1331.00, 1039.00, 31.00, 19.00, -1, -1, -1
103, 212, 426.00, 421.00, 32.00, 30.00, -1, -1, -1
103, 57, 889.00, 1004.00, 20.00, 21.00, -1, -1, -1
103, 59, 829.00, 940.00, 22.00, 24.00, -1, -1, -1
103, 205, 640.00, 906.00, 16.00, 15.00, -1, -1, -1
103, 207, 1250.00, 708.00, 14.00, 19.00, -1, -1, -1
103, 203, 236.00, 191.00, 45.00, 30.00, -1, -1, -1
103, 202, 211.00, 151.00, 18.00, 18.00, -1, -1, -1
103, 200, 986.00, 222.00, 15.00, 26.00, -1, -1, -1
103, 1, 630.55, 469.90, 107.40, 66.04, -1, -1, -1
103, 2, 1046.78, 104.27, 35.99, 86.47, -1, -1, -1
103, 5, 1148.12, 728.63, 66.11, 59.43, -1, -1, -1
103, 7, 1127.80, 309.66, 30.25, 46.67, -1, -1, -1
103, 9, 1058.20, 691.01, 38.32, 41.51, -1, -1, -1
103, 8, 262.27, 503.73, 38.88, 27.30, -1, -1, -1
103, 14, 694.02, 8.14, 40.82, 27.26, -1, -1, -1
103, 10, -0.00, 475.98, 17.75, 32.78, -1, -1, -1
104, 220, 1040.00, 631.00, 13.00, 48.00, -1, -1, -1
104, 139, 1615.00, 983.00, 42.00, 15.00, -1, -1, -1
104, 111, 1330.00, 1032.00, 31.00, 19.00, -1, -1, -1
104, 212, 426.00, 421.00, 32.00, 30.00, -1, -1, -1
104, 57, 889.00, 998.00, 20.00, 21.00, -1, -1, -1
104, 59, 829.00, 940.00, 22.00, 24.00, -1, -1, -1
104, 205, 639.00, 899.00, 16.00, 15.00, -1, -1, -1
104, 207, 1250.00, 708.00, 14.00, 19.00, -1, -1, -1
104, 203, 234.00, 185.00, 45.00, 30.00, -1, -1, -1
104, 202, 211.00, 151.00, 18.00, 18.00, -1, -1, -1
104, 200, 986.00, 222.00, 15.00, 26.00, -1, -1, -1
104, 10, 1.00, 477.00, 20.00, 35.00, -1, -1, -1
104, 1, 629.64, 467.80, 105.99, 65.08, -1, -1, -1
104, 2, 1047.75, 104.89, 35.80, 86.33, -1, -1, -1
104, 5, 1146.95, 727.58, 66.65, 60.02, -1, -1, -1
104, 7, 1128.19, 310.33, 29.50, 45.34, -1, -1, -1
104, 9, 1057.17, 686.72, 40.21, 42.76, -1, -1, -1
104, 8, 262.39, 500.03, 35.99, 25.09, -1, -1, -1
104, 14, 694.61, 4.68, 38.79, 26.03, -1, -1, -1
105, 220, 1042.00, 615.00, 13.00, 48.00, -1, -1, -1
105, 139, 1615.00, 983.00, 42.00, 15.00, -1, -1, -1
105, 111, 1330.00, 1032.00, 31.00, 19.00, -1, -1, -1
105, 212, 421.00, 416.00, 32.00, 30.00, -1, -1, -1
105, 57, 889.00, 998.00, 20.00, 21.00, -1, -1, -1
105, 205, 639.00, 899.00, 16.00, 15.00, -1, -1, -1
105, 207, 1250.00, 708.00, 14.00, 19.00, -1, -1, -1
105, 203, 234.00, 185.00, 45.00, 30.00, -1, -1, -1
105, 202, 208.00, 143.00, 18.00, 18.00, -1, -1, -1
105, 200, 986.00, 222.00, 15.00, 26.00, -1, -1, -1
105, 59, 829.00, 940.00, 22.00, 24.00, -1, -1, -1
105, 1, 627.91, 465.37, 106.36, 65.21, -1, -1, -1
105, 2, 1048.53, 105.61, 35.84, 86.40, -1, -1, -1
105, 5, 1145.59, 727.21, 66.79, 60.24, -1, -1, -1
105, 7, 1127.53, 310.35, 29.82, 45.59, -1, -1, -1
105, 9, 1056.74, 683.28, 41.00, 43.19, -1, -1, -1
105, 8, 259.35, 493.75, 40.45, 28.36, -1, -1, -1
105, 14, 693.75, 1.22, 39.22, 26.35, -1, -1, -1
105, 10, 0.00, 475.66, 16.23, 31.15, -1, -1, -1
106, 220, 1044.00, 599.00, 13.00, 48.00, -1, -1, -1
106, 139, 1615.00, 983.00, 42.00, 15.00, -1, -1, -1
106, 111, 1330.00, 1032.00, 31.00, 19.00, -1, -1, -1
106, 212, 421.00, 416.00, 32.00, 30.00, -1, -1, -1
106, 205, 638.00, 895.00, 16.00, 15.00, -1, -1, -1
106, 207, 1251.00, 702.00, 14.00, 19.00, -1, -1, -1
106, 203, 232.00, 175.00, 45.00, 30.00, -1, -1, -1
106, 202, 208.00, 143.00, 18.00, 18.00, -1, -1, -1
106, 200, 988.00, 218.00, 15.00, 26.00, -1, -1, -1
106, 59, 829.00, 934.00, 22.00, 24.00, -1, -1, -1
106, 57, 889.00, 998.00, 20.00, 21.00, -1, -1, -1
106, 14, 696.00, 1.00, 39.00, 26.00, -1, -1, -1
106, 1, 626.70, 462.31, 107.21, 65.75, -1, -1, -1
106, 2, 1048.98, 105.86, 35.50, 86.18, -1, -1, -1
106, 5, 1144.28, 726.82, 66.56, 60.08, -1, -1, -1
106, 7, 1127.32, 309.62, 29.89, 45.68, -1, -1, -1
106, 9, 1056.88, 679.64, 41.65, 43.36, -1, -1, -1
106, 8, 256.69, 488.18, 46.14, 32.33, -1, -1, -1
106, 10, 0.00, 474.35, 15.61, 31.34, -1, -1, -1
107, 221, 1467.00, 550.00, 16.00, 20.00, -1, -1, -1
107, 220, 1045.00, 582.00, 14.00, 52.00, -1, -1, -1
107, 139, 1606.00, 982.00, 42.00, 15.00, -1, -1, -1
107, 111, 1330.00, 1032.00, 31.00, 19.00, -1, -1, -1
107, 212, 421.00, 416.00, 32.00, 30.00, -1, -1, -1
107, 205, 638.00, 895.00, 16.00, 15.00, -1, -1, -1
107, 207, 1251.00, 702.00, 14.00, 19.00, -1, -1, -1
107, 203, 232.00, 175.00, 45.00, 30.00, -1, -1, -1
107, 202, 205.00, 132.00, 18.00, 18.00, -1, -1, -1
107, 200, 988.00, 218.00, 15.00, 26.00, -1, -1, -1
107, 59, 829.00, 934.00, 22.00, 24.00, -1, -1, -1
107, 57, 890.00, 993.00, 20.00, 21.00, -1, -1, -1
107, 14, 696.00, 1.00, 38.00, 20.00, -1, -1, -1
107, 1, 625.04, 459.77, 107.57, 65.95, -1, -1, -1
107, 2, 1049.21, 106.19, 35.18, 85.97, -1, -1, -1
107, 5, 1143.38, 725.20, 67.39, 61.01, -1, -1, -1
107, 7, 1126.61, 308.49, 30.20, 46.21, -1, -1, -1
107, 9, 1057.23, 676.41, 43.27, 44.43, -1, -1, -1
107, 8, 257.30, 484.90, 42.76, 29.68, -1, -1, -1
107, 10, 0.00, 471.91, 15.44, 32.91, -1, -1, -1
108, 221, 1468.00, 547.00, 16.00, 20.00, -1, -1, -1
108, 220, 1047.00, 565.00, 13.00, 51.00, -1, -1, -1
108, 139, 1606.00, 982.00, 42.00, 15.00, -1, -1, -1
108, 111, 1330.00, 1032.00, 31.00, 19.00, -1, -1, -1
108, 212, 421.00, 416.00, 32.00, 30.00, -1, -1, -1
108, 205, 637.00, 889.00, 16.00, 15.00, -1, -1, -1
108, 207, 1253.00, 696.00, 14.00, 19.00, -1, -1, -1
108, 203, 231.00, 170.00, 37.00, 30.00, -1, -1, -1
108, 202, 205.00, 132.00, 18.00, 18.00, -1, -1, -1
108, 200, 988.00, 218.00, 15.00, 26.00, -1, -1, -1
108, 59, 829.00, 934.00, 22.00, 24.00, -1, -1, -1
108, 57, 890.00, 993.00, 20.00, 21.00, -1, -1, -1
108, 14, 696.00, 1.00, 37.00, 13.00, -1, -1, -1
108, 1, 623.50, 457.42, 107.65, 66.02, -1, -1, -1
108, 2, 1049.69, 106.29, 35.22, 86.27, -1, -1, -1
108, 5, 1141.89, 725.09, 67.13, 60.86, -1, -1, -1
108, 7, 1126.64, 308.20, 29.73, 45.92, -1, -1, -1
108, 9, 1056.56, 672.84, 44.45, 45.81, -1, -1, -1
108, 8, 256.45, 480.92, 43.21, 29.98, -1, -1, -1
108, 10, 0.00, 468.59, 15.81, 35.93, -1, -1, -1
109, 221, 1468.00, 544.00, 16.00, 20.00, -1, -1, -1
109, 220, 1049.00, 548.00, 13.00, 53.00, -1, -1, -1
109, 139, 1606.00, 982.00, 42.00, 15.00, -1, -1, -1
109, 111, 1330.00, 1032.00, 31.00, 19.00, -1, -1, -1
109, 212, 421.00, 416.00, 32.00, 30.00, -1, -1, -1
109, 205, 637.00, 889.00, 16.00, 15.00, -1, -1, -1
109, 207, 1253.00, 696.00, 14.00, 19.00, -1, -1, -1
109, 203, 231.00, 170.00, 37.00, 30.00, -1, -1, -1
109, 202, 201.00, 122.00, 18.00, 18.00, -1, -1, -1
109, 200, 988.00, 218.00, 15.00, 26.00, -1, -1, -1
109, 10, 1.00, 477.00, 16.00, 28.00, -1, -1, -1
109, 59, 829.00, 934.00, 22.00, 24.00, -1, -1, -1
109, 57, 890.00, 988.00, 20.00, 21.00, -1, -1, -1
109, 1, 621.54, 455.14, 107.58, 66.04, -1, -1, -1
109, 2, 1050.40, 107.18, 35.12, 85.76, -1, -1, -1
109, 5, 1140.72, 725.56, 66.36, 60.31, -1, -1, -1
109, 7, 1126.66, 308.10, 29.55, 45.81, -1, -1, -1
109, 9, 1056.34, 669.15, 44.80, 46.34, -1, -1, -1
109, 8, 255.64, 477.35, 41.96, 29.10, -1, -1, -1
11, 212, 514.00, 442.00, 32.00, 24.00, -1, -1, -1
11, 210, 1164.00, 75.00, 20.00, 26.00, -1, -1, -1
11, 206, 533.00, 12.00, 22.00, 28.00, -1, -1, -1
11, 203, 361.00, 450.00, 19.00, 24.00, -1, -1, -1
11, 202, 335.00, 496.00, 15.00, 14.00, -1, -1, -1
11, 200, 966.00, 248.00, 12.00, 20.00, -1, -1, -1
11, 17, 969.00, 158.00, 21.00, 23.00, -1, -1, -1
11, 10, 67.34, 520.12, 19.12, 34.05, -1, -1, -1
11, 1, 757.92, 664.24, 99.30, 63.02, -1, -1, -1
11, 2, 991.79, 77.47, 39.80, 90.58, -1, -1, -1
11, 3, 1444.02, 1.32, 42.72, 56.85, -1, -1, -1
11, 4, 42.25, 164.87, 56.34, 56.53, -1, -1, -1
11, 5, 1272.87, 756.23, 58.66, 50.93, -1, -1, -1
11, 6, 826.79, 455.99, 61.46, 42.58, -1, -1, -1
11, 7, 1150.33, 330.98, 30.61, 44.78, -1, -1, -1
11, 8, 294.68, 855.13, 35.79, 47.87, -1, -1, -1
11, 14, 731.25, 345.77, 36.88, 24.14, -1, -1, -1
11, 9, 1031.65, 955.55, 30.91, 35.39, -1, -1, -1
110, 221, 1469.00, 541.00, 16.00, 20.00, -1, -1, -1
110, 220, 1051.00, 531.00, 13.00, 53.00, -1, -1, -1
110, 139, 1606.00, 982.00, 42.00, 15.00, -1, -1, -1
110, 111, 1330.00, 1032.00, 31.00, 19.00, -1, -1, -1
110, 212, 421.00, 416.00, 32.00, 30.00, -1, -1, -1
110, 205, 635.00, 884.00, 16.00, 15.00, -1, -1, -1
110, 207, 1254.00, 688.00, 14.00, 19.00, -1, -1, -1
110, 203, 226.00, 160.00, 37.00, 30.00, -1, -1, -1
110, 202, 201.00, 122.00, 18.00, 18.00, -1, -1, -1
110, 200, 988.00, 218.00, 15.00, 26.00, -1, -1, -1
110, 59, 827.00, 927.00, 22.00, 24.00, -1, -1, -1
110, 57, 890.00, 988.00, 20.00, 21.00, -1, -1, -1
110, 1, 620.35, 451.90, 107.57, 66.05, -1, -1, -1
110, 2, 1050.51, 107.13, 35.35, 86.19, -1, -1, -1
110, 5, 1138.88, 726.25, 65.98, 60.10, -1, -1, -1
110, 7, 1126.49, 307.83, 29.84, 46.26, -1, -1, -1
110, 9, 1058.86, 664.43, 44.62, 45.55, -1, -1, -1
110, 8, 253.33, 472.20, 47.31, 32.73, -1, -1, -1
110, 10, 0.00, 474.00, 11.00, 32.61, -1, -1, -1
111, 221, 1472.00, 537.00, 16.00, 20.00, -1, -1, -1
111, 220, 1052.00, 512.00, 13.00, 53.00, -1, -1, -1
111, 139, 1606.00, 982.00, 42.00, 15.00, -1, -1, -1
111, 111, 1330.00, 1032.00, 31.00, 19.00, -1, -1, -1
111, 212, 421.00, 416.00, 32.00, 30.00, -1, -1, -1
111, 205, 635.00, 884.00, 16.00, 15.00, -1, -1, -1
111, 207, 1254.00, 688.00, 14.00, 19.00, -1, -1, -1
111, 203, 226.00, 160.00, 37.00, 30.00, -1, -1, -1
111, 202, 196.00, 112.00, 18.00, 18.00, -1, -1, -1
111, 200, 988.00, 218.00, 15.00, 26.00, -1, -1, -1
111, 59, 827.00, 927.00, 22.00, 24.00, -1, -1, -1
111, 57, 890.00, 982.00, 20.00, 21.00, -1, -1, -1
111, 1, 618.97, 449.28, 107.54, 66.05, -1, -1, -1
111, 2, 1051.03, 107.59, 35.43, 86.23, -1, -1, -1
111, 5, 1138.21, 725.53, 65.91, 60.02, -1, -1, -1
111, 7, 1126.72, 307.37, 29.39, 45.94, -1, -1, -1
111, 9, 1057.37, 657.56, 48.44, 49.70, -1, -1, -1
111, 8, 250.42, 465.58, 48.88, 34.03, -1, -1, -1
112, 221, 1473.00, 533.00, 16.00, 20.00, -1, -1, -1
112, 220, 1054.00, 494.00, 13.00, 53.00, -1, -1, -1
112, 139, 1606.00, 982.00, 42.00, 15.00, -1, -1, -1
112, 111, 1328.00, 1025.00, 31.00, 19.00, -1, -1, -1
112, 212, 413.00, 414.00, 32.00, 30.00, -1, -1, -1
112, 205, 636.00, 878.00, 16.00, 15.00, -1, -1, -1
112, 207, 1254.00, 688.00, 14.00, 19.00, -1, -1, -1
112, 203, 221.00, 153.00, 37.00, 30.00, -1, -1, -1
112, 202, 192.00, 104.00, 18.00, 18.00, -1, -1, -1
112, 200, 988.00, 217.00, 15.00, 26.00, -1, -1, -1
112, 59, 827.00, 927.00, 22.00, 24.00, -1, -1, -1
112, 57, 890.00, 982.00, 20.00, 21.00, -1, -1, -1
112, 1, 616.80, 446.41, 108.97, 67.03, -1, -1, -1
112, 2, 1051.11, 107.38, 35.66, 86.74, -1, -1, -1
112, 5, 1136.16, 725.76, 65.60, 59.99, -1, -1, -1
112, 7, 1126.44, 307.34, 28.97, 45.32, -1, -1, -1
112, 9, 1054.17, 648.37, 46.83, 56.63, -1, -1, -1
112, 8, 248.66, 461.16, 49.32, 34.54, -1, -1, -1
113, 221, 1475.00, 531.00, 16.00, 20.00, -1, -1, -1
113, 220, 1056.00, 476.00, 13.00, 53.00, -1, -1, -1
113, 139, 1606.00, 982.00, 42.00, 15.00, -1, -1, -1
113, 111, 1328.00, 1025.00, 31.00, 19.00, -1, -1, -1
113, 212, 413.00, 414.00, 32.00, 30.00, -1, -1, -1
113, 205, 636.00, 878.00, 16.00, 15.00, -1, -1, -1
113, 207, 1254.00, 688.00, 14.00, 19.00, -1, -1, -1
113, 203, 221.00, 153.00, 37.00, 30.00, -1, -1, -1
113, 202, 192.00, 104.00, 18.00, 18.00, -1, -1, -1
113, 200, 988.00, 217.00, 15.00, 26.00, -1, -1, -1
113, 59, 828.00, 921.00, 22.00, 24.00, -1, -1, -1
113, 57, 890.00, 982.00, 20.00, 21.00, -1, -1, -1
113, 1, 615.78, 443.94, 108.03, 66.42, -1, -1, -1
113, 2, 1051.69, 107.90, 35.59, 86.44, -1, -1, -1
113, 5, 1134.28, 724.86, 65.81, 60.48, -1, -1, -1
113, 7, 1126.85, 306.84, 28.79, 45.33, -1, -1, -1
113, 9, 1051.08, 647.79, 51.92, 53.21, -1, -1, -1
113, 8, 247.45, 456.70, 48.17, 33.76, -1, -1, -1
114, 221, 1475.00, 529.00, 16.00, 20.00, -1, -1, -1
114, 220, 1058.00, 457.00, 13.00, 55.00, -1, -1, -1
114, 139, 1605.00, 975.00, 42.00, 15.00, -1, -1, -1
114, 111, 1328.00, 1025.00, 31.00, 19.00, -1, -1, -1
114, 212, 413.00, 414.00, 32.00, 30.00, -1, -1, -1
114, 205, 634.00, 874.00, 16.00, 15.00, -1, -1, -1
114, 207, 1256.00, 683.00, 14.00, 19.00, -1, -1, -1
114, 203, 218.00, 138.00, 38.00, 39.00, -1, -1, -1
114, 202, 189.00, 94.00, 18.00, 18.00, -1, -1, -1
114, 200, 988.00, 217.00, 15.00, 26.00, -1, -1, -1
114, 59, 828.00, 921.00, 22.00, 24.00, -1, -1, -1
114, 57, 889.00, 975.00, 22.00, 25.00, -1, -1, -1
114, 1, 614.44, 441.37, 107.70, 66.17, -1, -1, -1
114, 2, 1051.75, 107.84, 35.85, 87.06, -1, -1, -1
114, 5, 1133.64, 724.53, 65.86, 60.66, -1, -1, -1
114, 7, 1126.27, 306.91, 28.21, 44.60, -1, -1, -1
114, 9, 1052.79, 646.08, 53.21, 52.92, -1, -1, -1
114, 8, 247.55, 452.71, 44.96, 31.46, -1, -1, -1
115, 221, 1476.00, 526.00, 16.00, 20.00, -1, -1, -1
115, 220, 1060.00, 439.00, 13.00, 55.00, -1, -1, -1
115, 139, 1605.00, 975.00, 42.00, 15.00, -1, -1, -1
115, 111, 1328.00, 1025.00, 31.00, 19.00, -1, -1, -1
115, 212, 413.00, 414.00, 32.00, 30.00, -1, -1, -1
115, 205, 634.00, 874.00, 16.00, 15.00, -1, -1, -1
115, 207, 1256.00, 683.00, 14.00, 19.00, -1, -1, -1
115, 203, 218.00, 138.00, 38.00, 39.00, -1, -1, -1
115, 202, 189.00, 94.00, 18.00, 18.00, -1, -1, -1
115, 200, 988.00, 217.00, 15.00, 26.00, -1, -1, -1
115, 59, 827.00, 916.00, 22.00, 24.00, -1, -1, -1
115, 57, 889.00, 975.00, 22.00, 25.00, -1, -1, -1
115, 1, 613.06, 439.26, 107.45, 66.08, -1, -1, -1
115, 2, 1052.78, 108.67, 35.86, 87.05, -1, -1, -1
115, 5, 1132.51, 723.93, 65.79, 60.73, -1, -1, -1
115, 7, 1126.38, 306.46, 28.36, 44.82, -1, -1, -1
115, 9, 1055.63, 643.49, 47.37, 50.51, -1, -1, -1
115, 8, 245.41, 447.65, 45.92, 32.05, -1, -1, -1
116, 221, 1476.00, 523.00, 16.00, 20.00, -1, -1, -1
116, 220, 1061.00, 420.00, 13.00, 55.00, -1, -1, -1
116, 139, 1605.00, 975.00, 42.00, 15.00, -1, -1, -1
116, 111, 1328.00, 1025.00, 31.00, 19.00, -1, -1, -1
116, 212, 413.00, 414.00, 32.00, 30.00, -1, -1, -1
116, 205, 632.00, 867.00, 16.00, 15.00, -1, -1, -1
116, 207, 1256.00, 683.00, 14.00, 19.00, -1, -1, -1
116, 203, 216.00, 130.00, 38.00, 39.00, -1, -1, -1
116, 202, 185.00, 85.00, 18.00, 18.00, -1, -1, -1
116, 200, 988.00, 217.00, 15.00, 26.00, -1, -1, -1
116, 59, 827.00, 916.00, 22.00, 24.00, -1, -1, -1
116, 57, 889.00, 975.00, 22.00, 25.00, -1, -1, -1
116, 1, 610.94, 436.08, 108.70, 67.03, -1, -1, -1
116, 2, 1053.06, 108.47, 36.05, 87.54, -1, -1, -1
116, 5, 1131.10, 723.70, 65.84, 60.76, -1, -1, -1
116, 7, 1126.06, 306.05, 28.14, 44.66, -1, -1, -1
116, 9, 1058.72, 640.71, 52.00, 54.25, -1, -1, -1
116, 8, 242.88, 442.21, 49.35, 34.72, -1, -1, -1
117, 221, 1478.00, 520.00, 16.00, 20.00, -1, -1, -1
117, 220, 1063.00, 400.00, 14.00, 57.00, -1, -1, -1
117, 139, 1605.00, 975.00, 42.00, 15.00, -1, -1, -1
117, 111, 1328.00, 1025.00, 31.00, 19.00, -1, -1, -1
117, 212, 413.00, 414.00, 32.00, 30.00, -1, -1, -1
117, 205, 632.00, 867.00, 16.00, 15.00, -1, -1, -1
117, 207, 1256.00, 679.00, 14.00, 19.00, -1, -1, -1
117, 203, 216.00, 130.00, 38.00, 39.00, -1, -1, -1
117, 202, 185.00, 85.00, 18.00, 18.00, -1, -1, -1
117, 200, 988.00, 214.00, 15.00, 26.00, -1, -1, -1
117, 59, 827.00, 913.00, 22.00, 24.00, -1, -1, -1
117, 57, 890.00, 970.00, 22.00, 25.00, -1, -1, -1
117, 1, 609.29, 433.49, 108.99, 67.39, -1, -1, -1
117, 2, 1053.24, 109.01, 35.93, 87.22, -1, -1, -1
117, 5, 1131.08, 724.13, 64.94, 59.78, -1, -1, -1
117, 7, 1125.91, 305.66, 28.13, 44.85, -1, -1, -1
117, 9, 1060.91, 637.82, 50.75, 52.27, -1, -1, -1
117, 8, 243.68, 438.80, 44.77, 31.41, -1, -1, -1
118, 221, 1480.00, 516.00, 16.00, 20.00, -1, -1, -1
118, 220, 1065.00, 382.00, 14.00, 58.00, -1, -1, -1
118, 212, 413.00, 414.00, 32.00, 30.00, -1, -1, -1
118, 111, 1327.00, 1015.00, 31.00, 19.00, -1, -1, -1
118, 139, 1600.00, 969.00, 42.00, 15.00, -1, -1, -1
118, 205, 631.00, 863.00, 16.00, 15.00, -1, -1, -1
118, 207, 1256.00, 679.00, 14.00, 19.00, -1, -1, -1
118, 203, 213.00, 123.00, 38.00, 39.00, -1, -1, -1
118, 202, 183.00, 75.00, 18.00, 18.00, -1, -1, -1
118, 200, 988.00, 214.00, 15.00, 26.00, -1, -1, -1
118, 59, 827.00, 913.00, 22.00, 24.00, -1, -1, -1
118, 57, 890.00, 970.00, 22.00, 25.00, -1, -1, -1
118, 1, 608.98, 431.37, 107.58, 66.53, -1, -1, -1
118, 2, 1054.78, 109.94, 34.89, 85.86, -1, -1, -1
118, 5, 1130.09, 723.80, 64.69, 59.40, -1, -1, -1
118, 7, 1126.03, 305.77, 27.80, 44.43, -1, -1, -1
118, 9, 1059.64, 631.62, 53.39, 55.05, -1, -1, -1
118, 8, 243.14, 435.27, 41.78, 29.48, -1, -1, -1
119, 221, 1480.00, 515.00, 16.00, 20.00, -1, -1, -1
119, 220, 1067.00, 359.00, 14.00, 58.00, -1, -1, -1
119, 212, 410.00, 409.00, 32.00, 30.00, -1, -1, -1
119, 111, 1327.00, 1015.00, 31.00, 19.00, -1, -1, -1
119, 139, 1600.00, 969.00, 42.00, 15.00, -1, -1, -1
119, 205, 631.00, 863.00, 16.00, 15.00, -1, -1, -1
119, 207, 1257.00, 673.00, 14.00, 19.00, -1, -1, -1
119, 203, 213.00, 123.00, 38.00, 39.00, -1, -1, -1
119, 202, 178.00, 67.00, 22.00, 21.00, -1, -1, -1
119, 200, 988.00, 214.00, 15.00, 26.00, -1, -1, -1
119, 59, 827.00, 913.00, 22.00, 24.00, -1, -1, -1
119, 57, 890.00, 964.00, 22.00, 25.00, -1, -1, -1
119, 1, 607.60, 427.95, 107.71, 66.69, -1, -1, -1
119, 2, 1055.52, 110.28, 34.14, 85.47, -1, -1, -1
119, 5, 1128.80, 723.69, 64.54, 59.27, -1, -1, -1
119, 7, 1126.10, 305.46, 27.63, 44.27, -1, -1, -1
119, 9, 1060.34, 629.66, 52.01, 53.61, -1, -1, -1
119, 8, 242.16, 430.61, 41.35, 29.29, -1, -1, -1
12, 212, 506.00, 441.00, 32.00, 24.00, -1, -1, -1
12, 210, 1164.00, 67.00, 25.00, 24.00, -1, -1, -1
12, 206, 532.00, 7.00, 23.00, 36.00, -1, -1, -1
12, 203, 361.00, 450.00, 19.00, 24.00, -1, -1, -1
12, 202, 335.00, 496.00, 15.00, 14.00, -1, -1, -1
12, 200, 966.00, 248.00, 12.00, 20.00, -1, -1, -1
12, 17, 969.00, 150.00, 27.00, 27.00, -1, -1, -1
12, 10, 67.34, 520.12, 19.12, 34.05, -1, -1, -1
12, 14, 731.25, 345.77, 36.88, 24.14, -1, -1, -1
12, 1, 757.67, 662.34, 97.99, 62.06, -1, -1, -1
12, 2, 992.65, 77.69, 39.49, 89.94, -1, -1, -1
12, 3, 1444.13, 1.16, 42.56, 56.20, -1, -1, -1
12, 4, 40.58, 165.25, 55.53, 55.63, -1, -1, -1
12, 5, 1272.29, 755.99, 58.78, 50.94, -1, -1, -1
12, 6, 826.09, 452.09, 55.47, 37.55, -1, -1, -1
12, 7, 1150.32, 331.31, 30.09, 44.41, -1, -1, -1
12, 8, 293.02, 851.32, 37.19, 50.04, -1, -1, -1
12, 9, 1030.65, 951.76, 32.91, 37.78, -1, -1, -1
120, 221, 1481.00, 511.00, 16.00, 20.00, -1, -1, -1
120, 220, 1069.00, 341.00, 14.00, 60.00, -1, -1, -1
120, 212, 410.00, 409.00, 32.00, 30.00, -1, -1, -1
120, 111, 1327.00, 1015.00, 31.00, 19.00, -1, -1, -1
120, 139, 1600.00, 969.00, 42.00, 15.00, -1, -1, -1
120, 205, 630.00, 858.00, 16.00, 15.00, -1, -1, -1
120, 207, 1257.00, 673.00, 14.00, 19.00, -1, -1, -1
120, 203, 211.00, 115.00, 38.00, 39.00, -1, -1, -1
120, 202, 178.00, 67.00, 22.00, 21.00, -1, -1, -1
120, 200, 988.00, 214.00, 15.00, 26.00, -1, -1, -1
120, 59, 820.00, 911.00, 36.00, 29.00, -1, -1, -1
120, 57, 890.00, 964.00, 22.00, 25.00, -1, -1, -1
120, 1, 605.77, 424.77, 108.51, 67.25, -1, -1, -1
120, 2, 1055.90, 110.76, 33.61, 85.08, -1, -1, -1
120, 5, 1128.06, 723.16, 65.09, 59.72, -1, -1, -1
120, 7, 1127.07, 304.85, 27.68, 44.22, -1, -1, -1
120, 9, 1060.86, 627.39, 50.89, 52.01, -1, -1, -1
120, 8, 238.83, 423.79, 46.23, 32.74, -1, -1, -1
121, 221, 1484.00, 507.00, 16.00, 20.00, -1, -1, -1
121, 220, 1070.00, 320.00, 14.00, 60.00, -1, -1, -1
121, 212, 410.00, 409.00, 32.00, 30.00, -1, -1, -1
121, 111, 1327.00, 1015.00, 31.00, 19.00, -1, -1, -1
121, 139, 1600.00, 969.00, 42.00, 15.00, -1, -1, -1
121, 205, 628.00, 852.00, 19.00, 15.00, -1, -1, -1
121, 207, 1259.00, 670.00, 14.00, 19.00, -1, -1, -1
121, 203, 211.00, 115.00, 38.00, 39.00, -1, -1, -1
121, 202, 173.00, 60.00, 22.00, 21.00, -1, -1, -1
121, 200, 990.00, 213.00, 15.00, 26.00, -1, -1, -1
121, 59, 820.00, 906.00, 36.00, 29.00, -1, -1, -1
121, 57, 890.00, 964.00, 22.00, 25.00, -1, -1, -1
121, 1, 603.48, 421.20, 110.12, 68.44, -1, -1, -1
121, 2, 1056.06, 110.68, 33.34, 85.31, -1, -1, -1
121, 5, 1126.81, 722.47, 65.34, 59.89, -1, -1, -1
121, 7, 1126.41, 301.03, 29.76, 47.68, -1, -1, -1
121, 9, 1061.43, 622.93, 50.68, 51.39, -1, -1, -1
121, 8, 237.37, 418.22, 47.30, 33.50, -1, -1, -1
122, 221, 1485.00, 503.00, 16.00, 20.00, -1, -1, -1
122, 220, 1072.00, 299.00, 14.00, 60.00, -1, -1, -1
122, 212, 402.00, 413.00, 32.00, 30.00, -1, -1, -1
122, 111, 1327.00, 1015.00, 31.00, 19.00, -1, -1, -1
122, 139, 1600.00, 969.00, 42.00, 15.00, -1, -1, -1
122, 205, 628.00, 852.00, 19.00, 15.00, -1, -1, -1
122, 207, 1259.00, 670.00, 14.00, 19.00, -1, -1, -1
122, 203, 208.00, 106.00, 38.00, 39.00, -1, -1, -1
122, 202, 173.00, 60.00, 22.00, 21.00, -1, -1, -1
122, 200, 990.00, 213.00, 15.00, 26.00, -1, -1, -1
122, 59, 820.00, 906.00, 36.00, 29.00, -1, -1, -1
122, 57, 888.00, 960.00, 24.00, 27.00, -1, -1, -1
122, 1, 601.94, 418.96, 110.70, 68.89, -1, -1, -1
122, 2, 1057.23, 111.26, 32.97, 85.15, -1, -1, -1
122, 5, 1125.99, 723.21, 64.25, 58.96, -1, -1, -1
122, 7, 1126.08, 302.16, 28.77, 46.31, -1, -1, -1
122, 9, 1062.51, 619.42, 47.82, 48.65, -1, -1, -1
122, 8, 236.28, 413.54, 45.70, 32.34, -1, -1, -1
123, 221, 1485.00, 500.00, 16.00, 20.00, -1, -1, -1
123, 220, 1074.00, 279.00, 14.00, 60.00, -1, -1, -1
123, 212, 402.00, 413.00, 32.00, 30.00, -1, -1, -1
123, 111, 1327.00, 1015.00, 31.00, 19.00, -1, -1, -1
123, 139, 1600.00, 969.00, 42.00, 15.00, -1, -1, -1
123, 205, 629.00, 847.00, 19.00, 15.00, -1, -1, -1
123, 207, 1260.00, 667.00, 14.00, 19.00, -1, -1, -1
123, 203, 208.00, 106.00, 38.00, 39.00, -1, -1, -1
123, 202, 170.00, 48.00, 22.00, 21.00, -1, -1, -1
123, 200, 990.00, 213.00, 15.00, 26.00, -1, -1, -1
123, 59, 820.00, 906.00, 36.00, 29.00, -1, -1, -1
123, 57, 888.00, 957.00, 24.00, 27.00, -1, -1, -1
123, 1, 600.42, 415.26, 111.43, 69.54, -1, -1, -1
123, 2, 1057.74, 111.34, 32.66, 85.10, -1, -1, -1
123, 5, 1124.44, 722.51, 64.41, 59.11, -1, -1, -1
123, 7, 1126.05, 302.29, 28.17, 45.48, -1, -1, -1
123, 9, 1063.15, 615.75, 47.24, 47.62, -1, -1, -1
123, 8, 234.55, 409.24, 45.81, 32.35, -1, -1, -1
124, 221, 1486.00, 497.00, 16.00, 20.00, -1, -1, -1
124, 220, 1077.00, 256.00, 14.00, 60.00, -1, -1, -1
124, 212, 402.00, 413.00, 32.00, 30.00, -1, -1, -1
124, 111, 1327.00, 1009.00, 31.00, 19.00, -1, -1, -1
124, 139, 1600.00, 969.00, 42.00, 15.00, -1, -1, -1
124, 205, 629.00, 847.00, 19.00, 15.00, -1, -1, -1
124, 207, 1260.00, 667.00, 14.00, 19.00, -1, -1, -1
124, 203, 205.00, 99.00, 38.00, 39.00, -1, -1, -1
124, 202, 170.00, 48.00, 22.00, 21.00, -1, -1, -1
124, 200, 990.00, 213.00, 15.00, 26.00, -1, -1, -1
124, 59, 820.00, 899.00, 36.00, 29.00, -1, -1, -1
124, 57, 888.00, 957.00, 24.00, 27.00, -1, -1, -1
124, 1, 599.15, 412.96, 110.71, 69.29, -1, -1, -1
124, 2, 1057.98, 111.72, 32.40, 85.08, -1, -1, -1
124, 5, 1122.75, 721.76, 64.79, 59.67, -1, -1, -1
124, 7, 1125.80, 301.36, 28.42, 46.17, -1, -1, -1
124, 9, 1061.67, 610.51, 51.44, 51.81, -1, -1, -1
124, 8, 232.61, 404.33, 47.05, 33.34, -1, -1, -1
125, 221, 1487.00, 495.00, 16.00, 20.00, -1, -1, -1
125, 220, 1078.00, 235.00, 14.00, 60.00, -1, -1, -1
125, 212, 402.00, 413.00, 32.00, 30.00, -1, -1, -1
125, 111, 1327.00, 1009.00, 31.00, 19.00, -1, -1, -1
125, 139, 1600.00, 969.00, 42.00, 15.00, -1, -1, -1
125, 205, 625.00, 844.00, 19.00, 15.00, -1, -1, -1
125, 207, 1261.00, 661.00, 14.00, 19.00, -1, -1, -1
125, 203, 205.00, 99.00, 38.00, 39.00, -1, -1, -1
125, 202, 166.00, 37.00, 22.00, 21.00, -1, -1, -1
125, 200, 990.00, 213.00, 15.00, 26.00, -1, -1, -1
125, 59, 820.00, 899.00, 36.00, 29.00, -1, -1, -1
125, 57, 888.00, 957.00, 24.00, 27.00, -1, -1, -1
125, 43, 835.00, 1052.00, 22.00, 26.00, -1, -1, -1
125, 1, 597.83, 410.72, 110.25, 69.18, -1, -1, -1
125, 2, 1059.09, 112.35, 32.21, 85.20, -1, -1, -1
125, 5, 1122.11, 721.98, 64.04, 58.89, -1, -1, -1
125, 7, 1125.76, 300.54, 28.42, 46.42, -1, -1, -1
125, 9, 1063.32, 606.47, 50.51, 50.39, -1, -1, -1
125, 8, 230.52, 398.70, 54.21, 38.58, -1, -1, -1
126, 221, 1488.00, 492.00, 16.00, 20.00, -1, -1, -1
126, 220, 1080.00, 215.00, 14.00, 60.00, -1, -1, -1
126, 212, 402.00, 413.00, 32.00, 30.00, -1, -1, -1
126, 111, 1327.00, 1009.00, 31.00, 19.00, -1, -1, -1
126, 139, 1598.00, 966.00, 42.00, 15.00, -1, -1, -1
126, 205, 625.00, 844.00, 19.00, 15.00, -1, -1, -1
126, 207, 1261.00, 661.00, 14.00, 19.00, -1, -1, -1
126, 203, 201.00, 95.00, 38.00, 39.00, -1, -1, -1
126, 202, 166.00, 37.00, 22.00, 21.00, -1, -1, -1
126, 200, 990.00, 213.00, 15.00, 26.00, -1, -1, -1
126, 59, 820.00, 899.00, 36.00, 29.00, -1, -1, -1
126, 57, 888.00, 949.00, 24.00, 27.00, -1, -1, -1
126, 43, 835.00, 1052.00, 22.00, 26.00, -1, -1, -1
126, 1, 597.10, 408.49, 109.17, 68.64, -1, -1, -1
126, 2, 1059.58, 112.58, 31.98, 85.13, -1, -1, -1
126, 5, 1120.87, 721.08, 64.87, 59.59, -1, -1, -1
126, 7, 1124.67, 300.00, 28.60, 47.00, -1, -1, -1
126, 9, 1064.93, 603.36, 47.21, 46.81, -1, -1, -1
126, 8, 233.00, 396.00, 44.00, 36.00, -1, -1, -1
127, 221, 1490.00, 488.00, 16.00, 20.00, -1, -1, -1
127, 220, 1082.00, 194.00, 14.00, 60.00, -1, -1, -1
127, 212, 402.00, 413.00, 32.00, 30.00, -1, -1, -1
127, 111, 1327.00, 1009.00, 31.00, 19.00, -1, -1, -1
127, 139, 1598.00, 964.00, 42.00, 15.00, -1, -1, -1
127, 205, 624.00, 839.00, 19.00, 15.00, -1, -1, -1
127, 207, 1262.00, 655.00, 14.00, 19.00, -1, -1, -1
127, 203, 201.00, 95.00, 38.00, 39.00, -1, -1, -1
127, 202, 160.00, 27.00, 22.00, 21.00, -1, -1, -1
127, 200, 990.00, 213.00, 15.00, 26.00, -1, -1, -1
127, 59, 820.00, 899.00, 36.00, 29.00, -1, -1, -1
127, 57, 888.00, 949.00, 24.00, 27.00, -1, -1, -1
127, 43, 835.00, 1052.00, 22.00, 26.00, -1, -1, -1
127, 1, 596.55, 406.02, 108.41, 68.42, -1, -1, -1
127, 2, 1059.84, 112.77, 31.70, 84.85, -1, -1, -1
127, 5, 1119.58, 720.75, 64.94, 59.86, -1, -1, -1
127, 7, 1124.32, 299.57, 28.56, 47.22, -1, -1, -1
127, 9, 1066.32, 599.86, 43.68, 48.14, -1, -1, -1
127, 8, 229.43, 390.22, 48.55, 34.65, -1, -1, -1
128, 221, 1490.00, 486.00, 16.00, 20.00, -1, -1, -1
128, 220, 1085.00, 170.00, 14.00, 60.00, -1, -1, -1
128, 212, 402.00, 408.00, 32.00, 30.00, -1, -1, -1
128, 111, 1327.00, 1009.00, 31.00, 19.00, -1, -1, -1
128, 139, 1599.00, 964.00, 42.00, 15.00, -1, -1, -1
128, 205, 624.00, 839.00, 19.00, 15.00, -1, -1, -1
128, 207, 1262.00, 655.00, 14.00, 19.00, -1, -1, -1
128, 203, 197.00, 85.00, 38.00, 39.00, -1, -1, -1
128, 202, 160.00, 27.00, 22.00, 21.00, -1, -1, -1
128, 200, 991.00, 211.00, 15.00, 26.00, -1, -1, -1
128, 59, 820.00, 899.00, 36.00, 29.00, -1, -1, -1
128, 57, 888.00, 945.00, 24.00, 27.00, -1, -1, -1
128, 43, 830.69, 1047.00, 22.30, 31.50, -1, -1, -1
128, 1, 596.14, 402.47, 108.65, 68.83, -1, -1, -1
128, 2, 1060.93, 113.33, 31.54, 84.88, -1, -1, -1
128, 5, 1119.04, 721.63, 63.16, 57.98, -1, -1, -1
128, 7, 1124.11, 298.93, 28.71, 47.79, -1, -1, -1
128, 9, 1062.65, 594.71, 48.35, 53.29, -1, -1, -1
128, 8, 229.23, 386.00, 44.83, 32.07, -1, -1, -1
129, 221, 1492.00, 483.00, 16.00, 20.00, -1, -1, -1
129, 220, 1086.00, 145.00, 15.00, 65.00, -1, -1, -1
129, 212, 402.00, 408.00, 32.00, 30.00, -1, -1, -1
129, 111, 1327.00, 1009.00, 31.00, 19.00, -1, -1, -1
129, 139, 1592.00, 962.00, 42.00, 15.00, -1, -1, -1
129, 205, 624.00, 833.00, 19.00, 15.00, -1, -1, -1
129, 207, 1262.00, 655.00, 14.00, 19.00, -1, -1, -1
129, 203, 194.00, 80.00, 38.00, 39.00, -1, -1, -1
129, 202, 157.00, 14.00, 22.00, 21.00, -1, -1, -1
129, 200, 991.00, 211.00, 15.00, 26.00, -1, -1, -1
129, 59, 820.00, 892.00, 36.00, 29.00, -1, -1, -1
129, 57, 888.00, 945.00, 24.00, 27.00, -1, -1, -1
129, 43, 830.69, 1047.00, 22.30, 31.50, -1, -1, -1
129, 1, 596.47, 399.99, 107.85, 68.49, -1, -1, -1
129, 2, 1060.93, 113.52, 31.29, 85.01, -1, -1, -1
129, 5, 1116.83, 720.48, 64.62, 59.27, -1, -1, -1
129, 7, 1123.83, 297.23, 29.17, 48.98, -1, -1, -1
129, 9, 1063.27, 590.92, 50.73, 54.08, -1, -1, -1
129, 8, 225.98, 380.07, 45.01, 32.93, -1, -1, -1
13, 212, 506.00, 441.00, 32.00, 24.00, -1, -1, -1
13, 210, 1166.00, 64.00, 18.00, 25.00, -1, -1, -1
13, 206, 531.00, 4.00, 23.00, 36.00, -1, -1, -1
13, 203, 360.00, 446.00, 19.00, 24.00, -1, -1, -1
13, 202, 332.00, 489.00, 15.00, 14.00, -1, -1, -1
13, 200, 966.00, 248.00, 12.00, 20.00, -1, -1, -1
13, 17, 969.00, 150.00, 27.00, 27.00, -1, -1, -1
13, 10, 67.34, 520.12, 19.12, 34.05, -1, -1, -1
13, 14, 730.00, 343.00, 37.00, 24.00, -1, -1, -1
13, 9, 1029.00, 952.00, 33.00, 38.00, -1, -1, -1
13, 1, 755.53, 659.69, 99.68, 63.20, -1, -1, -1
13, 2, 993.12, 76.30, 40.02, 91.43, -1, -1, -1
13, 3, 1444.39, 1.17, 42.10, 55.24, -1, -1, -1
13, 4, 38.45, 164.54, 56.08, 56.04, -1, -1, -1
13, 5, 1271.09, 755.41, 58.88, 50.95, -1, -1, -1
13, 6, 827.23, 447.81, 56.77, 40.19, -1, -1, -1
13, 7, 1150.13, 330.67, 30.33, 45.03, -1, -1, -1
13, 8, 291.94, 850.44, 37.22, 49.88, -1, -1, -1
130, 221, 1493.00, 479.00, 16.00, 20.00, -1, -1, -1
130, 220, 1089.00, 123.00, 15.00, 65.00, -1, -1, -1
130, 212, 402.00, 408.00, 32.00, 30.00, -1, -1, -1
130, 111, 1327.00, 1009.00, 31.00, 19.00, -1, -1, -1
130, 139, 1592.00, 962.00, 42.00, 15.00, -1, -1, -1
130, 205, 624.00, 833.00, 19.00, 15.00, -1, -1, -1
130, 207, 1263.00, 649.00, 14.00, 19.00, -1, -1, -1
130, 203, 192.00, 75.00, 38.00, 39.00, -1, -1, -1
130, 202, 153.00, 9.00, 22.00, 21.00, -1, -1, -1
130, 200, 991.00, 211.00, 15.00, 26.00, -1, -1, -1
130, 59, 820.00, 892.00, 36.00, 29.00, -1, -1, -1
130, 57, 888.00, 945.00, 24.00, 27.00, -1, -1, -1
130, 43, 830.69, 1047.00, 22.30, 31.50, -1, -1, -1
130, 1, 595.92, 397.42, 106.52, 67.86, -1, -1, -1
130, 2, 1061.21, 114.33, 31.59, 85.44, -1, -1, -1
130, 5, 1115.64, 720.56, 63.99, 58.76, -1, -1, -1
130, 7, 1122.83, 296.36, 29.20, 49.43, -1, -1, -1
130, 9, 1066.62, 587.17, 52.48, 50.26, -1, -1, -1
130, 8, 224.58, 374.12, 43.42, 33.88, -1, -1, -1
131, 221, 1493.00, 476.00, 16.00, 20.00, -1, -1, -1
131, 220, 1091.00, 99.00, 15.00, 65.00, -1, -1, -1
131, 212, 402.00, 408.00, 32.00, 30.00, -1, -1, -1
131, 111, 1327.00, 1009.00, 31.00, 19.00, -1, -1, -1
131, 139, 1592.00, 962.00, 42.00, 15.00, -1, -1, -1
131, 205, 622.00, 826.00, 19.00, 15.00, -1, -1, -1
131, 207, 1263.00, 649.00, 14.00, 19.00, -1, -1, -1
131, 203, 193.00, 71.00, 38.00, 39.00, -1, -1, -1
131, 202, 151.00, 4.00, 22.00, 21.00, -1, -1, -1
131, 200, 991.00, 211.00, 15.00, 26.00, -1, -1, -1
131, 59, 820.00, 892.00, 36.00, 29.00, -1, -1, -1
131, 57, 888.00, 945.00, 24.00, 27.00, -1, -1, -1
131, 43, 830.69, 1043.00, 24.31, 35.50, -1, -1, -1
131, 1, 595.83, 394.82, 104.88, 67.12, -1, -1, -1
131, 2, 1062.31, 114.49, 31.66, 85.23, -1, -1, -1
131, 5, 1114.27, 720.10, 63.71, 58.56, -1, -1, -1
131, 7, 1123.08, 297.52, 27.95, 47.63, -1, -1, -1
131, 9, 1067.20, 582.41, 52.63, 49.78, -1, -1, -1
131, 8, 223.00, 369.00, 45.00, 33.00, -1, -1, -1
132, 221, 1495.00, 473.00, 16.00, 20.00, -1, -1, -1
132, 220, 1093.00, 77.00, 15.00, 65.00, -1, -1, -1
132, 212, 402.00, 408.00, 32.00, 30.00, -1, -1, -1
132, 111, 1327.00, 1009.00, 31.00, 19.00, -1, -1, -1
132, 139, 1592.00, 962.00, 42.00, 15.00, -1, -1, -1
132, 205, 622.00, 826.00, 19.00, 15.00, -1, -1, -1
132, 207, 1264.00, 643.00, 14.00, 19.00, -1, -1, -1
132, 203, 191.00, 68.00, 38.00, 39.00, -1, -1, -1
132, 202, 151.00, 4.00, 22.00, 21.00, -1, -1, -1
132, 200, 991.00, 211.00, 15.00, 26.00, -1, -1, -1
132, 59, 820.00, 883.00, 36.00, 29.00, -1, -1, -1
132, 57, 886.00, 931.00, 28.00, 35.00, -1, -1, -1
132, 43, 830.69, 1039.00, 24.31, 39.50, -1, -1, -1
132, 1, 595.42, 391.71, 104.61, 67.34, -1, -1, -1
132, 2, 1062.77, 115.04, 31.56, 84.53, -1, -1, -1
132, 5, 1113.36, 718.95, 64.50, 59.48, -1, -1, -1
132, 7, 1123.18, 298.01, 27.50, 46.91, -1, -1, -1
132, 9, 1069.00, 580.00, 47.00, 51.00, -1, -1, -1
132, 8, 223.23, 364.38, 43.65, 31.10, -1, -1, -1
133, 221, 1497.00, 469.00, 16.00, 20.00, -1, -1, -1
133, 220, 1095.00, 49.00, 15.00, 65.00, -1, -1, -1
133, 212, 396.00, 405.00, 32.00, 30.00, -1, -1, -1
133, 111, 1327.00, 1009.00, 31.00, 19.00, -1, -1, -1
133, 139, 1590.00, 959.00, 42.00, 15.00, -1, -1, -1
133, 205, 625.00, 822.00, 19.00, 15.00, -1, -1, -1
133, 207, 1264.00, 643.00, 14.00, 19.00, -1, -1, -1
133, 203, 189.00, 62.00, 38.00, 39.00, -1, -1, -1
133, 202, 150.00, -0.00, 20.00, 16.00, -1, -1, -1
133, 200, 991.00, 211.00, 15.00, 26.00, -1, -1, -1
133, 59, 820.00, 883.00, 36.00, 29.00, -1, -1, -1
133, 57, 886.00, 931.00, 28.00, 35.00, -1, -1, -1
133, 43, 830.69, 1032.00, 24.31, 46.50, -1, -1, -1
133, 1, 595.36, 388.41, 103.90, 67.43, -1, -1, -1
133, 2, 1063.32, 114.98, 31.73, 84.64, -1, -1, -1
133, 5, 1112.58, 719.02, 63.76, 58.84, -1, -1, -1
133, 7, 1123.48, 298.70, 26.82, 45.65, -1, -1, -1
133, 9, 1069.00, 575.00, 47.00, 51.00, -1, -1, -1
133, 8, 221.49, 359.31, 44.46, 31.84, -1, -1, -1
134, 221, 1498.00, 466.00, 16.00, 20.00, -1, -1, -1
134, 220, 1097.00, 27.00, 15.00, 65.00, -1, -1, -1
134, 212, 396.00, 405.00, 32.00, 30.00, -1, -1, -1
134, 111, 1328.00, 1004.00, 31.00, 19.00, -1, -1, -1
134, 139, 1590.00, 959.00, 42.00, 15.00, -1, -1, -1
134, 205, 620.00, 813.00, 19.00, 15.00, -1, -1, -1
134, 207, 1264.00, 640.00, 15.00, 22.00, -1, -1, -1
134, 203, 186.00, 58.00, 38.00, 39.00, -1, -1, -1
134, 200, 992.00, 209.00, 15.00, 26.00, -1, -1, -1
134, 59, 820.00, 883.00, 36.00, 29.00, -1, -1, -1
134, 57, 886.00, 931.00, 28.00, 35.00, -1, -1, -1
134, 43, 830.69, 1032.00, 24.31, 46.50, -1, -1, -1
134, 1, 595.39, 385.04, 103.12, 67.46, -1, -1, -1
134, 2, 1063.85, 114.69, 32.10, 85.43, -1, -1, -1
134, 5, 1111.13, 718.56, 63.92, 59.10, -1, -1, -1
134, 7, 1123.59, 298.98, 26.59, 45.18, -1, -1, -1
134, 9, 1065.00, 566.00, 54.00, 56.00, -1, -1, -1
134, 8, 220.00, 354.37, 45.05, 32.35, -1, -1, -1
135, 221, 1499.00, 463.00, 16.00, 20.00, -1, -1, -1
135, 220, 1100.00, 5.00, 15.00, 59.00, -1, -1, -1
135, 212, 396.00, 405.00, 32.00, 30.00, -1, -1, -1
135, 111, 1328.00, 1004.00, 31.00, 19.00, -1, -1, -1
135, 139, 1590.00, 959.00, 42.00, 15.00, -1, -1, -1
135, 205, 620.00, 813.00, 19.00, 15.00, -1, -1, -1
135, 207, 1264.00, 640.00, 15.00, 22.00, -1, -1, -1
135, 203, 184.00, 57.00, 38.00, 39.00, -1, -1, -1
135, 200, 992.00, 209.00, 15.00, 26.00, -1, -1, -1
135, 59, 820.00, 883.00, 36.00, 29.00, -1, -1, -1
135, 57, 886.00, 926.00, 28.00, 35.00, -1, -1, -1
135, 43, 830.70, 1022.10, 21.91, 56.40, -1, -1, -1
135, 1, 596.09, 382.39, 101.01, 66.49, -1, -1, -1
135, 2, 1063.15, 110.62, 34.00, 90.18, -1, -1, -1
135, 5, 1109.43, 717.42, 64.38, 59.69, -1, -1, -1
135, 7, 1123.75, 299.09, 26.29, 44.50, -1, -1, -1
135, 9, 1069.41, 563.18, 53.83, 50.98, -1, -1, -1
135, 8, 219.00, 351.00, 44.00, 32.00, -1, -1, -1
136, 221, 1499.00, 460.00, 16.00, 20.00, -1, -1, -1
136, 220, 1101.00, 1.00, 16.00, 38.00, -1, -1, -1
136, 212, 390.00, 401.00, 32.00, 30.00, -1, -1, -1
136, 111, 1328.00, 1004.00, 31.00, 19.00, -1, -1, -1
136, 139, 1590.00, 959.00, 42.00, 15.00, -1, -1, -1
136, 205, 620.00, 813.00, 19.00, 15.00, -1, -1, -1
136, 207, 1266.00, 637.00, 14.00, 18.00, -1, -1, -1
136, 203, 183.00, 52.00, 39.00, 44.00, -1, -1, -1
136, 200, 992.00, 209.00, 15.00, 26.00, -1, -1, -1
136, 59, 819.00, 876.00, 36.00, 29.00, -1, -1, -1
136, 57, 886.00, 926.00, 28.00, 35.00, -1, -1, -1
136, 1, 595.70, 379.52, 99.10, 65.62, -1, -1, -1
136, 2, 1063.22, 112.85, 34.03, 89.65, -1, -1, -1
136, 5, 1108.74, 716.50, 64.74, 59.91, -1, -1, -1
136, 7, 1124.23, 298.26, 26.35, 44.51, -1, -1, -1
136, 9, 1068.90, 558.80, 54.50, 51.54, -1, -1, -1
136, 8, 218.59, 345.26, 41.31, 29.78, -1, -1, -1
136, 43, 830.70, 1022.10, 21.91, 56.40, -1, -1, -1
137, 221, 1499.00, 460.00, 14.00, 16.00, -1, -1, -1
137, 212, 390.00, 401.00, 32.00, 30.00, -1, -1, -1
137, 111, 1328.00, 998.00, 31.00, 19.00, -1, -1, -1
137, 139, 1586.00, 953.00, 42.00, 15.00, -1, -1, -1
137, 205, 620.00, 806.00, 19.00, 15.00, -1, -1, -1
137, 207, 1266.00, 637.00, 14.00, 18.00, -1, -1, -1
137, 203, 183.00, 44.00, 39.00, 44.00, -1, -1, -1
137, 200, 992.00, 209.00, 15.00, 26.00, -1, -1, -1
137, 59, 819.00, 876.00, 36.00, 29.00, -1, -1, -1
137, 57, 886.00, 926.00, 28.00, 35.00, -1, -1, -1
137, 1, 594.64, 377.06, 97.30, 64.80, -1, -1, -1
137, 2, 1064.60, 114.85, 33.24, 86.58, -1, -1, -1
137, 5, 1107.74, 716.17, 64.49, 59.50, -1, -1, -1
137, 7, 1124.38, 297.84, 26.43, 44.27, -1, -1, -1
137, 9, 1067.45, 554.34, 56.28, 53.23, -1, -1, -1
137, 8, 219.00, 342.00, 40.00, 33.00, -1, -1, -1
137, 43, 829.53, 1019.93, 22.87, 59.14, -1, -1, -1
138, 221, 1501.00, 457.00, 13.00, 15.00, -1, -1, -1
138, 212, 390.00, 401.00, 32.00, 30.00, -1, -1, -1
138, 111, 1328.00, 998.00, 31.00, 19.00, -1, -1, -1
138, 139, 1586.00, 953.00, 42.00, 15.00, -1, -1, -1
138, 205, 620.00, 806.00, 19.00, 15.00, -1, -1, -1
138, 207, 1268.00, 631.00, 14.00, 18.00, -1, -1, -1
138, 203, 183.00, 39.00, 39.00, 44.00, -1, -1, -1
138, 200, 992.00, 209.00, 15.00, 26.00, -1, -1, -1
138, 59, 818.00, 869.00, 36.00, 29.00, -1, -1, -1
138, 57, 886.00, 921.00, 28.00, 35.00, -1, -1, -1
138, 1, 594.02, 374.25, 96.13, 64.51, -1, -1, -1
138, 2, 1065.09, 116.49, 32.99, 85.01, -1, -1, -1
138, 5, 1107.09, 716.56, 64.02, 58.84, -1, -1, -1
138, 7, 1124.26, 297.44, 26.84, 44.69, -1, -1, -1
138, 9, 1067.96, 551.56, 56.77, 53.36, -1, -1, -1
138, 8, 211.93, 334.24, 48.26, 34.70, -1, -1, -1
138, 43, 828.32, 1014.09, 24.82, 64.61, -1, -1, -1
139, 221, 1503.00, 452.00, 16.00, 20.00, -1, -1, -1
139, 212, 390.00, 401.00, 32.00, 30.00, -1, -1, -1
139, 111, 1328.00, 998.00, 31.00, 19.00, -1, -1, -1
139, 139, 1586.00, 953.00, 42.00, 15.00, -1, -1, -1
139, 205, 618.00, 801.00, 19.00, 15.00, -1, -1, -1
139, 207, 1268.00, 631.00, 14.00, 18.00, -1, -1, -1
139, 203, 182.00, 34.00, 39.00, 44.00, -1, -1, -1
139, 200, 993.00, 208.00, 15.00, 26.00, -1, -1, -1
139, 59, 818.00, 869.00, 36.00, 29.00, -1, -1, -1
139, 57, 886.00, 921.00, 28.00, 35.00, -1, -1, -1
139, 43, 828.32, 1011.00, 24.68, 67.70, -1, -1, -1
139, 1, 594.87, 372.32, 93.62, 63.41, -1, -1, -1
139, 2, 1066.00, 117.96, 32.38, 83.18, -1, -1, -1
139, 5, 1105.91, 716.23, 63.84, 58.60, -1, -1, -1
139, 7, 1124.30, 297.80, 26.82, 44.36, -1, -1, -1
139, 9, 1070.60, 549.45, 54.02, 49.94, -1, -1, -1
139, 8, 211.24, 329.24, 42.92, 30.94, -1, -1, -1
14, 212, 506.00, 441.00, 32.00, 24.00, -1, -1, -1
14, 210, 1166.00, 55.00, 25.00, 24.00, -1, -1, -1
14, 206, 531.00, 4.00, 23.00, 36.00, -1, -1, -1
14, 203, 360.00, 446.00, 19.00, 24.00, -1, -1, -1
14, 202, 332.00, 489.00, 15.00, 14.00, -1, -1, -1
14, 200, 966.00, 248.00, 12.00, 20.00, -1, -1, -1
14, 17, 968.00, 142.00, 27.00, 27.00, -1, -1, -1
14, 14, 729.00, 339.00, 37.00, 24.00, -1, -1, -1
14, 1, 754.16, 657.78, 99.56, 63.12, -1, -1, -1
14, 2, 993.95, 76.40, 39.86, 91.24, -1, -1, -1
14, 3, 1444.58, 0.95, 41.73, 54.36, -1, -1, -1
14, 4, 36.52, 163.43, 56.67, 56.69, -1, -1, -1
14, 5, 1269.78, 754.95, 58.73, 50.71, -1, -1, -1
14, 6, 822.86, 442.91, 59.14, 40.09, -1, -1, -1
14, 7, 1150.42, 331.19, 29.73, 44.26, -1, -1, -1
14, 8, 290.88, 848.24, 38.09, 50.77, -1, -1, -1
14, 10, 63.76, 519.57, 18.68, 33.13, -1, -1, -1
14, 9, 1029.82, 946.05, 34.57, 39.92, -1, -1, -1
140, 221, 1504.00, 449.00, 15.00, 18.00, -1, -1, -1
140, 212, 390.00, 401.00, 32.00, 30.00, -1, -1, -1
140, 111, 1328.00, 998.00, 31.00, 19.00, -1, -1, -1
140, 139, 1586.00, 953.00, 42.00, 15.00, -1, -1, -1
140, 205, 618.00, 801.00, 19.00, 15.00, -1, -1, -1
140, 207, 1267.00, 626.00, 14.00, 18.00, -1, -1, -1
140, 203, 180.00, 28.00, 39.00, 44.00, -1, -1, -1
140, 200, 993.00, 208.00, 15.00, 26.00, -1, -1, -1
140, 59, 818.00, 869.00, 36.00, 29.00, -1, -1, -1
140, 57, 886.00, 921.00, 28.00, 35.00, -1, -1, -1
140, 1, 596.91, 370.96, 89.33, 61.00, -1, -1, -1
140, 2, 1066.11, 118.37, 32.58, 83.63, -1, -1, -1
140, 5, 1104.91, 716.12, 63.95, 58.51, -1, -1, -1
140, 7, 1123.84, 297.45, 26.77, 44.23, -1, -1, -1
140, 9, 1071.74, 543.06, 53.67, 49.10, -1, -1, -1
140, 8, 209.55, 323.30, 41.91, 30.29, -1, -1, -1
140, 43, 827.62, 1008.31, 26.08, 68.74, -1, -1, -1
141, 221, 1504.00, 445.00, 16.00, 20.00, -1, -1, -1
141, 212, 390.00, 401.00, 32.00, 30.00, -1, -1, -1
141, 111, 1328.00, 998.00, 31.00, 19.00, -1, -1, -1
141, 139, 1586.00, 953.00, 42.00, 15.00, -1, -1, -1
141, 205, 617.00, 795.00, 19.00, 15.00, -1, -1, -1
141, 207, 1267.00, 626.00, 14.00, 18.00, -1, -1, -1
141, 203, 179.00, 26.00, 39.00, 44.00, -1, -1, -1
141, 200, 993.00, 208.00, 15.00, 26.00, -1, -1, -1
141, 59, 818.00, 863.00, 36.00, 29.00, -1, -1, -1
141, 57, 886.00, 914.00, 28.00, 35.00, -1, -1, -1
141, 1, 596.11, 368.81, 86.39, 59.62, -1, -1, -1
141, 2, 1066.88, 119.00, 32.16, 82.68, -1, -1, -1
141, 5, 1103.53, 715.60, 64.11, 58.48, -1, -1, -1
141, 7, 1123.66, 297.07, 26.76, 44.20, -1, -1, -1
141, 9, 1071.31, 537.61, 54.17, 49.31, -1, -1, -1
141, 8, 208.20, 317.55, 42.66, 30.83, -1, -1, -1
141, 43, 827.01, 1002.30, 27.32, 73.23, -1, -1, -1
142, 221, 1506.00, 441.00, 16.00, 20.00, -1, -1, -1
142, 212, 390.00, 401.00, 32.00, 30.00, -1, -1, -1
142, 111, 1328.00, 998.00, 31.00, 19.00, -1, -1, -1
142, 139, 1586.00, 953.00, 42.00, 15.00, -1, -1, -1
142, 205, 617.00, 795.00, 19.00, 15.00, -1, -1, -1
142, 207, 1271.00, 623.00, 14.00, 18.00, -1, -1, -1
142, 203, 169.00, 23.00, 39.00, 44.00, -1, -1, -1
142, 200, 993.00, 208.00, 15.00, 26.00, -1, -1, -1
142, 59, 818.00, 863.00, 36.00, 29.00, -1, -1, -1
142, 57, 886.00, 914.00, 28.00, 35.00, -1, -1, -1
142, 1, 595.83, 366.86, 83.33, 58.13, -1, -1, -1
142, 2, 1067.30, 119.71, 31.71, 81.96, -1, -1, -1
142, 5, 1101.54, 714.91, 65.21, 59.46, -1, -1, -1
142, 7, 1123.59, 296.69, 26.78, 44.19, -1, -1, -1
142, 9, 1069.67, 529.76, 54.33, 55.24, -1, -1, -1
142, 8, 206.81, 312.86, 40.33, 29.28, -1, -1, -1
142, 43, 826.44, 999.28, 27.47, 74.75, -1, -1, -1
143, 221, 1507.00, 438.00, 16.00, 20.00, -1, -1, -1
143, 212, 386.00, 398.00, 32.00, 30.00, -1, -1, -1
143, 111, 1328.00, 995.00, 31.00, 19.00, -1, -1, -1
143, 139, 1586.00, 953.00, 42.00, 15.00, -1, -1, -1
143, 205, 617.00, 789.00, 19.00, 15.00, -1, -1, -1
143, 207, 1271.00, 623.00, 14.00, 18.00, -1, -1, -1
143, 203, 167.00, 16.00, 39.00, 44.00, -1, -1, -1
143, 200, 993.00, 208.00, 15.00, 26.00, -1, -1, -1
143, 59, 818.00, 863.00, 36.00, 29.00, -1, -1, -1
143, 57, 886.00, 914.00, 28.00, 35.00, -1, -1, -1
143, 1, 595.28, 364.73, 80.16, 56.60, -1, -1, -1
143, 2, 1068.22, 118.59, 31.95, 83.20, -1, -1, -1
143, 5, 1101.10, 715.16, 64.11, 58.35, -1, -1, -1
143, 7, 1122.62, 292.34, 29.67, 49.16, -1, -1, -1
143, 9, 1071.60, 527.37, 58.79, 52.82, -1, -1, -1
143, 8, 205.55, 307.32, 39.56, 28.69, -1, -1, -1
143, 43, 825.88, 994.26, 28.23, 78.27, -1, -1, -1
144, 221, 1509.00, 435.00, 16.00, 20.00, -1, -1, -1
144, 212, 386.00, 398.00, 32.00, 30.00, -1, -1, -1
144, 111, 1322.00, 991.00, 31.00, 19.00, -1, -1, -1
144, 139, 1586.00, 953.00, 42.00, 15.00, -1, -1, -1
144, 205, 617.00, 789.00, 19.00, 15.00, -1, -1, -1
144, 207, 1271.00, 615.00, 14.00, 18.00, -1, -1, -1
144, 203, 167.00, 16.00, 39.00, 44.00, -1, -1, -1
144, 200, 993.00, 208.00, 15.00, 26.00, -1, -1, -1
144, 59, 818.00, 859.00, 36.00, 29.00, -1, -1, -1
144, 57, 886.00, 908.00, 28.00, 35.00, -1, -1, -1
144, 1, 595.52, 362.66, 76.69, 54.67, -1, -1, -1
144, 2, 1068.58, 117.91, 32.00, 83.92, -1, -1, -1
144, 5, 1100.16, 714.28, 64.35, 58.42, -1, -1, -1
144, 7, 1122.89, 293.72, 28.53, 47.40, -1, -1, -1
144, 9, 1070.67, 523.28, 59.14, 53.20, -1, -1, -1
144, 8, 202.01, 299.93, 42.55, 31.02, -1, -1, -1
144, 43, 825.58, 988.53, 28.70, 81.52, -1, -1, -1
145, 221, 1509.00, 431.00, 16.00, 20.00, -1, -1, -1
145, 212, 386.00, 398.00, 32.00, 30.00, -1, -1, -1
145, 111, 1322.00, 991.00, 31.00, 19.00, -1, -1, -1
145, 139, 1586.00, 953.00, 42.00, 15.00, -1, -1, -1
145, 205, 615.00, 780.00, 19.00, 15.00, -1, -1, -1
145, 207, 1271.00, 615.00, 14.00, 18.00, -1, -1, -1
145, 203, 166.00, 7.00, 39.00, 44.00, -1, -1, -1
145, 200, 995.00, 205.00, 15.00, 26.00, -1, -1, -1
145, 59, 818.00, 859.00, 36.00, 29.00, -1, -1, -1
145, 57, 886.00, 908.00, 28.00, 35.00, -1, -1, -1
145, 1, 593.76, 360.35, 75.14, 54.40, -1, -1, -1
145, 2, 1068.77, 118.13, 31.86, 84.08, -1, -1, -1
145, 5, 1098.81, 713.47, 64.53, 58.45, -1, -1, -1
145, 7, 1122.32, 292.49, 29.43, 48.87, -1, -1, -1
145, 9, 1070.77, 518.44, 60.30, 54.32, -1, -1, -1
145, 8, 201.69, 295.13, 41.02, 29.90, -1, -1, -1
145, 43, 825.86, 987.37, 28.11, 81.76, -1, -1, -1
146, 221, 1510.00, 428.00, 16.00, 20.00, -1, -1, -1
146, 212, 386.00, 398.00, 32.00, 30.00, -1, -1, -1
146, 111, 1322.00, 991.00, 31.00, 19.00, -1, -1, -1
146, 139, 1586.00, 953.00, 42.00, 15.00, -1, -1, -1
146, 205, 615.00, 780.00, 19.00, 15.00, -1, -1, -1
146, 207, 1271.00, 615.00, 14.00, 18.00, -1, -1, -1
146, 203, 166.00, 7.00, 39.00, 44.00, -1, -1, -1
146, 200, 995.00, 205.00, 15.00, 26.00, -1, -1, -1
146, 59, 818.00, 859.00, 36.00, 29.00, -1, -1, -1
146, 57, 886.00, 903.00, 28.00, 35.00, -1, -1, -1
146, 8, 201.69, 295.13, 41.02, 29.90, -1, -1, -1
146, 1, 593.09, 357.96, 72.74, 53.70, -1, -1, -1
146, 2, 1068.91, 118.45, 31.62, 83.89, -1, -1, -1
146, 5, 1097.83, 711.69, 65.62, 59.46, -1, -1, -1
146, 7, 1121.37, 290.71, 30.26, 50.62, -1, -1, -1
146, 9, 1072.13, 515.77, 58.08, 52.28, -1, -1, -1
146, 43, 827.44, 991.47, 24.95, 73.94, -1, -1, -1
147, 221, 1511.00, 424.00, 16.00, 20.00, -1, -1, -1
147, 212, 386.00, 398.00, 32.00, 30.00, -1, -1, -1
147, 111, 1321.00, 986.00, 31.00, 19.00, -1, -1, -1
147, 139, 1586.00, 948.00, 42.00, 15.00, -1, -1, -1
147, 205, 610.00, 776.00, 19.00, 15.00, -1, -1, -1
147, 207, 1272.00, 611.00, 14.00, 18.00, -1, -1, -1
147, 203, 168.00, 11.00, 36.00, 35.00, -1, -1, -1
147, 200, 995.00, 205.00, 15.00, 26.00, -1, -1, -1
147, 59, 817.00, 850.00, 36.00, 29.00, -1, -1, -1
147, 57, 886.00, 903.00, 28.00, 35.00, -1, -1, -1
147, 1, 592.87, 355.03, 69.90, 52.60, -1, -1, -1
147, 2, 1069.43, 118.69, 31.56, 84.19, -1, -1, -1
147, 5, 1097.07, 713.01, 62.95, 56.88, -1, -1, -1
147, 7, 1121.05, 290.65, 29.54, 50.07, -1, -1, -1
147, 9, 1073.81, 514.98, 52.83, 47.47, -1, -1, -1
147, 43, 827.52, 991.80, 23.80, 70.73, -1, -1, -1
147, 8, 200.00, 287.00, 44.00, 35.00, -1, -1, -1
148, 221, 1512.00, 422.00, 16.00, 20.00, -1, -1, -1
148, 212, 386.00, 398.00, 32.00, 30.00, -1, -1, -1
148, 111, 1321.00, 986.00, 31.00, 19.00, -1, -1, -1
148, 139, 1586.00, 948.00, 42.00, 15.00, -1, -1, -1
148, 205, 610.00, 776.00, 19.00, 15.00, -1, -1, -1
148, 207, 1272.00, 611.00, 14.00, 18.00, -1, -1, -1
148, 203, 163.00, 6.00, 36.00, 35.00, -1, -1, -1
148, 200, 995.00, 205.00, 15.00, 26.00, -1, -1, -1
148, 59, 817.00, 850.00, 36.00, 29.00, -1, -1, -1
148, 57, 887.00, 896.00, 28.00, 35.00, -1, -1, -1
148, 1, 591.73, 352.53, 67.04, 51.72, -1, -1, -1
148, 2, 1069.91, 117.41, 31.93, 85.79, -1, -1, -1
148, 5, 1096.06, 713.05, 62.47, 56.38, -1, -1, -1
148, 7, 1121.16, 290.66, 28.77, 49.59, -1, -1, -1
148, 9, 1074.84, 512.91, 46.90, 42.54, -1, -1, -1
148, 43, 827.55, 990.97, 22.37, 67.54, -1, -1, -1
148, 8, 197.00, 281.00, 44.00, 36.00, -1, -1, -1
149, 221, 1514.00, 418.00, 16.00, 20.00, -1, -1, -1
149, 212, 386.00, 398.00, 32.00, 30.00, -1, -1, -1
149, 139, 1586.00, 948.00, 42.00, 15.00, -1, -1, -1
149, 111, 1320.00, 986.00, 31.00, 19.00, -1, -1, -1
149, 205, 610.00, 770.00, 19.00, 15.00, -1, -1, -1
149, 207, 1272.00, 606.00, 14.00, 18.00, -1, -1, -1
149, 203, 163.00, 6.00, 36.00, 35.00, -1, -1, -1
149, 200, 995.00, 205.00, 15.00, 26.00, -1, -1, -1
149, 59, 817.00, 850.00, 36.00, 29.00, -1, -1, -1
149, 57, 887.00, 896.00, 28.00, 35.00, -1, -1, -1
149, 8, 193.00, 275.00, 48.00, 39.00, -1, -1, -1
149, 1, 589.85, 349.69, 66.02, 52.46, -1, -1, -1
149, 2, 1070.30, 117.90, 31.62, 85.41, -1, -1, -1
149, 5, 1095.20, 712.57, 62.34, 56.21, -1, -1, -1
149, 7, 1120.28, 289.70, 29.37, 51.12, -1, -1, -1
149, 9, 1075.34, 509.76, 45.53, 41.35, -1, -1, -1
149, 43, 827.54, 987.69, 21.91, 66.38, -1, -1, -1
15, 212, 506.00, 441.00, 32.00, 24.00, -1, -1, -1
15, 210, 1165.00, 47.00, 25.00, 24.00, -1, -1, -1
15, 206, 531.00, 1.00, 23.00, 36.00, -1, -1, -1
15, 203, 358.00, 441.00, 19.00, 24.00, -1, -1, -1
15, 202, 329.00, 483.00, 15.00, 14.00, -1, -1, -1
15, 200, 966.00, 243.00, 14.00, 23.00, -1, -1, -1
15, 17, 968.00, 142.00, 27.00, 27.00, -1, -1, -1
15, 10, 65.00, 520.00, 19.00, 34.00, -1, -1, -1
15, 14, 729.00, 336.00, 37.00, 24.00, -1, -1, -1
15, 1, 753.12, 656.63, 98.92, 62.59, -1, -1, -1
15, 2, 994.70, 76.92, 39.90, 91.19, -1, -1, -1
15, 3, 1443.82, 1.09, 41.24, 53.25, -1, -1, -1
15, 4, 34.10, 162.41, 57.61, 57.67, -1, -1, -1
15, 5, 1269.24, 755.04, 57.86, 49.87, -1, -1, -1
15, 6, 820.00, 438.00, 60.00, 43.00, -1, -1, -1
15, 7, 1150.80, 331.89, 29.01, 43.22, -1, -1, -1
15, 8, 290.22, 847.97, 37.06, 49.13, -1, -1, -1
15, 9, 1029.19, 943.04, 35.80, 41.39, -1, -1, -1
150, 221, 1514.00, 416.00, 16.00, 20.00, -1, -1, -1
150, 212, 381.00, 398.00, 32.00, 30.00, -1, -1, -1
150, 139, 1586.00, 948.00, 42.00, 15.00, -1, -1, -1
150, 111, 1320.00, 986.00, 31.00, 19.00, -1, -1, -1
150, 205, 610.00, 770.00, 19.00, 15.00, -1, -1, -1
150, 207, 1272.00, 606.00, 14.00, 18.00, -1, -1, -1
150, 203, 160.00, 0.00, 36.00, 29.00, -1, -1, -1
150, 200, 995.00, 205.00, 15.00, 26.00, -1, -1, -1
150, 59, 817.00, 845.00, 36.00, 29.00, -1, -1, -1
150, 57, 887.00, 896.00, 28.00, 35.00, -1, -1, -1
150, 1, 587.55, 346.36, 65.97, 54.13, -1, -1, -1
150, 2, 1070.65, 119.20, 31.07, 84.14, -1, -1, -1
150, 5, 1094.71, 712.41, 61.72, 55.66, -1, -1, -1
150, 7, 1120.29, 290.57, 27.95, 49.25, -1, -1, -1
150, 9, 1076.79, 506.73, 44.59, 40.45, -1, -1, -1
150, 43, 827.69, 984.55, 21.45, 65.98, -1, -1, -1
150, 8, 190.97, 265.69, 50.50, 36.84, -1, -1, -1
151, 221, 1515.00, 412.00, 16.00, 20.00, -1, -1, -1
151, 212, 381.00, 398.00, 32.00, 30.00, -1, -1, -1
151, 139, 1584.00, 944.00, 42.00, 15.00, -1, -1, -1
151, 111, 1320.00, 986.00, 31.00, 19.00, -1, -1, -1
151, 205, 612.00, 763.00, 19.00, 15.00, -1, -1, -1
151, 207, 1275.00, 600.00, 14.00, 18.00, -1, -1, -1
151, 203, 160.00, 0.00, 36.00, 29.00, -1, -1, -1
151, 200, 996.00, 202.00, 15.00, 26.00, -1, -1, -1
151, 59, 817.00, 845.00, 36.00, 29.00, -1, -1, -1
151, 57, 886.00, 890.00, 28.00, 35.00, -1, -1, -1
151, 1, 585.86, 343.84, 64.28, 54.64, -1, -1, -1
151, 2, 1071.82, 120.06, 30.74, 83.41, -1, -1, -1
151, 5, 1094.00, 711.86, 61.64, 55.46, -1, -1, -1
151, 7, 1120.44, 291.07, 27.10, 47.99, -1, -1, -1
151, 9, 1077.67, 501.69, 45.58, 41.21, -1, -1, -1
151, 43, 826.64, 980.95, 22.51, 69.88, -1, -1, -1
151, 8, 190.00, 259.00, 49.00, 41.00, -1, -1, -1
152, 221, 1517.00, 408.00, 16.00, 20.00, -1, -1, -1
152, 212, 381.00, 398.00, 32.00, 30.00, -1, -1, -1
152, 139, 1584.00, 944.00, 42.00, 15.00, -1, -1, -1
152, 111, 1320.00, 986.00, 31.00, 19.00, -1, -1, -1
152, 205, 612.00, 763.00, 19.00, 15.00, -1, -1, -1
152, 207, 1275.00, 600.00, 14.00, 18.00, -1, -1, -1
152, 203, 160.00, 0.00, 30.00, 23.00, -1, -1, -1
152, 200, 996.00, 202.00, 15.00, 26.00, -1, -1, -1
152, 59, 817.00, 839.00, 36.00, 29.00, -1, -1, -1
152, 57, 886.00, 890.00, 28.00, 35.00, -1, -1, -1
152, 1, 585.13, 341.01, 61.97, 54.61, -1, -1, -1
152, 2, 1072.35, 120.75, 30.39, 83.02, -1, -1, -1
152, 5, 1093.31, 711.17, 61.55, 55.40, -1, -1, -1
152, 7, 1120.91, 292.65, 26.00, 46.01, -1, -1, -1
152, 9, 1077.55, 496.97, 45.77, 41.50, -1, -1, -1
152, 43, 826.38, 979.19, 21.68, 67.39, -1, -1, -1
152, 8, 188.00, 252.00, 46.00, 44.00, -1, -1, -1
153, 221, 1517.00, 405.00, 16.00, 20.00, -1, -1, -1
153, 212, 381.00, 398.00, 32.00, 30.00, -1, -1, -1
153, 139, 1584.00, 944.00, 42.00, 15.00, -1, -1, -1
153, 111, 1320.00, 986.00, 31.00, 19.00, -1, -1, -1
153, 205, 609.00, 758.00, 19.00, 15.00, -1, -1, -1
153, 207, 1276.00, 595.00, 14.00, 20.00, -1, -1, -1
153, 203, 160.00, 0.00, 30.00, 23.00, -1, -1, -1
153, 200, 996.00, 202.00, 15.00, 26.00, -1, -1, -1
153, 59, 817.00, 839.00, 36.00, 29.00, -1, -1, -1
153, 57, 886.00, 890.00, 28.00, 35.00, -1, -1, -1
153, 1, 584.99, 338.55, 59.49, 54.11, -1, -1, -1
153, 2, 1072.43, 120.62, 30.46, 83.37, -1, -1, -1
153, 5, 1092.99, 710.93, 60.72, 54.38, -1, -1, -1
153, 7, 1121.16, 293.39, 25.46, 45.02, -1, -1, -1
153, 9, 1077.31, 490.84, 49.23, 44.66, -1, -1, -1
153, 43, 826.59, 974.62, 21.77, 68.41, -1, -1, -1
153, 8, 183.51, 245.37, 48.49, 40.63, -1, -1, -1
154, 221, 1518.00, 402.00, 16.00, 20.00, -1, -1, -1
154, 212, 376.00, 393.00, 32.00, 30.00, -1, -1, -1
154, 139, 1580.00, 941.00, 42.00, 15.00, -1, -1, -1
154, 111, 1320.00, 986.00, 31.00, 19.00, -1, -1, -1
154, 205, 609.00, 758.00, 19.00, 15.00, -1, -1, -1
154, 207, 1276.00, 595.00, 14.00, 20.00, -1, -1, -1
154, 203, 160.00, 0.00, 28.00, 11.00, -1, -1, -1
154, 200, 996.00, 202.00, 15.00, 26.00, -1, -1, -1
154, 59, 817.00, 831.00, 36.00, 29.00, -1, -1, -1
154, 57, 886.00, 885.00, 28.00, 33.00, -1, -1, -1
154, 1, 585.83, 335.99, 56.93, 53.19, -1, -1, -1
154, 2, 1072.90, 120.19, 30.58, 83.88, -1, -1, -1
154, 5, 1091.74, 709.85, 60.76, 54.52, -1, -1, -1
154, 7, 1119.64, 287.61, 28.51, 50.97, -1, -1, -1
154, 9, 1079.00, 487.00, 42.00, 43.00, -1, -1, -1
154, 43, 826.48, 970.54, 23.18, 73.75, -1, -1, -1
154, 8, 184.68, 241.44, 45.42, 34.17, -1, -1, -1
155, 221, 1520.00, 398.00, 16.00, 20.00, -1, -1, -1
155, 212, 376.00, 393.00, 32.00, 30.00, -1, -1, -1
155, 139, 1580.00, 941.00, 42.00, 15.00, -1, -1, -1
155, 111, 1320.00, 986.00, 31.00, 19.00, -1, -1, -1
155, 205, 609.00, 750.00, 19.00, 15.00, -1, -1, -1
155, 207, 1277.00, 589.00, 14.00, 20.00, -1, -1, -1
155, 200, 996.00, 202.00, 15.00, 26.00, -1, -1, -1
155, 59, 817.00, 831.00, 36.00, 29.00, -1, -1, -1
155, 57, 886.00, 885.00, 28.00, 33.00, -1, -1, -1
155, 8, 183.00, 239.00, 48.00, 39.00, -1, -1, -1
155, 1, 585.83, 335.99, 56.93, 53.19, -1, -1, -1
155, 2, 1073.64, 120.51, 30.47, 83.70, -1, -1, -1
155, 5, 1090.76, 708.97, 60.87, 54.58, -1, -1, -1
155, 7, 1120.30, 291.16, 26.23, 46.41, -1, -1, -1
155, 9, 1079.41, 481.24, 50.17, 44.92, -1, -1, -1
155, 43, 825.96, 968.58, 22.74, 72.83, -1, -1, -1
156, 221, 1522.00, 395.00, 16.00, 20.00, -1, -1, -1
156, 212, 376.00, 393.00, 32.00, 30.00, -1, -1, -1
156, 139, 1580.00, 941.00, 42.00, 15.00, -1, -1, -1
156, 111, 1320.00, 986.00, 31.00, 19.00, -1, -1, -1
156, 205, 609.00, 750.00, 19.00, 15.00, -1, -1, -1
156, 207, 1277.00, 589.00, 14.00, 20.00, -1, -1, -1
156, 200, 996.00, 202.00, 15.00, 26.00, -1, -1, -1
156, 59, 817.00, 831.00, 36.00, 29.00, -1, -1, -1
156, 57, 886.00, 885.00, 28.00, 33.00, -1, -1, -1
156, 2, 1074.00, 121.62, 30.21, 83.02, -1, -1, -1
156, 5, 1089.77, 707.66, 62.24, 56.10, -1, -1, -1
156, 7, 1120.50, 292.36, 25.46, 44.67, -1, -1, -1
156, 9, 1080.00, 477.00, 47.00, 45.00, -1, -1, -1
156, 43, 826.21, 965.98, 21.66, 70.45, -1, -1, -1
156, 1, 586.37, 331.02, 54.31, 51.98, -1, -1, -1
156, 8, 180.09, 229.37, 50.28, 37.97, -1, -1, -1
157, 221, 1523.00, 390.00, 16.00, 20.00, -1, -1, -1
157, 212, 376.00, 393.00, 32.00, 30.00, -1, -1, -1
157, 139, 1580.00, 938.00, 34.00, 17.00, -1, -1, -1
157, 111, 1320.00, 986.00, 31.00, 19.00, -1, -1, -1
157, 205, 607.00, 744.00, 19.00, 15.00, -1, -1, -1
157, 207, 1279.00, 586.00, 14.00, 20.00, -1, -1, -1
157, 200, 996.00, 202.00, 15.00, 26.00, -1, -1, -1
157, 59, 817.00, 831.00, 36.00, 29.00, -1, -1, -1
157, 57, 886.00, 879.00, 28.00, 33.00, -1, -1, -1
157, 8, 181.00, 227.00, 48.00, 39.00, -1, -1, -1
157, 1, 586.00, 331.00, 57.00, 53.00, -1, -1, -1
157, 2, 1074.07, 121.52, 30.22, 83.13, -1, -1, -1
157, 5, 1088.47, 706.20, 62.71, 56.68, -1, -1, -1
157, 7, 1119.95, 292.67, 25.42, 44.31, -1, -1, -1
157, 9, 1083.16, 471.30, 52.04, 44.76, -1, -1, -1
157, 43, 826.54, 963.11, 20.81, 68.53, -1, -1, -1
158, 221, 1524.00, 389.00, 16.00, 20.00, -1, -1, -1
158, 212, 376.00, 393.00, 32.00, 30.00, -1, -1, -1
158, 139, 1580.00, 938.00, 34.00, 17.00, -1, -1, -1
158, 111, 1320.00, 986.00, 31.00, 19.00, -1, -1, -1
158, 205, 607.00, 744.00, 19.00, 15.00, -1, -1, -1
158, 207, 1279.00, 586.00, 14.00, 20.00, -1, -1, -1
158, 200, 996.00, 202.00, 15.00, 26.00, -1, -1, -1
158, 59, 817.00, 831.00, 36.00, 29.00, -1, -1, -1
158, 57, 886.00, 879.00, 28.00, 33.00, -1, -1, -1
158, 8, 177.00, 221.00, 48.00, 39.00, -1, -1, -1
158, 2, 1074.52, 120.86, 30.33, 83.55, -1, -1, -1
158, 5, 1088.47, 705.67, 60.97, 55.42, -1, -1, -1
158, 7, 1120.60, 292.03, 25.75, 44.69, -1, -1, -1
158, 9, 1082.59, 466.87, 52.93, 44.90, -1, -1, -1
158, 43, 826.73, 959.65, 20.36, 67.81, -1, -1, -1
158, 1, 584.74, 324.02, 54.58, 52.97, -1, -1, -1
159, 221, 1525.00, 384.00, 16.00, 20.00, -1, -1, -1
159, 212, 376.00, 393.00, 32.00, 30.00, -1, -1, -1
159, 139, 1580.00, 938.00, 34.00, 17.00, -1, -1, -1
159, 111, 1320.00, 986.00, 31.00, 19.00, -1, -1, -1
159, 205, 607.00, 737.00, 19.00, 15.00, -1, -1, -1
159, 207, 1280.00, 581.00, 14.00, 22.00, -1, -1, -1
159, 200, 996.00, 195.00, 16.00, 30.00, -1, -1, -1
159, 59, 817.00, 824.00, 36.00, 29.00, -1, -1, -1
159, 57, 886.00, 879.00, 28.00, 33.00, -1, -1, -1
159, 8, 173.00, 212.00, 50.00, 43.00, -1, -1, -1
159, 2, 1074.33, 116.64, 32.05, 88.29, -1, -1, -1
159, 5, 1088.31, 706.49, 58.72, 53.44, -1, -1, -1
159, 7, 1119.04, 290.55, 27.48, 46.83, -1, -1, -1
159, 9, 1083.18, 462.65, 54.57, 45.44, -1, -1, -1
159, 43, 826.42, 954.96, 20.98, 70.55, -1, -1, -1
159, 1, 585.13, 322.79, 52.43, 50.92, -1, -1, -1
16, 212, 506.00, 441.00, 32.00, 24.00, -1, -1, -1
16, 210, 1166.00, 42.00, 25.00, 24.00, -1, -1, -1
16, 206, 530.00, 0.00, 23.00, 31.00, -1, -1, -1
16, 203, 358.00, 441.00, 19.00, 24.00, -1, -1, -1
16, 202, 329.00, 483.00, 15.00, 14.00, -1, -1, -1
16, 200, 966.00, 243.00, 14.00, 23.00, -1, -1, -1
16, 17, 969.00, 134.00, 27.00, 27.00, -1, -1, -1
16, 10, 65.00, 520.00, 19.00, 34.00, -1, -1, -1
16, 14, 729.00, 333.00, 37.00, 24.00, -1, -1, -1
16, 1, 751.45, 654.78, 99.33, 62.88, -1, -1, -1
16, 2, 995.50, 77.06, 39.82, 91.17, -1, -1, -1
16, 3, 1444.03, 0.95, 41.10, 52.60, -1, -1, -1
16, 4, 32.55, 162.41, 56.80, 56.81, -1, -1, -1
16, 5, 1267.99, 754.09, 58.74, 50.56, -1, -1, -1
16, 6, 820.00, 434.00, 63.00, 42.00, -1, -1, -1
16, 7, 1150.96, 332.15, 28.73, 42.84, -1, -1, -1
16, 8, 288.49, 845.99, 37.46, 49.47, -1, -1, -1
16, 9, 1028.33, 939.54, 41.41, 47.78, -1, -1, -1
160, 221, 1526.00, 381.00, 16.00, 20.00, -1, -1, -1
160, 212, 376.00, 393.00, 32.00, 30.00, -1, -1, -1
160, 139, 1580.00, 938.00, 34.00, 17.00, -1, -1, -1
160, 111, 1320.00, 986.00, 31.00, 19.00, -1, -1, -1
160, 205, 607.00, 737.00, 19.00, 15.00, -1, -1, -1
160, 207, 1280.00, 581.00, 14.00, 22.00, -1, -1, -1
160, 200, 996.00, 195.00, 16.00, 30.00, -1, -1, -1
160, 59, 817.00, 824.00, 36.00, 29.00, -1, -1, -1
160, 57, 886.00, 871.00, 28.00, 33.00, -1, -1, -1
160, 2, 1074.61, 117.97, 31.99, 88.24, -1, -1, -1
160, 5, 1087.16, 707.84, 56.13, 51.19, -1, -1, -1
160, 7, 1118.98, 290.37, 27.10, 46.16, -1, -1, -1
160, 9, 1080.43, 461.00, 57.57, 45.11, -1, -1, -1
160, 43, 825.69, 948.40, 21.47, 73.52, -1, -1, -1
160, 1, 585.04, 320.69, 51.70, 50.18, -1, -1, -1
160, 8, 172.04, 206.50, 44.51, 33.97, -1, -1, -1
161, 221, 1527.00, 377.00, 16.00, 20.00, -1, -1, -1
161, 212, 376.00, 393.00, 32.00, 30.00, -1, -1, -1
161, 139, 1573.00, 934.00, 34.00, 17.00, -1, -1, -1
161, 111, 1319.00, 982.00, 30.00, 16.00, -1, -1, -1
161, 205, 604.00, 731.00, 19.00, 15.00, -1, -1, -1
161, 207, 1279.00, 576.00, 14.00, 22.00, -1, -1, -1
161, 200, 996.00, 195.00, 16.00, 30.00, -1, -1, -1
161, 59, 817.00, 820.00, 36.00, 29.00, -1, -1, -1
161, 57, 886.00, 871.00, 28.00, 33.00, -1, -1, -1
161, 8, 171.00, 202.00, 47.00, 38.00, -1, -1, -1
161, 2, 1075.11, 119.99, 31.14, 85.61, -1, -1, -1
161, 5, 1085.02, 705.82, 57.68, 52.92, -1, -1, -1
161, 7, 1118.96, 290.07, 26.96, 45.89, -1, -1, -1
161, 9, 1078.00, 458.00, 61.00, 46.00, -1, -1, -1
161, 43, 825.76, 942.58, 21.93, 76.59, -1, -1, -1
161, 1, 585.64, 319.13, 50.23, 48.41, -1, -1, -1
162, 221, 1529.00, 373.00, 16.00, 20.00, -1, -1, -1
162, 212, 376.00, 393.00, 32.00, 30.00, -1, -1, -1
162, 139, 1573.00, 934.00, 34.00, 17.00, -1, -1, -1
162, 111, 1319.00, 982.00, 30.00, 16.00, -1, -1, -1
162, 205, 604.00, 731.00, 19.00, 15.00, -1, -1, -1
162, 207, 1281.00, 568.00, 14.00, 22.00, -1, -1, -1
162, 200, 996.00, 195.00, 16.00, 30.00, -1, -1, -1
162, 59, 817.00, 820.00, 36.00, 29.00, -1, -1, -1
162, 57, 886.00, 871.00, 28.00, 33.00, -1, -1, -1
162, 2, 1075.18, 120.77, 31.00, 84.58, -1, -1, -1
162, 5, 1084.34, 707.58, 55.13, 50.57, -1, -1, -1
162, 7, 1118.57, 289.60, 27.70, 46.79, -1, -1, -1
162, 9, 1079.62, 447.18, 59.91, 49.52, -1, -1, -1
162, 43, 826.64, 943.82, 20.43, 71.96, -1, -1, -1
162, 1, 586.13, 317.29, 49.28, 47.00, -1, -1, -1
162, 8, 169.26, 194.72, 42.39, 32.49, -1, -1, -1
163, 221, 1530.00, 369.00, 16.00, 20.00, -1, -1, -1
163, 212, 367.00, 393.00, 32.00, 30.00, -1, -1, -1
163, 205, 603.00, 724.00, 19.00, 15.00, -1, -1, -1
163, 207, 1281.00, 568.00, 14.00, 22.00, -1, -1, -1
163, 200, 996.00, 195.00, 16.00, 30.00, -1, -1, -1
163, 139, 1573.00, 934.00, 34.00, 17.00, -1, -1, -1
163, 111, 1319.00, 982.00, 30.00, 16.00, -1, -1, -1
163, 59, 816.00, 814.00, 36.00, 29.00, -1, -1, -1
163, 57, 887.00, 864.00, 28.00, 33.00, -1, -1, -1
163, 2, 1075.60, 121.06, 31.15, 84.44, -1, -1, -1
163, 5, 1083.36, 708.80, 53.69, 49.18, -1, -1, -1
163, 7, 1117.95, 288.69, 27.94, 47.12, -1, -1, -1
163, 9, 1081.38, 441.52, 58.36, 48.13, -1, -1, -1
163, 43, 827.04, 942.56, 19.73, 70.05, -1, -1, -1
163, 1, 586.06, 314.56, 49.51, 46.75, -1, -1, -1
163, 8, 167.57, 188.83, 40.83, 31.51, -1, -1, -1
164, 221, 1532.00, 365.00, 16.00, 20.00, -1, -1, -1
164, 212, 367.00, 393.00, 32.00, 30.00, -1, -1, -1
164, 205, 603.00, 724.00, 19.00, 15.00, -1, -1, -1
164, 207, 1281.00, 568.00, 14.00, 22.00, -1, -1, -1
164, 200, 996.00, 195.00, 16.00, 30.00, -1, -1, -1
164, 139, 1574.00, 934.00, 41.00, 16.00, -1, -1, -1
164, 111, 1319.00, 982.00, 30.00, 16.00, -1, -1, -1
164, 59, 816.00, 814.00, 36.00, 29.00, -1, -1, -1
164, 57, 887.00, 864.00, 28.00, 33.00, -1, -1, -1
164, 8, 165.00, 184.00, 47.00, 36.00, -1, -1, -1
164, 2, 1076.05, 120.79, 31.58, 85.26, -1, -1, -1
164, 5, 1082.29, 710.78, 51.66, 47.17, -1, -1, -1
164, 7, 1117.16, 288.11, 28.17, 47.73, -1, -1, -1
164, 9, 1082.94, 437.10, 57.91, 47.11, -1, -1, -1
164, 43, 826.06, 938.20, 19.75, 71.35, -1, -1, -1
164, 1, 584.43, 309.88, 52.35, 49.20, -1, -1, -1
165, 221, 1533.00, 362.00, 16.00, 20.00, -1, -1, -1
165, 212, 367.00, 393.00, 32.00, 30.00, -1, -1, -1
165, 205, 601.00, 716.00, 19.00, 15.00, -1, -1, -1
165, 207, 1281.00, 568.00, 14.00, 22.00, -1, -1, -1
165, 200, 996.00, 195.00, 16.00, 30.00, -1, -1, -1
165, 139, 1573.00, 937.00, 41.00, 16.00, -1, -1, -1
165, 111, 1316.00, 978.00, 34.00, 17.00, -1, -1, -1
165, 59, 816.00, 814.00, 36.00, 29.00, -1, -1, -1
165, 57, 887.00, 864.00, 28.00, 33.00, -1, -1, -1
165, 2, 1076.27, 121.30, 31.62, 84.95, -1, -1, -1
165, 5, 1080.44, 710.48, 50.89, 46.46, -1, -1, -1
165, 7, 1116.64, 287.66, 28.71, 48.46, -1, -1, -1
165, 9, 1083.44, 433.64, 57.86, 46.73, -1, -1, -1
165, 43, 826.46, 935.69, 19.22, 69.85, -1, -1, -1
165, 1, 583.83, 306.63, 52.94, 49.36, -1, -1, -1
165, 8, 164.04, 176.41, 41.96, 40.59, -1, -1, -1
166, 221, 1534.00, 359.00, 16.00, 20.00, -1, -1, -1
166, 212, 367.00, 393.00, 32.00, 30.00, -1, -1, -1
166, 205, 601.00, 716.00, 19.00, 15.00, -1, -1, -1
166, 207, 1283.00, 561.00, 14.00, 22.00, -1, -1, -1
166, 200, 996.00, 195.00, 16.00, 30.00, -1, -1, -1
166, 139, 1571.00, 937.00, 41.00, 16.00, -1, -1, -1
166, 111, 1316.00, 978.00, 34.00, 17.00, -1, -1, -1
166, 59, 817.00, 809.00, 36.00, 29.00, -1, -1, -1
166, 57, 886.00, 856.00, 28.00, 33.00, -1, -1, -1
166, 2, 1076.89, 121.98, 31.51, 84.21, -1, -1, -1
166, 5, 1080.09, 711.38, 49.08, 44.71, -1, -1, -1
166, 7, 1116.81, 287.74, 28.19, 47.74, -1, -1, -1
166, 9, 1083.29, 428.78, 60.45, 48.58, -1, -1, -1
166, 43, 826.65, 933.38, 18.97, 69.27, -1, -1, -1
166, 1, 584.25, 304.02, 52.42, 48.43, -1, -1, -1
166, 8, 161.46, 169.17, 43.54, 40.83, -1, -1, -1
167, 221, 1534.00, 355.00, 16.00, 20.00, -1, -1, -1
167, 212, 367.00, 393.00, 32.00, 30.00, -1, -1, -1
167, 205, 601.00, 710.00, 21.00, 16.00, -1, -1, -1
167, 207, 1283.00, 561.00, 14.00, 22.00, -1, -1, -1
167, 200, 996.00, 195.00, 16.00, 30.00, -1, -1, -1
167, 139, 1572.00, 937.00, 41.00, 16.00, -1, -1, -1
167, 111, 1316.00, 978.00, 34.00, 17.00, -1, -1, -1
167, 59, 817.00, 809.00, 36.00, 29.00, -1, -1, -1
167, 57, 886.00, 856.00, 28.00, 33.00, -1, -1, -1
167, 8, 159.00, 163.00, 44.00, 39.00, -1, -1, -1
167, 2, 1077.42, 121.74, 31.85, 84.80, -1, -1, -1
167, 5, 1078.68, 709.91, 50.10, 45.65, -1, -1, -1
167, 7, 1116.23, 287.30, 28.33, 47.96, -1, -1, -1
167, 9, 1083.07, 423.91, 58.78, 47.30, -1, -1, -1
167, 43, 826.14, 930.64, 19.06, 70.05, -1, -1, -1
167, 1, 584.38, 300.91, 52.85, 48.59, -1, -1, -1
168, 221, 1537.00, 351.00, 16.00, 20.00, -1, -1, -1
168, 212, 369.00, 389.00, 32.00, 30.00, -1, -1, -1
168, 205, 601.00, 710.00, 21.00, 16.00, -1, -1, -1
168, 207, 1285.00, 557.00, 14.00, 22.00, -1, -1, -1
168, 200, 996.00, 195.00, 16.00, 30.00, -1, -1, -1
168, 139, 1577.00, 933.00, 41.00, 16.00, -1, -1, -1
168, 111, 1316.00, 978.00, 34.00, 17.00, -1, -1, -1
168, 59, 815.00, 804.00, 40.00, 31.00, -1, -1, -1
168, 57, 886.00, 856.00, 28.00, 33.00, -1, -1, -1
168, 2, 1077.42, 121.02, 32.34, 86.01, -1, -1, -1
168, 5, 1078.48, 710.14, 48.92, 44.49, -1, -1, -1
168, 7, 1115.64, 285.54, 29.14, 49.51, -1, -1, -1
168, 9, 1083.88, 418.77, 60.24, 48.29, -1, -1, -1
168, 43, 825.87, 926.25, 19.26, 71.34, -1, -1, -1
168, 1, 584.37, 297.86, 53.15, 48.65, -1, -1, -1
168, 8, 157.09, 156.46, 42.91, 42.54, -1, -1, -1
169, 221, 1538.00, 349.00, 16.00, 20.00, -1, -1, -1
169, 212, 369.00, 389.00, 32.00, 30.00, -1, -1, -1
169, 205, 599.00, 704.00, 21.00, 16.00, -1, -1, -1
169, 207, 1285.00, 557.00, 14.00, 22.00, -1, -1, -1
169, 200, 999.00, 192.00, 16.00, 30.00, -1, -1, -1
169, 139, 1578.00, 931.00, 41.00, 16.00, -1, -1, -1
169, 111, 1316.00, 978.00, 34.00, 17.00, -1, -1, -1
169, 59, 815.00, 804.00, 40.00, 31.00, -1, -1, -1
169, 57, 886.00, 856.00, 28.00, 33.00, -1, -1, -1
169, 8, 157.00, 151.00, 43.00, 43.00, -1, -1, -1
169, 2, 1077.41, 121.36, 32.52, 85.48, -1, -1, -1
169, 5, 1078.17, 709.72, 48.08, 43.59, -1, -1, -1
169, 7, 1115.14, 285.74, 29.03, 49.12, -1, -1, -1
169, 9, 1083.52, 413.54, 60.09, 48.16, -1, -1, -1
169, 43, 825.81, 922.23, 19.26, 71.82, -1, -1, -1
169, 1, 584.97, 295.33, 53.08, 48.18, -1, -1, -1
17, 212, 506.00, 441.00, 32.00, 24.00, -1, -1, -1
17, 210, 1168.00, 36.00, 25.00, 24.00, -1, -1, -1
17, 206, 530.00, 0.00, 22.00, 25.00, -1, -1, -1
17, 203, 351.00, 436.00, 25.00, 25.00, -1, -1, -1
17, 202, 327.00, 476.00, 15.00, 14.00, -1, -1, -1
17, 200, 966.00, 243.00, 14.00, 23.00, -1, -1, -1
17, 17, 969.00, 134.00, 27.00, 27.00, -1, -1, -1
17, 14, 729.00, 330.00, 37.00, 24.00, -1, -1, -1
17, 1, 750.51, 653.66, 98.23, 62.00, -1, -1, -1
17, 2, 996.26, 77.23, 39.83, 91.03, -1, -1, -1
17, 3, 1443.81, 1.16, 40.65, 51.67, -1, -1, -1
17, 4, 30.55, 162.51, 55.99, 55.91, -1, -1, -1
17, 5, 1266.11, 753.74, 58.97, 50.82, -1, -1, -1
17, 6, 823.83, 429.79, 62.42, 41.32, -1, -1, -1
17, 7, 1150.97, 332.00, 28.76, 42.70, -1, -1, -1
17, 8, 287.71, 842.35, 40.15, 52.55, -1, -1, -1
17, 9, 1030.15, 938.22, 39.20, 44.58, -1, -1, -1
17, 10, 61.40, 517.96, 18.97, 33.65, -1, -1, -1
170, 221, 1540.00, 343.00, 16.00, 20.00, -1, -1, -1
170, 212, 369.00, 389.00, 32.00, 30.00, -1, -1, -1
170, 205, 599.00, 704.00, 21.00, 16.00, -1, -1, -1
170, 207, 1285.00, 552.00, 14.00, 22.00, -1, -1, -1
170, 200, 999.00, 192.00, 16.00, 30.00, -1, -1, -1
170, 139, 1574.00, 929.00, 41.00, 16.00, -1, -1, -1
170, 111, 1316.00, 975.00, 34.00, 17.00, -1, -1, -1
170, 59, 815.00, 798.00, 40.00, 31.00, -1, -1, -1
170, 57, 886.00, 848.00, 28.00, 33.00, -1, -1, -1
170, 8, 153.00, 141.00, 47.00, 45.00, -1, -1, -1
170, 2, 1077.86, 121.49, 32.65, 85.27, -1, -1, -1
170, 5, 1077.02, 707.53, 49.96, 45.32, -1, -1, -1
170, 7, 1114.56, 284.37, 29.79, 50.43, -1, -1, -1
170, 9, 1084.21, 409.76, 60.31, 48.10, -1, -1, -1
170, 43, 825.84, 919.34, 19.18, 72.00, -1, -1, -1
170, 1, 585.29, 292.38, 52.91, 47.76, -1, -1, -1
171, 221, 1540.00, 340.00, 16.00, 20.00, -1, -1, -1
171, 212, 362.00, 391.00, 32.00, 30.00, -1, -1, -1
171, 205, 597.00, 697.00, 21.00, 16.00, -1, -1, -1
171, 207, 1285.00, 552.00, 14.00, 22.00, -1, -1, -1
171, 200, 999.00, 192.00, 16.00, 30.00, -1, -1, -1
171, 139, 1574.00, 929.00, 41.00, 16.00, -1, -1, -1
171, 111, 1318.00, 972.00, 34.00, 17.00, -1, -1, -1
171, 59, 815.00, 798.00, 40.00, 31.00, -1, -1, -1
171, 57, 886.00, 848.00, 28.00, 33.00, -1, -1, -1
171, 8, 150.00, 136.00, 43.00, 38.00, -1, -1, -1
171, 2, 1078.99, 122.27, 31.74, 83.70, -1, -1, -1
171, 5, 1076.26, 705.76, 51.39, 46.45, -1, -1, -1
171, 7, 1115.28, 287.03, 28.21, 47.50, -1, -1, -1
171, 9, 1086.56, 405.54, 58.15, 46.09, -1, -1, -1
171, 43, 825.88, 915.40, 19.08, 72.06, -1, -1, -1
171, 1, 584.98, 288.77, 53.71, 48.36, -1, -1, -1
172, 221, 1542.00, 336.00, 16.00, 20.00, -1, -1, -1
172, 212, 362.00, 391.00, 32.00, 30.00, -1, -1, -1
172, 205, 597.00, 697.00, 21.00, 16.00, -1, -1, -1
172, 207, 1285.00, 546.00, 14.00, 22.00, -1, -1, -1
172, 200, 999.00, 192.00, 16.00, 30.00, -1, -1, -1
172, 139, 1574.00, 929.00, 41.00, 16.00, -1, -1, -1
172, 111, 1318.00, 972.00, 34.00, 17.00, -1, -1, -1
172, 59, 815.00, 794.00, 40.00, 28.00, -1, -1, -1
172, 2, 1079.65, 123.44, 30.88, 82.48, -1, -1, -1
172, 5, 1075.15, 704.11, 52.65, 47.38, -1, -1, -1
172, 7, 1115.69, 288.50, 27.38, 45.82, -1, -1, -1
172, 9, 1085.64, 399.64, 60.90, 48.34, -1, -1, -1
172, 43, 825.71, 912.05, 19.44, 74.06, -1, -1, -1
172, 1, 585.30, 285.78, 54.16, 48.58, -1, -1, -1
172, 57, 885.74, 843.60, 28.51, 33.00, -1, -1, -1
172, 8, 147.91, 132.52, 42.93, 34.51, -1, -1, -1
173, 221, 1544.00, 333.00, 16.00, 20.00, -1, -1, -1
173, 212, 362.00, 391.00, 32.00, 30.00, -1, -1, -1
173, 205, 597.00, 690.00, 21.00, 16.00, -1, -1, -1
173, 207, 1285.00, 546.00, 14.00, 22.00, -1, -1, -1
173, 200, 999.00, 192.00, 16.00, 30.00, -1, -1, -1
173, 139, 1574.00, 926.00, 41.00, 16.00, -1, -1, -1
173, 111, 1318.00, 972.00, 34.00, 17.00, -1, -1, -1
173, 59, 815.00, 794.00, 40.00, 28.00, -1, -1, -1
173, 8, 145.00, 125.00, 44.00, 37.00, -1, -1, -1
173, 2, 1079.96, 123.62, 30.40, 82.16, -1, -1, -1
173, 5, 1074.70, 702.76, 53.26, 47.75, -1, -1, -1
173, 7, 1115.67, 288.16, 27.43, 45.71, -1, -1, -1
173, 9, 1083.14, 398.00, 60.86, 46.77, -1, -1, -1
173, 43, 824.72, 908.93, 19.47, 74.80, -1, -1, -1
173, 1, 585.12, 282.78, 54.44, 48.67, -1, -1, -1
173, 57, 884.75, 839.67, 30.49, 35.31, -1, -1, -1
174, 221, 1544.00, 329.00, 16.00, 20.00, -1, -1, -1
174, 212, 362.00, 391.00, 32.00, 30.00, -1, -1, -1
174, 205, 597.00, 690.00, 21.00, 16.00, -1, -1, -1
174, 207, 1288.00, 540.00, 14.00, 22.00, -1, -1, -1
174, 200, 999.00, 192.00, 16.00, 30.00, -1, -1, -1
174, 139, 1574.00, 926.00, 41.00, 16.00, -1, -1, -1
174, 111, 1318.00, 968.00, 38.00, 20.00, -1, -1, -1
174, 59, 815.00, 787.00, 40.00, 28.00, -1, -1, -1
174, 8, 143.00, 116.00, 47.00, 45.00, -1, -1, -1
174, 2, 1080.70, 123.80, 29.96, 81.80, -1, -1, -1
174, 5, 1073.48, 700.79, 54.69, 48.88, -1, -1, -1
174, 7, 1115.25, 286.03, 28.28, 47.18, -1, -1, -1
174, 9, 1085.55, 389.24, 58.64, 47.71, -1, -1, -1
174, 43, 824.39, 906.38, 19.40, 75.07, -1, -1, -1
174, 1, 584.97, 279.78, 54.71, 48.71, -1, -1, -1
174, 57, 885.36, 838.34, 29.27, 33.85, -1, -1, -1
175, 221, 1546.00, 325.00, 16.00, 20.00, -1, -1, -1
175, 212, 362.00, 391.00, 32.00, 30.00, -1, -1, -1
175, 205, 595.00, 683.00, 21.00, 16.00, -1, -1, -1
175, 207, 1288.00, 540.00, 14.00, 22.00, -1, -1, -1
175, 200, 999.00, 192.00, 16.00, 30.00, -1, -1, -1
175, 139, 1574.00, 926.00, 41.00, 16.00, -1, -1, -1
175, 111, 1318.00, 968.00, 38.00, 20.00, -1, -1, -1
175, 59, 815.00, 787.00, 40.00, 28.00, -1, -1, -1
175, 2, 1081.47, 123.73, 29.75, 82.05, -1, -1, -1
175, 5, 1072.16, 699.83, 55.04, 49.31, -1, -1, -1
175, 7, 1115.33, 287.84, 27.16, 45.51, -1, -1, -1
175, 9, 1087.30, 385.15, 54.87, 45.38, -1, -1, -1
175, 43, 823.60, 901.10, 19.73, 77.13, -1, -1, -1
175, 1, 584.37, 276.28, 55.42, 49.22, -1, -1, -1
175, 57, 885.16, 835.79, 29.67, 34.37, -1, -1, -1
175, 8, 132.11, 101.15, 59.13, 48.84, -1, -1, -1
176, 221, 1548.00, 322.00, 16.00, 20.00, -1, -1, -1
176, 212, 357.00, 387.00, 32.00, 30.00, -1, -1, -1
176, 205, 595.00, 683.00, 21.00, 16.00, -1, -1, -1
176, 207, 1289.00, 537.00, 14.00, 22.00, -1, -1, -1
176, 200, 999.00, 192.00, 16.00, 30.00, -1, -1, -1
176, 139, 1574.00, 926.00, 41.00, 16.00, -1, -1, -1
176, 111, 1318.00, 968.00, 38.00, 20.00, -1, -1, -1
176, 59, 812.00, 785.00, 40.00, 28.00, -1, -1, -1
176, 2, 1081.89, 124.19, 29.40, 81.78, -1, -1, -1
176, 5, 1070.13, 698.01, 56.32, 50.45, -1, -1, -1
176, 7, 1114.89, 288.43, 26.68, 44.61, -1, -1, -1
176, 9, 1087.99, 382.33, 52.38, 44.05, -1, -1, -1
176, 43, 824.06, 898.71, 19.31, 75.94, -1, -1, -1
176, 1, 583.81, 272.85, 56.37, 49.91, -1, -1, -1
176, 57, 884.22, 831.81, 31.57, 36.69, -1, -1, -1
176, 8, 134.28, 98.48, 45.72, 41.52, -1, -1, -1
177, 221, 1550.00, 317.00, 16.00, 20.00, -1, -1, -1
177, 212, 357.00, 387.00, 32.00, 30.00, -1, -1, -1
177, 205, 594.00, 675.00, 21.00, 16.00, -1, -1, -1
177, 207, 1289.00, 537.00, 14.00, 22.00, -1, -1, -1
177, 200, 999.00, 192.00, 16.00, 30.00, -1, -1, -1
177, 139, 1574.00, 926.00, 41.00, 16.00, -1, -1, -1
177, 111, 1318.00, 968.00, 38.00, 20.00, -1, -1, -1
177, 59, 812.00, 785.00, 40.00, 28.00, -1, -1, -1
177, 8, 137.00, 95.00, 43.00, 39.00, -1, -1, -1
177, 2, 1082.09, 124.23, 29.14, 81.69, -1, -1, -1
177, 5, 1069.38, 696.86, 56.81, 50.88, -1, -1, -1
177, 7, 1115.35, 288.65, 26.28, 43.78, -1, -1, -1
177, 9, 1090.73, 378.70, 47.47, 40.53, -1, -1, -1
177, 43, 824.18, 893.50, 19.30, 76.44, -1, -1, -1
177, 1, 584.28, 269.93, 56.35, 49.67, -1, -1, -1
177, 57, 884.34, 828.45, 31.32, 36.46, -1, -1, -1
178, 221, 1549.00, 314.00, 16.00, 20.00, -1, -1, -1
178, 212, 357.00, 387.00, 32.00, 30.00, -1, -1, -1
178, 205, 594.00, 675.00, 21.00, 16.00, -1, -1, -1
178, 207, 1290.00, 532.00, 14.00, 22.00, -1, -1, -1
178, 200, 999.00, 186.00, 16.00, 30.00, -1, -1, -1
178, 139, 1570.00, 925.00, 41.00, 16.00, -1, -1, -1
178, 111, 1318.00, 964.00, 38.00, 20.00, -1, -1, -1
178, 8, 133.00, 87.00, 47.00, 45.00, -1, -1, -1
178, 2, 1082.67, 123.74, 29.00, 81.91, -1, -1, -1
178, 5, 1068.76, 696.70, 55.77, 50.06, -1, -1, -1
178, 7, 1115.22, 287.72, 27.76, 46.00, -1, -1, -1
178, 9, 1091.36, 373.74, 46.39, 40.29, -1, -1, -1
178, 43, 824.27, 890.17, 19.22, 76.62, -1, -1, -1
178, 1, 584.16, 266.47, 56.95, 50.08, -1, -1, -1
178, 57, 883.58, 825.27, 32.85, 38.37, -1, -1, -1
178, 59, 812.00, 785.00, 40.00, 28.00, -1, -1, -1
179, 221, 1552.00, 309.00, 16.00, 20.00, -1, -1, -1
179, 212, 357.00, 387.00, 32.00, 30.00, -1, -1, -1
179, 205, 592.00, 668.00, 21.00, 16.00, -1, -1, -1
179, 207, 1290.00, 532.00, 14.00, 22.00, -1, -1, -1
179, 200, 999.00, 186.00, 16.00, 30.00, -1, -1, -1
179, 139, 1570.00, 925.00, 41.00, 16.00, -1, -1, -1
179, 111, 1318.00, 964.00, 38.00, 20.00, -1, -1, -1
179, 59, 812.00, 785.00, 40.00, 28.00, -1, -1, -1
179, 57, 883.58, 825.27, 32.85, 38.37, -1, -1, -1
179, 8, 129.00, 82.00, 47.00, 45.00, -1, -1, -1
179, 2, 1083.47, 123.92, 28.76, 81.75, -1, -1, -1
179, 5, 1067.59, 697.43, 54.35, 48.74, -1, -1, -1
179, 7, 1115.22, 287.63, 27.24, 44.85, -1, -1, -1
179, 9, 1091.86, 368.70, 45.46, 40.09, -1, -1, -1
179, 43, 824.66, 888.04, 18.48, 73.71, -1, -1, -1
179, 1, 583.77, 262.93, 57.86, 50.72, -1, -1, -1
18, 212, 506.00, 434.00, 34.00, 28.00, -1, -1, -1
18, 210, 1169.00, 28.00, 25.00, 24.00, -1, -1, -1
18, 206, 530.00, 0.00, 19.00, 21.00, -1, -1, -1
18, 203, 351.00, 436.00, 25.00, 25.00, -1, -1, -1
18, 202, 327.00, 476.00, 15.00, 14.00, -1, -1, -1
18, 200, 966.00, 243.00, 14.00, 23.00, -1, -1, -1
18, 17, 969.00, 134.00, 27.00, 27.00, -1, -1, -1
18, 10, 63.00, 519.00, 19.00, 34.00, -1, -1, -1
18, 14, 728.00, 325.00, 37.00, 26.00, -1, -1, -1
18, 1, 749.05, 652.07, 97.87, 61.66, -1, -1, -1
18, 2, 996.90, 76.28, 40.05, 91.82, -1, -1, -1
18, 3, 1443.95, 0.98, 40.06, 50.67, -1, -1, -1
18, 4, 28.95, 161.88, 55.77, 55.63, -1, -1, -1
18, 5, 1264.97, 754.12, 58.04, 49.93, -1, -1, -1
18, 6, 824.06, 425.33, 59.64, 39.78, -1, -1, -1
18, 7, 1150.15, 331.18, 29.43, 43.66, -1, -1, -1
18, 8, 286.49, 840.06, 38.47, 49.83, -1, -1, -1
18, 9, 1030.11, 935.91, 39.86, 45.08, -1, -1, -1
180, 221, 1552.00, 306.00, 16.00, 20.00, -1, -1, -1
180, 212, 357.00, 387.00, 32.00, 30.00, -1, -1, -1
180, 205, 592.00, 668.00, 21.00, 16.00, -1, -1, -1
180, 207, 1294.00, 527.00, 14.00, 22.00, -1, -1, -1
180, 200, 999.00, 186.00, 16.00, 30.00, -1, -1, -1
180, 139, 1570.00, 920.00, 41.00, 16.00, -1, -1, -1
180, 111, 1318.00, 964.00, 38.00, 20.00, -1, -1, -1
180, 59, 813.00, 780.00, 40.00, 28.00, -1, -1, -1
180, 8, 128.00, 74.00, 47.00, 45.00, -1, -1, -1
180, 2, 1083.78, 123.86, 28.61, 81.82, -1, -1, -1
180, 5, 1066.56, 697.49, 53.07, 47.74, -1, -1, -1
180, 7, 1114.58, 285.35, 28.30, 46.40, -1, -1, -1
180, 9, 1091.87, 363.24, 46.44, 41.31, -1, -1, -1
180, 43, 824.83, 884.91, 18.19, 72.58, -1, -1, -1
180, 1, 583.82, 260.34, 57.83, 50.47, -1, -1, -1
180, 57, 882.39, 819.27, 35.23, 41.40, -1, -1, -1
181, 221, 1554.00, 302.00, 16.00, 20.00, -1, -1, -1
181, 212, 353.00, 385.00, 32.00, 30.00, -1, -1, -1
181, 205, 591.00, 660.00, 21.00, 16.00, -1, -1, -1
181, 207, 1294.00, 527.00, 14.00, 22.00, -1, -1, -1
181, 200, 999.00, 186.00, 16.00, 30.00, -1, -1, -1
181, 139, 1570.00, 920.00, 41.00, 16.00, -1, -1, -1
181, 111, 1318.00, 964.00, 38.00, 20.00, -1, -1, -1
181, 8, 125.00, 67.00, 47.00, 45.00, -1, -1, -1
181, 2, 1083.93, 124.33, 28.46, 81.36, -1, -1, -1
181, 5, 1065.99, 697.79, 52.04, 46.87, -1, -1, -1
181, 7, 1113.45, 282.80, 29.53, 48.44, -1, -1, -1
181, 9, 1092.62, 356.53, 47.29, 42.64, -1, -1, -1
181, 43, 824.29, 881.37, 18.30, 73.16, -1, -1, -1
181, 1, 581.61, 257.01, 59.29, 51.60, -1, -1, -1
181, 57, 883.22, 815.78, 34.57, 40.89, -1, -1, -1
181, 59, 813.37, 773.82, 38.26, 28.93, -1, -1, -1
182, 221, 1555.00, 298.00, 16.00, 20.00, -1, -1, -1
182, 212, 353.00, 385.00, 32.00, 30.00, -1, -1, -1
182, 205, 591.00, 660.00, 21.00, 16.00, -1, -1, -1
182, 207, 1294.00, 520.00, 14.00, 22.00, -1, -1, -1
182, 200, 999.00, 186.00, 16.00, 30.00, -1, -1, -1
182, 139, 1570.00, 920.00, 41.00, 16.00, -1, -1, -1
182, 111, 1318.00, 964.00, 38.00, 20.00, -1, -1, -1
182, 59, 814.00, 774.00, 40.00, 28.00, -1, -1, -1
182, 8, 122.00, 57.00, 47.00, 45.00, -1, -1, -1
182, 2, 1084.37, 124.12, 28.59, 81.81, -1, -1, -1
182, 5, 1064.88, 698.42, 50.52, 45.55, -1, -1, -1
182, 7, 1113.53, 283.78, 28.98, 47.28, -1, -1, -1
182, 9, 1093.80, 351.45, 46.80, 42.66, -1, -1, -1
182, 43, 823.99, 876.69, 18.53, 74.37, -1, -1, -1
182, 1, 576.33, 253.40, 61.89, 53.73, -1, -1, -1
182, 57, 885.13, 817.06, 30.11, 35.71, -1, -1, -1
183, 221, 1558.00, 294.00, 16.00, 20.00, -1, -1, -1
183, 212, 353.00, 385.00, 32.00, 30.00, -1, -1, -1
183, 205, 589.00, 653.00, 21.00, 16.00, -1, -1, -1
183, 207, 1294.00, 520.00, 14.00, 22.00, -1, -1, -1
183, 200, 999.00, 186.00, 16.00, 30.00, -1, -1, -1
183, 139, 1570.00, 920.00, 41.00, 16.00, -1, -1, -1
183, 111, 1318.00, 964.00, 38.00, 20.00, -1, -1, -1
183, 8, 118.00, 52.00, 47.00, 45.00, -1, -1, -1
183, 2, 1084.48, 123.80, 28.75, 82.36, -1, -1, -1
183, 5, 1064.33, 698.94, 49.33, 44.56, -1, -1, -1
183, 7, 1112.98, 283.46, 28.95, 47.30, -1, -1, -1
183, 9, 1095.60, 347.99, 43.87, 40.20, -1, -1, -1
183, 43, 823.42, 873.07, 18.58, 74.82, -1, -1, -1
183, 1, 573.02, 250.17, 65.00, 56.48, -1, -1, -1
183, 57, 886.35, 815.68, 28.47, 33.69, -1, -1, -1
183, 59, 813.23, 766.91, 37.22, 28.40, -1, -1, -1
184, 221, 1558.00, 291.00, 16.00, 20.00, -1, -1, -1
184, 212, 353.00, 385.00, 32.00, 30.00, -1, -1, -1
184, 205, 589.00, 653.00, 21.00, 16.00, -1, -1, -1
184, 207, 1293.00, 516.00, 14.00, 22.00, -1, -1, -1
184, 200, 999.00, 186.00, 16.00, 30.00, -1, -1, -1
184, 139, 1570.00, 920.00, 41.00, 16.00, -1, -1, -1
184, 111, 1311.00, 961.00, 38.00, 20.00, -1, -1, -1
184, 60, 1897.00, 767.00, 23.00, 20.00, -1, -1, -1
184, 8, 118.00, 46.00, 47.00, 45.00, -1, -1, -1
184, 2, 1085.06, 124.41, 28.67, 82.19, -1, -1, -1
184, 5, 1062.94, 698.38, 49.33, 44.72, -1, -1, -1
184, 7, 1112.11, 282.11, 29.29, 48.29, -1, -1, -1
184, 9, 1094.93, 342.39, 47.46, 43.33, -1, -1, -1
184, 43, 823.71, 868.86, 18.56, 74.99, -1, -1, -1
184, 1, 569.92, 243.95, 71.33, 63.30, -1, -1, -1
184, 57, 886.74, 814.24, 27.95, 33.02, -1, -1, -1
184, 59, 814.47, 767.90, 33.48, 25.32, -1, -1, -1
185, 221, 1560.00, 287.00, 16.00, 20.00, -1, -1, -1
185, 212, 353.00, 385.00, 32.00, 30.00, -1, -1, -1
185, 205, 588.00, 645.00, 21.00, 16.00, -1, -1, -1
185, 207, 1293.00, 516.00, 14.00, 22.00, -1, -1, -1
185, 200, 999.00, 186.00, 16.00, 30.00, -1, -1, -1
185, 139, 1570.00, 916.00, 41.00, 16.00, -1, -1, -1
185, 111, 1311.00, 961.00, 38.00, 20.00, -1, -1, -1
185, 60, 1897.00, 767.00, 23.00, 20.00, -1, -1, -1
185, 8, 114.00, 38.00, 47.00, 45.00, -1, -1, -1
185, 2, 1084.99, 124.51, 29.19, 83.99, -1, -1, -1
185, 5, 1062.42, 698.44, 48.45, 43.79, -1, -1, -1
185, 7, 1113.00, 288.00, 27.76, 42.52, -1, -1, -1
185, 9, 1097.37, 338.23, 45.30, 41.26, -1, -1, -1
185, 43, 823.22, 863.94, 18.80, 77.03, -1, -1, -1
185, 1, 574.00, 241.00, 66.00, 70.00, -1, -1, -1
185, 57, 887.24, 811.75, 28.08, 32.81, -1, -1, -1
185, 59, 815.53, 765.74, 32.02, 24.23, -1, -1, -1
186, 221, 1560.00, 284.00, 16.00, 20.00, -1, -1, -1
186, 212, 353.00, 385.00, 32.00, 30.00, -1, -1, -1
186, 205, 588.00, 645.00, 21.00, 16.00, -1, -1, -1
186, 207, 1295.00, 511.00, 14.00, 22.00, -1, -1, -1
186, 200, 999.00, 186.00, 16.00, 30.00, -1, -1, -1
186, 139, 1570.00, 916.00, 41.00, 16.00, -1, -1, -1
186, 111, 1311.00, 961.00, 38.00, 20.00, -1, -1, -1
186, 60, 1897.00, 766.00, 23.00, 21.00, -1, -1, -1
186, 59, 814.00, 765.00, 40.00, 28.00, -1, -1, -1
186, 57, 886.00, 806.00, 33.00, 39.00, -1, -1, -1
186, 8, 106.00, 29.00, 51.00, 40.00, -1, -1, -1
186, 2, 1085.19, 124.80, 28.93, 82.82, -1, -1, -1
186, 5, 1061.72, 697.72, 48.21, 43.46, -1, -1, -1
186, 7, 1112.29, 283.80, 28.25, 46.41, -1, -1, -1
186, 9, 1095.72, 338.00, 44.28, 41.11, -1, -1, -1
186, 43, 823.14, 861.22, 18.68, 76.81, -1, -1, -1
186, 1, 582.00, 236.00, 58.00, 76.00, -1, -1, -1
187, 214, 571.00, 624.00, 13.00, 14.00, -1, -1, -1
187, 221, 1563.00, 278.00, 16.00, 20.00, -1, -1, -1
187, 212, 349.00, 383.00, 32.00, 30.00, -1, -1, -1
187, 205, 590.00, 641.00, 21.00, 16.00, -1, -1, -1
187, 207, 1295.00, 511.00, 14.00, 22.00, -1, -1, -1
187, 200, 999.00, 186.00, 16.00, 30.00, -1, -1, -1
187, 139, 1570.00, 916.00, 41.00, 16.00, -1, -1, -1
187, 111, 1311.00, 961.00, 38.00, 20.00, -1, -1, -1
187, 60, 1901.00, 762.00, 19.00, 25.00, -1, -1, -1
187, 8, 108.00, 25.00, 46.00, 38.00, -1, -1, -1
187, 2, 1086.28, 125.15, 28.74, 81.87, -1, -1, -1
187, 5, 1060.30, 696.71, 48.55, 43.85, -1, -1, -1
187, 7, 1112.44, 283.77, 27.89, 45.96, -1, -1, -1
187, 9, 1098.00, 333.00, 45.00, 39.00, -1, -1, -1
187, 43, 823.03, 856.88, 18.81, 77.70, -1, -1, -1
187, 1, 581.00, 236.00, 60.00, 79.00, -1, -1, -1
187, 57, 885.28, 803.50, 30.08, 35.23, -1, -1, -1
187, 59, 813.59, 759.37, 34.93, 26.41, -1, -1, -1
188, 214, 570.00, 622.00, 13.00, 14.00, -1, -1, -1
188, 221, 1565.00, 274.00, 16.00, 20.00, -1, -1, -1
188, 212, 349.00, 383.00, 32.00, 30.00, -1, -1, -1
188, 205, 584.00, 633.00, 21.00, 16.00, -1, -1, -1
188, 207, 1297.00, 505.00, 14.00, 22.00, -1, -1, -1
188, 200, 999.00, 186.00, 16.00, 30.00, -1, -1, -1
188, 139, 1570.00, 916.00, 41.00, 16.00, -1, -1, -1
188, 111, 1309.00, 954.00, 38.00, 20.00, -1, -1, -1
188, 60, 1896.00, 764.00, 24.00, 28.00, -1, -1, -1
188, 8, 104.00, 18.00, 45.00, 37.00, -1, -1, -1
188, 2, 1086.62, 125.02, 28.79, 81.64, -1, -1, -1
188, 5, 1059.02, 695.60, 49.25, 44.51, -1, -1, -1
188, 7, 1112.93, 283.14, 26.93, 44.55, -1, -1, -1
188, 9, 1100.00, 329.00, 43.00, 37.00, -1, -1, -1
188, 43, 823.12, 853.88, 18.60, 77.04, -1, -1, -1
188, 1, 580.00, 238.00, 59.00, 82.00, -1, -1, -1
188, 57, 885.32, 800.90, 30.55, 35.87, -1, -1, -1
188, 59, 813.00, 757.20, 35.92, 26.96, -1, -1, -1
189, 214, 569.00, 619.00, 13.00, 14.00, -1, -1, -1
189, 221, 1564.00, 272.00, 16.00, 20.00, -1, -1, -1
189, 212, 349.00, 383.00, 32.00, 30.00, -1, -1, -1
189, 205, 584.00, 633.00, 21.00, 16.00, -1, -1, -1
189, 207, 1297.00, 505.00, 14.00, 22.00, -1, -1, -1
189, 200, 999.00, 186.00, 16.00, 30.00, -1, -1, -1
189, 139, 1570.00, 916.00, 41.00, 16.00, -1, -1, -1
189, 111, 1309.00, 954.00, 38.00, 20.00, -1, -1, -1
189, 8, 101.00, 11.00, 49.00, 37.00, -1, -1, -1
189, 2, 1086.64, 124.72, 28.99, 81.92, -1, -1, -1
189, 5, 1058.04, 693.72, 50.58, 45.76, -1, -1, -1
189, 9, 1098.00, 321.00, 47.00, 43.00, -1, -1, -1
189, 43, 822.46, 843.99, 19.93, 83.70, -1, -1, -1
189, 1, 577.00, 241.00, 49.00, 86.00, -1, -1, -1
189, 57, 885.29, 799.02, 30.82, 36.10, -1, -1, -1
189, 59, 813.85, 755.25, 34.17, 25.41, -1, -1, -1
189, 60, 1896.00, 759.00, 24.00, 28.80, -1, -1, -1
189, 7, 1111.00, 286.00, 29.00, 42.00, -1, -1, -1
19, 212, 506.00, 434.00, 34.00, 28.00, -1, -1, -1
19, 210, 1171.00, 22.00, 20.00, 27.00, -1, -1, -1
19, 206, 530.00, 0.00, 22.00, 13.00, -1, -1, -1
19, 203, 351.00, 433.00, 25.00, 25.00, -1, -1, -1
19, 202, 325.00, 468.00, 15.00, 14.00, -1, -1, -1
19, 200, 966.00, 243.00, 14.00, 23.00, -1, -1, -1
19, 17, 970.00, 128.00, 27.00, 27.00, -1, -1, -1
19, 14, 727.00, 323.00, 37.00, 26.00, -1, -1, -1
19, 1, 747.40, 649.29, 99.30, 62.53, -1, -1, -1
19, 2, 997.20, 76.32, 39.98, 91.53, -1, -1, -1
19, 3, 1443.11, 1.14, 39.62, 49.80, -1, -1, -1
19, 4, 26.86, 161.10, 56.19, 55.96, -1, -1, -1
19, 5, 1263.56, 753.28, 58.74, 50.60, -1, -1, -1
19, 6, 817.06, 420.07, 65.76, 43.83, -1, -1, -1
19, 7, 1149.85, 331.13, 29.69, 44.03, -1, -1, -1
19, 8, 284.41, 836.78, 40.84, 52.70, -1, -1, -1
19, 9, 1030.90, 933.64, 38.47, 43.30, -1, -1, -1
19, 10, 60.31, 517.42, 18.68, 33.15, -1, -1, -1
190, 214, 570.00, 618.00, 13.00, 14.00, -1, -1, -1
190, 221, 1567.00, 267.00, 16.00, 20.00, -1, -1, -1
190, 212, 347.00, 379.00, 32.00, 30.00, -1, -1, -1
190, 205, 584.00, 629.00, 21.00, 16.00, -1, -1, -1
190, 207, 1298.00, 499.00, 14.00, 22.00, -1, -1, -1
190, 200, 999.00, 186.00, 16.00, 30.00, -1, -1, -1
190, 139, 1570.00, 916.00, 41.00, 16.00, -1, -1, -1
190, 111, 1309.00, 954.00, 38.00, 20.00, -1, -1, -1
190, 8, 97.00, 4.00, 48.00, 37.00, -1, -1, -1
190, 2, 1086.94, 124.48, 29.45, 82.66, -1, -1, -1
190, 5, 1055.90, 691.80, 52.75, 47.71, -1, -1, -1
190, 9, 1100.00, 319.00, 41.00, 38.00, -1, -1, -1
190, 43, 822.50, 840.85, 19.86, 84.23, -1, -1, -1
190, 1, 571.00, 241.00, 49.00, 94.00, -1, -1, -1
190, 57, 884.97, 796.94, 32.54, 38.13, -1, -1, -1
190, 59, 814.71, 752.64, 33.47, 24.78, -1, -1, -1
190, 60, 1896.00, 759.00, 24.00, 28.00, -1, -1, -1
190, 7, 1113.00, 284.00, 30.00, 42.00, -1, -1, -1
191, 214, 569.00, 616.00, 13.00, 14.00, -1, -1, -1
191, 209, 395.00, 550.00, 17.00, 20.00, -1, -1, -1
191, 221, 1568.00, 262.00, 16.00, 20.00, -1, -1, -1
191, 212, 347.00, 379.00, 32.00, 30.00, -1, -1, -1
191, 205, 584.00, 629.00, 21.00, 16.00, -1, -1, -1
191, 207, 1298.00, 499.00, 14.00, 22.00, -1, -1, -1
191, 200, 999.00, 186.00, 16.00, 30.00, -1, -1, -1
191, 139, 1569.00, 911.00, 41.00, 16.00, -1, -1, -1
191, 111, 1309.00, 954.00, 38.00, 20.00, -1, -1, -1
191, 59, 814.00, 753.00, 40.00, 28.00, -1, -1, -1
191, 8, 96.00, 0.00, 45.00, 31.00, -1, -1, -1
191, 9, 1103.00, 315.00, 36.00, 34.00, -1, -1, -1
191, 7, 1113.00, 282.00, 27.00, 46.00, -1, -1, -1
191, 2, 1087.11, 123.15, 30.46, 84.42, -1, -1, -1
191, 5, 1054.39, 689.62, 54.04, 48.93, -1, -1, -1
191, 43, 822.76, 839.81, 19.34, 82.45, -1, -1, -1
191, 1, 567.00, 247.00, 56.00, 97.00, -1, -1, -1
191, 57, 884.86, 793.79, 33.16, 38.89, -1, -1, -1
191, 60, 1892.00, 756.00, 24.55, 33.39, -1, -1, -1
192, 214, 569.00, 615.00, 13.00, 14.00, -1, -1, -1
192, 209, 394.00, 545.00, 17.00, 20.00, -1, -1, -1
192, 221, 1570.00, 259.00, 16.00, 20.00, -1, -1, -1
192, 212, 347.00, 379.00, 32.00, 30.00, -1, -1, -1
192, 205, 582.00, 619.00, 21.00, 16.00, -1, -1, -1
192, 207, 1299.00, 493.00, 14.00, 22.00, -1, -1, -1
192, 200, 999.00, 180.00, 16.00, 30.00, -1, -1, -1
192, 139, 1569.00, 911.00, 41.00, 16.00, -1, -1, -1
192, 111, 1309.00, 954.00, 38.00, 20.00, -1, -1, -1
192, 8, 96.00, 0.00, 43.00, 22.00, -1, -1, -1
192, 7, 1114.00, 281.00, 22.00, 43.00, -1, -1, -1
192, 2, 1087.39, 123.51, 30.39, 83.85, -1, -1, -1
192, 5, 1053.64, 688.08, 54.95, 49.89, -1, -1, -1
192, 43, 823.01, 837.62, 18.87, 80.72, -1, -1, -1
192, 1, 576.00, 256.00, 45.00, 97.00, -1, -1, -1
192, 57, 885.96, 792.66, 30.12, 35.29, -1, -1, -1
192, 9, 1102.00, 312.00, 35.00, 34.00, -1, -1, -1
192, 60, 1891.00, 757.00, 26.00, 28.00, -1, -1, -1
192, 59, 812.91, 746.81, 36.33, 26.86, -1, -1, -1
193, 214, 568.00, 613.00, 13.00, 14.00, -1, -1, -1
193, 209, 391.00, 540.00, 17.00, 20.00, -1, -1, -1
193, 221, 1571.00, 255.00, 16.00, 20.00, -1, -1, -1
193, 212, 347.00, 379.00, 32.00, 30.00, -1, -1, -1
193, 205, 582.00, 619.00, 21.00, 16.00, -1, -1, -1
193, 207, 1299.00, 493.00, 14.00, 22.00, -1, -1, -1
193, 200, 999.00, 180.00, 16.00, 30.00, -1, -1, -1
193, 139, 1569.00, 911.00, 41.00, 16.00, -1, -1, -1
193, 111, 1309.00, 954.00, 38.00, 20.00, -1, -1, -1
193, 7, 1115.00, 286.00, 20.00, 41.00, -1, -1, -1
193, 2, 1087.51, 124.64, 30.31, 82.76, -1, -1, -1
193, 5, 1053.20, 686.54, 55.68, 50.74, -1, -1, -1
193, 43, 823.22, 835.96, 18.46, 79.06, -1, -1, -1
193, 1, 574.00, 260.00, 48.00, 96.00, -1, -1, -1
193, 57, 885.98, 791.40, 28.73, 33.79, -1, -1, -1
193, 9, 1105.00, 306.00, 35.00, 33.00, -1, -1, -1
193, 60, 1891.00, 751.00, 29.00, 33.00, -1, -1, -1
193, 59, 812.02, 744.07, 37.95, 28.02, -1, -1, -1
194, 214, 568.00, 610.00, 13.00, 14.00, -1, -1, -1
194, 209, 390.00, 539.00, 17.00, 20.00, -1, -1, -1
194, 221, 1572.00, 252.00, 16.00, 20.00, -1, -1, -1
194, 212, 347.00, 379.00, 32.00, 30.00, -1, -1, -1
194, 205, 582.00, 611.00, 21.00, 16.00, -1, -1, -1
194, 207, 1302.00, 486.00, 14.00, 22.00, -1, -1, -1
194, 200, 999.00, 180.00, 16.00, 30.00, -1, -1, -1
194, 139, 1569.00, 911.00, 41.00, 16.00, -1, -1, -1
194, 111, 1309.00, 954.00, 38.00, 20.00, -1, -1, -1
194, 2, 1087.81, 124.45, 30.73, 82.84, -1, -1, -1
194, 5, 1052.57, 685.50, 55.98, 51.05, -1, -1, -1
194, 43, 822.61, 832.49, 18.69, 80.41, -1, -1, -1
194, 1, 572.00, 263.00, 49.00, 100.00, -1, -1, -1
194, 57, 884.75, 787.49, 32.72, 38.32, -1, -1, -1
194, 9, 1104.00, 301.00, 37.00, 32.00, -1, -1, -1
194, 60, 1892.00, 747.00, 28.00, 34.00, -1, -1, -1
194, 59, 810.56, 740.67, 40.82, 30.40, -1, -1, -1
194, 7, 1113.00, 287.00, 22.00, 40.00, -1, -1, -1
195, 209, 390.00, 534.00, 17.00, 20.00, -1, -1, -1
195, 221, 1574.00, 247.00, 16.00, 20.00, -1, -1, -1
195, 214, 569.00, 608.00, 13.00, 14.00, -1, -1, -1
195, 212, 347.00, 379.00, 32.00, 30.00, -1, -1, -1
195, 205, 582.00, 611.00, 21.00, 16.00, -1, -1, -1
195, 207, 1302.00, 486.00, 14.00, 22.00, -1, -1, -1
195, 200, 999.00, 180.00, 16.00, 30.00, -1, -1, -1
195, 139, 1569.00, 911.00, 41.00, 16.00, -1, -1, -1
195, 111, 1309.00, 954.00, 38.00, 20.00, -1, -1, -1
195, 60, 1894.00, 753.00, 25.00, 30.00, -1, -1, -1
195, 59, 812.00, 739.00, 41.00, 30.00, -1, -1, -1
195, 9, 1107.00, 295.00, 37.00, 41.00, -1, -1, -1
195, 2, 1088.29, 123.88, 31.11, 83.36, -1, -1, -1
195, 5, 1051.17, 684.40, 56.51, 51.64, -1, -1, -1
195, 43, 822.35, 829.33, 18.87, 80.90, -1, -1, -1
195, 1, 571.00, 271.00, 39.00, 99.00, -1, -1, -1
195, 57, 884.31, 783.71, 32.25, 37.99, -1, -1, -1
195, 7, 1112.00, 286.00, 22.00, 40.00, -1, -1, -1
196, 209, 389.00, 531.00, 17.00, 20.00, -1, -1, -1
196, 221, 1575.00, 243.00, 16.00, 20.00, -1, -1, -1
196, 214, 569.00, 608.00, 13.00, 14.00, -1, -1, -1
196, 212, 347.00, 379.00, 32.00, 30.00, -1, -1, -1
196, 205, 580.00, 603.00, 21.00, 16.00, -1, -1, -1
196, 207, 1302.00, 482.00, 15.00, 26.00, -1, -1, -1
196, 200, 999.00, 180.00, 16.00, 30.00, -1, -1, -1
196, 139, 1569.00, 911.00, 41.00, 16.00, -1, -1, -1
196, 111, 1309.00, 954.00, 38.00, 20.00, -1, -1, -1
196, 74, 1234.00, 325.00, 19.00, 12.00, -1, -1, -1
196, 59, 813.00, 739.00, 41.00, 30.00, -1, -1, -1
196, 57, 886.00, 778.00, 33.00, 39.00, -1, -1, -1
196, 7, 1112.00, 284.00, 24.00, 44.00, -1, -1, -1
196, 2, 1088.64, 124.65, 30.90, 82.57, -1, -1, -1
196, 5, 1050.05, 683.28, 56.95, 52.35, -1, -1, -1
196, 43, 822.65, 825.30, 19.11, 81.08, -1, -1, -1
196, 1, 564.00, 286.00, 45.00, 86.00, -1, -1, -1
196, 9, 1100.00, 289.00, 42.00, 42.00, -1, -1, -1
196, 60, 1889.00, 747.00, 31.00, 32.83, -1, -1, -1
197, 209, 387.00, 527.00, 17.00, 20.00, -1, -1, -1
197, 221, 1576.00, 240.00, 16.00, 20.00, -1, -1, -1
197, 214, 569.00, 608.00, 13.00, 14.00, -1, -1, -1
197, 212, 347.00, 379.00, 32.00, 30.00, -1, -1, -1
197, 205, 580.00, 603.00, 21.00, 16.00, -1, -1, -1
197, 207, 1302.00, 482.00, 15.00, 26.00, -1, -1, -1
197, 200, 999.00, 180.00, 16.00, 30.00, -1, -1, -1
197, 139, 1567.00, 907.00, 41.00, 16.00, -1, -1, -1
197, 111, 1309.00, 949.00, 38.00, 20.00, -1, -1, -1
197, 74, 1234.00, 316.00, 23.00, 15.00, -1, -1, -1
197, 59, 813.00, 739.00, 41.00, 30.00, -1, -1, -1
197, 7, 1112.00, 286.00, 25.00, 41.00, -1, -1, -1
197, 2, 1088.39, 124.82, 31.54, 83.51, -1, -1, -1
197, 5, 1049.78, 682.89, 55.88, 51.63, -1, -1, -1
197, 43, 822.30, 821.93, 19.16, 81.13, -1, -1, -1
197, 1, 567.00, 295.00, 42.00, 85.00, -1, -1, -1
197, 9, 1100.00, 287.00, 46.00, 40.00, -1, -1, -1
197, 60, 1887.00, 749.00, 30.69, 29.97, -1, -1, -1
197, 57, 885.11, 778.51, 31.12, 36.55, -1, -1, -1
198, 209, 387.00, 524.00, 17.00, 20.00, -1, -1, -1
198, 221, 1578.00, 235.00, 16.00, 20.00, -1, -1, -1
198, 214, 569.00, 603.00, 13.00, 14.00, -1, -1, -1
198, 212, 347.00, 379.00, 32.00, 30.00, -1, -1, -1
198, 205, 579.00, 595.00, 21.00, 16.00, -1, -1, -1
198, 207, 1301.00, 475.00, 15.00, 26.00, -1, -1, -1
198, 200, 999.00, 180.00, 16.00, 30.00, -1, -1, -1
198, 139, 1567.00, 907.00, 41.00, 16.00, -1, -1, -1
198, 111, 1309.00, 949.00, 38.00, 20.00, -1, -1, -1
198, 74, 1234.00, 316.00, 23.00, 15.00, -1, -1, -1
198, 7, 1111.00, 282.00, 24.00, 47.00, -1, -1, -1
198, 2, 1088.92, 125.25, 31.50, 82.50, -1, -1, -1
198, 5, 1049.24, 682.29, 55.44, 51.33, -1, -1, -1
198, 43, 821.74, 817.82, 19.05, 81.14, -1, -1, -1
198, 1, 568.00, 300.00, 42.00, 89.00, -1, -1, -1
198, 9, 1102.00, 276.00, 43.00, 41.00, -1, -1, -1
198, 60, 1886.00, 743.00, 32.03, 33.42, -1, -1, -1
198, 57, 886.05, 776.70, 29.35, 34.05, -1, -1, -1
198, 59, 812.89, 732.48, 33.51, 24.88, -1, -1, -1
199, 209, 387.00, 520.00, 17.00, 20.00, -1, -1, -1
199, 221, 1580.00, 231.00, 16.00, 20.00, -1, -1, -1
199, 214, 569.00, 603.00, 13.00, 14.00, -1, -1, -1
199, 212, 341.00, 374.00, 32.00, 30.00, -1, -1, -1
199, 205, 579.00, 595.00, 21.00, 16.00, -1, -1, -1
199, 207, 1301.00, 475.00, 15.00, 26.00, -1, -1, -1
199, 200, 999.00, 180.00, 16.00, 30.00, -1, -1, -1
199, 139, 1567.00, 907.00, 41.00, 16.00, -1, -1, -1
199, 111, 1309.00, 949.00, 38.00, 20.00, -1, -1, -1
199, 74, 1234.00, 312.00, 23.00, 15.00, -1, -1, -1
199, 2, 1089.22, 124.05, 32.24, 83.48, -1, -1, -1
199, 5, 1047.88, 682.10, 55.66, 51.70, -1, -1, -1
199, 43, 821.56, 813.92, 18.96, 81.14, -1, -1, -1
199, 1, 571.00, 308.02, 40.00, 84.98, -1, -1, -1
199, 9, 1111.00, 268.00, 39.00, 40.00, -1, -1, -1
199, 60, 1881.00, 744.00, 34.51, 31.10, -1, -1, -1
199, 57, 885.59, 772.04, 31.33, 36.28, -1, -1, -1
199, 59, 813.86, 730.15, 33.51, 24.65, -1, -1, -1
199, 7, 1109.95, 282.68, 28.57, 45.13, -1, -1, -1
2, 212, 518.00, 446.00, 32.00, 24.00, -1, -1, -1
2, 210, 1156.00, 130.00, 25.00, 24.00, -1, -1, -1
2, 206, 537.00, 40.00, 22.00, 28.00, -1, -1, -1
2, 203, 369.00, 472.00, 15.00, 24.00, -1, -1, -1
2, 202, 344.00, 527.00, 15.00, 14.00, -1, -1, -1
2, 200, 966.00, 248.00, 12.00, 20.00, -1, -1, -1
2, 17, 971.00, 182.00, 21.00, 23.00, -1, -1, -1
2, 14, 730.00, 374.00, 41.00, 29.00, -1, -1, -1
2, 1, 771.17, 680.87, 96.06, 61.50, -1, -1, -1
2, 2, 987.11, 78.22, 40.07, 89.96, -1, -1, -1
2, 3, 1442.58, 0.88, 49.23, 66.00, -1, -1, -1
2, 4, 59.49, 170.51, 55.52, 56.10, -1, -1, -1
2, 5, 1283.49, 759.25, 58.61, 51.59, -1, -1, -1
2, 6, 836.01, 496.35, 50.18, 36.09, -1, -1, -1
2, 7, 1154.54, 332.07, 32.42, 44.80, -1, -1, -1
2, 8, 303.79, 875.00, 35.47, 47.80, -1, -1, -1
2, 9, 1028.21, 975.40, 34.18, 38.80, -1, -1, -1
2, 10, 73.47, 524.30, 19.12, 33.65, -1, -1, -1
20, 212, 506.00, 434.00, 34.00, 28.00, -1, -1, -1
20, 210, 1169.00, 15.00, 25.00, 24.00, -1, -1, -1
20, 203, 351.00, 433.00, 25.00, 25.00, -1, -1, -1
20, 202, 325.00, 468.00, 15.00, 14.00, -1, -1, -1
20, 200, 969.00, 243.00, 14.00, 23.00, -1, -1, -1
20, 17, 970.00, 128.00, 27.00, 27.00, -1, -1, -1
20, 1, 747.60, 648.81, 97.06, 60.88, -1, -1, -1
20, 2, 997.93, 76.53, 39.67, 90.91, -1, -1, -1
20, 3, 1442.81, 0.88, 39.46, 49.31, -1, -1, -1
20, 4, 25.34, 160.40, 56.11, 55.90, -1, -1, -1
20, 5, 1263.09, 753.48, 57.98, 49.86, -1, -1, -1
20, 6, 818.21, 415.55, 69.36, 45.73, -1, -1, -1
20, 7, 1149.96, 331.36, 29.36, 43.42, -1, -1, -1
20, 8, 284.36, 836.10, 37.88, 48.88, -1, -1, -1
20, 9, 1029.47, 929.41, 43.37, 48.54, -1, -1, -1
20, 10, 59.68, 516.84, 18.57, 33.03, -1, -1, -1
20, 14, 726.06, 315.52, 38.92, 25.47, -1, -1, -1
200, 209, 384.00, 518.00, 17.00, 20.00, -1, -1, -1
200, 221, 1581.00, 227.00, 16.00, 20.00, -1, -1, -1
200, 214, 567.00, 597.00, 14.00, 13.00, -1, -1, -1
200, 212, 341.00, 374.00, 32.00, 30.00, -1, -1, -1
200, 205, 577.00, 588.00, 21.00, 16.00, -1, -1, -1
200, 207, 1305.00, 465.00, 15.00, 26.00, -1, -1, -1
200, 200, 999.00, 180.00, 16.00, 30.00, -1, -1, -1
200, 139, 1564.00, 903.00, 41.00, 16.00, -1, -1, -1
200, 111, 1309.00, 949.00, 38.00, 20.00, -1, -1, -1
200, 74, 1234.00, 303.00, 23.00, 15.00, -1, -1, -1
200, 2, 1089.36, 124.21, 32.46, 83.48, -1, -1, -1
200, 5, 1046.73, 681.57, 56.09, 52.32, -1, -1, -1
200, 43, 821.65, 811.10, 18.61, 79.15, -1, -1, -1
200, 1, 567.66, 319.75, 46.26, 77.43, -1, -1, -1
200, 9, 1111.00, 263.00, 40.00, 40.00, -1, -1, -1
200, 60, 1878.00, 744.00, 36.95, 30.36, -1, -1, -1
200, 57, 885.06, 768.47, 32.77, 38.01, -1, -1, -1
200, 59, 813.53, 727.87, 33.65, 24.57, -1, -1, -1
200, 7, 1110.42, 284.78, 26.51, 41.89, -1, -1, -1
201, 221, 1583.00, 223.00, 16.00, 20.00, -1, -1, -1
201, 214, 567.00, 597.00, 14.00, 13.00, -1, -1, -1
201, 212, 341.00, 374.00, 32.00, 30.00, -1, -1, -1
201, 205, 577.00, 588.00, 21.00, 16.00, -1, -1, -1
201, 209, 384.00, 514.00, 17.00, 20.00, -1, -1, -1
201, 207, 1305.00, 465.00, 15.00, 26.00, -1, -1, -1
201, 200, 999.00, 180.00, 16.00, 30.00, -1, -1, -1
201, 139, 1564.00, 903.00, 41.00, 16.00, -1, -1, -1
201, 111, 1309.00, 947.00, 31.00, 22.00, -1, -1, -1
201, 74, 1234.00, 303.00, 23.00, 15.00, -1, -1, -1
201, 2, 1089.85, 124.40, 32.61, 83.35, -1, -1, -1
201, 5, 1045.91, 680.91, 56.11, 52.55, -1, -1, -1
201, 43, 821.59, 808.19, 18.69, 78.38, -1, -1, -1
201, 1, 569.59, 325.67, 43.49, 74.87, -1, -1, -1
201, 9, 1111.00, 261.00, 40.00, 38.00, -1, -1, -1
201, 60, 1874.00, 741.00, 40.73, 32.72, -1, -1, -1
201, 57, 885.73, 766.22, 31.57, 36.74, -1, -1, -1
201, 59, 811.79, 724.34, 35.93, 26.07, -1, -1, -1
201, 7, 1110.34, 284.33, 26.28, 42.09, -1, -1, -1
202, 221, 1584.00, 218.00, 16.00, 20.00, -1, -1, -1
202, 214, 567.00, 597.00, 14.00, 13.00, -1, -1, -1
202, 212, 334.00, 381.00, 32.00, 30.00, -1, -1, -1
202, 205, 576.00, 579.00, 21.00, 16.00, -1, -1, -1
202, 209, 383.00, 509.00, 17.00, 20.00, -1, -1, -1
202, 207, 1305.00, 465.00, 15.00, 26.00, -1, -1, -1
202, 200, 999.00, 180.00, 16.00, 30.00, -1, -1, -1
202, 139, 1564.00, 903.00, 41.00, 16.00, -1, -1, -1
202, 111, 1309.00, 947.00, 31.00, 22.00, -1, -1, -1
202, 74, 1234.00, 303.00, 23.00, 15.00, -1, -1, -1
202, 2, 1090.60, 126.33, 31.52, 80.82, -1, -1, -1
202, 5, 1044.77, 679.70, 55.85, 52.62, -1, -1, -1
202, 43, 820.98, 803.75, 18.91, 79.09, -1, -1, -1
202, 1, 570.24, 328.84, 42.07, 74.54, -1, -1, -1
202, 9, 1108.00, 253.00, 42.00, 40.00, -1, -1, -1
202, 60, 1880.00, 739.00, 35.16, 33.59, -1, -1, -1
202, 57, 886.01, 764.50, 31.04, 36.23, -1, -1, -1
202, 59, 810.45, 720.65, 39.16, 28.59, -1, -1, -1
202, 7, 1109.33, 283.55, 26.17, 42.42, -1, -1, -1
203, 221, 1586.00, 214.00, 16.00, 20.00, -1, -1, -1
203, 214, 566.00, 593.00, 14.00, 13.00, -1, -1, -1
203, 212, 334.00, 381.00, 32.00, 30.00, -1, -1, -1
203, 205, 576.00, 579.00, 21.00, 16.00, -1, -1, -1
203, 209, 382.00, 508.00, 17.00, 20.00, -1, -1, -1
203, 207, 1305.00, 465.00, 15.00, 26.00, -1, -1, -1
203, 200, 999.00, 180.00, 16.00, 30.00, -1, -1, -1
203, 139, 1564.00, 903.00, 41.00, 16.00, -1, -1, -1
203, 111, 1309.00, 947.00, 31.00, 22.00, -1, -1, -1
203, 74, 1234.00, 298.00, 23.00, 15.00, -1, -1, -1
203, 2, 1090.79, 125.81, 32.24, 81.74, -1, -1, -1
203, 5, 1044.16, 680.26, 54.22, 51.16, -1, -1, -1
203, 43, 820.64, 799.73, 19.22, 80.35, -1, -1, -1
203, 1, 569.84, 331.85, 41.81, 74.98, -1, -1, -1
203, 60, 1878.00, 738.00, 37.00, 34.00, -1, -1, -1
203, 9, 1114.00, 247.00, 39.00, 35.00, -1, -1, -1
203, 57, 886.01, 762.46, 30.07, 35.04, -1, -1, -1
203, 59, 810.08, 718.58, 39.16, 28.59, -1, -1, -1
203, 7, 1108.48, 282.26, 27.09, 44.05, -1, -1, -1
204, 221, 1587.00, 210.00, 16.00, 20.00, -1, -1, -1
204, 214, 566.00, 593.00, 14.00, 13.00, -1, -1, -1
204, 212, 334.00, 381.00, 32.00, 30.00, -1, -1, -1
204, 205, 574.00, 572.00, 23.00, 18.00, -1, -1, -1
204, 209, 382.00, 505.00, 17.00, 20.00, -1, -1, -1
204, 207, 1306.00, 459.00, 15.00, 26.00, -1, -1, -1
204, 200, 999.00, 180.00, 16.00, 30.00, -1, -1, -1
204, 139, 1564.00, 903.00, 41.00, 16.00, -1, -1, -1
204, 111, 1309.00, 947.00, 31.00, 22.00, -1, -1, -1
204, 74, 1234.00, 298.00, 23.00, 15.00, -1, -1, -1
204, 2, 1091.39, 126.85, 31.43, 79.98, -1, -1, -1
204, 5, 1042.70, 679.52, 54.13, 51.09, -1, -1, -1
204, 43, 820.51, 795.38, 19.35, 80.82, -1, -1, -1
204, 1, 569.90, 335.05, 40.84, 74.18, -1, -1, -1
204, 60, 1871.00, 738.00, 44.00, 32.56, -1, -1, -1
204, 9, 1117.00, 240.00, 41.54, 37.32, -1, -1, -1
204, 57, 884.97, 759.30, 30.76, 35.61, -1, -1, -1
204, 59, 810.10, 716.17, 38.83, 28.58, -1, -1, -1
204, 7, 1107.37, 280.80, 29.05, 46.63, -1, -1, -1
205, 221, 1589.00, 206.00, 16.00, 20.00, -1, -1, -1
205, 214, 566.00, 593.00, 14.00, 13.00, -1, -1, -1
205, 212, 334.00, 381.00, 32.00, 30.00, -1, -1, -1
205, 71, 444.00, 471.00, 26.00, 25.00, -1, -1, -1
205, 205, 574.00, 572.00, 23.00, 18.00, -1, -1, -1
205, 209, 378.00, 501.00, 17.00, 20.00, -1, -1, -1
205, 207, 1306.00, 459.00, 15.00, 26.00, -1, -1, -1
205, 200, 999.00, 180.00, 16.00, 30.00, -1, -1, -1
205, 139, 1564.00, 900.00, 41.00, 16.00, -1, -1, -1
205, 111, 1309.00, 947.00, 31.00, 22.00, -1, -1, -1
205, 74, 1234.00, 292.00, 25.00, 18.00, -1, -1, -1
205, 2, 1091.55, 126.49, 31.22, 80.19, -1, -1, -1
205, 5, 1041.34, 678.77, 53.81, 51.05, -1, -1, -1
205, 43, 820.57, 791.89, 19.20, 80.01, -1, -1, -1
205, 1, 570.90, 340.34, 38.54, 70.38, -1, -1, -1
205, 60, 1878.00, 737.00, 36.52, 33.19, -1, -1, -1
205, 9, 1118.00, 235.00, 37.00, 38.00, -1, -1, -1
205, 57, 885.17, 755.74, 30.83, 35.82, -1, -1, -1
205, 59, 810.19, 713.38, 38.54, 28.57, -1, -1, -1
205, 7, 1107.56, 280.73, 28.59, 46.15, -1, -1, -1
206, 221, 1590.00, 200.00, 16.00, 20.00, -1, -1, -1
206, 214, 564.00, 588.00, 14.00, 13.00, -1, -1, -1
206, 212, 334.00, 381.00, 32.00, 30.00, -1, -1, -1
206, 71, 444.00, 471.00, 26.00, 25.00, -1, -1, -1
206, 205, 573.00, 563.00, 23.00, 18.00, -1, -1, -1
206, 209, 379.00, 499.00, 17.00, 20.00, -1, -1, -1
206, 207, 1307.00, 454.00, 15.00, 26.00, -1, -1, -1
206, 200, 1001.00, 178.00, 16.00, 30.00, -1, -1, -1
206, 139, 1564.00, 900.00, 41.00, 16.00, -1, -1, -1
206, 111, 1306.00, 940.00, 34.00, 24.00, -1, -1, -1
206, 74, 1235.00, 286.00, 25.00, 18.00, -1, -1, -1
206, 2, 1091.76, 126.35, 30.82, 79.78, -1, -1, -1
206, 5, 1040.41, 679.01, 52.64, 50.05, -1, -1, -1
206, 43, 819.92, 787.74, 19.51, 80.69, -1, -1, -1
206, 1, 571.18, 344.89, 36.89, 67.48, -1, -1, -1
206, 60, 1875.00, 732.00, 40.41, 37.63, -1, -1, -1
206, 9, 1109.81, 230.00, 43.19, 37.95, -1, -1, -1
206, 57, 884.77, 752.51, 31.83, 36.90, -1, -1, -1
206, 59, 809.31, 709.46, 40.29, 30.04, -1, -1, -1
206, 7, 1107.53, 280.97, 27.65, 44.96, -1, -1, -1
207, 221, 1592.00, 196.00, 16.00, 20.00, -1, -1, -1
207, 214, 564.00, 588.00, 14.00, 13.00, -1, -1, -1
207, 212, 334.00, 381.00, 32.00, 30.00, -1, -1, -1
207, 71, 444.00, 471.00, 26.00, 25.00, -1, -1, -1
207, 205, 573.00, 563.00, 23.00, 18.00, -1, -1, -1
207, 209, 377.00, 494.00, 17.00, 20.00, -1, -1, -1
207, 207, 1307.00, 454.00, 15.00, 26.00, -1, -1, -1
207, 200, 1001.00, 178.00, 16.00, 30.00, -1, -1, -1
207, 139, 1564.00, 900.00, 41.00, 16.00, -1, -1, -1
207, 111, 1306.00, 940.00, 34.00, 24.00, -1, -1, -1
207, 74, 1235.00, 286.00, 25.00, 18.00, -1, -1, -1
207, 2, 1092.02, 126.66, 30.28, 79.26, -1, -1, -1
207, 5, 1038.66, 677.13, 54.08, 51.66, -1, -1, -1
207, 43, 819.61, 782.85, 19.76, 81.93, -1, -1, -1
207, 1, 571.56, 349.80, 34.72, 64.05, -1, -1, -1
207, 60, 1875.00, 736.00, 40.25, 31.98, -1, -1, -1
207, 9, 1110.73, 224.00, 43.27, 38.96, -1, -1, -1
207, 57, 885.45, 750.40, 31.52, 36.33, -1, -1, -1
207, 59, 807.87, 706.59, 42.17, 32.04, -1, -1, -1
207, 7, 1107.46, 280.33, 27.45, 45.00, -1, -1, -1
208, 221, 1595.00, 191.00, 16.00, 20.00, -1, -1, -1
208, 214, 564.00, 588.00, 14.00, 13.00, -1, -1, -1
208, 212, 332.00, 376.00, 32.00, 30.00, -1, -1, -1
208, 71, 439.00, 467.00, 26.00, 25.00, -1, -1, -1
208, 205, 571.00, 555.00, 23.00, 18.00, -1, -1, -1
208, 209, 377.00, 488.00, 17.00, 20.00, -1, -1, -1
208, 207, 1309.00, 448.00, 15.00, 26.00, -1, -1, -1
208, 200, 1001.00, 178.00, 16.00, 30.00, -1, -1, -1
208, 139, 1561.00, 898.00, 38.00, 16.00, -1, -1, -1
208, 111, 1306.00, 940.00, 34.00, 24.00, -1, -1, -1
208, 74, 1236.00, 281.00, 25.00, 18.00, -1, -1, -1
208, 2, 1093.03, 125.90, 30.23, 80.07, -1, -1, -1
208, 5, 1037.77, 676.95, 54.17, 51.77, -1, -1, -1
208, 43, 819.62, 779.66, 19.64, 81.41, -1, -1, -1
208, 1, 572.01, 353.29, 33.35, 61.74, -1, -1, -1
208, 60, 1875.00, 735.00, 39.91, 31.94, -1, -1, -1
208, 9, 1112.33, 219.00, 42.67, 36.74, -1, -1, -1
208, 57, 885.61, 748.72, 30.62, 35.11, -1, -1, -1
208, 59, 808.83, 703.16, 40.85, 31.37, -1, -1, -1
208, 7, 1107.21, 280.59, 26.85, 44.52, -1, -1, -1
209, 221, 1595.00, 189.00, 16.00, 20.00, -1, -1, -1
209, 214, 563.00, 579.00, 16.00, 17.00, -1, -1, -1
209, 212, 332.00, 376.00, 32.00, 30.00, -1, -1, -1
209, 71, 439.00, 467.00, 26.00, 25.00, -1, -1, -1
209, 205, 571.00, 555.00, 23.00, 18.00, -1, -1, -1
209, 209, 377.00, 487.00, 17.00, 20.00, -1, -1, -1
209, 207, 1309.00, 448.00, 15.00, 26.00, -1, -1, -1
209, 200, 1001.00, 178.00, 16.00, 30.00, -1, -1, -1
209, 139, 1561.00, 898.00, 38.00, 16.00, -1, -1, -1
209, 111, 1306.00, 940.00, 34.00, 24.00, -1, -1, -1
209, 74, 1236.00, 281.00, 25.00, 18.00, -1, -1, -1
209, 2, 1093.51, 125.74, 29.98, 80.26, -1, -1, -1
209, 5, 1037.85, 676.66, 53.46, 51.31, -1, -1, -1
209, 43, 819.35, 774.64, 20.13, 83.18, -1, -1, -1
209, 1, 573.07, 358.22, 31.09, 57.38, -1, -1, -1
209, 60, 1868.00, 732.00, 45.53, 33.62, -1, -1, -1
209, 9, 1114.00, 211.00, 47.00, 39.00, -1, -1, -1
209, 57, 885.76, 744.70, 31.10, 35.65, -1, -1, -1
209, 59, 810.97, 702.66, 36.82, 28.14, -1, -1, -1
209, 7, 1107.00, 279.96, 26.87, 44.83, -1, -1, -1
21, 212, 506.00, 434.00, 34.00, 28.00, -1, -1, -1
21, 210, 1172.00, 8.00, 22.00, 28.00, -1, -1, -1
21, 203, 347.00, 426.00, 25.00, 25.00, -1, -1, -1
21, 202, 323.00, 465.00, 15.00, 14.00, -1, -1, -1
21, 200, 969.00, 243.00, 14.00, 23.00, -1, -1, -1
21, 17, 969.00, 119.00, 27.00, 27.00, -1, -1, -1
21, 10, 61.00, 518.00, 19.00, 34.00, -1, -1, -1
21, 1, 746.24, 646.71, 97.70, 61.24, -1, -1, -1
21, 2, 998.53, 76.36, 39.84, 91.18, -1, -1, -1
21, 3, 1441.68, 0.88, 39.43, 48.97, -1, -1, -1
21, 4, 23.40, 160.03, 56.16, 55.88, -1, -1, -1
21, 5, 1262.51, 753.07, 57.60, 49.58, -1, -1, -1
21, 6, 819.12, 411.04, 70.96, 45.99, -1, -1, -1
21, 7, 1149.56, 331.20, 29.14, 42.95, -1, -1, -1
21, 8, 283.28, 835.00, 36.69, 47.30, -1, -1, -1
21, 9, 1030.28, 928.80, 40.60, 44.76, -1, -1, -1
21, 14, 726.16, 313.11, 38.42, 25.31, -1, -1, -1
210, 221, 1597.00, 184.00, 16.00, 20.00, -1, -1, -1
210, 214, 563.00, 579.00, 16.00, 17.00, -1, -1, -1
210, 212, 332.00, 376.00, 32.00, 30.00, -1, -1, -1
210, 71, 435.00, 461.00, 26.00, 25.00, -1, -1, -1
210, 205, 569.00, 546.00, 23.00, 18.00, -1, -1, -1
210, 209, 373.00, 483.00, 17.00, 20.00, -1, -1, -1
210, 207, 1311.00, 442.00, 15.00, 26.00, -1, -1, -1
210, 200, 1001.00, 178.00, 16.00, 30.00, -1, -1, -1
210, 139, 1561.00, 898.00, 38.00, 16.00, -1, -1, -1
210, 111, 1306.00, 940.00, 34.00, 24.00, -1, -1, -1
210, 65, 1199.00, 1055.00, 29.00, 24.00, -1, -1, -1
210, 74, 1239.00, 274.00, 25.00, 18.00, -1, -1, -1
210, 2, 1093.74, 125.30, 29.76, 80.46, -1, -1, -1
210, 5, 1036.94, 676.83, 52.18, 50.13, -1, -1, -1
210, 43, 819.34, 770.41, 20.15, 82.85, -1, -1, -1
210, 1, 574.78, 363.67, 28.21, 51.71, -1, -1, -1
210, 60, 1872.00, 731.00, 46.00, 33.00, -1, -1, -1
210, 9, 1115.15, 205.00, 48.85, 39.47, -1, -1, -1
210, 57, 886.25, 742.81, 30.41, 34.87, -1, -1, -1
210, 59, 810.78, 699.86, 37.31, 28.38, -1, -1, -1
210, 7, 1106.98, 279.48, 26.80, 44.95, -1, -1, -1
211, 221, 1598.00, 179.00, 16.00, 20.00, -1, -1, -1
211, 214, 563.00, 579.00, 16.00, 17.00, -1, -1, -1
211, 212, 332.00, 376.00, 32.00, 30.00, -1, -1, -1
211, 71, 435.00, 461.00, 26.00, 25.00, -1, -1, -1
211, 205, 569.00, 546.00, 23.00, 18.00, -1, -1, -1
211, 209, 371.00, 479.00, 17.00, 20.00, -1, -1, -1
211, 207, 1311.00, 442.00, 15.00, 26.00, -1, -1, -1
211, 200, 1001.00, 178.00, 16.00, 30.00, -1, -1, -1
211, 139, 1560.00, 895.00, 38.00, 16.00, -1, -1, -1
211, 111, 1306.00, 940.00, 34.00, 24.00, -1, -1, -1
211, 65, 1199.00, 1055.00, 29.00, 24.00, -1, -1, -1
211, 74, 1239.00, 274.00, 25.00, 18.00, -1, -1, -1
211, 2, 1093.95, 125.26, 29.40, 80.17, -1, -1, -1
211, 5, 1035.71, 675.67, 52.56, 50.69, -1, -1, -1
211, 43, 818.72, 765.50, 20.41, 83.70, -1, -1, -1
211, 1, 576.11, 367.70, 26.30, 47.74, -1, -1, -1
211, 60, 1867.00, 729.00, 48.51, 34.72, -1, -1, -1
211, 9, 1114.85, 198.00, 50.16, 39.11, -1, -1, -1
211, 57, 886.95, 741.22, 29.10, 33.57, -1, -1, -1
211, 59, 810.40, 697.17, 38.12, 28.96, -1, -1, -1
211, 7, 1107.02, 278.94, 26.69, 44.99, -1, -1, -1
212, 221, 1600.00, 175.00, 16.00, 20.00, -1, -1, -1
212, 214, 564.00, 573.00, 16.00, 17.00, -1, -1, -1
212, 212, 332.00, 376.00, 32.00, 30.00, -1, -1, -1
212, 71, 435.00, 461.00, 26.00, 25.00, -1, -1, -1
212, 205, 566.00, 538.00, 23.00, 18.00, -1, -1, -1
212, 209, 372.00, 475.00, 17.00, 20.00, -1, -1, -1
212, 207, 1311.00, 436.00, 15.00, 26.00, -1, -1, -1
212, 200, 1001.00, 178.00, 16.00, 30.00, -1, -1, -1
212, 139, 1560.00, 895.00, 38.00, 16.00, -1, -1, -1
212, 111, 1306.00, 940.00, 34.00, 24.00, -1, -1, -1
212, 65, 1199.00, 1050.00, 29.00, 29.00, -1, -1, -1
212, 74, 1239.00, 268.00, 25.00, 18.00, -1, -1, -1
212, 57, 888.00, 734.00, 33.00, 39.00, -1, -1, -1
212, 2, 1094.08, 125.24, 29.13, 80.06, -1, -1, -1
212, 5, 1034.93, 676.01, 51.43, 49.90, -1, -1, -1
212, 43, 817.99, 761.81, 20.54, 84.01, -1, -1, -1
212, 1, 576.55, 369.22, 25.69, 46.16, -1, -1, -1
212, 60, 1869.00, 729.00, 47.44, 33.10, -1, -1, -1
212, 9, 1121.00, 190.00, 44.43, 40.06, -1, -1, -1
212, 59, 811.21, 694.77, 36.51, 27.70, -1, -1, -1
212, 7, 1107.21, 278.62, 26.31, 44.76, -1, -1, -1
213, 221, 1601.00, 172.00, 16.00, 20.00, -1, -1, -1
213, 214, 564.00, 573.00, 16.00, 17.00, -1, -1, -1
213, 212, 325.00, 376.00, 32.00, 30.00, -1, -1, -1
213, 205, 566.00, 538.00, 23.00, 18.00, -1, -1, -1
213, 209, 371.00, 474.00, 17.00, 20.00, -1, -1, -1
213, 207, 1311.00, 436.00, 15.00, 26.00, -1, -1, -1
213, 200, 1001.00, 178.00, 16.00, 30.00, -1, -1, -1
213, 139, 1560.00, 895.00, 38.00, 16.00, -1, -1, -1
213, 111, 1306.00, 940.00, 34.00, 24.00, -1, -1, -1
213, 71, 433.00, 454.00, 26.00, 25.00, -1, -1, -1
213, 65, 1199.00, 1050.00, 29.00, 29.00, -1, -1, -1
213, 74, 1239.00, 268.00, 25.00, 18.00, -1, -1, -1
213, 2, 1094.06, 124.74, 29.15, 80.77, -1, -1, -1
213, 5, 1033.90, 675.41, 51.56, 50.11, -1, -1, -1
213, 43, 817.91, 758.59, 20.20, 82.15, -1, -1, -1
213, 1, 576.51, 369.96, 25.87, 46.15, -1, -1, -1
213, 60, 1866.00, 724.00, 49.00, 37.00, -1, -1, -1
213, 9, 1120.00, 187.00, 43.00, 38.00, -1, -1, -1
213, 59, 810.52, 692.23, 35.90, 27.21, -1, -1, -1
213, 7, 1107.30, 278.02, 26.16, 44.92, -1, -1, -1
213, 57, 885.18, 731.66, 32.68, 37.79, -1, -1, -1
214, 221, 1603.00, 166.00, 16.00, 20.00, -1, -1, -1
214, 214, 564.00, 573.00, 16.00, 17.00, -1, -1, -1
214, 212, 325.00, 376.00, 32.00, 30.00, -1, -1, -1
214, 205, 564.00, 530.00, 23.00, 18.00, -1, -1, -1
214, 209, 370.00, 468.00, 17.00, 20.00, -1, -1, -1
214, 207, 1312.00, 430.00, 15.00, 26.00, -1, -1, -1
214, 200, 1001.00, 178.00, 16.00, 30.00, -1, -1, -1
214, 139, 1560.00, 895.00, 38.00, 16.00, -1, -1, -1
214, 111, 1298.00, 939.00, 34.00, 24.00, -1, -1, -1
214, 71, 433.00, 454.00, 26.00, 25.00, -1, -1, -1
214, 74, 1239.00, 265.00, 25.00, 18.00, -1, -1, -1
214, 2, 1094.63, 124.80, 28.99, 80.92, -1, -1, -1
214, 5, 1032.66, 674.71, 51.43, 50.18, -1, -1, -1
214, 43, 817.66, 754.55, 20.54, 83.41, -1, -1, -1
214, 1, 577.10, 370.61, 25.78, 45.70, -1, -1, -1
214, 60, 1865.00, 725.00, 50.00, 35.00, -1, -1, -1
214, 9, 1124.00, 182.00, 39.00, 36.39, -1, -1, -1
214, 59, 810.19, 688.38, 37.83, 28.54, -1, -1, -1
214, 7, 1107.46, 277.93, 25.86, 44.73, -1, -1, -1
214, 65, 1203.32, 1046.40, 28.76, 28.80, -1, -1, -1
214, 57, 885.16, 728.82, 32.74, 37.79, -1, -1, -1
215, 221, 1605.00, 162.00, 16.00, 20.00, -1, -1, -1
215, 214, 561.00, 567.00, 16.00, 17.00, -1, -1, -1
215, 212, 325.00, 376.00, 32.00, 30.00, -1, -1, -1
215, 205, 564.00, 530.00, 23.00, 18.00, -1, -1, -1
215, 209, 369.00, 466.00, 17.00, 20.00, -1, -1, -1
215, 207, 1312.00, 430.00, 15.00, 26.00, -1, -1, -1
215, 200, 1001.00, 178.00, 16.00, 30.00, -1, -1, -1
215, 139, 1560.00, 895.00, 38.00, 16.00, -1, -1, -1
215, 111, 1298.00, 939.00, 34.00, 24.00, -1, -1, -1
215, 71, 430.00, 443.00, 29.00, 32.00, -1, -1, -1
215, 74, 1240.00, 259.00, 25.00, 18.00, -1, -1, -1
215, 2, 1095.46, 125.45, 28.67, 80.48, -1, -1, -1
215, 5, 1031.50, 673.73, 51.85, 50.71, -1, -1, -1
215, 43, 817.66, 750.70, 20.48, 82.89, -1, -1, -1
215, 1, 577.75, 371.98, 25.38, 44.61, -1, -1, -1
215, 60, 1866.00, 726.00, 54.00, 33.00, -1, -1, -1
215, 9, 1123.00, 174.00, 40.00, 38.68, -1, -1, -1
215, 59, 809.88, 685.80, 37.94, 28.53, -1, -1, -1
215, 7, 1106.95, 277.54, 25.91, 44.91, -1, -1, -1
215, 65, 1201.98, 1042.18, 31.92, 32.08, -1, -1, -1
215, 57, 885.58, 726.87, 31.90, 36.78, -1, -1, -1
216, 221, 1606.00, 158.00, 16.00, 20.00, -1, -1, -1
216, 214, 561.00, 567.00, 16.00, 17.00, -1, -1, -1
216, 212, 325.00, 376.00, 32.00, 30.00, -1, -1, -1
216, 205, 563.00, 520.00, 23.00, 18.00, -1, -1, -1
216, 209, 367.00, 462.00, 17.00, 20.00, -1, -1, -1
216, 207, 1312.00, 422.00, 15.00, 26.00, -1, -1, -1
216, 200, 1001.00, 178.00, 16.00, 30.00, -1, -1, -1
216, 139, 1559.00, 892.00, 38.00, 16.00, -1, -1, -1
216, 111, 1298.00, 939.00, 34.00, 24.00, -1, -1, -1
216, 72, 662.34, 1053.00, 24.66, 25.95, -1, -1, -1
216, 71, 430.00, 443.00, 29.00, 32.00, -1, -1, -1
216, 74, 1240.00, 259.00, 25.00, 18.00, -1, -1, -1
216, 65, 1204.00, 1042.00, 27.00, 28.00, -1, -1, -1
216, 2, 1095.86, 125.20, 28.35, 80.44, -1, -1, -1
216, 5, 1031.71, 673.37, 50.79, 49.92, -1, -1, -1
216, 43, 817.55, 746.43, 20.69, 83.67, -1, -1, -1
216, 1, 578.19, 372.85, 25.33, 44.31, -1, -1, -1
216, 60, 1866.00, 723.00, 54.00, 35.00, -1, -1, -1
216, 9, 1124.00, 167.00, 41.00, 39.04, -1, -1, -1
216, 59, 810.23, 681.71, 40.01, 30.01, -1, -1, -1
216, 7, 1106.60, 276.29, 26.27, 45.72, -1, -1, -1
216, 57, 885.81, 724.77, 31.42, 36.37, -1, -1, -1
217, 221, 1608.00, 153.00, 16.00, 20.00, -1, -1, -1
217, 214, 559.00, 564.00, 16.00, 17.00, -1, -1, -1
217, 212, 323.00, 371.00, 32.00, 30.00, -1, -1, -1
217, 205, 563.00, 520.00, 23.00, 18.00, -1, -1, -1
217, 209, 365.00, 456.00, 17.00, 20.00, -1, -1, -1
217, 207, 1312.00, 422.00, 15.00, 26.00, -1, -1, -1
217, 200, 1001.00, 173.00, 16.00, 30.00, -1, -1, -1
217, 139, 1558.00, 893.00, 38.00, 16.00, -1, -1, -1
217, 111, 1298.00, 939.00, 34.00, 24.00, -1, -1, -1
217, 72, 662.34, 1045.00, 23.66, 33.95, -1, -1, -1
217, 71, 427.00, 437.00, 29.00, 32.00, -1, -1, -1
217, 74, 1240.00, 254.00, 25.00, 18.00, -1, -1, -1
217, 65, 1204.00, 1042.00, 27.00, 28.00, -1, -1, -1
217, 2, 1096.19, 125.97, 27.84, 79.18, -1, -1, -1
217, 5, 1030.33, 672.27, 51.41, 50.62, -1, -1, -1
217, 43, 817.37, 741.99, 21.07, 83.96, -1, -1, -1
217, 1, 579.38, 374.08, 24.78, 43.24, -1, -1, -1
217, 60, 1865.00, 718.00, 53.00, 39.00, -1, -1, -1
217, 9, 1121.00, 162.00, 46.00, 38.68, -1, -1, -1
217, 59, 810.88, 680.24, 37.81, 28.13, -1, -1, -1
217, 7, 1106.19, 276.44, 25.99, 45.28, -1, -1, -1
217, 57, 885.12, 718.65, 33.80, 39.18, -1, -1, -1
218, 221, 1609.00, 149.00, 16.00, 20.00, -1, -1, -1
218, 214, 559.00, 564.00, 16.00, 17.00, -1, -1, -1
218, 212, 323.00, 371.00, 32.00, 30.00, -1, -1, -1
218, 205, 562.00, 512.00, 23.00, 18.00, -1, -1, -1
218, 209, 365.00, 454.00, 17.00, 20.00, -1, -1, -1
218, 207, 1315.00, 419.00, 15.00, 26.00, -1, -1, -1
218, 200, 1001.00, 178.00, 16.00, 30.00, -1, -1, -1
218, 139, 1557.00, 890.00, 38.00, 16.00, -1, -1, -1
218, 111, 1298.00, 939.00, 34.00, 24.00, -1, -1, -1
218, 72, 662.34, 1045.00, 23.66, 33.95, -1, -1, -1
218, 71, 427.00, 437.00, 29.00, 32.00, -1, -1, -1
218, 74, 1240.00, 254.00, 25.00, 18.00, -1, -1, -1
218, 65, 1204.00, 1042.00, 27.00, 28.00, -1, -1, -1
218, 2, 1096.15, 125.14, 27.95, 79.83, -1, -1, -1
218, 5, 1029.45, 672.37, 50.45, 49.89, -1, -1, -1
218, 43, 816.91, 738.48, 21.02, 83.08, -1, -1, -1
218, 1, 581.37, 377.50, 22.99, 39.85, -1, -1, -1
218, 60, 1862.14, 712.12, 51.26, 43.87, -1, -1, -1
218, 9, 1122.36, 154.00, 45.64, 40.66, -1, -1, -1
218, 59, 810.72, 678.35, 36.75, 27.37, -1, -1, -1
218, 7, 1106.05, 276.02, 25.86, 45.11, -1, -1, -1
218, 57, 885.24, 717.37, 32.95, 38.29, -1, -1, -1
219, 221, 1612.00, 144.00, 16.00, 20.00, -1, -1, -1
219, 214, 559.00, 564.00, 16.00, 17.00, -1, -1, -1
219, 212, 323.00, 371.00, 32.00, 30.00, -1, -1, -1
219, 205, 562.00, 512.00, 23.00, 18.00, -1, -1, -1
219, 209, 365.00, 451.00, 17.00, 20.00, -1, -1, -1
219, 207, 1315.00, 419.00, 15.00, 26.00, -1, -1, -1
219, 200, 1001.00, 175.00, 16.00, 26.00, -1, -1, -1
219, 139, 1557.00, 890.00, 38.00, 16.00, -1, -1, -1
219, 111, 1298.00, 939.00, 34.00, 24.00, -1, -1, -1
219, 72, 662.34, 1039.00, 23.66, 39.95, -1, -1, -1
219, 71, 427.00, 437.00, 29.00, 32.00, -1, -1, -1
219, 74, 1238.00, 248.00, 31.00, 19.00, -1, -1, -1
219, 65, 1205.00, 1035.00, 27.00, 28.00, -1, -1, -1
219, 2, 1096.91, 126.07, 27.42, 78.84, -1, -1, -1
219, 5, 1029.22, 671.94, 49.97, 49.61, -1, -1, -1
219, 43, 816.17, 734.34, 21.16, 83.72, -1, -1, -1
219, 1, 581.67, 377.53, 23.14, 39.77, -1, -1, -1
219, 60, 1859.60, 709.52, 54.83, 46.07, -1, -1, -1
219, 9, 1125.00, 151.00, 43.00, 38.00, -1, -1, -1
219, 59, 808.57, 673.98, 39.54, 29.60, -1, -1, -1
219, 7, 1106.09, 275.63, 25.65, 45.05, -1, -1, -1
219, 57, 886.23, 715.58, 32.68, 37.90, -1, -1, -1
22, 212, 503.00, 433.00, 34.00, 28.00, -1, -1, -1
22, 210, 1172.00, 1.00, 25.00, 24.00, -1, -1, -1
22, 203, 347.00, 426.00, 25.00, 25.00, -1, -1, -1
22, 202, 321.00, 458.00, 18.00, 18.00, -1, -1, -1
22, 200, 969.00, 243.00, 14.00, 23.00, -1, -1, -1
22, 17, 969.00, 119.00, 27.00, 27.00, -1, -1, -1
22, 1, 743.94, 644.50, 99.37, 62.38, -1, -1, -1
22, 2, 998.86, 76.36, 39.66, 90.90, -1, -1, -1
22, 3, 1441.42, 0.75, 39.14, 48.25, -1, -1, -1
22, 4, 21.33, 159.66, 55.90, 55.62, -1, -1, -1
22, 5, 1261.85, 753.42, 56.44, 48.48, -1, -1, -1
22, 6, 818.27, 406.53, 63.27, 40.67, -1, -1, -1
22, 7, 1148.96, 330.39, 29.99, 44.27, -1, -1, -1
22, 8, 282.48, 834.67, 35.64, 45.72, -1, -1, -1
22, 9, 1029.79, 925.79, 39.01, 43.07, -1, -1, -1
22, 14, 727.20, 310.32, 37.23, 24.50, -1, -1, -1
22, 10, 58.32, 516.30, 18.20, 32.41, -1, -1, -1
220, 221, 1612.00, 139.00, 16.00, 20.00, -1, -1, -1
220, 214, 558.00, 557.00, 16.00, 17.00, -1, -1, -1
220, 212, 323.00, 371.00, 32.00, 30.00, -1, -1, -1
220, 205, 561.00, 506.00, 23.00, 18.00, -1, -1, -1
220, 209, 364.00, 448.00, 17.00, 20.00, -1, -1, -1
220, 207, 1317.00, 413.00, 15.00, 26.00, -1, -1, -1
220, 200, 1001.00, 175.00, 16.00, 26.00, -1, -1, -1
220, 139, 1557.00, 890.00, 38.00, 16.00, -1, -1, -1
220, 111, 1298.00, 939.00, 34.00, 24.00, -1, -1, -1
220, 72, 662.34, 1033.00, 21.66, 45.95, -1, -1, -1
220, 71, 424.00, 431.00, 29.00, 32.00, -1, -1, -1
220, 74, 1238.00, 248.00, 31.00, 19.00, -1, -1, -1
220, 65, 1205.00, 1035.00, 27.00, 28.00, -1, -1, -1
220, 2, 1097.28, 126.55, 27.05, 78.22, -1, -1, -1
220, 5, 1027.80, 670.80, 50.55, 50.50, -1, -1, -1
220, 43, 815.65, 728.97, 21.70, 84.95, -1, -1, -1
220, 1, 582.67, 379.03, 22.41, 38.24, -1, -1, -1
220, 60, 1858.65, 708.58, 56.22, 46.38, -1, -1, -1
220, 9, 1125.36, 142.00, 43.64, 41.33, -1, -1, -1
220, 59, 808.07, 671.70, 40.01, 29.92, -1, -1, -1
220, 7, 1105.90, 275.50, 26.00, 45.52, -1, -1, -1
220, 57, 883.83, 708.85, 37.14, 43.66, -1, -1, -1
221, 221, 1616.00, 134.00, 16.00, 20.00, -1, -1, -1
221, 214, 558.00, 557.00, 16.00, 17.00, -1, -1, -1
221, 212, 323.00, 371.00, 32.00, 30.00, -1, -1, -1
221, 205, 561.00, 506.00, 23.00, 18.00, -1, -1, -1
221, 209, 363.00, 443.00, 17.00, 20.00, -1, -1, -1
221, 207, 1317.00, 413.00, 15.00, 26.00, -1, -1, -1
221, 200, 1001.00, 175.00, 16.00, 26.00, -1, -1, -1
221, 139, 1557.00, 890.00, 38.00, 16.00, -1, -1, -1
221, 111, 1298.00, 939.00, 34.00, 24.00, -1, -1, -1
221, 72, 662.34, 1033.00, 21.66, 45.95, -1, -1, -1
221, 71, 424.00, 431.00, 29.00, 32.00, -1, -1, -1
221, 74, 1239.00, 242.00, 31.00, 19.00, -1, -1, -1
221, 65, 1205.00, 1035.00, 27.00, 28.00, -1, -1, -1
221, 2, 1098.01, 126.72, 26.69, 77.99, -1, -1, -1
221, 5, 1027.32, 670.89, 49.75, 49.85, -1, -1, -1
221, 43, 815.41, 725.11, 22.02, 85.41, -1, -1, -1
221, 1, 583.34, 380.24, 21.49, 36.21, -1, -1, -1
221, 60, 1856.42, 705.82, 58.57, 47.49, -1, -1, -1
221, 9, 1125.80, 138.00, 43.20, 40.50, -1, -1, -1
221, 59, 809.69, 669.95, 37.54, 28.08, -1, -1, -1
221, 7, 1106.19, 275.46, 25.42, 44.70, -1, -1, -1
221, 57, 884.08, 707.29, 35.60, 42.02, -1, -1, -1
222, 221, 1617.00, 129.00, 16.00, 20.00, -1, -1, -1
222, 214, 557.00, 552.00, 16.00, 17.00, -1, -1, -1
222, 212, 323.00, 371.00, 32.00, 30.00, -1, -1, -1
222, 205, 559.00, 497.00, 23.00, 18.00, -1, -1, -1
222, 209, 361.00, 440.00, 17.00, 20.00, -1, -1, -1
222, 207, 1318.00, 407.00, 15.00, 26.00, -1, -1, -1
222, 200, 1001.00, 175.00, 16.00, 26.00, -1, -1, -1
222, 139, 1557.00, 890.00, 38.00, 16.00, -1, -1, -1
222, 111, 1298.00, 939.00, 34.00, 24.00, -1, -1, -1
222, 72, 662.34, 1033.00, 21.66, 45.95, -1, -1, -1
222, 65, 1207.00, 1030.00, 27.00, 28.00, -1, -1, -1
222, 71, 418.05, 423.75, 33.74, 34.50, -1, -1, -1
222, 2, 1098.60, 129.15, 25.89, 75.68, -1, -1, -1
222, 5, 1026.65, 669.96, 49.51, 49.60, -1, -1, -1
222, 43, 815.34, 721.33, 22.10, 85.57, -1, -1, -1
222, 1, 584.32, 380.83, 20.68, 34.53, -1, -1, -1
222, 60, 1854.81, 703.83, 61.03, 48.88, -1, -1, -1
222, 9, 1125.36, 132.00, 41.64, 39.02, -1, -1, -1
222, 59, 808.62, 666.93, 37.99, 28.36, -1, -1, -1
222, 7, 1105.58, 275.47, 25.66, 44.89, -1, -1, -1
222, 57, 883.35, 704.94, 36.59, 43.70, -1, -1, -1
222, 74, 1236.77, 235.54, 37.47, 22.28, -1, -1, -1
223, 222, 838.00, 1063.00, 16.00, 17.00, -1, -1, -1
223, 221, 1619.00, 125.00, 16.00, 20.00, -1, -1, -1
223, 214, 557.00, 552.00, 16.00, 17.00, -1, -1, -1
223, 212, 323.00, 371.00, 32.00, 30.00, -1, -1, -1
223, 205, 559.00, 497.00, 23.00, 18.00, -1, -1, -1
223, 209, 360.00, 436.00, 17.00, 20.00, -1, -1, -1
223, 207, 1318.00, 407.00, 15.00, 26.00, -1, -1, -1
223, 200, 1001.00, 175.00, 16.00, 26.00, -1, -1, -1
223, 139, 1557.00, 890.00, 38.00, 16.00, -1, -1, -1
223, 111, 1298.00, 939.00, 34.00, 24.00, -1, -1, -1
223, 72, 662.34, 1026.00, 21.66, 52.95, -1, -1, -1
223, 74, 1239.00, 230.00, 33.00, 26.00, -1, -1, -1
223, 65, 1210.00, 1027.00, 27.00, 28.00, -1, -1, -1
223, 1, 584.32, 380.83, 20.68, 34.53, -1, -1, -1
223, 2, 1098.47, 128.67, 26.29, 76.70, -1, -1, -1
223, 5, 1026.21, 669.63, 48.86, 49.01, -1, -1, -1
223, 43, 815.24, 717.09, 22.30, 85.62, -1, -1, -1
223, 60, 1853.92, 704.08, 60.61, 47.46, -1, -1, -1
223, 9, 1126.00, 128.00, 43.00, 38.00, -1, -1, -1
223, 59, 808.21, 663.41, 39.20, 29.45, -1, -1, -1
223, 7, 1105.46, 275.10, 25.55, 44.71, -1, -1, -1
223, 57, 884.06, 702.42, 35.00, 41.91, -1, -1, -1
223, 71, 418.05, 423.75, 33.74, 34.50, -1, -1, -1
224, 222, 837.00, 1051.00, 16.00, 28.00, -1, -1, -1
224, 221, 1620.00, 121.00, 16.00, 20.00, -1, -1, -1
224, 214, 555.00, 546.00, 16.00, 17.00, -1, -1, -1
224, 212, 323.00, 371.00, 32.00, 30.00, -1, -1, -1
224, 205, 555.00, 488.00, 23.00, 18.00, -1, -1, -1
224, 209, 360.00, 433.00, 17.00, 20.00, -1, -1, -1
224, 207, 1320.00, 397.00, 15.00, 26.00, -1, -1, -1
224, 200, 1001.00, 175.00, 16.00, 26.00, -1, -1, -1
224, 139, 1557.00, 885.00, 38.00, 19.00, -1, -1, -1
224, 111, 1297.00, 934.00, 34.00, 24.00, -1, -1, -1
224, 92, 1100.00, 774.00, 18.00, 52.00, -1, -1, -1
224, 72, 662.34, 1026.00, 21.66, 52.95, -1, -1, -1
224, 74, 1239.00, 230.00, 33.00, 26.00, -1, -1, -1
224, 65, 1210.00, 1021.00, 27.00, 28.00, -1, -1, -1
224, 71, 418.05, 423.75, 33.74, 34.50, -1, -1, -1
224, 1, 584.32, 380.83, 20.68, 34.53, -1, -1, -1
224, 2, 1098.34, 128.24, 26.57, 77.46, -1, -1, -1
224, 5, 1024.97, 668.78, 49.86, 50.29, -1, -1, -1
224, 43, 814.56, 712.18, 22.69, 86.62, -1, -1, -1
224, 60, 1852.49, 702.03, 62.69, 48.37, -1, -1, -1
224, 9, 1126.00, 121.00, 44.00, 39.00, -1, -1, -1
224, 59, 807.15, 659.73, 40.49, 30.34, -1, -1, -1
224, 7, 1105.54, 274.98, 25.27, 44.15, -1, -1, -1
224, 57, 884.58, 700.12, 33.88, 40.16, -1, -1, -1
225, 222, 837.00, 1041.00, 16.00, 38.00, -1, -1, -1
225, 221, 1622.00, 116.00, 14.00, 20.00, -1, -1, -1
225, 214, 555.00, 546.00, 16.00, 17.00, -1, -1, -1
225, 212, 323.00, 371.00, 32.00, 30.00, -1, -1, -1
225, 205, 555.00, 488.00, 23.00, 18.00, -1, -1, -1
225, 209, 357.00, 428.00, 17.00, 20.00, -1, -1, -1
225, 207, 1320.00, 397.00, 15.00, 26.00, -1, -1, -1
225, 200, 1001.00, 175.00, 16.00, 26.00, -1, -1, -1
225, 139, 1557.00, 885.00, 38.00, 19.00, -1, -1, -1
225, 111, 1297.00, 934.00, 34.00, 24.00, -1, -1, -1
225, 92, 1100.00, 774.00, 18.00, 52.00, -1, -1, -1
225, 74, 1239.00, 225.00, 33.00, 26.00, -1, -1, -1
225, 71, 418.05, 423.75, 33.74, 34.50, -1, -1, -1
225, 1, 584.32, 380.83, 20.68, 34.53, -1, -1, -1
225, 2, 1098.71, 127.95, 26.81, 78.13, -1, -1, -1
225, 5, 1024.39, 668.72, 48.55, 49.29, -1, -1, -1
225, 43, 814.72, 707.51, 23.01, 87.48, -1, -1, -1
225, 60, 1852.53, 701.54, 62.35, 47.23, -1, -1, -1
225, 9, 1127.00, 116.00, 42.00, 39.00, -1, -1, -1
225, 59, 807.56, 657.19, 40.34, 30.19, -1, -1, -1
225, 7, 1105.32, 275.57, 24.68, 43.19, -1, -1, -1
225, 57, 883.62, 695.88, 35.77, 42.48, -1, -1, -1
225, 72, 662.34, 1019.85, 22.32, 59.10, -1, -1, -1
225, 65, 1210.00, 1021.00, 27.00, 28.00, -1, -1, -1
226, 222, 834.00, 1026.00, 18.00, 52.00, -1, -1, -1
226, 221, 1622.00, 112.00, 16.00, 20.00, -1, -1, -1
226, 214, 555.00, 546.00, 16.00, 17.00, -1, -1, -1
226, 212, 318.00, 368.00, 32.00, 30.00, -1, -1, -1
226, 205, 556.00, 478.00, 23.00, 18.00, -1, -1, -1
226, 209, 358.00, 425.00, 17.00, 20.00, -1, -1, -1
226, 207, 1320.00, 397.00, 15.00, 26.00, -1, -1, -1
226, 200, 1001.00, 175.00, 16.00, 26.00, -1, -1, -1
226, 139, 1557.00, 885.00, 38.00, 19.00, -1, -1, -1
226, 111, 1297.00, 934.00, 34.00, 24.00, -1, -1, -1
226, 92, 1100.00, 774.00, 18.00, 52.00, -1, -1, -1
226, 74, 1239.00, 225.00, 33.00, 26.00, -1, -1, -1
226, 65, 1211.00, 1019.00, 24.00, 27.00, -1, -1, -1
226, 1, 584.32, 380.83, 20.68, 34.53, -1, -1, -1
226, 2, 1099.28, 127.45, 27.01, 78.76, -1, -1, -1
226, 5, 1022.95, 667.73, 48.59, 49.40, -1, -1, -1
226, 43, 814.25, 703.42, 23.21, 87.30, -1, -1, -1
226, 60, 1852.86, 701.42, 61.66, 45.79, -1, -1, -1
226, 9, 1126.45, 107.00, 45.55, 40.51, -1, -1, -1
226, 59, 808.00, 656.08, 37.76, 28.16, -1, -1, -1
226, 7, 1105.14, 275.30, 24.68, 43.34, -1, -1, -1
226, 57, 884.33, 693.41, 34.34, 40.41, -1, -1, -1
226, 72, 660.10, 1015.43, 23.40, 62.04, -1, -1, -1
226, 71, 415.67, 414.51, 34.38, 35.21, -1, -1, -1
227, 222, 835.00, 1014.00, 18.00, 52.00, -1, -1, -1
227, 221, 1626.00, 107.00, 16.00, 20.00, -1, -1, -1
227, 214, 554.00, 542.00, 16.00, 17.00, -1, -1, -1
227, 212, 318.00, 368.00, 32.00, 30.00, -1, -1, -1
227, 205, 556.00, 478.00, 23.00, 18.00, -1, -1, -1
227, 209, 357.00, 422.00, 17.00, 20.00, -1, -1, -1
227, 207, 1321.00, 390.00, 15.00, 26.00, -1, -1, -1
227, 200, 1001.00, 175.00, 16.00, 26.00, -1, -1, -1
227, 139, 1557.00, 885.00, 38.00, 19.00, -1, -1, -1
227, 111, 1297.00, 934.00, 34.00, 24.00, -1, -1, -1
227, 92, 1100.00, 774.00, 18.00, 52.00, -1, -1, -1
227, 74, 1239.00, 218.00, 33.00, 26.00, -1, -1, -1
227, 65, 1212.00, 1017.00, 24.00, 27.00, -1, -1, -1
227, 71, 416.00, 417.00, 33.00, 35.00, -1, -1, -1
227, 2, 1099.64, 127.76, 26.79, 78.01, -1, -1, -1
227, 5, 1021.96, 666.89, 48.56, 49.45, -1, -1, -1
227, 43, 813.91, 698.58, 23.64, 88.20, -1, -1, -1
227, 60, 1850.98, 700.43, 63.45, 46.24, -1, -1, -1
227, 9, 1129.00, 103.00, 44.00, 39.00, -1, -1, -1
227, 59, 807.93, 652.29, 39.29, 29.39, -1, -1, -1
227, 7, 1105.03, 274.95, 24.78, 43.40, -1, -1, -1
227, 57, 884.21, 692.62, 32.57, 38.55, -1, -1, -1
227, 72, 660.09, 1013.30, 24.47, 65.34, -1, -1, -1
227, 1, 588.00, 383.00, 18.00, 30.00, -1, -1, -1
228, 222, 833.00, 1004.00, 18.00, 52.00, -1, -1, -1
228, 221, 1627.00, 102.00, 16.00, 20.00, -1, -1, -1
228, 214, 554.00, 542.00, 16.00, 17.00, -1, -1, -1
228, 212, 318.00, 368.00, 32.00, 30.00, -1, -1, -1
228, 205, 552.00, 471.00, 23.00, 18.00, -1, -1, -1
228, 209, 355.00, 418.00, 17.00, 20.00, -1, -1, -1
228, 207, 1321.00, 390.00, 15.00, 26.00, -1, -1, -1
228, 200, 1001.00, 175.00, 16.00, 26.00, -1, -1, -1
228, 139, 1557.00, 885.00, 38.00, 19.00, -1, -1, -1
228, 111, 1297.00, 934.00, 34.00, 24.00, -1, -1, -1
228, 92, 1100.00, 774.00, 18.00, 52.00, -1, -1, -1
228, 74, 1239.00, 218.00, 33.00, 26.00, -1, -1, -1
228, 65, 1213.00, 1014.00, 24.00, 27.00, -1, -1, -1
228, 1, 588.00, 383.00, 18.00, 30.00, -1, -1, -1
228, 2, 1100.82, 128.49, 26.57, 77.23, -1, -1, -1
228, 5, 1020.52, 665.11, 49.78, 50.95, -1, -1, -1
228, 43, 813.73, 693.94, 23.90, 88.53, -1, -1, -1
228, 60, 1848.86, 699.10, 65.03, 46.41, -1, -1, -1
228, 9, 1128.49, 94.00, 43.51, 40.31, -1, -1, -1
228, 59, 807.94, 649.50, 39.77, 29.82, -1, -1, -1
228, 7, 1104.42, 272.84, 25.98, 45.41, -1, -1, -1
228, 57, 883.98, 687.92, 34.31, 40.87, -1, -1, -1
228, 72, 659.26, 1010.54, 25.49, 68.54, -1, -1, -1
228, 71, 410.23, 405.10, 39.66, 40.98, -1, -1, -1
229, 222, 834.00, 991.00, 18.00, 52.00, -1, -1, -1
229, 221, 1629.00, 98.00, 16.00, 20.00, -1, -1, -1
229, 214, 552.00, 533.00, 17.00, 21.00, -1, -1, -1
229, 212, 318.00, 368.00, 32.00, 30.00, -1, -1, -1
229, 205, 552.00, 471.00, 23.00, 18.00, -1, -1, -1
229, 209, 353.00, 413.00, 17.00, 20.00, -1, -1, -1
229, 207, 1321.00, 390.00, 15.00, 26.00, -1, -1, -1
229, 200, 1001.00, 175.00, 16.00, 26.00, -1, -1, -1
229, 139, 1559.00, 880.00, 38.00, 19.00, -1, -1, -1
229, 111, 1293.00, 927.00, 34.00, 24.00, -1, -1, -1
229, 92, 1100.00, 774.00, 18.00, 52.00, -1, -1, -1
229, 74, 1239.00, 214.00, 33.00, 26.00, -1, -1, -1
229, 71, 413.00, 406.00, 37.00, 41.00, -1, -1, -1
229, 1, 588.00, 383.00, 18.00, 30.00, -1, -1, -1
229, 2, 1100.69, 126.27, 27.62, 79.68, -1, -1, -1
229, 5, 1019.17, 664.45, 49.96, 51.03, -1, -1, -1
229, 43, 813.01, 689.38, 24.34, 89.14, -1, -1, -1
229, 60, 1848.60, 699.14, 64.58, 44.99, -1, -1, -1
229, 9, 1128.40, 92.00, 42.60, 37.12, -1, -1, -1
229, 59, 808.26, 646.81, 39.33, 29.49, -1, -1, -1
229, 7, 1104.11, 272.31, 26.58, 46.16, -1, -1, -1
229, 57, 884.71, 687.24, 31.37, 37.32, -1, -1, -1
229, 72, 658.84, 1008.09, 25.63, 69.59, -1, -1, -1
229, 65, 1212.60, 1008.64, 29.03, 30.13, -1, -1, -1
23, 212, 503.00, 433.00, 34.00, 28.00, -1, -1, -1
23, 210, 1174.00, 1.00, 20.00, 21.00, -1, -1, -1
23, 203, 347.00, 426.00, 25.00, 25.00, -1, -1, -1
23, 202, 321.00, 458.00, 18.00, 18.00, -1, -1, -1
23, 200, 969.00, 243.00, 14.00, 23.00, -1, -1, -1
23, 17, 969.00, 119.00, 27.00, 27.00, -1, -1, -1
23, 10, 59.00, 518.00, 19.00, 34.00, -1, -1, -1
23, 1, 741.27, 642.00, 100.73, 63.30, -1, -1, -1
23, 2, 999.26, 75.93, 39.98, 91.54, -1, -1, -1
23, 3, 1441.66, 0.67, 38.41, 47.26, -1, -1, -1
23, 4, 19.60, 159.48, 55.49, 55.09, -1, -1, -1
23, 5, 1260.61, 753.07, 56.07, 48.08, -1, -1, -1
23, 6, 817.10, 401.51, 72.22, 45.72, -1, -1, -1
23, 7, 1148.83, 329.85, 30.14, 44.51, -1, -1, -1
23, 8, 282.80, 832.61, 33.60, 43.12, -1, -1, -1
23, 9, 1030.55, 924.76, 38.52, 42.43, -1, -1, -1
23, 14, 727.04, 306.66, 37.43, 24.69, -1, -1, -1
230, 222, 833.00, 980.00, 18.00, 52.00, -1, -1, -1
230, 221, 1630.00, 94.00, 16.00, 20.00, -1, -1, -1
230, 214, 552.00, 533.00, 17.00, 21.00, -1, -1, -1
230, 212, 318.00, 368.00, 32.00, 30.00, -1, -1, -1
230, 205, 550.00, 461.00, 23.00, 18.00, -1, -1, -1
230, 209, 351.00, 410.00, 17.00, 20.00, -1, -1, -1
230, 207, 1323.00, 381.00, 15.00, 26.00, -1, -1, -1
230, 200, 1001.00, 175.00, 16.00, 26.00, -1, -1, -1
230, 139, 1559.00, 880.00, 38.00, 19.00, -1, -1, -1
230, 111, 1293.00, 927.00, 34.00, 24.00, -1, -1, -1
230, 92, 1100.00, 774.00, 18.00, 52.00, -1, -1, -1
230, 74, 1238.64, 205.84, 40.01, 25.95, -1, -1, -1
230, 65, 1214.00, 1009.00, 24.00, 27.00, -1, -1, -1
230, 71, 413.00, 406.00, 37.00, 41.00, -1, -1, -1
230, 1, 588.00, 383.00, 18.00, 30.00, -1, -1, -1
230, 2, 1100.72, 125.69, 27.82, 80.10, -1, -1, -1
230, 5, 1018.66, 664.24, 50.08, 51.05, -1, -1, -1
230, 43, 812.57, 683.86, 24.85, 90.83, -1, -1, -1
230, 60, 1848.46, 698.71, 64.58, 43.94, -1, -1, -1
230, 9, 1129.59, 86.00, 46.41, 37.54, -1, -1, -1
230, 59, 809.44, 646.16, 36.05, 26.88, -1, -1, -1
230, 7, 1104.52, 272.98, 25.78, 44.73, -1, -1, -1
230, 57, 885.14, 683.39, 31.94, 37.90, -1, -1, -1
230, 72, 657.59, 1004.23, 26.35, 71.89, -1, -1, -1
231, 222, 833.00, 970.00, 18.00, 52.00, -1, -1, -1
231, 221, 1632.00, 88.00, 16.00, 20.00, -1, -1, -1
231, 87, 1391.00, 388.00, 17.00, 19.00, -1, -1, -1
231, 214, 552.00, 533.00, 17.00, 21.00, -1, -1, -1
231, 212, 318.00, 368.00, 32.00, 30.00, -1, -1, -1
231, 205, 550.00, 461.00, 23.00, 18.00, -1, -1, -1
231, 209, 351.00, 406.00, 17.00, 20.00, -1, -1, -1
231, 207, 1323.00, 381.00, 15.00, 26.00, -1, -1, -1
231, 200, 1001.00, 175.00, 16.00, 26.00, -1, -1, -1
231, 139, 1559.00, 880.00, 38.00, 19.00, -1, -1, -1
231, 111, 1293.00, 927.00, 34.00, 24.00, -1, -1, -1
231, 92, 1100.00, 774.00, 18.00, 52.00, -1, -1, -1
231, 65, 1214.32, 1002.00, 24.68, 27.03, -1, -1, -1
231, 71, 413.00, 406.00, 37.00, 41.00, -1, -1, -1
231, 1, 588.00, 383.00, 18.00, 30.00, -1, -1, -1
231, 2, 1100.52, 125.11, 28.30, 80.99, -1, -1, -1
231, 5, 1017.15, 663.69, 50.86, 52.04, -1, -1, -1
231, 43, 812.33, 679.46, 25.21, 91.46, -1, -1, -1
231, 60, 1848.35, 698.34, 64.73, 43.06, -1, -1, -1
231, 9, 1129.00, 78.00, 46.00, 39.00, -1, -1, -1
231, 59, 808.68, 643.02, 36.19, 26.90, -1, -1, -1
231, 7, 1104.12, 272.89, 25.60, 44.42, -1, -1, -1
231, 57, 884.01, 679.34, 34.72, 41.60, -1, -1, -1
231, 72, 657.41, 1000.89, 27.08, 74.67, -1, -1, -1
231, 74, 1238.64, 205.84, 40.01, 25.95, -1, -1, -1
232, 222, 833.00, 957.00, 18.00, 52.00, -1, -1, -1
232, 221, 1633.00, 84.00, 16.00, 20.00, -1, -1, -1
232, 87, 1393.00, 384.00, 17.00, 19.00, -1, -1, -1
232, 214, 551.00, 531.00, 17.00, 21.00, -1, -1, -1
232, 212, 318.00, 368.00, 32.00, 30.00, -1, -1, -1
232, 205, 549.00, 451.00, 23.00, 18.00, -1, -1, -1
232, 209, 350.00, 402.00, 17.00, 20.00, -1, -1, -1
232, 207, 1325.00, 377.00, 15.00, 26.00, -1, -1, -1
232, 200, 1002.00, 170.00, 16.00, 26.00, -1, -1, -1
232, 139, 1559.00, 880.00, 38.00, 19.00, -1, -1, -1
232, 111, 1293.00, 927.00, 34.00, 24.00, -1, -1, -1
232, 92, 1101.00, 768.00, 18.00, 52.00, -1, -1, -1
232, 65, 1214.32, 1002.00, 24.68, 27.03, -1, -1, -1
232, 71, 413.00, 406.00, 37.00, 41.00, -1, -1, -1
232, 1, 588.00, 383.00, 18.00, 30.00, -1, -1, -1
232, 2, 1101.21, 126.24, 27.91, 79.60, -1, -1, -1
232, 5, 1016.66, 663.50, 50.09, 51.43, -1, -1, -1
232, 43, 811.59, 674.51, 25.67, 92.66, -1, -1, -1
232, 60, 1847.62, 696.98, 66.21, 43.25, -1, -1, -1
232, 9, 1129.80, 73.00, 45.20, 38.88, -1, -1, -1
232, 59, 807.81, 639.96, 36.46, 26.90, -1, -1, -1
232, 7, 1104.24, 273.48, 25.02, 43.56, -1, -1, -1
232, 57, 883.00, 675.47, 36.92, 44.87, -1, -1, -1
232, 72, 657.19, 998.73, 26.71, 74.66, -1, -1, -1
232, 74, 1242.00, 208.00, 33.00, 21.00, -1, -1, -1
233, 222, 832.00, 944.00, 18.00, 52.00, -1, -1, -1
233, 221, 1635.00, 78.00, 17.00, 23.00, -1, -1, -1
233, 87, 1393.00, 379.00, 17.00, 19.00, -1, -1, -1
233, 214, 550.00, 529.00, 17.00, 21.00, -1, -1, -1
233, 212, 318.00, 368.00, 32.00, 30.00, -1, -1, -1
233, 205, 549.00, 451.00, 23.00, 18.00, -1, -1, -1
233, 209, 346.00, 398.00, 17.00, 20.00, -1, -1, -1
233, 207, 1325.00, 377.00, 15.00, 26.00, -1, -1, -1
233, 200, 1002.00, 170.00, 16.00, 26.00, -1, -1, -1
233, 139, 1554.00, 879.00, 38.00, 19.00, -1, -1, -1
233, 111, 1293.00, 927.00, 34.00, 24.00, -1, -1, -1
233, 92, 1101.00, 768.00, 18.00, 52.00, -1, -1, -1
233, 74, 1242.00, 208.00, 33.00, 21.00, -1, -1, -1
233, 1, 588.00, 383.00, 18.00, 30.00, -1, -1, -1
233, 2, 1101.40, 126.44, 27.88, 79.31, -1, -1, -1
233, 5, 1016.27, 663.21, 49.28, 50.69, -1, -1, -1
233, 43, 810.98, 668.86, 26.51, 95.06, -1, -1, -1
233, 60, 1844.76, 695.52, 67.98, 43.33, -1, -1, -1
233, 9, 1135.00, 66.00, 40.00, 38.00, -1, -1, -1
233, 59, 808.06, 637.43, 36.41, 26.91, -1, -1, -1
233, 7, 1103.54, 273.10, 25.29, 43.73, -1, -1, -1
233, 57, 884.09, 673.56, 34.81, 42.35, -1, -1, -1
233, 72, 657.56, 996.04, 27.67, 77.52, -1, -1, -1
233, 71, 408.21, 398.03, 31.39, 32.33, -1, -1, -1
233, 65, 1214.32, 999.00, 26.68, 30.03, -1, -1, -1
234, 222, 831.00, 931.00, 18.00, 52.00, -1, -1, -1
234, 221, 1638.00, 71.00, 17.00, 23.00, -1, -1, -1
234, 87, 1395.00, 377.00, 17.00, 19.00, -1, -1, -1
234, 214, 550.00, 529.00, 17.00, 21.00, -1, -1, -1
234, 212, 307.00, 363.00, 32.00, 30.00, -1, -1, -1
234, 205, 549.00, 442.00, 23.00, 18.00, -1, -1, -1
234, 209, 346.00, 393.00, 17.00, 20.00, -1, -1, -1
234, 207, 1327.00, 368.00, 15.00, 26.00, -1, -1, -1
234, 200, 1002.00, 170.00, 16.00, 26.00, -1, -1, -1
234, 139, 1554.00, 879.00, 38.00, 19.00, -1, -1, -1
234, 111, 1293.00, 927.00, 34.00, 24.00, -1, -1, -1
234, 92, 1101.00, 768.00, 18.00, 52.00, -1, -1, -1
234, 1, 590.00, 380.00, 18.00, 30.00, -1, -1, -1
234, 2, 1101.79, 125.89, 28.20, 79.69, -1, -1, -1
234, 5, 1015.90, 662.88, 48.50, 49.91, -1, -1, -1
234, 43, 810.66, 661.97, 27.01, 96.93, -1, -1, -1
234, 60, 1843.60, 695.00, 68.88, 42.87, -1, -1, -1
234, 9, 1135.00, 60.00, 45.00, 38.97, -1, -1, -1
234, 59, 808.98, 635.34, 33.78, 24.93, -1, -1, -1
234, 7, 1103.06, 272.21, 25.85, 44.55, -1, -1, -1
234, 57, 882.49, 668.03, 38.04, 46.73, -1, -1, -1
234, 72, 657.18, 993.15, 27.13, 76.59, -1, -1, -1
234, 71, 404.57, 393.99, 35.62, 36.66, -1, -1, -1
234, 65, 1216.57, 996.23, 27.23, 28.98, -1, -1, -1
234, 74, 1243.00, 201.00, 32.00, 22.00, -1, -1, -1
235, 222, 830.00, 921.00, 18.00, 52.00, -1, -1, -1
235, 221, 1640.00, 66.00, 17.00, 23.00, -1, -1, -1
235, 87, 1395.00, 371.00, 17.00, 19.00, -1, -1, -1
235, 214, 548.00, 522.00, 17.00, 21.00, -1, -1, -1
235, 212, 307.00, 363.00, 32.00, 30.00, -1, -1, -1
235, 205, 549.00, 442.00, 23.00, 18.00, -1, -1, -1
235, 209, 346.00, 389.00, 17.00, 20.00, -1, -1, -1
235, 207, 1327.00, 368.00, 15.00, 26.00, -1, -1, -1
235, 200, 1002.00, 170.00, 16.00, 26.00, -1, -1, -1
235, 139, 1554.00, 879.00, 38.00, 19.00, -1, -1, -1
235, 111, 1293.00, 927.00, 34.00, 24.00, -1, -1, -1
235, 92, 1101.00, 768.00, 18.00, 52.00, -1, -1, -1
235, 74, 1246.00, 197.00, 32.00, 22.00, -1, -1, -1
235, 65, 1218.00, 996.00, 27.00, 28.00, -1, -1, -1
235, 71, 408.00, 395.00, 37.00, 41.00, -1, -1, -1
235, 1, 590.00, 380.00, 18.00, 30.00, -1, -1, -1
235, 2, 1101.82, 125.44, 28.52, 80.21, -1, -1, -1
235, 5, 1015.31, 662.77, 48.21, 49.62, -1, -1, -1
235, 43, 810.48, 657.53, 27.34, 97.62, -1, -1, -1
235, 60, 1841.39, 692.10, 72.81, 44.71, -1, -1, -1
235, 9, 1136.00, 51.00, 40.00, 41.00, -1, -1, -1
235, 59, 807.39, 631.89, 35.64, 26.24, -1, -1, -1
235, 7, 1102.86, 271.89, 26.12, 44.85, -1, -1, -1
235, 57, 883.40, 664.60, 37.18, 45.92, -1, -1, -1
235, 72, 655.64, 987.20, 28.74, 82.05, -1, -1, -1
236, 222, 830.00, 908.00, 18.00, 52.00, -1, -1, -1
236, 221, 1641.00, 62.00, 17.00, 23.00, -1, -1, -1
236, 87, 1396.00, 368.00, 17.00, 19.00, -1, -1, -1
236, 214, 548.00, 522.00, 17.00, 21.00, -1, -1, -1
236, 212, 307.00, 363.00, 32.00, 30.00, -1, -1, -1
236, 205, 544.00, 434.00, 23.00, 18.00, -1, -1, -1
236, 209, 344.00, 386.00, 17.00, 20.00, -1, -1, -1
236, 207, 1327.00, 368.00, 15.00, 26.00, -1, -1, -1
236, 200, 1002.00, 170.00, 16.00, 26.00, -1, -1, -1
236, 139, 1554.00, 879.00, 38.00, 19.00, -1, -1, -1
236, 111, 1293.00, 927.00, 34.00, 24.00, -1, -1, -1
236, 92, 1102.00, 763.00, 18.00, 52.00, -1, -1, -1
236, 74, 1245.00, 193.00, 32.00, 22.00, -1, -1, -1
236, 71, 405.00, 392.00, 37.00, 41.00, -1, -1, -1
236, 1, 590.00, 380.00, 18.00, 30.00, -1, -1, -1
236, 2, 1101.89, 125.77, 28.50, 79.66, -1, -1, -1
236, 5, 1014.12, 662.26, 48.09, 49.51, -1, -1, -1
236, 43, 809.60, 651.11, 28.12, 99.81, -1, -1, -1
236, 60, 1839.97, 697.00, 80.03, 38.71, -1, -1, -1
236, 9, 1137.00, 47.00, 46.00, 37.51, -1, -1, -1
236, 59, 807.32, 629.72, 35.33, 25.70, -1, -1, -1
236, 7, 1103.09, 272.27, 25.62, 43.98, -1, -1, -1
236, 57, 883.69, 662.42, 36.01, 44.57, -1, -1, -1
236, 72, 654.28, 985.02, 30.44, 87.90, -1, -1, -1
236, 65, 1218.24, 991.48, 26.47, 28.57, -1, -1, -1
237, 222, 829.00, 896.00, 18.00, 52.00, -1, -1, -1
237, 221, 1644.00, 57.00, 17.00, 23.00, -1, -1, -1
237, 87, 1397.00, 363.00, 17.00, 19.00, -1, -1, -1
237, 214, 548.00, 522.00, 17.00, 21.00, -1, -1, -1
237, 212, 307.00, 363.00, 32.00, 30.00, -1, -1, -1
237, 205, 544.00, 434.00, 23.00, 18.00, -1, -1, -1
237, 209, 342.00, 382.00, 17.00, 20.00, -1, -1, -1
237, 207, 1329.00, 358.00, 15.00, 26.00, -1, -1, -1
237, 200, 1002.00, 170.00, 16.00, 26.00, -1, -1, -1
237, 139, 1536.00, 879.00, 38.00, 19.00, -1, -1, -1
237, 111, 1293.00, 923.00, 34.00, 24.00, -1, -1, -1
237, 92, 1102.00, 763.00, 18.00, 52.00, -1, -1, -1
237, 74, 1245.00, 193.00, 32.00, 22.00, -1, -1, -1
237, 71, 405.00, 392.00, 37.00, 41.00, -1, -1, -1
237, 1, 591.00, 378.00, 18.00, 30.00, -1, -1, -1
237, 2, 1102.29, 125.77, 28.72, 79.44, -1, -1, -1
237, 5, 1013.29, 661.84, 47.91, 49.47, -1, -1, -1
237, 43, 808.00, 646.00, 30.00, 98.00, -1, -1, -1
237, 60, 1838.12, 695.00, 81.88, 40.33, -1, -1, -1
237, 9, 1132.00, 36.00, 52.00, 44.00, -1, -1, -1
237, 59, 807.02, 625.52, 37.80, 27.51, -1, -1, -1
237, 7, 1102.81, 271.44, 26.19, 45.14, -1, -1, -1
237, 57, 884.50, 660.24, 33.16, 41.05, -1, -1, -1
237, 72, 652.10, 982.34, 31.90, 81.66, -1, -1, -1
237, 65, 1219.43, 989.69, 25.53, 27.49, -1, -1, -1
238, 222, 829.00, 883.00, 18.00, 52.00, -1, -1, -1
238, 221, 1645.00, 52.00, 17.00, 23.00, -1, -1, -1
238, 87, 1398.00, 360.00, 17.00, 19.00, -1, -1, -1
238, 214, 549.00, 516.00, 17.00, 21.00, -1, -1, -1
238, 212, 307.00, 363.00, 32.00, 30.00, -1, -1, -1
238, 205, 543.00, 424.00, 23.00, 18.00, -1, -1, -1
238, 209, 341.00, 379.00, 17.00, 20.00, -1, -1, -1
238, 207, 1329.00, 358.00, 15.00, 26.00, -1, -1, -1
238, 200, 1002.00, 170.00, 16.00, 26.00, -1, -1, -1
238, 139, 1536.00, 879.00, 38.00, 19.00, -1, -1, -1
238, 111, 1293.00, 923.00, 34.00, 24.00, -1, -1, -1
238, 92, 1102.00, 763.00, 18.00, 52.00, -1, -1, -1
238, 74, 1246.00, 188.00, 32.00, 22.00, -1, -1, -1
238, 59, 808.00, 627.00, 34.00, 25.00, -1, -1, -1
238, 71, 403.00, 386.00, 37.00, 41.00, -1, -1, -1
238, 1, 591.00, 378.00, 18.00, 30.00, -1, -1, -1
238, 2, 1102.34, 126.02, 28.96, 79.36, -1, -1, -1
238, 5, 1011.88, 658.96, 50.11, 51.95, -1, -1, -1
238, 43, 807.69, 643.00, 29.31, 99.59, -1, -1, -1
238, 60, 1835.35, 694.00, 82.65, 41.23, -1, -1, -1
238, 9, 1132.89, 30.00, 51.11, 43.93, -1, -1, -1
238, 7, 1102.98, 271.38, 25.85, 44.59, -1, -1, -1
238, 57, 884.98, 657.56, 32.76, 40.69, -1, -1, -1
238, 72, 652.32, 979.47, 28.68, 79.53, -1, -1, -1
238, 65, 1219.46, 986.09, 26.96, 29.14, -1, -1, -1
239, 222, 829.00, 870.00, 18.00, 52.00, -1, -1, -1
239, 221, 1648.00, 46.00, 17.00, 23.00, -1, -1, -1
239, 87, 1399.00, 357.00, 17.00, 19.00, -1, -1, -1
239, 214, 549.00, 516.00, 17.00, 21.00, -1, -1, -1
239, 212, 307.00, 363.00, 32.00, 30.00, -1, -1, -1
239, 205, 543.00, 424.00, 23.00, 18.00, -1, -1, -1
239, 209, 339.00, 375.00, 17.00, 20.00, -1, -1, -1
239, 207, 1329.00, 358.00, 15.00, 26.00, -1, -1, -1
239, 200, 1002.00, 170.00, 16.00, 26.00, -1, -1, -1
239, 139, 1536.00, 879.00, 38.00, 19.00, -1, -1, -1
239, 111, 1293.00, 923.00, 34.00, 24.00, -1, -1, -1
239, 92, 1102.00, 763.00, 18.00, 52.00, -1, -1, -1
239, 74, 1246.00, 184.00, 32.00, 22.00, -1, -1, -1
239, 59, 808.00, 627.00, 34.00, 25.00, -1, -1, -1
239, 71, 403.00, 386.00, 37.00, 41.00, -1, -1, -1
239, 2, 1102.73, 125.13, 29.28, 80.07, -1, -1, -1
239, 5, 1011.47, 658.88, 49.76, 51.40, -1, -1, -1
239, 43, 807.51, 637.00, 25.49, 101.22, -1, -1, -1
239, 60, 1834.42, 687.07, 80.97, 47.42, -1, -1, -1
239, 9, 1135.00, 25.00, 46.00, 42.00, -1, -1, -1
239, 7, 1103.14, 271.12, 25.57, 44.37, -1, -1, -1
239, 57, 884.76, 653.68, 33.38, 41.57, -1, -1, -1
239, 72, 651.62, 976.52, 27.09, 83.11, -1, -1, -1
239, 65, 1220.03, 984.34, 26.33, 28.75, -1, -1, -1
239, 1, 590.19, 372.29, 21.88, 32.94, -1, -1, -1
24, 212, 503.00, 433.00, 34.00, 28.00, -1, -1, -1
24, 205, 675.00, 1069.00, 15.00, 11.00, -1, -1, -1
24, 203, 343.00, 422.00, 25.00, 25.00, -1, -1, -1
24, 202, 320.00, 453.00, 18.00, 18.00, -1, -1, -1
24, 200, 969.00, 243.00, 14.00, 23.00, -1, -1, -1
24, 17, 970.00, 111.00, 27.00, 27.00, -1, -1, -1
24, 10, 59.00, 518.00, 19.00, 34.00, -1, -1, -1
24, 1, 740.17, 639.88, 100.53, 63.15, -1, -1, -1
24, 2, 1000.02, 76.02, 39.84, 91.41, -1, -1, -1
24, 3, 1441.36, 0.65, 37.94, 46.55, -1, -1, -1
24, 4, 17.32, 158.25, 56.98, 56.58, -1, -1, -1
24, 5, 1259.03, 752.70, 56.26, 48.19, -1, -1, -1
24, 6, 817.00, 397.00, 67.00, 41.00, -1, -1, -1
24, 7, 1147.57, 326.93, 32.61, 48.31, -1, -1, -1
24, 8, 281.53, 829.90, 34.48, 44.23, -1, -1, -1
24, 9, 1030.81, 922.48, 38.39, 42.19, -1, -1, -1
24, 14, 723.83, 301.93, 42.32, 28.23, -1, -1, -1
240, 222, 828.00, 856.00, 18.00, 52.00, -1, -1, -1
240, 221, 1649.00, 42.00, 17.00, 23.00, -1, -1, -1
240, 87, 1400.00, 351.00, 17.00, 19.00, -1, -1, -1
240, 214, 548.00, 512.00, 17.00, 21.00, -1, -1, -1
240, 212, 307.00, 363.00, 32.00, 30.00, -1, -1, -1
240, 205, 542.00, 414.00, 23.00, 18.00, -1, -1, -1
240, 209, 339.00, 370.00, 17.00, 20.00, -1, -1, -1
240, 207, 1331.00, 348.00, 15.00, 26.00, -1, -1, -1
240, 200, 1002.00, 170.00, 16.00, 26.00, -1, -1, -1
240, 139, 1536.00, 879.00, 38.00, 19.00, -1, -1, -1
240, 111, 1293.00, 923.00, 34.00, 24.00, -1, -1, -1
240, 92, 1102.00, 763.00, 18.00, 52.00, -1, -1, -1
240, 74, 1246.00, 184.00, 32.00, 22.00, -1, -1, -1
240, 65, 1219.00, 984.00, 27.00, 28.00, -1, -1, -1
240, 59, 808.00, 627.00, 34.00, 25.00, -1, -1, -1
240, 71, 403.00, 382.00, 37.00, 41.00, -1, -1, -1
240, 2, 1103.01, 125.54, 29.12, 79.35, -1, -1, -1
240, 5, 1010.47, 658.64, 49.41, 51.18, -1, -1, -1
240, 43, 808.00, 633.00, 25.00, 99.00, -1, -1, -1
240, 60, 1834.19, 686.12, 81.10, 46.90, -1, -1, -1
240, 9, 1135.88, 19.00, 48.12, 37.82, -1, -1, -1
240, 7, 1103.43, 271.16, 25.01, 43.54, -1, -1, -1
240, 57, 884.02, 650.35, 34.94, 43.86, -1, -1, -1
240, 72, 651.08, 972.04, 25.86, 80.17, -1, -1, -1
240, 1, 590.67, 371.26, 22.68, 32.17, -1, -1, -1
241, 222, 826.00, 843.00, 18.00, 52.00, -1, -1, -1
241, 221, 1650.00, 37.00, 17.00, 23.00, -1, -1, -1
241, 87, 1401.00, 347.00, 17.00, 19.00, -1, -1, -1
241, 214, 548.00, 512.00, 17.00, 21.00, -1, -1, -1
241, 212, 303.00, 360.00, 32.00, 30.00, -1, -1, -1
241, 205, 542.00, 414.00, 23.00, 18.00, -1, -1, -1
241, 209, 338.00, 366.00, 17.00, 20.00, -1, -1, -1
241, 207, 1331.00, 348.00, 15.00, 26.00, -1, -1, -1
241, 200, 1002.00, 170.00, 16.00, 26.00, -1, -1, -1
241, 139, 1536.00, 879.00, 38.00, 19.00, -1, -1, -1
241, 111, 1293.00, 923.00, 34.00, 24.00, -1, -1, -1
241, 92, 1104.00, 761.00, 18.00, 52.00, -1, -1, -1
241, 74, 1249.00, 180.00, 29.00, 19.00, -1, -1, -1
241, 65, 1220.00, 979.00, 27.00, 28.00, -1, -1, -1
241, 59, 809.00, 623.00, 34.00, 25.00, -1, -1, -1
241, 71, 403.00, 382.00, 37.00, 41.00, -1, -1, -1
241, 2, 1103.21, 126.44, 28.85, 78.21, -1, -1, -1
241, 5, 1009.66, 658.33, 49.20, 51.09, -1, -1, -1
241, 43, 807.25, 623.00, 29.75, 106.24, -1, -1, -1
241, 60, 1833.47, 686.06, 80.49, 45.70, -1, -1, -1
241, 9, 1137.28, 13.00, 47.72, 36.49, -1, -1, -1
241, 7, 1102.74, 270.19, 25.39, 44.23, -1, -1, -1
241, 57, 885.62, 649.18, 31.77, 39.87, -1, -1, -1
241, 72, 651.63, 969.99, 24.98, 78.03, -1, -1, -1
241, 1, 590.36, 370.28, 23.89, 32.76, -1, -1, -1
242, 222, 825.00, 830.00, 18.00, 52.00, -1, -1, -1
242, 221, 1653.00, 33.00, 17.00, 23.00, -1, -1, -1
242, 87, 1402.00, 344.00, 17.00, 19.00, -1, -1, -1
242, 214, 546.00, 508.00, 17.00, 21.00, -1, -1, -1
242, 212, 303.00, 360.00, 32.00, 30.00, -1, -1, -1
242, 205, 539.00, 406.00, 23.00, 18.00, -1, -1, -1
242, 209, 338.00, 362.00, 17.00, 20.00, -1, -1, -1
242, 207, 1331.00, 348.00, 15.00, 26.00, -1, -1, -1
242, 200, 1002.00, 170.00, 16.00, 26.00, -1, -1, -1
242, 139, 1536.00, 879.00, 38.00, 19.00, -1, -1, -1
242, 111, 1288.00, 923.00, 34.00, 24.00, -1, -1, -1
242, 92, 1104.00, 761.00, 18.00, 52.00, -1, -1, -1
242, 74, 1249.00, 180.00, 29.00, 19.00, -1, -1, -1
242, 59, 809.00, 623.00, 34.00, 25.00, -1, -1, -1
242, 71, 395.00, 375.00, 41.00, 42.00, -1, -1, -1
242, 2, 1103.93, 125.29, 29.41, 79.65, -1, -1, -1
242, 5, 1007.67, 657.74, 49.61, 51.55, -1, -1, -1
242, 43, 807.91, 618.00, 27.09, 106.23, -1, -1, -1
242, 60, 1831.72, 685.34, 81.28, 45.24, -1, -1, -1
242, 9, 1139.13, 0.15, 47.10, 42.28, -1, -1, -1
242, 7, 1102.14, 270.20, 25.26, 44.24, -1, -1, -1
242, 57, 886.45, 646.93, 30.12, 37.71, -1, -1, -1
242, 72, 652.48, 966.34, 25.90, 80.21, -1, -1, -1
242, 1, 590.01, 369.32, 24.81, 32.85, -1, -1, -1
242, 65, 1222.22, 975.31, 27.24, 29.81, -1, -1, -1
243, 222, 826.00, 815.00, 18.00, 52.00, -1, -1, -1
243, 221, 1655.00, 27.00, 17.00, 23.00, -1, -1, -1
243, 87, 1402.00, 339.00, 17.00, 19.00, -1, -1, -1
243, 214, 546.00, 508.00, 17.00, 21.00, -1, -1, -1
243, 212, 303.00, 360.00, 32.00, 30.00, -1, -1, -1
243, 205, 539.00, 406.00, 23.00, 18.00, -1, -1, -1
243, 209, 335.00, 355.00, 17.00, 20.00, -1, -1, -1
243, 207, 1333.00, 344.00, 15.00, 26.00, -1, -1, -1
243, 200, 1002.00, 170.00, 16.00, 26.00, -1, -1, -1
243, 139, 1536.00, 879.00, 38.00, 19.00, -1, -1, -1
243, 111, 1288.00, 923.00, 34.00, 24.00, -1, -1, -1
243, 92, 1104.00, 753.00, 18.00, 52.00, -1, -1, -1
243, 74, 1250.00, 174.00, 29.00, 19.00, -1, -1, -1
243, 59, 809.00, 623.00, 34.00, 25.00, -1, -1, -1
243, 71, 395.00, 375.00, 41.00, 42.00, -1, -1, -1
243, 2, 1104.22, 128.19, 28.59, 76.85, -1, -1, -1
243, 5, 1006.34, 656.06, 50.96, 53.20, -1, -1, -1
243, 43, 807.00, 611.00, 28.00, 109.00, -1, -1, -1
243, 60, 1829.91, 684.61, 83.94, 46.06, -1, -1, -1
243, 9, 1143.35, 0.00, 42.87, 35.82, -1, -1, -1
243, 7, 1101.89, 269.60, 25.27, 44.49, -1, -1, -1
243, 57, 885.42, 643.17, 32.18, 40.53, -1, -1, -1
243, 72, 652.45, 963.59, 25.97, 79.03, -1, -1, -1
243, 1, 590.33, 368.61, 25.20, 32.51, -1, -1, -1
243, 65, 1221.56, 971.22, 29.22, 32.00, -1, -1, -1
244, 222, 826.00, 801.00, 18.00, 52.00, -1, -1, -1
244, 221, 1657.00, 23.00, 17.00, 23.00, -1, -1, -1
244, 214, 546.00, 508.00, 17.00, 21.00, -1, -1, -1
244, 212, 296.00, 359.00, 32.00, 30.00, -1, -1, -1
244, 205, 536.00, 395.00, 23.00, 18.00, -1, -1, -1
244, 209, 334.00, 354.00, 17.00, 20.00, -1, -1, -1
244, 207, 1333.00, 344.00, 15.00, 26.00, -1, -1, -1
244, 200, 1002.00, 170.00, 16.00, 26.00, -1, -1, -1
244, 139, 1536.00, 879.00, 38.00, 19.00, -1, -1, -1
244, 111, 1288.00, 923.00, 34.00, 24.00, -1, -1, -1
244, 92, 1104.00, 753.00, 18.00, 52.00, -1, -1, -1
244, 87, 1402.00, 334.00, 17.00, 19.00, -1, -1, -1
244, 74, 1250.00, 170.00, 29.00, 19.00, -1, -1, -1
244, 59, 809.00, 614.00, 34.00, 25.00, -1, -1, -1
244, 71, 395.00, 375.00, 41.00, 42.00, -1, -1, -1
244, 2, 1104.24, 126.55, 29.42, 79.04, -1, -1, -1
244, 5, 1005.09, 655.44, 51.09, 53.33, -1, -1, -1
244, 43, 807.79, 608.81, 29.52, 106.99, -1, -1, -1
244, 60, 1830.45, 684.37, 82.53, 44.40, -1, -1, -1
244, 9, 1145.81, 0.00, 35.10, 27.62, -1, -1, -1
244, 7, 1101.90, 269.51, 25.07, 44.34, -1, -1, -1
244, 57, 885.05, 639.66, 32.92, 41.50, -1, -1, -1
244, 72, 650.92, 959.20, 25.58, 78.53, -1, -1, -1
244, 1, 590.37, 368.00, 25.48, 32.00, -1, -1, -1
244, 65, 1222.63, 969.77, 28.29, 30.83, -1, -1, -1
245, 222, 825.00, 787.00, 18.00, 52.00, -1, -1, -1
245, 221, 1658.00, 17.00, 17.00, 23.00, -1, -1, -1
245, 215, 660.00, 419.00, 21.00, 25.00, -1, -1, -1
245, 214, 545.00, 501.00, 17.00, 21.00, -1, -1, -1
245, 212, 296.00, 359.00, 32.00, 30.00, -1, -1, -1
245, 205, 536.00, 395.00, 23.00, 18.00, -1, -1, -1
245, 209, 333.00, 352.00, 17.00, 20.00, -1, -1, -1
245, 207, 1335.00, 336.00, 15.00, 26.00, -1, -1, -1
245, 200, 1002.00, 170.00, 16.00, 26.00, -1, -1, -1
245, 139, 1536.00, 875.00, 38.00, 19.00, -1, -1, -1
245, 111, 1288.00, 923.00, 34.00, 24.00, -1, -1, -1
245, 92, 1104.00, 753.00, 18.00, 52.00, -1, -1, -1
245, 87, 1403.00, 325.00, 17.00, 19.00, -1, -1, -1
245, 59, 809.00, 609.00, 35.00, 27.00, -1, -1, -1
245, 71, 394.00, 370.00, 41.00, 42.00, -1, -1, -1
245, 9, 1145.81, 0.00, 35.10, 27.62, -1, -1, -1
245, 2, 1104.26, 125.95, 29.67, 79.22, -1, -1, -1
245, 5, 1005.25, 656.22, 49.92, 51.89, -1, -1, -1
245, 43, 808.59, 605.84, 29.07, 104.86, -1, -1, -1
245, 60, 1830.31, 683.32, 82.78, 43.75, -1, -1, -1
245, 7, 1102.00, 269.49, 24.82, 44.03, -1, -1, -1
245, 57, 883.75, 634.75, 34.53, 43.85, -1, -1, -1
245, 72, 650.11, 955.68, 25.45, 78.32, -1, -1, -1
245, 1, 590.93, 367.18, 25.95, 32.18, -1, -1, -1
245, 65, 1222.66, 966.39, 29.63, 32.33, -1, -1, -1
245, 74, 1250.00, 166.00, 28.00, 21.00, -1, -1, -1
246, 222, 824.00, 773.00, 18.00, 52.00, -1, -1, -1
246, 221, 1661.00, 11.00, 17.00, 23.00, -1, -1, -1
246, 215, 659.00, 412.00, 21.00, 25.00, -1, -1, -1
246, 214, 545.00, 501.00, 17.00, 21.00, -1, -1, -1
246, 212, 296.00, 359.00, 32.00, 30.00, -1, -1, -1
246, 205, 535.00, 384.00, 23.00, 18.00, -1, -1, -1
246, 209, 332.00, 345.00, 17.00, 20.00, -1, -1, -1
246, 207, 1335.00, 336.00, 15.00, 26.00, -1, -1, -1
246, 200, 1002.00, 170.00, 16.00, 26.00, -1, -1, -1
246, 139, 1536.00, 875.00, 38.00, 19.00, -1, -1, -1
246, 111, 1288.00, 923.00, 34.00, 24.00, -1, -1, -1
246, 92, 1104.00, 753.00, 18.00, 52.00, -1, -1, -1
246, 87, 1403.00, 325.00, 17.00, 19.00, -1, -1, -1
246, 74, 1250.00, 162.00, 28.00, 21.00, -1, -1, -1
246, 65, 1224.00, 970.00, 27.00, 28.00, -1, -1, -1
246, 59, 809.00, 609.00, 35.00, 27.00, -1, -1, -1
246, 71, 394.00, 370.00, 41.00, 42.00, -1, -1, -1
246, 9, 1145.81, -0.00, 34.19, 17.00, -1, -1, -1
246, 2, 1104.11, 125.60, 30.05, 79.42, -1, -1, -1
246, 5, 1004.14, 654.81, 50.93, 52.82, -1, -1, -1
246, 43, 807.86, 602.42, 28.97, 104.04, -1, -1, -1
246, 60, 1828.74, 682.97, 83.93, 43.52, -1, -1, -1
246, 7, 1101.45, 268.87, 24.93, 44.41, -1, -1, -1
246, 57, 884.79, 632.47, 33.05, 41.83, -1, -1, -1
246, 72, 649.27, 952.49, 25.51, 78.23, -1, -1, -1
246, 1, 590.72, 365.66, 26.46, 32.24, -1, -1, -1
247, 222, 824.00, 758.00, 18.00, 52.00, -1, -1, -1
247, 221, 1661.00, 7.00, 20.00, 24.00, -1, -1, -1
247, 215, 659.00, 412.00, 21.00, 25.00, -1, -1, -1
247, 214, 542.00, 494.00, 17.00, 21.00, -1, -1, -1
247, 212, 296.00, 359.00, 32.00, 30.00, -1, -1, -1
247, 205, 535.00, 384.00, 23.00, 18.00, -1, -1, -1
247, 209, 330.00, 342.00, 17.00, 20.00, -1, -1, -1
247, 207, 1335.00, 330.00, 15.00, 26.00, -1, -1, -1
247, 200, 1002.00, 170.00, 16.00, 26.00, -1, -1, -1
247, 139, 1536.00, 875.00, 38.00, 19.00, -1, -1, -1
247, 111, 1287.00, 919.00, 35.00, 27.00, -1, -1, -1
247, 92, 1104.00, 747.00, 18.00, 52.00, -1, -1, -1
247, 87, 1406.00, 317.00, 17.00, 19.00, -1, -1, -1
247, 74, 1250.00, 157.00, 28.00, 21.00, -1, -1, -1
247, 59, 810.00, 601.00, 35.00, 27.00, -1, -1, -1
247, 71, 393.00, 362.00, 41.00, 42.00, -1, -1, -1
247, 1, 591.00, 366.00, 26.00, 32.00, -1, -1, -1
247, 2, 1104.57, 126.82, 29.14, 77.51, -1, -1, -1
247, 5, 1003.49, 654.06, 50.82, 52.67, -1, -1, -1
247, 43, 807.80, 599.82, 28.52, 101.74, -1, -1, -1
247, 60, 1826.61, 681.87, 85.50, 43.44, -1, -1, -1
247, 7, 1100.34, 267.78, 25.78, 45.79, -1, -1, -1
247, 57, 885.02, 629.52, 32.83, 41.49, -1, -1, -1
247, 72, 649.52, 950.42, 25.92, 78.18, -1, -1, -1
247, 65, 1223.87, 963.00, 27.13, 31.33, -1, -1, -1
248, 222, 823.00, 743.00, 18.00, 52.00, -1, -1, -1
248, 221, 1660.00, 2.00, 24.00, 24.00, -1, -1, -1
248, 215, 659.00, 408.00, 18.00, 29.00, -1, -1, -1
248, 214, 542.00, 494.00, 17.00, 21.00, -1, -1, -1
248, 212, 296.00, 359.00, 32.00, 30.00, -1, -1, -1
248, 205, 536.00, 377.00, 23.00, 18.00, -1, -1, -1
248, 209, 328.00, 337.00, 17.00, 20.00, -1, -1, -1
248, 207, 1335.00, 330.00, 15.00, 26.00, -1, -1, -1
248, 200, 1002.00, 170.00, 16.00, 26.00, -1, -1, -1
248, 139, 1533.00, 871.00, 38.00, 19.00, -1, -1, -1
248, 111, 1287.00, 919.00, 35.00, 27.00, -1, -1, -1
248, 92, 1104.00, 747.00, 18.00, 52.00, -1, -1, -1
248, 87, 1406.00, 317.00, 17.00, 19.00, -1, -1, -1
248, 74, 1250.00, 157.00, 28.00, 21.00, -1, -1, -1
248, 59, 810.00, 601.00, 35.00, 27.00, -1, -1, -1
248, 71, 393.00, 362.00, 41.00, 42.00, -1, -1, -1
248, 1, 591.00, 366.00, 26.00, 32.00, -1, -1, -1
248, 2, 1105.21, 128.92, 27.84, 75.03, -1, -1, -1
248, 5, 1002.84, 654.29, 49.69, 51.62, -1, -1, -1
248, 43, 807.85, 596.53, 28.21, 99.86, -1, -1, -1
248, 60, 1825.94, 681.00, 85.90, 42.92, -1, -1, -1
248, 7, 1100.40, 267.14, 26.15, 46.31, -1, -1, -1
248, 57, 884.52, 625.80, 33.91, 42.86, -1, -1, -1
248, 72, 647.33, 946.78, 25.73, 77.16, -1, -1, -1
248, 65, 1225.00, 961.00, 29.29, 30.61, -1, -1, -1
249, 222, 823.00, 729.00, 18.00, 52.00, -1, -1, -1
249, 221, 1667.00, -0.00, 16.00, 19.00, -1, -1, -1
249, 215, 659.00, 408.00, 18.00, 29.00, -1, -1, -1
249, 214, 542.00, 494.00, 17.00, 21.00, -1, -1, -1
249, 213, 700.00, 904.00, 19.00, 21.00, -1, -1, -1
249, 212, 296.00, 359.00, 32.00, 30.00, -1, -1, -1
249, 205, 536.00, 377.00, 23.00, 18.00, -1, -1, -1
249, 209, 327.00, 335.00, 17.00, 20.00, -1, -1, -1
249, 207, 1338.00, 326.00, 15.00, 26.00, -1, -1, -1
249, 200, 1002.00, 170.00, 16.00, 26.00, -1, -1, -1
249, 139, 1533.00, 871.00, 38.00, 19.00, -1, -1, -1
249, 111, 1287.00, 919.00, 35.00, 27.00, -1, -1, -1
249, 92, 1105.00, 739.00, 18.00, 52.00, -1, -1, -1
249, 87, 1408.00, 310.00, 17.00, 19.00, -1, -1, -1
249, 74, 1251.00, 152.00, 28.00, 21.00, -1, -1, -1
249, 59, 810.00, 598.00, 35.00, 27.00, -1, -1, -1
249, 71, 393.00, 362.00, 41.00, 42.00, -1, -1, -1
249, 2, 1105.76, 128.44, 27.72, 75.37, -1, -1, -1
249, 5, 1001.12, 653.41, 50.30, 52.21, -1, -1, -1
249, 43, 807.32, 589.96, 29.22, 102.19, -1, -1, -1
249, 60, 1825.62, 680.21, 86.24, 42.23, -1, -1, -1
249, 7, 1099.69, 265.92, 26.81, 47.49, -1, -1, -1
249, 57, 883.68, 622.05, 35.64, 45.31, -1, -1, -1
249, 72, 645.84, 941.55, 27.02, 80.75, -1, -1, -1
249, 65, 1225.00, 960.00, 30.89, 29.19, -1, -1, -1
249, 1, 592.45, 362.41, 27.44, 32.89, -1, -1, -1
25, 212, 503.00, 433.00, 34.00, 28.00, -1, -1, -1
25, 205, 675.00, 1069.00, 15.00, 11.00, -1, -1, -1
25, 203, 343.00, 422.00, 25.00, 25.00, -1, -1, -1
25, 202, 320.00, 453.00, 18.00, 18.00, -1, -1, -1
25, 200, 969.00, 243.00, 14.00, 23.00, -1, -1, -1
25, 17, 970.00, 111.00, 27.00, 27.00, -1, -1, -1
25, 14, 723.83, 301.93, 42.32, 28.23, -1, -1, -1
25, 1, 739.49, 638.66, 99.10, 62.10, -1, -1, -1
25, 2, 1000.29, 76.09, 39.78, 91.45, -1, -1, -1
25, 3, 1440.91, 0.70, 37.45, 45.75, -1, -1, -1
25, 4, 15.64, 157.07, 57.38, 56.88, -1, -1, -1
25, 5, 1257.60, 752.32, 56.11, 47.99, -1, -1, -1
25, 6, 818.00, 392.00, 65.00, 40.00, -1, -1, -1
25, 7, 1147.43, 328.48, 30.99, 45.88, -1, -1, -1
25, 8, 279.98, 827.48, 35.51, 45.63, -1, -1, -1
25, 9, 1030.87, 919.72, 38.38, 42.10, -1, -1, -1
25, 10, 55.95, 515.86, 17.78, 31.62, -1, -1, -1
250, 222, 822.00, 713.00, 18.00, 52.00, -1, -1, -1
250, 221, 1668.00, 1.00, 13.00, 11.00, -1, -1, -1
250, 215, 659.00, 405.00, 15.00, 32.00, -1, -1, -1
250, 214, 542.00, 489.00, 17.00, 21.00, -1, -1, -1
250, 213, 700.00, 904.00, 19.00, 21.00, -1, -1, -1
250, 212, 296.00, 359.00, 32.00, 30.00, -1, -1, -1
250, 205, 532.00, 366.00, 23.00, 18.00, -1, -1, -1
250, 209, 326.00, 331.00, 17.00, 20.00, -1, -1, -1
250, 207, 1339.00, 321.00, 14.00, 26.00, -1, -1, -1
250, 200, 1002.00, 170.00, 16.00, 26.00, -1, -1, -1
250, 139, 1533.00, 871.00, 38.00, 19.00, -1, -1, -1
250, 111, 1287.00, 919.00, 35.00, 27.00, -1, -1, -1
250, 92, 1105.00, 739.00, 18.00, 52.00, -1, -1, -1
250, 87, 1408.00, 310.00, 17.00, 19.00, -1, -1, -1
250, 74, 1251.00, 152.00, 28.00, 21.00, -1, -1, -1
250, 59, 810.00, 592.00, 35.00, 27.00, -1, -1, -1
250, 71, 393.00, 362.00, 41.00, 42.00, -1, -1, -1
250, 1, 594.00, 366.00, 26.00, 32.00, -1, -1, -1
250, 2, 1106.80, 129.50, 26.97, 74.14, -1, -1, -1
250, 5, 1000.55, 653.59, 49.44, 51.44, -1, -1, -1
250, 43, 806.71, 585.68, 29.43, 101.56, -1, -1, -1
250, 60, 1823.06, 678.94, 87.28, 41.98, -1, -1, -1
250, 7, 1100.28, 267.18, 25.35, 45.00, -1, -1, -1
250, 57, 883.16, 619.25, 36.69, 47.21, -1, -1, -1
250, 72, 645.73, 939.69, 26.15, 78.16, -1, -1, -1
250, 65, 1226.00, 957.00, 30.74, 28.91, -1, -1, -1
251, 222, 822.00, 697.00, 18.00, 52.00, -1, -1, -1
251, 215, 659.00, 405.00, 15.00, 32.00, -1, -1, -1
251, 214, 542.00, 489.00, 17.00, 21.00, -1, -1, -1
251, 213, 700.00, 904.00, 19.00, 21.00, -1, -1, -1
251, 212, 289.00, 359.00, 32.00, 30.00, -1, -1, -1
251, 205, 532.00, 366.00, 23.00, 18.00, -1, -1, -1
251, 209, 323.00, 326.00, 17.00, 20.00, -1, -1, -1
251, 207, 1339.00, 321.00, 14.00, 26.00, -1, -1, -1
251, 200, 1002.00, 170.00, 16.00, 26.00, -1, -1, -1
251, 139, 1533.00, 871.00, 38.00, 19.00, -1, -1, -1
251, 111, 1287.00, 919.00, 35.00, 27.00, -1, -1, -1
251, 92, 1105.00, 739.00, 18.00, 52.00, -1, -1, -1
251, 87, 1409.00, 303.00, 17.00, 19.00, -1, -1, -1
251, 74, 1252.00, 146.00, 28.00, 21.00, -1, -1, -1
251, 59, 810.00, 592.00, 35.00, 27.00, -1, -1, -1
251, 71, 388.00, 353.00, 41.00, 42.00, -1, -1, -1
251, 1, 594.00, 366.00, 26.00, 32.00, -1, -1, -1
251, 2, 1107.38, 130.52, 26.30, 72.94, -1, -1, -1
251, 5, 999.63, 653.19, 49.61, 51.64, -1, -1, -1
251, 43, 806.27, 581.01, 29.96, 102.32, -1, -1, -1
251, 60, 1818.94, 676.51, 92.06, 43.91, -1, -1, -1
251, 7, 1100.42, 267.33, 24.98, 44.50, -1, -1, -1
251, 57, 884.18, 617.78, 34.66, 45.53, -1, -1, -1
251, 72, 644.92, 936.16, 25.43, 76.12, -1, -1, -1
251, 65, 1225.00, 953.00, 34.00, 32.00, -1, -1, -1
252, 222, 821.00, 682.00, 18.00, 52.00, -1, -1, -1
252, 215, 659.00, 405.00, 15.00, 32.00, -1, -1, -1
252, 214, 542.00, 489.00, 17.00, 21.00, -1, -1, -1
252, 213, 699.00, 899.00, 19.00, 21.00, -1, -1, -1
252, 212, 289.00, 359.00, 32.00, 30.00, -1, -1, -1
252, 205, 529.00, 354.00, 23.00, 18.00, -1, -1, -1
252, 209, 327.00, 324.00, 11.00, 18.00, -1, -1, -1
252, 207, 1340.00, 315.00, 14.00, 24.00, -1, -1, -1
252, 200, 1002.00, 167.00, 16.00, 26.00, -1, -1, -1
252, 139, 1533.00, 871.00, 38.00, 19.00, -1, -1, -1
252, 111, 1287.00, 919.00, 35.00, 27.00, -1, -1, -1
252, 92, 1105.00, 739.00, 18.00, 52.00, -1, -1, -1
252, 87, 1412.00, 296.00, 17.00, 19.00, -1, -1, -1
252, 74, 1252.00, 146.00, 28.00, 21.00, -1, -1, -1
252, 59, 810.00, 592.00, 35.00, 27.00, -1, -1, -1
252, 57, 888.00, 615.00, 33.00, 39.00, -1, -1, -1
252, 71, 388.00, 353.00, 41.00, 42.00, -1, -1, -1
252, 2, 1107.87, 132.14, 25.48, 71.00, -1, -1, -1
252, 5, 998.54, 653.06, 49.26, 51.22, -1, -1, -1
252, 43, 802.74, 574.71, 33.26, 106.29, -1, -1, -1
252, 60, 1815.26, 675.63, 94.27, 44.62, -1, -1, -1
252, 7, 1100.02, 265.03, 25.76, 46.32, -1, -1, -1
252, 72, 643.58, 932.97, 25.79, 77.35, -1, -1, -1
252, 65, 1228.00, 949.00, 30.55, 32.48, -1, -1, -1
252, 1, 594.78, 359.98, 26.76, 31.72, -1, -1, -1
253, 222, 821.00, 667.00, 18.00, 52.00, -1, -1, -1
253, 215, 657.00, 405.00, 15.00, 32.00, -1, -1, -1
253, 214, 541.00, 484.00, 17.00, 21.00, -1, -1, -1
253, 213, 699.00, 899.00, 19.00, 21.00, -1, -1, -1
253, 212, 289.00, 359.00, 32.00, 30.00, -1, -1, -1
253, 205, 529.00, 354.00, 23.00, 18.00, -1, -1, -1
253, 209, 325.00, 319.00, 12.00, 19.00, -1, -1, -1
253, 207, 1340.00, 315.00, 14.00, 24.00, -1, -1, -1
253, 200, 1002.00, 167.00, 16.00, 26.00, -1, -1, -1
253, 139, 1533.00, 871.00, 38.00, 19.00, -1, -1, -1
253, 111, 1281.00, 919.00, 35.00, 27.00, -1, -1, -1
253, 92, 1105.00, 739.00, 18.00, 52.00, -1, -1, -1
253, 87, 1412.00, 296.00, 17.00, 19.00, -1, -1, -1
253, 74, 1255.00, 139.00, 28.00, 21.00, -1, -1, -1
253, 59, 811.00, 584.00, 35.00, 27.00, -1, -1, -1
253, 71, 385.00, 348.00, 41.00, 42.00, -1, -1, -1
253, 2, 1108.13, 133.10, 24.99, 69.93, -1, -1, -1
253, 5, 997.17, 652.04, 50.11, 52.05, -1, -1, -1
253, 43, 802.00, 570.00, 31.00, 102.00, -1, -1, -1
253, 60, 1811.00, 677.00, 99.00, 41.00, -1, -1, -1
253, 7, 1100.24, 265.04, 25.33, 45.76, -1, -1, -1
253, 72, 641.85, 928.42, 25.47, 76.82, -1, -1, -1
253, 65, 1227.42, 943.96, 31.41, 34.36, -1, -1, -1
253, 1, 595.83, 360.00, 26.67, 31.01, -1, -1, -1
253, 57, 887.00, 615.00, 30.00, 36.00, -1, -1, -1
254, 209, 321.00, 313.00, 17.00, 20.00, -1, -1, -1
254, 222, 822.00, 653.00, 16.00, 50.00, -1, -1, -1
254, 215, 657.00, 405.00, 15.00, 32.00, -1, -1, -1
254, 214, 541.00, 484.00, 17.00, 21.00, -1, -1, -1
254, 213, 699.00, 899.00, 19.00, 21.00, -1, -1, -1
254, 212, 289.00, 359.00, 32.00, 30.00, -1, -1, -1
254, 205, 528.00, 344.00, 23.00, 18.00, -1, -1, -1
254, 207, 1341.00, 309.00, 14.00, 24.00, -1, -1, -1
254, 200, 1002.00, 167.00, 16.00, 26.00, -1, -1, -1
254, 139, 1533.00, 871.00, 38.00, 19.00, -1, -1, -1
254, 111, 1281.00, 919.00, 35.00, 27.00, -1, -1, -1
254, 92, 1105.00, 739.00, 18.00, 52.00, -1, -1, -1
254, 87, 1413.00, 287.00, 18.00, 20.00, -1, -1, -1
254, 74, 1255.00, 139.00, 28.00, 21.00, -1, -1, -1
254, 59, 811.00, 584.00, 35.00, 27.00, -1, -1, -1
254, 57, 887.00, 615.00, 30.00, 36.00, -1, -1, -1
254, 2, 1107.81, 131.29, 25.61, 71.84, -1, -1, -1
254, 5, 995.85, 651.18, 51.14, 52.86, -1, -1, -1
254, 43, 802.83, 568.12, 28.17, 100.88, -1, -1, -1
254, 60, 1811.50, 673.12, 96.46, 45.11, -1, -1, -1
254, 7, 1100.54, 265.69, 24.75, 44.79, -1, -1, -1
254, 72, 641.90, 924.84, 25.98, 78.60, -1, -1, -1
254, 65, 1228.24, 941.27, 30.73, 33.47, -1, -1, -1
254, 1, 596.52, 359.88, 26.46, 30.15, -1, -1, -1
254, 71, 379.85, 338.68, 42.04, 44.19, -1, -1, -1
255, 209, 318.00, 309.00, 17.00, 20.00, -1, -1, -1
255, 222, 820.00, 634.00, 18.00, 52.00, -1, -1, -1
255, 215, 657.00, 405.00, 15.00, 32.00, -1, -1, -1
255, 214, 541.00, 484.00, 17.00, 21.00, -1, -1, -1
255, 213, 699.00, 899.00, 19.00, 21.00, -1, -1, -1
255, 212, 289.00, 359.00, 32.00, 30.00, -1, -1, -1
255, 205, 528.00, 344.00, 23.00, 18.00, -1, -1, -1
255, 207, 1341.00, 309.00, 14.00, 24.00, -1, -1, -1
255, 200, 1002.00, 167.00, 16.00, 26.00, -1, -1, -1
255, 139, 1533.00, 871.00, 38.00, 19.00, -1, -1, -1
255, 111, 1281.00, 916.00, 35.00, 27.00, -1, -1, -1
255, 92, 1105.00, 739.00, 18.00, 52.00, -1, -1, -1
255, 87, 1413.00, 287.00, 18.00, 20.00, -1, -1, -1
255, 74, 1255.00, 133.00, 28.00, 21.00, -1, -1, -1
255, 59, 812.00, 579.00, 35.00, 27.00, -1, -1, -1
255, 57, 887.00, 606.00, 30.00, 36.00, -1, -1, -1
255, 2, 1107.82, 132.11, 25.58, 71.31, -1, -1, -1
255, 5, 994.67, 650.87, 50.98, 52.67, -1, -1, -1
255, 43, 803.86, 562.16, 27.14, 94.84, -1, -1, -1
255, 60, 1813.98, 673.77, 91.12, 42.04, -1, -1, -1
255, 7, 1099.79, 266.21, 24.26, 43.92, -1, -1, -1
255, 72, 642.74, 922.62, 26.55, 80.25, -1, -1, -1
255, 65, 1229.06, 938.87, 30.41, 33.15, -1, -1, -1
255, 1, 597.27, 359.24, 26.35, 29.46, -1, -1, -1
255, 71, 379.99, 337.66, 39.06, 40.98, -1, -1, -1
256, 209, 318.00, 306.00, 17.00, 20.00, -1, -1, -1
256, 222, 818.00, 618.00, 18.00, 52.00, -1, -1, -1
256, 215, 656.00, 396.00, 15.00, 32.00, -1, -1, -1
256, 214, 539.00, 474.00, 17.00, 21.00, -1, -1, -1
256, 213, 699.00, 899.00, 19.00, 21.00, -1, -1, -1
256, 212, 289.00, 359.00, 32.00, 30.00, -1, -1, -1
256, 205, 525.00, 334.00, 23.00, 18.00, -1, -1, -1
256, 207, 1343.00, 304.00, 14.00, 24.00, -1, -1, -1
256, 200, 1002.00, 167.00, 16.00, 26.00, -1, -1, -1
256, 139, 1524.00, 871.00, 38.00, 19.00, -1, -1, -1
256, 111, 1281.00, 916.00, 35.00, 27.00, -1, -1, -1
256, 92, 1105.00, 739.00, 18.00, 52.00, -1, -1, -1
256, 87, 1416.00, 282.00, 18.00, 20.00, -1, -1, -1
256, 74, 1255.00, 133.00, 28.00, 21.00, -1, -1, -1
256, 59, 813.00, 574.00, 35.00, 27.00, -1, -1, -1
256, 57, 887.00, 606.00, 30.00, 36.00, -1, -1, -1
256, 43, 803.86, 562.16, 26.14, 89.84, -1, -1, -1
256, 71, 380.00, 336.00, 41.00, 42.00, -1, -1, -1
256, 2, 1108.16, 131.53, 25.88, 71.87, -1, -1, -1
256, 5, 994.26, 650.28, 50.92, 52.59, -1, -1, -1
256, 60, 1812.74, 673.80, 89.49, 40.92, -1, -1, -1
256, 7, 1099.52, 266.28, 24.08, 43.60, -1, -1, -1
256, 72, 641.26, 917.98, 26.49, 79.89, -1, -1, -1
256, 65, 1230.47, 937.08, 29.02, 31.04, -1, -1, -1
256, 1, 597.63, 357.77, 27.10, 29.72, -1, -1, -1
257, 209, 316.00, 301.00, 17.00, 20.00, -1, -1, -1
257, 222, 819.00, 600.00, 18.00, 52.00, -1, -1, -1
257, 215, 656.00, 396.00, 15.00, 32.00, -1, -1, -1
257, 214, 539.00, 474.00, 17.00, 21.00, -1, -1, -1
257, 213, 699.00, 899.00, 19.00, 21.00, -1, -1, -1
257, 212, 289.00, 359.00, 32.00, 30.00, -1, -1, -1
257, 205, 525.00, 334.00, 23.00, 18.00, -1, -1, -1
257, 207, 1343.00, 304.00, 14.00, 24.00, -1, -1, -1
257, 200, 1002.00, 167.00, 16.00, 26.00, -1, -1, -1
257, 139, 1524.00, 871.00, 38.00, 19.00, -1, -1, -1
257, 111, 1280.00, 909.00, 35.00, 27.00, -1, -1, -1
257, 92, 1106.00, 734.00, 18.00, 52.00, -1, -1, -1
257, 87, 1416.00, 275.00, 18.00, 24.00, -1, -1, -1
257, 74, 1256.00, 125.00, 28.00, 21.00, -1, -1, -1
257, 59, 808.00, 571.00, 35.00, 27.00, -1, -1, -1
257, 57, 887.00, 606.00, 30.00, 36.00, -1, -1, -1
257, 1, 598.00, 357.00, 26.00, 32.00, -1, -1, -1
257, 2, 1108.75, 130.93, 26.05, 72.10, -1, -1, -1
257, 5, 993.22, 649.83, 50.76, 52.56, -1, -1, -1
257, 60, 1807.54, 672.57, 90.40, 41.55, -1, -1, -1
257, 7, 1099.31, 265.70, 24.25, 43.99, -1, -1, -1
257, 72, 641.16, 914.85, 26.08, 78.74, -1, -1, -1
257, 65, 1232.00, 937.00, 28.00, 30.00, -1, -1, -1
257, 43, 804.74, 550.51, 27.26, 98.49, -1, -1, -1
257, 71, 380.00, 337.00, 38.00, 40.00, -1, -1, -1
258, 209, 315.00, 297.00, 17.00, 20.00, -1, -1, -1
258, 222, 820.00, 582.00, 16.00, 46.00, -1, -1, -1
258, 215, 655.00, 388.00, 15.00, 32.00, -1, -1, -1
258, 214, 539.00, 474.00, 17.00, 21.00, -1, -1, -1
258, 213, 699.00, 899.00, 19.00, 21.00, -1, -1, -1
258, 212, 289.00, 359.00, 32.00, 30.00, -1, -1, -1
258, 205, 524.00, 325.00, 23.00, 18.00, -1, -1, -1
258, 207, 1344.00, 298.00, 14.00, 24.00, -1, -1, -1
258, 200, 1002.00, 167.00, 16.00, 26.00, -1, -1, -1
258, 139, 1524.00, 871.00, 38.00, 19.00, -1, -1, -1
258, 111, 1282.00, 914.00, 35.00, 27.00, -1, -1, -1
258, 92, 1106.00, 728.00, 18.00, 52.00, -1, -1, -1
258, 87, 1417.00, 274.00, 20.00, 20.00, -1, -1, -1
258, 74, 1256.00, 121.00, 28.00, 21.00, -1, -1, -1
258, 65, 1232.00, 932.00, 28.00, 30.00, -1, -1, -1
258, 59, 808.00, 567.00, 35.00, 27.00, -1, -1, -1
258, 57, 887.00, 597.00, 30.00, 36.00, -1, -1, -1
258, 71, 378.00, 335.00, 39.00, 38.00, -1, -1, -1
258, 1, 598.00, 357.00, 26.00, 32.00, -1, -1, -1
258, 2, 1108.82, 130.20, 26.39, 72.94, -1, -1, -1
258, 5, 992.39, 649.93, 49.66, 51.55, -1, -1, -1
258, 60, 1810.47, 676.00, 91.53, 36.18, -1, -1, -1
258, 7, 1099.25, 265.24, 24.30, 44.13, -1, -1, -1
258, 72, 640.63, 910.82, 25.97, 78.30, -1, -1, -1
258, 43, 804.74, 545.99, 28.26, 105.01, -1, -1, -1
259, 209, 314.00, 295.00, 16.00, 17.00, -1, -1, -1
259, 222, 818.00, 568.00, 16.00, 46.00, -1, -1, -1
259, 215, 655.00, 388.00, 15.00, 32.00, -1, -1, -1
259, 214, 537.00, 467.00, 17.00, 21.00, -1, -1, -1
259, 213, 699.00, 899.00, 19.00, 21.00, -1, -1, -1
259, 212, 285.00, 354.00, 32.00, 30.00, -1, -1, -1
259, 205, 524.00, 325.00, 23.00, 18.00, -1, -1, -1
259, 207, 1344.00, 298.00, 14.00, 24.00, -1, -1, -1
259, 200, 1002.00, 167.00, 16.00, 26.00, -1, -1, -1
259, 139, 1524.00, 871.00, 38.00, 19.00, -1, -1, -1
259, 111, 1280.00, 909.00, 35.00, 27.00, -1, -1, -1
259, 92, 1106.00, 728.00, 18.00, 52.00, -1, -1, -1
259, 87, 1418.00, 264.00, 20.00, 20.00, -1, -1, -1
259, 74, 1256.00, 121.00, 28.00, 21.00, -1, -1, -1
259, 65, 1233.00, 929.00, 28.00, 30.00, -1, -1, -1
259, 59, 808.00, 567.00, 35.00, 27.00, -1, -1, -1
259, 57, 887.00, 597.00, 30.00, 36.00, -1, -1, -1
259, 71, 378.00, 335.00, 37.00, 35.00, -1, -1, -1
259, 1, 598.00, 357.00, 26.00, 32.00, -1, -1, -1
259, 2, 1108.61, 128.44, 26.97, 74.62, -1, -1, -1
259, 5, 991.59, 648.99, 50.29, 52.17, -1, -1, -1
259, 60, 1806.76, 672.13, 91.17, 41.00, -1, -1, -1
259, 7, 1099.25, 264.58, 24.29, 44.19, -1, -1, -1
259, 72, 639.44, 908.44, 24.46, 74.15, -1, -1, -1
259, 43, 804.00, 542.00, 27.00, 103.00, -1, -1, -1
26, 212, 497.00, 432.00, 34.00, 28.00, -1, -1, -1
26, 205, 675.00, 1069.00, 15.00, 11.00, -1, -1, -1
26, 203, 343.00, 416.00, 25.00, 25.00, -1, -1, -1
26, 202, 316.00, 445.00, 18.00, 18.00, -1, -1, -1
26, 200, 969.00, 243.00, 14.00, 23.00, -1, -1, -1
26, 17, 971.00, 103.00, 27.00, 27.00, -1, -1, -1
26, 1, 737.48, 636.78, 100.19, 62.70, -1, -1, -1
26, 2, 1001.13, 76.77, 39.21, 90.51, -1, -1, -1
26, 3, 1441.06, 0.63, 36.68, 44.70, -1, -1, -1
26, 4, 12.27, 154.92, 59.04, 58.72, -1, -1, -1
26, 5, 1256.58, 751.68, 57.12, 48.92, -1, -1, -1
26, 6, 822.02, 388.26, 59.97, 38.15, -1, -1, -1
26, 7, 1147.75, 328.65, 30.60, 45.36, -1, -1, -1
26, 8, 278.33, 825.15, 36.64, 47.15, -1, -1, -1
26, 9, 1029.82, 916.78, 40.52, 44.05, -1, -1, -1
26, 10, 55.11, 515.33, 17.73, 31.52, -1, -1, -1
26, 14, 724.79, 296.49, 38.59, 25.71, -1, -1, -1
260, 209, 312.00, 289.00, 17.00, 20.00, -1, -1, -1
260, 222, 817.00, 549.00, 16.00, 46.00, -1, -1, -1
260, 215, 654.00, 383.00, 15.00, 32.00, -1, -1, -1
260, 214, 537.00, 467.00, 17.00, 21.00, -1, -1, -1
260, 213, 693.00, 896.00, 19.00, 21.00, -1, -1, -1
260, 212, 285.00, 354.00, 32.00, 30.00, -1, -1, -1
260, 205, 522.00, 315.00, 23.00, 18.00, -1, -1, -1
260, 207, 1346.00, 289.00, 14.00, 24.00, -1, -1, -1
260, 200, 1003.00, 163.00, 16.00, 26.00, -1, -1, -1
260, 139, 1519.00, 868.00, 38.00, 19.00, -1, -1, -1
260, 111, 1280.00, 909.00, 35.00, 27.00, -1, -1, -1
260, 92, 1106.00, 728.00, 18.00, 52.00, -1, -1, -1
260, 87, 1418.00, 264.00, 20.00, 20.00, -1, -1, -1
260, 74, 1255.00, 114.00, 28.00, 21.00, -1, -1, -1
260, 65, 1233.00, 929.00, 28.00, 30.00, -1, -1, -1
260, 59, 808.00, 567.00, 35.00, 27.00, -1, -1, -1
260, 1, 601.00, 354.00, 26.00, 32.00, -1, -1, -1
260, 2, 1108.57, 127.77, 27.10, 75.02, -1, -1, -1
260, 5, 991.10, 648.66, 50.00, 51.90, -1, -1, -1
260, 60, 1805.39, 668.85, 95.21, 42.59, -1, -1, -1
260, 7, 1099.32, 264.59, 24.16, 43.97, -1, -1, -1
260, 72, 638.85, 906.22, 24.25, 73.58, -1, -1, -1
260, 43, 803.00, 537.00, 28.00, 104.00, -1, -1, -1
260, 57, 889.00, 592.00, 25.00, 36.00, -1, -1, -1
260, 71, 375.00, 330.00, 39.00, 37.00, -1, -1, -1
261, 209, 311.00, 284.00, 17.00, 20.00, -1, -1, -1
261, 222, 817.00, 531.00, 16.00, 46.00, -1, -1, -1
261, 215, 654.00, 383.00, 15.00, 32.00, -1, -1, -1
261, 214, 537.00, 467.00, 17.00, 21.00, -1, -1, -1
261, 213, 693.00, 896.00, 19.00, 21.00, -1, -1, -1
261, 212, 285.00, 354.00, 32.00, 30.00, -1, -1, -1
261, 205, 522.00, 315.00, 23.00, 18.00, -1, -1, -1
261, 207, 1346.00, 289.00, 14.00, 24.00, -1, -1, -1
261, 200, 1003.00, 163.00, 16.00, 26.00, -1, -1, -1
261, 139, 1519.00, 868.00, 38.00, 19.00, -1, -1, -1
261, 111, 1280.00, 909.00, 35.00, 27.00, -1, -1, -1
261, 92, 1106.00, 722.00, 18.00, 52.00, -1, -1, -1
261, 87, 1420.00, 255.00, 21.00, 24.00, -1, -1, -1
261, 74, 1255.00, 114.00, 28.00, 21.00, -1, -1, -1
261, 59, 811.00, 557.00, 35.00, 27.00, -1, -1, -1
261, 2, 1108.80, 126.66, 27.62, 76.27, -1, -1, -1
261, 5, 990.74, 648.55, 49.31, 51.30, -1, -1, -1
261, 60, 1805.69, 668.06, 95.25, 42.26, -1, -1, -1
261, 7, 1099.30, 264.23, 24.22, 44.13, -1, -1, -1
261, 72, 637.59, 901.50, 25.30, 76.40, -1, -1, -1
261, 43, 802.82, 534.00, 31.18, 101.90, -1, -1, -1
261, 57, 887.00, 586.00, 28.00, 37.00, -1, -1, -1
261, 71, 372.46, 323.15, 38.52, 39.75, -1, -1, -1
261, 1, 599.10, 351.89, 27.56, 29.27, -1, -1, -1
261, 65, 1235.05, 922.80, 30.17, 32.67, -1, -1, -1
262, 209, 309.00, 281.00, 17.00, 20.00, -1, -1, -1
262, 222, 816.00, 511.00, 16.00, 46.00, -1, -1, -1
262, 215, 654.00, 383.00, 15.00, 32.00, -1, -1, -1
262, 214, 535.00, 461.00, 17.00, 21.00, -1, -1, -1
262, 213, 693.00, 896.00, 19.00, 21.00, -1, -1, -1
262, 212, 285.00, 354.00, 32.00, 30.00, -1, -1, -1
262, 205, 518.00, 308.00, 23.00, 18.00, -1, -1, -1
262, 207, 1346.00, 283.00, 14.00, 24.00, -1, -1, -1
262, 200, 1003.00, 163.00, 16.00, 26.00, -1, -1, -1
262, 99, 1026.00, 505.00, 23.00, 17.00, -1, -1, -1
262, 139, 1519.00, 868.00, 38.00, 19.00, -1, -1, -1
262, 111, 1280.00, 909.00, 35.00, 27.00, -1, -1, -1
262, 92, 1106.00, 722.00, 18.00, 52.00, -1, -1, -1
262, 87, 1420.00, 255.00, 21.00, 24.00, -1, -1, -1
262, 74, 1256.00, 109.00, 28.00, 21.00, -1, -1, -1
262, 59, 811.00, 557.00, 35.00, 27.00, -1, -1, -1
262, 2, 1109.42, 126.37, 27.71, 76.74, -1, -1, -1
262, 5, 989.67, 648.03, 49.00, 51.08, -1, -1, -1
262, 60, 1800.68, 665.34, 101.65, 45.09, -1, -1, -1
262, 7, 1099.25, 263.73, 24.34, 44.45, -1, -1, -1
262, 72, 637.67, 897.38, 25.61, 77.44, -1, -1, -1
262, 43, 802.74, 528.00, 28.26, 102.79, -1, -1, -1
262, 57, 886.00, 584.00, 28.00, 34.00, -1, -1, -1
262, 71, 374.17, 321.73, 35.11, 36.43, -1, -1, -1
262, 1, 599.85, 350.44, 28.25, 29.25, -1, -1, -1
262, 65, 1234.70, 919.65, 30.58, 32.99, -1, -1, -1
263, 209, 308.00, 274.00, 17.00, 20.00, -1, -1, -1
263, 222, 815.00, 493.00, 16.00, 46.00, -1, -1, -1
263, 215, 654.00, 376.00, 15.00, 32.00, -1, -1, -1
263, 214, 535.00, 461.00, 17.00, 21.00, -1, -1, -1
263, 213, 693.00, 896.00, 19.00, 21.00, -1, -1, -1
263, 212, 277.00, 355.00, 32.00, 30.00, -1, -1, -1
263, 205, 518.00, 301.00, 23.00, 18.00, -1, -1, -1
263, 207, 1346.00, 283.00, 14.00, 24.00, -1, -1, -1
263, 200, 1003.00, 163.00, 16.00, 26.00, -1, -1, -1
263, 99, 1026.00, 505.00, 23.00, 17.00, -1, -1, -1
263, 139, 1519.00, 868.00, 38.00, 19.00, -1, -1, -1
263, 111, 1280.00, 909.00, 35.00, 27.00, -1, -1, -1
263, 92, 1106.00, 722.00, 18.00, 52.00, -1, -1, -1
263, 87, 1422.00, 247.00, 21.00, 24.00, -1, -1, -1
263, 74, 1256.00, 109.00, 28.00, 21.00, -1, -1, -1
263, 59, 811.00, 552.00, 35.00, 27.00, -1, -1, -1
263, 57, 889.00, 582.00, 28.00, 34.00, -1, -1, -1
263, 71, 370.00, 321.00, 40.00, 37.00, -1, -1, -1
263, 2, 1109.60, 126.27, 27.84, 76.92, -1, -1, -1
263, 5, 988.56, 647.11, 49.38, 51.49, -1, -1, -1
263, 60, 1799.41, 664.58, 100.97, 44.69, -1, -1, -1
263, 7, 1098.92, 263.81, 24.02, 43.82, -1, -1, -1
263, 72, 636.76, 893.97, 25.72, 77.84, -1, -1, -1
263, 43, 802.00, 524.00, 30.00, 101.00, -1, -1, -1
263, 1, 601.10, 350.45, 27.48, 27.75, -1, -1, -1
263, 65, 1235.68, 916.59, 30.45, 33.10, -1, -1, -1
264, 209, 307.00, 273.00, 17.00, 20.00, -1, -1, -1
264, 222, 815.00, 475.00, 16.00, 46.00, -1, -1, -1
264, 215, 654.00, 376.00, 15.00, 32.00, -1, -1, -1
264, 214, 535.00, 461.00, 17.00, 21.00, -1, -1, -1
264, 213, 693.00, 896.00, 19.00, 21.00, -1, -1, -1
264, 212, 277.00, 355.00, 32.00, 30.00, -1, -1, -1
264, 205, 518.00, 301.00, 23.00, 18.00, -1, -1, -1
264, 207, 1349.00, 277.00, 14.00, 24.00, -1, -1, -1
264, 200, 1003.00, 163.00, 16.00, 26.00, -1, -1, -1
264, 99, 1026.00, 505.00, 23.00, 17.00, -1, -1, -1
264, 139, 1519.00, 868.00, 38.00, 19.00, -1, -1, -1
264, 111, 1280.00, 909.00, 35.00, 27.00, -1, -1, -1
264, 92, 1106.00, 722.00, 18.00, 52.00, -1, -1, -1
264, 87, 1422.00, 247.00, 21.00, 24.00, -1, -1, -1
264, 74, 1257.00, 101.00, 28.00, 21.00, -1, -1, -1
264, 59, 811.00, 552.00, 35.00, 27.00, -1, -1, -1
264, 71, 370.00, 321.00, 39.00, 36.00, -1, -1, -1
264, 2, 1109.61, 126.74, 27.99, 76.73, -1, -1, -1
264, 5, 987.55, 646.53, 49.78, 52.15, -1, -1, -1
264, 60, 1797.93, 663.62, 100.75, 44.51, -1, -1, -1
264, 7, 1098.80, 263.60, 23.90, 43.59, -1, -1, -1
264, 72, 635.95, 890.33, 25.74, 77.99, -1, -1, -1
264, 43, 801.34, 518.00, 28.66, 102.65, -1, -1, -1
264, 1, 601.41, 349.24, 28.48, 28.20, -1, -1, -1
264, 65, 1234.71, 912.09, 33.03, 36.08, -1, -1, -1
264, 57, 885.00, 577.00, 29.00, 35.00, -1, -1, -1
265, 209, 303.00, 266.00, 17.00, 20.00, -1, -1, -1
265, 222, 815.00, 455.00, 16.00, 46.00, -1, -1, -1
265, 215, 654.00, 376.00, 15.00, 32.00, -1, -1, -1
265, 214, 534.00, 452.00, 17.00, 21.00, -1, -1, -1
265, 213, 693.00, 896.00, 19.00, 21.00, -1, -1, -1
265, 212, 277.00, 355.00, 32.00, 30.00, -1, -1, -1
265, 205, 518.00, 290.00, 23.00, 18.00, -1, -1, -1
265, 207, 1349.00, 277.00, 14.00, 24.00, -1, -1, -1
265, 200, 1003.00, 163.00, 16.00, 26.00, -1, -1, -1
265, 99, 1026.00, 502.00, 23.00, 17.00, -1, -1, -1
265, 139, 1519.00, 868.00, 38.00, 19.00, -1, -1, -1
265, 111, 1280.00, 909.00, 35.00, 27.00, -1, -1, -1
265, 92, 1106.00, 714.00, 18.00, 52.00, -1, -1, -1
265, 87, 1423.00, 241.00, 21.00, 24.00, -1, -1, -1
265, 74, 1257.00, 101.00, 28.00, 21.00, -1, -1, -1
265, 59, 811.00, 552.00, 35.00, 27.00, -1, -1, -1
265, 71, 370.00, 321.00, 37.00, 35.00, -1, -1, -1
265, 2, 1110.29, 127.79, 27.67, 75.53, -1, -1, -1
265, 5, 986.68, 646.33, 49.01, 51.41, -1, -1, -1
265, 60, 1797.00, 663.29, 99.51, 43.94, -1, -1, -1
265, 7, 1098.47, 262.28, 24.45, 44.74, -1, -1, -1
265, 72, 634.69, 886.62, 25.73, 78.04, -1, -1, -1
265, 43, 801.26, 511.00, 29.74, 104.70, -1, -1, -1
265, 1, 601.20, 347.34, 29.94, 29.36, -1, -1, -1
265, 65, 1235.71, 909.01, 33.18, 36.23, -1, -1, -1
265, 57, 886.00, 573.00, 27.00, 35.00, -1, -1, -1
266, 209, 304.00, 263.00, 17.00, 20.00, -1, -1, -1
266, 222, 814.00, 438.00, 16.00, 46.00, -1, -1, -1
266, 215, 651.00, 371.00, 15.00, 32.00, -1, -1, -1
266, 214, 534.00, 452.00, 17.00, 21.00, -1, -1, -1
266, 213, 693.00, 896.00, 19.00, 21.00, -1, -1, -1
266, 212, 277.00, 355.00, 32.00, 30.00, -1, -1, -1
266, 205, 518.00, 290.00, 23.00, 18.00, -1, -1, -1
266, 207, 1351.00, 271.00, 14.00, 24.00, -1, -1, -1
266, 200, 1003.00, 163.00, 16.00, 26.00, -1, -1, -1
266, 99, 1026.00, 502.00, 23.00, 17.00, -1, -1, -1
266, 139, 1519.00, 868.00, 38.00, 19.00, -1, -1, -1
266, 111, 1280.00, 909.00, 35.00, 27.00, -1, -1, -1
266, 92, 1106.00, 714.00, 18.00, 52.00, -1, -1, -1
266, 87, 1425.00, 236.00, 21.00, 24.00, -1, -1, -1
266, 74, 1259.00, 94.00, 28.00, 21.00, -1, -1, -1
266, 59, 813.00, 544.00, 35.00, 27.00, -1, -1, -1
266, 71, 369.00, 317.00, 38.00, 37.00, -1, -1, -1
266, 2, 1110.77, 127.45, 28.06, 76.07, -1, -1, -1
266, 5, 986.40, 646.28, 48.68, 51.12, -1, -1, -1
266, 60, 1796.30, 661.73, 101.81, 44.70, -1, -1, -1
266, 7, 1098.43, 262.05, 24.50, 44.93, -1, -1, -1
266, 72, 633.47, 881.39, 26.28, 80.03, -1, -1, -1
266, 43, 803.00, 516.00, 30.00, 95.05, -1, -1, -1
266, 1, 601.76, 346.41, 30.65, 29.79, -1, -1, -1
266, 65, 1235.34, 904.52, 34.71, 38.21, -1, -1, -1
266, 57, 887.00, 572.00, 28.00, 35.00, -1, -1, -1
267, 209, 303.00, 259.00, 17.00, 20.00, -1, -1, -1
267, 222, 813.00, 417.00, 16.00, 46.00, -1, -1, -1
267, 215, 651.00, 371.00, 15.00, 32.00, -1, -1, -1
267, 214, 534.00, 452.00, 17.00, 21.00, -1, -1, -1
267, 213, 693.00, 896.00, 19.00, 21.00, -1, -1, -1
267, 212, 277.00, 355.00, 32.00, 30.00, -1, -1, -1
267, 205, 514.00, 279.00, 23.00, 18.00, -1, -1, -1
267, 207, 1351.00, 271.00, 14.00, 24.00, -1, -1, -1
267, 200, 1003.00, 163.00, 16.00, 26.00, -1, -1, -1
267, 99, 1027.00, 494.00, 23.00, 17.00, -1, -1, -1
267, 139, 1515.00, 865.00, 38.00, 19.00, -1, -1, -1
267, 111, 1280.00, 909.00, 35.00, 27.00, -1, -1, -1
267, 92, 1106.00, 714.00, 18.00, 52.00, -1, -1, -1
267, 87, 1425.00, 229.00, 24.00, 28.00, -1, -1, -1
267, 74, 1259.00, 94.00, 28.00, 21.00, -1, -1, -1
267, 59, 813.00, 544.00, 35.00, 27.00, -1, -1, -1
267, 71, 369.00, 312.00, 37.00, 34.00, -1, -1, -1
267, 2, 1111.03, 128.19, 28.04, 75.40, -1, -1, -1
267, 5, 985.36, 645.78, 48.52, 51.02, -1, -1, -1
267, 60, 1796.14, 661.18, 98.60, 43.02, -1, -1, -1
267, 7, 1098.43, 261.73, 24.48, 45.00, -1, -1, -1
267, 72, 633.38, 878.55, 26.28, 79.80, -1, -1, -1
267, 43, 803.00, 503.00, 32.58, 103.77, -1, -1, -1
267, 1, 602.38, 345.12, 31.05, 29.96, -1, -1, -1
267, 65, 1237.63, 902.87, 32.31, 36.08, -1, -1, -1
267, 57, 883.85, 561.58, 33.23, 43.81, -1, -1, -1
268, 209, 301.00, 254.00, 17.00, 20.00, -1, -1, -1
268, 222, 813.00, 398.00, 16.00, 46.00, -1, -1, -1
268, 215, 651.00, 366.00, 15.00, 32.00, -1, -1, -1
268, 214, 532.00, 447.00, 17.00, 21.00, -1, -1, -1
268, 213, 693.00, 896.00, 19.00, 21.00, -1, -1, -1
268, 212, 277.00, 355.00, 32.00, 30.00, -1, -1, -1
268, 205, 514.00, 279.00, 23.00, 18.00, -1, -1, -1
268, 207, 1353.00, 263.00, 14.00, 24.00, -1, -1, -1
268, 200, 1003.00, 163.00, 16.00, 26.00, -1, -1, -1
268, 99, 1027.00, 494.00, 23.00, 17.00, -1, -1, -1
268, 139, 1515.00, 865.00, 38.00, 19.00, -1, -1, -1
268, 111, 1280.00, 909.00, 35.00, 27.00, -1, -1, -1
268, 92, 1106.00, 707.00, 18.00, 52.00, -1, -1, -1
268, 87, 1426.00, 221.00, 24.00, 28.00, -1, -1, -1
268, 74, 1258.00, 88.00, 28.00, 21.00, -1, -1, -1
268, 59, 806.00, 534.00, 37.00, 30.00, -1, -1, -1
268, 71, 368.00, 308.00, 37.00, 38.00, -1, -1, -1
268, 2, 1111.25, 129.84, 27.75, 73.90, -1, -1, -1
268, 5, 983.61, 644.37, 49.25, 51.98, -1, -1, -1
268, 60, 1793.99, 661.03, 97.62, 42.35, -1, -1, -1
268, 7, 1098.34, 261.13, 24.68, 45.52, -1, -1, -1
268, 72, 632.54, 875.14, 25.98, 78.70, -1, -1, -1
268, 43, 801.29, 498.00, 32.71, 103.37, -1, -1, -1
268, 1, 602.78, 343.92, 31.31, 30.02, -1, -1, -1
268, 65, 1236.43, 896.95, 35.50, 40.14, -1, -1, -1
268, 57, 884.50, 559.66, 33.31, 43.47, -1, -1, -1
269, 209, 300.00, 249.00, 17.00, 20.00, -1, -1, -1
269, 222, 812.00, 379.00, 16.00, 46.00, -1, -1, -1
269, 215, 651.00, 366.00, 15.00, 32.00, -1, -1, -1
269, 214, 532.00, 447.00, 17.00, 21.00, -1, -1, -1
269, 213, 690.00, 892.00, 19.00, 21.00, -1, -1, -1
269, 212, 270.00, 353.00, 32.00, 30.00, -1, -1, -1
269, 205, 512.00, 267.00, 23.00, 18.00, -1, -1, -1
269, 207, 1353.00, 263.00, 14.00, 24.00, -1, -1, -1
269, 200, 1003.00, 163.00, 16.00, 26.00, -1, -1, -1
269, 99, 1027.00, 494.00, 23.00, 17.00, -1, -1, -1
269, 139, 1515.00, 865.00, 38.00, 19.00, -1, -1, -1
269, 111, 1273.00, 908.00, 35.00, 27.00, -1, -1, -1
269, 92, 1106.00, 707.00, 18.00, 52.00, -1, -1, -1
269, 87, 1426.00, 221.00, 24.00, 28.00, -1, -1, -1
269, 74, 1258.00, 88.00, 28.00, 21.00, -1, -1, -1
269, 59, 806.00, 534.00, 37.00, 30.00, -1, -1, -1
269, 71, 368.00, 308.00, 35.00, 33.00, -1, -1, -1
269, 2, 1110.94, 131.21, 27.40, 72.58, -1, -1, -1
269, 5, 983.04, 644.10, 49.42, 52.34, -1, -1, -1
269, 60, 1794.22, 660.51, 95.30, 41.10, -1, -1, -1
269, 7, 1098.26, 260.42, 24.85, 45.71, -1, -1, -1
269, 72, 631.53, 872.02, 25.81, 78.28, -1, -1, -1
269, 43, 800.84, 486.72, 35.02, 109.59, -1, -1, -1
269, 1, 603.00, 342.77, 31.72, 30.28, -1, -1, -1
269, 65, 1238.10, 895.74, 33.41, 37.82, -1, -1, -1
269, 57, 885.19, 558.05, 31.41, 40.33, -1, -1, -1
27, 212, 497.00, 432.00, 34.00, 28.00, -1, -1, -1
27, 205, 673.00, 1064.00, 15.00, 16.00, -1, -1, -1
27, 203, 343.00, 416.00, 25.00, 25.00, -1, -1, -1
27, 202, 316.00, 445.00, 18.00, 18.00, -1, -1, -1
27, 200, 969.00, 243.00, 14.00, 23.00, -1, -1, -1
27, 17, 971.00, 103.00, 27.00, 27.00, -1, -1, -1
27, 10, 56.00, 514.00, 19.00, 34.00, -1, -1, -1
27, 14, 723.00, 296.00, 42.00, 28.00, -1, -1, -1
27, 1, 736.23, 635.15, 99.95, 62.42, -1, -1, -1
27, 2, 1001.17, 76.10, 39.52, 91.77, -1, -1, -1
27, 3, 1440.86, 0.73, 35.94, 43.78, -1, -1, -1
27, 4, 10.58, 156.08, 57.60, 57.22, -1, -1, -1
27, 5, 1254.70, 750.96, 57.60, 49.27, -1, -1, -1
27, 6, 819.00, 383.00, 60.00, 45.00, -1, -1, -1
27, 7, 1146.74, 327.98, 30.72, 45.90, -1, -1, -1
27, 8, 276.65, 822.38, 37.04, 47.73, -1, -1, -1
27, 9, 1031.13, 915.74, 37.91, 40.87, -1, -1, -1
270, 209, 299.00, 246.00, 17.00, 20.00, -1, -1, -1
270, 222, 811.00, 359.00, 16.00, 46.00, -1, -1, -1
270, 215, 651.00, 362.00, 15.00, 32.00, -1, -1, -1
270, 214, 532.00, 447.00, 17.00, 21.00, -1, -1, -1
270, 213, 690.00, 892.00, 19.00, 21.00, -1, -1, -1
270, 212, 270.00, 353.00, 32.00, 30.00, -1, -1, -1
270, 205, 512.00, 267.00, 23.00, 18.00, -1, -1, -1
270, 207, 1355.00, 259.00, 14.00, 24.00, -1, -1, -1
270, 200, 1003.00, 163.00, 16.00, 26.00, -1, -1, -1
270, 99, 1028.00, 488.00, 23.00, 17.00, -1, -1, -1
270, 139, 1515.00, 865.00, 38.00, 19.00, -1, -1, -1
270, 111, 1273.00, 908.00, 35.00, 27.00, -1, -1, -1
270, 92, 1107.00, 701.00, 18.00, 52.00, -1, -1, -1
270, 87, 1428.00, 218.00, 24.00, 28.00, -1, -1, -1
270, 74, 1259.00, 78.00, 28.00, 21.00, -1, -1, -1
270, 59, 806.00, 534.00, 37.00, 30.00, -1, -1, -1
270, 71, 363.00, 297.00, 41.00, 42.00, -1, -1, -1
270, 2, 1110.90, 132.47, 27.10, 71.35, -1, -1, -1
270, 5, 981.91, 643.53, 49.40, 52.47, -1, -1, -1
270, 60, 1793.21, 659.86, 94.71, 40.64, -1, -1, -1
270, 7, 1097.80, 260.17, 24.80, 45.78, -1, -1, -1
270, 72, 629.91, 866.51, 26.30, 80.10, -1, -1, -1
270, 43, 800.48, 481.05, 35.52, 110.55, -1, -1, -1
270, 1, 605.35, 342.87, 29.76, 28.17, -1, -1, -1
270, 65, 1240.74, 895.50, 30.52, 34.80, -1, -1, -1
270, 57, 884.07, 553.50, 34.49, 43.85, -1, -1, -1
271, 209, 296.00, 242.00, 17.00, 20.00, -1, -1, -1
271, 222, 811.00, 337.00, 16.00, 46.00, -1, -1, -1
271, 215, 651.00, 362.00, 15.00, 32.00, -1, -1, -1
271, 214, 530.00, 440.00, 17.00, 21.00, -1, -1, -1
271, 213, 690.00, 892.00, 19.00, 21.00, -1, -1, -1
271, 212, 270.00, 353.00, 32.00, 30.00, -1, -1, -1
271, 205, 511.00, 257.00, 23.00, 18.00, -1, -1, -1
271, 207, 1355.00, 259.00, 14.00, 24.00, -1, -1, -1
271, 200, 1003.00, 163.00, 16.00, 26.00, -1, -1, -1
271, 99, 1028.00, 488.00, 23.00, 17.00, -1, -1, -1
271, 139, 1509.00, 864.00, 38.00, 19.00, -1, -1, -1
271, 111, 1273.00, 908.00, 35.00, 27.00, -1, -1, -1
271, 92, 1107.00, 701.00, 18.00, 52.00, -1, -1, -1
271, 87, 1430.00, 212.00, 24.00, 28.00, -1, -1, -1
271, 74, 1259.00, 78.00, 28.00, 21.00, -1, -1, -1
271, 59, 807.00, 529.00, 37.00, 30.00, -1, -1, -1
271, 2, 1110.73, 132.67, 27.28, 71.53, -1, -1, -1
271, 5, 981.57, 642.84, 49.31, 52.52, -1, -1, -1
271, 60, 1790.59, 658.15, 97.06, 41.48, -1, -1, -1
271, 7, 1097.65, 260.08, 24.74, 45.80, -1, -1, -1
271, 72, 630.02, 863.57, 25.10, 76.85, -1, -1, -1
271, 43, 800.29, 475.89, 35.81, 110.91, -1, -1, -1
271, 1, 605.40, 340.95, 31.16, 29.37, -1, -1, -1
271, 65, 1242.12, 893.56, 29.60, 33.63, -1, -1, -1
271, 57, 885.18, 551.44, 31.56, 39.64, -1, -1, -1
271, 71, 366.07, 296.32, 36.00, 36.70, -1, -1, -1
272, 209, 295.00, 235.00, 17.00, 20.00, -1, -1, -1
272, 222, 810.00, 317.00, 16.00, 46.00, -1, -1, -1
272, 215, 650.00, 358.00, 15.00, 32.00, -1, -1, -1
272, 214, 530.00, 440.00, 17.00, 21.00, -1, -1, -1
272, 213, 690.00, 892.00, 19.00, 21.00, -1, -1, -1
272, 212, 270.00, 353.00, 32.00, 30.00, -1, -1, -1
272, 205, 511.00, 257.00, 23.00, 18.00, -1, -1, -1
272, 207, 1356.00, 252.00, 14.00, 24.00, -1, -1, -1
272, 200, 1003.00, 163.00, 16.00, 26.00, -1, -1, -1
272, 99, 1029.00, 483.00, 23.00, 17.00, -1, -1, -1
272, 139, 1509.00, 864.00, 38.00, 19.00, -1, -1, -1
272, 111, 1273.00, 908.00, 35.00, 27.00, -1, -1, -1
272, 92, 1107.00, 701.00, 18.00, 52.00, -1, -1, -1
272, 87, 1433.00, 207.00, 24.00, 28.00, -1, -1, -1
272, 74, 1259.00, 77.00, 28.00, 21.00, -1, -1, -1
272, 59, 807.00, 529.00, 37.00, 30.00, -1, -1, -1
272, 2, 1110.71, 133.10, 27.26, 71.11, -1, -1, -1
272, 5, 980.72, 642.84, 48.80, 52.04, -1, -1, -1
272, 60, 1790.83, 657.55, 95.60, 40.80, -1, -1, -1
272, 7, 1097.62, 259.82, 24.67, 45.80, -1, -1, -1
272, 72, 627.75, 858.63, 25.34, 77.58, -1, -1, -1
272, 43, 800.04, 470.42, 36.29, 112.03, -1, -1, -1
272, 1, 606.34, 340.52, 30.76, 28.81, -1, -1, -1
272, 65, 1244.10, 891.44, 28.27, 32.19, -1, -1, -1
272, 57, 885.89, 548.58, 30.89, 38.48, -1, -1, -1
272, 71, 364.84, 293.83, 35.50, 35.76, -1, -1, -1
273, 209, 294.00, 232.00, 17.00, 20.00, -1, -1, -1
273, 222, 809.00, 295.00, 16.00, 46.00, -1, -1, -1
273, 215, 650.00, 358.00, 15.00, 32.00, -1, -1, -1
273, 214, 530.00, 440.00, 17.00, 21.00, -1, -1, -1
273, 213, 690.00, 892.00, 19.00, 21.00, -1, -1, -1
273, 212, 270.00, 353.00, 32.00, 30.00, -1, -1, -1
273, 205, 507.00, 247.00, 23.00, 18.00, -1, -1, -1
273, 207, 1356.00, 252.00, 14.00, 24.00, -1, -1, -1
273, 200, 1003.00, 163.00, 16.00, 26.00, -1, -1, -1
273, 99, 1029.00, 483.00, 23.00, 17.00, -1, -1, -1
273, 139, 1509.00, 864.00, 38.00, 19.00, -1, -1, -1
273, 111, 1273.00, 908.00, 35.00, 27.00, -1, -1, -1
273, 92, 1107.00, 701.00, 18.00, 52.00, -1, -1, -1
273, 87, 1433.00, 204.00, 24.00, 28.00, -1, -1, -1
273, 74, 1259.00, 77.00, 28.00, 21.00, -1, -1, -1
273, 59, 807.00, 522.00, 37.00, 30.00, -1, -1, -1
273, 71, 362.00, 292.00, 41.00, 42.00, -1, -1, -1
273, 2, 1110.47, 132.25, 27.69, 72.09, -1, -1, -1
273, 5, 980.25, 642.12, 48.97, 52.35, -1, -1, -1
273, 60, 1790.30, 657.12, 94.39, 40.05, -1, -1, -1
273, 7, 1097.58, 259.24, 24.72, 46.05, -1, -1, -1
273, 72, 627.01, 854.94, 25.29, 77.85, -1, -1, -1
273, 43, 799.36, 464.59, 36.67, 112.45, -1, -1, -1
273, 1, 607.09, 339.42, 30.78, 28.59, -1, -1, -1
273, 65, 1243.52, 886.21, 30.33, 34.72, -1, -1, -1
273, 57, 885.88, 545.37, 31.16, 38.60, -1, -1, -1
274, 209, 290.00, 228.00, 17.00, 20.00, -1, -1, -1
274, 222, 809.00, 271.00, 16.00, 51.00, -1, -1, -1
274, 215, 650.00, 358.00, 15.00, 32.00, -1, -1, -1
274, 214, 529.00, 432.00, 17.00, 21.00, -1, -1, -1
274, 213, 690.00, 892.00, 19.00, 21.00, -1, -1, -1
274, 212, 270.00, 353.00, 32.00, 30.00, -1, -1, -1
274, 205, 507.00, 247.00, 23.00, 18.00, -1, -1, -1
274, 207, 1358.00, 247.00, 14.00, 24.00, -1, -1, -1
274, 200, 1003.00, 163.00, 16.00, 26.00, -1, -1, -1
274, 99, 1029.00, 476.00, 23.00, 17.00, -1, -1, -1
274, 139, 1509.00, 864.00, 38.00, 19.00, -1, -1, -1
274, 111, 1273.00, 908.00, 35.00, 27.00, -1, -1, -1
274, 92, 1108.00, 694.00, 18.00, 52.00, -1, -1, -1
274, 87, 1434.00, 199.00, 24.00, 28.00, -1, -1, -1
274, 65, 1243.52, 886.21, 30.33, 34.72, -1, -1, -1
274, 59, 807.00, 522.00, 37.00, 30.00, -1, -1, -1
274, 71, 362.00, 292.00, 36.00, 36.00, -1, -1, -1
274, 2, 1111.01, 133.29, 27.58, 71.10, -1, -1, -1
274, 5, 979.34, 641.62, 48.58, 51.97, -1, -1, -1
274, 60, 1788.76, 660.00, 98.24, 37.02, -1, -1, -1
274, 7, 1097.42, 258.30, 25.04, 46.88, -1, -1, -1
274, 72, 626.53, 851.21, 25.75, 78.94, -1, -1, -1
274, 43, 799.11, 459.61, 36.80, 112.10, -1, -1, -1
274, 1, 609.05, 339.05, 29.87, 27.51, -1, -1, -1
274, 57, 885.16, 541.78, 30.67, 37.66, -1, -1, -1
274, 74, 1259.00, 67.00, 30.00, 20.00, -1, -1, -1
275, 209, 290.00, 224.00, 17.00, 20.00, -1, -1, -1
275, 222, 807.00, 249.00, 18.00, 51.00, -1, -1, -1
275, 215, 649.00, 354.00, 15.00, 32.00, -1, -1, -1
275, 214, 529.00, 432.00, 17.00, 21.00, -1, -1, -1
275, 213, 690.00, 892.00, 19.00, 21.00, -1, -1, -1
275, 212, 270.00, 353.00, 32.00, 30.00, -1, -1, -1
275, 205, 505.00, 233.00, 23.00, 18.00, -1, -1, -1
275, 207, 1358.00, 247.00, 14.00, 24.00, -1, -1, -1
275, 200, 1003.00, 163.00, 16.00, 26.00, -1, -1, -1
275, 99, 1029.00, 476.00, 23.00, 17.00, -1, -1, -1
275, 139, 1509.00, 864.00, 38.00, 19.00, -1, -1, -1
275, 111, 1273.00, 908.00, 35.00, 27.00, -1, -1, -1
275, 92, 1108.00, 694.00, 18.00, 52.00, -1, -1, -1
275, 87, 1435.00, 193.00, 24.00, 28.00, -1, -1, -1
275, 74, 1259.00, 67.00, 30.00, 20.00, -1, -1, -1
275, 65, 1243.52, 886.21, 30.33, 34.72, -1, -1, -1
275, 59, 807.00, 513.00, 37.00, 30.00, -1, -1, -1
275, 71, 358.00, 284.00, 41.00, 42.00, -1, -1, -1
275, 2, 1111.17, 133.17, 27.63, 70.99, -1, -1, -1
275, 5, 978.62, 641.45, 48.26, 51.83, -1, -1, -1
275, 60, 1788.88, 654.45, 96.69, 40.59, -1, -1, -1
275, 7, 1097.29, 257.46, 25.31, 47.68, -1, -1, -1
275, 72, 626.06, 847.48, 25.57, 78.37, -1, -1, -1
275, 43, 799.03, 456.20, 36.85, 110.47, -1, -1, -1
275, 1, 610.33, 338.20, 29.88, 27.36, -1, -1, -1
275, 57, 885.50, 537.80, 30.30, 36.83, -1, -1, -1
276, 209, 287.00, 218.00, 17.00, 20.00, -1, -1, -1
276, 222, 808.00, 229.00, 16.00, 46.00, -1, -1, -1
276, 215, 649.00, 354.00, 15.00, 32.00, -1, -1, -1
276, 214, 529.00, 432.00, 17.00, 21.00, -1, -1, -1
276, 213, 690.00, 892.00, 19.00, 21.00, -1, -1, -1
276, 212, 270.00, 353.00, 32.00, 30.00, -1, -1, -1
276, 205, 505.00, 233.00, 23.00, 18.00, -1, -1, -1
276, 207, 1358.00, 238.00, 14.00, 24.00, -1, -1, -1
276, 200, 1003.00, 163.00, 16.00, 26.00, -1, -1, -1
276, 99, 1029.00, 476.00, 23.00, 17.00, -1, -1, -1
276, 139, 1506.00, 864.00, 38.00, 19.00, -1, -1, -1
276, 111, 1273.00, 908.00, 35.00, 27.00, -1, -1, -1
276, 92, 1108.00, 694.00, 18.00, 52.00, -1, -1, -1
276, 95, 1108.00, 1053.00, 21.00, 24.00, -1, -1, -1
276, 87, 1436.00, 190.00, 24.00, 28.00, -1, -1, -1
276, 65, 1243.52, 886.21, 30.33, 34.72, -1, -1, -1
276, 59, 807.00, 513.00, 37.00, 30.00, -1, -1, -1
276, 71, 358.00, 284.00, 41.00, 42.00, -1, -1, -1
276, 1, 610.00, 338.00, 30.00, 28.00, -1, -1, -1
276, 2, 1111.09, 132.74, 27.90, 71.57, -1, -1, -1
276, 5, 977.67, 640.17, 48.58, 52.27, -1, -1, -1
276, 60, 1786.90, 654.33, 94.34, 39.48, -1, -1, -1
276, 7, 1096.57, 256.17, 25.77, 48.96, -1, -1, -1
276, 72, 625.11, 843.23, 26.13, 80.13, -1, -1, -1
276, 43, 798.43, 451.89, 37.02, 109.84, -1, -1, -1
276, 57, 885.97, 534.96, 30.49, 36.56, -1, -1, -1
276, 74, 1261.00, 61.00, 30.00, 21.32, -1, -1, -1
277, 209, 287.00, 213.00, 17.00, 20.00, -1, -1, -1
277, 222, 806.00, 205.00, 16.00, 53.00, -1, -1, -1
277, 215, 649.00, 354.00, 15.00, 32.00, -1, -1, -1
277, 214, 529.00, 432.00, 17.00, 21.00, -1, -1, -1
277, 213, 690.00, 892.00, 19.00, 21.00, -1, -1, -1
277, 212, 266.00, 348.00, 32.00, 30.00, -1, -1, -1
277, 205, 505.00, 223.00, 23.00, 18.00, -1, -1, -1
277, 207, 1358.00, 238.00, 14.00, 24.00, -1, -1, -1
277, 200, 1003.00, 163.00, 16.00, 26.00, -1, -1, -1
277, 99, 1029.00, 476.00, 23.00, 17.00, -1, -1, -1
277, 139, 1506.00, 864.00, 38.00, 19.00, -1, -1, -1
277, 111, 1273.00, 908.00, 35.00, 27.00, -1, -1, -1
277, 92, 1108.00, 694.00, 18.00, 52.00, -1, -1, -1
277, 95, 1108.00, 1053.00, 21.00, 24.00, -1, -1, -1
277, 87, 1438.00, 183.00, 24.00, 28.00, -1, -1, -1
277, 74, 1261.00, 61.00, 30.00, 21.32, -1, -1, -1
277, 65, 1247.00, 878.00, 30.00, 34.00, -1, -1, -1
277, 59, 804.00, 511.00, 37.00, 30.00, -1, -1, -1
277, 71, 358.00, 284.00, 41.00, 42.00, -1, -1, -1
277, 1, 610.00, 338.00, 30.00, 28.00, -1, -1, -1
277, 2, 1110.81, 131.83, 28.50, 72.79, -1, -1, -1
277, 5, 976.57, 640.19, 48.27, 51.94, -1, -1, -1
277, 60, 1784.86, 654.32, 92.18, 38.07, -1, -1, -1
277, 7, 1096.69, 257.28, 25.17, 47.97, -1, -1, -1
277, 72, 624.36, 840.28, 26.20, 79.80, -1, -1, -1
277, 43, 797.11, 445.49, 38.28, 111.59, -1, -1, -1
277, 57, 885.34, 531.27, 32.16, 38.00, -1, -1, -1
278, 209, 286.00, 209.00, 17.00, 20.00, -1, -1, -1
278, 222, 806.00, 181.00, 18.00, 53.00, -1, -1, -1
278, 215, 649.00, 349.00, 15.00, 32.00, -1, -1, -1
278, 214, 527.00, 425.00, 17.00, 21.00, -1, -1, -1
278, 213, 690.00, 892.00, 19.00, 21.00, -1, -1, -1
278, 212, 266.00, 348.00, 32.00, 30.00, -1, -1, -1
278, 205, 505.00, 223.00, 23.00, 18.00, -1, -1, -1
278, 207, 1361.00, 232.00, 14.00, 24.00, -1, -1, -1
278, 200, 1003.00, 163.00, 16.00, 26.00, -1, -1, -1
278, 99, 1030.00, 469.00, 23.00, 17.00, -1, -1, -1
278, 139, 1506.00, 864.00, 38.00, 19.00, -1, -1, -1
278, 111, 1271.00, 903.00, 35.00, 27.00, -1, -1, -1
278, 92, 1108.00, 694.00, 18.00, 52.00, -1, -1, -1
278, 95, 1108.00, 1053.00, 21.00, 24.00, -1, -1, -1
278, 87, 1439.33, 176.00, 23.67, 27.55, -1, -1, -1
278, 74, 1264.00, 56.00, 26.00, 19.00, -1, -1, -1
278, 65, 1247.00, 878.00, 30.00, 34.00, -1, -1, -1
278, 59, 804.00, 511.00, 37.00, 30.00, -1, -1, -1
278, 71, 356.00, 279.00, 41.00, 42.00, -1, -1, -1
278, 2, 1111.04, 130.74, 29.03, 74.37, -1, -1, -1
278, 5, 976.39, 639.73, 47.74, 51.32, -1, -1, -1
278, 60, 1782.70, 651.32, 98.35, 40.61, -1, -1, -1
278, 7, 1096.22, 257.13, 24.99, 47.82, -1, -1, -1
278, 72, 624.24, 836.85, 25.96, 78.67, -1, -1, -1
278, 43, 798.00, 441.00, 37.15, 110.80, -1, -1, -1
278, 57, 884.73, 527.77, 31.55, 37.05, -1, -1, -1
278, 1, 612.58, 335.24, 29.74, 27.03, -1, -1, -1
279, 209, 284.00, 205.00, 17.00, 20.00, -1, -1, -1
279, 222, 806.00, 157.00, 16.00, 52.00, -1, -1, -1
279, 215, 649.00, 349.00, 15.00, 32.00, -1, -1, -1
279, 214, 527.00, 425.00, 17.00, 21.00, -1, -1, -1
279, 213, 690.00, 892.00, 19.00, 21.00, -1, -1, -1
279, 212, 266.00, 348.00, 32.00, 30.00, -1, -1, -1
279, 205, 501.00, 212.00, 23.00, 18.00, -1, -1, -1
279, 207, 1361.00, 232.00, 14.00, 24.00, -1, -1, -1
279, 200, 1004.00, 158.00, 16.00, 26.00, -1, -1, -1
279, 99, 1030.00, 469.00, 23.00, 17.00, -1, -1, -1
279, 139, 1506.00, 864.00, 38.00, 19.00, -1, -1, -1
279, 111, 1271.00, 903.00, 35.00, 27.00, -1, -1, -1
279, 92, 1109.00, 684.00, 18.00, 52.00, -1, -1, -1
279, 95, 1110.00, 1048.00, 21.00, 24.00, -1, -1, -1
279, 74, 1265.00, 51.00, 26.00, 19.00, -1, -1, -1
279, 59, 798.00, 501.00, 45.00, 32.00, -1, -1, -1
279, 71, 356.00, 279.00, 41.00, 42.00, -1, -1, -1
279, 2, 1111.69, 130.32, 29.08, 75.08, -1, -1, -1
279, 5, 975.35, 639.58, 47.58, 51.08, -1, -1, -1
279, 60, 1782.14, 651.48, 96.24, 39.55, -1, -1, -1
279, 7, 1096.02, 256.34, 24.98, 48.00, -1, -1, -1
279, 72, 622.84, 832.72, 25.66, 77.24, -1, -1, -1
279, 43, 796.00, 435.00, 41.02, 110.80, -1, -1, -1
279, 57, 886.00, 525.00, 33.00, 37.00, -1, -1, -1
279, 87, 1439.33, 175.00, 28.67, 28.55, -1, -1, -1
279, 1, 613.59, 334.41, 29.67, 26.75, -1, -1, -1
279, 65, 1246.51, 867.11, 33.04, 37.32, -1, -1, -1
28, 212, 497.00, 432.00, 34.00, 28.00, -1, -1, -1
28, 205, 673.00, 1064.00, 15.00, 16.00, -1, -1, -1
28, 203, 343.00, 416.00, 25.00, 25.00, -1, -1, -1
28, 202, 313.00, 440.00, 18.00, 18.00, -1, -1, -1
28, 200, 969.00, 243.00, 14.00, 23.00, -1, -1, -1
28, 17, 969.00, 97.00, 27.00, 27.00, -1, -1, -1
28, 10, 55.00, 514.00, 19.00, 34.00, -1, -1, -1
28, 1, 735.53, 633.61, 99.18, 61.82, -1, -1, -1
28, 2, 1002.55, 79.33, 37.84, 88.13, -1, -1, -1
28, 3, 1440.88, 0.55, 35.52, 43.22, -1, -1, -1
28, 4, 8.97, 156.26, 57.19, 56.67, -1, -1, -1
28, 5, 1252.96, 749.22, 58.95, 50.40, -1, -1, -1
28, 6, 818.30, 378.22, 64.16, 40.05, -1, -1, -1
28, 7, 1146.45, 329.21, 29.63, 44.62, -1, -1, -1
28, 8, 274.90, 819.43, 37.99, 48.93, -1, -1, -1
28, 9, 1032.10, 914.50, 34.93, 37.54, -1, -1, -1
28, 14, 726.88, 291.76, 33.98, 22.49, -1, -1, -1
280, 209, 284.00, 200.00, 17.00, 20.00, -1, -1, -1
280, 222, 805.00, 137.00, 17.00, 52.00, -1, -1, -1
280, 215, 646.00, 341.00, 18.00, 33.00, -1, -1, -1
280, 214, 527.00, 425.00, 17.00, 21.00, -1, -1, -1
280, 213, 686.00, 889.00, 19.00, 21.00, -1, -1, -1
280, 212, 266.00, 348.00, 32.00, 30.00, -1, -1, -1
280, 205, 501.00, 212.00, 23.00, 18.00, -1, -1, -1
280, 207, 1363.00, 224.00, 14.00, 24.00, -1, -1, -1
280, 200, 1004.00, 158.00, 16.00, 26.00, -1, -1, -1
280, 99, 1030.00, 469.00, 23.00, 17.00, -1, -1, -1
280, 139, 1506.00, 864.00, 38.00, 19.00, -1, -1, -1
280, 111, 1271.00, 903.00, 35.00, 27.00, -1, -1, -1
280, 92, 1109.00, 684.00, 18.00, 52.00, -1, -1, -1
280, 95, 1110.00, 1044.00, 21.00, 24.00, -1, -1, -1
280, 59, 804.00, 501.00, 39.00, 26.00, -1, -1, -1
280, 57, 886.00, 525.00, 33.00, 37.00, -1, -1, -1
280, 71, 350.00, 268.00, 41.00, 42.00, -1, -1, -1
280, 2, 1111.97, 130.29, 29.02, 75.48, -1, -1, -1
280, 5, 973.98, 639.54, 47.54, 51.00, -1, -1, -1
280, 60, 1783.07, 650.85, 93.26, 38.14, -1, -1, -1
280, 7, 1095.98, 255.81, 24.92, 48.06, -1, -1, -1
280, 72, 621.65, 829.32, 25.42, 75.71, -1, -1, -1
280, 43, 795.00, 427.00, 43.00, 112.00, -1, -1, -1
280, 87, 1441.00, 171.00, 25.00, 27.00, -1, -1, -1
280, 1, 614.21, 333.39, 30.08, 26.90, -1, -1, -1
280, 65, 1248.90, 865.53, 31.74, 35.49, -1, -1, -1
280, 74, 1260.97, 47.00, 29.03, 20.18, -1, -1, -1
281, 209, 280.00, 194.00, 17.00, 20.00, -1, -1, -1
281, 222, 804.00, 111.00, 17.00, 54.00, -1, -1, -1
281, 215, 646.00, 341.00, 18.00, 33.00, -1, -1, -1
281, 214, 526.00, 417.00, 17.00, 21.00, -1, -1, -1
281, 213, 686.00, 889.00, 19.00, 21.00, -1, -1, -1
281, 212, 260.00, 352.00, 32.00, 30.00, -1, -1, -1
281, 205, 498.00, 201.00, 23.00, 18.00, -1, -1, -1
281, 207, 1363.00, 224.00, 14.00, 24.00, -1, -1, -1
281, 200, 1004.00, 158.00, 16.00, 26.00, -1, -1, -1
281, 99, 1031.00, 463.00, 23.00, 17.00, -1, -1, -1
281, 139, 1506.00, 864.00, 38.00, 19.00, -1, -1, -1
281, 111, 1271.00, 903.00, 35.00, 27.00, -1, -1, -1
281, 92, 1109.00, 684.00, 18.00, 52.00, -1, -1, -1
281, 95, 1112.00, 1040.00, 22.00, 25.00, -1, -1, -1
281, 87, 1441.00, 167.00, 27.00, 28.00, -1, -1, -1
281, 74, 1263.00, 43.00, 29.00, 20.00, -1, -1, -1
281, 59, 799.00, 494.00, 45.00, 32.00, -1, -1, -1
281, 57, 886.00, 525.00, 33.00, 37.00, -1, -1, -1
281, 1, 614.00, 334.00, 30.00, 28.00, -1, -1, -1
281, 2, 1112.38, 130.15, 29.36, 76.23, -1, -1, -1
281, 5, 972.25, 638.55, 49.03, 52.46, -1, -1, -1
281, 60, 1784.92, 650.92, 89.23, 36.10, -1, -1, -1
281, 7, 1096.00, 255.62, 24.84, 48.08, -1, -1, -1
281, 72, 620.96, 824.70, 25.91, 77.15, -1, -1, -1
281, 43, 796.10, 415.58, 41.41, 118.63, -1, -1, -1
281, 65, 1249.20, 862.54, 32.33, 35.84, -1, -1, -1
281, 71, 351.04, 267.42, 37.03, 38.16, -1, -1, -1
282, 209, 279.00, 189.00, 17.00, 20.00, -1, -1, -1
282, 222, 802.00, 85.00, 17.00, 60.00, -1, -1, -1
282, 215, 646.00, 341.00, 18.00, 33.00, -1, -1, -1
282, 214, 526.00, 417.00, 17.00, 21.00, -1, -1, -1
282, 213, 686.00, 889.00, 19.00, 21.00, -1, -1, -1
282, 212, 260.00, 352.00, 32.00, 30.00, -1, -1, -1
282, 205, 498.00, 201.00, 23.00, 18.00, -1, -1, -1
282, 207, 1363.00, 217.00, 14.00, 24.00, -1, -1, -1
282, 200, 1004.00, 158.00, 16.00, 26.00, -1, -1, -1
282, 99, 1031.00, 463.00, 23.00, 17.00, -1, -1, -1
282, 139, 1506.00, 864.00, 38.00, 19.00, -1, -1, -1
282, 111, 1271.00, 903.00, 35.00, 27.00, -1, -1, -1
282, 92, 1110.00, 680.00, 18.00, 52.00, -1, -1, -1
282, 95, 1112.00, 1040.00, 22.00, 25.00, -1, -1, -1
282, 74, 1263.00, 43.00, 29.00, 20.00, -1, -1, -1
282, 65, 1249.20, 862.54, 32.33, 35.84, -1, -1, -1
282, 59, 802.00, 494.00, 42.00, 28.00, -1, -1, -1
282, 1, 614.00, 334.00, 30.00, 28.00, -1, -1, -1
282, 2, 1112.92, 129.86, 29.68, 77.00, -1, -1, -1
282, 5, 971.18, 637.94, 49.52, 53.01, -1, -1, -1
282, 60, 1780.43, 648.17, 96.17, 38.95, -1, -1, -1
282, 7, 1096.51, 257.55, 23.83, 45.61, -1, -1, -1
282, 72, 619.52, 820.14, 26.02, 77.68, -1, -1, -1
282, 43, 796.71, 413.08, 41.06, 116.25, -1, -1, -1
282, 71, 350.69, 264.05, 36.14, 37.52, -1, -1, -1
282, 57, 884.30, 513.73, 34.76, 39.79, -1, -1, -1
282, 87, 1445.19, 160.00, 26.81, 27.88, -1, -1, -1
283, 209, 278.00, 186.00, 17.00, 20.00, -1, -1, -1
283, 222, 803.00, 62.00, 16.00, 56.00, -1, -1, -1
283, 215, 643.00, 334.00, 21.00, 32.00, -1, -1, -1
283, 214, 523.00, 411.00, 17.00, 21.00, -1, -1, -1
283, 213, 686.00, 889.00, 19.00, 21.00, -1, -1, -1
283, 212, 260.00, 352.00, 32.00, 30.00, -1, -1, -1
283, 207, 1363.00, 217.00, 14.00, 24.00, -1, -1, -1
283, 205, 497.00, 194.00, 23.00, 18.00, -1, -1, -1
283, 200, 1004.00, 158.00, 16.00, 26.00, -1, -1, -1
283, 99, 1031.00, 457.00, 23.00, 17.00, -1, -1, -1
283, 139, 1506.00, 864.00, 38.00, 19.00, -1, -1, -1
283, 111, 1271.00, 903.00, 35.00, 27.00, -1, -1, -1
283, 92, 1110.00, 680.00, 18.00, 52.00, -1, -1, -1
283, 95, 1112.00, 1034.00, 22.00, 25.00, -1, -1, -1
283, 74, 1264.00, 36.00, 26.00, 21.00, -1, -1, -1
283, 59, 799.00, 494.00, 45.00, 32.00, -1, -1, -1
283, 2, 1113.16, 130.00, 29.73, 77.04, -1, -1, -1
283, 5, 970.55, 636.99, 50.22, 53.71, -1, -1, -1
283, 60, 1779.10, 647.22, 96.17, 38.96, -1, -1, -1
283, 7, 1096.58, 258.18, 23.70, 44.65, -1, -1, -1
283, 72, 619.80, 816.08, 26.46, 78.88, -1, -1, -1
283, 43, 796.89, 409.36, 41.02, 114.86, -1, -1, -1
283, 71, 348.45, 260.79, 37.61, 39.53, -1, -1, -1
283, 88, 1885.00, 237.00, 31.92, 41.33, -1, -1, -1
283, 57, 884.76, 510.16, 33.63, 38.08, -1, -1, -1
283, 87, 1446.44, 153.00, 23.56, 29.85, -1, -1, -1
283, 1, 613.88, 328.62, 34.04, 30.48, -1, -1, -1
283, 65, 1249.92, 855.38, 33.77, 37.14, -1, -1, -1
284, 209, 277.00, 179.00, 17.00, 20.00, -1, -1, -1
284, 222, 801.00, 37.00, 16.00, 58.00, -1, -1, -1
284, 215, 643.00, 327.00, 21.00, 39.00, -1, -1, -1
284, 214, 523.00, 411.00, 17.00, 21.00, -1, -1, -1
284, 213, 686.00, 889.00, 19.00, 21.00, -1, -1, -1
284, 212, 260.00, 352.00, 32.00, 30.00, -1, -1, -1
284, 205, 497.00, 187.00, 23.00, 21.00, -1, -1, -1
284, 207, 1365.00, 210.00, 14.00, 24.00, -1, -1, -1
284, 200, 1004.00, 158.00, 16.00, 26.00, -1, -1, -1
284, 99, 1031.00, 457.00, 23.00, 17.00, -1, -1, -1
284, 139, 1504.00, 859.00, 38.00, 19.00, -1, -1, -1
284, 111, 1271.00, 903.00, 35.00, 27.00, -1, -1, -1
284, 92, 1110.00, 680.00, 18.00, 52.00, -1, -1, -1
284, 95, 1113.00, 1030.00, 23.00, 21.00, -1, -1, -1
284, 74, 1264.00, 36.00, 26.00, 21.00, -1, -1, -1
284, 59, 799.00, 494.00, 45.00, 32.00, -1, -1, -1
284, 71, 347.00, 261.00, 41.00, 42.00, -1, -1, -1
284, 2, 1114.22, 130.18, 29.76, 77.04, -1, -1, -1
284, 5, 969.29, 636.16, 50.62, 54.46, -1, -1, -1
284, 60, 1778.63, 646.15, 96.16, 38.96, -1, -1, -1
284, 7, 1096.58, 258.54, 23.71, 44.31, -1, -1, -1
284, 72, 618.60, 812.22, 26.36, 78.34, -1, -1, -1
284, 43, 796.84, 404.68, 41.24, 114.33, -1, -1, -1
284, 88, 1875.00, 235.00, 39.70, 43.54, -1, -1, -1
284, 57, 885.00, 508.00, 34.00, 38.00, -1, -1, -1
284, 87, 1448.00, 150.00, 24.00, 28.00, -1, -1, -1
284, 1, 613.55, 326.17, 35.02, 31.27, -1, -1, -1
284, 65, 1250.16, 850.62, 35.75, 39.42, -1, -1, -1
285, 209, 274.00, 176.00, 17.00, 20.00, -1, -1, -1
285, 222, 798.00, 13.00, 19.00, 55.00, -1, -1, -1
285, 215, 643.00, 327.00, 21.00, 39.00, -1, -1, -1
285, 214, 523.00, 411.00, 17.00, 21.00, -1, -1, -1
285, 213, 686.00, 889.00, 19.00, 21.00, -1, -1, -1
285, 212, 260.00, 352.00, 32.00, 30.00, -1, -1, -1
285, 205, 494.00, 180.00, 23.00, 21.00, -1, -1, -1
285, 207, 1365.00, 210.00, 14.00, 24.00, -1, -1, -1
285, 200, 1004.00, 158.00, 16.00, 26.00, -1, -1, -1
285, 99, 1031.00, 457.00, 23.00, 17.00, -1, -1, -1
285, 139, 1504.00, 859.00, 38.00, 19.00, -1, -1, -1
285, 111, 1267.00, 901.00, 35.00, 27.00, -1, -1, -1
285, 92, 1110.00, 680.00, 18.00, 52.00, -1, -1, -1
285, 95, 1113.00, 1030.00, 23.00, 21.00, -1, -1, -1
285, 87, 1448.00, 150.00, 24.00, 28.00, -1, -1, -1
285, 74, 1265.00, 29.00, 26.00, 21.00, -1, -1, -1
285, 59, 799.00, 494.00, 45.00, 32.00, -1, -1, -1
285, 2, 1114.12, 130.99, 29.77, 76.53, -1, -1, -1
285, 5, 969.22, 636.10, 49.04, 52.78, -1, -1, -1
285, 60, 1777.44, 644.55, 98.25, 39.96, -1, -1, -1
285, 7, 1096.46, 258.18, 23.96, 44.19, -1, -1, -1
285, 72, 617.58, 809.43, 26.50, 78.13, -1, -1, -1
285, 43, 796.86, 400.15, 41.24, 113.14, -1, -1, -1
285, 88, 1864.00, 224.00, 56.00, 50.00, -1, -1, -1
285, 57, 885.00, 506.00, 32.00, 37.00, -1, -1, -1
285, 1, 616.21, 326.97, 32.69, 29.15, -1, -1, -1
285, 65, 1250.39, 845.54, 37.14, 41.21, -1, -1, -1
285, 71, 349.38, 257.31, 33.22, 35.44, -1, -1, -1
286, 209, 274.00, 171.00, 17.00, 20.00, -1, -1, -1
286, 222, 800.00, 2.00, 16.00, 46.00, -1, -1, -1
286, 215, 643.00, 327.00, 23.00, 34.00, -1, -1, -1
286, 214, 522.00, 405.00, 17.00, 21.00, -1, -1, -1
286, 213, 686.00, 889.00, 19.00, 21.00, -1, -1, -1
286, 212, 252.00, 349.00, 32.00, 30.00, -1, -1, -1
286, 205, 494.00, 180.00, 23.00, 21.00, -1, -1, -1
286, 207, 1367.00, 204.00, 14.00, 24.00, -1, -1, -1
286, 200, 1004.00, 158.00, 16.00, 26.00, -1, -1, -1
286, 99, 1032.00, 447.00, 23.00, 17.00, -1, -1, -1
286, 139, 1504.00, 859.00, 38.00, 19.00, -1, -1, -1
286, 111, 1267.00, 901.00, 35.00, 27.00, -1, -1, -1
286, 92, 1111.00, 673.00, 18.00, 52.00, -1, -1, -1
286, 95, 1115.00, 1021.00, 23.00, 25.00, -1, -1, -1
286, 87, 1449.00, 140.00, 24.00, 28.00, -1, -1, -1
286, 74, 1265.00, 25.00, 26.00, 21.00, -1, -1, -1
286, 59, 798.00, 483.00, 45.00, 32.00, -1, -1, -1
286, 1, 620.00, 329.00, 30.00, 28.00, -1, -1, -1
286, 2, 1114.29, 130.93, 30.30, 77.20, -1, -1, -1
286, 5, 968.35, 635.36, 49.21, 53.11, -1, -1, -1
286, 60, 1776.05, 643.74, 97.06, 39.35, -1, -1, -1
286, 7, 1096.34, 258.04, 24.23, 44.16, -1, -1, -1
286, 72, 615.50, 804.55, 26.53, 78.05, -1, -1, -1
286, 43, 796.92, 396.16, 41.14, 111.69, -1, -1, -1
286, 88, 1854.35, 227.00, 65.65, 54.38, -1, -1, -1
286, 57, 881.33, 496.85, 41.11, 46.78, -1, -1, -1
286, 65, 1251.48, 847.00, 33.52, 37.10, -1, -1, -1
286, 71, 346.95, 253.86, 34.78, 37.29, -1, -1, -1
287, 209, 271.00, 166.00, 17.00, 20.00, -1, -1, -1
287, 215, 643.00, 327.00, 23.00, 34.00, -1, -1, -1
287, 214, 522.00, 405.00, 17.00, 21.00, -1, -1, -1
287, 213, 686.00, 889.00, 19.00, 21.00, -1, -1, -1
287, 212, 252.00, 349.00, 32.00, 30.00, -1, -1, -1
287, 205, 490.00, 169.00, 27.00, 20.00, -1, -1, -1
287, 207, 1367.00, 204.00, 14.00, 24.00, -1, -1, -1
287, 200, 1004.00, 158.00, 16.00, 26.00, -1, -1, -1
287, 99, 1032.00, 447.00, 23.00, 17.00, -1, -1, -1
287, 139, 1504.00, 859.00, 38.00, 19.00, -1, -1, -1
287, 111, 1267.00, 901.00, 35.00, 27.00, -1, -1, -1
287, 92, 1111.00, 673.00, 18.00, 52.00, -1, -1, -1
287, 95, 1115.00, 1021.00, 23.00, 25.00, -1, -1, -1
287, 87, 1449.00, 140.00, 24.00, 28.00, -1, -1, -1
287, 74, 1267.00, 18.00, 26.00, 21.00, -1, -1, -1
287, 59, 798.00, 483.00, 45.00, 32.00, -1, -1, -1
287, 1, 620.00, 329.00, 30.00, 28.00, -1, -1, -1
287, 2, 1114.65, 132.26, 29.90, 76.09, -1, -1, -1
287, 5, 967.52, 634.86, 49.34, 53.23, -1, -1, -1
287, 60, 1773.58, 643.72, 98.56, 40.11, -1, -1, -1
287, 7, 1096.21, 257.74, 24.48, 44.15, -1, -1, -1
287, 72, 615.34, 799.89, 26.35, 78.02, -1, -1, -1
287, 43, 796.63, 392.38, 40.73, 109.65, -1, -1, -1
287, 88, 1846.91, 212.00, 73.09, 70.27, -1, -1, -1
287, 57, 882.48, 493.18, 38.35, 43.30, -1, -1, -1
287, 65, 1253.22, 843.00, 33.78, 37.76, -1, -1, -1
287, 71, 344.99, 250.24, 35.63, 38.11, -1, -1, -1
288, 209, 272.00, 161.00, 15.00, 21.00, -1, -1, -1
288, 215, 643.00, 327.00, 23.00, 34.00, -1, -1, -1
288, 214, 522.00, 405.00, 17.00, 21.00, -1, -1, -1
288, 213, 686.00, 889.00, 19.00, 21.00, -1, -1, -1
288, 212, 252.00, 349.00, 32.00, 30.00, -1, -1, -1
288, 205, 490.00, 169.00, 27.00, 20.00, -1, -1, -1
288, 207, 1368.00, 199.00, 14.00, 24.00, -1, -1, -1
288, 200, 1004.00, 158.00, 16.00, 26.00, -1, -1, -1
288, 99, 1032.00, 447.00, 23.00, 17.00, -1, -1, -1
288, 133, 1415.00, 998.00, 38.00, 18.00, -1, -1, -1
288, 139, 1504.00, 859.00, 38.00, 19.00, -1, -1, -1
288, 111, 1267.00, 901.00, 35.00, 27.00, -1, -1, -1
288, 92, 1111.00, 673.00, 18.00, 52.00, -1, -1, -1
288, 95, 1117.00, 1014.00, 23.00, 25.00, -1, -1, -1
288, 74, 1267.00, 18.00, 26.00, 21.00, -1, -1, -1
288, 65, 1256.00, 844.00, 32.00, 35.00, -1, -1, -1
288, 59, 798.00, 474.00, 45.00, 32.00, -1, -1, -1
288, 2, 1114.99, 134.25, 29.31, 74.28, -1, -1, -1
288, 5, 966.75, 634.19, 49.39, 53.27, -1, -1, -1
288, 60, 1774.34, 642.52, 95.82, 38.91, -1, -1, -1
288, 7, 1096.22, 257.63, 24.49, 43.66, -1, -1, -1
288, 72, 614.45, 796.30, 25.55, 76.03, -1, -1, -1
288, 43, 797.79, 387.67, 41.05, 109.40, -1, -1, -1
288, 88, 1827.00, 219.00, 93.00, 68.00, -1, -1, -1
288, 57, 883.15, 489.70, 38.85, 43.47, -1, -1, -1
288, 71, 342.84, 245.88, 37.37, 40.15, -1, -1, -1
288, 87, 1450.48, 128.00, 30.52, 30.28, -1, -1, -1
288, 1, 619.56, 324.28, 31.26, 27.99, -1, -1, -1
289, 209, 270.00, 157.00, 17.00, 20.00, -1, -1, -1
289, 215, 644.00, 324.00, 23.00, 34.00, -1, -1, -1
289, 214, 520.00, 398.00, 17.00, 21.00, -1, -1, -1
289, 213, 686.00, 889.00, 19.00, 21.00, -1, -1, -1
289, 212, 252.00, 349.00, 32.00, 30.00, -1, -1, -1
289, 205, 490.00, 157.00, 27.00, 20.00, -1, -1, -1
289, 207, 1368.00, 199.00, 14.00, 24.00, -1, -1, -1
289, 200, 1004.00, 158.00, 16.00, 26.00, -1, -1, -1
289, 99, 1032.00, 447.00, 23.00, 17.00, -1, -1, -1
289, 133, 1415.00, 998.00, 38.00, 18.00, -1, -1, -1
289, 139, 1504.00, 859.00, 38.00, 19.00, -1, -1, -1
289, 111, 1267.00, 901.00, 35.00, 27.00, -1, -1, -1
289, 92, 1111.00, 666.00, 18.00, 52.00, -1, -1, -1
289, 95, 1117.00, 1014.00, 23.00, 25.00, -1, -1, -1
289, 87, 1451.00, 120.00, 30.00, 31.00, -1, -1, -1
289, 74, 1267.00, 18.00, 26.00, 21.00, -1, -1, -1
289, 59, 798.00, 474.00, 45.00, 32.00, -1, -1, -1
289, 2, 1115.43, 137.00, 28.43, 71.47, -1, -1, -1
289, 5, 965.37, 633.22, 49.66, 53.78, -1, -1, -1
289, 60, 1773.12, 640.85, 95.91, 38.95, -1, -1, -1
289, 7, 1096.09, 257.10, 24.75, 43.73, -1, -1, -1
289, 72, 613.82, 792.12, 25.39, 75.27, -1, -1, -1
289, 43, 797.22, 381.61, 42.17, 111.32, -1, -1, -1
289, 88, 1815.00, 212.00, 105.00, 73.00, -1, -1, -1
289, 57, 883.20, 486.54, 37.41, 41.55, -1, -1, -1
289, 71, 341.14, 239.82, 39.87, 43.59, -1, -1, -1
289, 1, 621.64, 323.53, 29.76, 26.74, -1, -1, -1
289, 65, 1257.00, 840.00, 34.00, 36.00, -1, -1, -1
29, 212, 497.00, 432.00, 34.00, 28.00, -1, -1, -1
29, 205, 674.00, 1061.00, 15.00, 16.00, -1, -1, -1
29, 203, 339.00, 410.00, 25.00, 25.00, -1, -1, -1
29, 202, 313.00, 440.00, 18.00, 18.00, -1, -1, -1
29, 200, 971.00, 240.00, 14.00, 23.00, -1, -1, -1
29, 17, 969.00, 97.00, 27.00, 27.00, -1, -1, -1
29, 10, 55.00, 514.00, 19.00, 34.00, -1, -1, -1
29, 1, 733.93, 631.62, 99.67, 62.09, -1, -1, -1
29, 2, 1002.62, 78.69, 38.08, 88.49, -1, -1, -1
29, 3, 1440.72, 0.80, 34.71, 42.26, -1, -1, -1
29, 4, 7.52, 156.41, 56.32, 55.66, -1, -1, -1
29, 5, 1251.15, 748.33, 59.87, 51.07, -1, -1, -1
29, 6, 811.47, 372.77, 73.61, 44.98, -1, -1, -1
29, 7, 1144.98, 326.20, 30.97, 47.37, -1, -1, -1
29, 8, 274.40, 817.88, 36.89, 47.43, -1, -1, -1
29, 9, 1029.69, 910.03, 43.49, 46.68, -1, -1, -1
29, 14, 725.96, 287.95, 34.76, 22.95, -1, -1, -1
290, 209, 267.00, 152.00, 18.00, 20.00, -1, -1, -1
290, 215, 644.00, 324.00, 23.00, 34.00, -1, -1, -1
290, 214, 520.00, 398.00, 17.00, 21.00, -1, -1, -1
290, 213, 686.00, 889.00, 19.00, 21.00, -1, -1, -1
290, 212, 252.00, 349.00, 32.00, 30.00, -1, -1, -1
290, 205, 490.00, 157.00, 27.00, 20.00, -1, -1, -1
290, 207, 1371.00, 193.00, 14.00, 24.00, -1, -1, -1
290, 200, 1004.00, 158.00, 16.00, 26.00, -1, -1, -1
290, 99, 1033.00, 441.00, 23.00, 17.00, -1, -1, -1
290, 133, 1415.00, 998.00, 38.00, 18.00, -1, -1, -1
290, 139, 1504.00, 859.00, 38.00, 19.00, -1, -1, -1
290, 111, 1267.00, 901.00, 35.00, 27.00, -1, -1, -1
290, 92, 1111.00, 666.00, 18.00, 52.00, -1, -1, -1
290, 95, 1117.00, 1010.00, 23.00, 25.00, -1, -1, -1
290, 87, 1451.00, 120.00, 30.00, 31.00, -1, -1, -1
290, 74, 1268.00, 12.00, 26.00, 21.00, -1, -1, -1
290, 59, 798.00, 474.00, 45.00, 32.00, -1, -1, -1
290, 71, 341.00, 240.00, 41.00, 42.00, -1, -1, -1
290, 2, 1115.40, 137.50, 28.47, 71.19, -1, -1, -1
290, 5, 964.57, 633.36, 49.41, 53.48, -1, -1, -1
290, 60, 1770.51, 639.02, 98.33, 39.96, -1, -1, -1
290, 7, 1095.92, 256.65, 25.10, 44.02, -1, -1, -1
290, 72, 613.17, 788.21, 25.75, 76.00, -1, -1, -1
290, 43, 797.28, 378.02, 42.04, 110.07, -1, -1, -1
290, 88, 1802.00, 208.00, 118.00, 81.00, -1, -1, -1
290, 57, 883.72, 483.01, 39.90, 43.84, -1, -1, -1
290, 1, 623.59, 323.80, 28.75, 25.82, -1, -1, -1
290, 65, 1258.00, 838.00, 31.00, 34.00, -1, -1, -1
291, 209, 264.00, 147.00, 17.00, 20.00, -1, -1, -1
291, 215, 644.00, 324.00, 23.00, 34.00, -1, -1, -1
291, 214, 520.00, 398.00, 17.00, 21.00, -1, -1, -1
291, 213, 686.00, 889.00, 19.00, 21.00, -1, -1, -1
291, 212, 252.00, 349.00, 32.00, 30.00, -1, -1, -1
291, 205, 487.00, 144.00, 27.00, 20.00, -1, -1, -1
291, 207, 1371.00, 193.00, 14.00, 24.00, -1, -1, -1
291, 200, 1004.00, 158.00, 16.00, 26.00, -1, -1, -1
291, 99, 1033.00, 441.00, 23.00, 17.00, -1, -1, -1
291, 133, 1415.00, 998.00, 38.00, 18.00, -1, -1, -1
291, 139, 1504.00, 859.00, 38.00, 19.00, -1, -1, -1
291, 111, 1267.00, 901.00, 35.00, 27.00, -1, -1, -1
291, 92, 1111.00, 666.00, 18.00, 52.00, -1, -1, -1
291, 95, 1118.00, 1006.00, 23.00, 25.00, -1, -1, -1
291, 87, 1451.00, 120.00, 30.00, 31.00, -1, -1, -1
291, 74, 1268.00, 12.00, 26.00, 21.00, -1, -1, -1
291, 59, 798.00, 463.00, 43.00, 29.00, -1, -1, -1
291, 2, 1114.94, 135.66, 29.35, 73.35, -1, -1, -1
291, 5, 964.26, 633.94, 48.40, 52.36, -1, -1, -1
291, 60, 1771.79, 638.62, 94.78, 38.37, -1, -1, -1
291, 7, 1095.94, 256.37, 25.07, 43.88, -1, -1, -1
291, 72, 612.85, 783.92, 26.09, 77.27, -1, -1, -1
291, 43, 797.79, 373.64, 42.00, 109.10, -1, -1, -1
291, 88, 1790.00, 208.00, 130.00, 78.00, -1, -1, -1
291, 57, 883.40, 480.31, 41.79, 45.63, -1, -1, -1
291, 1, 623.32, 322.15, 29.76, 26.52, -1, -1, -1
291, 65, 1261.00, 837.00, 29.00, 34.00, -1, -1, -1
291, 71, 337.77, 232.31, 40.44, 44.78, -1, -1, -1
292, 209, 266.00, 142.00, 17.00, 20.00, -1, -1, -1
292, 215, 640.00, 319.00, 27.00, 34.00, -1, -1, -1
292, 214, 519.00, 393.00, 17.00, 21.00, -1, -1, -1
292, 213, 679.00, 886.00, 19.00, 21.00, -1, -1, -1
292, 212, 252.00, 349.00, 32.00, 30.00, -1, -1, -1
292, 205, 487.00, 144.00, 27.00, 20.00, -1, -1, -1
292, 207, 1373.00, 183.00, 14.00, 24.00, -1, -1, -1
292, 200, 1004.00, 155.00, 16.00, 26.00, -1, -1, -1
292, 99, 1033.00, 441.00, 23.00, 17.00, -1, -1, -1
292, 133, 1415.00, 998.00, 38.00, 18.00, -1, -1, -1
292, 139, 1498.00, 857.00, 38.00, 19.00, -1, -1, -1
292, 111, 1260.00, 899.00, 41.00, 29.00, -1, -1, -1
292, 92, 1111.00, 663.00, 18.00, 52.00, -1, -1, -1
292, 95, 1119.00, 1000.00, 23.00, 25.00, -1, -1, -1
292, 87, 1456.00, 108.00, 30.00, 31.00, -1, -1, -1
292, 74, 1269.00, 5.00, 26.00, 21.00, -1, -1, -1
292, 59, 797.95, 453.76, 39.10, 28.50, -1, -1, -1
292, 2, 1115.48, 138.05, 28.26, 70.83, -1, -1, -1
292, 5, 962.38, 633.18, 49.63, 53.44, -1, -1, -1
292, 60, 1771.27, 638.02, 93.58, 37.75, -1, -1, -1
292, 7, 1095.93, 256.64, 25.10, 43.58, -1, -1, -1
292, 72, 612.57, 780.46, 25.61, 75.78, -1, -1, -1
292, 43, 798.12, 368.95, 41.71, 108.25, -1, -1, -1
292, 88, 1780.00, 204.00, 140.00, 82.00, -1, -1, -1
292, 57, 883.05, 476.47, 41.01, 44.37, -1, -1, -1
292, 1, 623.16, 320.58, 30.72, 27.27, -1, -1, -1
292, 65, 1259.43, 827.47, 33.17, 37.92, -1, -1, -1
292, 71, 338.68, 234.37, 35.98, 39.47, -1, -1, -1
293, 209, 262.00, 135.00, 17.00, 23.00, -1, -1, -1
293, 215, 640.00, 319.00, 27.00, 34.00, -1, -1, -1
293, 214, 519.00, 393.00, 17.00, 21.00, -1, -1, -1
293, 213, 679.00, 886.00, 19.00, 21.00, -1, -1, -1
293, 212, 252.00, 349.00, 32.00, 30.00, -1, -1, -1
293, 205, 484.00, 134.00, 27.00, 20.00, -1, -1, -1
293, 207, 1373.00, 183.00, 14.00, 24.00, -1, -1, -1
293, 200, 1004.00, 155.00, 16.00, 26.00, -1, -1, -1
293, 99, 1035.00, 435.00, 23.00, 17.00, -1, -1, -1
293, 133, 1415.00, 998.00, 38.00, 18.00, -1, -1, -1
293, 139, 1498.00, 857.00, 38.00, 19.00, -1, -1, -1
293, 111, 1260.00, 899.00, 41.00, 29.00, -1, -1, -1
293, 106, 1300.00, 871.00, 32.00, 31.00, -1, -1, -1
293, 95, 1119.00, 996.00, 23.00, 25.00, -1, -1, -1
293, 87, 1456.00, 108.00, 30.00, 31.00, -1, -1, -1
293, 74, 1269.00, 5.00, 26.00, 21.00, -1, -1, -1
293, 2, 1115.61, 138.58, 27.98, 70.36, -1, -1, -1
293, 5, 961.48, 633.16, 49.54, 53.34, -1, -1, -1
293, 60, 1770.02, 637.09, 93.31, 37.53, -1, -1, -1
293, 7, 1095.68, 255.50, 25.60, 44.23, -1, -1, -1
293, 72, 611.56, 773.84, 26.80, 79.20, -1, -1, -1
293, 43, 798.69, 364.77, 40.69, 105.08, -1, -1, -1
293, 88, 1773.00, 200.00, 147.00, 90.00, -1, -1, -1
293, 57, 881.97, 472.67, 42.56, 45.84, -1, -1, -1
293, 1, 623.45, 319.03, 31.30, 27.80, -1, -1, -1
293, 65, 1261.93, 823.86, 31.47, 36.52, -1, -1, -1
293, 71, 337.09, 232.77, 36.26, 39.53, -1, -1, -1
293, 92, 1111.25, 662.48, 18.19, 55.35, -1, -1, -1
293, 59, 797.95, 453.76, 39.10, 28.50, -1, -1, -1
294, 209, 259.00, 131.00, 17.00, 20.00, -1, -1, -1
294, 215, 640.00, 319.00, 27.00, 34.00, -1, -1, -1
294, 214, 517.00, 386.00, 17.00, 21.00, -1, -1, -1
294, 213, 679.00, 886.00, 19.00, 21.00, -1, -1, -1
294, 212, 252.00, 349.00, 32.00, 30.00, -1, -1, -1
294, 205, 484.00, 134.00, 27.00, 20.00, -1, -1, -1
294, 207, 1373.00, 183.00, 14.00, 24.00, -1, -1, -1
294, 200, 1004.00, 155.00, 16.00, 26.00, -1, -1, -1
294, 99, 1035.00, 435.00, 23.00, 17.00, -1, -1, -1
294, 133, 1415.00, 998.00, 38.00, 18.00, -1, -1, -1
294, 139, 1498.00, 857.00, 38.00, 19.00, -1, -1, -1
294, 111, 1260.00, 899.00, 41.00, 29.00, -1, -1, -1
294, 106, 1309.00, 866.00, 32.00, 31.00, -1, -1, -1
294, 92, 1112.00, 663.00, 17.00, 48.00, -1, -1, -1
294, 95, 1121.00, 989.00, 23.00, 25.00, -1, -1, -1
294, 87, 1459.00, 99.00, 30.00, 31.00, -1, -1, -1
294, 74, 1270.00, 0.00, 26.00, 21.00, -1, -1, -1
294, 2, 1115.63, 138.75, 27.91, 70.45, -1, -1, -1
294, 5, 960.02, 631.68, 50.83, 54.79, -1, -1, -1
294, 60, 1769.51, 636.03, 93.39, 37.45, -1, -1, -1
294, 7, 1095.37, 254.84, 26.21, 45.21, -1, -1, -1
294, 72, 610.50, 767.58, 27.19, 80.45, -1, -1, -1
294, 43, 798.78, 360.02, 40.54, 104.28, -1, -1, -1
294, 88, 1758.00, 199.00, 162.00, 92.00, -1, -1, -1
294, 57, 882.43, 467.67, 41.41, 44.43, -1, -1, -1
294, 1, 623.99, 318.11, 31.60, 28.01, -1, -1, -1
294, 65, 1262.51, 820.64, 32.45, 38.06, -1, -1, -1
294, 71, 336.68, 229.99, 34.62, 37.55, -1, -1, -1
294, 59, 797.28, 449.41, 40.34, 30.06, -1, -1, -1
295, 209, 261.00, 128.00, 17.00, 20.00, -1, -1, -1
295, 215, 640.00, 314.00, 27.00, 34.00, -1, -1, -1
295, 214, 517.00, 386.00, 17.00, 21.00, -1, -1, -1
295, 213, 679.00, 886.00, 19.00, 21.00, -1, -1, -1
295, 212, 245.00, 348.00, 32.00, 30.00, -1, -1, -1
295, 205, 483.00, 119.00, 27.00, 20.00, -1, -1, -1
295, 207, 1375.00, 174.00, 14.00, 24.00, -1, -1, -1
295, 74, 1270.00, 0.00, 24.00, 12.00, -1, -1, -1
295, 200, 1004.00, 155.00, 16.00, 26.00, -1, -1, -1
295, 99, 1034.00, 429.00, 23.00, 17.00, -1, -1, -1
295, 133, 1415.00, 998.00, 38.00, 18.00, -1, -1, -1
295, 139, 1498.00, 857.00, 38.00, 19.00, -1, -1, -1
295, 111, 1256.00, 894.00, 41.00, 29.00, -1, -1, -1
295, 106, 1309.00, 866.00, 32.00, 31.00, -1, -1, -1
295, 95, 1121.00, 989.00, 23.00, 25.00, -1, -1, -1
295, 71, 336.00, 225.00, 41.00, 42.00, -1, -1, -1
295, 2, 1115.68, 138.80, 27.79, 70.37, -1, -1, -1
295, 5, 958.15, 629.43, 52.06, 56.30, -1, -1, -1
295, 60, 1768.81, 635.18, 92.51, 36.93, -1, -1, -1
295, 7, 1094.88, 254.35, 26.23, 45.09, -1, -1, -1
295, 72, 609.78, 766.80, 26.04, 77.01, -1, -1, -1
295, 43, 798.56, 355.06, 40.99, 104.39, -1, -1, -1
295, 88, 1752.00, 194.00, 168.00, 97.00, -1, -1, -1
295, 57, 883.36, 464.42, 39.44, 41.87, -1, -1, -1
295, 1, 624.17, 316.45, 32.67, 28.83, -1, -1, -1
295, 65, 1263.14, 816.57, 32.90, 38.62, -1, -1, -1
295, 59, 798.32, 446.45, 37.23, 27.60, -1, -1, -1
295, 87, 1459.31, 84.86, 33.33, 37.51, -1, -1, -1
295, 92, 1111.58, 657.55, 17.80, 54.14, -1, -1, -1
296, 209, 257.00, 122.00, 17.00, 20.00, -1, -1, -1
296, 215, 640.00, 314.00, 27.00, 34.00, -1, -1, -1
296, 214, 516.00, 381.00, 17.00, 21.00, -1, -1, -1
296, 213, 679.00, 886.00, 19.00, 21.00, -1, -1, -1
296, 212, 245.00, 348.00, 32.00, 30.00, -1, -1, -1
296, 205, 483.00, 119.00, 27.00, 20.00, -1, -1, -1
296, 207, 1375.00, 174.00, 14.00, 24.00, -1, -1, -1
296, 200, 1004.00, 155.00, 16.00, 26.00, -1, -1, -1
296, 99, 1034.00, 429.00, 23.00, 17.00, -1, -1, -1
296, 133, 1415.00, 998.00, 38.00, 18.00, -1, -1, -1
296, 139, 1498.00, 857.00, 38.00, 19.00, -1, -1, -1
296, 111, 1256.00, 894.00, 41.00, 29.00, -1, -1, -1
296, 106, 1309.00, 866.00, 32.00, 31.00, -1, -1, -1
296, 95, 1121.00, 980.00, 23.00, 25.00, -1, -1, -1
296, 71, 336.00, 225.00, 41.00, 42.00, -1, -1, -1
296, 2, 1116.04, 138.30, 28.04, 71.36, -1, -1, -1
296, 5, 958.09, 629.56, 51.27, 55.42, -1, -1, -1
296, 60, 1766.86, 633.40, 95.64, 38.24, -1, -1, -1
296, 7, 1094.05, 253.93, 26.53, 45.54, -1, -1, -1
296, 72, 608.39, 762.24, 26.90, 79.66, -1, -1, -1
296, 43, 799.36, 349.90, 41.38, 104.46, -1, -1, -1
296, 88, 1743.00, 185.00, 177.00, 106.00, -1, -1, -1
296, 57, 882.00, 462.00, 39.00, 44.00, -1, -1, -1
296, 1, 624.96, 315.36, 33.08, 29.14, -1, -1, -1
296, 65, 1264.57, 815.14, 30.62, 35.87, -1, -1, -1
296, 59, 798.08, 442.19, 39.42, 29.22, -1, -1, -1
296, 87, 1462.52, 80.51, 31.86, 36.07, -1, -1, -1
296, 92, 1111.73, 655.58, 17.57, 53.36, -1, -1, -1
297, 209, 255.00, 115.00, 17.00, 20.00, -1, -1, -1
297, 215, 637.00, 305.00, 32.00, 36.00, -1, -1, -1
297, 214, 516.00, 381.00, 17.00, 21.00, -1, -1, -1
297, 213, 679.00, 886.00, 19.00, 21.00, -1, -1, -1
297, 212, 245.00, 348.00, 32.00, 30.00, -1, -1, -1
297, 205, 479.00, 109.00, 27.00, 20.00, -1, -1, -1
297, 207, 1377.00, 165.00, 14.00, 24.00, -1, -1, -1
297, 200, 1004.00, 155.00, 16.00, 26.00, -1, -1, -1
297, 99, 1034.00, 424.00, 23.00, 17.00, -1, -1, -1
297, 133, 1415.00, 998.00, 38.00, 18.00, -1, -1, -1
297, 139, 1498.00, 857.00, 38.00, 19.00, -1, -1, -1
297, 111, 1256.00, 894.00, 41.00, 29.00, -1, -1, -1
297, 106, 1309.00, 866.00, 32.00, 31.00, -1, -1, -1
297, 95, 1121.00, 980.00, 23.00, 25.00, -1, -1, -1
297, 2, 1116.60, 137.72, 28.27, 72.35, -1, -1, -1
297, 5, 958.85, 630.63, 49.51, 53.57, -1, -1, -1
297, 60, 1767.47, 632.77, 92.23, 36.76, -1, -1, -1
297, 7, 1093.61, 253.16, 26.90, 46.20, -1, -1, -1
297, 72, 607.70, 758.20, 26.62, 78.66, -1, -1, -1
297, 43, 799.86, 344.79, 41.12, 103.14, -1, -1, -1
297, 88, 1732.00, 196.00, 188.00, 93.00, -1, -1, -1
297, 57, 881.20, 456.62, 46.43, 49.32, -1, -1, -1
297, 1, 626.34, 314.62, 32.48, 28.52, -1, -1, -1
297, 65, 1265.83, 812.75, 30.22, 35.83, -1, -1, -1
297, 59, 798.13, 439.01, 39.92, 29.28, -1, -1, -1
297, 87, 1463.81, 83.00, 26.19, 27.96, -1, -1, -1
297, 92, 1112.25, 654.77, 17.62, 53.69, -1, -1, -1
297, 71, 334.42, 220.83, 34.86, 37.43, -1, -1, -1
298, 209, 253.00, 111.00, 17.00, 20.00, -1, -1, -1
298, 215, 637.00, 305.00, 32.00, 36.00, -1, -1, -1
298, 214, 516.00, 373.00, 18.00, 24.00, -1, -1, -1
298, 213, 679.00, 886.00, 19.00, 21.00, -1, -1, -1
298, 212, 245.00, 348.00, 32.00, 30.00, -1, -1, -1
298, 205, 479.00, 109.00, 27.00, 20.00, -1, -1, -1
298, 207, 1377.00, 165.00, 14.00, 24.00, -1, -1, -1
298, 200, 1004.00, 155.00, 16.00, 26.00, -1, -1, -1
298, 99, 1034.00, 424.00, 23.00, 17.00, -1, -1, -1
298, 133, 1410.00, 997.00, 38.00, 18.00, -1, -1, -1
298, 139, 1498.00, 857.00, 38.00, 19.00, -1, -1, -1
298, 111, 1256.00, 894.00, 41.00, 29.00, -1, -1, -1
298, 106, 1311.00, 857.00, 32.00, 31.00, -1, -1, -1
298, 92, 1115.00, 654.00, 17.00, 48.00, -1, -1, -1
298, 95, 1121.00, 974.00, 24.00, 29.00, -1, -1, -1
298, 87, 1466.00, 81.00, 26.00, 28.00, -1, -1, -1
298, 2, 1116.69, 137.13, 28.59, 73.22, -1, -1, -1
298, 5, 957.80, 630.07, 49.59, 53.86, -1, -1, -1
298, 60, 1765.74, 631.58, 92.93, 37.19, -1, -1, -1
298, 7, 1093.20, 251.78, 27.53, 47.43, -1, -1, -1
298, 72, 607.00, 754.61, 26.47, 78.01, -1, -1, -1
298, 43, 799.37, 337.57, 42.35, 105.67, -1, -1, -1
298, 88, 1723.00, 192.00, 172.00, 100.00, -1, -1, -1
298, 57, 882.88, 453.22, 42.37, 44.90, -1, -1, -1
298, 1, 624.77, 311.78, 35.39, 31.01, -1, -1, -1
298, 65, 1266.78, 808.96, 30.04, 35.83, -1, -1, -1
298, 59, 797.69, 434.70, 41.02, 29.79, -1, -1, -1
298, 71, 332.54, 213.26, 36.78, 40.06, -1, -1, -1
299, 209, 252.00, 108.00, 17.00, 20.00, -1, -1, -1
299, 215, 637.00, 305.00, 32.00, 36.00, -1, -1, -1
299, 214, 516.00, 373.00, 18.00, 24.00, -1, -1, -1
299, 213, 679.00, 886.00, 19.00, 21.00, -1, -1, -1
299, 212, 245.00, 348.00, 32.00, 30.00, -1, -1, -1
299, 205, 475.00, 96.00, 27.00, 20.00, -1, -1, -1
299, 207, 1378.00, 159.00, 14.00, 24.00, -1, -1, -1
299, 200, 1004.00, 155.00, 16.00, 26.00, -1, -1, -1
299, 99, 1032.00, 417.00, 25.00, 19.00, -1, -1, -1
299, 133, 1410.00, 997.00, 38.00, 18.00, -1, -1, -1
299, 139, 1498.00, 857.00, 38.00, 19.00, -1, -1, -1
299, 111, 1256.00, 894.00, 41.00, 29.00, -1, -1, -1
299, 106, 1311.00, 857.00, 32.00, 31.00, -1, -1, -1
299, 95, 1121.00, 974.00, 24.00, 29.00, -1, -1, -1
299, 87, 1469.00, 76.00, 26.00, 28.00, -1, -1, -1
299, 71, 332.00, 213.00, 41.00, 42.00, -1, -1, -1
299, 2, 1116.57, 136.52, 29.00, 74.05, -1, -1, -1
299, 5, 956.88, 629.87, 48.74, 52.97, -1, -1, -1
299, 60, 1764.17, 631.17, 91.15, 36.36, -1, -1, -1
299, 7, 1092.84, 250.05, 28.20, 48.87, -1, -1, -1
299, 72, 606.18, 749.94, 26.60, 78.26, -1, -1, -1
299, 43, 799.79, 331.83, 42.58, 105.63, -1, -1, -1
299, 88, 1714.00, 195.00, 167.00, 96.00, -1, -1, -1
299, 57, 883.86, 449.35, 41.11, 43.00, -1, -1, -1
299, 1, 626.70, 312.30, 33.35, 29.28, -1, -1, -1
299, 65, 1267.13, 804.16, 30.89, 36.84, -1, -1, -1
299, 59, 796.66, 431.73, 41.17, 29.98, -1, -1, -1
299, 92, 1111.80, 651.09, 17.70, 53.89, -1, -1, -1
3, 212, 514.00, 442.00, 32.00, 24.00, -1, -1, -1
3, 210, 1156.00, 130.00, 25.00, 24.00, -1, -1, -1
3, 206, 536.00, 36.00, 22.00, 28.00, -1, -1, -1
3, 203, 369.00, 472.00, 15.00, 24.00, -1, -1, -1
3, 202, 344.00, 521.00, 15.00, 14.00, -1, -1, -1
3, 200, 966.00, 248.00, 12.00, 20.00, -1, -1, -1
3, 17, 971.00, 182.00, 21.00, 23.00, -1, -1, -1
3, 14, 731.00, 370.00, 41.00, 29.00, -1, -1, -1
3, 1, 769.73, 679.72, 96.14, 61.50, -1, -1, -1
3, 2, 987.76, 77.74, 40.18, 90.27, -1, -1, -1
3, 3, 1442.62, 0.98, 48.71, 65.32, -1, -1, -1
3, 4, 56.36, 170.14, 56.00, 56.56, -1, -1, -1
3, 5, 1282.88, 759.20, 57.96, 50.93, -1, -1, -1
3, 6, 830.65, 490.56, 61.98, 44.66, -1, -1, -1
3, 7, 1154.12, 332.14, 32.11, 44.45, -1, -1, -1
3, 8, 302.34, 872.12, 35.72, 48.03, -1, -1, -1
3, 9, 1027.20, 972.64, 34.34, 39.03, -1, -1, -1
3, 10, 72.64, 523.66, 19.49, 34.34, -1, -1, -1
30, 212, 497.00, 432.00, 34.00, 28.00, -1, -1, -1
30, 205, 674.00, 1061.00, 15.00, 16.00, -1, -1, -1
30, 203, 339.00, 410.00, 25.00, 25.00, -1, -1, -1
30, 202, 312.00, 435.00, 18.00, 18.00, -1, -1, -1
30, 200, 971.00, 240.00, 14.00, 23.00, -1, -1, -1
30, 17, 967.00, 89.00, 35.00, 29.00, -1, -1, -1
30, 1, 732.71, 629.94, 99.21, 61.70, -1, -1, -1
30, 2, 1003.06, 79.92, 37.30, 86.92, -1, -1, -1
30, 3, 1440.79, 0.67, 34.20, 41.41, -1, -1, -1
30, 4, 5.29, 154.87, 56.99, 56.28, -1, -1, -1
30, 5, 1249.56, 748.01, 60.14, 51.32, -1, -1, -1
30, 6, 811.43, 368.42, 76.09, 46.63, -1, -1, -1
30, 7, 1145.07, 327.05, 30.21, 46.67, -1, -1, -1
30, 8, 273.12, 815.91, 37.25, 47.83, -1, -1, -1
30, 9, 1030.91, 907.53, 41.36, 44.09, -1, -1, -1
30, 14, 725.97, 284.70, 34.40, 22.58, -1, -1, -1
30, 10, 50.92, 513.08, 18.59, 32.83, -1, -1, -1
300, 209, 250.00, 102.00, 17.00, 20.00, -1, -1, -1
300, 215, 637.00, 305.00, 32.00, 36.00, -1, -1, -1
300, 214, 516.00, 373.00, 18.00, 24.00, -1, -1, -1
300, 213, 679.00, 886.00, 19.00, 21.00, -1, -1, -1
300, 212, 245.00, 348.00, 32.00, 30.00, -1, -1, -1
300, 205, 475.00, 96.00, 27.00, 20.00, -1, -1, -1
300, 207, 1378.00, 159.00, 14.00, 24.00, -1, -1, -1
300, 200, 1004.00, 155.00, 16.00, 26.00, -1, -1, -1
300, 99, 1032.00, 417.00, 25.00, 19.00, -1, -1, -1
300, 133, 1410.00, 997.00, 38.00, 18.00, -1, -1, -1
300, 139, 1493.00, 854.00, 38.00, 19.00, -1, -1, -1
300, 111, 1256.00, 894.00, 41.00, 29.00, -1, -1, -1
300, 106, 1312.00, 849.00, 32.00, 31.00, -1, -1, -1
300, 92, 1115.00, 651.00, 17.00, 48.00, -1, -1, -1
300, 95, 1126.00, 968.00, 24.00, 29.00, -1, -1, -1
300, 87, 1470.00, 71.00, 26.00, 28.00, -1, -1, -1
300, 2, 1117.13, 136.16, 28.92, 74.36, -1, -1, -1
300, 5, 956.32, 629.57, 48.94, 53.13, -1, -1, -1
300, 60, 1761.51, 628.56, 94.69, 38.06, -1, -1, -1
300, 7, 1092.93, 249.88, 28.01, 48.68, -1, -1, -1
300, 72, 605.36, 744.61, 26.74, 79.10, -1, -1, -1
300, 43, 800.48, 327.01, 42.59, 105.01, -1, -1, -1
300, 88, 1704.00, 198.00, 175.00, 95.00, -1, -1, -1
300, 57, 884.02, 445.05, 42.02, 43.32, -1, -1, -1
300, 1, 627.29, 310.99, 34.31, 30.29, -1, -1, -1
300, 65, 1268.08, 800.99, 30.51, 36.24, -1, -1, -1
300, 59, 795.61, 428.27, 41.56, 30.05, -1, -1, -1
300, 71, 330.12, 210.64, 34.69, 37.58, -1, -1, -1
301, 209, 248.00, 96.00, 17.00, 20.00, -1, -1, -1
301, 215, 638.00, 301.00, 32.00, 36.00, -1, -1, -1
301, 214, 513.00, 367.00, 18.00, 24.00, -1, -1, -1
301, 213, 679.00, 886.00, 19.00, 21.00, -1, -1, -1
301, 212, 245.00, 348.00, 32.00, 30.00, -1, -1, -1
301, 205, 475.00, 85.00, 27.00, 20.00, -1, -1, -1
301, 207, 1378.00, 153.00, 14.00, 24.00, -1, -1, -1
301, 200, 1004.00, 155.00, 16.00, 26.00, -1, -1, -1
301, 99, 1032.00, 417.00, 25.00, 19.00, -1, -1, -1
301, 133, 1410.00, 997.00, 38.00, 18.00, -1, -1, -1
301, 139, 1493.00, 854.00, 38.00, 19.00, -1, -1, -1
301, 111, 1256.00, 894.00, 41.00, 29.00, -1, -1, -1
301, 106, 1312.00, 849.00, 32.00, 31.00, -1, -1, -1
301, 92, 1115.00, 647.00, 17.00, 48.00, -1, -1, -1
301, 95, 1126.00, 960.00, 24.00, 29.00, -1, -1, -1
301, 2, 1117.64, 134.67, 29.27, 75.95, -1, -1, -1
301, 5, 954.22, 628.23, 50.86, 55.68, -1, -1, -1
301, 60, 1761.53, 627.63, 94.05, 37.70, -1, -1, -1
301, 7, 1092.31, 250.83, 27.27, 47.36, -1, -1, -1
301, 72, 604.56, 741.27, 25.86, 76.45, -1, -1, -1
301, 43, 801.23, 324.77, 41.58, 101.42, -1, -1, -1
301, 88, 1698.00, 197.00, 164.00, 97.00, -1, -1, -1
301, 57, 883.14, 441.10, 43.23, 44.43, -1, -1, -1
301, 1, 628.76, 309.80, 33.61, 29.68, -1, -1, -1
301, 65, 1270.37, 798.94, 29.43, 35.01, -1, -1, -1
301, 59, 795.18, 424.11, 42.77, 31.06, -1, -1, -1
301, 71, 328.75, 206.19, 35.87, 39.26, -1, -1, -1
301, 87, 1469.41, 63.00, 26.58, 29.92, -1, -1, -1
302, 209, 246.00, 90.00, 17.00, 20.00, -1, -1, -1
302, 215, 638.00, 301.00, 32.00, 36.00, -1, -1, -1
302, 214, 513.00, 367.00, 18.00, 24.00, -1, -1, -1
302, 213, 679.00, 886.00, 19.00, 21.00, -1, -1, -1
302, 212, 245.00, 348.00, 32.00, 30.00, -1, -1, -1
302, 205, 475.00, 85.00, 27.00, 20.00, -1, -1, -1
302, 207, 1378.00, 153.00, 14.00, 24.00, -1, -1, -1
302, 200, 1004.00, 155.00, 16.00, 26.00, -1, -1, -1
302, 99, 1037.00, 410.00, 25.00, 19.00, -1, -1, -1
302, 133, 1406.00, 995.00, 38.00, 18.00, -1, -1, -1
302, 139, 1493.00, 854.00, 38.00, 19.00, -1, -1, -1
302, 111, 1256.00, 894.00, 41.00, 29.00, -1, -1, -1
302, 106, 1314.00, 845.00, 32.00, 31.00, -1, -1, -1
302, 92, 1115.00, 647.00, 17.00, 48.00, -1, -1, -1
302, 95, 1126.00, 960.00, 24.00, 29.00, -1, -1, -1
302, 2, 1117.91, 134.35, 29.21, 76.42, -1, -1, -1
302, 5, 954.23, 628.71, 49.06, 53.70, -1, -1, -1
302, 60, 1761.53, 626.83, 93.94, 37.56, -1, -1, -1
302, 7, 1091.84, 250.60, 27.48, 47.84, -1, -1, -1
302, 72, 603.32, 737.71, 25.45, 75.43, -1, -1, -1
302, 43, 801.97, 320.41, 41.28, 100.08, -1, -1, -1
302, 88, 1691.00, 198.00, 160.00, 97.00, -1, -1, -1
302, 57, 882.00, 439.00, 39.00, 39.00, -1, -1, -1
302, 1, 629.58, 308.52, 33.24, 29.44, -1, -1, -1
302, 65, 1270.89, 794.28, 31.62, 37.59, -1, -1, -1
302, 59, 795.01, 420.20, 44.24, 32.42, -1, -1, -1
302, 71, 328.81, 204.69, 33.73, 37.10, -1, -1, -1
302, 87, 1470.87, 57.00, 28.13, 29.94, -1, -1, -1
303, 209, 245.00, 86.00, 17.00, 20.00, -1, -1, -1
303, 215, 638.00, 301.00, 32.00, 36.00, -1, -1, -1
303, 214, 513.00, 367.00, 17.00, 19.00, -1, -1, -1
303, 213, 677.00, 882.00, 19.00, 21.00, -1, -1, -1
303, 212, 245.00, 348.00, 32.00, 30.00, -1, -1, -1
303, 205, 473.00, 73.00, 27.00, 20.00, -1, -1, -1
303, 207, 1382.00, 146.00, 14.00, 24.00, -1, -1, -1
303, 200, 1004.00, 155.00, 16.00, 26.00, -1, -1, -1
303, 99, 1037.00, 410.00, 25.00, 19.00, -1, -1, -1
303, 133, 1406.00, 995.00, 38.00, 18.00, -1, -1, -1
303, 139, 1493.00, 854.00, 38.00, 19.00, -1, -1, -1
303, 111, 1256.00, 890.00, 41.00, 29.00, -1, -1, -1
303, 106, 1314.00, 845.00, 32.00, 31.00, -1, -1, -1
303, 95, 1127.00, 952.00, 24.00, 29.00, -1, -1, -1
303, 2, 1118.13, 134.72, 28.94, 76.22, -1, -1, -1
303, 5, 953.49, 628.93, 47.94, 52.41, -1, -1, -1
303, 60, 1757.11, 626.07, 98.84, 39.49, -1, -1, -1
303, 7, 1092.10, 252.12, 26.71, 46.04, -1, -1, -1
303, 72, 601.83, 731.04, 26.42, 78.06, -1, -1, -1
303, 43, 802.33, 316.72, 40.96, 98.61, -1, -1, -1
303, 88, 1685.00, 200.00, 150.00, 96.00, -1, -1, -1
303, 57, 881.44, 434.57, 41.56, 43.44, -1, -1, -1
303, 1, 632.03, 308.70, 31.26, 27.85, -1, -1, -1
303, 65, 1271.76, 791.17, 31.02, 36.57, -1, -1, -1
303, 59, 796.86, 417.36, 40.97, 30.01, -1, -1, -1
303, 71, 326.27, 201.26, 35.65, 39.30, -1, -1, -1
303, 87, 1473.37, 50.00, 25.63, 31.23, -1, -1, -1
303, 92, 1114.97, 646.28, 16.55, 49.91, -1, -1, -1
304, 209, 242.00, 80.00, 17.00, 20.00, -1, -1, -1
304, 215, 639.00, 298.00, 32.00, 36.00, -1, -1, -1
304, 214, 513.00, 367.00, 17.00, 19.00, -1, -1, -1
304, 213, 677.00, 882.00, 19.00, 21.00, -1, -1, -1
304, 212, 238.00, 342.00, 32.00, 30.00, -1, -1, -1
304, 205, 473.00, 73.00, 27.00, 20.00, -1, -1, -1
304, 207, 1382.00, 146.00, 14.00, 24.00, -1, -1, -1
304, 200, 1004.00, 155.00, 16.00, 26.00, -1, -1, -1
304, 99, 1037.00, 410.00, 25.00, 19.00, -1, -1, -1
304, 133, 1406.00, 995.00, 38.00, 18.00, -1, -1, -1
304, 139, 1493.00, 854.00, 38.00, 19.00, -1, -1, -1
304, 111, 1256.00, 890.00, 41.00, 29.00, -1, -1, -1
304, 106, 1316.00, 840.00, 32.00, 31.00, -1, -1, -1
304, 95, 1127.00, 952.00, 24.00, 29.00, -1, -1, -1
304, 1, 633.00, 309.00, 31.00, 28.00, -1, -1, -1
304, 2, 1118.79, 135.49, 28.65, 75.89, -1, -1, -1
304, 5, 953.00, 629.03, 47.02, 51.42, -1, -1, -1
304, 60, 1756.48, 624.36, 96.72, 38.75, -1, -1, -1
304, 7, 1092.08, 252.48, 26.66, 45.59, -1, -1, -1
304, 72, 600.82, 723.28, 27.76, 81.97, -1, -1, -1
304, 43, 803.05, 311.78, 40.65, 97.09, -1, -1, -1
304, 88, 1681.00, 199.00, 154.00, 95.00, -1, -1, -1
304, 57, 882.32, 430.64, 38.68, 43.36, -1, -1, -1
304, 65, 1272.18, 786.65, 32.50, 38.16, -1, -1, -1
304, 59, 795.58, 413.20, 41.69, 30.54, -1, -1, -1
304, 71, 325.62, 199.70, 34.37, 37.88, -1, -1, -1
304, 87, 1475.40, 41.35, 31.20, 34.56, -1, -1, -1
304, 92, 1114.70, 643.87, 15.48, 45.71, -1, -1, -1
305, 209, 237.00, 74.00, 17.00, 20.00, -1, -1, -1
305, 215, 639.00, 298.00, 32.00, 36.00, -1, -1, -1
305, 214, 513.00, 361.00, 17.00, 19.00, -1, -1, -1
305, 213, 677.00, 882.00, 19.00, 21.00, -1, -1, -1
305, 212, 238.00, 342.00, 32.00, 30.00, -1, -1, -1
305, 205, 468.00, 57.00, 27.00, 20.00, -1, -1, -1
305, 207, 1383.00, 137.00, 14.00, 24.00, -1, -1, -1
305, 200, 1005.00, 152.00, 16.00, 26.00, -1, -1, -1
305, 99, 1037.00, 403.00, 25.00, 19.00, -1, -1, -1
305, 133, 1406.00, 995.00, 38.00, 18.00, -1, -1, -1
305, 139, 1493.00, 854.00, 38.00, 19.00, -1, -1, -1
305, 111, 1256.00, 890.00, 41.00, 29.00, -1, -1, -1
305, 106, 1316.00, 840.00, 32.00, 31.00, -1, -1, -1
305, 95, 1128.00, 947.00, 24.00, 29.00, -1, -1, -1
305, 87, 1475.40, 41.35, 31.20, 34.56, -1, -1, -1
305, 2, 1119.63, 136.15, 28.33, 75.38, -1, -1, -1
305, 5, 951.89, 627.83, 47.61, 52.07, -1, -1, -1
305, 60, 1758.56, 623.24, 93.33, 37.46, -1, -1, -1
305, 7, 1092.22, 253.36, 26.38, 44.68, -1, -1, -1
305, 72, 600.33, 721.90, 26.58, 78.61, -1, -1, -1
305, 43, 803.14, 307.12, 40.86, 96.57, -1, -1, -1
305, 88, 1672.50, 197.00, 145.50, 97.44, -1, -1, -1
305, 57, 881.11, 427.31, 36.89, 45.69, -1, -1, -1
305, 65, 1272.83, 783.10, 32.98, 38.74, -1, -1, -1
305, 59, 795.13, 410.04, 41.94, 30.72, -1, -1, -1
305, 71, 324.83, 197.89, 32.33, 35.56, -1, -1, -1
305, 92, 1113.77, 640.23, 16.82, 48.62, -1, -1, -1
305, 1, 632.19, 305.85, 32.20, 28.64, -1, -1, -1
306, 209, 238.00, 69.00, 17.00, 20.00, -1, -1, -1
306, 215, 639.00, 298.00, 32.00, 36.00, -1, -1, -1
306, 214, 513.00, 361.00, 17.00, 19.00, -1, -1, -1
306, 213, 677.00, 882.00, 19.00, 21.00, -1, -1, -1
306, 212, 238.00, 342.00, 32.00, 30.00, -1, -1, -1
306, 205, 468.00, 57.00, 27.00, 20.00, -1, -1, -1
306, 207, 1383.00, 137.00, 14.00, 24.00, -1, -1, -1
306, 200, 1004.00, 155.00, 16.00, 26.00, -1, -1, -1
306, 99, 1037.00, 403.00, 25.00, 19.00, -1, -1, -1
306, 133, 1406.00, 995.00, 38.00, 18.00, -1, -1, -1
306, 139, 1486.00, 850.00, 45.00, 23.00, -1, -1, -1
306, 111, 1256.00, 890.00, 41.00, 29.00, -1, -1, -1
306, 106, 1317.00, 836.00, 32.00, 31.00, -1, -1, -1
306, 92, 1113.77, 640.23, 16.82, 48.62, -1, -1, -1
306, 95, 1129.00, 937.00, 24.00, 29.00, -1, -1, -1
306, 87, 1478.00, 36.00, 27.00, 32.00, -1, -1, -1
306, 2, 1120.06, 136.53, 27.96, 75.05, -1, -1, -1
306, 5, 951.01, 627.15, 47.83, 52.31, -1, -1, -1
306, 60, 1757.55, 621.37, 95.74, 38.47, -1, -1, -1
306, 7, 1092.66, 253.95, 25.50, 42.83, -1, -1, -1
306, 72, 600.14, 719.16, 26.22, 77.24, -1, -1, -1
306, 43, 803.22, 302.06, 40.82, 95.40, -1, -1, -1
306, 88, 1665.00, 204.00, 141.00, 91.00, -1, -1, -1
306, 57, 881.86, 423.24, 39.14, 43.76, -1, -1, -1
306, 65, 1275.11, 781.86, 30.02, 35.04, -1, -1, -1
306, 59, 795.25, 406.75, 41.47, 30.29, -1, -1, -1
306, 71, 323.90, 194.55, 32.20, 35.48, -1, -1, -1
306, 1, 632.26, 304.07, 33.67, 30.09, -1, -1, -1
307, 209, 236.00, 63.00, 17.00, 20.00, -1, -1, -1
307, 215, 641.00, 292.00, 32.00, 36.00, -1, -1, -1
307, 214, 513.00, 361.00, 17.00, 19.00, -1, -1, -1
307, 213, 677.00, 882.00, 19.00, 21.00, -1, -1, -1
307, 212, 238.00, 342.00, 32.00, 30.00, -1, -1, -1
307, 205, 468.00, 46.00, 27.00, 20.00, -1, -1, -1
307, 207, 1385.00, 130.00, 14.00, 24.00, -1, -1, -1
307, 200, 1004.00, 155.00, 16.00, 26.00, -1, -1, -1
307, 99, 1039.00, 396.00, 25.00, 19.00, -1, -1, -1
307, 133, 1406.00, 995.00, 38.00, 18.00, -1, -1, -1
307, 139, 1486.00, 850.00, 45.00, 23.00, -1, -1, -1
307, 111, 1256.00, 890.00, 41.00, 29.00, -1, -1, -1
307, 106, 1317.00, 836.00, 32.00, 31.00, -1, -1, -1
307, 92, 1113.77, 640.23, 16.82, 48.62, -1, -1, -1
307, 95, 1129.00, 937.00, 24.00, 29.00, -1, -1, -1
307, 87, 1478.00, 36.00, 27.00, 32.00, -1, -1, -1
307, 2, 1120.39, 137.16, 27.46, 74.68, -1, -1, -1
307, 5, 949.91, 626.66, 47.53, 51.91, -1, -1, -1
307, 60, 1756.60, 620.71, 93.89, 37.85, -1, -1, -1
307, 7, 1092.52, 253.92, 25.80, 43.17, -1, -1, -1
307, 72, 599.21, 715.81, 25.86, 75.23, -1, -1, -1
307, 43, 803.16, 296.61, 40.96, 94.75, -1, -1, -1
307, 88, 1656.83, 206.00, 142.17, 89.28, -1, -1, -1
307, 57, 881.57, 419.60, 38.43, 43.40, -1, -1, -1
307, 65, 1275.58, 778.56, 30.58, 35.62, -1, -1, -1
307, 59, 794.70, 402.92, 42.49, 31.12, -1, -1, -1
307, 71, 321.33, 190.17, 34.93, 38.72, -1, -1, -1
307, 1, 633.27, 302.95, 33.18, 29.87, -1, -1, -1
308, 209, 234.00, 57.00, 17.00, 20.00, -1, -1, -1
308, 215, 641.00, 292.00, 32.00, 36.00, -1, -1, -1
308, 214, 514.00, 356.00, 17.00, 19.00, -1, -1, -1
308, 213, 677.00, 882.00, 19.00, 21.00, -1, -1, -1
308, 212, 238.00, 342.00, 32.00, 30.00, -1, -1, -1
308, 205, 468.00, 46.00, 27.00, 20.00, -1, -1, -1
308, 207, 1385.00, 130.00, 14.00, 24.00, -1, -1, -1
308, 200, 1005.00, 150.00, 16.00, 26.00, -1, -1, -1
308, 99, 1039.00, 396.00, 25.00, 19.00, -1, -1, -1
308, 133, 1406.00, 995.00, 38.00, 18.00, -1, -1, -1
308, 139, 1486.00, 850.00, 45.00, 23.00, -1, -1, -1
308, 111, 1256.00, 890.00, 41.00, 29.00, -1, -1, -1
308, 106, 1317.00, 832.00, 32.00, 31.00, -1, -1, -1
308, 92, 1113.77, 640.23, 16.82, 48.62, -1, -1, -1
308, 95, 1128.20, 928.00, 26.80, 30.80, -1, -1, -1
308, 87, 1482.00, 24.00, 27.00, 32.00, -1, -1, -1
308, 71, 320.00, 188.00, 41.00, 42.00, -1, -1, -1
308, 2, 1120.87, 136.78, 27.54, 75.52, -1, -1, -1
308, 5, 947.99, 625.74, 48.51, 52.76, -1, -1, -1
308, 60, 1755.22, 619.77, 93.30, 37.61, -1, -1, -1
308, 7, 1092.44, 253.28, 25.98, 43.30, -1, -1, -1
308, 72, 597.74, 710.72, 26.03, 74.98, -1, -1, -1
308, 43, 803.51, 291.02, 41.25, 94.55, -1, -1, -1
308, 88, 1648.59, 209.00, 146.41, 86.59, -1, -1, -1
308, 57, 880.05, 415.16, 34.95, 44.84, -1, -1, -1
308, 65, 1277.42, 774.46, 30.38, 35.82, -1, -1, -1
308, 59, 794.53, 399.13, 42.80, 31.42, -1, -1, -1
308, 1, 634.59, 302.08, 32.55, 29.53, -1, -1, -1
309, 209, 232.00, 52.00, 17.00, 20.00, -1, -1, -1
309, 215, 641.00, 292.00, 32.00, 36.00, -1, -1, -1
309, 214, 514.00, 356.00, 17.00, 19.00, -1, -1, -1
309, 213, 677.00, 882.00, 19.00, 21.00, -1, -1, -1
309, 212, 238.00, 342.00, 32.00, 30.00, -1, -1, -1
309, 205, 462.00, 34.00, 27.00, 20.00, -1, -1, -1
309, 207, 1386.00, 124.00, 14.00, 24.00, -1, -1, -1
309, 200, 1005.00, 150.00, 16.00, 26.00, -1, -1, -1
309, 99, 1039.00, 390.00, 25.00, 19.00, -1, -1, -1
309, 133, 1406.00, 995.00, 38.00, 18.00, -1, -1, -1
309, 139, 1486.00, 850.00, 45.00, 23.00, -1, -1, -1
309, 111, 1256.00, 890.00, 41.00, 29.00, -1, -1, -1
309, 106, 1317.00, 832.00, 32.00, 31.00, -1, -1, -1
309, 92, 1116.00, 638.00, 16.00, 49.00, -1, -1, -1
309, 2, 1121.11, 136.75, 27.41, 75.72, -1, -1, -1
309, 5, 946.75, 625.17, 49.00, 53.08, -1, -1, -1
309, 60, 1754.74, 618.71, 93.08, 37.52, -1, -1, -1
309, 7, 1092.39, 252.67, 26.10, 43.36, -1, -1, -1
309, 72, 597.05, 705.49, 26.47, 75.90, -1, -1, -1
309, 43, 803.88, 285.37, 41.86, 95.25, -1, -1, -1
309, 88, 1642.46, 209.00, 140.54, 86.43, -1, -1, -1
309, 57, 880.44, 410.89, 36.56, 44.11, -1, -1, -1
309, 65, 1278.02, 770.56, 30.40, 35.90, -1, -1, -1
309, 59, 793.50, 394.62, 44.86, 33.01, -1, -1, -1
309, 1, 635.34, 301.30, 32.25, 29.39, -1, -1, -1
309, 95, 1128.20, 928.00, 26.80, 30.80, -1, -1, -1
309, 87, 1483.41, 13.70, 30.19, 33.47, -1, -1, -1
309, 71, 319.92, 183.87, 33.47, 37.22, -1, -1, -1
31, 212, 497.00, 432.00, 34.00, 28.00, -1, -1, -1
31, 205, 673.00, 1057.00, 15.00, 16.00, -1, -1, -1
31, 203, 337.00, 403.00, 25.00, 25.00, -1, -1, -1
31, 202, 312.00, 435.00, 18.00, 18.00, -1, -1, -1
31, 200, 971.00, 240.00, 14.00, 23.00, -1, -1, -1
31, 17, 967.00, 89.00, 35.00, 29.00, -1, -1, -1
31, 1, 731.77, 628.14, 99.12, 61.55, -1, -1, -1
31, 2, 1003.87, 81.37, 36.68, 85.21, -1, -1, -1
31, 3, 1441.08, 0.66, 33.52, 40.65, -1, -1, -1
31, 4, 3.36, 154.68, 56.59, 55.76, -1, -1, -1
31, 5, 1247.58, 747.66, 61.11, 52.15, -1, -1, -1
31, 6, 813.38, 363.75, 71.29, 43.40, -1, -1, -1
31, 7, 1145.07, 327.16, 30.02, 46.63, -1, -1, -1
31, 8, 270.39, 812.28, 39.50, 50.94, -1, -1, -1
31, 9, 1031.40, 903.70, 40.45, 42.85, -1, -1, -1
31, 14, 724.63, 280.85, 34.96, 22.96, -1, -1, -1
31, 10, 50.23, 512.37, 18.61, 32.99, -1, -1, -1
310, 209, 230.00, 47.00, 17.00, 20.00, -1, -1, -1
310, 215, 641.00, 288.00, 32.00, 36.00, -1, -1, -1
310, 214, 510.00, 350.00, 17.00, 19.00, -1, -1, -1
310, 213, 677.00, 882.00, 19.00, 21.00, -1, -1, -1
310, 212, 238.00, 342.00, 32.00, 30.00, -1, -1, -1
310, 205, 462.00, 34.00, 27.00, 20.00, -1, -1, -1
310, 207, 1389.00, 122.00, 12.00, 23.00, -1, -1, -1
310, 200, 1005.00, 150.00, 16.00, 26.00, -1, -1, -1
310, 99, 1039.00, 390.00, 25.00, 19.00, -1, -1, -1
310, 133, 1403.00, 992.00, 38.00, 18.00, -1, -1, -1
310, 139, 1486.00, 850.00, 45.00, 23.00, -1, -1, -1
310, 111, 1247.00, 891.00, 41.00, 29.00, -1, -1, -1
310, 106, 1317.00, 830.00, 32.00, 31.00, -1, -1, -1
310, 92, 1116.00, 638.00, 16.00, 49.00, -1, -1, -1
310, 87, 1484.00, 15.00, 27.00, 32.00, -1, -1, -1
310, 2, 1121.27, 137.23, 27.21, 75.66, -1, -1, -1
310, 5, 945.84, 624.72, 49.14, 53.20, -1, -1, -1
310, 60, 1754.80, 617.86, 90.60, 36.50, -1, -1, -1
310, 7, 1092.41, 252.44, 26.07, 43.14, -1, -1, -1
310, 72, 596.18, 699.73, 26.91, 77.24, -1, -1, -1
310, 43, 804.25, 280.21, 41.60, 93.80, -1, -1, -1
310, 88, 1634.17, 211.00, 142.83, 85.11, -1, -1, -1
310, 57, 880.00, 407.00, 40.00, 45.00, -1, -1, -1
310, 65, 1275.30, 765.74, 36.23, 43.88, -1, -1, -1
310, 59, 793.70, 391.07, 44.47, 32.64, -1, -1, -1
310, 1, 634.89, 299.32, 33.05, 30.33, -1, -1, -1
310, 95, 1130.65, 918.66, 29.90, 35.23, -1, -1, -1
310, 71, 316.92, 180.03, 36.03, 39.93, -1, -1, -1
311, 209, 229.00, 41.00, 17.00, 20.00, -1, -1, -1
311, 215, 641.00, 288.00, 32.00, 36.00, -1, -1, -1
311, 214, 510.00, 350.00, 17.00, 19.00, -1, -1, -1
311, 213, 677.00, 882.00, 19.00, 21.00, -1, -1, -1
311, 212, 238.00, 342.00, 32.00, 30.00, -1, -1, -1
311, 205, 461.00, 18.00, 27.00, 20.00, -1, -1, -1
311, 207, 1388.00, 119.00, 15.00, 24.00, -1, -1, -1
311, 200, 1005.00, 150.00, 16.00, 26.00, -1, -1, -1
311, 99, 1039.00, 390.00, 25.00, 19.00, -1, -1, -1
311, 133, 1403.00, 992.00, 38.00, 18.00, -1, -1, -1
311, 139, 1486.00, 850.00, 45.00, 23.00, -1, -1, -1
311, 111, 1247.00, 891.00, 41.00, 29.00, -1, -1, -1
311, 106, 1322.00, 823.00, 32.00, 31.00, -1, -1, -1
311, 92, 1116.00, 638.00, 16.00, 49.00, -1, -1, -1
311, 95, 1135.00, 924.00, 23.00, 23.00, -1, -1, -1
311, 2, 1122.20, 139.14, 26.37, 73.90, -1, -1, -1
311, 5, 945.00, 624.82, 48.29, 52.26, -1, -1, -1
311, 60, 1755.50, 616.59, 92.42, 37.12, -1, -1, -1
311, 7, 1092.20, 251.61, 26.50, 43.81, -1, -1, -1
311, 72, 595.61, 695.73, 26.64, 76.77, -1, -1, -1
311, 43, 804.31, 274.48, 41.62, 93.03, -1, -1, -1
311, 88, 1627.42, 211.00, 143.58, 85.47, -1, -1, -1
311, 57, 880.96, 402.88, 39.04, 42.12, -1, -1, -1
311, 65, 1277.53, 762.54, 33.80, 41.21, -1, -1, -1
311, 59, 792.19, 386.16, 47.50, 34.93, -1, -1, -1
311, 1, 635.06, 298.00, 33.61, 30.92, -1, -1, -1
311, 71, 313.48, 175.11, 40.24, 44.66, -1, -1, -1
311, 87, 1486.16, 1.21, 30.68, 33.60, -1, -1, -1
312, 209, 227.00, 35.00, 17.00, 20.00, -1, -1, -1
312, 215, 641.00, 288.00, 32.00, 36.00, -1, -1, -1
312, 214, 507.00, 342.00, 21.00, 24.00, -1, -1, -1
312, 213, 677.00, 882.00, 19.00, 21.00, -1, -1, -1
312, 212, 238.00, 342.00, 32.00, 30.00, -1, -1, -1
312, 205, 461.00, 18.00, 27.00, 20.00, -1, -1, -1
312, 207, 1389.00, 113.00, 15.00, 24.00, -1, -1, -1
312, 200, 1005.00, 150.00, 16.00, 26.00, -1, -1, -1
312, 99, 1039.00, 390.00, 25.00, 19.00, -1, -1, -1
312, 133, 1403.00, 992.00, 38.00, 18.00, -1, -1, -1
312, 139, 1477.00, 848.00, 45.00, 23.00, -1, -1, -1
312, 111, 1247.00, 891.00, 41.00, 29.00, -1, -1, -1
312, 106, 1322.00, 823.00, 32.00, 31.00, -1, -1, -1
312, 92, 1118.00, 636.00, 16.00, 49.00, -1, -1, -1
312, 95, 1135.00, 916.00, 25.00, 27.00, -1, -1, -1
312, 2, 1122.56, 139.74, 26.01, 73.48, -1, -1, -1
312, 5, 944.39, 624.13, 48.65, 52.40, -1, -1, -1
312, 60, 1754.37, 614.67, 95.91, 38.34, -1, -1, -1
312, 7, 1092.31, 251.80, 26.29, 43.33, -1, -1, -1
312, 72, 594.54, 692.41, 26.32, 75.59, -1, -1, -1
312, 43, 804.77, 268.55, 41.73, 92.52, -1, -1, -1
312, 88, 1620.60, 211.56, 129.26, 85.78, -1, -1, -1
312, 57, 881.98, 399.00, 40.02, 47.38, -1, -1, -1
312, 65, 1281.10, 760.99, 30.35, 36.97, -1, -1, -1
312, 59, 792.51, 383.89, 46.87, 34.82, -1, -1, -1
312, 1, 635.66, 297.41, 32.71, 30.16, -1, -1, -1
312, 71, 312.67, 174.02, 38.28, 42.28, -1, -1, -1
312, 87, 1490.55, 0.00, 26.93, 28.58, -1, -1, -1
313, 209, 225.00, 29.00, 17.00, 20.00, -1, -1, -1
313, 215, 638.00, 280.00, 32.00, 36.00, -1, -1, -1
313, 214, 507.00, 342.00, 21.00, 24.00, -1, -1, -1
313, 213, 677.00, 882.00, 19.00, 21.00, -1, -1, -1
313, 212, 231.00, 342.00, 32.00, 30.00, -1, -1, -1
313, 205, 458.00, 5.00, 27.00, 20.00, -1, -1, -1
313, 207, 1389.00, 108.00, 15.00, 24.00, -1, -1, -1
313, 200, 1005.00, 150.00, 16.00, 26.00, -1, -1, -1
313, 99, 1039.00, 383.00, 25.00, 19.00, -1, -1, -1
313, 133, 1403.00, 992.00, 38.00, 18.00, -1, -1, -1
313, 139, 1477.00, 848.00, 45.00, 23.00, -1, -1, -1
313, 111, 1247.00, 891.00, 41.00, 29.00, -1, -1, -1
313, 106, 1322.00, 814.00, 36.00, 40.00, -1, -1, -1
313, 95, 1135.00, 916.00, 25.00, 27.00, -1, -1, -1
313, 87, 1490.55, 0.00, 26.93, 28.58, -1, -1, -1
313, 65, 1278.00, 756.00, 36.00, 44.00, -1, -1, -1
313, 2, 1122.68, 140.57, 25.88, 73.70, -1, -1, -1
313, 5, 943.13, 623.89, 48.91, 52.45, -1, -1, -1
313, 60, 1752.89, 613.98, 93.49, 37.33, -1, -1, -1
313, 7, 1092.27, 251.88, 26.39, 43.40, -1, -1, -1
313, 72, 593.15, 688.36, 26.25, 75.15, -1, -1, -1
313, 43, 804.84, 262.54, 41.97, 92.36, -1, -1, -1
313, 88, 1615.20, 212.12, 128.03, 84.65, -1, -1, -1
313, 57, 879.76, 392.17, 37.24, 46.83, -1, -1, -1
313, 59, 792.50, 380.25, 45.93, 34.27, -1, -1, -1
313, 1, 636.87, 296.75, 32.32, 29.85, -1, -1, -1
313, 71, 312.08, 168.89, 37.42, 40.98, -1, -1, -1
313, 92, 1114.85, 624.71, 17.26, 48.01, -1, -1, -1
314, 209, 222.00, 25.00, 17.00, 20.00, -1, -1, -1
314, 215, 638.00, 280.00, 32.00, 36.00, -1, -1, -1
314, 214, 506.00, 337.00, 21.00, 24.00, -1, -1, -1
314, 213, 672.00, 882.00, 19.00, 21.00, -1, -1, -1
314, 212, 231.00, 342.00, 32.00, 30.00, -1, -1, -1
314, 205, 458.00, -0.00, 27.00, 20.00, -1, -1, -1
314, 207, 1389.00, 108.00, 15.00, 24.00, -1, -1, -1
314, 200, 1005.00, 150.00, 16.00, 26.00, -1, -1, -1
314, 99, 1039.00, 383.00, 25.00, 19.00, -1, -1, -1
314, 133, 1403.00, 992.00, 38.00, 18.00, -1, -1, -1
314, 139, 1477.00, 848.00, 45.00, 23.00, -1, -1, -1
314, 111, 1247.00, 891.00, 41.00, 29.00, -1, -1, -1
314, 106, 1322.00, 814.00, 36.00, 40.00, -1, -1, -1
314, 95, 1136.00, 910.00, 25.00, 27.00, -1, -1, -1
314, 87, 1490.56, 0.00, 27.44, 21.00, -1, -1, -1
314, 65, 1278.00, 751.00, 36.00, 44.00, -1, -1, -1
314, 2, 1122.62, 140.49, 26.01, 73.79, -1, -1, -1
314, 5, 941.81, 623.57, 49.80, 52.97, -1, -1, -1
314, 60, 1750.65, 612.53, 93.95, 37.43, -1, -1, -1
314, 7, 1091.47, 250.80, 26.99, 44.17, -1, -1, -1
314, 72, 592.68, 683.52, 26.20, 74.99, -1, -1, -1
314, 43, 805.31, 256.50, 42.13, 92.08, -1, -1, -1
314, 88, 1608.84, 213.29, 126.87, 83.50, -1, -1, -1
314, 57, 879.73, 388.56, 41.27, 46.44, -1, -1, -1
314, 59, 792.70, 376.79, 44.18, 33.05, -1, -1, -1
314, 1, 637.21, 295.55, 32.36, 29.98, -1, -1, -1
314, 71, 311.17, 167.39, 35.83, 38.80, -1, -1, -1
314, 92, 1113.59, 622.56, 18.86, 51.13, -1, -1, -1
315, 209, 222.00, 20.00, 17.00, 20.00, -1, -1, -1
315, 215, 638.00, 280.00, 32.00, 36.00, -1, -1, -1
315, 214, 506.00, 337.00, 21.00, 24.00, -1, -1, -1
315, 213, 672.00, 882.00, 19.00, 21.00, -1, -1, -1
315, 212, 231.00, 342.00, 32.00, 30.00, -1, -1, -1
315, 205, 458.00, 0.00, 21.00, 12.00, -1, -1, -1
315, 207, 1392.00, 101.00, 15.00, 24.00, -1, -1, -1
315, 200, 1005.00, 150.00, 16.00, 26.00, -1, -1, -1
315, 99, 1040.00, 376.00, 25.00, 19.00, -1, -1, -1
315, 133, 1403.00, 992.00, 38.00, 18.00, -1, -1, -1
315, 139, 1477.00, 848.00, 45.00, 23.00, -1, -1, -1
315, 111, 1247.00, 891.00, 41.00, 29.00, -1, -1, -1
315, 106, 1322.00, 814.00, 36.00, 40.00, -1, -1, -1
315, 92, 1117.00, 625.00, 20.00, 50.00, -1, -1, -1
315, 95, 1136.00, 905.00, 25.00, 27.00, -1, -1, -1
315, 2, 1122.57, 140.33, 26.11, 73.82, -1, -1, -1
315, 5, 940.54, 622.72, 50.76, 53.66, -1, -1, -1
315, 60, 1748.94, 611.28, 93.94, 37.47, -1, -1, -1
315, 7, 1091.34, 250.89, 26.90, 43.72, -1, -1, -1
315, 72, 591.29, 678.39, 26.70, 75.93, -1, -1, -1
315, 43, 805.39, 250.46, 42.36, 91.99, -1, -1, -1
315, 88, 1603.71, 214.93, 124.54, 81.60, -1, -1, -1
315, 57, 880.08, 384.65, 44.92, 49.35, -1, -1, -1
315, 59, 793.68, 373.89, 41.73, 31.07, -1, -1, -1
315, 1, 637.31, 293.90, 33.38, 31.01, -1, -1, -1
315, 71, 309.31, 162.63, 37.90, 40.94, -1, -1, -1
315, 65, 1282.47, 747.61, 31.88, 38.71, -1, -1, -1
316, 209, 218.00, 13.00, 17.00, 20.00, -1, -1, -1
316, 215, 638.00, 277.00, 32.00, 36.00, -1, -1, -1
316, 214, 505.00, 330.00, 21.00, 24.00, -1, -1, -1
316, 213, 672.00, 882.00, 19.00, 21.00, -1, -1, -1
316, 212, 231.00, 342.00, 32.00, 30.00, -1, -1, -1
316, 207, 1392.00, 101.00, 15.00, 24.00, -1, -1, -1
316, 200, 1005.00, 150.00, 16.00, 26.00, -1, -1, -1
316, 99, 1040.00, 376.00, 25.00, 19.00, -1, -1, -1
316, 133, 1395.00, 992.00, 38.00, 18.00, -1, -1, -1
316, 139, 1477.00, 848.00, 45.00, 23.00, -1, -1, -1
316, 111, 1247.00, 891.00, 41.00, 29.00, -1, -1, -1
316, 106, 1324.00, 803.00, 36.00, 40.00, -1, -1, -1
316, 95, 1137.00, 901.00, 25.00, 27.00, -1, -1, -1
316, 2, 1122.73, 139.13, 26.76, 75.70, -1, -1, -1
316, 5, 939.28, 623.15, 50.77, 52.93, -1, -1, -1
316, 60, 1748.35, 610.36, 93.88, 37.48, -1, -1, -1
316, 7, 1090.82, 250.56, 26.82, 43.55, -1, -1, -1
316, 72, 590.19, 673.90, 26.61, 75.30, -1, -1, -1
316, 43, 805.83, 244.05, 42.60, 91.99, -1, -1, -1
316, 88, 1597.76, 215.75, 124.35, 81.17, -1, -1, -1
316, 57, 879.37, 379.87, 44.63, 50.13, -1, -1, -1
316, 59, 792.11, 369.44, 44.69, 33.37, -1, -1, -1
316, 1, 638.07, 293.31, 33.26, 30.91, -1, -1, -1
316, 71, 308.23, 159.74, 38.01, 41.21, -1, -1, -1
316, 65, 1283.95, 745.00, 31.32, 37.95, -1, -1, -1
316, 92, 1114.42, 619.89, 19.18, 50.52, -1, -1, -1
317, 209, 216.00, 9.00, 17.00, 20.00, -1, -1, -1
317, 215, 638.00, 277.00, 32.00, 36.00, -1, -1, -1
317, 214, 505.00, 330.00, 21.00, 24.00, -1, -1, -1
317, 213, 672.00, 882.00, 19.00, 21.00, -1, -1, -1
317, 212, 231.00, 342.00, 32.00, 30.00, -1, -1, -1
317, 207, 1393.00, 94.00, 15.00, 24.00, -1, -1, -1
317, 200, 1005.00, 150.00, 16.00, 26.00, -1, -1, -1
317, 99, 1040.00, 369.00, 25.00, 19.00, -1, -1, -1
317, 133, 1395.00, 992.00, 38.00, 18.00, -1, -1, -1
317, 139, 1477.00, 848.00, 45.00, 23.00, -1, -1, -1
317, 111, 1240.00, 887.00, 41.00, 29.00, -1, -1, -1
317, 113, 835.00, 0.00, 23.00, 13.00, -1, -1, -1
317, 106, 1324.00, 803.00, 36.00, 40.00, -1, -1, -1
317, 1, 640.00, 296.00, 31.00, 28.00, -1, -1, -1
317, 2, 1123.35, 139.05, 26.85, 75.91, -1, -1, -1
317, 5, 938.23, 623.09, 51.00, 52.65, -1, -1, -1
317, 60, 1748.94, 610.06, 90.34, 36.00, -1, -1, -1
317, 7, 1090.78, 249.46, 27.47, 44.49, -1, -1, -1
317, 72, 589.13, 668.40, 26.94, 76.06, -1, -1, -1
317, 43, 805.32, 238.00, 43.02, 92.50, -1, -1, -1
317, 88, 1591.98, 216.27, 123.96, 80.80, -1, -1, -1
317, 57, 877.82, 376.70, 46.18, 51.30, -1, -1, -1
317, 59, 793.11, 366.65, 41.65, 30.78, -1, -1, -1
317, 71, 306.50, 157.65, 38.09, 41.55, -1, -1, -1
317, 65, 1287.13, 742.90, 28.77, 34.93, -1, -1, -1
317, 92, 1115.14, 618.55, 19.18, 49.80, -1, -1, -1
317, 95, 1138.00, 895.00, 25.17, 26.25, -1, -1, -1
318, 209, 214.00, 2.00, 17.00, 20.00, -1, -1, -1
318, 215, 641.00, 273.00, 32.00, 36.00, -1, -1, -1
318, 214, 505.00, 330.00, 21.00, 24.00, -1, -1, -1
318, 213, 672.00, 882.00, 19.00, 21.00, -1, -1, -1
318, 212, 231.00, 342.00, 32.00, 30.00, -1, -1, -1
318, 207, 1393.00, 94.00, 15.00, 24.00, -1, -1, -1
318, 200, 1005.00, 150.00, 16.00, 26.00, -1, -1, -1
318, 99, 1040.00, 369.00, 25.00, 19.00, -1, -1, -1
318, 133, 1395.00, 992.00, 38.00, 18.00, -1, -1, -1
318, 139, 1477.00, 848.00, 45.00, 23.00, -1, -1, -1
318, 111, 1240.00, 887.00, 41.00, 29.00, -1, -1, -1
318, 113, 835.00, 0.00, 23.00, 13.00, -1, -1, -1
318, 106, 1329.00, 790.00, 36.00, 40.00, -1, -1, -1
318, 92, 1113.00, 617.00, 20.00, 50.00, -1, -1, -1
318, 95, 1141.00, 888.00, 22.00, 26.00, -1, -1, -1
318, 71, 306.00, 153.00, 41.00, 42.00, -1, -1, -1
318, 2, 1123.67, 139.87, 26.71, 75.37, -1, -1, -1
318, 5, 936.74, 623.83, 50.37, 51.55, -1, -1, -1
318, 60, 1748.71, 609.50, 88.00, 34.94, -1, -1, -1
318, 7, 1090.19, 248.80, 27.90, 44.84, -1, -1, -1
318, 72, 587.74, 662.05, 27.63, 77.82, -1, -1, -1
318, 43, 806.15, 231.47, 43.09, 92.21, -1, -1, -1
318, 88, 1586.36, 216.92, 123.29, 80.19, -1, -1, -1
318, 57, 880.18, 371.85, 48.31, 51.99, -1, -1, -1
318, 59, 794.11, 363.29, 40.29, 29.71, -1, -1, -1
318, 65, 1286.73, 737.72, 30.90, 37.37, -1, -1, -1
318, 1, 641.76, 294.24, 29.43, 27.33, -1, -1, -1
319, 209, 212.00, -0.00, 17.00, 20.00, -1, -1, -1
319, 215, 641.00, 273.00, 32.00, 36.00, -1, -1, -1
319, 214, 503.00, 322.00, 21.00, 24.00, -1, -1, -1
319, 213, 672.00, 882.00, 19.00, 21.00, -1, -1, -1
319, 212, 224.00, 342.00, 32.00, 30.00, -1, -1, -1
319, 207, 1396.00, 83.00, 15.00, 24.00, -1, -1, -1
319, 200, 1005.00, 150.00, 16.00, 26.00, -1, -1, -1
319, 133, 1395.00, 992.00, 38.00, 18.00, -1, -1, -1
319, 139, 1477.00, 848.00, 45.00, 23.00, -1, -1, -1
319, 111, 1240.00, 887.00, 41.00, 29.00, -1, -1, -1
319, 113, 835.00, 0.00, 23.00, 13.00, -1, -1, -1
319, 106, 1329.00, 790.00, 36.00, 40.00, -1, -1, -1
319, 92, 1113.00, 617.00, 20.00, 50.00, -1, -1, -1
319, 95, 1141.00, 888.00, 22.00, 26.00, -1, -1, -1
319, 65, 1286.00, 736.00, 31.00, 36.00, -1, -1, -1
319, 1, 642.00, 295.00, 31.00, 28.00, -1, -1, -1
319, 2, 1123.95, 141.30, 26.30, 73.92, -1, -1, -1
319, 5, 935.83, 623.12, 50.93, 51.64, -1, -1, -1
319, 60, 1746.46, 607.83, 89.51, 35.56, -1, -1, -1
319, 7, 1089.91, 248.32, 28.17, 44.97, -1, -1, -1
319, 72, 587.31, 658.08, 27.77, 78.00, -1, -1, -1
319, 43, 806.40, 224.51, 43.23, 92.12, -1, -1, -1
319, 88, 1579.73, 217.37, 122.67, 79.99, -1, -1, -1
319, 57, 880.74, 368.84, 47.39, 50.87, -1, -1, -1
319, 59, 792.61, 358.65, 42.51, 31.36, -1, -1, -1
319, 99, 1040.00, 369.00, 25.00, 19.00, -1, -1, -1
319, 71, 304.20, 150.79, 36.81, 40.20, -1, -1, -1
32, 212, 495.00, 427.00, 38.00, 33.00, -1, -1, -1
32, 205, 673.00, 1057.00, 15.00, 16.00, -1, -1, -1
32, 203, 337.00, 403.00, 25.00, 25.00, -1, -1, -1
32, 202, 310.00, 428.00, 18.00, 18.00, -1, -1, -1
32, 200, 971.00, 240.00, 14.00, 23.00, -1, -1, -1
32, 17, 968.00, 81.00, 35.00, 29.00, -1, -1, -1
32, 1, 730.42, 626.28, 99.17, 61.49, -1, -1, -1
32, 2, 1004.05, 81.46, 36.66, 84.97, -1, -1, -1
32, 3, 1440.80, 0.71, 33.05, 39.90, -1, -1, -1
32, 4, 1.49, 153.70, 56.83, 56.00, -1, -1, -1
32, 5, 1245.82, 747.54, 61.61, 52.46, -1, -1, -1
32, 6, 811.22, 359.20, 74.30, 45.07, -1, -1, -1
32, 7, 1144.43, 325.98, 30.28, 47.59, -1, -1, -1
32, 8, 270.95, 810.96, 38.18, 49.20, -1, -1, -1
32, 9, 1031.21, 900.36, 41.83, 44.36, -1, -1, -1
32, 14, 724.93, 277.80, 34.60, 22.60, -1, -1, -1
32, 10, 49.53, 512.12, 18.52, 33.04, -1, -1, -1
320, 209, 215.00, 1.00, 11.00, 11.00, -1, -1, -1
320, 215, 640.00, 266.00, 32.00, 36.00, -1, -1, -1
320, 214, 503.00, 322.00, 21.00, 24.00, -1, -1, -1
320, 213, 672.00, 882.00, 19.00, 21.00, -1, -1, -1
320, 212, 224.00, 342.00, 32.00, 30.00, -1, -1, -1
320, 207, 1396.00, 83.00, 15.00, 24.00, -1, -1, -1
320, 200, 1005.00, 150.00, 16.00, 26.00, -1, -1, -1
320, 99, 1040.00, 365.00, 27.00, 18.00, -1, -1, -1
320, 133, 1395.00, 992.00, 38.00, 18.00, -1, -1, -1
320, 139, 1477.00, 848.00, 45.00, 23.00, -1, -1, -1
320, 111, 1240.00, 887.00, 41.00, 29.00, -1, -1, -1
320, 113, 835.00, 0.00, 23.00, 13.00, -1, -1, -1
320, 106, 1333.00, 783.00, 36.00, 40.00, -1, -1, -1
320, 92, 1113.00, 617.00, 20.00, 50.00, -1, -1, -1
320, 1, 642.00, 295.00, 31.00, 28.00, -1, -1, -1
320, 2, 1124.32, 143.20, 25.59, 71.87, -1, -1, -1
320, 5, 935.11, 623.11, 50.97, 51.18, -1, -1, -1
320, 60, 1745.68, 606.75, 90.04, 35.79, -1, -1, -1
320, 7, 1089.47, 248.40, 27.96, 44.52, -1, -1, -1
320, 72, 586.80, 654.04, 27.11, 76.09, -1, -1, -1
320, 43, 805.63, 218.01, 44.98, 96.07, -1, -1, -1
320, 88, 1574.92, 217.75, 121.65, 79.44, -1, -1, -1
320, 57, 881.46, 364.60, 46.04, 49.46, -1, -1, -1
320, 59, 791.24, 354.10, 44.00, 32.68, -1, -1, -1
320, 71, 305.47, 150.31, 32.78, 35.74, -1, -1, -1
320, 95, 1138.73, 874.67, 26.17, 30.37, -1, -1, -1
320, 65, 1288.05, 730.51, 31.21, 37.48, -1, -1, -1
321, 215, 640.00, 266.00, 32.00, 36.00, -1, -1, -1
321, 214, 501.00, 314.00, 21.00, 24.00, -1, -1, -1
321, 213, 672.00, 882.00, 19.00, 21.00, -1, -1, -1
321, 212, 224.00, 342.00, 32.00, 30.00, -1, -1, -1
321, 207, 1397.00, 78.00, 15.00, 24.00, -1, -1, -1
321, 200, 1005.00, 150.00, 16.00, 26.00, -1, -1, -1
321, 133, 1395.00, 989.00, 34.00, 21.00, -1, -1, -1
321, 139, 1477.00, 848.00, 45.00, 23.00, -1, -1, -1
321, 111, 1240.00, 887.00, 41.00, 29.00, -1, -1, -1
321, 113, 830.00, -0.00, 26.00, 18.00, -1, -1, -1
321, 106, 1333.00, 783.00, 36.00, 40.00, -1, -1, -1
321, 92, 1113.00, 617.00, 20.00, 50.00, -1, -1, -1
321, 1, 642.00, 295.00, 31.00, 28.00, -1, -1, -1
321, 2, 1124.18, 143.40, 25.87, 72.36, -1, -1, -1
321, 5, 933.25, 622.13, 52.24, 52.00, -1, -1, -1
321, 60, 1743.37, 604.89, 92.38, 36.88, -1, -1, -1
321, 7, 1089.23, 248.19, 28.06, 44.60, -1, -1, -1
321, 72, 585.95, 647.98, 27.25, 76.35, -1, -1, -1
321, 43, 805.89, 211.70, 44.51, 94.86, -1, -1, -1
321, 88, 1569.56, 218.11, 120.93, 79.27, -1, -1, -1
321, 57, 882.25, 360.44, 46.49, 49.44, -1, -1, -1
321, 59, 787.97, 347.84, 50.07, 37.82, -1, -1, -1
321, 71, 300.24, 145.85, 36.82, 39.79, -1, -1, -1
321, 95, 1139.97, 870.11, 26.48, 31.09, -1, -1, -1
321, 65, 1288.81, 725.80, 32.12, 38.51, -1, -1, -1
321, 99, 1040.00, 365.00, 27.00, 18.00, -1, -1, -1
322, 215, 640.00, 266.00, 32.00, 36.00, -1, -1, -1
322, 214, 501.00, 314.00, 21.00, 24.00, -1, -1, -1
322, 213, 672.00, 882.00, 19.00, 21.00, -1, -1, -1
322, 212, 224.00, 342.00, 32.00, 30.00, -1, -1, -1
322, 207, 1397.00, 78.00, 15.00, 24.00, -1, -1, -1
322, 200, 1005.00, 150.00, 16.00, 26.00, -1, -1, -1
322, 99, 1039.00, 359.00, 28.00, 20.00, -1, -1, -1
322, 133, 1395.00, 989.00, 34.00, 21.00, -1, -1, -1
322, 139, 1475.00, 842.00, 45.00, 23.00, -1, -1, -1
322, 111, 1240.00, 887.00, 41.00, 29.00, -1, -1, -1
322, 113, 830.00, -0.00, 26.00, 18.00, -1, -1, -1
322, 106, 1333.00, 783.00, 36.00, 40.00, -1, -1, -1
322, 92, 1116.00, 612.00, 20.00, 50.00, -1, -1, -1
322, 95, 1142.00, 873.00, 23.00, 25.00, -1, -1, -1
322, 71, 298.00, 144.00, 41.00, 42.00, -1, -1, -1
322, 1, 642.00, 295.00, 31.00, 28.00, -1, -1, -1
322, 2, 1125.09, 142.96, 26.03, 72.55, -1, -1, -1
322, 5, 932.19, 621.77, 52.53, 51.82, -1, -1, -1
322, 60, 1741.66, 603.25, 93.04, 37.29, -1, -1, -1
322, 7, 1088.77, 248.13, 27.84, 44.38, -1, -1, -1
322, 72, 585.17, 644.39, 26.81, 74.96, -1, -1, -1
322, 43, 805.91, 203.97, 44.46, 94.62, -1, -1, -1
322, 88, 1565.40, 218.34, 119.52, 78.72, -1, -1, -1
322, 57, 882.11, 356.17, 47.53, 50.56, -1, -1, -1
322, 59, 788.33, 344.31, 50.09, 38.36, -1, -1, -1
322, 65, 1290.89, 723.19, 30.78, 36.90, -1, -1, -1
323, 215, 645.00, 269.00, 30.00, 29.00, -1, -1, -1
323, 214, 501.00, 314.00, 21.00, 24.00, -1, -1, -1
323, 213, 672.00, 882.00, 19.00, 21.00, -1, -1, -1
323, 212, 224.00, 342.00, 32.00, 30.00, -1, -1, -1
323, 207, 1398.00, 70.00, 15.00, 24.00, -1, -1, -1
323, 200, 1005.00, 150.00, 16.00, 26.00, -1, -1, -1
323, 99, 1039.00, 359.00, 28.00, 20.00, -1, -1, -1
323, 133, 1395.00, 989.00, 34.00, 21.00, -1, -1, -1
323, 139, 1475.00, 842.00, 45.00, 23.00, -1, -1, -1
323, 111, 1240.00, 887.00, 41.00, 29.00, -1, -1, -1
323, 113, 830.00, -0.00, 26.00, 18.00, -1, -1, -1
323, 106, 1332.00, 785.00, 36.00, 40.00, -1, -1, -1
323, 92, 1116.00, 612.00, 20.00, 50.00, -1, -1, -1
323, 95, 1142.00, 864.00, 26.00, 30.00, -1, -1, -1
323, 1, 644.00, 290.00, 31.00, 28.00, -1, -1, -1
323, 2, 1125.57, 143.15, 25.78, 72.38, -1, -1, -1
323, 5, 931.35, 622.14, 51.62, 50.27, -1, -1, -1
323, 60, 1741.15, 601.68, 93.09, 37.45, -1, -1, -1
323, 7, 1088.76, 248.36, 27.45, 43.80, -1, -1, -1
323, 72, 583.79, 639.25, 26.88, 74.93, -1, -1, -1
323, 43, 806.32, 197.19, 44.62, 94.54, -1, -1, -1
323, 88, 1559.91, 218.27, 119.38, 79.05, -1, -1, -1
323, 57, 883.77, 352.61, 42.49, 44.92, -1, -1, -1
323, 59, 789.91, 340.19, 48.25, 37.10, -1, -1, -1
323, 65, 1294.02, 721.38, 27.49, 33.26, -1, -1, -1
323, 71, 297.84, 138.41, 37.79, 40.76, -1, -1, -1
324, 215, 645.00, 264.00, 30.00, 30.00, -1, -1, -1
324, 214, 500.00, 307.00, 21.00, 24.00, -1, -1, -1
324, 213, 672.00, 882.00, 19.00, 21.00, -1, -1, -1
324, 212, 224.00, 342.00, 32.00, 30.00, -1, -1, -1
324, 207, 1398.00, 70.00, 15.00, 24.00, -1, -1, -1
324, 200, 1006.00, 145.00, 16.00, 26.00, -1, -1, -1
324, 99, 1038.00, 353.00, 33.00, 21.00, -1, -1, -1
324, 133, 1395.00, 989.00, 34.00, 21.00, -1, -1, -1
324, 139, 1475.00, 842.00, 45.00, 23.00, -1, -1, -1
324, 111, 1240.00, 887.00, 41.00, 29.00, -1, -1, -1
324, 113, 830.00, -0.00, 26.00, 18.00, -1, -1, -1
324, 106, 1333.00, 783.00, 36.00, 40.00, -1, -1, -1
324, 92, 1116.00, 612.00, 20.00, 50.00, -1, -1, -1
324, 95, 1142.00, 864.00, 26.00, 30.00, -1, -1, -1
324, 65, 1291.00, 721.00, 29.00, 34.00, -1, -1, -1
324, 1, 644.00, 290.00, 31.00, 28.00, -1, -1, -1
324, 2, 1125.65, 142.96, 25.89, 72.82, -1, -1, -1
324, 5, 929.01, 619.79, 54.39, 52.69, -1, -1, -1
324, 60, 1739.89, 599.65, 95.32, 38.49, -1, -1, -1
324, 7, 1088.58, 247.71, 27.69, 44.33, -1, -1, -1
324, 72, 583.01, 633.28, 27.50, 76.92, -1, -1, -1
324, 43, 806.46, 191.03, 44.69, 94.26, -1, -1, -1
324, 88, 1554.60, 218.46, 118.37, 78.69, -1, -1, -1
324, 57, 882.74, 347.14, 43.86, 46.35, -1, -1, -1
324, 59, 790.07, 335.57, 48.47, 37.54, -1, -1, -1
324, 71, 297.48, 134.83, 37.53, 40.62, -1, -1, -1
325, 215, 645.00, 264.00, 30.00, 23.00, -1, -1, -1
325, 214, 500.00, 307.00, 21.00, 24.00, -1, -1, -1
325, 213, 672.00, 882.00, 19.00, 21.00, -1, -1, -1
325, 212, 215.00, 340.00, 32.00, 30.00, -1, -1, -1
325, 207, 1401.00, 60.00, 15.00, 24.00, -1, -1, -1
325, 200, 1006.00, 145.00, 16.00, 26.00, -1, -1, -1
325, 99, 1038.00, 353.00, 33.00, 21.00, -1, -1, -1
325, 133, 1395.00, 989.00, 34.00, 21.00, -1, -1, -1
325, 139, 1475.00, 842.00, 45.00, 23.00, -1, -1, -1
325, 111, 1239.00, 881.00, 41.00, 29.00, -1, -1, -1
325, 113, 830.00, -0.00, 26.00, 18.00, -1, -1, -1
325, 106, 1333.00, 783.00, 36.00, 40.00, -1, -1, -1
325, 95, 1143.00, 857.00, 26.00, 30.00, -1, -1, -1
325, 1, 644.00, 290.00, 31.00, 28.00, -1, -1, -1
325, 2, 1125.72, 143.74, 25.82, 72.25, -1, -1, -1
325, 5, 928.95, 619.43, 54.84, 52.59, -1, -1, -1
325, 60, 1738.77, 599.41, 93.59, 37.91, -1, -1, -1
325, 7, 1088.60, 247.48, 27.60, 44.28, -1, -1, -1
325, 72, 581.19, 628.48, 27.90, 77.66, -1, -1, -1
325, 43, 806.19, 184.11, 45.33, 95.39, -1, -1, -1
325, 88, 1549.95, 218.51, 117.81, 78.82, -1, -1, -1
325, 57, 878.89, 341.06, 42.11, 49.94, -1, -1, -1
325, 59, 791.16, 332.48, 46.49, 35.75, -1, -1, -1
325, 71, 296.22, 128.96, 37.53, 41.31, -1, -1, -1
325, 92, 1115.34, 604.49, 19.46, 48.07, -1, -1, -1
325, 65, 1294.10, 711.98, 30.97, 37.76, -1, -1, -1
326, 215, 646.00, 259.00, 30.00, 23.00, -1, -1, -1
326, 214, 500.00, 307.00, 21.00, 24.00, -1, -1, -1
326, 213, 667.00, 879.00, 19.00, 21.00, -1, -1, -1
326, 212, 215.00, 340.00, 32.00, 30.00, -1, -1, -1
326, 207, 1401.00, 60.00, 15.00, 24.00, -1, -1, -1
326, 200, 1006.00, 145.00, 16.00, 26.00, -1, -1, -1
326, 99, 1038.00, 348.00, 33.00, 21.00, -1, -1, -1
326, 133, 1395.00, 989.00, 34.00, 21.00, -1, -1, -1
326, 139, 1475.00, 842.00, 45.00, 23.00, -1, -1, -1
326, 111, 1239.00, 881.00, 41.00, 29.00, -1, -1, -1
326, 113, 826.00, -0.00, 26.00, 18.00, -1, -1, -1
326, 106, 1333.00, 783.00, 36.00, 40.00, -1, -1, -1
326, 92, 1112.00, 606.00, 25.00, 49.00, -1, -1, -1
326, 95, 1146.00, 850.00, 26.00, 30.00, -1, -1, -1
326, 71, 294.00, 126.00, 41.00, 42.00, -1, -1, -1
326, 1, 644.00, 290.00, 31.00, 28.00, -1, -1, -1
326, 2, 1125.66, 143.78, 25.94, 72.28, -1, -1, -1
326, 5, 927.35, 619.06, 55.30, 52.55, -1, -1, -1
326, 60, 1738.46, 598.39, 92.76, 37.67, -1, -1, -1
326, 7, 1087.65, 247.40, 27.53, 44.26, -1, -1, -1
326, 72, 579.77, 624.12, 27.59, 75.97, -1, -1, -1
326, 43, 806.09, 177.40, 45.56, 95.33, -1, -1, -1
326, 88, 1554.00, 219.00, 109.00, 78.00, -1, -1, -1
326, 57, 879.02, 338.10, 43.99, 48.90, -1, -1, -1
326, 59, 792.23, 329.50, 44.45, 34.02, -1, -1, -1
326, 65, 1294.91, 706.57, 31.91, 38.77, -1, -1, -1
327, 215, 646.00, 259.00, 30.00, 23.00, -1, -1, -1
327, 214, 498.00, 300.00, 21.00, 24.00, -1, -1, -1
327, 213, 667.00, 879.00, 19.00, 21.00, -1, -1, -1
327, 212, 215.00, 340.00, 32.00, 30.00, -1, -1, -1
327, 207, 1403.00, 51.00, 15.00, 27.00, -1, -1, -1
327, 200, 1006.00, 145.00, 16.00, 26.00, -1, -1, -1
327, 99, 1038.00, 348.00, 33.00, 21.00, -1, -1, -1
327, 133, 1395.00, 989.00, 34.00, 21.00, -1, -1, -1
327, 139, 1475.00, 842.00, 45.00, 23.00, -1, -1, -1
327, 111, 1239.00, 881.00, 41.00, 29.00, -1, -1, -1
327, 113, 826.00, -0.00, 26.00, 18.00, -1, -1, -1
327, 106, 1333.00, 783.00, 36.00, 40.00, -1, -1, -1
327, 92, 1112.00, 606.00, 25.00, 49.00, -1, -1, -1
327, 95, 1147.00, 844.00, 26.00, 30.00, -1, -1, -1
327, 71, 294.00, 126.00, 41.00, 42.00, -1, -1, -1
327, 1, 647.00, 287.00, 31.00, 28.00, -1, -1, -1
327, 2, 1126.74, 144.89, 25.74, 71.31, -1, -1, -1
327, 5, 925.34, 617.46, 57.35, 54.02, -1, -1, -1
327, 60, 1736.01, 594.09, 99.18, 40.55, -1, -1, -1
327, 7, 1087.25, 247.38, 27.60, 44.75, -1, -1, -1
327, 72, 578.62, 618.70, 27.78, 76.31, -1, -1, -1
327, 43, 806.28, 171.08, 46.16, 96.22, -1, -1, -1
327, 88, 1553.00, 219.00, 103.00, 78.00, -1, -1, -1
327, 57, 878.58, 334.97, 43.42, 50.03, -1, -1, -1
327, 59, 790.72, 325.79, 44.48, 33.87, -1, -1, -1
327, 65, 1295.73, 702.42, 32.15, 39.15, -1, -1, -1
328, 215, 645.00, 256.00, 30.00, 23.00, -1, -1, -1
328, 214, 498.00, 300.00, 21.00, 24.00, -1, -1, -1
328, 213, 667.00, 879.00, 19.00, 21.00, -1, -1, -1
328, 212, 215.00, 340.00, 32.00, 30.00, -1, -1, -1
328, 207, 1403.00, 51.00, 15.00, 27.00, -1, -1, -1
328, 200, 1006.00, 145.00, 16.00, 26.00, -1, -1, -1
328, 133, 1395.00, 989.00, 34.00, 21.00, -1, -1, -1
328, 139, 1475.00, 842.00, 45.00, 23.00, -1, -1, -1
328, 111, 1239.00, 881.00, 41.00, 29.00, -1, -1, -1
328, 113, 826.00, -0.00, 26.00, 18.00, -1, -1, -1
328, 106, 1337.00, 773.00, 36.00, 40.00, -1, -1, -1
328, 92, 1112.00, 606.00, 25.00, 49.00, -1, -1, -1
328, 95, 1147.00, 844.00, 26.00, 30.00, -1, -1, -1
328, 71, 294.00, 126.00, 41.00, 42.00, -1, -1, -1
328, 1, 647.00, 287.00, 31.00, 28.00, -1, -1, -1
328, 2, 1127.00, 144.74, 25.95, 71.63, -1, -1, -1
328, 5, 924.26, 616.14, 58.84, 55.06, -1, -1, -1
328, 60, 1737.50, 594.44, 94.84, 38.73, -1, -1, -1
328, 7, 1087.17, 246.40, 27.50, 44.93, -1, -1, -1
328, 72, 577.94, 614.11, 27.44, 75.45, -1, -1, -1
328, 43, 806.28, 164.05, 46.51, 96.62, -1, -1, -1
328, 88, 1543.00, 219.00, 108.46, 78.39, -1, -1, -1
328, 57, 878.18, 330.52, 49.82, 49.48, -1, -1, -1
328, 59, 790.13, 321.82, 47.56, 36.30, -1, -1, -1
328, 65, 1296.45, 698.77, 32.35, 39.27, -1, -1, -1
328, 99, 1037.65, 341.88, 30.81, 23.29, -1, -1, -1
329, 215, 645.00, 256.00, 30.00, 23.00, -1, -1, -1
329, 214, 498.00, 300.00, 21.00, 24.00, -1, -1, -1
329, 213, 667.00, 879.00, 19.00, 21.00, -1, -1, -1
329, 212, 215.00, 340.00, 32.00, 30.00, -1, -1, -1
329, 207, 1407.00, 42.00, 15.00, 27.00, -1, -1, -1
329, 200, 1006.00, 145.00, 16.00, 26.00, -1, -1, -1
329, 99, 1040.00, 341.00, 33.00, 21.00, -1, -1, -1
329, 133, 1395.00, 989.00, 34.00, 21.00, -1, -1, -1
329, 139, 1475.00, 842.00, 45.00, 23.00, -1, -1, -1
329, 111, 1239.00, 881.00, 41.00, 29.00, -1, -1, -1
329, 113, 826.00, -0.00, 26.00, 18.00, -1, -1, -1
329, 106, 1340.00, 766.00, 36.00, 40.00, -1, -1, -1
329, 92, 1111.00, 598.00, 25.00, 49.00, -1, -1, -1
329, 95, 1150.00, 837.00, 26.00, 30.00, -1, -1, -1
329, 71, 294.00, 126.00, 32.00, 35.00, -1, -1, -1
329, 1, 647.00, 287.00, 31.00, 28.00, -1, -1, -1
329, 2, 1126.89, 143.74, 26.42, 72.81, -1, -1, -1
329, 5, 922.21, 614.67, 60.78, 56.42, -1, -1, -1
329, 60, 1736.32, 594.19, 92.79, 37.96, -1, -1, -1
329, 7, 1087.28, 245.66, 27.20, 45.00, -1, -1, -1
329, 72, 577.16, 608.85, 27.45, 75.62, -1, -1, -1
329, 43, 806.35, 157.05, 47.47, 98.25, -1, -1, -1
329, 88, 1532.49, 218.60, 113.83, 78.68, -1, -1, -1
329, 57, 877.98, 324.36, 47.02, 48.64, -1, -1, -1
329, 59, 789.66, 317.26, 47.27, 35.98, -1, -1, -1
329, 65, 1297.65, 695.56, 32.46, 39.29, -1, -1, -1
33, 212, 495.00, 427.00, 38.00, 33.00, -1, -1, -1
33, 205, 670.00, 1054.00, 15.00, 16.00, -1, -1, -1
33, 203, 335.00, 399.00, 25.00, 25.00, -1, -1, -1
33, 202, 310.00, 428.00, 18.00, 18.00, -1, -1, -1
33, 200, 971.00, 240.00, 14.00, 23.00, -1, -1, -1
33, 17, 968.00, 81.00, 35.00, 29.00, -1, -1, -1
33, 14, 722.00, 275.00, 42.00, 28.00, -1, -1, -1
33, 1, 728.87, 624.17, 99.16, 61.48, -1, -1, -1
33, 2, 1004.28, 80.82, 37.29, 86.12, -1, -1, -1
33, 3, 1440.49, 0.92, 32.31, 38.91, -1, -1, -1
33, 4, 0.25, 153.48, 56.60, 55.72, -1, -1, -1
33, 5, 1243.71, 747.76, 60.84, 51.83, -1, -1, -1
33, 6, 812.10, 353.58, 75.00, 45.29, -1, -1, -1
33, 7, 1144.17, 325.05, 30.44, 48.44, -1, -1, -1
33, 8, 270.22, 808.59, 37.71, 48.47, -1, -1, -1
33, 9, 1030.66, 896.26, 42.31, 44.91, -1, -1, -1
33, 10, 49.48, 512.54, 18.04, 32.07, -1, -1, -1
330, 215, 645.00, 251.00, 30.00, 23.00, -1, -1, -1
330, 214, 498.00, 295.00, 21.00, 24.00, -1, -1, -1
330, 213, 667.00, 879.00, 19.00, 21.00, -1, -1, -1
330, 212, 215.00, 340.00, 32.00, 30.00, -1, -1, -1
330, 207, 1407.00, 42.00, 15.00, 27.00, -1, -1, -1
330, 200, 1006.00, 145.00, 16.00, 26.00, -1, -1, -1
330, 99, 1040.00, 341.00, 33.00, 21.00, -1, -1, -1
330, 133, 1395.00, 989.00, 34.00, 21.00, -1, -1, -1
330, 139, 1475.00, 842.00, 45.00, 23.00, -1, -1, -1
330, 111, 1239.00, 881.00, 41.00, 29.00, -1, -1, -1
330, 113, 826.00, -0.00, 26.00, 18.00, -1, -1, -1
330, 106, 1340.00, 766.00, 36.00, 40.00, -1, -1, -1
330, 92, 1111.00, 598.00, 25.00, 49.00, -1, -1, -1
330, 95, 1151.00, 829.00, 26.00, 30.00, -1, -1, -1
330, 1, 647.00, 287.00, 31.00, 28.00, -1, -1, -1
330, 2, 1126.75, 143.23, 26.76, 73.76, -1, -1, -1
330, 5, 921.07, 613.89, 61.33, 56.45, -1, -1, -1
330, 60, 1736.81, 592.65, 92.21, 37.67, -1, -1, -1
330, 7, 1087.55, 246.01, 26.65, 44.53, -1, -1, -1
330, 72, 576.61, 602.09, 28.04, 77.67, -1, -1, -1
330, 43, 806.66, 149.77, 48.24, 99.29, -1, -1, -1
330, 88, 1528.61, 218.73, 112.63, 78.64, -1, -1, -1
330, 57, 878.06, 319.67, 49.94, 51.33, -1, -1, -1
330, 59, 789.58, 313.93, 44.98, 34.11, -1, -1, -1
330, 65, 1299.36, 692.03, 31.88, 38.79, -1, -1, -1
330, 71, 292.67, 116.70, 31.89, 35.47, -1, -1, -1
331, 215, 645.00, 251.00, 30.00, 23.00, -1, -1, -1
331, 214, 498.00, 295.00, 21.00, 24.00, -1, -1, -1
331, 213, 667.00, 879.00, 19.00, 21.00, -1, -1, -1
331, 212, 215.00, 340.00, 32.00, 30.00, -1, -1, -1
331, 207, 1408.00, 33.00, 15.00, 27.00, -1, -1, -1
331, 200, 1004.00, 141.00, 16.00, 26.00, -1, -1, -1
331, 99, 1040.00, 332.00, 33.00, 21.00, -1, -1, -1
331, 133, 1395.00, 989.00, 34.00, 21.00, -1, -1, -1
331, 139, 1475.00, 842.00, 45.00, 23.00, -1, -1, -1
331, 111, 1239.00, 881.00, 41.00, 29.00, -1, -1, -1
331, 113, 826.00, -0.00, 26.00, 18.00, -1, -1, -1
331, 106, 1340.00, 766.00, 36.00, 40.00, -1, -1, -1
331, 92, 1111.00, 598.00, 25.00, 49.00, -1, -1, -1
331, 95, 1151.00, 829.00, 26.00, 30.00, -1, -1, -1
331, 1, 649.00, 284.00, 31.00, 28.00, -1, -1, -1
331, 2, 1127.18, 143.77, 26.89, 73.62, -1, -1, -1
331, 5, 919.10, 612.64, 62.70, 57.43, -1, -1, -1
331, 60, 1736.15, 592.12, 91.78, 37.56, -1, -1, -1
331, 7, 1087.41, 244.67, 26.95, 45.59, -1, -1, -1
331, 72, 575.64, 597.49, 27.87, 76.96, -1, -1, -1
331, 43, 806.53, 142.99, 49.01, 100.47, -1, -1, -1
331, 88, 1524.68, 218.51, 111.60, 78.63, -1, -1, -1
331, 57, 876.39, 312.40, 50.61, 55.60, -1, -1, -1
331, 59, 790.10, 311.36, 43.02, 32.37, -1, -1, -1
331, 65, 1300.69, 688.87, 31.22, 38.08, -1, -1, -1
331, 71, 286.34, 112.00, 37.29, 41.48, -1, -1, -1
332, 215, 646.00, 249.00, 30.00, 23.00, -1, -1, -1
332, 214, 498.00, 295.00, 21.00, 24.00, -1, -1, -1
332, 213, 667.00, 879.00, 19.00, 21.00, -1, -1, -1
332, 212, 215.00, 340.00, 32.00, 30.00, -1, -1, -1
332, 207, 1408.00, 33.00, 15.00, 27.00, -1, -1, -1
332, 200, 1004.00, 141.00, 16.00, 26.00, -1, -1, -1
332, 99, 1040.00, 332.00, 33.00, 21.00, -1, -1, -1
332, 133, 1395.00, 989.00, 34.00, 21.00, -1, -1, -1
332, 139, 1475.00, 842.00, 45.00, 23.00, -1, -1, -1
332, 111, 1239.00, 881.00, 41.00, 29.00, -1, -1, -1
332, 113, 819.00, -0.00, 26.00, 18.00, -1, -1, -1
332, 106, 1340.00, 766.00, 36.00, 40.00, -1, -1, -1
332, 92, 1111.00, 598.00, 25.00, 49.00, -1, -1, -1
332, 95, 1152.00, 820.00, 26.00, 30.00, -1, -1, -1
332, 1, 649.00, 284.00, 31.00, 28.00, -1, -1, -1
332, 2, 1127.69, 142.86, 27.23, 74.68, -1, -1, -1
332, 5, 917.82, 611.45, 63.37, 57.79, -1, -1, -1
332, 60, 1735.17, 591.48, 89.16, 36.53, -1, -1, -1
332, 7, 1087.77, 244.67, 26.25, 44.75, -1, -1, -1
332, 72, 574.43, 591.99, 28.08, 77.68, -1, -1, -1
332, 43, 805.47, 134.75, 50.31, 103.11, -1, -1, -1
332, 88, 1520.84, 218.67, 110.38, 78.39, -1, -1, -1
332, 57, 878.04, 310.90, 43.96, 52.10, -1, -1, -1
332, 59, 790.44, 307.29, 43.04, 32.23, -1, -1, -1
332, 65, 1302.09, 685.34, 31.06, 37.79, -1, -1, -1
332, 71, 285.79, 108.53, 35.69, 39.86, -1, -1, -1
333, 215, 646.00, 249.00, 30.00, 23.00, -1, -1, -1
333, 214, 495.00, 286.00, 21.00, 24.00, -1, -1, -1
333, 213, 667.00, 879.00, 19.00, 21.00, -1, -1, -1
333, 212, 215.00, 340.00, 32.00, 30.00, -1, -1, -1
333, 207, 1410.00, 21.00, 15.00, 27.00, -1, -1, -1
333, 200, 1004.00, 141.00, 16.00, 26.00, -1, -1, -1
333, 99, 1040.00, 332.00, 33.00, 21.00, -1, -1, -1
333, 133, 1395.00, 989.00, 34.00, 21.00, -1, -1, -1
333, 139, 1475.00, 842.00, 45.00, 23.00, -1, -1, -1
333, 111, 1239.00, 881.00, 41.00, 29.00, -1, -1, -1
333, 113, 819.00, -0.00, 26.00, 18.00, -1, -1, -1
333, 106, 1340.00, 760.00, 36.00, 40.00, -1, -1, -1
333, 92, 1111.00, 592.00, 27.00, 46.00, -1, -1, -1
333, 1, 649.00, 284.00, 31.00, 28.00, -1, -1, -1
333, 2, 1128.04, 143.31, 27.01, 74.03, -1, -1, -1
333, 5, 916.73, 611.03, 63.91, 57.91, -1, -1, -1
333, 60, 1733.28, 587.77, 95.29, 39.15, -1, -1, -1
333, 7, 1086.98, 244.44, 25.87, 44.43, -1, -1, -1
333, 72, 573.24, 586.39, 28.21, 77.94, -1, -1, -1
333, 43, 805.90, 127.92, 50.10, 102.39, -1, -1, -1
333, 88, 1517.00, 218.84, 109.18, 78.31, -1, -1, -1
333, 57, 877.90, 308.40, 46.10, 52.60, -1, -1, -1
333, 59, 790.00, 302.67, 43.17, 32.19, -1, -1, -1
333, 65, 1303.06, 680.69, 31.03, 37.68, -1, -1, -1
333, 71, 284.44, 104.61, 35.77, 39.92, -1, -1, -1
333, 95, 1151.79, 811.62, 25.83, 30.02, -1, -1, -1
334, 215, 645.00, 243.00, 30.00, 23.00, -1, -1, -1
334, 214, 495.00, 286.00, 21.00, 24.00, -1, -1, -1
334, 213, 667.00, 879.00, 19.00, 21.00, -1, -1, -1
334, 212, 209.00, 340.00, 32.00, 30.00, -1, -1, -1
334, 207, 1410.00, 21.00, 15.00, 27.00, -1, -1, -1
334, 200, 1004.00, 141.00, 16.00, 26.00, -1, -1, -1
334, 133, 1395.00, 989.00, 34.00, 21.00, -1, -1, -1
334, 139, 1475.00, 842.00, 45.00, 23.00, -1, -1, -1
334, 111, 1239.00, 881.00, 41.00, 29.00, -1, -1, -1
334, 113, 819.00, -0.00, 22.00, 20.00, -1, -1, -1
334, 106, 1344.00, 760.00, 32.00, 39.00, -1, -1, -1
334, 92, 1111.00, 592.00, 27.00, 46.00, -1, -1, -1
334, 1, 650.00, 280.00, 31.00, 28.00, -1, -1, -1
334, 2, 1128.09, 142.80, 27.06, 74.20, -1, -1, -1
334, 5, 915.58, 610.90, 63.69, 57.45, -1, -1, -1
334, 60, 1733.72, 588.63, 89.45, 36.70, -1, -1, -1
334, 7, 1086.99, 245.11, 25.13, 43.31, -1, -1, -1
334, 72, 572.19, 581.25, 28.04, 77.54, -1, -1, -1
334, 43, 805.88, 120.27, 50.38, 102.82, -1, -1, -1
334, 88, 1513.20, 219.02, 107.87, 78.04, -1, -1, -1
334, 57, 875.30, 303.90, 49.70, 53.10, -1, -1, -1
334, 59, 788.93, 298.22, 45.04, 33.43, -1, -1, -1
334, 65, 1304.71, 677.10, 30.35, 36.63, -1, -1, -1
334, 71, 283.69, 100.77, 35.40, 40.06, -1, -1, -1
334, 95, 1150.67, 803.79, 29.73, 34.20, -1, -1, -1
334, 99, 1038.10, 320.98, 35.47, 26.79, -1, -1, -1
335, 215, 645.00, 243.00, 30.00, 23.00, -1, -1, -1
335, 214, 495.00, 286.00, 21.00, 24.00, -1, -1, -1
335, 213, 667.00, 879.00, 19.00, 21.00, -1, -1, -1
335, 212, 209.00, 340.00, 32.00, 30.00, -1, -1, -1
335, 207, 1411.00, 15.00, 15.00, 27.00, -1, -1, -1
335, 200, 1004.00, 141.00, 16.00, 26.00, -1, -1, -1
335, 99, 1042.00, 325.00, 33.00, 21.00, -1, -1, -1
335, 133, 1384.00, 988.00, 34.00, 21.00, -1, -1, -1
335, 139, 1466.00, 837.00, 45.00, 23.00, -1, -1, -1
335, 111, 1239.00, 881.00, 41.00, 29.00, -1, -1, -1
335, 113, 819.00, -0.00, 22.00, 20.00, -1, -1, -1
335, 106, 1347.00, 760.00, 32.00, 39.00, -1, -1, -1
335, 92, 1111.00, 587.00, 27.00, 46.00, -1, -1, -1
335, 65, 1305.00, 678.00, 29.00, 34.00, -1, -1, -1
335, 1, 650.00, 280.00, 31.00, 28.00, -1, -1, -1
335, 2, 1128.44, 143.72, 26.41, 73.03, -1, -1, -1
335, 5, 913.11, 608.91, 65.77, 59.23, -1, -1, -1
335, 60, 1732.27, 587.82, 88.46, 36.20, -1, -1, -1
335, 7, 1087.02, 245.13, 24.81, 42.89, -1, -1, -1
335, 72, 571.31, 575.79, 28.04, 77.38, -1, -1, -1
335, 43, 805.79, 113.19, 50.62, 103.21, -1, -1, -1
335, 88, 1509.38, 219.58, 106.10, 77.45, -1, -1, -1
335, 57, 882.00, 303.00, 40.00, 46.00, -1, -1, -1
335, 59, 789.97, 294.59, 43.88, 32.42, -1, -1, -1
335, 71, 281.27, 96.48, 37.43, 42.59, -1, -1, -1
335, 95, 1149.00, 804.00, 34.49, 31.63, -1, -1, -1
336, 215, 649.00, 242.00, 26.00, 24.00, -1, -1, -1
336, 214, 493.00, 276.00, 21.00, 24.00, -1, -1, -1
336, 213, 668.00, 874.00, 19.00, 21.00, -1, -1, -1
336, 212, 209.00, 340.00, 32.00, 30.00, -1, -1, -1
336, 207, 1411.00, 15.00, 15.00, 27.00, -1, -1, -1
336, 200, 1004.00, 141.00, 16.00, 26.00, -1, -1, -1
336, 133, 1384.00, 988.00, 34.00, 21.00, -1, -1, -1
336, 139, 1466.00, 837.00, 45.00, 23.00, -1, -1, -1
336, 111, 1227.00, 880.00, 41.00, 29.00, -1, -1, -1
336, 119, 1155.00, 753.00, 125.00, 104.00, -1, -1, -1
336, 113, 819.00, -0.00, 22.00, 20.00, -1, -1, -1
336, 106, 1348.00, 753.00, 32.00, 39.00, -1, -1, -1
336, 92, 1111.00, 587.00, 27.00, 46.00, -1, -1, -1
336, 2, 1128.43, 144.38, 26.42, 72.89, -1, -1, -1
336, 5, 912.01, 608.42, 65.98, 59.40, -1, -1, -1
336, 60, 1732.19, 586.31, 89.27, 36.52, -1, -1, -1
336, 7, 1087.14, 244.64, 24.51, 42.74, -1, -1, -1
336, 72, 569.82, 570.46, 28.43, 77.82, -1, -1, -1
336, 43, 805.52, 106.19, 51.17, 103.71, -1, -1, -1
336, 88, 1505.96, 219.16, 105.82, 77.98, -1, -1, -1
336, 57, 884.00, 298.00, 36.00, 46.00, -1, -1, -1
336, 59, 790.12, 290.64, 42.94, 31.77, -1, -1, -1
336, 71, 279.79, 93.73, 37.71, 43.05, -1, -1, -1
336, 95, 1151.00, 799.00, 34.00, 34.00, -1, -1, -1
336, 1, 649.78, 275.28, 35.47, 34.43, -1, -1, -1
336, 65, 1306.31, 667.32, 31.82, 38.50, -1, -1, -1
336, 99, 1036.24, 314.57, 38.52, 28.77, -1, -1, -1
337, 215, 649.00, 242.00, 26.00, 24.00, -1, -1, -1
337, 214, 493.00, 276.00, 21.00, 24.00, -1, -1, -1
337, 213, 668.00, 874.00, 19.00, 21.00, -1, -1, -1
337, 212, 209.00, 340.00, 32.00, 30.00, -1, -1, -1
337, 207, 1415.00, 6.00, 15.00, 27.00, -1, -1, -1
337, 200, 1004.00, 141.00, 16.00, 26.00, -1, -1, -1
337, 133, 1384.00, 988.00, 34.00, 21.00, -1, -1, -1
337, 139, 1466.00, 837.00, 45.00, 23.00, -1, -1, -1
337, 111, 1227.00, 880.00, 41.00, 29.00, -1, -1, -1
337, 119, 1157.00, 745.00, 125.00, 104.00, -1, -1, -1
337, 113, 819.00, -0.00, 22.00, 20.00, -1, -1, -1
337, 106, 1350.00, 750.00, 32.00, 39.00, -1, -1, -1
337, 92, 1111.00, 587.00, 27.00, 46.00, -1, -1, -1
337, 1, 649.78, 275.28, 35.47, 34.43, -1, -1, -1
337, 2, 1128.01, 143.88, 27.23, 75.33, -1, -1, -1
337, 5, 910.88, 608.27, 65.59, 58.96, -1, -1, -1
337, 60, 1730.66, 585.04, 90.63, 37.14, -1, -1, -1
337, 7, 1087.17, 244.47, 24.43, 42.69, -1, -1, -1
337, 72, 568.75, 564.93, 28.19, 77.48, -1, -1, -1
337, 43, 805.21, 98.61, 51.78, 104.49, -1, -1, -1
337, 88, 1502.57, 219.12, 104.83, 77.94, -1, -1, -1
337, 57, 882.00, 294.00, 44.00, 47.00, -1, -1, -1
337, 59, 789.69, 286.58, 43.58, 32.04, -1, -1, -1
337, 71, 278.95, 90.98, 36.25, 41.50, -1, -1, -1
337, 95, 1152.00, 797.00, 35.06, 32.61, -1, -1, -1
337, 65, 1307.51, 663.59, 31.22, 37.90, -1, -1, -1
337, 99, 1038.23, 313.23, 37.28, 27.91, -1, -1, -1
338, 215, 650.00, 236.00, 26.00, 27.00, -1, -1, -1
338, 214, 493.00, 276.00, 21.00, 24.00, -1, -1, -1
338, 213, 668.00, 874.00, 19.00, 21.00, -1, -1, -1
338, 212, 204.00, 337.00, 32.00, 30.00, -1, -1, -1
338, 207, 1415.00, 6.00, 15.00, 27.00, -1, -1, -1
338, 200, 1004.00, 141.00, 16.00, 26.00, -1, -1, -1
338, 99, 1043.00, 316.00, 33.00, 21.00, -1, -1, -1
338, 133, 1384.00, 988.00, 34.00, 21.00, -1, -1, -1
338, 139, 1466.00, 837.00, 45.00, 23.00, -1, -1, -1
338, 111, 1227.00, 880.00, 41.00, 29.00, -1, -1, -1
338, 119, 1157.00, 745.00, 125.00, 104.00, -1, -1, -1
338, 113, 819.00, -0.00, 22.00, 20.00, -1, -1, -1
338, 106, 1352.00, 744.00, 32.00, 39.00, -1, -1, -1
338, 92, 1111.00, 587.00, 27.00, 46.00, -1, -1, -1
338, 1, 649.78, 275.28, 35.47, 34.43, -1, -1, -1
338, 2, 1128.69, 145.52, 26.84, 73.17, -1, -1, -1
338, 5, 909.36, 607.01, 66.69, 59.76, -1, -1, -1
338, 60, 1731.19, 584.12, 89.00, 36.39, -1, -1, -1
338, 7, 1087.40, 244.42, 23.99, 42.18, -1, -1, -1
338, 72, 567.95, 559.07, 28.48, 77.85, -1, -1, -1
338, 43, 805.39, 91.06, 52.39, 105.39, -1, -1, -1
338, 88, 1499.32, 219.34, 103.33, 77.43, -1, -1, -1
338, 57, 877.83, 286.06, 46.17, 51.94, -1, -1, -1
338, 59, 789.10, 281.97, 44.69, 32.64, -1, -1, -1
338, 71, 274.77, 85.16, 39.31, 45.24, -1, -1, -1
338, 95, 1152.00, 789.00, 36.00, 36.00, -1, -1, -1
338, 65, 1306.77, 658.11, 33.28, 40.16, -1, -1, -1
339, 215, 650.00, 236.00, 26.00, 27.00, -1, -1, -1
339, 214, 490.00, 267.00, 21.00, 24.00, -1, -1, -1
339, 213, 668.00, 874.00, 19.00, 21.00, -1, -1, -1
339, 212, 204.00, 337.00, 32.00, 30.00, -1, -1, -1
339, 207, 1417.00, 0.00, 15.00, 27.00, -1, -1, -1
339, 99, 1043.00, 316.00, 33.00, 21.00, -1, -1, -1
339, 133, 1384.00, 988.00, 34.00, 21.00, -1, -1, -1
339, 139, 1466.00, 837.00, 45.00, 23.00, -1, -1, -1
339, 111, 1227.00, 880.00, 41.00, 29.00, -1, -1, -1
339, 119, 1157.00, 745.00, 125.00, 104.00, -1, -1, -1
339, 113, 815.00, -0.00, 22.00, 20.00, -1, -1, -1
339, 106, 1353.00, 740.00, 32.00, 39.00, -1, -1, -1
339, 92, 1111.00, 583.00, 28.00, 42.00, -1, -1, -1
339, 2, 1129.14, 144.85, 27.28, 73.63, -1, -1, -1
339, 5, 908.33, 607.05, 66.13, 59.07, -1, -1, -1
339, 60, 1730.53, 582.82, 88.20, 36.10, -1, -1, -1
339, 7, 1087.34, 243.65, 24.14, 42.49, -1, -1, -1
339, 72, 567.20, 554.09, 28.07, 76.99, -1, -1, -1
339, 43, 805.91, 84.01, 52.70, 105.71, -1, -1, -1
339, 88, 1496.08, 218.92, 102.69, 77.75, -1, -1, -1
339, 57, 878.68, 282.05, 44.32, 50.95, -1, -1, -1
339, 59, 788.15, 276.92, 46.57, 34.10, -1, -1, -1
339, 71, 273.57, 81.69, 38.59, 44.68, -1, -1, -1
339, 95, 1154.00, 785.00, 37.36, 35.64, -1, -1, -1
339, 65, 1309.68, 655.18, 31.51, 38.08, -1, -1, -1
339, 1, 654.07, 272.60, 29.36, 28.99, -1, -1, -1
34, 212, 495.00, 427.00, 38.00, 33.00, -1, -1, -1
34, 205, 670.00, 1054.00, 15.00, 16.00, -1, -1, -1
34, 203, 335.00, 399.00, 25.00, 25.00, -1, -1, -1
34, 202, 307.00, 421.00, 18.00, 18.00, -1, -1, -1
34, 200, 971.00, 240.00, 14.00, 23.00, -1, -1, -1
34, 17, 968.00, 81.00, 35.00, 29.00, -1, -1, -1
34, 1, 727.06, 621.95, 99.96, 61.97, -1, -1, -1
34, 2, 1004.20, 80.63, 37.83, 86.38, -1, -1, -1
34, 3, 1438.62, 0.43, 34.58, 41.83, -1, -1, -1
34, 4, 0.00, 151.99, 56.82, 57.30, -1, -1, -1
34, 5, 1242.96, 748.12, 60.56, 51.33, -1, -1, -1
34, 6, 809.20, 348.53, 72.80, 44.47, -1, -1, -1
34, 7, 1143.74, 326.18, 29.24, 46.79, -1, -1, -1
34, 8, 272.84, 808.78, 32.82, 42.23, -1, -1, -1
34, 9, 1030.46, 893.80, 42.46, 45.11, -1, -1, -1
34, 10, 48.81, 511.22, 18.37, 32.69, -1, -1, -1
34, 14, 724.53, 271.76, 35.53, 23.08, -1, -1, -1
340, 215, 649.00, 232.00, 26.00, 27.00, -1, -1, -1
340, 214, 490.00, 267.00, 21.00, 24.00, -1, -1, -1
340, 213, 668.00, 874.00, 19.00, 21.00, -1, -1, -1
340, 212, 204.00, 337.00, 32.00, 30.00, -1, -1, -1
340, 207, 1417.00, 0.00, 15.00, 27.00, -1, -1, -1
340, 99, 1043.00, 307.00, 33.00, 21.00, -1, -1, -1
340, 133, 1384.00, 988.00, 34.00, 21.00, -1, -1, -1
340, 139, 1465.00, 835.00, 45.00, 23.00, -1, -1, -1
340, 111, 1227.00, 880.00, 41.00, 29.00, -1, -1, -1
340, 119, 1157.00, 745.00, 125.00, 104.00, -1, -1, -1
340, 113, 815.00, -0.00, 22.00, 20.00, -1, -1, -1
340, 124, 1062.00, 1058.00, 37.00, 21.00, -1, -1, -1
340, 106, 1353.00, 740.00, 32.00, 39.00, -1, -1, -1
340, 92, 1112.00, 579.00, 28.00, 42.00, -1, -1, -1
340, 2, 1129.72, 145.15, 26.61, 72.50, -1, -1, -1
340, 5, 906.89, 606.11, 67.10, 59.78, -1, -1, -1
340, 60, 1728.15, 580.88, 90.23, 37.00, -1, -1, -1
340, 7, 1087.14, 242.63, 24.55, 43.36, -1, -1, -1
340, 72, 565.61, 547.70, 28.62, 78.15, -1, -1, -1
340, 43, 805.72, 75.68, 53.56, 107.41, -1, -1, -1
340, 88, 1493.75, 218.76, 101.55, 77.37, -1, -1, -1
340, 57, 879.80, 273.44, 40.20, 54.56, -1, -1, -1
340, 59, 788.76, 274.39, 43.40, 31.49, -1, -1, -1
340, 71, 272.06, 78.16, 38.83, 45.03, -1, -1, -1
340, 95, 1157.00, 779.00, 32.00, 36.00, -1, -1, -1
340, 65, 1310.52, 650.29, 32.32, 39.23, -1, -1, -1
340, 1, 655.91, 272.25, 27.44, 27.42, -1, -1, -1
341, 215, 649.00, 232.00, 26.00, 27.00, -1, -1, -1
341, 214, 490.00, 267.00, 21.00, 24.00, -1, -1, -1
341, 213, 664.00, 878.00, 19.00, 21.00, -1, -1, -1
341, 212, 204.00, 337.00, 32.00, 30.00, -1, -1, -1
341, 207, 1417.00, -0.00, 15.00, 18.00, -1, -1, -1
341, 99, 1043.00, 307.00, 33.00, 21.00, -1, -1, -1
341, 133, 1384.00, 988.00, 34.00, 21.00, -1, -1, -1
341, 139, 1465.00, 835.00, 45.00, 23.00, -1, -1, -1
341, 111, 1227.00, 880.00, 41.00, 29.00, -1, -1, -1
341, 119, 1157.00, 745.00, 125.00, 104.00, -1, -1, -1
341, 113, 815.00, -0.00, 22.00, 20.00, -1, -1, -1
341, 124, 1062.00, 1058.00, 37.00, 21.00, -1, -1, -1
341, 1, 655.91, 272.25, 27.44, 27.42, -1, -1, -1
341, 2, 1129.91, 144.76, 26.38, 72.57, -1, -1, -1
341, 5, 905.74, 605.78, 66.79, 59.54, -1, -1, -1
341, 60, 1728.35, 580.20, 88.86, 36.34, -1, -1, -1
341, 7, 1087.04, 241.52, 24.77, 43.94, -1, -1, -1
341, 72, 564.74, 542.76, 28.45, 78.09, -1, -1, -1
341, 43, 805.52, 67.42, 54.13, 107.91, -1, -1, -1
341, 88, 1488.97, 216.95, 102.83, 79.23, -1, -1, -1
341, 57, 878.65, 271.45, 44.35, 51.55, -1, -1, -1
341, 59, 788.10, 270.39, 44.99, 32.46, -1, -1, -1
341, 71, 271.66, 75.41, 37.94, 44.17, -1, -1, -1
341, 95, 1155.00, 774.00, 36.00, 36.00, -1, -1, -1
341, 65, 1311.93, 647.36, 31.36, 38.17, -1, -1, -1
341, 106, 1352.00, 734.85, 33.23, 42.15, -1, -1, -1
341, 92, 1116.72, 574.51, 25.50, 56.89, -1, -1, -1
342, 215, 648.00, 227.00, 26.00, 27.00, -1, -1, -1
342, 214, 491.00, 262.00, 21.00, 24.00, -1, -1, -1
342, 213, 664.00, 878.00, 19.00, 21.00, -1, -1, -1
342, 212, 204.00, 337.00, 32.00, 30.00, -1, -1, -1
342, 207, 1417.00, -0.00, 15.00, 18.00, -1, -1, -1
342, 99, 1043.00, 303.00, 33.00, 21.00, -1, -1, -1
342, 133, 1384.00, 988.00, 34.00, 21.00, -1, -1, -1
342, 139, 1465.00, 835.00, 45.00, 23.00, -1, -1, -1
342, 111, 1227.00, 880.00, 41.00, 29.00, -1, -1, -1
342, 119, 1158.00, 736.00, 130.00, 112.00, -1, -1, -1
342, 113, 815.00, -0.00, 22.00, 20.00, -1, -1, -1
342, 124, 1054.00, 1052.00, 47.00, 27.00, -1, -1, -1
342, 106, 1356.00, 733.00, 32.00, 39.00, -1, -1, -1
342, 92, 1112.00, 578.00, 28.00, 42.00, -1, -1, -1
342, 1, 655.91, 272.25, 27.44, 27.42, -1, -1, -1
342, 2, 1130.49, 147.21, 25.27, 69.74, -1, -1, -1
342, 5, 903.50, 605.19, 67.39, 59.93, -1, -1, -1
342, 60, 1726.71, 577.75, 91.85, 37.59, -1, -1, -1
342, 7, 1086.65, 241.60, 24.57, 43.67, -1, -1, -1
342, 72, 564.00, 537.15, 28.30, 78.07, -1, -1, -1
342, 43, 805.12, 58.70, 54.98, 109.55, -1, -1, -1
342, 88, 1486.05, 219.11, 99.44, 77.22, -1, -1, -1
342, 57, 879.50, 266.77, 45.50, 53.23, -1, -1, -1
342, 59, 788.02, 266.56, 45.24, 32.31, -1, -1, -1
342, 71, 271.02, 72.59, 36.72, 42.96, -1, -1, -1
342, 95, 1158.00, 765.00, 33.00, 42.00, -1, -1, -1
342, 65, 1313.44, 643.45, 30.93, 37.75, -1, -1, -1
343, 215, 648.00, 227.00, 26.00, 27.00, -1, -1, -1
343, 214, 491.00, 262.00, 21.00, 24.00, -1, -1, -1
343, 213, 664.00, 878.00, 19.00, 21.00, -1, -1, -1
343, 212, 204.00, 337.00, 32.00, 30.00, -1, -1, -1
343, 207, 1417.00, -0.00, 15.00, 18.00, -1, -1, -1
343, 133, 1384.00, 988.00, 34.00, 21.00, -1, -1, -1
343, 139, 1465.00, 835.00, 45.00, 23.00, -1, -1, -1
343, 111, 1227.00, 880.00, 41.00, 29.00, -1, -1, -1
343, 119, 1157.00, 733.00, 142.00, 115.00, -1, -1, -1
343, 113, 815.00, -0.00, 22.00, 20.00, -1, -1, -1
343, 124, 1054.00, 1052.00, 47.00, 27.00, -1, -1, -1
343, 106, 1356.00, 729.00, 34.00, 43.00, -1, -1, -1
343, 92, 1110.00, 574.00, 30.00, 41.00, -1, -1, -1
343, 95, 1160.00, 757.00, 34.00, 34.00, -1, -1, -1
343, 1, 655.91, 272.25, 27.44, 27.42, -1, -1, -1
343, 2, 1130.42, 146.25, 25.40, 70.57, -1, -1, -1
343, 5, 902.16, 604.50, 67.69, 60.07, -1, -1, -1
343, 60, 1723.43, 574.18, 98.36, 40.50, -1, -1, -1
343, 7, 1086.66, 241.41, 24.20, 43.31, -1, -1, -1
343, 72, 563.52, 532.25, 27.72, 77.06, -1, -1, -1
343, 43, 805.12, 52.32, 54.98, 109.05, -1, -1, -1
343, 88, 1483.49, 219.57, 97.94, 76.69, -1, -1, -1
343, 57, 881.61, 263.69, 46.87, 52.84, -1, -1, -1
343, 59, 787.45, 262.54, 45.43, 32.26, -1, -1, -1
343, 71, 270.35, 69.31, 35.25, 41.49, -1, -1, -1
343, 65, 1313.39, 637.66, 32.91, 40.08, -1, -1, -1
343, 99, 1040.28, 296.98, 37.39, 27.77, -1, -1, -1
344, 215, 648.00, 227.00, 26.00, 27.00, -1, -1, -1
344, 214, 489.00, 258.00, 21.00, 24.00, -1, -1, -1
344, 213, 661.00, 873.00, 19.00, 21.00, -1, -1, -1
344, 212, 204.00, 337.00, 32.00, 30.00, -1, -1, -1
344, 99, 1043.00, 297.00, 33.00, 21.00, -1, -1, -1
344, 133, 1384.00, 988.00, 34.00, 21.00, -1, -1, -1
344, 139, 1465.00, 835.00, 45.00, 23.00, -1, -1, -1
344, 111, 1226.00, 875.00, 41.00, 29.00, -1, -1, -1
344, 119, 1160.00, 730.00, 140.00, 118.00, -1, -1, -1
344, 113, 815.00, -0.00, 22.00, 20.00, -1, -1, -1
344, 124, 1054.00, 1052.00, 47.00, 27.00, -1, -1, -1
344, 92, 1110.00, 574.00, 30.00, 41.00, -1, -1, -1
344, 95, 1160.00, 757.00, 34.00, 34.00, -1, -1, -1
344, 2, 1130.84, 145.70, 25.53, 71.43, -1, -1, -1
344, 5, 900.68, 604.26, 67.87, 60.11, -1, -1, -1
344, 60, 1723.72, 574.30, 93.94, 38.72, -1, -1, -1
344, 7, 1086.58, 241.10, 24.23, 43.43, -1, -1, -1
344, 72, 561.96, 527.64, 27.38, 75.68, -1, -1, -1
344, 43, 804.78, 44.04, 55.65, 109.78, -1, -1, -1
344, 88, 1480.91, 219.74, 96.97, 76.49, -1, -1, -1
344, 57, 882.25, 257.12, 43.77, 49.05, -1, -1, -1
344, 59, 787.51, 257.70, 45.96, 32.74, -1, -1, -1
344, 71, 268.58, 67.98, 33.85, 39.55, -1, -1, -1
344, 65, 1314.55, 633.64, 33.19, 40.45, -1, -1, -1
344, 1, 656.06, 268.13, 30.54, 31.71, -1, -1, -1
344, 106, 1350.93, 725.03, 36.81, 46.59, -1, -1, -1
345, 215, 649.00, 223.00, 26.00, 27.00, -1, -1, -1
345, 214, 489.00, 258.00, 21.00, 24.00, -1, -1, -1
345, 213, 661.00, 873.00, 19.00, 21.00, -1, -1, -1
345, 212, 196.00, 335.00, 32.00, 30.00, -1, -1, -1
345, 133, 1384.00, 988.00, 34.00, 21.00, -1, -1, -1
345, 139, 1465.00, 835.00, 45.00, 23.00, -1, -1, -1
345, 111, 1226.00, 875.00, 41.00, 29.00, -1, -1, -1
345, 119, 1155.00, 729.00, 144.00, 122.00, -1, -1, -1
345, 113, 811.00, -0.00, 22.00, 20.00, -1, -1, -1
345, 124, 1054.00, 1052.00, 47.00, 27.00, -1, -1, -1
345, 92, 1112.00, 570.00, 30.00, 41.00, -1, -1, -1
345, 95, 1161.00, 751.00, 34.00, 34.00, -1, -1, -1
345, 1, 657.00, 268.00, 28.00, 28.00, -1, -1, -1
345, 2, 1130.76, 146.79, 25.05, 70.34, -1, -1, -1
345, 5, 899.07, 603.71, 68.15, 60.12, -1, -1, -1
345, 60, 1722.95, 573.96, 92.02, 37.97, -1, -1, -1
345, 7, 1086.13, 240.75, 24.11, 43.22, -1, -1, -1
345, 72, 560.49, 520.64, 28.08, 77.17, -1, -1, -1
345, 43, 804.57, 36.25, 56.05, 110.03, -1, -1, -1
345, 88, 1477.88, 219.80, 96.08, 76.43, -1, -1, -1
345, 57, 880.08, 252.42, 42.92, 50.58, -1, -1, -1
345, 59, 787.23, 253.18, 45.79, 32.67, -1, -1, -1
345, 71, 267.41, 65.11, 33.47, 38.97, -1, -1, -1
345, 65, 1315.46, 629.81, 33.27, 40.58, -1, -1, -1
345, 106, 1356.37, 721.72, 35.65, 45.28, -1, -1, -1
345, 99, 1043.00, 297.00, 33.00, 21.00, -1, -1, -1
346, 215, 649.00, 223.00, 26.00, 27.00, -1, -1, -1
346, 214, 489.00, 258.00, 21.00, 24.00, -1, -1, -1
346, 213, 661.00, 873.00, 19.00, 21.00, -1, -1, -1
346, 212, 196.00, 335.00, 32.00, 30.00, -1, -1, -1
346, 133, 1384.00, 988.00, 34.00, 21.00, -1, -1, -1
346, 139, 1465.00, 835.00, 45.00, 23.00, -1, -1, -1
346, 111, 1226.00, 875.00, 41.00, 29.00, -1, -1, -1
346, 119, 1153.00, 729.00, 141.00, 123.00, -1, -1, -1
346, 113, 811.00, -0.00, 22.00, 20.00, -1, -1, -1
346, 124, 1054.00, 1052.00, 47.00, 27.00, -1, -1, -1
346, 92, 1112.00, 570.00, 30.00, 41.00, -1, -1, -1
346, 1, 657.00, 268.00, 28.00, 28.00, -1, -1, -1
346, 2, 1131.24, 146.70, 24.83, 70.43, -1, -1, -1
346, 5, 897.77, 603.52, 67.76, 59.62, -1, -1, -1
346, 60, 1720.70, 572.39, 93.32, 38.68, -1, -1, -1
346, 7, 1086.04, 240.51, 23.92, 43.15, -1, -1, -1
346, 72, 559.59, 515.23, 28.14, 77.22, -1, -1, -1
346, 43, 803.89, 25.64, 58.37, 114.45, -1, -1, -1
346, 88, 1474.96, 219.81, 94.65, 75.92, -1, -1, -1
346, 57, 879.00, 249.00, 44.00, 48.00, -1, -1, -1
346, 59, 787.61, 250.26, 43.76, 31.16, -1, -1, -1
346, 71, 263.78, 58.63, 36.34, 42.17, -1, -1, -1
346, 65, 1317.81, 625.31, 33.14, 40.62, -1, -1, -1
346, 106, 1359.00, 717.00, 33.00, 50.00, -1, -1, -1
346, 95, 1161.00, 744.00, 33.92, 33.53, -1, -1, -1
346, 99, 1040.13, 288.92, 40.00, 29.93, -1, -1, -1
347, 215, 650.00, 217.00, 26.00, 27.00, -1, -1, -1
347, 214, 489.00, 249.00, 21.00, 24.00, -1, -1, -1
347, 213, 661.00, 873.00, 19.00, 21.00, -1, -1, -1
347, 212, 196.00, 335.00, 32.00, 30.00, -1, -1, -1
347, 133, 1384.00, 988.00, 34.00, 21.00, -1, -1, -1
347, 139, 1465.00, 835.00, 45.00, 23.00, -1, -1, -1
347, 111, 1226.00, 875.00, 41.00, 29.00, -1, -1, -1
347, 119, 1155.00, 727.00, 141.00, 123.00, -1, -1, -1
347, 113, 811.00, -0.00, 22.00, 20.00, -1, -1, -1
347, 124, 1054.00, 1052.00, 47.00, 27.00, -1, -1, -1
347, 106, 1358.00, 711.00, 36.00, 52.00, -1, -1, -1
347, 92, 1112.00, 566.00, 30.00, 41.00, -1, -1, -1
347, 1, 657.00, 268.00, 28.00, 28.00, -1, -1, -1
347, 2, 1132.14, 148.02, 24.27, 69.36, -1, -1, -1
347, 5, 896.78, 602.98, 67.69, 59.42, -1, -1, -1
347, 60, 1721.52, 571.84, 90.52, 37.47, -1, -1, -1
347, 7, 1086.11, 240.55, 23.65, 42.87, -1, -1, -1
347, 72, 557.00, 512.00, 29.00, 79.00, -1, -1, -1
347, 43, 802.00, 24.00, 61.45, 107.91, -1, -1, -1
347, 88, 1472.50, 220.06, 93.18, 75.23, -1, -1, -1
347, 57, 879.00, 244.00, 46.00, 51.00, -1, -1, -1
347, 59, 786.67, 245.34, 46.20, 32.85, -1, -1, -1
347, 71, 260.86, 54.08, 38.18, 44.41, -1, -1, -1
347, 65, 1318.64, 621.54, 33.14, 40.63, -1, -1, -1
347, 95, 1164.00, 739.00, 33.98, 32.63, -1, -1, -1
347, 99, 1043.21, 285.90, 36.51, 27.13, -1, -1, -1
348, 215, 650.00, 217.00, 26.00, 27.00, -1, -1, -1
348, 214, 489.00, 249.00, 21.00, 24.00, -1, -1, -1
348, 213, 661.00, 873.00, 19.00, 21.00, -1, -1, -1
348, 212, 196.00, 335.00, 32.00, 30.00, -1, -1, -1
348, 99, 1043.21, 285.90, 36.51, 27.13, -1, -1, -1
348, 133, 1384.00, 988.00, 34.00, 21.00, -1, -1, -1
348, 139, 1464.00, 830.00, 45.00, 23.00, -1, -1, -1
348, 111, 1226.00, 875.00, 41.00, 29.00, -1, -1, -1
348, 119, 1151.00, 725.00, 141.00, 123.00, -1, -1, -1
348, 113, 806.00, -0.00, 22.00, 20.00, -1, -1, -1
348, 124, 1054.00, 1044.00, 51.00, 35.00, -1, -1, -1
348, 92, 1111.00, 562.00, 30.00, 41.00, -1, -1, -1
348, 1, 657.00, 268.00, 28.00, 28.00, -1, -1, -1
348, 2, 1132.29, 147.70, 24.44, 70.02, -1, -1, -1
348, 5, 895.68, 602.55, 68.23, 59.84, -1, -1, -1
348, 60, 1719.36, 570.45, 90.52, 37.49, -1, -1, -1
348, 7, 1085.87, 239.46, 24.11, 43.76, -1, -1, -1
348, 72, 558.00, 508.00, 28.00, 77.00, -1, -1, -1
348, 43, 802.49, 20.00, 53.51, 104.97, -1, -1, -1
348, 88, 1469.64, 220.15, 92.84, 75.49, -1, -1, -1
348, 57, 876.00, 238.00, 50.00, 53.00, -1, -1, -1
348, 59, 785.63, 240.56, 46.51, 32.97, -1, -1, -1
348, 71, 261.34, 52.73, 34.33, 40.33, -1, -1, -1
348, 65, 1320.00, 623.00, 33.22, 36.40, -1, -1, -1
348, 95, 1164.00, 734.00, 36.08, 31.64, -1, -1, -1
348, 106, 1352.00, 710.00, 38.00, 55.00, -1, -1, -1
349, 215, 648.00, 212.00, 26.00, 27.00, -1, -1, -1
349, 214, 486.00, 244.00, 21.00, 24.00, -1, -1, -1
349, 213, 661.00, 873.00, 19.00, 21.00, -1, -1, -1
349, 212, 196.00, 335.00, 32.00, 30.00, -1, -1, -1
349, 133, 1372.00, 990.00, 34.00, 21.00, -1, -1, -1
349, 139, 1464.00, 830.00, 45.00, 23.00, -1, -1, -1
349, 111, 1226.00, 875.00, 41.00, 29.00, -1, -1, -1
349, 119, 1151.00, 723.00, 141.00, 123.00, -1, -1, -1
349, 113, 806.00, -0.00, 22.00, 20.00, -1, -1, -1
349, 124, 1054.00, 1044.00, 51.00, 35.00, -1, -1, -1
349, 92, 1111.00, 562.00, 30.00, 41.00, -1, -1, -1
349, 1, 657.00, 268.00, 28.00, 28.00, -1, -1, -1
349, 2, 1132.96, 148.19, 24.25, 69.53, -1, -1, -1
349, 5, 892.77, 601.17, 69.57, 60.98, -1, -1, -1
349, 60, 1717.43, 568.73, 92.83, 38.49, -1, -1, -1
349, 7, 1086.10, 239.56, 23.64, 43.11, -1, -1, -1
349, 72, 555.00, 503.00, 28.00, 76.00, -1, -1, -1
349, 43, 804.97, 15.00, 59.03, 102.13, -1, -1, -1
349, 88, 1466.75, 219.68, 92.65, 75.84, -1, -1, -1
349, 57, 883.00, 239.00, 41.00, 45.00, -1, -1, -1
349, 59, 785.59, 236.05, 47.90, 34.00, -1, -1, -1
349, 71, 257.08, 47.53, 38.39, 45.26, -1, -1, -1
349, 65, 1323.00, 618.00, 32.69, 40.41, -1, -1, -1
349, 95, 1164.00, 725.00, 35.91, 34.59, -1, -1, -1
349, 106, 1352.00, 705.00, 42.00, 54.00, -1, -1, -1
349, 99, 1043.64, 280.32, 34.51, 25.23, -1, -1, -1
35, 212, 491.00, 430.00, 32.00, 30.00, -1, -1, -1
35, 205, 671.00, 1050.00, 15.00, 16.00, -1, -1, -1
35, 203, 332.00, 393.00, 25.00, 25.00, -1, -1, -1
35, 202, 307.00, 421.00, 18.00, 18.00, -1, -1, -1
35, 200, 971.00, 240.00, 14.00, 23.00, -1, -1, -1
35, 17, 969.00, 73.00, 35.00, 29.00, -1, -1, -1
35, 10, 50.00, 513.00, 19.00, 34.00, -1, -1, -1
35, 1, 725.93, 620.19, 100.27, 62.16, -1, -1, -1
35, 2, 1004.90, 79.80, 38.54, 87.23, -1, -1, -1
35, 3, 1439.90, 0.58, 32.47, 39.07, -1, -1, -1
35, 4, 0.00, 151.20, 55.46, 57.64, -1, -1, -1
35, 5, 1241.43, 749.50, 60.07, 50.89, -1, -1, -1
35, 6, 810.01, 343.59, 66.99, 44.41, -1, -1, -1
35, 7, 1143.84, 327.39, 28.27, 45.39, -1, -1, -1
35, 8, 281.45, 802.76, 26.40, 33.51, -1, -1, -1
35, 9, 1029.64, 891.00, 45.94, 49.10, -1, -1, -1
35, 14, 723.86, 268.76, 34.96, 22.71, -1, -1, -1
350, 215, 648.00, 212.00, 26.00, 27.00, -1, -1, -1
350, 214, 486.00, 244.00, 21.00, 24.00, -1, -1, -1
350, 213, 661.00, 873.00, 19.00, 21.00, -1, -1, -1
350, 212, 196.00, 335.00, 32.00, 30.00, -1, -1, -1
350, 99, 1047.00, 281.00, 31.00, 25.00, -1, -1, -1
350, 133, 1372.00, 990.00, 34.00, 21.00, -1, -1, -1
350, 139, 1464.00, 830.00, 45.00, 23.00, -1, -1, -1
350, 111, 1226.00, 875.00, 41.00, 29.00, -1, -1, -1
350, 119, 1151.00, 724.00, 141.00, 123.00, -1, -1, -1
350, 113, 806.00, -0.00, 22.00, 20.00, -1, -1, -1
350, 124, 1054.00, 1038.00, 51.00, 35.00, -1, -1, -1
350, 106, 1356.00, 699.68, 41.02, 52.32, -1, -1, -1
350, 92, 1114.00, 562.00, 30.00, 41.00, -1, -1, -1
350, 1, 660.00, 264.00, 28.00, 28.00, -1, -1, -1
350, 2, 1132.58, 147.43, 24.41, 70.16, -1, -1, -1
350, 5, 890.79, 600.18, 69.94, 61.40, -1, -1, -1
350, 60, 1716.94, 567.64, 91.32, 37.88, -1, -1, -1
350, 7, 1086.29, 239.24, 23.27, 42.86, -1, -1, -1
350, 72, 555.00, 498.00, 28.00, 75.00, -1, -1, -1
350, 43, 807.61, 12.00, 49.39, 97.46, -1, -1, -1
350, 88, 1464.22, 220.49, 90.80, 74.74, -1, -1, -1
350, 57, 881.00, 235.00, 43.00, 44.00, -1, -1, -1
350, 59, 784.91, 231.54, 47.80, 33.89, -1, -1, -1
350, 71, 256.20, 44.36, 37.12, 43.84, -1, -1, -1
350, 65, 1325.00, 614.00, 30.00, 38.00, -1, -1, -1
350, 95, 1165.55, 714.68, 33.64, 37.29, -1, -1, -1
351, 215, 649.00, 206.00, 28.00, 27.00, -1, -1, -1
351, 214, 486.00, 244.00, 21.00, 24.00, -1, -1, -1
351, 213, 661.00, 873.00, 19.00, 21.00, -1, -1, -1
351, 212, 196.00, 335.00, 32.00, 30.00, -1, -1, -1
351, 133, 1372.00, 990.00, 34.00, 21.00, -1, -1, -1
351, 139, 1464.00, 830.00, 45.00, 23.00, -1, -1, -1
351, 111, 1217.65, 872.94, 40.17, 28.65, -1, -1, -1
351, 119, 1156.00, 720.00, 141.00, 123.00, -1, -1, -1
351, 113, 806.00, 0.00, 21.00, 25.00, -1, -1, -1
351, 124, 1054.00, 1038.00, 51.00, 35.00, -1, -1, -1
351, 92, 1114.00, 562.00, 30.00, 41.00, -1, -1, -1
351, 1, 660.00, 264.00, 28.00, 28.00, -1, -1, -1
351, 2, 1133.07, 147.94, 24.20, 69.60, -1, -1, -1
351, 5, 889.61, 600.32, 69.06, 60.57, -1, -1, -1
351, 60, 1717.99, 567.28, 88.37, 36.65, -1, -1, -1
351, 7, 1086.54, 238.89, 22.78, 42.27, -1, -1, -1
351, 72, 552.00, 493.00, 28.00, 77.00, -1, -1, -1
351, 43, 809.16, 0.00, 53.18, 101.81, -1, -1, -1
351, 88, 1462.12, 220.55, 89.71, 74.33, -1, -1, -1
351, 57, 883.00, 232.00, 39.00, 40.00, -1, -1, -1
351, 59, 784.65, 227.27, 47.77, 33.85, -1, -1, -1
351, 71, 253.26, 41.59, 38.05, 44.76, -1, -1, -1
351, 65, 1324.00, 611.00, 32.95, 35.93, -1, -1, -1
351, 95, 1165.75, 708.93, 33.25, 36.87, -1, -1, -1
351, 106, 1353.67, 699.68, 43.35, 52.45, -1, -1, -1
351, 99, 1044.64, 275.87, 32.10, 23.30, -1, -1, -1
352, 215, 649.00, 206.00, 28.00, 27.00, -1, -1, -1
352, 214, 484.00, 236.00, 21.00, 24.00, -1, -1, -1
352, 213, 661.00, 869.00, 19.00, 21.00, -1, -1, -1
352, 212, 193.00, 332.00, 32.00, 30.00, -1, -1, -1
352, 99, 1046.00, 277.00, 32.00, 20.00, -1, -1, -1
352, 133, 1372.00, 990.00, 34.00, 21.00, -1, -1, -1
352, 139, 1464.00, 830.00, 45.00, 23.00, -1, -1, -1
352, 111, 1217.65, 872.94, 40.17, 28.65, -1, -1, -1
352, 119, 1153.00, 718.00, 141.00, 123.00, -1, -1, -1
352, 113, 806.00, 0.00, 21.00, 25.00, -1, -1, -1
352, 124, 1054.00, 1038.00, 51.00, 35.00, -1, -1, -1
352, 106, 1355.00, 699.68, 42.02, 51.32, -1, -1, -1
352, 92, 1115.00, 558.00, 30.00, 41.00, -1, -1, -1
352, 1, 660.00, 264.00, 28.00, 28.00, -1, -1, -1
352, 2, 1133.14, 147.20, 24.32, 70.08, -1, -1, -1
352, 5, 887.73, 599.41, 69.71, 61.24, -1, -1, -1
352, 60, 1717.25, 565.19, 89.62, 37.18, -1, -1, -1
352, 7, 1085.32, 238.02, 23.25, 43.05, -1, -1, -1
352, 72, 553.00, 486.00, 28.00, 76.00, -1, -1, -1
352, 43, 810.88, 0.00, 50.62, 95.58, -1, -1, -1
352, 88, 1458.71, 219.32, 90.84, 75.68, -1, -1, -1
352, 57, 880.00, 225.00, 41.00, 43.00, -1, -1, -1
352, 59, 783.96, 222.85, 48.97, 34.81, -1, -1, -1
352, 71, 253.10, 37.52, 36.61, 43.33, -1, -1, -1
352, 65, 1326.00, 603.00, 34.00, 39.00, -1, -1, -1
352, 95, 1166.42, 703.00, 33.95, 37.77, -1, -1, -1
353, 215, 649.00, 206.00, 28.00, 27.00, -1, -1, -1
353, 214, 484.00, 236.00, 21.00, 24.00, -1, -1, -1
353, 213, 661.00, 869.00, 19.00, 21.00, -1, -1, -1
353, 212, 193.00, 332.00, 32.00, 30.00, -1, -1, -1
353, 99, 1046.00, 277.00, 32.00, 20.00, -1, -1, -1
353, 133, 1372.00, 990.00, 34.00, 21.00, -1, -1, -1
353, 139, 1464.00, 830.00, 45.00, 23.00, -1, -1, -1
353, 111, 1217.65, 872.94, 40.17, 28.65, -1, -1, -1
353, 119, 1152.00, 717.00, 141.00, 123.00, -1, -1, -1
353, 113, 806.00, 0.00, 21.00, 25.00, -1, -1, -1
353, 124, 1056.00, 1031.00, 51.00, 35.00, -1, -1, -1
353, 92, 1115.00, 558.00, 30.00, 41.00, -1, -1, -1
353, 1, 660.00, 264.00, 28.00, 28.00, -1, -1, -1
353, 2, 1133.65, 147.04, 24.38, 70.38, -1, -1, -1
353, 5, 886.60, 599.58, 68.94, 60.49, -1, -1, -1
353, 60, 1716.17, 564.21, 89.78, 37.38, -1, -1, -1
353, 7, 1085.72, 237.46, 23.68, 43.83, -1, -1, -1
353, 72, 549.00, 479.00, 30.00, 78.00, -1, -1, -1
353, 43, 814.92, 0.00, 46.95, 88.26, -1, -1, -1
353, 88, 1456.19, 219.97, 89.04, 74.71, -1, -1, -1
353, 57, 881.00, 220.00, 41.00, 48.00, -1, -1, -1
353, 59, 784.63, 219.35, 47.57, 33.70, -1, -1, -1
353, 71, 250.99, 32.27, 36.84, 43.87, -1, -1, -1
353, 65, 1326.00, 600.00, 34.00, 38.00, -1, -1, -1
353, 95, 1167.43, 697.76, 33.62, 37.59, -1, -1, -1
353, 106, 1353.60, 693.15, 45.63, 54.80, -1, -1, -1
354, 215, 648.00, 199.00, 28.00, 27.00, -1, -1, -1
354, 214, 482.00, 230.00, 21.00, 24.00, -1, -1, -1
354, 213, 661.00, 869.00, 19.00, 21.00, -1, -1, -1
354, 212, 193.00, 332.00, 32.00, 30.00, -1, -1, -1
354, 99, 1047.00, 271.00, 32.00, 20.00, -1, -1, -1
354, 133, 1372.00, 990.00, 34.00, 21.00, -1, -1, -1
354, 139, 1464.00, 830.00, 45.00, 23.00, -1, -1, -1
354, 111, 1217.65, 872.94, 40.17, 28.65, -1, -1, -1
354, 119, 1151.00, 714.00, 141.00, 123.00, -1, -1, -1
354, 113, 806.00, 0.00, 21.00, 25.00, -1, -1, -1
354, 124, 1056.00, 1031.00, 51.00, 35.00, -1, -1, -1
354, 92, 1115.00, 553.00, 30.00, 41.00, -1, -1, -1
354, 1, 661.00, 258.00, 31.00, 31.00, -1, -1, -1
354, 2, 1133.82, 146.54, 24.43, 70.69, -1, -1, -1
354, 5, 885.72, 599.42, 68.66, 60.20, -1, -1, -1
354, 60, 1714.88, 562.90, 89.68, 37.46, -1, -1, -1
354, 7, 1084.84, 236.77, 23.97, 44.38, -1, -1, -1
354, 72, 549.00, 473.00, 29.00, 77.00, -1, -1, -1
354, 43, 821.50, 0.00, 42.69, 80.50, -1, -1, -1
354, 88, 1454.38, 220.34, 87.38, 73.84, -1, -1, -1
354, 57, 885.00, 211.00, 39.00, 52.00, -1, -1, -1
354, 59, 783.43, 215.47, 47.98, 34.01, -1, -1, -1
354, 71, 248.12, 27.76, 38.73, 46.30, -1, -1, -1
354, 65, 1329.00, 597.00, 30.65, 35.68, -1, -1, -1
354, 95, 1168.07, 692.53, 33.91, 38.03, -1, -1, -1
354, 106, 1349.64, 688.48, 48.84, 57.39, -1, -1, -1
355, 215, 648.00, 199.00, 28.00, 27.00, -1, -1, -1
355, 214, 482.00, 230.00, 21.00, 24.00, -1, -1, -1
355, 213, 661.00, 869.00, 19.00, 21.00, -1, -1, -1
355, 212, 193.00, 332.00, 32.00, 30.00, -1, -1, -1
355, 99, 1047.00, 271.00, 32.00, 20.00, -1, -1, -1
355, 133, 1372.00, 990.00, 34.00, 21.00, -1, -1, -1
355, 139, 1457.00, 830.00, 45.00, 23.00, -1, -1, -1
355, 111, 1217.65, 872.94, 40.17, 28.65, -1, -1, -1
355, 119, 1152.00, 713.00, 141.00, 123.00, -1, -1, -1
355, 113, 801.00, 0.00, 21.00, 25.00, -1, -1, -1
355, 124, 1056.00, 1023.00, 51.00, 43.00, -1, -1, -1
355, 92, 1115.00, 553.00, 30.00, 41.00, -1, -1, -1
355, 1, 661.00, 258.00, 31.00, 31.00, -1, -1, -1
355, 2, 1134.18, 148.21, 23.84, 68.83, -1, -1, -1
355, 5, 884.19, 598.89, 69.07, 60.58, -1, -1, -1
355, 60, 1714.51, 561.71, 89.48, 37.49, -1, -1, -1
355, 7, 1084.69, 236.77, 23.73, 43.84, -1, -1, -1
355, 72, 547.00, 470.00, 31.00, 80.00, -1, -1, -1
355, 43, 826.29, 0.11, 38.25, 73.05, -1, -1, -1
355, 88, 1451.76, 219.73, 86.94, 74.03, -1, -1, -1
355, 57, 881.00, 212.00, 40.00, 46.00, -1, -1, -1
355, 59, 784.42, 210.70, 47.24, 33.62, -1, -1, -1
355, 71, 246.31, 24.25, 39.29, 47.31, -1, -1, -1
355, 65, 1329.00, 593.00, 32.00, 35.00, -1, -1, -1
355, 95, 1171.42, 688.29, 30.73, 34.69, -1, -1, -1
355, 106, 1353.35, 685.62, 47.49, 55.40, -1, -1, -1
356, 215, 649.00, 194.00, 32.00, 29.00, -1, -1, -1
356, 214, 479.00, 223.00, 21.00, 24.00, -1, -1, -1
356, 213, 661.00, 869.00, 19.00, 21.00, -1, -1, -1
356, 212, 193.00, 332.00, 32.00, 30.00, -1, -1, -1
356, 99, 1047.00, 266.00, 32.00, 20.00, -1, -1, -1
356, 133, 1372.00, 990.00, 34.00, 21.00, -1, -1, -1
356, 139, 1457.00, 830.00, 45.00, 23.00, -1, -1, -1
356, 111, 1217.65, 872.94, 40.17, 28.65, -1, -1, -1
356, 119, 1148.00, 706.00, 141.00, 123.00, -1, -1, -1
356, 113, 801.00, 0.00, 21.00, 25.00, -1, -1, -1
356, 124, 1056.00, 1029.00, 46.00, 37.00, -1, -1, -1
356, 92, 1115.00, 552.00, 30.00, 41.00, -1, -1, -1
356, 1, 661.00, 258.00, 31.00, 31.00, -1, -1, -1
356, 2, 1134.14, 147.96, 23.94, 69.12, -1, -1, -1
356, 5, 882.44, 597.97, 69.69, 61.22, -1, -1, -1
356, 60, 1713.34, 560.32, 89.56, 37.50, -1, -1, -1
356, 7, 1084.74, 237.16, 23.43, 43.14, -1, -1, -1
356, 72, 545.00, 459.00, 31.00, 79.00, -1, -1, -1
356, 43, 831.42, 0.46, 33.92, 64.78, -1, -1, -1
356, 88, 1449.20, 219.87, 86.19, 73.85, -1, -1, -1
356, 57, 882.00, 208.00, 37.00, 46.00, -1, -1, -1
356, 59, 783.96, 205.83, 49.65, 35.21, -1, -1, -1
356, 71, 243.09, 21.60, 40.54, 48.78, -1, -1, -1
356, 65, 1330.00, 587.00, 31.54, 35.35, -1, -1, -1
356, 95, 1171.67, 680.58, 32.48, 37.03, -1, -1, -1
356, 106, 1359.31, 682.69, 44.90, 52.58, -1, -1, -1
357, 215, 649.00, 194.00, 32.00, 29.00, -1, -1, -1
357, 214, 479.00, 223.00, 21.00, 24.00, -1, -1, -1
357, 213, 661.00, 869.00, 19.00, 21.00, -1, -1, -1
357, 212, 186.00, 334.00, 32.00, 30.00, -1, -1, -1
357, 99, 1048.00, 261.00, 32.00, 20.00, -1, -1, -1
357, 133, 1372.00, 990.00, 34.00, 21.00, -1, -1, -1
357, 139, 1457.00, 830.00, 45.00, 23.00, -1, -1, -1
357, 119, 1148.00, 706.00, 141.00, 123.00, -1, -1, -1
357, 113, 801.00, 0.00, 21.00, 25.00, -1, -1, -1
357, 124, 1056.00, 1023.00, 51.00, 43.00, -1, -1, -1
357, 92, 1115.00, 549.00, 30.00, 41.00, -1, -1, -1
357, 2, 1134.02, 147.19, 24.18, 69.92, -1, -1, -1
357, 5, 881.84, 598.13, 68.91, 60.47, -1, -1, -1
357, 60, 1713.06, 558.85, 89.32, 37.50, -1, -1, -1
357, 7, 1084.63, 236.45, 23.59, 43.37, -1, -1, -1
357, 72, 545.00, 453.00, 30.00, 79.00, -1, -1, -1
357, 43, 834.27, 0.55, 30.00, 56.52, -1, -1, -1
357, 88, 1446.77, 220.30, 85.13, 73.30, -1, -1, -1
357, 57, 882.00, 201.00, 39.00, 42.00, -1, -1, -1
357, 59, 783.76, 200.22, 49.63, 35.31, -1, -1, -1
357, 71, 241.66, 17.64, 40.04, 48.31, -1, -1, -1
357, 65, 1332.00, 582.00, 30.30, 34.48, -1, -1, -1
357, 95, 1173.11, 675.24, 31.37, 35.85, -1, -1, -1
357, 106, 1363.22, 679.48, 43.55, 51.50, -1, -1, -1
357, 111, 1218.90, 872.40, 42.00, 30.00, -1, -1, -1
357, 1, 660.14, 251.01, 31.33, 32.98, -1, -1, -1
358, 215, 644.00, 189.00, 32.00, 29.00, -1, -1, -1
358, 214, 477.00, 215.00, 21.00, 24.00, -1, -1, -1
358, 213, 661.00, 869.00, 19.00, 21.00, -1, -1, -1
358, 212, 186.00, 334.00, 32.00, 30.00, -1, -1, -1
358, 99, 1048.00, 261.00, 32.00, 20.00, -1, -1, -1
358, 133, 1372.00, 990.00, 34.00, 21.00, -1, -1, -1
358, 139, 1454.00, 828.00, 45.00, 23.00, -1, -1, -1
358, 111, 1217.65, 872.94, 40.17, 28.65, -1, -1, -1
358, 119, 1148.00, 705.00, 148.00, 124.00, -1, -1, -1
358, 113, 801.00, 0.00, 21.00, 25.00, -1, -1, -1
358, 124, 1056.00, 1023.00, 51.00, 43.00, -1, -1, -1
358, 92, 1115.00, 545.00, 30.00, 41.00, -1, -1, -1
358, 2, 1134.32, 145.90, 24.54, 71.21, -1, -1, -1
358, 5, 879.68, 597.72, 68.64, 60.18, -1, -1, -1
358, 60, 1710.43, 557.36, 90.40, 38.00, -1, -1, -1
358, 7, 1084.96, 236.69, 22.92, 42.47, -1, -1, -1
358, 72, 544.00, 447.00, 30.00, 78.00, -1, -1, -1
358, 43, 837.65, 0.16, 25.82, 48.31, -1, -1, -1
358, 88, 1444.30, 220.46, 84.13, 72.85, -1, -1, -1
358, 57, 881.00, 197.00, 40.00, 39.00, -1, -1, -1
358, 59, 784.49, 196.26, 47.02, 33.38, -1, -1, -1
358, 71, 239.07, 13.71, 39.90, 47.66, -1, -1, -1
358, 65, 1333.00, 578.00, 31.55, 35.26, -1, -1, -1
358, 95, 1173.48, 667.20, 33.21, 37.92, -1, -1, -1
358, 106, 1365.93, 675.40, 43.42, 52.12, -1, -1, -1
358, 1, 661.61, 251.31, 30.09, 31.98, -1, -1, -1
359, 215, 644.00, 189.00, 32.00, 29.00, -1, -1, -1
359, 214, 477.00, 215.00, 21.00, 24.00, -1, -1, -1
359, 213, 661.00, 869.00, 19.00, 21.00, -1, -1, -1
359, 212, 186.00, 334.00, 32.00, 30.00, -1, -1, -1
359, 99, 1049.00, 255.00, 32.00, 20.00, -1, -1, -1
359, 133, 1372.00, 990.00, 34.00, 21.00, -1, -1, -1
359, 139, 1454.00, 828.00, 45.00, 23.00, -1, -1, -1
359, 119, 1148.00, 705.00, 148.00, 124.00, -1, -1, -1
359, 113, 801.00, 0.00, 21.00, 25.00, -1, -1, -1
359, 124, 1056.00, 1023.00, 51.00, 43.00, -1, -1, -1
359, 92, 1115.00, 545.00, 30.00, 41.00, -1, -1, -1
359, 2, 1134.74, 147.14, 24.06, 69.73, -1, -1, -1
359, 5, 877.66, 597.08, 69.05, 60.56, -1, -1, -1
359, 60, 1710.00, 556.10, 89.75, 37.69, -1, -1, -1
359, 7, 1084.99, 236.55, 22.86, 42.12, -1, -1, -1
359, 72, 541.00, 443.00, 30.00, 78.00, -1, -1, -1
359, 43, 842.05, 0.43, 22.21, 40.53, -1, -1, -1
359, 88, 1441.44, 220.26, 83.88, 73.19, -1, -1, -1
359, 57, 881.00, 192.00, 43.00, 43.00, -1, -1, -1
359, 59, 784.33, 192.72, 45.91, 32.61, -1, -1, -1
359, 71, 237.18, 9.28, 40.56, 48.08, -1, -1, -1
359, 65, 1334.00, 575.00, 32.38, 34.93, -1, -1, -1
359, 95, 1174.46, 661.44, 33.15, 37.68, -1, -1, -1
359, 106, 1362.86, 671.02, 45.44, 54.34, -1, -1, -1
359, 1, 661.60, 250.16, 30.18, 32.14, -1, -1, -1
359, 111, 1217.65, 872.94, 40.17, 28.65, -1, -1, -1
36, 212, 491.00, 430.00, 32.00, 30.00, -1, -1, -1
36, 205, 671.00, 1050.00, 15.00, 16.00, -1, -1, -1
36, 203, 332.00, 393.00, 25.00, 25.00, -1, -1, -1
36, 202, 305.00, 414.00, 18.00, 18.00, -1, -1, -1
36, 200, 971.00, 240.00, 14.00, 23.00, -1, -1, -1
36, 17, 969.00, 73.00, 35.00, 29.00, -1, -1, -1
36, 14, 719.00, 265.00, 42.00, 28.00, -1, -1, -1
36, 1, 724.15, 618.11, 101.22, 62.72, -1, -1, -1
36, 2, 1005.86, 78.53, 39.35, 88.89, -1, -1, -1
36, 3, 1440.83, 0.63, 30.87, 37.19, -1, -1, -1
36, 4, 0.00, 151.17, 53.86, 57.15, -1, -1, -1
36, 5, 1240.78, 749.79, 59.14, 49.98, -1, -1, -1
36, 6, 816.00, 344.00, 62.00, 36.00, -1, -1, -1
36, 7, 1143.91, 327.85, 27.87, 44.86, -1, -1, -1
36, 8, 290.09, 791.90, 24.27, 30.49, -1, -1, -1
36, 9, 1031.45, 889.98, 43.00, 45.82, -1, -1, -1
36, 10, 47.22, 510.07, 18.47, 32.95, -1, -1, -1
360, 215, 648.00, 186.00, 32.00, 29.00, -1, -1, -1
360, 214, 477.00, 215.00, 21.00, 24.00, -1, -1, -1
360, 213, 655.00, 865.00, 19.00, 21.00, -1, -1, -1
360, 212, 186.00, 334.00, 32.00, 30.00, -1, -1, -1
360, 99, 1049.00, 255.00, 32.00, 20.00, -1, -1, -1
360, 133, 1372.00, 990.00, 34.00, 21.00, -1, -1, -1
360, 139, 1454.00, 828.00, 45.00, 23.00, -1, -1, -1
360, 119, 1148.00, 705.00, 148.00, 124.00, -1, -1, -1
360, 111, 1217.65, 872.94, 40.17, 28.65, -1, -1, -1
360, 113, 801.00, 0.00, 21.00, 25.00, -1, -1, -1
360, 124, 1056.00, 1023.00, 51.00, 43.00, -1, -1, -1
360, 92, 1115.00, 545.00, 30.00, 41.00, -1, -1, -1
360, 43, 842.05, 0.43, 22.21, 40.53, -1, -1, -1
360, 2, 1135.30, 147.18, 24.04, 69.72, -1, -1, -1
360, 5, 876.97, 596.12, 69.19, 60.71, -1, -1, -1
360, 60, 1711.16, 555.42, 86.94, 36.58, -1, -1, -1
360, 7, 1084.75, 235.26, 23.37, 43.00, -1, -1, -1
360, 72, 540.00, 437.00, 31.00, 78.00, -1, -1, -1
360, 88, 1438.61, 219.32, 84.56, 74.32, -1, -1, -1
360, 57, 883.91, 181.72, 37.82, 47.15, -1, -1, -1
360, 59, 784.51, 188.81, 45.03, 32.08, -1, -1, -1
360, 71, 235.63, 4.32, 40.39, 47.73, -1, -1, -1
360, 65, 1334.00, 569.00, 34.00, 37.00, -1, -1, -1
360, 95, 1175.81, 655.03, 33.06, 37.59, -1, -1, -1
360, 106, 1365.34, 667.03, 45.72, 55.17, -1, -1, -1
360, 1, 662.48, 250.15, 29.42, 31.46, -1, -1, -1
361, 215, 648.00, 186.00, 32.00, 29.00, -1, -1, -1
361, 214, 478.00, 209.00, 21.00, 24.00, -1, -1, -1
361, 213, 655.00, 865.00, 19.00, 21.00, -1, -1, -1
361, 212, 183.00, 332.00, 32.00, 30.00, -1, -1, -1
361, 99, 1049.00, 250.00, 32.00, 20.00, -1, -1, -1
361, 133, 1372.00, 990.00, 34.00, 21.00, -1, -1, -1
361, 139, 1454.00, 828.00, 45.00, 23.00, -1, -1, -1
361, 119, 1148.00, 700.00, 148.00, 124.00, -1, -1, -1
361, 111, 1217.65, 872.94, 40.17, 28.65, -1, -1, -1
361, 124, 1058.00, 1016.00, 51.00, 43.00, -1, -1, -1
361, 92, 1115.00, 545.00, 30.00, 41.00, -1, -1, -1
361, 43, 842.05, 0.43, 24.95, 33.57, -1, -1, -1
361, 1, 663.00, 253.00, 31.00, 31.00, -1, -1, -1
361, 2, 1135.15, 145.40, 24.75, 71.64, -1, -1, -1
361, 5, 875.45, 595.53, 68.89, 60.26, -1, -1, -1
361, 60, 1709.35, 553.73, 90.45, 38.16, -1, -1, -1
361, 7, 1084.59, 234.05, 23.69, 43.57, -1, -1, -1
361, 72, 539.00, 430.00, 30.00, 77.00, -1, -1, -1
361, 88, 1436.27, 218.60, 84.64, 74.75, -1, -1, -1
361, 57, 882.55, 177.07, 40.79, 50.53, -1, -1, -1
361, 59, 783.62, 184.53, 44.63, 31.64, -1, -1, -1
361, 71, 235.68, 3.56, 36.98, 43.57, -1, -1, -1
361, 65, 1335.00, 564.00, 34.27, 36.33, -1, -1, -1
361, 106, 1368.02, 661.45, 46.22, 56.96, -1, -1, -1
361, 113, 797.42, 0.06, 20.97, 25.23, -1, -1, -1
361, 95, 1180.00, 655.00, 30.00, 41.00, -1, -1, -1
362, 215, 644.00, 181.00, 32.00, 29.00, -1, -1, -1
362, 214, 478.00, 209.00, 21.00, 24.00, -1, -1, -1
362, 213, 655.00, 865.00, 19.00, 21.00, -1, -1, -1
362, 212, 183.00, 332.00, 32.00, 30.00, -1, -1, -1
362, 99, 1049.00, 250.00, 32.00, 20.00, -1, -1, -1
362, 133, 1372.00, 990.00, 34.00, 21.00, -1, -1, -1
362, 139, 1454.00, 828.00, 45.00, 23.00, -1, -1, -1
362, 119, 1148.00, 700.00, 148.00, 124.00, -1, -1, -1
362, 111, 1218.00, 870.00, 40.00, 29.00, -1, -1, -1
362, 124, 1058.00, 1016.00, 51.00, 43.00, -1, -1, -1
362, 92, 1117.00, 537.00, 30.00, 41.00, -1, -1, -1
362, 43, 842.05, 0.43, 27.95, 22.57, -1, -1, -1
362, 1, 663.00, 253.00, 31.00, 31.00, -1, -1, -1
362, 2, 1135.44, 146.70, 24.31, 70.40, -1, -1, -1
362, 5, 874.03, 595.33, 68.59, 60.09, -1, -1, -1
362, 60, 1707.78, 550.68, 93.58, 39.72, -1, -1, -1
362, 7, 1084.82, 234.59, 23.26, 42.56, -1, -1, -1
362, 72, 538.00, 425.00, 30.00, 76.00, -1, -1, -1
362, 88, 1434.25, 219.06, 83.20, 73.93, -1, -1, -1
362, 57, 879.00, 177.00, 41.00, 47.00, -1, -1, -1
362, 59, 782.87, 178.90, 46.35, 32.93, -1, -1, -1
362, 71, 236.47, 0.19, 33.60, 40.13, -1, -1, -1
362, 65, 1335.27, 553.35, 34.16, 41.81, -1, -1, -1
362, 95, 1179.06, 643.17, 32.47, 37.32, -1, -1, -1
362, 106, 1371.17, 657.97, 44.03, 55.19, -1, -1, -1
362, 113, 796.73, 0.01, 20.95, 25.20, -1, -1, -1
363, 215, 644.00, 181.00, 32.00, 29.00, -1, -1, -1
363, 214, 476.00, 201.00, 21.00, 24.00, -1, -1, -1
363, 213, 655.00, 865.00, 19.00, 21.00, -1, -1, -1
363, 212, 183.00, 332.00, 32.00, 30.00, -1, -1, -1
363, 99, 1049.00, 243.00, 32.00, 20.00, -1, -1, -1
363, 133, 1366.00, 989.00, 34.00, 21.00, -1, -1, -1
363, 139, 1454.00, 828.00, 45.00, 23.00, -1, -1, -1
363, 119, 1148.00, 700.00, 148.00, 124.00, -1, -1, -1
363, 111, 1218.00, 870.00, 40.00, 29.00, -1, -1, -1
363, 124, 1058.00, 1016.00, 51.00, 43.00, -1, -1, -1
363, 92, 1117.00, 537.00, 30.00, 41.00, -1, -1, -1
363, 43, 847.00, 0.43, 23.00, 20.57, -1, -1, -1
363, 2, 1135.37, 145.84, 24.47, 71.03, -1, -1, -1
363, 5, 872.53, 593.78, 69.54, 61.02, -1, -1, -1
363, 60, 1707.52, 550.04, 90.27, 38.37, -1, -1, -1
363, 7, 1084.88, 234.57, 23.14, 42.16, -1, -1, -1
363, 72, 536.00, 417.00, 31.00, 78.00, -1, -1, -1
363, 88, 1432.02, 217.38, 83.85, 75.11, -1, -1, -1
363, 57, 882.00, 174.00, 40.00, 40.00, -1, -1, -1
363, 59, 783.32, 174.91, 45.53, 32.23, -1, -1, -1
363, 71, 237.10, 0.00, 27.97, 32.86, -1, -1, -1
363, 65, 1335.29, 546.95, 35.77, 43.45, -1, -1, -1
363, 95, 1178.32, 635.69, 35.97, 41.38, -1, -1, -1
363, 106, 1373.66, 654.08, 42.49, 54.47, -1, -1, -1
363, 113, 796.61, 0.91, 20.74, 24.88, -1, -1, -1
363, 1, 665.65, 248.09, 27.35, 29.57, -1, -1, -1
364, 215, 644.00, 181.00, 32.00, 29.00, -1, -1, -1
364, 214, 476.00, 201.00, 21.00, 24.00, -1, -1, -1
364, 213, 655.00, 865.00, 19.00, 21.00, -1, -1, -1
364, 212, 177.00, 331.00, 32.00, 30.00, -1, -1, -1
364, 99, 1049.00, 243.00, 32.00, 20.00, -1, -1, -1
364, 133, 1366.00, 989.00, 34.00, 21.00, -1, -1, -1
364, 139, 1454.00, 828.00, 45.00, 23.00, -1, -1, -1
364, 119, 1148.00, 700.00, 148.00, 124.00, -1, -1, -1
364, 111, 1218.00, 870.00, 40.00, 29.00, -1, -1, -1
364, 124, 1059.00, 1012.00, 51.00, 43.00, -1, -1, -1
364, 92, 1117.00, 537.00, 30.00, 41.00, -1, -1, -1
364, 71, 237.10, 0.00, 27.97, 32.86, -1, -1, -1
364, 2, 1135.37, 145.58, 24.47, 71.20, -1, -1, -1
364, 5, 871.53, 594.20, 68.87, 60.38, -1, -1, -1
364, 60, 1705.35, 547.64, 93.17, 39.81, -1, -1, -1
364, 7, 1084.82, 234.33, 23.27, 42.27, -1, -1, -1
364, 72, 534.00, 411.00, 30.00, 78.00, -1, -1, -1
364, 88, 1429.38, 216.51, 83.95, 75.79, -1, -1, -1
364, 57, 882.89, 161.03, 38.71, 47.28, -1, -1, -1
364, 59, 783.17, 170.47, 45.90, 32.47, -1, -1, -1
364, 65, 1339.00, 548.00, 29.00, 37.81, -1, -1, -1
364, 95, 1178.94, 627.95, 36.43, 41.95, -1, -1, -1
364, 106, 1373.73, 650.53, 43.51, 56.69, -1, -1, -1
364, 113, 795.74, 0.77, 21.23, 25.35, -1, -1, -1
364, 1, 666.74, 247.41, 26.76, 29.29, -1, -1, -1
365, 215, 648.00, 174.00, 29.00, 29.00, -1, -1, -1
365, 214, 475.00, 194.00, 21.00, 24.00, -1, -1, -1
365, 213, 655.00, 865.00, 19.00, 21.00, -1, -1, -1
365, 212, 177.00, 331.00, 32.00, 30.00, -1, -1, -1
365, 99, 1050.00, 234.00, 32.00, 20.00, -1, -1, -1
365, 133, 1366.00, 989.00, 34.00, 21.00, -1, -1, -1
365, 139, 1454.00, 828.00, 45.00, 23.00, -1, -1, -1
365, 119, 1148.00, 700.00, 148.00, 124.00, -1, -1, -1
365, 111, 1218.00, 870.00, 40.00, 29.00, -1, -1, -1
365, 124, 1059.00, 1012.00, 51.00, 43.00, -1, -1, -1
365, 92, 1117.00, 537.00, 30.00, 41.00, -1, -1, -1
365, 71, 237.10, 0.00, 27.97, 32.86, -1, -1, -1
365, 2, 1135.29, 145.18, 24.61, 71.82, -1, -1, -1
365, 5, 868.97, 593.65, 69.13, 60.63, -1, -1, -1
365, 60, 1705.49, 547.75, 88.50, 37.90, -1, -1, -1
365, 7, 1084.73, 233.51, 23.47, 42.56, -1, -1, -1
365, 72, 533.00, 404.00, 31.00, 80.00, -1, -1, -1
365, 88, 1427.35, 217.55, 82.32, 74.82, -1, -1, -1
365, 57, 884.20, 156.13, 34.98, 42.20, -1, -1, -1
365, 59, 782.24, 166.24, 46.80, 33.05, -1, -1, -1
365, 65, 1338.80, 536.41, 35.95, 44.62, -1, -1, -1
365, 95, 1180.81, 621.72, 35.20, 40.71, -1, -1, -1
365, 106, 1376.58, 647.58, 42.09, 56.04, -1, -1, -1
365, 113, 794.96, 0.85, 21.34, 25.33, -1, -1, -1
365, 1, 666.01, 245.29, 29.25, 32.99, -1, -1, -1
366, 215, 648.00, 174.00, 29.00, 29.00, -1, -1, -1
366, 214, 475.00, 194.00, 21.00, 24.00, -1, -1, -1
366, 213, 655.00, 865.00, 19.00, 21.00, -1, -1, -1
366, 212, 177.00, 331.00, 32.00, 30.00, -1, -1, -1
366, 99, 1050.00, 234.00, 32.00, 20.00, -1, -1, -1
366, 133, 1366.00, 989.00, 34.00, 21.00, -1, -1, -1
366, 139, 1451.00, 823.00, 45.00, 23.00, -1, -1, -1
366, 119, 1148.00, 698.00, 148.00, 124.00, -1, -1, -1
366, 111, 1218.00, 870.00, 40.00, 29.00, -1, -1, -1
366, 124, 1060.00, 1007.00, 51.00, 43.00, -1, -1, -1
366, 92, 1117.00, 529.00, 30.00, 41.00, -1, -1, -1
366, 71, 237.10, 0.00, 22.90, 24.00, -1, -1, -1
366, 2, 1135.35, 145.52, 24.48, 71.55, -1, -1, -1
366, 5, 868.31, 593.21, 68.73, 60.23, -1, -1, -1
366, 60, 1705.01, 547.14, 87.83, 37.63, -1, -1, -1
366, 7, 1084.18, 232.96, 23.58, 42.67, -1, -1, -1
366, 72, 532.00, 397.00, 32.00, 82.00, -1, -1, -1
366, 88, 1426.39, 218.20, 80.33, 73.45, -1, -1, -1
366, 57, 883.00, 156.00, 37.00, 41.00, -1, -1, -1
366, 59, 782.37, 162.45, 44.22, 31.05, -1, -1, -1
366, 65, 1340.76, 532.96, 33.83, 41.95, -1, -1, -1
366, 95, 1182.08, 616.14, 33.53, 38.71, -1, -1, -1
366, 106, 1377.07, 643.16, 42.63, 57.74, -1, -1, -1
366, 113, 794.12, 0.76, 21.50, 25.36, -1, -1, -1
366, 1, 665.39, 241.78, 29.91, 34.53, -1, -1, -1
367, 215, 648.00, 167.00, 29.00, 29.00, -1, -1, -1
367, 214, 473.00, 190.00, 21.00, 24.00, -1, -1, -1
367, 213, 655.00, 865.00, 19.00, 21.00, -1, -1, -1
367, 212, 177.00, 331.00, 32.00, 30.00, -1, -1, -1
367, 99, 1050.00, 234.00, 32.00, 20.00, -1, -1, -1
367, 133, 1366.00, 989.00, 34.00, 21.00, -1, -1, -1
367, 139, 1451.00, 823.00, 45.00, 23.00, -1, -1, -1
367, 119, 1148.00, 698.00, 148.00, 124.00, -1, -1, -1
367, 111, 1218.00, 870.00, 40.00, 29.00, -1, -1, -1
367, 124, 1060.00, 1007.00, 51.00, 43.00, -1, -1, -1
367, 92, 1117.00, 529.00, 30.00, 41.00, -1, -1, -1
367, 71, 237.10, 0.00, 22.90, 24.00, -1, -1, -1
367, 2, 1135.80, 145.41, 24.55, 71.45, -1, -1, -1
367, 5, 866.87, 592.57, 69.09, 60.57, -1, -1, -1
367, 60, 1704.24, 545.71, 88.83, 38.03, -1, -1, -1
367, 7, 1083.43, 232.03, 23.73, 43.21, -1, -1, -1
367, 72, 530.00, 390.00, 32.00, 81.00, -1, -1, -1
367, 88, 1423.77, 218.71, 79.33, 72.94, -1, -1, -1
367, 57, 885.04, 147.54, 33.75, 40.04, -1, -1, -1
367, 59, 781.86, 156.95, 46.41, 32.56, -1, -1, -1
367, 65, 1342.29, 528.85, 33.36, 40.97, -1, -1, -1
367, 95, 1182.42, 608.56, 36.08, 41.45, -1, -1, -1
367, 106, 1377.78, 639.15, 43.66, 60.33, -1, -1, -1
367, 113, 792.18, 0.69, 21.77, 25.63, -1, -1, -1
367, 1, 666.81, 242.82, 27.27, 31.77, -1, -1, -1
368, 215, 648.00, 167.00, 29.00, 29.00, -1, -1, -1
368, 214, 473.00, 190.00, 21.00, 24.00, -1, -1, -1
368, 213, 655.00, 865.00, 19.00, 21.00, -1, -1, -1
368, 212, 177.00, 331.00, 32.00, 30.00, -1, -1, -1
368, 99, 1050.00, 234.00, 32.00, 20.00, -1, -1, -1
368, 133, 1366.00, 989.00, 34.00, 21.00, -1, -1, -1
368, 139, 1451.00, 823.00, 45.00, 23.00, -1, -1, -1
368, 119, 1152.00, 692.00, 148.00, 124.00, -1, -1, -1
368, 111, 1218.00, 870.00, 40.00, 29.00, -1, -1, -1
368, 124, 1063.00, 1000.00, 51.00, 43.00, -1, -1, -1
368, 92, 1114.00, 527.00, 34.00, 32.00, -1, -1, -1
368, 71, 237.10, 0.00, 22.90, 24.00, -1, -1, -1
368, 2, 1136.52, 145.75, 24.44, 71.28, -1, -1, -1
368, 5, 864.66, 591.85, 69.69, 61.19, -1, -1, -1
368, 60, 1703.26, 544.48, 86.70, 37.20, -1, -1, -1
368, 7, 1082.96, 230.46, 24.17, 44.40, -1, -1, -1
368, 72, 530.00, 383.00, 30.00, 79.00, -1, -1, -1
368, 88, 1420.71, 218.15, 79.34, 73.25, -1, -1, -1
368, 57, 885.03, 139.39, 36.42, 42.29, -1, -1, -1
368, 59, 782.33, 152.71, 45.88, 32.11, -1, -1, -1
368, 65, 1342.79, 523.74, 34.21, 41.62, -1, -1, -1
368, 95, 1184.48, 602.96, 34.09, 39.53, -1, -1, -1
368, 106, 1380.13, 635.30, 41.76, 58.89, -1, -1, -1
368, 113, 791.30, 0.53, 22.27, 26.34, -1, -1, -1
368, 1, 667.62, 242.85, 26.15, 30.61, -1, -1, -1
369, 215, 649.00, 161.00, 29.00, 29.00, -1, -1, -1
369, 214, 471.00, 184.00, 21.00, 24.00, -1, -1, -1
369, 213, 655.00, 865.00, 19.00, 21.00, -1, -1, -1
369, 212, 177.00, 331.00, 32.00, 30.00, -1, -1, -1
369, 99, 1051.00, 224.00, 32.00, 20.00, -1, -1, -1
369, 133, 1366.00, 989.00, 34.00, 21.00, -1, -1, -1
369, 139, 1451.00, 823.00, 45.00, 23.00, -1, -1, -1
369, 119, 1152.00, 692.00, 148.00, 124.00, -1, -1, -1
369, 111, 1213.00, 870.00, 40.00, 29.00, -1, -1, -1
369, 124, 1063.00, 1000.00, 51.00, 43.00, -1, -1, -1
369, 92, 1114.00, 527.00, 34.00, 32.00, -1, -1, -1
369, 1, 664.00, 242.00, 31.00, 31.00, -1, -1, -1
369, 2, 1136.72, 146.06, 24.54, 70.78, -1, -1, -1
369, 5, 863.41, 591.11, 69.86, 61.43, -1, -1, -1
369, 60, 1702.33, 543.07, 87.08, 37.37, -1, -1, -1
369, 7, 1082.80, 229.39, 24.31, 45.34, -1, -1, -1
369, 72, 528.00, 379.00, 31.00, 78.00, -1, -1, -1
369, 88, 1418.11, 217.57, 79.50, 73.87, -1, -1, -1
369, 57, 882.94, 131.65, 39.36, 45.58, -1, -1, -1
369, 59, 782.58, 147.44, 45.58, 31.94, -1, -1, -1
369, 65, 1343.77, 519.52, 33.85, 40.87, -1, -1, -1
369, 95, 1185.23, 595.90, 34.28, 39.73, -1, -1, -1
369, 106, 1382.34, 632.50, 40.27, 57.79, -1, -1, -1
369, 113, 790.09, 0.61, 22.28, 26.46, -1, -1, -1
37, 212, 491.00, 430.00, 32.00, 30.00, -1, -1, -1
37, 205, 670.00, 1046.00, 15.00, 16.00, -1, -1, -1
37, 203, 331.00, 388.00, 25.00, 25.00, -1, -1, -1
37, 202, 305.00, 414.00, 18.00, 18.00, -1, -1, -1
37, 200, 971.00, 240.00, 14.00, 23.00, -1, -1, -1
37, 17, 969.00, 63.00, 35.00, 29.00, -1, -1, -1
37, 10, 48.00, 512.00, 19.00, 34.00, -1, -1, -1
37, 1, 722.60, 615.91, 101.45, 62.93, -1, -1, -1
37, 2, 1007.51, 78.07, 39.02, 88.87, -1, -1, -1
37, 3, 1440.40, 0.88, 29.81, 35.86, -1, -1, -1
37, 4, 0.00, 149.95, 53.77, 58.81, -1, -1, -1
37, 5, 1239.05, 748.90, 59.88, 50.63, -1, -1, -1
37, 6, 816.00, 338.00, 60.00, 38.00, -1, -1, -1
37, 7, 1143.78, 327.02, 28.08, 45.42, -1, -1, -1
37, 8, 296.00, 785.00, 25.00, 31.00, -1, -1, -1
37, 9, 1033.25, 888.78, 38.64, 41.40, -1, -1, -1
37, 14, 720.81, 260.41, 38.47, 24.90, -1, -1, -1
370, 215, 649.00, 161.00, 29.00, 29.00, -1, -1, -1
370, 214, 471.00, 184.00, 21.00, 24.00, -1, -1, -1
370, 213, 655.00, 865.00, 19.00, 21.00, -1, -1, -1
370, 212, 177.00, 331.00, 32.00, 30.00, -1, -1, -1
370, 99, 1051.00, 224.00, 32.00, 20.00, -1, -1, -1
370, 133, 1366.00, 989.00, 34.00, 21.00, -1, -1, -1
370, 139, 1451.00, 823.00, 45.00, 23.00, -1, -1, -1
370, 119, 1153.00, 685.00, 148.00, 124.00, -1, -1, -1
370, 111, 1213.00, 870.00, 40.00, 29.00, -1, -1, -1
370, 124, 1063.00, 995.00, 51.00, 43.00, -1, -1, -1
370, 92, 1114.00, 527.00, 34.00, 32.00, -1, -1, -1
370, 1, 664.00, 242.00, 31.00, 31.00, -1, -1, -1
370, 2, 1136.71, 146.37, 24.74, 70.65, -1, -1, -1
370, 5, 861.71, 590.84, 69.53, 61.02, -1, -1, -1
370, 60, 1701.39, 541.10, 88.48, 37.94, -1, -1, -1
370, 7, 1082.69, 229.97, 23.49, 44.23, -1, -1, -1
370, 72, 526.00, 369.00, 31.00, 79.00, -1, -1, -1
370, 88, 1416.48, 217.48, 79.06, 73.86, -1, -1, -1
370, 57, 881.49, 124.75, 42.79, 49.87, -1, -1, -1
370, 59, 781.10, 143.02, 46.62, 32.37, -1, -1, -1
370, 65, 1344.63, 513.88, 34.63, 42.09, -1, -1, -1
370, 95, 1188.00, 598.00, 31.00, 35.00, -1, -1, -1
370, 106, 1381.67, 628.12, 42.60, 62.32, -1, -1, -1
370, 113, 788.87, 0.22, 22.87, 27.22, -1, -1, -1
371, 215, 649.00, 161.00, 29.00, 29.00, -1, -1, -1
371, 214, 471.00, 184.00, 21.00, 24.00, -1, -1, -1
371, 213, 652.00, 860.00, 17.00, 25.00, -1, -1, -1
371, 212, 177.00, 331.00, 32.00, 30.00, -1, -1, -1
371, 99, 1052.00, 214.00, 32.00, 20.00, -1, -1, -1
371, 133, 1366.00, 989.00, 34.00, 21.00, -1, -1, -1
371, 139, 1451.00, 823.00, 45.00, 23.00, -1, -1, -1
371, 119, 1153.00, 685.00, 148.00, 124.00, -1, -1, -1
371, 111, 1213.00, 870.00, 40.00, 29.00, -1, -1, -1
371, 124, 1063.00, 995.00, 51.00, 43.00, -1, -1, -1
371, 92, 1117.00, 521.00, 34.00, 32.00, -1, -1, -1
371, 1, 664.00, 242.00, 31.00, 31.00, -1, -1, -1
371, 2, 1136.56, 145.99, 25.09, 71.10, -1, -1, -1
371, 5, 860.91, 590.77, 68.85, 60.36, -1, -1, -1
371, 60, 1700.54, 539.91, 88.07, 37.66, -1, -1, -1
371, 7, 1081.88, 229.99, 23.73, 45.27, -1, -1, -1
371, 72, 526.00, 365.00, 31.00, 79.00, -1, -1, -1
371, 88, 1414.00, 217.20, 78.89, 74.10, -1, -1, -1
371, 57, 883.00, 125.00, 39.00, 45.00, -1, -1, -1
371, 59, 780.51, 138.55, 47.10, 32.66, -1, -1, -1
371, 65, 1345.80, 507.73, 36.12, 44.02, -1, -1, -1
371, 95, 1188.00, 592.00, 34.37, 28.94, -1, -1, -1
371, 106, 1393.00, 623.66, 33.71, 52.34, -1, -1, -1
371, 113, 788.12, 0.29, 22.76, 27.25, -1, -1, -1
372, 215, 650.00, 154.00, 27.00, 27.00, -1, -1, -1
372, 214, 471.00, 176.00, 21.00, 24.00, -1, -1, -1
372, 213, 652.00, 860.00, 17.00, 25.00, -1, -1, -1
372, 212, 173.00, 325.00, 32.00, 30.00, -1, -1, -1
372, 99, 1052.00, 214.00, 32.00, 20.00, -1, -1, -1
372, 133, 1366.00, 989.00, 34.00, 21.00, -1, -1, -1
372, 139, 1448.00, 817.00, 45.00, 23.00, -1, -1, -1
372, 119, 1153.00, 685.00, 148.00, 124.00, -1, -1, -1
372, 111, 1213.00, 870.00, 40.00, 29.00, -1, -1, -1
372, 124, 1064.00, 990.00, 51.00, 43.00, -1, -1, -1
372, 106, 1394.00, 620.00, 33.00, 52.00, -1, -1, -1
372, 92, 1117.00, 521.00, 34.00, 32.00, -1, -1, -1
372, 1, 664.00, 242.00, 31.00, 31.00, -1, -1, -1
372, 2, 1136.56, 146.40, 25.08, 70.47, -1, -1, -1
372, 5, 859.65, 590.26, 68.62, 60.11, -1, -1, -1
372, 60, 1699.21, 538.52, 88.04, 37.55, -1, -1, -1
372, 7, 1082.33, 230.74, 22.33, 42.72, -1, -1, -1
372, 72, 524.00, 358.00, 32.00, 81.00, -1, -1, -1
372, 88, 1412.08, 217.23, 78.01, 73.70, -1, -1, -1
372, 57, 883.80, 115.52, 42.47, 48.70, -1, -1, -1
372, 59, 779.14, 132.58, 49.59, 34.37, -1, -1, -1
372, 65, 1346.38, 501.15, 37.32, 45.72, -1, -1, -1
372, 95, 1187.00, 580.00, 39.03, 37.48, -1, -1, -1
372, 113, 786.60, 0.10, 23.25, 27.78, -1, -1, -1
373, 215, 650.00, 154.00, 27.00, 27.00, -1, -1, -1
373, 214, 471.00, 176.00, 21.00, 24.00, -1, -1, -1
373, 213, 652.00, 860.00, 17.00, 25.00, -1, -1, -1
373, 212, 173.00, 325.00, 32.00, 30.00, -1, -1, -1
373, 99, 1052.00, 214.00, 32.00, 20.00, -1, -1, -1
373, 133, 1366.00, 989.00, 34.00, 21.00, -1, -1, -1
373, 139, 1448.00, 817.00, 45.00, 23.00, -1, -1, -1
373, 119, 1153.00, 685.00, 148.00, 124.00, -1, -1, -1
373, 111, 1213.00, 870.00, 40.00, 29.00, -1, -1, -1
373, 124, 1064.00, 986.00, 51.00, 43.00, -1, -1, -1
373, 92, 1117.00, 521.00, 34.00, 32.00, -1, -1, -1
373, 2, 1136.47, 145.88, 25.25, 70.91, -1, -1, -1
373, 5, 857.74, 589.10, 69.54, 61.02, -1, -1, -1
373, 60, 1698.68, 537.55, 88.14, 37.51, -1, -1, -1
373, 7, 1081.79, 228.54, 23.25, 44.73, -1, -1, -1
373, 72, 523.00, 352.00, 32.00, 82.00, -1, -1, -1
373, 88, 1410.21, 217.24, 77.21, 73.30, -1, -1, -1
373, 57, 882.73, 111.66, 42.03, 47.96, -1, -1, -1
373, 59, 778.69, 128.25, 48.46, 33.68, -1, -1, -1
373, 65, 1346.69, 495.13, 38.48, 47.34, -1, -1, -1
373, 95, 1187.11, 561.51, 40.32, 48.38, -1, -1, -1
373, 113, 784.93, 0.19, 23.73, 28.34, -1, -1, -1
373, 1, 668.38, 237.09, 26.88, 31.77, -1, -1, -1
373, 106, 1394.59, 615.29, 35.28, 55.72, -1, -1, -1
374, 215, 649.00, 148.00, 27.00, 27.00, -1, -1, -1
374, 214, 468.00, 169.00, 21.00, 24.00, -1, -1, -1
374, 213, 652.00, 860.00, 17.00, 25.00, -1, -1, -1
374, 212, 173.00, 325.00, 32.00, 30.00, -1, -1, -1
374, 106, 1395.00, 611.00, 36.00, 60.00, -1, -1, -1
374, 99, 1052.00, 214.00, 32.00, 20.00, -1, -1, -1
374, 133, 1366.00, 989.00, 34.00, 21.00, -1, -1, -1
374, 139, 1448.00, 817.00, 45.00, 23.00, -1, -1, -1
374, 122, 1456.00, 1056.00, 63.00, 24.00, -1, -1, -1
374, 111, 1213.00, 870.00, 40.00, 29.00, -1, -1, -1
374, 124, 1064.00, 986.00, 51.00, 43.00, -1, -1, -1
374, 92, 1117.00, 521.00, 34.00, 32.00, -1, -1, -1
374, 1, 668.00, 238.00, 31.00, 31.00, -1, -1, -1
374, 2, 1136.48, 146.54, 25.21, 70.21, -1, -1, -1
374, 5, 856.05, 588.68, 69.96, 61.35, -1, -1, -1
374, 60, 1696.48, 536.25, 88.29, 37.50, -1, -1, -1
374, 7, 1081.69, 230.20, 22.42, 43.00, -1, -1, -1
374, 72, 518.00, 345.00, 34.00, 83.00, -1, -1, -1
374, 88, 1408.67, 217.13, 76.80, 73.40, -1, -1, -1
374, 57, 884.65, 107.28, 39.26, 43.83, -1, -1, -1
374, 59, 777.22, 122.10, 50.64, 35.25, -1, -1, -1
374, 65, 1347.00, 501.00, 35.00, 36.00, -1, -1, -1
374, 95, 1188.62, 554.29, 39.37, 47.98, -1, -1, -1
374, 113, 784.31, 0.06, 23.94, 28.58, -1, -1, -1
374, 119, 1152.38, 684.90, 141.14, 120.30, -1, -1, -1
375, 215, 649.00, 148.00, 27.00, 27.00, -1, -1, -1
375, 214, 468.00, 169.00, 21.00, 24.00, -1, -1, -1
375, 213, 652.00, 860.00, 17.00, 25.00, -1, -1, -1
375, 212, 173.00, 325.00, 32.00, 30.00, -1, -1, -1
375, 99, 1053.00, 205.00, 32.00, 20.00, -1, -1, -1
375, 133, 1366.00, 989.00, 34.00, 21.00, -1, -1, -1
375, 139, 1448.00, 817.00, 45.00, 23.00, -1, -1, -1
375, 119, 1156.00, 683.00, 148.00, 124.00, -1, -1, -1
375, 122, 1460.00, 1052.00, 82.00, 28.00, -1, -1, -1
375, 111, 1213.00, 870.00, 40.00, 29.00, -1, -1, -1
375, 124, 1065.00, 984.00, 51.00, 43.00, -1, -1, -1
375, 92, 1117.00, 521.00, 34.00, 32.00, -1, -1, -1
375, 1, 668.00, 238.00, 31.00, 31.00, -1, -1, -1
375, 2, 1136.50, 147.05, 25.14, 69.45, -1, -1, -1
375, 5, 855.01, 588.54, 69.04, 60.49, -1, -1, -1
375, 60, 1696.42, 535.31, 86.87, 37.00, -1, -1, -1
375, 7, 1082.04, 229.64, 22.34, 42.82, -1, -1, -1
375, 72, 517.00, 337.00, 33.00, 81.00, -1, -1, -1
375, 88, 1406.72, 216.84, 76.60, 73.69, -1, -1, -1
375, 57, 883.91, 101.86, 40.10, 44.04, -1, -1, -1
375, 59, 777.66, 118.02, 49.49, 34.50, -1, -1, -1
375, 65, 1348.99, 492.00, 36.01, 41.02, -1, -1, -1
375, 95, 1190.36, 550.28, 37.58, 45.84, -1, -1, -1
375, 113, 783.17, 0.27, 23.92, 28.53, -1, -1, -1
375, 106, 1393.00, 610.00, 33.00, 65.00, -1, -1, -1
376, 215, 650.00, 142.00, 27.00, 27.00, -1, -1, -1
376, 214, 465.00, 162.00, 21.00, 24.00, -1, -1, -1
376, 213, 652.00, 860.00, 17.00, 25.00, -1, -1, -1
376, 212, 167.00, 326.00, 32.00, 30.00, -1, -1, -1
376, 133, 1366.00, 989.00, 34.00, 21.00, -1, -1, -1
376, 139, 1448.00, 817.00, 45.00, 23.00, -1, -1, -1
376, 111, 1212.00, 863.00, 40.00, 29.00, -1, -1, -1
376, 124, 1065.00, 980.00, 51.00, 43.00, -1, -1, -1
376, 106, 1392.00, 602.00, 35.00, 66.00, -1, -1, -1
376, 92, 1117.00, 506.00, 34.00, 32.00, -1, -1, -1
376, 1, 668.00, 238.00, 31.00, 31.00, -1, -1, -1
376, 2, 1137.12, 147.86, 24.89, 68.54, -1, -1, -1
376, 5, 853.18, 588.51, 68.71, 60.16, -1, -1, -1
376, 60, 1695.86, 533.52, 87.50, 37.31, -1, -1, -1
376, 7, 1082.32, 229.93, 22.02, 41.75, -1, -1, -1
376, 72, 516.00, 332.00, 33.00, 80.00, -1, -1, -1
376, 88, 1404.41, 216.49, 75.90, 73.55, -1, -1, -1
376, 57, 885.10, 96.17, 40.52, 43.24, -1, -1, -1
376, 59, 777.72, 113.77, 47.31, 32.95, -1, -1, -1
376, 65, 1351.44, 489.00, 34.56, 37.65, -1, -1, -1
376, 95, 1191.77, 545.37, 36.29, 43.97, -1, -1, -1
376, 113, 782.64, 0.28, 24.18, 28.50, -1, -1, -1
376, 122, 1466.00, 1041.00, 83.00, 37.00, -1, -1, -1
376, 99, 1050.12, 198.40, 32.75, 22.88, -1, -1, -1
376, 119, 1150.25, 680.71, 144.58, 123.41, -1, -1, -1
377, 215, 650.00, 142.00, 27.00, 27.00, -1, -1, -1
377, 214, 465.00, 162.00, 21.00, 24.00, -1, -1, -1
377, 213, 652.00, 860.00, 17.00, 25.00, -1, -1, -1
377, 212, 167.00, 326.00, 32.00, 30.00, -1, -1, -1
377, 133, 1356.00, 993.00, 34.00, 21.00, -1, -1, -1
377, 139, 1448.00, 817.00, 45.00, 23.00, -1, -1, -1
377, 119, 1151.00, 675.00, 148.00, 124.00, -1, -1, -1
377, 111, 1208.00, 869.00, 40.00, 29.00, -1, -1, -1
377, 124, 1066.00, 978.00, 51.00, 43.00, -1, -1, -1
377, 106, 1395.00, 598.00, 34.00, 64.00, -1, -1, -1
377, 92, 1117.00, 506.00, 34.00, 32.00, -1, -1, -1
377, 1, 668.00, 238.00, 31.00, 31.00, -1, -1, -1
377, 2, 1137.19, 147.72, 25.09, 69.02, -1, -1, -1
377, 5, 851.54, 587.03, 69.59, 61.03, -1, -1, -1
377, 60, 1694.72, 531.90, 87.69, 37.42, -1, -1, -1
377, 7, 1081.93, 230.31, 21.91, 41.11, -1, -1, -1
377, 72, 514.00, 324.00, 34.00, 80.00, -1, -1, -1
377, 88, 1402.37, 216.11, 75.19, 73.50, -1, -1, -1
377, 57, 883.80, 91.90, 39.10, 41.31, -1, -1, -1
377, 59, 776.60, 108.61, 48.80, 33.98, -1, -1, -1
377, 65, 1352.61, 483.00, 34.39, 40.96, -1, -1, -1
377, 95, 1195.38, 541.06, 32.57, 39.75, -1, -1, -1
377, 113, 781.39, 0.39, 24.47, 28.55, -1, -1, -1
377, 122, 1462.06, 1029.00, 92.94, 47.88, -1, -1, -1
377, 99, 1047.83, 195.61, 35.39, 24.18, -1, -1, -1
378, 215, 650.00, 142.00, 27.00, 27.00, -1, -1, -1
378, 214, 464.00, 158.00, 21.00, 24.00, -1, -1, -1
378, 213, 652.00, 860.00, 17.00, 25.00, -1, -1, -1
378, 212, 167.00, 326.00, 32.00, 30.00, -1, -1, -1
378, 133, 1356.00, 993.00, 34.00, 21.00, -1, -1, -1
378, 139, 1444.00, 815.00, 45.00, 23.00, -1, -1, -1
378, 111, 1208.00, 869.00, 40.00, 29.00, -1, -1, -1
378, 124, 1073.00, 974.00, 44.00, 42.00, -1, -1, -1
378, 106, 1402.00, 597.00, 29.00, 59.00, -1, -1, -1
378, 92, 1117.00, 506.00, 34.00, 32.00, -1, -1, -1
378, 1, 668.00, 238.00, 31.00, 31.00, -1, -1, -1
378, 2, 1137.90, 148.10, 24.79, 68.40, -1, -1, -1
378, 5, 850.75, 587.23, 68.41, 59.88, -1, -1, -1
378, 60, 1695.34, 531.34, 85.73, 36.48, -1, -1, -1
378, 7, 1082.29, 229.96, 21.89, 40.62, -1, -1, -1
378, 72, 512.00, 316.00, 35.00, 81.00, -1, -1, -1
378, 88, 1401.12, 216.47, 74.07, 72.74, -1, -1, -1
378, 57, 884.39, 86.64, 39.46, 40.74, -1, -1, -1
378, 59, 776.20, 104.80, 47.38, 32.64, -1, -1, -1
378, 65, 1352.00, 477.00, 38.00, 44.00, -1, -1, -1
378, 95, 1196.38, 533.42, 32.78, 40.21, -1, -1, -1
378, 113, 780.80, 0.28, 24.88, 28.77, -1, -1, -1
378, 122, 1469.00, 1019.00, 89.00, 57.00, -1, -1, -1
378, 99, 1048.72, 191.69, 35.95, 24.59, -1, -1, -1
378, 119, 1158.00, 674.00, 148.00, 126.00, -1, -1, -1
379, 215, 648.00, 132.00, 27.00, 27.00, -1, -1, -1
379, 214, 464.00, 158.00, 21.00, 24.00, -1, -1, -1
379, 213, 652.00, 860.00, 17.00, 25.00, -1, -1, -1
379, 212, 167.00, 326.00, 32.00, 30.00, -1, -1, -1
379, 133, 1356.00, 993.00, 34.00, 21.00, -1, -1, -1
379, 139, 1444.00, 815.00, 45.00, 23.00, -1, -1, -1
379, 111, 1208.00, 869.00, 40.00, 29.00, -1, -1, -1
379, 92, 1120.00, 501.00, 34.00, 33.00, -1, -1, -1
379, 1, 668.00, 238.00, 31.00, 31.00, -1, -1, -1
379, 2, 1138.02, 147.80, 24.96, 68.73, -1, -1, -1
379, 5, 848.99, 586.58, 69.01, 60.43, -1, -1, -1
379, 60, 1693.90, 528.94, 88.43, 37.62, -1, -1, -1
379, 7, 1082.31, 229.34, 22.12, 40.70, -1, -1, -1
379, 72, 512.00, 312.00, 34.00, 80.00, -1, -1, -1
379, 88, 1399.17, 216.37, 73.84, 72.71, -1, -1, -1
379, 57, 883.61, 81.06, 39.56, 40.42, -1, -1, -1
379, 59, 776.87, 100.02, 47.22, 32.23, -1, -1, -1
379, 65, 1354.00, 473.00, 35.00, 42.00, -1, -1, -1
379, 95, 1197.18, 526.11, 32.90, 40.36, -1, -1, -1
379, 113, 778.70, 0.42, 24.91, 28.54, -1, -1, -1
379, 122, 1472.00, 1008.00, 90.00, 63.00, -1, -1, -1
379, 99, 1050.00, 189.20, 34.29, 23.02, -1, -1, -1
379, 124, 1067.62, 971.85, 48.16, 44.40, -1, -1, -1
379, 119, 1158.29, 674.82, 140.77, 118.50, -1, -1, -1
379, 106, 1405.00, 590.53, 29.23, 57.47, -1, -1, -1
38, 212, 491.00, 430.00, 32.00, 30.00, -1, -1, -1
38, 205, 670.00, 1046.00, 15.00, 16.00, -1, -1, -1
38, 203, 331.00, 388.00, 25.00, 25.00, -1, -1, -1
38, 202, 304.00, 409.00, 18.00, 18.00, -1, -1, -1
38, 200, 971.00, 240.00, 14.00, 23.00, -1, -1, -1
38, 17, 969.00, 63.00, 35.00, 29.00, -1, -1, -1
38, 1, 721.52, 613.42, 101.62, 63.01, -1, -1, -1
38, 2, 1009.44, 77.62, 38.22, 88.65, -1, -1, -1
38, 3, 1440.22, 0.46, 29.51, 35.46, -1, -1, -1
38, 4, 0.00, 149.51, 51.47, 58.70, -1, -1, -1
38, 5, 1236.91, 748.58, 60.28, 50.88, -1, -1, -1
38, 6, 819.00, 332.00, 60.00, 42.00, -1, -1, -1
38, 7, 1143.34, 326.96, 27.96, 45.38, -1, -1, -1
38, 8, 304.74, 769.50, 24.28, 29.79, -1, -1, -1
38, 9, 1033.59, 885.41, 38.68, 41.77, -1, -1, -1
38, 14, 720.84, 257.17, 37.42, 24.15, -1, -1, -1
38, 10, 45.56, 509.23, 18.46, 32.99, -1, -1, -1
380, 215, 648.00, 132.00, 27.00, 27.00, -1, -1, -1
380, 214, 463.00, 151.00, 21.00, 24.00, -1, -1, -1
380, 213, 648.00, 860.00, 17.00, 25.00, -1, -1, -1
380, 212, 167.00, 326.00, 32.00, 30.00, -1, -1, -1
380, 133, 1356.00, 993.00, 34.00, 21.00, -1, -1, -1
380, 139, 1444.00, 815.00, 45.00, 23.00, -1, -1, -1
380, 119, 1151.14, 671.03, 147.52, 123.66, -1, -1, -1
380, 111, 1208.00, 869.00, 40.00, 29.00, -1, -1, -1
380, 124, 1068.00, 969.00, 57.00, 46.00, -1, -1, -1
380, 92, 1120.00, 501.00, 34.00, 33.00, -1, -1, -1
380, 1, 670.00, 234.00, 31.00, 31.00, -1, -1, -1
380, 2, 1138.11, 148.24, 24.91, 68.43, -1, -1, -1
380, 5, 847.65, 586.36, 68.73, 60.14, -1, -1, -1
380, 60, 1690.56, 526.37, 91.13, 39.03, -1, -1, -1
380, 7, 1082.15, 228.49, 22.54, 41.24, -1, -1, -1
380, 72, 511.00, 302.00, 34.00, 80.00, -1, -1, -1
380, 88, 1397.34, 216.58, 73.15, 72.45, -1, -1, -1
380, 57, 884.72, 74.69, 41.84, 41.71, -1, -1, -1
380, 59, 769.82, 95.54, 56.78, 39.59, -1, -1, -1
380, 65, 1355.93, 468.00, 34.07, 40.34, -1, -1, -1
380, 95, 1196.85, 518.15, 35.12, 42.92, -1, -1, -1
380, 113, 777.96, 0.43, 24.88, 28.60, -1, -1, -1
380, 122, 1478.00, 994.00, 86.00, 66.05, -1, -1, -1
380, 99, 1049.05, 184.25, 37.52, 25.20, -1, -1, -1
380, 106, 1400.45, 586.66, 34.12, 58.72, -1, -1, -1
381, 215, 648.00, 132.00, 27.00, 27.00, -1, -1, -1
381, 214, 463.00, 151.00, 21.00, 24.00, -1, -1, -1
381, 213, 648.00, 860.00, 17.00, 25.00, -1, -1, -1
381, 212, 160.00, 328.00, 32.00, 30.00, -1, -1, -1
381, 133, 1346.00, 994.00, 34.00, 21.00, -1, -1, -1
381, 139, 1444.00, 815.00, 45.00, 23.00, -1, -1, -1
381, 119, 1151.00, 671.00, 148.00, 124.00, -1, -1, -1
381, 111, 1207.00, 863.00, 40.00, 29.00, -1, -1, -1
381, 124, 1065.00, 969.00, 60.00, 49.00, -1, -1, -1
381, 92, 1120.00, 501.00, 34.00, 33.00, -1, -1, -1
381, 2, 1138.49, 147.53, 25.19, 68.69, -1, -1, -1
381, 5, 845.71, 585.05, 69.62, 61.03, -1, -1, -1
381, 60, 1690.32, 525.68, 90.16, 38.58, -1, -1, -1
381, 7, 1081.32, 227.44, 23.26, 42.19, -1, -1, -1
381, 72, 509.00, 294.00, 34.00, 80.00, -1, -1, -1
381, 88, 1395.53, 215.92, 73.31, 73.10, -1, -1, -1
381, 57, 883.99, 69.15, 41.98, 41.20, -1, -1, -1
381, 59, 773.68, 89.33, 52.04, 36.31, -1, -1, -1
381, 65, 1357.75, 467.00, 36.25, 36.60, -1, -1, -1
381, 95, 1197.74, 511.44, 34.86, 42.41, -1, -1, -1
381, 113, 776.76, 0.60, 24.79, 28.58, -1, -1, -1
381, 122, 1480.00, 985.00, 91.00, 68.00, -1, -1, -1
381, 99, 1048.04, 181.05, 38.07, 25.48, -1, -1, -1
381, 106, 1400.00, 582.63, 34.47, 60.37, -1, -1, -1
381, 1, 669.07, 227.33, 28.45, 33.66, -1, -1, -1
382, 215, 650.00, 125.00, 27.00, 27.00, -1, -1, -1
382, 214, 461.00, 143.00, 21.00, 24.00, -1, -1, -1
382, 213, 648.00, 860.00, 17.00, 25.00, -1, -1, -1
382, 212, 160.00, 328.00, 32.00, 30.00, -1, -1, -1
382, 133, 1346.00, 994.00, 34.00, 21.00, -1, -1, -1
382, 139, 1444.00, 815.00, 45.00, 23.00, -1, -1, -1
382, 111, 1207.00, 863.00, 40.00, 29.00, -1, -1, -1
382, 92, 1120.00, 493.00, 34.00, 32.00, -1, -1, -1
382, 2, 1138.03, 147.20, 25.49, 69.10, -1, -1, -1
382, 5, 844.07, 584.33, 69.89, 61.36, -1, -1, -1
382, 60, 1689.91, 524.74, 88.52, 37.91, -1, -1, -1
382, 7, 1081.86, 228.16, 22.81, 41.08, -1, -1, -1
382, 72, 507.00, 288.00, 35.00, 80.00, -1, -1, -1
382, 88, 1393.19, 215.68, 72.90, 73.10, -1, -1, -1
382, 57, 882.88, 62.11, 44.65, 43.46, -1, -1, -1
382, 59, 775.23, 83.72, 49.42, 34.71, -1, -1, -1
382, 65, 1358.85, 459.00, 32.15, 39.27, -1, -1, -1
382, 95, 1200.47, 504.71, 32.85, 40.21, -1, -1, -1
382, 113, 775.70, 0.49, 25.04, 29.00, -1, -1, -1
382, 122, 1488.00, 971.00, 88.00, 66.00, -1, -1, -1
382, 99, 1049.23, 178.17, 37.04, 24.65, -1, -1, -1
382, 106, 1409.00, 577.93, 26.59, 62.07, -1, -1, -1
382, 1, 670.43, 227.29, 27.35, 32.50, -1, -1, -1
382, 124, 1067.00, 963.00, 56.00, 47.00, -1, -1, -1
382, 119, 1151.14, 671.03, 147.52, 123.66, -1, -1, -1
383, 215, 650.00, 125.00, 27.00, 27.00, -1, -1, -1
383, 214, 461.00, 143.00, 21.00, 24.00, -1, -1, -1
383, 213, 648.00, 860.00, 17.00, 25.00, -1, -1, -1
383, 212, 160.00, 328.00, 32.00, 30.00, -1, -1, -1
383, 133, 1346.00, 994.00, 34.00, 21.00, -1, -1, -1
383, 139, 1442.06, 811.95, 50.48, 23.70, -1, -1, -1
383, 111, 1207.00, 863.00, 40.00, 29.00, -1, -1, -1
383, 92, 1120.00, 493.00, 34.00, 32.00, -1, -1, -1
383, 2, 1138.42, 147.69, 25.45, 68.52, -1, -1, -1
383, 5, 842.48, 583.59, 70.07, 61.48, -1, -1, -1
383, 60, 1690.80, 524.45, 85.88, 36.65, -1, -1, -1
383, 7, 1080.99, 226.96, 23.81, 42.65, -1, -1, -1
383, 72, 506.00, 283.00, 34.00, 79.00, -1, -1, -1
383, 88, 1391.51, 215.34, 72.53, 73.11, -1, -1, -1
383, 57, 881.81, 56.57, 45.98, 44.29, -1, -1, -1
383, 59, 776.45, 79.10, 46.18, 32.64, -1, -1, -1
383, 65, 1359.44, 454.00, 35.56, 39.47, -1, -1, -1
383, 95, 1201.84, 497.21, 33.33, 40.88, -1, -1, -1
383, 113, 775.19, 0.65, 24.44, 28.51, -1, -1, -1
383, 122, 1495.00, 967.00, 82.00, 62.00, -1, -1, -1
383, 99, 1048.26, 174.11, 41.47, 27.19, -1, -1, -1
383, 106, 1400.06, 573.94, 37.21, 68.66, -1, -1, -1
383, 1, 671.47, 227.42, 26.31, 31.34, -1, -1, -1
383, 124, 1071.00, 961.07, 45.90, 46.93, -1, -1, -1
383, 119, 1149.05, 669.08, 148.43, 124.52, -1, -1, -1
384, 215, 651.00, 117.00, 27.00, 27.00, -1, -1, -1
384, 214, 460.00, 137.00, 21.00, 24.00, -1, -1, -1
384, 213, 648.00, 860.00, 17.00, 25.00, -1, -1, -1
384, 212, 160.00, 328.00, 32.00, 30.00, -1, -1, -1
384, 133, 1346.00, 994.00, 34.00, 21.00, -1, -1, -1
384, 111, 1200.00, 865.00, 40.00, 29.00, -1, -1, -1
384, 124, 1066.00, 957.00, 53.00, 48.00, -1, -1, -1
384, 92, 1120.00, 493.00, 34.00, 32.00, -1, -1, -1
384, 1, 671.47, 227.42, 26.31, 31.34, -1, -1, -1
384, 2, 1139.01, 147.75, 25.53, 68.30, -1, -1, -1
384, 5, 841.73, 583.82, 68.58, 60.04, -1, -1, -1
384, 60, 1690.25, 522.39, 86.76, 37.18, -1, -1, -1
384, 7, 1080.87, 227.02, 23.78, 42.25, -1, -1, -1
384, 72, 504.00, 274.00, 34.00, 80.00, -1, -1, -1
384, 88, 1389.86, 214.85, 72.61, 73.60, -1, -1, -1
384, 57, 881.33, 50.25, 47.59, 45.41, -1, -1, -1
384, 59, 775.95, 73.88, 46.92, 32.87, -1, -1, -1
384, 65, 1360.06, 449.00, 36.94, 38.89, -1, -1, -1
384, 95, 1202.06, 488.21, 35.00, 43.10, -1, -1, -1
384, 113, 774.92, 0.39, 24.46, 28.60, -1, -1, -1
384, 122, 1498.00, 952.00, 82.00, 67.00, -1, -1, -1
384, 99, 1049.47, 171.57, 39.96, 26.32, -1, -1, -1
384, 106, 1404.31, 569.58, 34.56, 65.92, -1, -1, -1
384, 119, 1153.00, 668.00, 151.74, 126.24, -1, -1, -1
384, 139, 1442.06, 811.95, 50.48, 23.70, -1, -1, -1
385, 215, 651.00, 117.00, 27.00, 27.00, -1, -1, -1
385, 214, 460.00, 137.00, 21.00, 24.00, -1, -1, -1
385, 213, 648.00, 860.00, 17.00, 25.00, -1, -1, -1
385, 212, 153.00, 323.00, 32.00, 30.00, -1, -1, -1
385, 133, 1346.00, 994.00, 34.00, 21.00, -1, -1, -1
385, 139, 1442.06, 811.95, 50.48, 23.70, -1, -1, -1
385, 92, 1121.00, 488.00, 34.00, 32.00, -1, -1, -1
385, 1, 671.47, 227.42, 26.31, 31.34, -1, -1, -1
385, 2, 1138.68, 147.71, 25.66, 68.29, -1, -1, -1
385, 5, 839.99, 582.94, 69.05, 60.49, -1, -1, -1
385, 60, 1689.52, 521.67, 86.18, 36.88, -1, -1, -1
385, 7, 1080.10, 226.56, 24.25, 42.58, -1, -1, -1
385, 72, 502.00, 267.00, 34.00, 80.00, -1, -1, -1
385, 88, 1387.56, 215.04, 72.22, 73.54, -1, -1, -1
385, 57, 879.70, 45.52, 46.21, 44.12, -1, -1, -1
385, 59, 775.72, 68.69, 47.29, 33.20, -1, -1, -1
385, 65, 1362.00, 442.00, 35.00, 39.00, -1, -1, -1
385, 95, 1202.06, 479.41, 36.69, 45.39, -1, -1, -1
385, 113, 774.18, 0.70, 23.82, 28.16, -1, -1, -1
385, 122, 1500.00, 942.00, 86.00, 64.00, -1, -1, -1
385, 99, 1051.06, 168.84, 37.10, 24.39, -1, -1, -1
385, 106, 1405.06, 565.10, 34.26, 66.28, -1, -1, -1
385, 119, 1150.00, 667.00, 148.95, 125.10, -1, -1, -1
385, 111, 1198.76, 864.76, 35.48, 25.50, -1, -1, -1
385, 124, 1066.45, 956.67, 52.81, 48.31, -1, -1, -1
386, 215, 651.00, 117.00, 27.00, 20.00, -1, -1, -1
386, 214, 458.00, 130.00, 21.00, 24.00, -1, -1, -1
386, 213, 648.00, 860.00, 17.00, 25.00, -1, -1, -1
386, 212, 153.00, 323.00, 32.00, 30.00, -1, -1, -1
386, 133, 1346.00, 994.00, 34.00, 21.00, -1, -1, -1
386, 139, 1442.06, 811.95, 50.48, 23.70, -1, -1, -1
386, 119, 1153.00, 666.00, 141.00, 125.00, -1, -1, -1
386, 111, 1198.76, 864.76, 35.48, 25.50, -1, -1, -1
386, 92, 1121.00, 488.00, 34.00, 32.00, -1, -1, -1
386, 1, 671.47, 227.42, 26.31, 31.34, -1, -1, -1
386, 2, 1138.94, 147.32, 25.90, 68.66, -1, -1, -1
386, 5, 837.92, 581.14, 70.18, 61.65, -1, -1, -1
386, 60, 1688.40, 520.21, 85.75, 36.77, -1, -1, -1
386, 7, 1079.63, 225.54, 24.79, 43.45, -1, -1, -1
386, 72, 503.00, 260.00, 34.00, 80.00, -1, -1, -1
386, 88, 1386.30, 214.63, 72.02, 74.02, -1, -1, -1
386, 57, 880.92, 40.37, 42.96, 40.93, -1, -1, -1
386, 59, 774.83, 63.89, 47.08, 33.20, -1, -1, -1
386, 65, 1363.09, 437.00, 35.91, 39.80, -1, -1, -1
386, 95, 1203.54, 473.08, 35.30, 43.86, -1, -1, -1
386, 113, 773.19, 0.43, 24.08, 28.49, -1, -1, -1
386, 122, 1503.00, 931.00, 84.00, 64.00, -1, -1, -1
386, 99, 1053.42, 166.60, 32.45, 21.34, -1, -1, -1
386, 106, 1405.79, 560.59, 34.17, 67.38, -1, -1, -1
386, 124, 1069.00, 960.00, 47.68, 50.00, -1, -1, -1
387, 215, 651.00, 111.00, 27.00, 20.00, -1, -1, -1
387, 214, 458.00, 130.00, 21.00, 24.00, -1, -1, -1
387, 213, 648.00, 860.00, 17.00, 25.00, -1, -1, -1
387, 212, 153.00, 323.00, 32.00, 30.00, -1, -1, -1
387, 133, 1346.00, 994.00, 34.00, 21.00, -1, -1, -1
387, 139, 1442.06, 811.95, 50.48, 23.70, -1, -1, -1
387, 111, 1198.76, 864.76, 35.48, 25.50, -1, -1, -1
387, 92, 1121.00, 488.00, 34.00, 32.00, -1, -1, -1
387, 1, 671.47, 227.42, 26.31, 31.34, -1, -1, -1
387, 2, 1138.93, 146.92, 26.21, 69.30, -1, -1, -1
387, 5, 836.02, 579.99, 70.98, 62.58, -1, -1, -1
387, 60, 1687.55, 517.97, 86.49, 37.23, -1, -1, -1
387, 7, 1078.77, 224.30, 25.37, 44.51, -1, -1, -1
387, 72, 500.00, 250.00, 34.00, 80.00, -1, -1, -1
387, 88, 1384.80, 213.98, 71.19, 73.70, -1, -1, -1
387, 57, 880.80, 35.35, 40.85, 39.04, -1, -1, -1
387, 59, 774.83, 59.35, 46.35, 32.77, -1, -1, -1
387, 65, 1364.29, 431.00, 32.71, 41.73, -1, -1, -1
387, 95, 1194.00, 466.78, 52.00, 44.22, -1, -1, -1
387, 113, 772.17, 0.47, 24.54, 29.14, -1, -1, -1
387, 122, 1508.00, 919.00, 86.00, 64.00, -1, -1, -1
387, 99, 1051.43, 161.26, 36.42, 23.91, -1, -1, -1
387, 106, 1409.04, 556.55, 32.05, 64.84, -1, -1, -1
387, 124, 1067.02, 950.40, 52.16, 47.15, -1, -1, -1
387, 119, 1156.00, 666.00, 143.57, 123.67, -1, -1, -1
388, 215, 651.00, 111.00, 27.00, 20.00, -1, -1, -1
388, 214, 457.00, 123.00, 21.00, 24.00, -1, -1, -1
388, 213, 648.00, 860.00, 17.00, 25.00, -1, -1, -1
388, 212, 153.00, 323.00, 32.00, 30.00, -1, -1, -1
388, 133, 1346.00, 994.00, 34.00, 21.00, -1, -1, -1
388, 139, 1442.06, 811.95, 50.48, 23.70, -1, -1, -1
388, 111, 1198.76, 864.76, 35.48, 25.50, -1, -1, -1
388, 92, 1121.00, 488.00, 34.00, 32.00, -1, -1, -1
388, 1, 671.47, 227.42, 26.31, 31.34, -1, -1, -1
388, 2, 1138.85, 146.47, 26.47, 69.85, -1, -1, -1
388, 5, 835.39, 580.56, 69.24, 60.96, -1, -1, -1
388, 60, 1687.69, 517.68, 83.94, 35.92, -1, -1, -1
388, 7, 1078.04, 223.85, 25.45, 44.91, -1, -1, -1
388, 72, 500.00, 244.00, 34.00, 78.00, -1, -1, -1
388, 88, 1383.60, 214.61, 70.32, 73.08, -1, -1, -1
388, 57, 880.00, 35.00, 40.00, 39.00, -1, -1, -1
388, 59, 775.69, 54.54, 46.38, 32.66, -1, -1, -1
388, 65, 1364.97, 426.00, 37.03, 42.18, -1, -1, -1
388, 95, 1199.00, 467.00, 52.00, 41.00, -1, -1, -1
388, 113, 770.77, 0.20, 24.85, 29.62, -1, -1, -1
388, 122, 1515.00, 907.00, 88.00, 70.00, -1, -1, -1
388, 99, 1051.47, 158.60, 36.34, 23.87, -1, -1, -1
388, 106, 1410.00, 551.45, 32.09, 72.55, -1, -1, -1
388, 124, 1072.70, 947.18, 47.77, 43.07, -1, -1, -1
388, 119, 1154.00, 666.00, 146.25, 121.61, -1, -1, -1
389, 215, 650.00, 104.00, 27.00, 20.00, -1, -1, -1
389, 214, 457.00, 123.00, 21.00, 24.00, -1, -1, -1
389, 213, 648.00, 855.00, 17.00, 25.00, -1, -1, -1
389, 212, 153.00, 323.00, 32.00, 30.00, -1, -1, -1
389, 133, 1346.00, 994.00, 34.00, 21.00, -1, -1, -1
389, 139, 1442.06, 811.95, 50.48, 23.70, -1, -1, -1
389, 119, 1152.00, 662.00, 150.00, 130.00, -1, -1, -1
389, 111, 1198.76, 864.76, 35.48, 25.50, -1, -1, -1
389, 92, 1121.00, 481.00, 34.00, 32.00, -1, -1, -1
389, 1, 675.00, 225.00, 27.00, 32.00, -1, -1, -1
389, 2, 1138.90, 146.73, 26.37, 69.38, -1, -1, -1
389, 5, 834.21, 580.82, 68.60, 60.32, -1, -1, -1
389, 60, 1685.14, 515.88, 86.24, 36.93, -1, -1, -1
389, 7, 1077.62, 223.45, 25.77, 45.55, -1, -1, -1
389, 72, 498.00, 236.00, 33.00, 78.00, -1, -1, -1
389, 88, 1381.38, 214.49, 69.71, 72.85, -1, -1, -1
389, 57, 881.66, 24.86, 38.67, 36.96, -1, -1, -1
389, 59, 774.75, 48.75, 46.94, 33.00, -1, -1, -1
389, 65, 1365.92, 421.00, 37.08, 41.21, -1, -1, -1
389, 113, 769.81, 0.36, 24.90, 30.00, -1, -1, -1
389, 122, 1519.00, 895.00, 85.00, 66.00, -1, -1, -1
389, 99, 1051.57, 155.01, 36.12, 23.73, -1, -1, -1
389, 106, 1405.62, 546.53, 37.65, 77.93, -1, -1, -1
389, 124, 1073.95, 944.06, 48.60, 43.95, -1, -1, -1
389, 95, 1197.00, 463.00, 60.00, 46.00, -1, -1, -1
39, 212, 482.00, 430.00, 32.00, 30.00, -1, -1, -1
39, 205, 667.00, 1042.00, 15.00, 16.00, -1, -1, -1
39, 203, 329.00, 382.00, 25.00, 25.00, -1, -1, -1
39, 202, 304.00, 409.00, 18.00, 18.00, -1, -1, -1
39, 200, 971.00, 240.00, 14.00, 23.00, -1, -1, -1
39, 10, 46.00, 511.00, 19.00, 34.00, -1, -1, -1
39, 1, 720.03, 611.32, 101.73, 63.04, -1, -1, -1
39, 2, 1010.12, 77.39, 37.97, 89.30, -1, -1, -1
39, 3, 1440.29, 0.77, 29.15, 34.94, -1, -1, -1
39, 4, -0.00, 147.27, 51.95, 62.46, -1, -1, -1
39, 5, 1235.05, 747.47, 61.64, 51.96, -1, -1, -1
39, 6, 816.00, 328.00, 66.68, 44.45, -1, -1, -1
39, 7, 1143.02, 326.20, 28.25, 46.11, -1, -1, -1
39, 8, 309.00, 765.00, 24.00, 29.00, -1, -1, -1
39, 9, 1033.50, 882.28, 39.10, 41.90, -1, -1, -1
39, 14, 719.28, 253.10, 39.70, 25.59, -1, -1, -1
39, 17, 969.00, 57.00, 35.00, 29.92, -1, -1, -1
390, 215, 650.00, 104.00, 27.00, 20.00, -1, -1, -1
390, 214, 454.00, 117.00, 21.00, 24.00, -1, -1, -1
390, 213, 648.00, 852.00, 17.00, 25.00, -1, -1, -1
390, 212, 153.00, 323.00, 32.00, 30.00, -1, -1, -1
390, 99, 1056.00, 153.00, 36.00, 24.00, -1, -1, -1
390, 133, 1346.00, 994.00, 34.00, 21.00, -1, -1, -1
390, 139, 1442.06, 811.95, 50.48, 23.70, -1, -1, -1
390, 119, 1152.00, 662.00, 150.00, 130.00, -1, -1, -1
390, 111, 1198.76, 864.76, 35.48, 25.50, -1, -1, -1
390, 92, 1121.00, 481.00, 34.00, 32.00, -1, -1, -1
390, 1, 675.00, 225.00, 27.00, 32.00, -1, -1, -1
390, 2, 1139.41, 146.27, 26.35, 69.13, -1, -1, -1
390, 5, 832.25, 579.94, 69.52, 61.09, -1, -1, -1
390, 60, 1683.76, 514.76, 86.06, 36.80, -1, -1, -1
390, 7, 1077.18, 223.31, 25.48, 45.29, -1, -1, -1
390, 72, 496.00, 226.00, 34.00, 80.00, -1, -1, -1
390, 88, 1380.16, 214.20, 69.43, 72.76, -1, -1, -1
390, 57, 880.97, 20.00, 39.03, 36.29, -1, -1, -1
390, 59, 774.09, 43.57, 47.79, 33.50, -1, -1, -1
390, 65, 1372.00, 414.00, 27.00, 39.00, -1, -1, -1
390, 113, 768.90, 0.12, 25.09, 30.37, -1, -1, -1
390, 122, 1525.00, 885.00, 81.00, 63.00, -1, -1, -1
390, 106, 1407.88, 542.30, 36.32, 75.71, -1, -1, -1
390, 124, 1074.00, 942.03, 50.17, 44.97, -1, -1, -1
390, 95, 1194.00, 455.00, 63.00, 52.00, -1, -1, -1
391, 215, 650.00, 97.00, 27.00, 20.00, -1, -1, -1
391, 214, 454.00, 117.00, 21.00, 24.00, -1, -1, -1
391, 213, 648.00, 852.00, 17.00, 25.00, -1, -1, -1
391, 212, 150.00, 320.00, 32.00, 30.00, -1, -1, -1
391, 133, 1346.00, 994.00, 34.00, 21.00, -1, -1, -1
391, 139, 1442.06, 811.95, 50.48, 23.70, -1, -1, -1
391, 119, 1152.00, 662.00, 150.00, 130.00, -1, -1, -1
391, 92, 1121.00, 481.00, 34.00, 32.00, -1, -1, -1
391, 2, 1139.31, 147.22, 25.91, 68.05, -1, -1, -1
391, 5, 831.53, 579.63, 68.93, 60.38, -1, -1, -1
391, 60, 1683.59, 513.15, 87.33, 37.25, -1, -1, -1
391, 7, 1077.07, 224.02, 24.29, 43.70, -1, -1, -1
391, 72, 495.00, 219.00, 34.00, 79.00, -1, -1, -1
391, 88, 1379.11, 214.59, 68.67, 72.23, -1, -1, -1
391, 57, 878.00, 16.00, 45.00, 39.00, -1, -1, -1
391, 59, 772.40, 37.13, 51.02, 35.66, -1, -1, -1
391, 65, 1372.00, 409.00, 30.00, 36.00, -1, -1, -1
391, 113, 768.07, 0.03, 25.20, 30.66, -1, -1, -1
391, 122, 1530.00, 871.00, 83.00, 65.00, -1, -1, -1
391, 106, 1408.97, 537.39, 39.25, 84.55, -1, -1, -1
391, 124, 1070.18, 938.75, 52.78, 48.00, -1, -1, -1
391, 95, 1198.00, 444.00, 61.00, 54.00, -1, -1, -1
391, 1, 672.30, 218.32, 27.97, 33.64, -1, -1, -1
391, 111, 1194.89, 861.79, 35.58, 25.49, -1, -1, -1
391, 99, 1051.75, 148.76, 39.26, 26.00, -1, -1, -1
392, 215, 650.00, 97.00, 27.00, 20.00, -1, -1, -1
392, 214, 451.00, 110.00, 21.00, 24.00, -1, -1, -1
392, 213, 648.00, 852.00, 17.00, 25.00, -1, -1, -1
392, 212, 140.00, 320.00, 32.00, 30.00, -1, -1, -1
392, 124, 1073.00, 936.00, 53.00, 48.00, -1, -1, -1
392, 99, 1054.00, 147.00, 36.00, 24.00, -1, -1, -1
392, 133, 1341.00, 992.00, 34.00, 21.00, -1, -1, -1
392, 139, 1443.00, 811.00, 51.00, 24.00, -1, -1, -1
392, 111, 1198.76, 864.76, 35.48, 25.50, -1, -1, -1
392, 92, 1123.00, 476.00, 34.00, 32.00, -1, -1, -1
392, 2, 1139.03, 146.71, 26.21, 68.64, -1, -1, -1
392, 5, 829.37, 578.54, 69.65, 61.11, -1, -1, -1
392, 60, 1682.80, 512.59, 85.38, 36.43, -1, -1, -1
392, 7, 1077.06, 224.06, 23.80, 43.33, -1, -1, -1
392, 72, 494.00, 210.00, 35.00, 79.00, -1, -1, -1
392, 88, 1377.17, 214.25, 68.65, 72.54, -1, -1, -1
392, 57, 884.00, 8.00, 44.00, 40.00, -1, -1, -1
392, 59, 772.78, 32.07, 49.24, 34.54, -1, -1, -1
392, 65, 1377.00, 405.00, 30.00, 41.00, -1, -1, -1
392, 113, 767.31, -0.00, 25.23, 30.85, -1, -1, -1
392, 122, 1536.00, 860.00, 84.00, 66.00, -1, -1, -1
392, 106, 1412.44, 532.75, 37.00, 82.18, -1, -1, -1
392, 95, 1195.00, 431.00, 64.00, 52.00, -1, -1, -1
392, 1, 673.33, 218.17, 27.03, 32.77, -1, -1, -1
392, 119, 1151.12, 654.86, 150.74, 129.26, -1, -1, -1
393, 215, 648.00, 88.00, 27.00, 20.00, -1, -1, -1
393, 214, 451.00, 110.00, 21.00, 24.00, -1, -1, -1
393, 222, 780.00, 1067.00, 27.00, 13.00, -1, -1, -1
393, 213, 648.00, 852.00, 17.00, 25.00, -1, -1, -1
393, 212, 140.00, 320.00, 32.00, 30.00, -1, -1, -1
393, 133, 1341.00, 992.00, 34.00, 21.00, -1, -1, -1
393, 139, 1443.00, 811.00, 51.00, 24.00, -1, -1, -1
393, 111, 1198.76, 864.76, 35.48, 25.50, -1, -1, -1
393, 92, 1123.00, 476.00, 34.00, 32.00, -1, -1, -1
393, 2, 1139.47, 146.82, 26.21, 68.43, -1, -1, -1
393, 5, 827.50, 577.66, 70.14, 61.38, -1, -1, -1
393, 60, 1682.55, 511.44, 84.61, 36.12, -1, -1, -1
393, 7, 1077.20, 224.34, 23.35, 42.95, -1, -1, -1
393, 72, 494.00, 202.00, 34.00, 79.00, -1, -1, -1
393, 88, 1375.60, 213.88, 68.49, 72.65, -1, -1, -1
393, 57, 881.14, 0.00, 41.96, 40.52, -1, -1, -1
393, 59, 773.48, 28.19, 46.45, 32.58, -1, -1, -1
393, 65, 1379.00, 400.00, 29.00, 38.00, -1, -1, -1
393, 113, 766.41, 0.00, 24.80, 30.43, -1, -1, -1
393, 122, 1538.00, 847.00, 83.00, 64.00, -1, -1, -1
393, 106, 1417.00, 528.00, 31.00, 82.00, -1, -1, -1
393, 95, 1198.00, 429.00, 61.45, 56.14, -1, -1, -1
393, 1, 674.24, 217.64, 26.60, 32.46, -1, -1, -1
393, 119, 1153.22, 653.41, 151.60, 130.06, -1, -1, -1
393, 124, 1071.93, 933.32, 52.60, 47.99, -1, -1, -1
393, 99, 1050.04, 137.39, 43.57, 29.73, -1, -1, -1
394, 215, 648.00, 88.00, 27.00, 20.00, -1, -1, -1
394, 214, 446.00, 100.00, 23.00, 27.00, -1, -1, -1
394, 222, 780.00, 1067.00, 27.00, 13.00, -1, -1, -1
394, 213, 648.00, 852.00, 17.00, 25.00, -1, -1, -1
394, 212, 140.00, 320.00, 32.00, 30.00, -1, -1, -1
394, 133, 1341.00, 992.00, 34.00, 21.00, -1, -1, -1
394, 139, 1436.00, 809.00, 51.00, 24.00, -1, -1, -1
394, 111, 1199.00, 859.00, 35.00, 25.00, -1, -1, -1
394, 92, 1123.00, 476.00, 34.00, 32.00, -1, -1, -1
394, 2, 1139.54, 145.75, 26.40, 69.22, -1, -1, -1
394, 5, 826.44, 577.59, 69.17, 60.49, -1, -1, -1
394, 60, 1681.00, 510.31, 83.31, 35.51, -1, -1, -1
394, 7, 1076.65, 224.08, 23.43, 43.30, -1, -1, -1
394, 72, 496.00, 195.00, 33.00, 78.00, -1, -1, -1
394, 88, 1373.44, 214.36, 67.74, 72.20, -1, -1, -1
394, 57, 884.52, -0.00, 34.32, 30.71, -1, -1, -1
394, 59, 773.58, 23.67, 45.77, 32.02, -1, -1, -1
394, 65, 1380.00, 393.00, 28.00, 41.00, -1, -1, -1
394, 113, 765.40, -0.00, 24.81, 30.54, -1, -1, -1
394, 122, 1544.00, 837.00, 81.00, 63.00, -1, -1, -1
394, 106, 1417.62, 523.21, 36.01, 83.83, -1, -1, -1
394, 95, 1197.00, 421.00, 64.00, 50.00, -1, -1, -1
394, 1, 674.50, 216.73, 26.58, 32.34, -1, -1, -1
394, 119, 1150.47, 649.94, 152.80, 131.82, -1, -1, -1
394, 124, 1076.07, 930.32, 54.24, 51.04, -1, -1, -1
394, 99, 1052.23, 136.47, 38.37, 25.94, -1, -1, -1
395, 215, 647.00, 80.00, 27.00, 20.00, -1, -1, -1
395, 214, 446.00, 100.00, 23.00, 27.00, -1, -1, -1
395, 222, 780.00, 1067.00, 27.00, 13.00, -1, -1, -1
395, 213, 645.00, 854.00, 17.00, 25.00, -1, -1, -1
395, 212, 140.00, 320.00, 32.00, 30.00, -1, -1, -1
395, 99, 1058.00, 137.00, 36.00, 24.00, -1, -1, -1
395, 133, 1341.00, 992.00, 34.00, 21.00, -1, -1, -1
395, 139, 1436.00, 809.00, 51.00, 24.00, -1, -1, -1
395, 119, 1150.82, 645.50, 152.53, 132.57, -1, -1, -1
395, 111, 1199.00, 859.00, 35.00, 25.00, -1, -1, -1
395, 92, 1123.00, 476.00, 34.00, 32.00, -1, -1, -1
395, 57, 884.52, -0.00, 34.32, 30.71, -1, -1, -1
395, 2, 1140.16, 146.16, 26.26, 68.59, -1, -1, -1
395, 5, 825.03, 577.34, 68.96, 60.15, -1, -1, -1
395, 60, 1678.76, 508.19, 86.22, 36.79, -1, -1, -1
395, 7, 1076.88, 225.35, 22.60, 41.70, -1, -1, -1
395, 72, 493.00, 187.00, 33.00, 75.00, -1, -1, -1
395, 88, 1371.72, 213.93, 67.44, 72.04, -1, -1, -1
395, 59, 775.23, 19.27, 43.31, 30.31, -1, -1, -1
395, 65, 1381.00, 390.00, 31.00, 40.00, -1, -1, -1
395, 113, 764.16, 0.00, 25.59, 31.97, -1, -1, -1
395, 122, 1551.00, 823.00, 80.00, 64.00, -1, -1, -1
395, 106, 1421.06, 520.20, 30.85, 72.99, -1, -1, -1
395, 95, 1197.00, 408.00, 71.00, 62.00, -1, -1, -1
395, 1, 675.16, 216.18, 25.91, 31.55, -1, -1, -1
395, 124, 1082.11, 927.32, 47.59, 45.31, -1, -1, -1
396, 215, 647.00, 80.00, 27.00, 20.00, -1, -1, -1
396, 214, 448.00, 94.00, 23.00, 27.00, -1, -1, -1
396, 222, 772.00, 1067.00, 27.00, 13.00, -1, -1, -1
396, 213, 645.00, 854.00, 17.00, 25.00, -1, -1, -1
396, 212, 140.00, 320.00, 32.00, 30.00, -1, -1, -1
396, 99, 1058.00, 137.00, 36.00, 24.00, -1, -1, -1
396, 133, 1341.00, 992.00, 34.00, 21.00, -1, -1, -1
396, 139, 1436.00, 809.00, 51.00, 24.00, -1, -1, -1
396, 111, 1199.00, 859.00, 35.00, 25.00, -1, -1, -1
396, 92, 1123.00, 470.00, 34.00, 32.00, -1, -1, -1
396, 2, 1140.41, 146.69, 26.17, 68.10, -1, -1, -1
396, 5, 823.51, 576.77, 68.98, 60.03, -1, -1, -1
396, 60, 1676.86, 506.46, 87.53, 37.26, -1, -1, -1
396, 7, 1077.58, 226.10, 22.10, 40.33, -1, -1, -1
396, 72, 493.97, 175.94, 32.69, 74.65, -1, -1, -1
396, 88, 1370.14, 213.27, 67.36, 72.47, -1, -1, -1
396, 59, 776.11, 14.20, 42.94, 30.13, -1, -1, -1
396, 113, 764.33, 0.00, 24.42, 30.83, -1, -1, -1
396, 122, 1555.00, 811.00, 82.00, 64.00, -1, -1, -1
396, 106, 1423.13, 514.96, 30.29, 72.43, -1, -1, -1
396, 95, 1201.00, 401.00, 70.00, 55.00, -1, -1, -1
396, 1, 675.90, 215.76, 25.15, 30.50, -1, -1, -1
396, 124, 1082.85, 924.27, 46.12, 43.98, -1, -1, -1
396, 65, 1381.00, 381.00, 29.00, 37.00, -1, -1, -1
396, 119, 1150.82, 645.50, 152.53, 132.57, -1, -1, -1
397, 215, 645.00, 74.00, 27.00, 20.00, -1, -1, -1
397, 214, 448.00, 94.00, 23.00, 27.00, -1, -1, -1
397, 222, 773.00, 1067.00, 27.00, 13.00, -1, -1, -1
397, 213, 645.00, 854.00, 17.00, 25.00, -1, -1, -1
397, 212, 140.00, 320.00, 32.00, 30.00, -1, -1, -1
397, 99, 1057.00, 129.00, 36.00, 24.00, -1, -1, -1
397, 133, 1341.00, 992.00, 34.00, 21.00, -1, -1, -1
397, 139, 1436.00, 807.00, 51.00, 24.00, -1, -1, -1
397, 106, 1425.00, 511.00, 28.00, 65.00, -1, -1, -1
397, 92, 1123.00, 470.00, 34.00, 32.00, -1, -1, -1
397, 2, 1140.27, 146.08, 26.59, 68.73, -1, -1, -1
397, 5, 821.79, 576.08, 69.43, 60.48, -1, -1, -1
397, 60, 1675.63, 505.35, 87.14, 36.94, -1, -1, -1
397, 7, 1077.75, 224.48, 23.13, 41.86, -1, -1, -1
397, 72, 493.51, 168.57, 32.11, 72.47, -1, -1, -1
397, 88, 1368.78, 213.03, 67.02, 72.39, -1, -1, -1
397, 59, 776.22, 9.38, 41.19, 28.78, -1, -1, -1
397, 65, 1383.00, 378.00, 27.00, 38.00, -1, -1, -1
397, 113, 763.58, -0.00, 23.96, 30.41, -1, -1, -1
397, 122, 1559.00, 796.00, 83.00, 65.00, -1, -1, -1
397, 95, 1201.00, 393.00, 73.00, 58.00, -1, -1, -1
397, 1, 675.75, 214.38, 25.69, 31.12, -1, -1, -1
397, 124, 1083.10, 921.24, 45.58, 43.53, -1, -1, -1
397, 119, 1155.66, 647.20, 145.34, 126.80, -1, -1, -1
397, 111, 1188.86, 861.58, 33.19, 24.09, -1, -1, -1
398, 215, 645.00, 74.00, 27.00, 20.00, -1, -1, -1
398, 214, 447.00, 87.00, 23.00, 27.00, -1, -1, -1
398, 222, 772.00, 1067.00, 27.00, 13.00, -1, -1, -1
398, 213, 645.00, 854.00, 17.00, 25.00, -1, -1, -1
398, 212, 140.00, 320.00, 32.00, 30.00, -1, -1, -1
398, 124, 1083.00, 921.00, 45.00, 44.00, -1, -1, -1
398, 99, 1057.00, 129.00, 36.00, 24.00, -1, -1, -1
398, 133, 1341.00, 992.00, 34.00, 21.00, -1, -1, -1
398, 139, 1436.00, 807.00, 51.00, 24.00, -1, -1, -1
398, 92, 1123.00, 470.00, 34.00, 32.00, -1, -1, -1
398, 1, 676.00, 214.00, 27.00, 32.00, -1, -1, -1
398, 2, 1140.21, 146.29, 26.75, 68.66, -1, -1, -1
398, 5, 820.46, 575.84, 69.07, 60.16, -1, -1, -1
398, 60, 1673.61, 502.51, 90.18, 38.31, -1, -1, -1
398, 7, 1077.45, 223.78, 23.24, 41.92, -1, -1, -1
398, 72, 493.00, 168.00, 32.00, 69.00, -1, -1, -1
398, 88, 1367.59, 213.19, 66.41, 72.12, -1, -1, -1
398, 59, 775.67, 3.39, 41.74, 29.19, -1, -1, -1
398, 113, 762.85, 0.00, 23.75, 30.31, -1, -1, -1
398, 122, 1565.00, 787.00, 84.00, 61.00, -1, -1, -1
398, 95, 1204.00, 384.00, 68.00, 57.00, -1, -1, -1
398, 119, 1154.08, 645.84, 147.06, 126.82, -1, -1, -1
398, 111, 1187.83, 860.57, 34.39, 25.05, -1, -1, -1
398, 106, 1428.52, 505.70, 23.35, 55.04, -1, -1, -1
398, 65, 1384.00, 374.00, 26.00, 32.00, -1, -1, -1
399, 215, 646.00, 68.00, 27.00, 20.00, -1, -1, -1
399, 214, 447.00, 87.00, 23.00, 27.00, -1, -1, -1
399, 222, 772.00, 1067.00, 27.00, 13.00, -1, -1, -1
399, 213, 645.00, 854.00, 17.00, 25.00, -1, -1, -1
399, 212, 140.00, 315.00, 32.00, 30.00, -1, -1, -1
399, 99, 1058.00, 123.00, 36.00, 24.00, -1, -1, -1
399, 133, 1341.00, 992.00, 34.00, 21.00, -1, -1, -1
399, 139, 1436.00, 807.00, 51.00, 24.00, -1, -1, -1
399, 111, 1197.00, 861.00, 35.00, 25.00, -1, -1, -1
399, 92, 1123.00, 465.00, 34.00, 32.00, -1, -1, -1
399, 59, 783.00, 3.39, 34.41, 28.61, -1, -1, -1
399, 2, 1139.77, 145.13, 27.63, 70.36, -1, -1, -1
399, 5, 818.64, 575.28, 69.72, 60.53, -1, -1, -1
399, 60, 1674.89, 501.98, 87.29, 36.86, -1, -1, -1
399, 7, 1077.56, 224.51, 22.85, 40.95, -1, -1, -1
399, 72, 494.00, 159.00, 31.00, 67.00, -1, -1, -1
399, 88, 1366.51, 213.51, 65.61, 71.52, -1, -1, -1
399, 113, 761.03, 0.00, 23.86, 30.44, -1, -1, -1
399, 122, 1571.00, 767.00, 81.00, 68.00, -1, -1, -1
399, 95, 1201.00, 367.00, 77.00, 78.00, -1, -1, -1
399, 119, 1150.70, 642.41, 151.19, 130.60, -1, -1, -1
399, 106, 1428.25, 501.10, 24.18, 57.19, -1, -1, -1
399, 65, 1389.00, 367.00, 27.00, 41.00, -1, -1, -1
399, 1, 675.51, 211.29, 27.44, 33.16, -1, -1, -1
399, 124, 1083.22, 913.99, 46.49, 44.60, -1, -1, -1
4, 212, 514.00, 442.00, 32.00, 24.00, -1, -1, -1
4, 210, 1157.00, 119.00, 25.00, 24.00, -1, -1, -1
4, 206, 537.00, 33.00, 22.00, 28.00, -1, -1, -1
4, 203, 369.00, 466.00, 15.00, 24.00, -1, -1, -1
4, 202, 344.00, 521.00, 15.00, 14.00, -1, -1, -1
4, 200, 966.00, 248.00, 12.00, 20.00, -1, -1, -1
4, 17, 971.00, 182.00, 21.00, 23.00, -1, -1, -1
4, 14, 731.00, 367.00, 41.00, 29.00, -1, -1, -1
4, 1, 767.84, 677.10, 97.95, 62.64, -1, -1, -1
4, 2, 987.67, 76.83, 40.77, 91.64, -1, -1, -1
4, 3, 1442.16, 0.73, 48.38, 64.90, -1, -1, -1
4, 4, 53.87, 169.89, 57.97, 58.68, -1, -1, -1
4, 5, 1282.10, 759.14, 57.89, 50.80, -1, -1, -1
4, 6, 833.79, 485.88, 54.89, 39.35, -1, -1, -1
4, 7, 1153.72, 331.61, 32.52, 45.16, -1, -1, -1
4, 8, 300.31, 868.42, 38.39, 51.48, -1, -1, -1
4, 9, 1028.49, 970.66, 33.38, 37.94, -1, -1, -1
4, 10, 72.40, 525.16, 18.32, 32.30, -1, -1, -1
40, 212, 482.00, 430.00, 32.00, 30.00, -1, -1, -1
40, 205, 667.00, 1042.00, 15.00, 16.00, -1, -1, -1
40, 203, 329.00, 382.00, 25.00, 25.00, -1, -1, -1
40, 202, 300.00, 400.00, 18.00, 18.00, -1, -1, -1
40, 200, 971.00, 240.00, 14.00, 23.00, -1, -1, -1
40, 17, 966.55, 49.39, 39.41, 37.54, -1, -1, -1
40, 10, 46.00, 511.00, 19.00, 34.00, -1, -1, -1
40, 1, 719.14, 609.60, 101.77, 63.04, -1, -1, -1
40, 2, 1011.50, 77.37, 37.55, 89.43, -1, -1, -1
40, 3, 1440.43, 0.76, 28.84, 34.43, -1, -1, -1
40, 4, -0.00, 148.00, 49.00, 58.00, -1, -1, -1
40, 5, 1233.24, 745.59, 64.46, 54.33, -1, -1, -1
40, 6, 807.34, 317.64, 75.03, 46.35, -1, -1, -1
40, 7, 1142.85, 327.16, 27.50, 44.91, -1, -1, -1
40, 8, 314.00, 757.00, 25.00, 30.00, -1, -1, -1
40, 9, 1035.03, 881.20, 37.10, 39.96, -1, -1, -1
40, 14, 718.80, 249.23, 39.86, 25.63, -1, -1, -1
400, 215, 646.00, 68.00, 27.00, 20.00, -1, -1, -1
400, 214, 446.00, 80.00, 23.00, 27.00, -1, -1, -1
400, 222, 772.00, 1067.00, 27.00, 13.00, -1, -1, -1
400, 213, 645.00, 854.00, 17.00, 25.00, -1, -1, -1
400, 212, 140.00, 315.00, 32.00, 30.00, -1, -1, -1
400, 99, 1059.00, 118.00, 36.00, 24.00, -1, -1, -1
400, 133, 1341.00, 992.00, 34.00, 21.00, -1, -1, -1
400, 139, 1436.00, 807.00, 51.00, 24.00, -1, -1, -1
400, 111, 1197.00, 861.00, 35.00, 25.00, -1, -1, -1
400, 92, 1123.00, 465.00, 34.00, 32.00, -1, -1, -1
400, 59, 783.00, 3.39, 34.41, 28.61, -1, -1, -1
400, 1, 676.00, 211.00, 27.00, 32.00, -1, -1, -1
400, 2, 1139.96, 144.70, 28.22, 72.72, -1, -1, -1
400, 5, 816.79, 574.09, 70.42, 61.17, -1, -1, -1
400, 60, 1674.49, 501.35, 86.09, 36.29, -1, -1, -1
400, 7, 1076.82, 223.54, 23.26, 41.60, -1, -1, -1
400, 72, 494.00, 156.00, 34.00, 70.00, -1, -1, -1
400, 88, 1365.34, 213.51, 64.98, 71.05, -1, -1, -1
400, 113, 760.27, 0.57, 24.12, 30.39, -1, -1, -1
400, 122, 1576.00, 757.00, 85.00, 64.00, -1, -1, -1
400, 95, 1201.00, 348.00, 74.00, 85.00, -1, -1, -1
400, 119, 1150.76, 642.62, 150.07, 129.58, -1, -1, -1
400, 106, 1427.82, 496.33, 29.37, 69.98, -1, -1, -1
400, 65, 1389.00, 360.00, 28.00, 40.00, -1, -1, -1
400, 124, 1081.73, 911.66, 48.58, 46.94, -1, -1, -1
401, 215, 646.00, 60.00, 27.00, 19.00, -1, -1, -1
401, 214, 446.00, 80.00, 23.00, 27.00, -1, -1, -1
401, 222, 772.00, 1067.00, 27.00, 13.00, -1, -1, -1
401, 213, 644.00, 852.00, 17.00, 25.00, -1, -1, -1
401, 212, 140.00, 315.00, 32.00, 30.00, -1, -1, -1
401, 133, 1341.00, 992.00, 34.00, 21.00, -1, -1, -1
401, 139, 1435.00, 804.00, 51.00, 24.00, -1, -1, -1
401, 166, 1182.00, 883.00, 23.00, 89.00, -1, -1, -1
401, 111, 1197.00, 861.00, 35.00, 25.00, -1, -1, -1
401, 92, 1124.00, 460.00, 34.00, 32.00, -1, -1, -1
401, 59, 783.00, 0.00, 34.00, 25.00, -1, -1, -1
401, 1, 676.00, 211.00, 27.00, 32.00, -1, -1, -1
401, 2, 1140.44, 145.52, 27.62, 71.66, -1, -1, -1
401, 5, 815.09, 573.66, 70.81, 61.41, -1, -1, -1
401, 60, 1673.47, 500.18, 85.46, 36.07, -1, -1, -1
401, 7, 1076.29, 222.70, 23.94, 42.58, -1, -1, -1
401, 72, 490.00, 150.00, 39.00, 65.00, -1, -1, -1
401, 88, 1363.83, 213.39, 65.04, 71.37, -1, -1, -1
401, 113, 759.53, 0.71, 24.20, 30.30, -1, -1, -1
401, 122, 1582.56, 738.00, 81.44, 67.37, -1, -1, -1
401, 119, 1152.14, 640.79, 151.87, 130.17, -1, -1, -1
401, 106, 1430.04, 491.98, 28.38, 67.78, -1, -1, -1
401, 65, 1387.00, 356.00, 32.00, 40.00, -1, -1, -1
401, 124, 1081.77, 908.91, 49.13, 47.78, -1, -1, -1
401, 99, 1052.34, 110.20, 43.24, 29.42, -1, -1, -1
401, 95, 1204.00, 338.00, 80.00, 93.00, -1, -1, -1
402, 213, 644.00, 852.00, 17.00, 25.00, -1, -1, -1
402, 215, 646.00, 60.00, 27.00, 19.00, -1, -1, -1
402, 214, 444.00, 77.00, 25.00, 30.00, -1, -1, -1
402, 222, 772.00, 1067.00, 27.00, 13.00, -1, -1, -1
402, 212, 140.00, 315.00, 32.00, 30.00, -1, -1, -1
402, 133, 1341.00, 992.00, 34.00, 21.00, -1, -1, -1
402, 139, 1435.00, 804.00, 51.00, 24.00, -1, -1, -1
402, 166, 1182.00, 883.00, 23.00, 89.00, -1, -1, -1
402, 111, 1197.00, 861.00, 35.00, 25.00, -1, -1, -1
402, 106, 1427.00, 486.00, 28.00, 65.00, -1, -1, -1
402, 92, 1124.00, 460.00, 34.00, 32.00, -1, -1, -1
402, 59, 783.00, 0.00, 34.00, 25.00, -1, -1, -1
402, 1, 676.00, 211.00, 27.00, 32.00, -1, -1, -1
402, 2, 1140.92, 145.72, 26.79, 69.75, -1, -1, -1
402, 5, 813.49, 572.54, 71.02, 61.50, -1, -1, -1
402, 60, 1674.17, 499.79, 83.14, 35.00, -1, -1, -1
402, 7, 1075.76, 222.76, 23.89, 42.46, -1, -1, -1
402, 72, 489.07, 145.00, 37.93, 59.00, -1, -1, -1
402, 88, 1362.59, 213.10, 64.55, 71.01, -1, -1, -1
402, 113, 756.30, 0.38, 28.22, 35.76, -1, -1, -1
402, 122, 1587.98, 727.00, 81.02, 65.96, -1, -1, -1
402, 119, 1152.19, 639.65, 152.51, 130.40, -1, -1, -1
402, 65, 1388.00, 351.00, 30.00, 32.00, -1, -1, -1
402, 124, 1079.32, 906.00, 51.32, 50.04, -1, -1, -1
402, 99, 1052.49, 109.43, 39.26, 26.44, -1, -1, -1
402, 95, 1206.00, 331.00, 76.00, 89.00, -1, -1, -1
403, 213, 644.00, 852.00, 17.00, 25.00, -1, -1, -1
403, 215, 645.00, 53.00, 27.00, 19.00, -1, -1, -1
403, 214, 444.00, 77.00, 25.00, 30.00, -1, -1, -1
403, 222, 761.00, 1063.00, 31.00, 17.00, -1, -1, -1
403, 212, 140.00, 315.00, 32.00, 30.00, -1, -1, -1
403, 133, 1341.00, 992.00, 34.00, 21.00, -1, -1, -1
403, 139, 1435.00, 804.00, 51.00, 24.00, -1, -1, -1
403, 166, 1182.00, 883.00, 23.00, 89.00, -1, -1, -1
403, 111, 1197.00, 856.00, 35.00, 25.00, -1, -1, -1
403, 106, 1428.38, 477.34, 28.28, 65.07, -1, -1, -1
403, 92, 1124.00, 460.00, 34.00, 32.00, -1, -1, -1
403, 1, 676.00, 211.00, 27.00, 32.00, -1, -1, -1
403, 2, 1141.07, 145.30, 26.51, 69.26, -1, -1, -1
403, 5, 811.93, 570.65, 72.13, 62.52, -1, -1, -1
403, 60, 1673.41, 498.19, 82.38, 34.60, -1, -1, -1
403, 7, 1075.62, 222.67, 23.76, 42.16, -1, -1, -1
403, 72, 488.00, 138.00, 37.00, 58.00, -1, -1, -1
403, 88, 1358.86, 207.65, 69.05, 76.59, -1, -1, -1
403, 113, 756.17, 0.30, 26.64, 33.51, -1, -1, -1
403, 122, 1593.80, 710.00, 82.20, 68.35, -1, -1, -1
403, 119, 1153.87, 638.78, 153.35, 129.99, -1, -1, -1
403, 65, 1394.00, 344.00, 24.00, 37.00, -1, -1, -1
403, 124, 1081.33, 903.03, 50.09, 48.96, -1, -1, -1
403, 99, 1052.39, 106.49, 40.07, 26.82, -1, -1, -1
403, 95, 1203.00, 323.00, 82.00, 86.00, -1, -1, -1
404, 213, 644.00, 852.00, 17.00, 25.00, -1, -1, -1
404, 215, 645.00, 53.00, 27.00, 19.00, -1, -1, -1
404, 214, 444.00, 69.00, 25.00, 30.00, -1, -1, -1
404, 222, 761.00, 1063.00, 31.00, 17.00, -1, -1, -1
404, 212, 132.00, 318.00, 32.00, 30.00, -1, -1, -1
404, 133, 1334.00, 992.00, 41.00, 21.00, -1, -1, -1
404, 139, 1435.00, 804.00, 51.00, 24.00, -1, -1, -1
404, 166, 1182.00, 883.00, 23.00, 89.00, -1, -1, -1
404, 111, 1197.00, 856.00, 35.00, 25.00, -1, -1, -1
404, 92, 1125.00, 452.00, 36.00, 31.00, -1, -1, -1
404, 1, 676.00, 211.00, 27.00, 32.00, -1, -1, -1
404, 2, 1140.77, 144.78, 27.10, 70.07, -1, -1, -1
404, 5, 810.56, 570.45, 71.25, 61.91, -1, -1, -1
404, 60, 1671.08, 496.65, 84.28, 35.46, -1, -1, -1
404, 7, 1075.56, 222.39, 23.73, 42.05, -1, -1, -1
404, 72, 487.00, 127.00, 38.00, 58.00, -1, -1, -1
404, 88, 1358.23, 210.59, 66.37, 73.82, -1, -1, -1
404, 113, 756.21, 0.10, 25.94, 32.40, -1, -1, -1
404, 122, 1599.37, 696.00, 84.63, 67.88, -1, -1, -1
404, 95, 1207.00, 318.00, 78.00, 92.00, -1, -1, -1
404, 119, 1151.98, 637.01, 152.76, 128.84, -1, -1, -1
404, 65, 1394.00, 338.00, 27.87, 36.70, -1, -1, -1
404, 124, 1083.30, 899.05, 49.20, 48.50, -1, -1, -1
404, 99, 1054.24, 103.76, 38.54, 25.34, -1, -1, -1
404, 106, 1428.38, 477.34, 28.28, 65.07, -1, -1, -1
405, 213, 644.00, 852.00, 17.00, 25.00, -1, -1, -1
405, 215, 644.00, 45.00, 27.00, 19.00, -1, -1, -1
405, 214, 444.00, 69.00, 25.00, 30.00, -1, -1, -1
405, 222, 761.00, 1063.00, 31.00, 17.00, -1, -1, -1
405, 212, 132.00, 318.00, 32.00, 30.00, -1, -1, -1
405, 133, 1334.00, 992.00, 41.00, 21.00, -1, -1, -1
405, 139, 1435.00, 804.00, 51.00, 24.00, -1, -1, -1
405, 166, 1184.00, 879.00, 23.00, 89.00, -1, -1, -1
405, 92, 1125.00, 452.00, 36.00, 31.00, -1, -1, -1
405, 2, 1141.57, 144.71, 26.50, 69.14, -1, -1, -1
405, 5, 809.17, 570.41, 70.80, 61.68, -1, -1, -1
405, 60, 1670.28, 494.88, 84.90, 35.79, -1, -1, -1
405, 7, 1075.05, 222.55, 23.73, 42.01, -1, -1, -1
405, 72, 484.00, 125.00, 43.00, 52.00, -1, -1, -1
405, 88, 1357.34, 211.33, 64.78, 72.17, -1, -1, -1
405, 113, 755.46, 0.03, 25.29, 31.71, -1, -1, -1
405, 122, 1601.00, 680.00, 86.00, 73.00, -1, -1, -1
405, 119, 1155.22, 635.90, 152.55, 128.90, -1, -1, -1
405, 65, 1395.00, 333.00, 28.00, 37.00, -1, -1, -1
405, 124, 1079.56, 896.67, 55.85, 56.20, -1, -1, -1
405, 99, 1053.09, 100.38, 39.65, 25.91, -1, -1, -1
405, 106, 1427.91, 470.29, 30.33, 69.28, -1, -1, -1
405, 111, 1184.26, 853.76, 37.01, 26.89, -1, -1, -1
405, 1, 676.74, 205.14, 26.67, 32.33, -1, -1, -1
405, 95, 1208.00, 307.00, 82.00, 91.00, -1, -1, -1
406, 213, 643.00, 850.00, 17.00, 25.00, -1, -1, -1
406, 215, 644.00, 45.00, 27.00, 19.00, -1, -1, -1
406, 214, 444.00, 69.00, 25.00, 30.00, -1, -1, -1
406, 222, 761.00, 1063.00, 31.00, 17.00, -1, -1, -1
406, 212, 132.00, 318.00, 32.00, 30.00, -1, -1, -1
406, 133, 1334.00, 992.00, 41.00, 21.00, -1, -1, -1
406, 139, 1435.00, 804.00, 51.00, 24.00, -1, -1, -1
406, 166, 1184.00, 879.00, 23.00, 89.00, -1, -1, -1
406, 92, 1125.00, 452.00, 36.00, 31.00, -1, -1, -1
406, 1, 677.00, 205.00, 27.00, 32.00, -1, -1, -1
406, 2, 1141.78, 144.94, 26.43, 68.78, -1, -1, -1
406, 5, 807.67, 570.42, 69.72, 60.59, -1, -1, -1
406, 60, 1668.92, 493.51, 85.35, 35.91, -1, -1, -1
406, 7, 1074.92, 220.88, 24.61, 43.48, -1, -1, -1
406, 72, 481.00, 121.00, 42.00, 42.00, -1, -1, -1
406, 88, 1356.01, 211.62, 64.32, 71.80, -1, -1, -1
406, 113, 754.16, 0.21, 25.15, 31.25, -1, -1, -1
406, 122, 1608.00, 668.00, 88.00, 68.00, -1, -1, -1
406, 119, 1152.67, 631.56, 155.02, 129.43, -1, -1, -1
406, 65, 1398.00, 327.00, 27.00, 40.00, -1, -1, -1
406, 124, 1081.94, 893.42, 53.58, 54.34, -1, -1, -1
406, 99, 1053.96, 96.00, 41.43, 27.11, -1, -1, -1
406, 106, 1427.27, 459.35, 33.97, 77.96, -1, -1, -1
406, 111, 1184.25, 854.37, 34.94, 25.00, -1, -1, -1
406, 95, 1208.00, 298.00, 84.00, 92.00, -1, -1, -1
407, 213, 642.00, 850.00, 17.00, 25.00, -1, -1, -1
407, 215, 642.00, 36.00, 27.00, 19.00, -1, -1, -1
407, 214, 439.00, 58.00, 25.00, 30.00, -1, -1, -1
407, 222, 761.00, 1063.00, 31.00, 17.00, -1, -1, -1
407, 212, 132.00, 318.00, 32.00, 30.00, -1, -1, -1
407, 133, 1334.00, 992.00, 41.00, 21.00, -1, -1, -1
407, 139, 1435.00, 804.00, 51.00, 24.00, -1, -1, -1
407, 166, 1184.00, 879.00, 23.00, 89.00, -1, -1, -1
407, 106, 1426.00, 456.00, 34.00, 77.00, -1, -1, -1
407, 92, 1125.00, 452.00, 36.00, 31.00, -1, -1, -1
407, 2, 1142.01, 145.28, 26.09, 68.03, -1, -1, -1
407, 5, 806.70, 569.95, 69.24, 60.18, -1, -1, -1
407, 60, 1668.40, 492.06, 85.61, 35.96, -1, -1, -1
407, 7, 1073.48, 218.31, 25.77, 45.99, -1, -1, -1
407, 72, 482.00, 113.00, 42.00, 43.00, -1, -1, -1
407, 88, 1354.62, 211.73, 64.08, 71.66, -1, -1, -1
407, 113, 753.24, 0.49, 25.06, 31.07, -1, -1, -1
407, 122, 1613.26, 653.00, 89.74, 68.18, -1, -1, -1
407, 119, 1152.02, 628.49, 157.27, 130.12, -1, -1, -1
407, 65, 1398.00, 320.00, 28.00, 38.00, -1, -1, -1
407, 124, 1085.25, 888.85, 50.91, 52.47, -1, -1, -1
407, 99, 1057.54, 92.50, 37.52, 24.63, -1, -1, -1
407, 111, 1183.80, 854.10, 36.16, 25.32, -1, -1, -1
407, 95, 1209.00, 284.00, 82.00, 98.00, -1, -1, -1
407, 1, 677.43, 203.23, 26.55, 32.25, -1, -1, -1
408, 213, 642.00, 850.00, 17.00, 25.00, -1, -1, -1
408, 215, 642.00, 36.00, 27.00, 19.00, -1, -1, -1
408, 214, 439.00, 58.00, 25.00, 30.00, -1, -1, -1
408, 222, 756.00, 1063.00, 31.00, 17.00, -1, -1, -1
408, 212, 123.00, 315.00, 32.00, 30.00, -1, -1, -1
408, 133, 1334.00, 992.00, 41.00, 21.00, -1, -1, -1
408, 139, 1435.00, 804.00, 51.00, 24.00, -1, -1, -1
408, 166, 1184.00, 879.00, 23.00, 89.00, -1, -1, -1
408, 92, 1125.00, 447.00, 36.00, 31.00, -1, -1, -1
408, 1, 677.00, 205.00, 27.00, 32.00, -1, -1, -1
408, 2, 1142.20, 145.66, 25.75, 67.63, -1, -1, -1
408, 5, 805.08, 568.80, 69.70, 60.52, -1, -1, -1
408, 60, 1667.36, 490.57, 85.50, 35.98, -1, -1, -1
408, 7, 1073.47, 218.78, 25.15, 45.01, -1, -1, -1
408, 72, 479.00, 104.00, 44.00, 44.00, -1, -1, -1
408, 88, 1352.77, 211.78, 63.80, 71.61, -1, -1, -1
408, 113, 752.33, 0.46, 25.22, 31.24, -1, -1, -1
408, 122, 1619.82, 637.00, 86.18, 69.58, -1, -1, -1
408, 119, 1146.58, 627.89, 153.65, 126.43, -1, -1, -1
408, 65, 1401.00, 314.00, 27.00, 41.00, -1, -1, -1
408, 124, 1087.39, 887.22, 48.10, 49.73, -1, -1, -1
408, 99, 1056.40, 88.37, 39.01, 25.68, -1, -1, -1
408, 111, 1182.44, 853.02, 38.01, 26.43, -1, -1, -1
408, 95, 1206.00, 274.00, 88.00, 99.00, -1, -1, -1
408, 106, 1429.00, 460.00, 34.00, 65.00, -1, -1, -1
409, 213, 640.00, 851.00, 17.00, 25.00, -1, -1, -1
409, 215, 641.00, 30.00, 27.00, 19.00, -1, -1, -1
409, 214, 435.00, 48.00, 25.00, 30.00, -1, -1, -1
409, 222, 756.00, 1063.00, 31.00, 17.00, -1, -1, -1
409, 212, 123.00, 315.00, 32.00, 30.00, -1, -1, -1
409, 133, 1334.00, 992.00, 41.00, 21.00, -1, -1, -1
409, 139, 1435.00, 801.00, 51.00, 24.00, -1, -1, -1
409, 166, 1185.00, 874.00, 23.00, 89.00, -1, -1, -1
409, 111, 1182.44, 853.02, 38.01, 26.43, -1, -1, -1
409, 92, 1125.00, 447.00, 36.00, 31.00, -1, -1, -1
409, 72, 480.00, 99.00, 42.00, 42.00, -1, -1, -1
409, 2, 1142.39, 146.05, 25.37, 66.98, -1, -1, -1
409, 5, 803.28, 567.89, 70.39, 61.15, -1, -1, -1
409, 60, 1667.04, 489.07, 85.37, 35.99, -1, -1, -1
409, 7, 1073.51, 218.51, 24.85, 44.60, -1, -1, -1
409, 88, 1351.56, 211.81, 62.85, 70.85, -1, -1, -1
409, 113, 751.74, 0.68, 24.85, 30.87, -1, -1, -1
409, 122, 1628.79, 621.00, 87.21, 67.73, -1, -1, -1
409, 119, 1144.00, 627.00, 155.00, 123.00, -1, -1, -1
409, 65, 1402.00, 307.00, 29.00, 40.00, -1, -1, -1
409, 124, 1086.97, 884.25, 49.44, 51.68, -1, -1, -1
409, 99, 1053.48, 85.16, 42.60, 27.77, -1, -1, -1
409, 95, 1208.00, 263.00, 88.00, 102.00, -1, -1, -1
409, 106, 1433.97, 444.54, 29.32, 67.43, -1, -1, -1
409, 1, 677.93, 201.34, 27.00, 32.84, -1, -1, -1
41, 212, 482.00, 430.00, 32.00, 30.00, -1, -1, -1
41, 205, 667.00, 1042.00, 15.00, 16.00, -1, -1, -1
41, 203, 326.00, 375.00, 25.00, 25.00, -1, -1, -1
41, 202, 300.00, 400.00, 18.00, 18.00, -1, -1, -1
41, 200, 971.00, 240.00, 14.00, 23.00, -1, -1, -1
41, 17, 966.55, 49.39, 39.41, 37.54, -1, -1, -1
41, 8, 315.00, 754.00, 25.00, 30.00, -1, -1, -1
41, 1, 717.36, 607.80, 101.80, 63.04, -1, -1, -1
41, 2, 1012.45, 77.50, 37.46, 89.59, -1, -1, -1
41, 3, 1439.91, 0.60, 27.85, 33.34, -1, -1, -1
41, 4, 0.00, 149.00, 48.00, 56.00, -1, -1, -1
41, 5, 1232.03, 744.40, 65.68, 55.22, -1, -1, -1
41, 6, 810.48, 311.33, 78.11, 47.54, -1, -1, -1
41, 7, 1142.67, 327.03, 27.47, 44.94, -1, -1, -1
41, 9, 1033.29, 877.90, 41.98, 45.32, -1, -1, -1
41, 14, 717.97, 245.66, 39.80, 25.63, -1, -1, -1
41, 10, 43.44, 508.73, 17.89, 31.73, -1, -1, -1
410, 213, 641.00, 851.00, 17.00, 25.00, -1, -1, -1
410, 215, 644.00, 23.00, 23.00, 23.00, -1, -1, -1
410, 214, 435.00, 48.00, 25.00, 30.00, -1, -1, -1
410, 222, 756.00, 1063.00, 31.00, 17.00, -1, -1, -1
410, 212, 123.00, 315.00, 32.00, 30.00, -1, -1, -1
410, 133, 1334.00, 992.00, 41.00, 21.00, -1, -1, -1
410, 139, 1435.00, 801.00, 51.00, 24.00, -1, -1, -1
410, 166, 1185.00, 874.00, 23.00, 89.00, -1, -1, -1
410, 111, 1182.44, 853.02, 38.01, 26.43, -1, -1, -1
410, 92, 1125.00, 440.00, 36.00, 31.00, -1, -1, -1
410, 72, 476.00, 88.00, 46.00, 41.00, -1, -1, -1
410, 2, 1142.61, 144.20, 25.91, 68.62, -1, -1, -1
410, 5, 801.18, 566.09, 71.61, 62.38, -1, -1, -1
410, 60, 1665.51, 488.06, 84.24, 35.50, -1, -1, -1
410, 7, 1073.24, 218.55, 24.31, 43.94, -1, -1, -1
410, 88, 1350.44, 211.57, 61.97, 70.07, -1, -1, -1
410, 113, 750.81, 0.37, 25.20, 31.29, -1, -1, -1
410, 122, 1637.00, 609.00, 86.00, 65.00, -1, -1, -1
410, 119, 1145.52, 628.69, 151.63, 122.51, -1, -1, -1
410, 65, 1403.00, 301.00, 26.00, 36.00, -1, -1, -1
410, 124, 1089.29, 881.74, 46.92, 49.45, -1, -1, -1
410, 99, 1052.39, 81.34, 43.92, 28.82, -1, -1, -1
410, 95, 1208.00, 253.00, 93.00, 111.00, -1, -1, -1
410, 106, 1433.67, 444.41, 32.06, 74.20, -1, -1, -1
410, 1, 677.94, 200.40, 27.25, 33.22, -1, -1, -1
411, 215, 644.00, 23.00, 23.00, 23.00, -1, -1, -1
411, 214, 433.00, 40.00, 25.00, 30.00, -1, -1, -1
411, 222, 756.00, 1063.00, 31.00, 17.00, -1, -1, -1
411, 213, 640.00, 849.00, 17.00, 25.00, -1, -1, -1
411, 212, 123.00, 315.00, 32.00, 30.00, -1, -1, -1
411, 133, 1334.00, 992.00, 41.00, 21.00, -1, -1, -1
411, 139, 1430.00, 801.00, 51.00, 24.00, -1, -1, -1
411, 166, 1185.00, 874.00, 23.00, 89.00, -1, -1, -1
411, 111, 1182.44, 853.02, 38.01, 26.43, -1, -1, -1
411, 92, 1125.00, 440.00, 36.00, 31.00, -1, -1, -1
411, 72, 474.00, 81.00, 46.00, 41.00, -1, -1, -1
411, 2, 1142.34, 141.92, 26.81, 71.08, -1, -1, -1
411, 5, 800.47, 566.91, 70.05, 60.88, -1, -1, -1
411, 60, 1664.31, 486.49, 85.13, 35.81, -1, -1, -1
411, 7, 1073.01, 217.96, 24.40, 44.18, -1, -1, -1
411, 88, 1348.85, 211.24, 62.13, 70.53, -1, -1, -1
411, 113, 749.68, 0.56, 24.98, 31.14, -1, -1, -1
411, 122, 1642.28, 589.00, 84.72, 72.07, -1, -1, -1
411, 95, 1213.00, 249.00, 87.00, 101.00, -1, -1, -1
411, 119, 1145.00, 624.00, 158.00, 126.00, -1, -1, -1
411, 65, 1403.00, 296.00, 31.00, 42.00, -1, -1, -1
411, 124, 1088.81, 878.94, 47.63, 50.55, -1, -1, -1
411, 99, 1055.51, 78.85, 40.22, 26.30, -1, -1, -1
411, 106, 1435.51, 441.91, 30.07, 69.32, -1, -1, -1
411, 1, 677.04, 198.23, 28.65, 35.08, -1, -1, -1
412, 215, 644.00, 15.00, 23.00, 23.00, -1, -1, -1
412, 214, 433.00, 40.00, 25.00, 30.00, -1, -1, -1
412, 222, 756.00, 1063.00, 31.00, 17.00, -1, -1, -1
412, 213, 640.00, 849.00, 17.00, 25.00, -1, -1, -1
412, 212, 123.00, 315.00, 32.00, 30.00, -1, -1, -1
412, 133, 1334.00, 992.00, 41.00, 21.00, -1, -1, -1
412, 139, 1430.00, 801.00, 51.00, 24.00, -1, -1, -1
412, 166, 1185.00, 874.00, 23.00, 89.00, -1, -1, -1
412, 111, 1183.00, 849.00, 38.00, 26.00, -1, -1, -1
412, 92, 1125.00, 440.00, 36.00, 31.00, -1, -1, -1
412, 2, 1143.00, 142.52, 26.58, 70.30, -1, -1, -1
412, 5, 799.32, 566.27, 69.37, 60.29, -1, -1, -1
412, 60, 1662.70, 483.97, 87.85, 36.92, -1, -1, -1
412, 7, 1072.57, 218.25, 24.17, 43.77, -1, -1, -1
412, 88, 1346.82, 210.25, 63.18, 72.20, -1, -1, -1
412, 113, 749.10, 0.34, 24.79, 30.89, -1, -1, -1
412, 122, 1652.00, 574.00, 86.00, 66.00, -1, -1, -1
412, 119, 1142.00, 621.00, 159.00, 127.00, -1, -1, -1
412, 65, 1406.00, 290.00, 25.00, 37.00, -1, -1, -1
412, 124, 1086.55, 875.51, 49.08, 51.93, -1, -1, -1
412, 99, 1053.96, 76.61, 42.31, 28.43, -1, -1, -1
412, 106, 1435.80, 437.94, 32.08, 73.98, -1, -1, -1
412, 1, 676.90, 196.48, 29.25, 36.26, -1, -1, -1
412, 72, 472.00, 76.00, 51.00, 30.00, -1, -1, -1
412, 95, 1212.00, 242.00, 85.00, 95.00, -1, -1, -1
413, 215, 643.00, 11.00, 23.00, 23.00, -1, -1, -1
413, 214, 430.00, 33.00, 25.00, 30.00, -1, -1, -1
413, 222, 752.00, 1060.00, 35.00, 20.00, -1, -1, -1
413, 213, 640.00, 849.00, 17.00, 25.00, -1, -1, -1
413, 212, 123.00, 315.00, 32.00, 30.00, -1, -1, -1
413, 133, 1326.00, 991.00, 41.00, 21.00, -1, -1, -1
413, 139, 1430.00, 797.00, 51.00, 24.00, -1, -1, -1
413, 166, 1186.00, 869.00, 23.00, 89.00, -1, -1, -1
413, 111, 1184.00, 849.00, 37.00, 23.00, -1, -1, -1
413, 92, 1124.00, 436.00, 36.00, 31.00, -1, -1, -1
413, 2, 1143.00, 143.89, 26.02, 68.87, -1, -1, -1
413, 5, 797.70, 565.80, 69.60, 60.57, -1, -1, -1
413, 60, 1661.14, 482.82, 86.93, 36.35, -1, -1, -1
413, 7, 1072.24, 217.51, 24.43, 44.36, -1, -1, -1
413, 88, 1346.38, 210.74, 62.06, 71.11, -1, -1, -1
413, 113, 748.36, 0.50, 24.33, 30.33, -1, -1, -1
413, 122, 1659.40, 557.00, 84.60, 64.82, -1, -1, -1
413, 119, 1138.44, 623.46, 158.56, 121.54, -1, -1, -1
413, 124, 1088.14, 871.86, 48.62, 51.46, -1, -1, -1
413, 99, 1060.00, 75.00, 36.00, 20.00, -1, -1, -1
413, 106, 1436.48, 433.14, 32.59, 75.12, -1, -1, -1
413, 1, 677.69, 195.59, 28.74, 35.98, -1, -1, -1
413, 72, 470.00, 69.00, 49.00, 31.00, -1, -1, -1
413, 95, 1214.00, 233.00, 87.00, 104.00, -1, -1, -1
413, 65, 1405.00, 284.00, 27.00, 33.00, -1, -1, -1
414, 215, 641.00, 6.00, 23.00, 23.00, -1, -1, -1
414, 214, 430.00, 33.00, 25.00, 30.00, -1, -1, -1
414, 222, 752.00, 1060.00, 35.00, 20.00, -1, -1, -1
414, 213, 640.00, 849.00, 17.00, 25.00, -1, -1, -1
414, 212, 123.00, 315.00, 32.00, 30.00, -1, -1, -1
414, 99, 1060.00, 75.00, 36.00, 20.00, -1, -1, -1
414, 133, 1326.00, 991.00, 41.00, 21.00, -1, -1, -1
414, 139, 1430.00, 797.00, 51.00, 24.00, -1, -1, -1
414, 166, 1186.00, 869.00, 23.00, 89.00, -1, -1, -1
414, 111, 1183.00, 849.00, 38.00, 23.00, -1, -1, -1
414, 92, 1124.00, 436.00, 36.00, 31.00, -1, -1, -1
414, 2, 1143.03, 144.55, 25.71, 68.08, -1, -1, -1
414, 5, 796.18, 565.15, 69.65, 60.67, -1, -1, -1
414, 60, 1661.47, 483.00, 83.53, 34.58, -1, -1, -1
414, 7, 1071.44, 218.35, 23.92, 43.34, -1, -1, -1
414, 88, 1344.94, 210.57, 61.35, 70.43, -1, -1, -1
414, 113, 747.63, 0.42, 24.65, 30.75, -1, -1, -1
414, 122, 1667.76, 540.00, 83.24, 64.32, -1, -1, -1
414, 119, 1140.27, 621.37, 164.73, 124.63, -1, -1, -1
414, 124, 1091.42, 868.61, 47.04, 50.28, -1, -1, -1
414, 106, 1437.64, 428.50, 31.89, 73.11, -1, -1, -1
414, 1, 678.03, 195.29, 27.98, 35.12, -1, -1, -1
414, 72, 469.00, 58.00, 51.00, 31.00, -1, -1, -1
414, 95, 1214.00, 222.00, 87.00, 102.00, -1, -1, -1
414, 65, 1405.00, 277.00, 33.00, 41.00, -1, -1, -1
415, 215, 641.00, 0.00, 23.00, 23.00, -1, -1, -1
415, 214, 429.00, 26.00, 25.00, 30.00, -1, -1, -1
415, 222, 752.00, 1060.00, 35.00, 20.00, -1, -1, -1
415, 213, 640.00, 849.00, 17.00, 25.00, -1, -1, -1
415, 212, 119.00, 310.00, 32.00, 30.00, -1, -1, -1
415, 133, 1326.00, 991.00, 41.00, 21.00, -1, -1, -1
415, 139, 1430.00, 797.00, 51.00, 24.00, -1, -1, -1
415, 166, 1186.00, 869.00, 23.00, 89.00, -1, -1, -1
415, 111, 1183.00, 853.00, 35.00, 20.00, -1, -1, -1
415, 92, 1124.00, 431.00, 36.00, 31.00, -1, -1, -1
415, 2, 1143.28, 145.79, 25.13, 66.79, -1, -1, -1
415, 5, 794.69, 564.43, 69.63, 60.72, -1, -1, -1
415, 60, 1660.03, 479.26, 87.92, 36.54, -1, -1, -1
415, 7, 1071.26, 218.95, 23.50, 42.45, -1, -1, -1
415, 88, 1343.21, 209.89, 61.59, 70.93, -1, -1, -1
415, 113, 746.75, 0.61, 24.55, 30.68, -1, -1, -1
415, 122, 1673.32, 522.00, 88.68, 65.38, -1, -1, -1
415, 95, 1216.00, 217.00, 84.00, 99.00, -1, -1, -1
415, 119, 1133.90, 614.45, 165.57, 128.62, -1, -1, -1
415, 124, 1085.08, 865.51, 51.60, 54.80, -1, -1, -1
415, 106, 1439.08, 422.93, 31.53, 71.83, -1, -1, -1
415, 1, 678.25, 194.74, 27.48, 34.53, -1, -1, -1
415, 72, 467.00, 51.00, 51.00, 29.00, -1, -1, -1
415, 65, 1408.00, 270.00, 32.00, 41.00, -1, -1, -1
415, 99, 1059.00, 70.00, 36.81, 20.36, -1, -1, -1
416, 215, 641.00, 0.00, 23.00, 23.00, -1, -1, -1
416, 214, 429.00, 26.00, 25.00, 30.00, -1, -1, -1
416, 222, 752.00, 1060.00, 35.00, 20.00, -1, -1, -1
416, 213, 640.00, 849.00, 17.00, 25.00, -1, -1, -1
416, 212, 119.00, 310.00, 32.00, 30.00, -1, -1, -1
416, 133, 1326.00, 991.00, 41.00, 21.00, -1, -1, -1
416, 139, 1430.00, 797.00, 51.00, 24.00, -1, -1, -1
416, 166, 1186.00, 869.00, 23.00, 89.00, -1, -1, -1
416, 92, 1124.00, 431.00, 36.00, 31.00, -1, -1, -1
416, 2, 1143.20, 142.38, 26.24, 69.69, -1, -1, -1
416, 5, 792.89, 563.44, 70.22, 61.23, -1, -1, -1
416, 60, 1660.82, 479.96, 84.18, 36.04, -1, -1, -1
416, 7, 1071.25, 219.30, 23.27, 41.86, -1, -1, -1
416, 88, 1341.68, 209.52, 61.57, 71.12, -1, -1, -1
416, 113, 746.52, 0.32, 24.39, 30.53, -1, -1, -1
416, 122, 1679.92, 507.00, 90.08, 64.67, -1, -1, -1
416, 95, 1216.00, 216.00, 92.00, 93.00, -1, -1, -1
416, 119, 1138.00, 611.00, 164.00, 129.00, -1, -1, -1
416, 124, 1087.44, 862.48, 49.68, 52.60, -1, -1, -1
416, 106, 1439.25, 417.53, 32.05, 72.86, -1, -1, -1
416, 1, 678.62, 193.82, 27.20, 34.30, -1, -1, -1
416, 72, 467.00, 37.00, 49.00, 36.00, -1, -1, -1
416, 65, 1409.00, 265.00, 33.00, 45.00, -1, -1, -1
416, 99, 1059.80, 60.44, 36.43, 24.78, -1, -1, -1
416, 111, 1179.04, 857.56, 27.96, 17.44, -1, -1, -1
417, 215, 644.00, -0.00, 20.00, 19.00, -1, -1, -1
417, 214, 427.00, 19.00, 25.00, 30.00, -1, -1, -1
417, 222, 752.00, 1060.00, 35.00, 20.00, -1, -1, -1
417, 213, 635.00, 846.00, 17.00, 25.00, -1, -1, -1
417, 212, 119.00, 310.00, 32.00, 30.00, -1, -1, -1
417, 133, 1326.00, 991.00, 41.00, 21.00, -1, -1, -1
417, 166, 1186.00, 862.00, 23.00, 89.00, -1, -1, -1
417, 111, 1174.00, 855.00, 32.00, 17.00, -1, -1, -1
417, 92, 1124.00, 431.00, 36.00, 31.00, -1, -1, -1
417, 60, 1660.82, 479.96, 81.81, 33.74, -1, -1, -1
417, 2, 1144.11, 145.78, 24.76, 65.73, -1, -1, -1
417, 5, 791.28, 562.84, 70.44, 61.42, -1, -1, -1
417, 7, 1070.98, 218.82, 23.73, 42.40, -1, -1, -1
417, 88, 1340.84, 208.52, 62.21, 72.19, -1, -1, -1
417, 113, 745.75, 0.61, 24.26, 30.28, -1, -1, -1
417, 122, 1677.61, 492.00, 92.39, 63.44, -1, -1, -1
417, 95, 1219.00, 202.00, 91.00, 105.00, -1, -1, -1
417, 119, 1142.00, 607.00, 168.00, 126.00, -1, -1, -1
417, 124, 1090.19, 859.47, 49.29, 52.65, -1, -1, -1
417, 106, 1439.56, 411.20, 33.69, 76.21, -1, -1, -1
417, 1, 679.32, 193.27, 26.95, 33.96, -1, -1, -1
417, 72, 466.00, 31.00, 48.00, 33.00, -1, -1, -1
417, 65, 1410.00, 257.00, 33.00, 46.00, -1, -1, -1
417, 99, 1061.12, 56.52, 36.76, 25.11, -1, -1, -1
417, 139, 1423.74, 793.20, 47.81, 26.40, -1, -1, -1
418, 215, 642.00, -0.00, 22.00, 14.00, -1, -1, -1
418, 214, 427.00, 19.00, 25.00, 30.00, -1, -1, -1
418, 222, 752.00, 1060.00, 35.00, 20.00, -1, -1, -1
418, 213, 635.00, 846.00, 17.00, 25.00, -1, -1, -1
418, 212, 119.00, 310.00, 32.00, 30.00, -1, -1, -1
418, 133, 1326.00, 991.00, 41.00, 21.00, -1, -1, -1
418, 166, 1186.00, 862.00, 23.00, 89.00, -1, -1, -1
418, 106, 1439.00, 405.00, 34.00, 77.00, -1, -1, -1
418, 92, 1127.00, 424.00, 36.00, 31.00, -1, -1, -1
418, 60, 1660.82, 479.96, 81.81, 33.74, -1, -1, -1
418, 2, 1144.24, 145.75, 24.62, 65.55, -1, -1, -1
418, 5, 789.98, 562.40, 70.03, 61.00, -1, -1, -1
418, 7, 1070.85, 218.39, 23.99, 42.60, -1, -1, -1
418, 88, 1340.54, 209.38, 60.55, 70.62, -1, -1, -1
418, 113, 745.11, 0.43, 24.49, 30.45, -1, -1, -1
418, 122, 1691.00, 473.00, 89.30, 64.07, -1, -1, -1
418, 95, 1218.00, 193.00, 92.00, 106.00, -1, -1, -1
418, 119, 1148.00, 608.00, 163.00, 124.00, -1, -1, -1
418, 124, 1091.89, 855.48, 48.76, 52.66, -1, -1, -1
418, 1, 679.41, 191.86, 27.20, 34.33, -1, -1, -1
418, 72, 463.00, 25.00, 48.00, 28.00, -1, -1, -1
418, 65, 1412.00, 251.00, 32.00, 42.00, -1, -1, -1
418, 99, 1061.92, 53.27, 36.18, 24.73, -1, -1, -1
418, 139, 1425.24, 793.42, 44.60, 24.61, -1, -1, -1
418, 111, 1174.65, 855.27, 28.33, 17.64, -1, -1, -1
419, 215, 642.00, 0.00, 18.00, 12.00, -1, -1, -1
419, 214, 424.00, 10.00, 25.00, 30.00, -1, -1, -1
419, 222, 752.00, 1060.00, 33.00, 16.00, -1, -1, -1
419, 213, 635.00, 846.00, 17.00, 25.00, -1, -1, -1
419, 212, 119.00, 310.00, 32.00, 30.00, -1, -1, -1
419, 133, 1326.00, 991.00, 41.00, 21.00, -1, -1, -1
419, 166, 1186.00, 862.00, 23.00, 89.00, -1, -1, -1
419, 111, 1173.00, 853.00, 33.00, 20.00, -1, -1, -1
419, 140, 540.00, 1060.00, 33.74, 19.70, -1, -1, -1
419, 92, 1127.00, 424.00, 36.00, 31.00, -1, -1, -1
419, 2, 1144.29, 145.62, 24.54, 65.50, -1, -1, -1
419, 5, 787.49, 561.01, 72.02, 62.82, -1, -1, -1
419, 7, 1070.66, 217.49, 24.39, 43.43, -1, -1, -1
419, 88, 1339.39, 209.23, 60.13, 70.51, -1, -1, -1
419, 113, 744.00, 0.49, 24.38, 30.36, -1, -1, -1
419, 122, 1702.00, 453.00, 93.45, 62.08, -1, -1, -1
419, 95, 1216.00, 176.00, 95.00, 96.00, -1, -1, -1
419, 119, 1146.78, 611.52, 173.43, 131.58, -1, -1, -1
419, 124, 1091.70, 852.11, 49.19, 53.64, -1, -1, -1
419, 1, 679.28, 190.62, 27.61, 34.96, -1, -1, -1
419, 72, 458.00, 16.00, 56.00, 31.00, -1, -1, -1
419, 65, 1413.00, 244.00, 31.00, 43.00, -1, -1, -1
419, 99, 1060.64, 48.17, 39.05, 26.82, -1, -1, -1
419, 139, 1424.57, 793.50, 43.47, 23.96, -1, -1, -1
419, 60, 1659.69, 477.00, 81.31, 31.94, -1, -1, -1
419, 106, 1441.30, 402.58, 33.54, 74.76, -1, -1, -1
42, 212, 482.00, 430.00, 32.00, 30.00, -1, -1, -1
42, 205, 668.00, 1038.00, 15.00, 16.00, -1, -1, -1
42, 203, 326.00, 375.00, 25.00, 25.00, -1, -1, -1
42, 202, 296.00, 392.00, 18.00, 18.00, -1, -1, -1
42, 200, 974.00, 238.00, 14.00, 23.00, -1, -1, -1
42, 17, 965.00, 41.00, 40.00, 38.00, -1, -1, -1
42, 10, 43.00, 508.00, 19.00, 34.00, -1, -1, -1
42, 1, 715.68, 605.95, 101.96, 63.04, -1, -1, -1
42, 2, 1012.96, 78.16, 37.08, 88.91, -1, -1, -1
42, 3, 1441.10, 0.75, 26.81, 31.85, -1, -1, -1
42, 4, 1.00, 148.00, 41.00, 56.00, -1, -1, -1
42, 5, 1230.52, 742.00, 68.34, 57.51, -1, -1, -1
42, 6, 811.00, 313.00, 69.00, 40.00, -1, -1, -1
42, 7, 1142.77, 327.48, 27.17, 44.46, -1, -1, -1
42, 9, 1032.85, 875.76, 45.27, 49.08, -1, -1, -1
42, 14, 716.73, 242.09, 42.14, 27.34, -1, -1, -1
42, 8, 316.11, 735.46, 31.37, 37.10, -1, -1, -1
420, 214, 424.00, 10.00, 25.00, 30.00, -1, -1, -1
420, 222, 752.00, 1060.00, 33.00, 16.00, -1, -1, -1
420, 213, 635.00, 846.00, 17.00, 25.00, -1, -1, -1
420, 212, 116.00, 308.00, 32.00, 30.00, -1, -1, -1
420, 133, 1317.00, 990.00, 41.00, 21.00, -1, -1, -1
420, 139, 1426.00, 795.00, 46.00, 24.00, -1, -1, -1
420, 166, 1187.00, 855.00, 23.00, 89.00, -1, -1, -1
420, 111, 1174.00, 856.00, 32.00, 20.00, -1, -1, -1
420, 140, 537.46, 1053.30, 36.27, 26.40, -1, -1, -1
420, 106, 1442.00, 398.00, 34.00, 77.00, -1, -1, -1
420, 92, 1127.00, 424.00, 36.00, 31.00, -1, -1, -1
420, 72, 458.00, 11.00, 56.00, 31.00, -1, -1, -1
420, 2, 1144.20, 144.69, 24.72, 66.24, -1, -1, -1
420, 5, 787.00, 561.74, 70.01, 61.05, -1, -1, -1
420, 7, 1070.05, 217.78, 24.65, 43.74, -1, -1, -1
420, 88, 1338.02, 208.81, 59.98, 70.72, -1, -1, -1
420, 113, 742.86, 0.35, 24.37, 30.30, -1, -1, -1
420, 122, 1707.00, 435.00, 100.00, 60.00, -1, -1, -1
420, 95, 1220.00, 167.00, 94.00, 111.00, -1, -1, -1
420, 119, 1145.82, 610.80, 172.23, 131.08, -1, -1, -1
420, 124, 1091.95, 848.97, 50.64, 55.96, -1, -1, -1
420, 1, 679.66, 190.06, 26.88, 33.97, -1, -1, -1
420, 65, 1416.00, 237.00, 27.00, 43.00, -1, -1, -1
420, 99, 1061.56, 45.33, 37.33, 25.68, -1, -1, -1
420, 60, 1657.75, 474.94, 81.27, 33.26, -1, -1, -1
421, 214, 423.00, 3.00, 25.00, 30.00, -1, -1, -1
421, 222, 752.00, 1060.00, 33.00, 16.00, -1, -1, -1
421, 213, 635.00, 846.00, 17.00, 25.00, -1, -1, -1
421, 212, 116.00, 308.00, 32.00, 30.00, -1, -1, -1
421, 133, 1317.00, 990.00, 41.00, 21.00, -1, -1, -1
421, 139, 1426.00, 795.00, 46.00, 24.00, -1, -1, -1
421, 166, 1187.00, 855.00, 23.00, 89.00, -1, -1, -1
421, 106, 1443.00, 392.00, 34.00, 77.00, -1, -1, -1
421, 92, 1127.00, 417.00, 36.00, 31.00, -1, -1, -1
421, 72, 456.00, 3.00, 56.00, 31.00, -1, -1, -1
421, 2, 1144.35, 145.21, 24.42, 65.53, -1, -1, -1
421, 5, 785.33, 560.56, 70.35, 61.35, -1, -1, -1
421, 7, 1069.81, 216.91, 24.79, 43.86, -1, -1, -1
421, 88, 1336.17, 209.03, 59.72, 70.55, -1, -1, -1
421, 113, 741.24, 0.43, 24.81, 30.89, -1, -1, -1
421, 122, 1716.66, 415.00, 91.33, 63.77, -1, -1, -1
421, 95, 1223.00, 159.00, 94.00, 104.00, -1, -1, -1
421, 119, 1145.59, 610.34, 171.48, 130.87, -1, -1, -1
421, 124, 1092.23, 845.93, 48.84, 53.92, -1, -1, -1
421, 1, 680.24, 190.03, 26.22, 33.08, -1, -1, -1
421, 65, 1418.00, 232.00, 28.00, 43.00, -1, -1, -1
421, 99, 1060.04, 40.80, 39.34, 27.06, -1, -1, -1
421, 60, 1656.20, 472.85, 83.26, 34.09, -1, -1, -1
421, 140, 537.46, 1053.30, 36.27, 26.40, -1, -1, -1
421, 111, 1171.33, 852.27, 30.11, 18.01, -1, -1, -1
422, 214, 423.00, 3.00, 25.00, 30.00, -1, -1, -1
422, 222, 749.00, 1057.00, 33.00, 16.00, -1, -1, -1
422, 213, 635.00, 846.00, 17.00, 25.00, -1, -1, -1
422, 212, 116.00, 308.00, 32.00, 30.00, -1, -1, -1
422, 133, 1317.00, 990.00, 41.00, 21.00, -1, -1, -1
422, 139, 1426.00, 795.00, 46.00, 24.00, -1, -1, -1
422, 166, 1188.00, 849.00, 23.00, 89.00, -1, -1, -1
422, 92, 1127.00, 417.00, 36.00, 31.00, -1, -1, -1
422, 72, 456.00, 0.00, 56.00, 32.00, -1, -1, -1
422, 2, 1143.81, 141.67, 25.49, 69.01, -1, -1, -1
422, 5, 783.84, 559.65, 70.33, 61.46, -1, -1, -1
422, 7, 1069.77, 216.46, 24.76, 43.65, -1, -1, -1
422, 88, 1334.96, 208.62, 59.77, 70.99, -1, -1, -1
422, 113, 740.35, 0.22, 24.62, 30.63, -1, -1, -1
422, 122, 1724.00, 394.00, 95.00, 67.00, -1, -1, -1
422, 95, 1227.00, 149.00, 94.00, 117.00, -1, -1, -1
422, 119, 1146.28, 606.02, 173.56, 133.24, -1, -1, -1
422, 124, 1089.17, 842.92, 52.42, 58.06, -1, -1, -1
422, 1, 679.68, 187.54, 27.49, 34.75, -1, -1, -1
422, 65, 1420.00, 224.00, 29.00, 39.00, -1, -1, -1
422, 99, 1061.07, 37.94, 37.88, 26.03, -1, -1, -1
422, 60, 1654.63, 470.63, 86.04, 35.39, -1, -1, -1
422, 140, 536.59, 1050.27, 39.93, 29.09, -1, -1, -1
422, 111, 1169.98, 851.90, 30.30, 18.00, -1, -1, -1
422, 106, 1445.18, 384.75, 34.14, 75.58, -1, -1, -1
423, 72, 456.00, 0.00, 53.00, 23.00, -1, -1, -1
423, 214, 420.00, 0.00, 25.00, 30.00, -1, -1, -1
423, 222, 749.00, 1057.00, 29.00, 14.00, -1, -1, -1
423, 213, 635.00, 846.00, 17.00, 25.00, -1, -1, -1
423, 212, 110.00, 308.00, 32.00, 30.00, -1, -1, -1
423, 133, 1317.00, 990.00, 41.00, 21.00, -1, -1, -1
423, 139, 1426.00, 795.00, 46.00, 24.00, -1, -1, -1
423, 166, 1188.00, 849.00, 23.00, 89.00, -1, -1, -1
423, 111, 1171.00, 853.00, 29.00, 19.00, -1, -1, -1
423, 106, 1447.32, 376.15, 34.70, 76.92, -1, -1, -1
423, 92, 1129.00, 412.00, 36.00, 31.00, -1, -1, -1
423, 2, 1143.78, 141.10, 25.53, 69.56, -1, -1, -1
423, 5, 782.38, 558.83, 70.25, 61.50, -1, -1, -1
423, 7, 1069.29, 217.05, 24.70, 43.07, -1, -1, -1
423, 88, 1333.83, 208.72, 59.27, 70.66, -1, -1, -1
423, 113, 739.49, 0.43, 24.17, 30.06, -1, -1, -1
423, 122, 1730.00, 375.00, 99.00, 70.00, -1, -1, -1
423, 95, 1226.00, 140.00, 96.00, 115.00, -1, -1, -1
423, 119, 1147.98, 606.89, 170.46, 131.67, -1, -1, -1
423, 124, 1089.88, 839.92, 51.99, 57.63, -1, -1, -1
423, 1, 679.69, 185.92, 28.02, 35.60, -1, -1, -1
423, 65, 1420.00, 217.00, 29.00, 41.00, -1, -1, -1
423, 99, 1062.19, 34.13, 37.83, 26.14, -1, -1, -1
423, 60, 1653.69, 469.34, 85.88, 35.40, -1, -1, -1
423, 140, 534.85, 1045.90, 45.74, 33.34, -1, -1, -1
424, 214, 420.00, 0.00, 25.00, 30.00, -1, -1, -1
424, 222, 749.00, 1057.00, 29.00, 14.00, -1, -1, -1
424, 213, 635.00, 846.00, 17.00, 25.00, -1, -1, -1
424, 212, 110.00, 308.00, 32.00, 30.00, -1, -1, -1
424, 133, 1317.00, 990.00, 41.00, 21.00, -1, -1, -1
424, 139, 1426.00, 795.00, 46.00, 24.00, -1, -1, -1
424, 166, 1188.00, 849.00, 23.00, 89.00, -1, -1, -1
424, 111, 1171.00, 852.00, 29.00, 19.00, -1, -1, -1
424, 122, 1736.00, 358.00, 99.00, 70.00, -1, -1, -1
424, 92, 1129.00, 412.00, 36.00, 31.00, -1, -1, -1
424, 2, 1145.05, 142.24, 24.95, 68.17, -1, -1, -1
424, 5, 780.43, 558.05, 70.14, 61.51, -1, -1, -1
424, 7, 1068.64, 218.00, 23.36, 41.51, -1, -1, -1
424, 88, 1332.66, 207.78, 59.67, 71.53, -1, -1, -1
424, 113, 736.37, 0.30, 28.17, 35.71, -1, -1, -1
424, 95, 1227.00, 126.00, 92.00, 111.00, -1, -1, -1
424, 119, 1144.03, 599.12, 176.43, 137.97, -1, -1, -1
424, 124, 1093.94, 835.94, 53.06, 60.37, -1, -1, -1
424, 1, 679.57, 184.36, 28.45, 36.17, -1, -1, -1
424, 65, 1419.00, 211.00, 34.00, 45.00, -1, -1, -1
424, 99, 1062.43, 30.00, 38.15, 26.55, -1, -1, -1
424, 60, 1651.75, 466.45, 89.04, 36.86, -1, -1, -1
424, 140, 534.09, 1042.83, 49.10, 35.87, -1, -1, -1
424, 106, 1447.32, 376.15, 34.70, 76.92, -1, -1, -1
425, 214, 420.00, 0.00, 28.00, 21.00, -1, -1, -1
425, 222, 749.00, 1057.00, 29.00, 14.00, -1, -1, -1
425, 213, 633.00, 845.00, 17.00, 25.00, -1, -1, -1
425, 212, 109.00, 307.00, 31.00, 28.00, -1, -1, -1
425, 133, 1317.00, 990.00, 41.00, 21.00, -1, -1, -1
425, 139, 1426.00, 795.00, 46.00, 24.00, -1, -1, -1
425, 166, 1188.00, 849.00, 23.00, 89.00, -1, -1, -1
425, 111, 1171.00, 852.00, 29.00, 17.00, -1, -1, -1
425, 92, 1129.00, 412.00, 36.00, 31.00, -1, -1, -1
425, 1, 680.00, 187.00, 30.00, 34.00, -1, -1, -1
425, 2, 1145.11, 143.08, 24.57, 67.25, -1, -1, -1
425, 5, 779.29, 557.78, 70.04, 61.52, -1, -1, -1
425, 7, 1068.96, 215.15, 25.27, 44.26, -1, -1, -1
425, 88, 1331.87, 207.18, 59.65, 71.86, -1, -1, -1
425, 113, 736.56, 0.31, 26.03, 32.95, -1, -1, -1
425, 95, 1228.00, 122.00, 93.00, 101.00, -1, -1, -1
425, 119, 1148.15, 601.62, 169.41, 133.02, -1, -1, -1
425, 124, 1101.20, 832.58, 46.81, 54.64, -1, -1, -1
425, 65, 1425.00, 205.00, 29.00, 43.00, -1, -1, -1
425, 99, 1062.66, 26.90, 37.96, 26.33, -1, -1, -1
425, 60, 1652.80, 466.37, 84.76, 34.98, -1, -1, -1
425, 140, 533.38, 1040.76, 50.15, 36.73, -1, -1, -1
425, 106, 1444.00, 372.00, 37.00, 89.00, -1, -1, -1
425, 122, 1749.94, 334.00, 99.06, 68.34, -1, -1, -1
426, 214, 420.00, 0.00, 24.00, 12.00, -1, -1, -1
426, 222, 749.00, 1057.00, 29.00, 14.00, -1, -1, -1
426, 213, 633.00, 845.00, 17.00, 25.00, -1, -1, -1
426, 212, 109.00, 307.00, 31.00, 28.00, -1, -1, -1
426, 133, 1317.00, 990.00, 41.00, 21.00, -1, -1, -1
426, 139, 1426.00, 795.00, 46.00, 24.00, -1, -1, -1
426, 166, 1188.00, 841.00, 25.00, 93.00, -1, -1, -1
426, 92, 1126.00, 407.00, 36.00, 34.00, -1, -1, -1
426, 1, 680.00, 187.00, 30.00, 34.00, -1, -1, -1
426, 2, 1145.31, 141.41, 25.07, 69.02, -1, -1, -1
426, 5, 777.95, 557.71, 68.98, 60.53, -1, -1, -1
426, 7, 1068.74, 216.35, 24.43, 42.79, -1, -1, -1
426, 88, 1331.06, 207.71, 58.78, 70.99, -1, -1, -1
426, 113, 736.29, 0.10, 25.00, 31.48, -1, -1, -1
426, 95, 1229.00, 105.00, 95.00, 113.00, -1, -1, -1
426, 119, 1147.03, 600.24, 169.09, 133.48, -1, -1, -1
426, 124, 1101.88, 829.45, 45.65, 54.26, -1, -1, -1
426, 65, 1424.00, 198.00, 29.00, 42.00, -1, -1, -1
426, 99, 1063.74, 23.40, 35.85, 25.26, -1, -1, -1
426, 60, 1651.24, 465.45, 83.11, 34.21, -1, -1, -1
426, 140, 532.43, 1038.10, 52.83, 38.92, -1, -1, -1
426, 106, 1448.00, 364.86, 37.00, 88.14, -1, -1, -1
426, 122, 1760.00, 308.00, 100.00, 73.00, -1, -1, -1
426, 111, 1165.56, 847.73, 35.38, 20.68, -1, -1, -1
427, 214, 420.00, 0.00, 22.00, 11.00, -1, -1, -1
427, 222, 749.00, 1057.00, 29.00, 14.00, -1, -1, -1
427, 213, 633.00, 845.00, 17.00, 25.00, -1, -1, -1
427, 212, 109.00, 307.00, 31.00, 28.00, -1, -1, -1
427, 133, 1317.00, 990.00, 41.00, 21.00, -1, -1, -1
427, 139, 1419.00, 795.00, 46.00, 24.00, -1, -1, -1
427, 111, 1171.00, 850.00, 29.00, 17.00, -1, -1, -1
427, 166, 1188.00, 841.00, 25.00, 93.00, -1, -1, -1
427, 92, 1126.00, 407.00, 36.00, 34.00, -1, -1, -1
427, 2, 1145.53, 141.28, 24.95, 68.94, -1, -1, -1
427, 5, 776.99, 557.21, 68.61, 60.15, -1, -1, -1
427, 7, 1068.80, 216.69, 23.87, 41.74, -1, -1, -1
427, 88, 1329.68, 207.17, 58.73, 71.16, -1, -1, -1
427, 113, 735.56, 0.27, 24.44, 30.58, -1, -1, -1
427, 95, 1229.00, 96.00, 98.00, 108.00, -1, -1, -1
427, 119, 1147.08, 595.08, 171.99, 136.60, -1, -1, -1
427, 124, 1101.76, 826.41, 44.93, 54.13, -1, -1, -1
427, 65, 1424.00, 190.00, 36.00, 43.00, -1, -1, -1
427, 99, 1064.44, 19.54, 36.47, 25.99, -1, -1, -1
427, 60, 1651.31, 464.66, 81.28, 33.42, -1, -1, -1
427, 140, 530.49, 1036.19, 56.00, 41.64, -1, -1, -1
427, 106, 1449.36, 359.95, 35.64, 85.05, -1, -1, -1
427, 122, 1767.00, 289.00, 105.00, 77.00, -1, -1, -1
427, 1, 681.53, 183.80, 25.89, 32.92, -1, -1, -1
428, 222, 749.00, 1057.00, 25.00, 14.00, -1, -1, -1
428, 213, 633.00, 845.00, 17.00, 25.00, -1, -1, -1
428, 212, 109.00, 307.00, 31.00, 28.00, -1, -1, -1
428, 133, 1317.00, 990.00, 41.00, 21.00, -1, -1, -1
428, 139, 1419.00, 795.00, 46.00, 24.00, -1, -1, -1
428, 111, 1171.00, 848.00, 29.00, 17.00, -1, -1, -1
428, 166, 1188.00, 841.00, 25.00, 93.00, -1, -1, -1
428, 92, 1127.00, 404.00, 36.00, 34.00, -1, -1, -1
428, 2, 1145.85, 142.36, 24.43, 67.54, -1, -1, -1
428, 5, 775.67, 556.55, 68.51, 60.01, -1, -1, -1
428, 7, 1068.19, 216.19, 23.93, 41.85, -1, -1, -1
428, 88, 1328.10, 206.48, 58.95, 71.71, -1, -1, -1
428, 113, 734.67, 0.28, 24.54, 30.38, -1, -1, -1
428, 95, 1236.00, 84.00, 93.00, 116.00, -1, -1, -1
428, 119, 1147.85, 595.64, 169.60, 134.82, -1, -1, -1
428, 124, 1102.13, 822.41, 45.75, 56.06, -1, -1, -1
428, 99, 1065.18, 13.69, 36.68, 26.57, -1, -1, -1
428, 60, 1651.20, 463.42, 80.93, 33.12, -1, -1, -1
428, 140, 528.72, 1033.12, 59.23, 44.56, -1, -1, -1
428, 106, 1449.00, 356.00, 37.00, 80.00, -1, -1, -1
428, 122, 1773.00, 265.00, 108.00, 79.00, -1, -1, -1
428, 65, 1427.00, 187.00, 34.00, 39.00, -1, -1, -1
428, 1, 682.18, 182.73, 25.81, 32.88, -1, -1, -1
429, 222, 749.00, 1057.00, 25.00, 14.00, -1, -1, -1
429, 213, 633.00, 845.00, 17.00, 25.00, -1, -1, -1
429, 212, 102.00, 308.00, 31.00, 28.00, -1, -1, -1
429, 133, 1317.00, 990.00, 41.00, 21.00, -1, -1, -1
429, 139, 1419.00, 795.00, 46.00, 24.00, -1, -1, -1
429, 166, 1188.00, 841.00, 25.00, 93.00, -1, -1, -1
429, 92, 1127.00, 404.00, 36.00, 34.00, -1, -1, -1
429, 1, 680.00, 183.00, 30.00, 34.00, -1, -1, -1
429, 2, 1146.08, 143.41, 23.99, 66.26, -1, -1, -1
429, 5, 772.74, 555.33, 69.48, 60.96, -1, -1, -1
429, 7, 1068.22, 216.51, 23.47, 40.91, -1, -1, -1
429, 88, 1325.82, 202.53, 61.50, 75.38, -1, -1, -1
429, 113, 733.98, 0.46, 24.37, 29.90, -1, -1, -1
429, 95, 1237.00, 76.00, 93.00, 113.00, -1, -1, -1
429, 119, 1150.15, 595.96, 167.63, 133.11, -1, -1, -1
429, 124, 1102.95, 818.06, 45.62, 56.78, -1, -1, -1
429, 99, 1065.74, 11.07, 34.20, 24.63, -1, -1, -1
429, 60, 1649.06, 461.02, 83.09, 34.02, -1, -1, -1
429, 140, 528.00, 1034.00, 53.00, 44.00, -1, -1, -1
429, 106, 1452.00, 351.00, 34.00, 82.00, -1, -1, -1
429, 122, 1783.00, 247.00, 110.00, 78.00, -1, -1, -1
429, 65, 1430.00, 179.00, 32.00, 41.00, -1, -1, -1
429, 111, 1162.24, 844.70, 36.65, 20.99, -1, -1, -1
43, 212, 482.00, 430.00, 32.00, 30.00, -1, -1, -1
43, 205, 668.00, 1038.00, 15.00, 16.00, -1, -1, -1
43, 203, 322.00, 370.00, 25.00, 25.00, -1, -1, -1
43, 202, 296.00, 392.00, 18.00, 18.00, -1, -1, -1
43, 200, 974.00, 238.00, 14.00, 23.00, -1, -1, -1
43, 10, 43.00, 508.00, 19.00, 34.00, -1, -1, -1
43, 1, 714.05, 604.33, 102.11, 63.03, -1, -1, -1
43, 2, 1013.07, 78.51, 37.04, 88.68, -1, -1, -1
43, 3, 1440.70, 0.92, 26.05, 30.62, -1, -1, -1
43, 4, 0.00, 147.69, 36.00, 51.31, -1, -1, -1
43, 5, 1229.37, 741.10, 69.60, 58.37, -1, -1, -1
43, 6, 811.42, 302.54, 65.58, 47.46, -1, -1, -1
43, 7, 1142.69, 327.41, 27.32, 44.78, -1, -1, -1
43, 9, 1031.03, 872.14, 40.97, 46.86, -1, -1, -1
43, 14, 717.12, 239.25, 40.35, 26.30, -1, -1, -1
43, 8, 317.53, 728.56, 33.72, 39.59, -1, -1, -1
43, 17, 970.20, 43.33, 30.66, 29.22, -1, -1, -1
430, 222, 749.00, 1057.00, 25.00, 14.00, -1, -1, -1
430, 213, 633.00, 845.00, 17.00, 25.00, -1, -1, -1
430, 212, 102.00, 308.00, 31.00, 28.00, -1, -1, -1
430, 133, 1317.00, 990.00, 41.00, 21.00, -1, -1, -1
430, 139, 1419.00, 791.00, 46.00, 24.00, -1, -1, -1
430, 166, 1188.00, 841.00, 25.00, 93.00, -1, -1, -1
430, 148, 1483.52, 1058.00, 63.48, 21.85, -1, -1, -1
430, 92, 1127.00, 397.00, 35.00, 41.00, -1, -1, -1
430, 2, 1146.19, 143.93, 23.76, 65.53, -1, -1, -1
430, 5, 770.74, 554.40, 69.78, 61.32, -1, -1, -1
430, 7, 1067.85, 215.38, 24.09, 42.06, -1, -1, -1
430, 88, 1325.58, 204.94, 59.34, 72.87, -1, -1, -1
430, 113, 733.02, 0.36, 24.79, 30.03, -1, -1, -1
430, 95, 1238.00, 61.00, 95.00, 122.00, -1, -1, -1
430, 119, 1149.45, 592.16, 170.98, 136.43, -1, -1, -1
430, 124, 1100.55, 814.55, 46.05, 57.04, -1, -1, -1
430, 99, 1066.78, 8.38, 32.55, 23.23, -1, -1, -1
430, 60, 1646.28, 458.69, 85.93, 35.33, -1, -1, -1
430, 140, 523.32, 1022.54, 70.26, 54.84, -1, -1, -1
430, 106, 1454.61, 345.07, 35.18, 79.80, -1, -1, -1
430, 122, 1786.00, 223.00, 120.00, 87.00, -1, -1, -1
430, 65, 1432.00, 172.00, 29.00, 40.00, -1, -1, -1
430, 111, 1162.45, 844.84, 35.62, 19.98, -1, -1, -1
430, 1, 681.96, 180.05, 26.72, 33.80, -1, -1, -1
431, 222, 749.00, 1057.00, 25.00, 14.00, -1, -1, -1
431, 213, 633.00, 845.00, 17.00, 25.00, -1, -1, -1
431, 212, 102.00, 308.00, 31.00, 28.00, -1, -1, -1
431, 133, 1317.00, 990.00, 41.00, 21.00, -1, -1, -1
431, 111, 1169.00, 846.00, 29.00, 17.00, -1, -1, -1
431, 166, 1188.00, 841.00, 25.00, 93.00, -1, -1, -1
431, 92, 1127.00, 397.00, 35.00, 41.00, -1, -1, -1
431, 2, 1146.20, 143.49, 23.73, 65.39, -1, -1, -1
431, 5, 769.57, 553.82, 69.84, 61.45, -1, -1, -1
431, 7, 1067.97, 215.46, 23.80, 41.50, -1, -1, -1
431, 88, 1324.46, 206.43, 57.71, 70.85, -1, -1, -1
431, 113, 731.97, 0.17, 24.90, 30.21, -1, -1, -1
431, 95, 1237.00, 52.00, 101.00, 124.00, -1, -1, -1
431, 119, 1151.17, 593.00, 167.26, 133.72, -1, -1, -1
431, 124, 1099.99, 811.37, 47.39, 59.10, -1, -1, -1
431, 99, 1068.65, 5.58, 30.99, 21.91, -1, -1, -1
431, 60, 1647.52, 457.85, 82.47, 33.88, -1, -1, -1
431, 140, 524.84, 1022.64, 67.34, 53.47, -1, -1, -1
431, 106, 1455.43, 339.86, 35.37, 79.27, -1, -1, -1
431, 122, 1800.00, 197.00, 115.00, 84.00, -1, -1, -1
431, 65, 1432.00, 164.00, 34.00, 43.00, -1, -1, -1
431, 148, 1483.52, 1049.00, 73.48, 30.85, -1, -1, -1
431, 1, 682.63, 179.66, 25.93, 32.81, -1, -1, -1
431, 139, 1409.37, 786.04, 52.33, 29.95, -1, -1, -1
432, 222, 749.00, 1057.00, 25.00, 14.00, -1, -1, -1
432, 213, 633.00, 845.00, 17.00, 25.00, -1, -1, -1
432, 212, 102.00, 308.00, 31.00, 28.00, -1, -1, -1
432, 133, 1317.00, 990.00, 41.00, 21.00, -1, -1, -1
432, 139, 1409.00, 783.00, 45.00, 33.00, -1, -1, -1
432, 111, 1170.00, 844.00, 29.00, 17.00, -1, -1, -1
432, 166, 1188.00, 841.00, 25.00, 93.00, -1, -1, -1
432, 106, 1456.00, 340.00, 37.00, 83.00, -1, -1, -1
432, 92, 1127.00, 394.00, 35.00, 41.00, -1, -1, -1
432, 2, 1146.37, 141.96, 24.39, 66.97, -1, -1, -1
432, 5, 767.74, 552.89, 69.82, 61.50, -1, -1, -1
432, 7, 1066.96, 214.88, 24.84, 43.29, -1, -1, -1
432, 88, 1323.92, 206.51, 57.46, 70.59, -1, -1, -1
432, 113, 731.51, 0.05, 24.66, 29.78, -1, -1, -1
432, 95, 1241.00, 42.00, 89.00, 88.00, -1, -1, -1
432, 119, 1148.61, 589.69, 169.25, 135.64, -1, -1, -1
432, 124, 1103.88, 807.35, 45.50, 57.92, -1, -1, -1
432, 99, 1067.00, 6.00, 32.99, 19.21, -1, -1, -1
432, 60, 1645.16, 455.36, 86.92, 35.80, -1, -1, -1
432, 140, 524.15, 1020.89, 66.35, 53.76, -1, -1, -1
432, 122, 1807.35, 171.00, 108.65, 80.17, -1, -1, -1
432, 65, 1436.00, 155.00, 31.00, 48.00, -1, -1, -1
432, 148, 1490.00, 1044.00, 75.00, 34.89, -1, -1, -1
432, 1, 682.83, 178.93, 25.72, 32.44, -1, -1, -1
433, 222, 749.00, 1057.00, 25.00, 14.00, -1, -1, -1
433, 213, 633.00, 845.00, 17.00, 25.00, -1, -1, -1
433, 212, 102.00, 308.00, 31.00, 28.00, -1, -1, -1
433, 99, 1067.00, 1.00, 33.00, 19.00, -1, -1, -1
433, 133, 1317.00, 990.00, 41.00, 21.00, -1, -1, -1
433, 111, 1170.00, 844.00, 29.00, 17.00, -1, -1, -1
433, 166, 1190.00, 825.00, 25.00, 93.00, -1, -1, -1
433, 92, 1127.00, 394.00, 35.00, 41.00, -1, -1, -1
433, 2, 1146.51, 141.76, 24.45, 66.82, -1, -1, -1
433, 5, 766.13, 552.06, 69.76, 61.52, -1, -1, -1
433, 7, 1067.45, 214.43, 24.48, 42.72, -1, -1, -1
433, 88, 1322.52, 205.79, 57.86, 71.24, -1, -1, -1
433, 113, 729.94, 0.56, 24.43, 29.35, -1, -1, -1
433, 119, 1152.54, 590.47, 165.13, 132.40, -1, -1, -1
433, 124, 1102.22, 802.97, 47.14, 60.40, -1, -1, -1
433, 60, 1646.04, 454.48, 85.08, 35.04, -1, -1, -1
433, 140, 526.71, 1020.28, 63.17, 51.89, -1, -1, -1
433, 122, 1812.77, 144.00, 107.23, 84.82, -1, -1, -1
433, 148, 1482.00, 1035.00, 89.00, 43.00, -1, -1, -1
433, 1, 683.33, 177.95, 25.27, 31.80, -1, -1, -1
433, 95, 1241.00, 32.00, 101.00, 115.00, -1, -1, -1
433, 65, 1438.00, 148.00, 28.00, 44.00, -1, -1, -1
433, 106, 1457.24, 329.42, 37.25, 83.10, -1, -1, -1
433, 139, 1406.47, 783.50, 54.97, 32.38, -1, -1, -1
434, 213, 633.00, 843.00, 17.00, 25.00, -1, -1, -1
434, 212, 97.00, 304.00, 31.00, 28.00, -1, -1, -1
434, 99, 1067.00, 1.00, 32.00, 16.00, -1, -1, -1
434, 133, 1310.00, 989.00, 41.00, 21.00, -1, -1, -1
434, 139, 1409.00, 783.00, 45.00, 33.00, -1, -1, -1
434, 111, 1170.00, 844.00, 29.00, 17.00, -1, -1, -1
434, 166, 1190.00, 819.00, 28.00, 99.00, -1, -1, -1
434, 92, 1127.00, 387.00, 35.00, 48.00, -1, -1, -1
434, 1, 682.00, 178.00, 30.00, 34.00, -1, -1, -1
434, 2, 1147.00, 142.07, 24.60, 66.52, -1, -1, -1
434, 5, 763.60, 548.31, 72.73, 64.49, -1, -1, -1
434, 7, 1066.65, 214.00, 26.35, 43.63, -1, -1, -1
434, 88, 1321.81, 204.79, 58.47, 72.23, -1, -1, -1
434, 113, 729.22, 0.71, 24.18, 28.87, -1, -1, -1
434, 95, 1241.00, 14.00, 101.00, 124.00, -1, -1, -1
434, 119, 1155.00, 590.00, 164.00, 132.00, -1, -1, -1
434, 124, 1109.29, 799.96, 42.05, 55.49, -1, -1, -1
434, 60, 1645.45, 452.98, 84.34, 34.72, -1, -1, -1
434, 140, 525.35, 1017.25, 64.69, 53.96, -1, -1, -1
434, 122, 1817.00, 126.00, 103.00, 87.00, -1, -1, -1
434, 148, 1479.00, 1024.00, 102.00, 50.00, -1, -1, -1
434, 65, 1435.00, 143.00, 36.00, 44.00, -1, -1, -1
434, 106, 1458.68, 323.18, 37.34, 82.83, -1, -1, -1
435, 213, 632.00, 842.00, 17.00, 25.00, -1, -1, -1
435, 212, 97.00, 304.00, 31.00, 28.00, -1, -1, -1
435, 99, 1071.00, 1.00, 28.00, 12.00, -1, -1, -1
435, 133, 1310.00, 989.00, 41.00, 21.00, -1, -1, -1
435, 122, 1834.00, 111.00, 86.00, 87.00, -1, -1, -1
435, 166, 1190.00, 819.00, 28.00, 99.00, -1, -1, -1
435, 92, 1127.00, 387.00, 35.00, 48.00, -1, -1, -1
435, 1, 682.00, 178.00, 30.00, 34.00, -1, -1, -1
435, 2, 1146.77, 140.20, 25.45, 68.51, -1, -1, -1
435, 5, 762.93, 549.36, 71.41, 63.17, -1, -1, -1
435, 7, 1064.91, 214.00, 28.09, 42.85, -1, -1, -1
435, 88, 1321.14, 205.15, 57.62, 71.62, -1, -1, -1
435, 113, 728.55, 0.88, 23.97, 28.51, -1, -1, -1
435, 119, 1153.70, 587.68, 164.73, 132.53, -1, -1, -1
435, 124, 1107.01, 795.47, 45.10, 60.57, -1, -1, -1
435, 60, 1643.23, 450.98, 86.13, 35.59, -1, -1, -1
435, 140, 525.84, 1015.67, 63.25, 53.75, -1, -1, -1
435, 148, 1474.00, 1017.00, 99.00, 52.00, -1, -1, -1
435, 65, 1435.00, 130.00, 36.00, 52.00, -1, -1, -1
435, 106, 1455.81, 317.68, 45.11, 102.51, -1, -1, -1
435, 111, 1160.90, 842.87, 33.02, 18.16, -1, -1, -1
435, 95, 1244.00, 3.00, 98.00, 121.00, -1, -1, -1
435, 139, 1405.24, 782.91, 54.40, 32.89, -1, -1, -1
436, 213, 633.00, 841.00, 17.00, 25.00, -1, -1, -1
436, 212, 97.00, 304.00, 31.00, 28.00, -1, -1, -1
436, 133, 1310.00, 989.00, 41.00, 21.00, -1, -1, -1
436, 139, 1409.00, 783.00, 45.00, 33.00, -1, -1, -1
436, 166, 1193.00, 814.00, 28.00, 99.00, -1, -1, -1
436, 92, 1130.00, 379.00, 35.00, 48.00, -1, -1, -1
436, 2, 1146.54, 139.14, 26.06, 69.50, -1, -1, -1
436, 5, 761.54, 549.83, 70.33, 62.13, -1, -1, -1
436, 7, 1067.00, 212.00, 25.00, 44.00, -1, -1, -1
436, 88, 1319.88, 205.06, 57.42, 71.63, -1, -1, -1
436, 113, 727.78, 0.62, 24.01, 28.57, -1, -1, -1
436, 95, 1243.00, 0.00, 95.00, 87.00, -1, -1, -1
436, 119, 1158.00, 585.00, 165.00, 132.00, -1, -1, -1
436, 124, 1109.71, 791.95, 44.96, 62.34, -1, -1, -1
436, 60, 1644.53, 450.77, 82.57, 33.95, -1, -1, -1
436, 140, 525.84, 1013.22, 62.07, 53.57, -1, -1, -1
436, 148, 1491.00, 1004.00, 103.00, 73.00, -1, -1, -1
436, 106, 1458.15, 311.78, 43.04, 98.40, -1, -1, -1
436, 111, 1158.61, 842.27, 35.19, 19.07, -1, -1, -1
436, 65, 1445.00, 129.00, 29.00, 41.00, -1, -1, -1
436, 1, 683.46, 175.26, 26.54, 33.12, -1, -1, -1
436, 122, 1841.00, 70.00, 79.00, 94.00, -1, -1, -1
437, 213, 631.00, 842.00, 17.00, 25.00, -1, -1, -1
437, 212, 97.00, 304.00, 31.00, 28.00, -1, -1, -1
437, 133, 1310.00, 989.00, 41.00, 21.00, -1, -1, -1
437, 139, 1409.00, 783.00, 45.00, 33.00, -1, -1, -1
437, 122, 1860.00, 61.00, 60.00, 89.00, -1, -1, -1
437, 166, 1193.00, 814.00, 28.00, 99.00, -1, -1, -1
437, 2, 1146.19, 138.26, 26.79, 70.61, -1, -1, -1
437, 5, 759.99, 549.55, 69.86, 61.73, -1, -1, -1
437, 7, 1065.98, 212.18, 25.06, 43.92, -1, -1, -1
437, 88, 1318.19, 204.54, 57.89, 72.38, -1, -1, -1
437, 113, 727.31, 0.92, 23.46, 27.91, -1, -1, -1
437, 95, 1247.00, -0.00, 101.00, 100.00, -1, -1, -1
437, 119, 1154.79, 585.32, 163.49, 131.56, -1, -1, -1
437, 124, 1111.15, 788.77, 44.12, 63.01, -1, -1, -1
437, 60, 1645.00, 449.28, 81.36, 33.30, -1, -1, -1
437, 140, 525.37, 1010.41, 60.61, 53.43, -1, -1, -1
437, 148, 1490.00, 996.00, 101.00, 77.00, -1, -1, -1
437, 106, 1457.00, 311.00, 41.00, 104.00, -1, -1, -1
437, 111, 1157.99, 841.57, 34.67, 18.35, -1, -1, -1
437, 92, 1130.41, 377.17, 28.49, 43.50, -1, -1, -1
437, 1, 682.77, 172.70, 28.09, 35.11, -1, -1, -1
437, 65, 1445.00, 120.00, 33.00, 47.00, -1, -1, -1
438, 213, 631.00, 843.00, 17.00, 25.00, -1, -1, -1
438, 212, 90.00, 304.00, 31.00, 28.00, -1, -1, -1
438, 133, 1310.00, 989.00, 41.00, 21.00, -1, -1, -1
438, 139, 1409.00, 783.00, 45.00, 33.00, -1, -1, -1
438, 122, 1874.00, 35.00, 46.00, 91.00, -1, -1, -1
438, 166, 1193.00, 814.00, 28.00, 99.00, -1, -1, -1
438, 95, 1250.00, -0.00, 95.00, 96.00, -1, -1, -1
438, 2, 1146.44, 137.44, 27.28, 71.15, -1, -1, -1
438, 5, 758.07, 548.47, 70.74, 62.58, -1, -1, -1
438, 7, 1066.13, 212.37, 24.59, 43.16, -1, -1, -1
438, 88, 1317.62, 204.59, 57.04, 71.67, -1, -1, -1
438, 113, 726.35, 0.68, 23.40, 27.76, -1, -1, -1
438, 119, 1154.91, 582.16, 162.77, 131.82, -1, -1, -1
438, 124, 1110.91, 785.72, 43.37, 63.25, -1, -1, -1
438, 60, 1644.06, 447.28, 83.21, 34.07, -1, -1, -1
438, 140, 524.61, 1006.98, 61.20, 54.29, -1, -1, -1
438, 148, 1494.00, 993.00, 98.00, 81.00, -1, -1, -1
438, 106, 1463.00, 306.00, 36.00, 106.00, -1, -1, -1
438, 111, 1156.63, 841.33, 34.78, 18.08, -1, -1, -1
438, 92, 1130.33, 375.79, 29.56, 45.23, -1, -1, -1
438, 65, 1448.00, 113.00, 31.00, 43.00, -1, -1, -1
438, 1, 682.14, 169.98, 29.42, 36.78, -1, -1, -1
439, 213, 631.00, 843.00, 17.00, 25.00, -1, -1, -1
439, 212, 90.00, 304.00, 31.00, 28.00, -1, -1, -1
439, 95, 1251.00, 0.00, 95.00, 84.00, -1, -1, -1
439, 133, 1310.00, 989.00, 41.00, 21.00, -1, -1, -1
439, 139, 1399.00, 783.00, 57.00, 36.00, -1, -1, -1
439, 111, 1159.00, 842.00, 33.00, 16.00, -1, -1, -1
439, 122, 1881.00, 18.00, 39.00, 89.00, -1, -1, -1
439, 166, 1193.00, 814.00, 28.00, 99.00, -1, -1, -1
439, 92, 1130.00, 375.00, 35.00, 48.00, -1, -1, -1
439, 2, 1146.92, 137.27, 27.67, 71.10, -1, -1, -1
439, 5, 756.37, 547.59, 70.92, 62.89, -1, -1, -1
439, 7, 1065.21, 211.95, 24.39, 42.89, -1, -1, -1
439, 88, 1316.55, 203.76, 57.52, 72.39, -1, -1, -1
439, 113, 725.68, 0.81, 23.07, 27.25, -1, -1, -1
439, 119, 1154.40, 583.01, 160.61, 129.44, -1, -1, -1
439, 124, 1108.58, 781.75, 46.49, 69.18, -1, -1, -1
439, 60, 1641.76, 445.84, 83.88, 34.35, -1, -1, -1
439, 140, 526.78, 1004.77, 58.93, 52.64, -1, -1, -1
439, 148, 1492.00, 981.00, 135.00, 97.00, -1, -1, -1
439, 106, 1461.00, 303.00, 41.00, 96.00, -1, -1, -1
439, 65, 1445.00, 104.00, 36.00, 43.00, -1, -1, -1
439, 1, 682.29, 169.56, 29.12, 36.45, -1, -1, -1
44, 212, 482.00, 430.00, 32.00, 30.00, -1, -1, -1
44, 205, 668.00, 1032.00, 15.00, 16.00, -1, -1, -1
44, 203, 322.00, 370.00, 25.00, 25.00, -1, -1, -1
44, 202, 295.00, 386.00, 18.00, 18.00, -1, -1, -1
44, 200, 974.00, 238.00, 14.00, 23.00, -1, -1, -1
44, 10, 43.00, 508.00, 19.00, 34.00, -1, -1, -1
44, 1, 713.43, 602.81, 100.80, 62.04, -1, -1, -1
44, 2, 1013.82, 79.70, 36.53, 87.54, -1, -1, -1
44, 3, 1440.65, 0.97, 25.64, 29.59, -1, -1, -1
44, 4, 0.00, 146.69, 35.00, 49.31, -1, -1, -1
44, 5, 1227.45, 739.80, 71.18, 59.65, -1, -1, -1
44, 6, 811.01, 297.93, 67.99, 45.07, -1, -1, -1
44, 7, 1142.05, 326.64, 27.61, 45.40, -1, -1, -1
44, 9, 1034.59, 869.82, 42.32, 46.25, -1, -1, -1
44, 14, 717.50, 235.73, 40.22, 26.35, -1, -1, -1
44, 8, 320.36, 723.67, 31.57, 36.80, -1, -1, -1
44, 17, 970.26, 38.54, 30.45, 29.22, -1, -1, -1
440, 213, 631.00, 842.00, 17.00, 25.00, -1, -1, -1
440, 212, 90.00, 304.00, 31.00, 28.00, -1, -1, -1
440, 95, 1251.00, 0.00, 94.00, 67.00, -1, -1, -1
440, 133, 1310.00, 989.00, 41.00, 21.00, -1, -1, -1
440, 139, 1399.00, 783.00, 57.00, 36.00, -1, -1, -1
440, 111, 1159.00, 842.00, 33.00, 18.00, -1, -1, -1
440, 166, 1193.00, 814.00, 28.00, 99.00, -1, -1, -1
440, 92, 1130.00, 372.00, 32.00, 48.00, -1, -1, -1
440, 2, 1147.11, 138.70, 27.77, 69.83, -1, -1, -1
440, 5, 755.48, 546.79, 70.86, 63.01, -1, -1, -1
440, 7, 1064.32, 211.30, 25.42, 44.78, -1, -1, -1
440, 88, 1315.46, 203.82, 57.17, 72.16, -1, -1, -1
440, 113, 724.77, 0.69, 23.33, 27.50, -1, -1, -1
440, 119, 1156.00, 582.00, 162.00, 130.00, -1, -1, -1
440, 124, 1113.00, 777.91, 44.45, 63.09, -1, -1, -1
440, 60, 1640.91, 444.11, 84.12, 34.46, -1, -1, -1
440, 140, 525.45, 1003.05, 60.43, 54.88, -1, -1, -1
440, 148, 1498.00, 977.00, 139.00, 103.00, -1, -1, -1
440, 106, 1461.00, 294.00, 38.00, 97.00, -1, -1, -1
440, 1, 682.85, 169.34, 28.48, 35.56, -1, -1, -1
440, 65, 1449.00, 96.00, 37.00, 52.00, -1, -1, -1
441, 213, 630.00, 841.00, 17.00, 25.00, -1, -1, -1
441, 212, 90.00, 304.00, 31.00, 28.00, -1, -1, -1
441, 95, 1251.00, 0.00, 102.00, 64.00, -1, -1, -1
441, 133, 1310.00, 989.00, 41.00, 21.00, -1, -1, -1
441, 139, 1399.00, 783.00, 57.00, 36.00, -1, -1, -1
441, 111, 1157.00, 842.00, 33.00, 18.00, -1, -1, -1
441, 166, 1193.00, 814.00, 28.00, 99.00, -1, -1, -1
441, 2, 1147.58, 140.01, 28.01, 68.59, -1, -1, -1
441, 5, 754.18, 546.52, 69.92, 62.06, -1, -1, -1
441, 7, 1064.26, 211.44, 25.27, 44.74, -1, -1, -1
441, 88, 1314.65, 203.73, 56.95, 72.07, -1, -1, -1
441, 113, 723.96, 0.89, 23.45, 27.57, -1, -1, -1
441, 119, 1157.00, 577.00, 169.00, 136.00, -1, -1, -1
441, 124, 1109.00, 774.59, 45.00, 73.41, -1, -1, -1
441, 60, 1641.14, 443.02, 83.16, 34.00, -1, -1, -1
441, 140, 525.96, 999.55, 59.47, 54.73, -1, -1, -1
441, 148, 1499.00, 971.00, 156.00, 109.00, -1, -1, -1
441, 106, 1461.86, 289.00, 40.14, 95.00, -1, -1, -1
441, 1, 682.73, 168.57, 28.40, 35.20, -1, -1, -1
441, 92, 1130.67, 368.16, 29.23, 44.90, -1, -1, -1
441, 65, 1455.00, 89.00, 31.00, 47.00, -1, -1, -1
442, 213, 629.00, 840.00, 17.00, 25.00, -1, -1, -1
442, 212, 90.00, 304.00, 31.00, 28.00, -1, -1, -1
442, 95, 1258.00, 0.00, 102.00, 59.00, -1, -1, -1
442, 133, 1310.00, 989.00, 41.00, 21.00, -1, -1, -1
442, 139, 1399.00, 783.00, 57.00, 36.00, -1, -1, -1
442, 111, 1156.00, 841.00, 33.00, 18.00, -1, -1, -1
442, 166, 1193.00, 814.00, 28.00, 99.00, -1, -1, -1
442, 92, 1130.00, 367.00, 35.00, 48.00, -1, -1, -1
442, 2, 1147.26, 140.89, 28.06, 67.37, -1, -1, -1
442, 5, 752.41, 545.70, 70.00, 62.19, -1, -1, -1
442, 7, 1064.59, 211.38, 24.55, 43.49, -1, -1, -1
442, 88, 1313.26, 203.83, 56.14, 71.29, -1, -1, -1
442, 113, 723.24, 0.87, 23.40, 27.45, -1, -1, -1
442, 119, 1155.19, 572.54, 168.47, 135.48, -1, -1, -1
442, 124, 1115.00, 771.01, 41.54, 63.99, -1, -1, -1
442, 60, 1641.09, 442.43, 79.18, 32.34, -1, -1, -1
442, 140, 527.66, 997.31, 57.08, 52.65, -1, -1, -1
442, 148, 1502.00, 960.00, 148.00, 117.00, -1, -1, -1
442, 106, 1465.00, 282.00, 35.00, 104.00, -1, -1, -1
442, 1, 682.37, 166.96, 28.98, 35.80, -1, -1, -1
442, 65, 1452.00, 84.00, 34.00, 42.00, -1, -1, -1
443, 213, 629.00, 839.00, 17.00, 25.00, -1, -1, -1
443, 212, 90.00, 304.00, 31.00, 28.00, -1, -1, -1
443, 95, 1258.00, 0.00, 102.00, 40.00, -1, -1, -1
443, 133, 1310.00, 989.00, 41.00, 21.00, -1, -1, -1
443, 139, 1399.00, 783.00, 57.00, 36.00, -1, -1, -1
443, 111, 1150.00, 841.00, 33.00, 18.00, -1, -1, -1
443, 166, 1195.00, 807.00, 28.00, 99.00, -1, -1, -1
443, 2, 1147.61, 141.97, 28.12, 65.79, -1, -1, -1
443, 5, 751.64, 545.17, 69.62, 61.74, -1, -1, -1
443, 7, 1064.49, 210.37, 24.74, 44.00, -1, -1, -1
443, 88, 1312.75, 203.63, 55.90, 71.25, -1, -1, -1
443, 113, 722.53, 0.89, 23.33, 27.29, -1, -1, -1
443, 119, 1158.00, 572.00, 172.00, 138.00, -1, -1, -1
443, 124, 1116.12, 766.81, 41.38, 67.83, -1, -1, -1
443, 60, 1640.79, 441.02, 78.30, 31.71, -1, -1, -1
443, 140, 527.03, 995.58, 57.75, 53.79, -1, -1, -1
443, 148, 1501.00, 954.00, 150.00, 122.00, -1, -1, -1
443, 106, 1466.00, 279.00, 36.00, 95.00, -1, -1, -1
443, 1, 682.80, 165.83, 29.04, 35.96, -1, -1, -1
443, 65, 1454.00, 73.00, 34.00, 43.00, -1, -1, -1
443, 92, 1130.30, 363.26, 29.97, 46.20, -1, -1, -1
444, 213, 630.00, 841.00, 17.00, 25.00, -1, -1, -1
444, 212, 84.00, 300.00, 31.00, 28.00, -1, -1, -1
444, 95, 1258.00, 0.00, 106.00, 34.00, -1, -1, -1
444, 133, 1301.00, 988.00, 41.00, 21.00, -1, -1, -1
444, 139, 1395.00, 783.00, 57.00, 36.00, -1, -1, -1
444, 111, 1150.00, 841.00, 33.00, 18.00, -1, -1, -1
444, 166, 1195.00, 807.00, 28.00, 99.00, -1, -1, -1
444, 2, 1147.99, 145.01, 27.62, 62.32, -1, -1, -1
444, 5, 749.81, 545.00, 69.43, 61.57, -1, -1, -1
444, 7, 1063.26, 209.52, 25.24, 45.17, -1, -1, -1
444, 88, 1311.50, 203.31, 56.04, 71.73, -1, -1, -1
444, 113, 721.71, 0.67, 23.49, 27.33, -1, -1, -1
444, 119, 1156.00, 564.00, 175.00, 142.00, -1, -1, -1
444, 124, 1114.57, 762.89, 41.18, 67.84, -1, -1, -1
444, 60, 1640.67, 439.80, 78.06, 31.49, -1, -1, -1
444, 140, 523.46, 990.10, 63.67, 60.07, -1, -1, -1
444, 148, 1506.00, 945.00, 139.00, 118.00, -1, -1, -1
444, 106, 1469.00, 272.00, 36.00, 97.00, -1, -1, -1
444, 1, 683.77, 165.69, 27.95, 34.53, -1, -1, -1
444, 65, 1456.00, 66.00, 32.00, 42.00, -1, -1, -1
444, 92, 1130.26, 361.54, 31.09, 48.44, -1, -1, -1
445, 213, 629.00, 839.00, 17.00, 25.00, -1, -1, -1
445, 212, 84.00, 300.00, 31.00, 28.00, -1, -1, -1
445, 95, 1258.00, -0.00, 107.00, 18.00, -1, -1, -1
445, 133, 1301.00, 988.00, 41.00, 21.00, -1, -1, -1
445, 111, 1150.00, 840.00, 33.00, 18.00, -1, -1, -1
445, 164, 449.00, 833.00, 35.00, 31.00, -1, -1, -1
445, 166, 1195.00, 807.00, 28.00, 99.00, -1, -1, -1
445, 92, 1131.00, 360.00, 35.00, 48.00, -1, -1, -1
445, 2, 1147.89, 144.22, 28.93, 62.95, -1, -1, -1
445, 5, 747.95, 543.96, 69.84, 62.01, -1, -1, -1
445, 7, 1062.09, 210.00, 25.91, 44.33, -1, -1, -1
445, 88, 1311.13, 202.71, 55.96, 71.91, -1, -1, -1
445, 113, 720.92, 0.71, 23.58, 27.19, -1, -1, -1
445, 119, 1156.00, 564.00, 172.00, 140.00, -1, -1, -1
445, 124, 1113.17, 759.08, 42.83, 70.82, -1, -1, -1
445, 60, 1639.89, 437.89, 79.51, 31.92, -1, -1, -1
445, 140, 521.59, 987.11, 66.98, 64.30, -1, -1, -1
445, 148, 1507.00, 937.00, 151.00, 143.00, -1, -1, -1
445, 106, 1471.23, 268.00, 31.77, 88.00, -1, -1, -1
445, 1, 684.00, 164.82, 27.77, 34.09, -1, -1, -1
445, 65, 1459.00, 60.00, 33.00, 46.00, -1, -1, -1
445, 139, 1395.94, 781.42, 58.05, 35.89, -1, -1, -1
446, 213, 629.00, 839.00, 17.00, 25.00, -1, -1, -1
446, 212, 84.00, 300.00, 31.00, 28.00, -1, -1, -1
446, 133, 1301.00, 988.00, 41.00, 21.00, -1, -1, -1
446, 139, 1395.00, 783.00, 57.00, 36.00, -1, -1, -1
446, 111, 1151.00, 837.00, 33.00, 18.00, -1, -1, -1
446, 164, 449.00, 833.00, 35.00, 31.00, -1, -1, -1
446, 166, 1195.00, 807.00, 28.00, 99.00, -1, -1, -1
446, 2, 1147.80, 144.93, 29.49, 61.94, -1, -1, -1
446, 5, 746.72, 543.60, 69.44, 61.67, -1, -1, -1
446, 7, 1062.83, 208.57, 25.13, 45.62, -1, -1, -1
446, 88, 1310.10, 201.99, 55.82, 71.98, -1, -1, -1
446, 113, 719.60, 0.66, 23.72, 27.14, -1, -1, -1
446, 119, 1149.00, 565.00, 178.00, 145.00, -1, -1, -1
446, 124, 1113.74, 755.55, 43.19, 72.16, -1, -1, -1
446, 60, 1638.13, 435.74, 81.05, 32.58, -1, -1, -1
446, 140, 523.73, 985.53, 62.06, 60.31, -1, -1, -1
446, 148, 1514.00, 921.00, 162.00, 155.00, -1, -1, -1
446, 106, 1473.00, 257.00, 32.00, 99.00, -1, -1, -1
446, 1, 684.47, 164.23, 27.44, 33.62, -1, -1, -1
446, 65, 1465.00, 50.00, 28.00, 46.00, -1, -1, -1
446, 92, 1130.06, 355.99, 30.74, 48.81, -1, -1, -1
447, 213, 628.00, 839.00, 17.00, 25.00, -1, -1, -1
447, 212, 84.00, 300.00, 31.00, 28.00, -1, -1, -1
447, 133, 1301.00, 988.00, 41.00, 21.00, -1, -1, -1
447, 111, 1151.00, 837.00, 33.00, 18.00, -1, -1, -1
447, 164, 449.00, 833.00, 35.00, 31.00, -1, -1, -1
447, 166, 1196.00, 803.00, 26.00, 99.00, -1, -1, -1
447, 2, 1147.08, 143.17, 31.05, 63.60, -1, -1, -1
447, 5, 745.33, 542.99, 69.28, 61.55, -1, -1, -1
447, 7, 1063.17, 209.52, 24.38, 44.27, -1, -1, -1
447, 88, 1308.82, 201.98, 55.66, 72.00, -1, -1, -1
447, 113, 718.80, 0.71, 23.46, 26.77, -1, -1, -1
447, 119, 1151.00, 559.00, 174.00, 142.00, -1, -1, -1
447, 124, 1114.21, 751.88, 42.81, 72.15, -1, -1, -1
447, 60, 1637.72, 434.74, 79.19, 31.84, -1, -1, -1
447, 140, 523.93, 983.60, 59.91, 58.51, -1, -1, -1
447, 148, 1518.58, 913.59, 166.42, 158.41, -1, -1, -1
447, 106, 1474.00, 254.00, 33.00, 98.00, -1, -1, -1
447, 1, 684.35, 162.98, 27.89, 34.13, -1, -1, -1
447, 65, 1461.00, 41.00, 36.00, 42.00, -1, -1, -1
447, 92, 1130.48, 351.71, 30.72, 49.78, -1, -1, -1
447, 139, 1395.23, 782.57, 56.50, 36.02, -1, -1, -1
448, 213, 629.00, 836.00, 17.00, 25.00, -1, -1, -1
448, 212, 84.00, 293.00, 31.00, 28.00, -1, -1, -1
448, 133, 1301.00, 988.00, 41.00, 21.00, -1, -1, -1
448, 139, 1393.00, 784.00, 54.00, 33.00, -1, -1, -1
448, 111, 1151.00, 837.00, 33.00, 18.00, -1, -1, -1
448, 164, 446.00, 825.00, 35.00, 31.00, -1, -1, -1
448, 166, 1196.00, 803.00, 26.00, 99.00, -1, -1, -1
448, 92, 1132.00, 354.00, 30.00, 47.00, -1, -1, -1
448, 2, 1146.51, 142.27, 32.21, 64.59, -1, -1, -1
448, 5, 743.49, 542.04, 69.72, 62.00, -1, -1, -1
448, 7, 1062.88, 209.50, 23.97, 43.76, -1, -1, -1
448, 88, 1308.17, 202.23, 55.02, 71.27, -1, -1, -1
448, 113, 717.67, 0.47, 23.61, 26.81, -1, -1, -1
448, 119, 1154.11, 560.26, 170.18, 139.75, -1, -1, -1
448, 124, 1115.46, 747.67, 42.45, 72.11, -1, -1, -1
448, 60, 1634.11, 431.92, 85.47, 34.57, -1, -1, -1
448, 140, 524.44, 980.99, 60.72, 59.79, -1, -1, -1
448, 106, 1478.00, 246.00, 33.00, 101.00, -1, -1, -1
448, 1, 684.35, 161.74, 27.95, 34.13, -1, -1, -1
448, 148, 1522.00, 913.00, 166.00, 159.00, -1, -1, -1
448, 65, 1468.00, 34.00, 30.00, 49.00, -1, -1, -1
449, 213, 629.00, 836.00, 17.00, 25.00, -1, -1, -1
449, 212, 70.00, 296.00, 31.00, 28.00, -1, -1, -1
449, 133, 1301.00, 988.00, 41.00, 21.00, -1, -1, -1
449, 139, 1393.00, 784.00, 54.00, 33.00, -1, -1, -1
449, 111, 1151.00, 837.00, 33.00, 18.00, -1, -1, -1
449, 164, 446.00, 825.00, 35.00, 31.00, -1, -1, -1
449, 166, 1196.00, 803.00, 26.00, 99.00, -1, -1, -1
449, 2, 1147.19, 142.05, 32.81, 64.48, -1, -1, -1
449, 5, 741.72, 540.96, 70.44, 62.66, -1, -1, -1
449, 7, 1062.63, 209.25, 24.12, 44.08, -1, -1, -1
449, 88, 1307.41, 202.09, 54.89, 71.24, -1, -1, -1
449, 113, 716.36, 0.40, 23.49, 26.71, -1, -1, -1
449, 119, 1155.00, 557.89, 171.27, 140.71, -1, -1, -1
449, 124, 1118.32, 743.49, 41.45, 71.32, -1, -1, -1
449, 60, 1634.67, 431.16, 82.07, 33.15, -1, -1, -1
449, 140, 522.89, 977.15, 61.09, 60.24, -1, -1, -1
449, 106, 1476.00, 239.00, 31.00, 93.00, -1, -1, -1
449, 1, 685.12, 161.07, 27.42, 33.51, -1, -1, -1
449, 148, 1523.00, 903.00, 162.00, 150.00, -1, -1, -1
449, 65, 1468.00, 25.00, 34.00, 52.00, -1, -1, -1
449, 92, 1130.74, 347.99, 30.55, 50.61, -1, -1, -1
45, 212, 474.00, 429.00, 32.00, 30.00, -1, -1, -1
45, 205, 668.00, 1032.00, 15.00, 16.00, -1, -1, -1
45, 203, 322.00, 364.00, 25.00, 25.00, -1, -1, -1
45, 202, 295.00, 386.00, 18.00, 18.00, -1, -1, -1
45, 200, 974.00, 238.00, 14.00, 23.00, -1, -1, -1
45, 17, 970.00, 39.00, 31.00, 29.00, -1, -1, -1
45, 10, 43.00, 508.00, 19.00, 34.00, -1, -1, -1
45, 1, 712.47, 600.82, 100.38, 61.66, -1, -1, -1
45, 2, 1014.62, 83.35, 35.27, 84.15, -1, -1, -1
45, 3, 1440.40, 1.06, 24.95, 28.54, -1, -1, -1
45, 4, 0.00, 146.44, 38.00, 45.56, -1, -1, -1
45, 5, 1225.77, 738.84, 71.78, 60.13, -1, -1, -1
45, 6, 805.30, 293.41, 75.72, 45.63, -1, -1, -1
45, 7, 1141.35, 326.35, 27.68, 45.63, -1, -1, -1
45, 9, 1033.56, 867.07, 44.95, 49.59, -1, -1, -1
45, 14, 718.90, 234.14, 35.72, 23.16, -1, -1, -1
45, 8, 320.78, 719.26, 30.69, 35.54, -1, -1, -1
450, 213, 627.00, 839.00, 17.00, 25.00, -1, -1, -1
450, 212, 70.00, 296.00, 31.00, 28.00, -1, -1, -1
450, 133, 1301.00, 988.00, 41.00, 21.00, -1, -1, -1
450, 139, 1393.00, 784.00, 54.00, 33.00, -1, -1, -1
450, 111, 1151.00, 837.00, 33.00, 18.00, -1, -1, -1
450, 164, 446.00, 825.00, 35.00, 31.00, -1, -1, -1
450, 166, 1196.00, 803.00, 26.00, 99.00, -1, -1, -1
450, 92, 1132.00, 350.00, 32.00, 51.00, -1, -1, -1
450, 2, 1146.86, 140.72, 34.20, 65.69, -1, -1, -1
450, 5, 740.67, 541.07, 69.60, 61.93, -1, -1, -1
450, 7, 1062.06, 209.17, 24.16, 44.19, -1, -1, -1
450, 88, 1306.60, 202.79, 54.00, 70.24, -1, -1, -1
450, 113, 715.58, 0.25, 23.60, 26.80, -1, -1, -1
450, 119, 1156.18, 560.52, 167.02, 136.61, -1, -1, -1
450, 124, 1119.85, 739.08, 41.13, 71.97, -1, -1, -1
450, 60, 1635.00, 430.21, 78.62, 31.56, -1, -1, -1
450, 140, 519.99, 974.30, 61.44, 60.38, -1, -1, -1
450, 106, 1474.00, 234.00, 33.00, 89.00, -1, -1, -1
450, 1, 685.32, 159.73, 27.38, 33.53, -1, -1, -1
450, 65, 1473.00, 17.00, 32.00, 52.00, -1, -1, -1
450, 148, 1526.02, 894.00, 152.98, 149.00, -1, -1, -1
451, 213, 628.00, 837.00, 17.00, 25.00, -1, -1, -1
451, 212, 70.00, 296.00, 31.00, 28.00, -1, -1, -1
451, 133, 1301.00, 988.00, 41.00, 21.00, -1, -1, -1
451, 139, 1393.00, 784.00, 54.00, 33.00, -1, -1, -1
451, 111, 1151.00, 837.00, 33.00, 18.00, -1, -1, -1
451, 164, 443.00, 816.00, 35.00, 31.00, -1, -1, -1
451, 166, 1199.00, 800.00, 26.00, 99.00, -1, -1, -1
451, 92, 1132.00, 350.00, 32.00, 51.00, -1, -1, -1
451, 2, 1146.35, 139.24, 35.48, 66.88, -1, -1, -1
451, 5, 739.21, 540.40, 69.30, 61.64, -1, -1, -1
451, 7, 1062.17, 208.65, 23.53, 43.49, -1, -1, -1
451, 88, 1304.18, 197.07, 57.99, 75.85, -1, -1, -1
451, 113, 714.78, 0.40, 23.25, 26.28, -1, -1, -1
451, 119, 1154.00, 562.00, 165.00, 136.00, -1, -1, -1
451, 124, 1120.67, 734.59, 41.46, 74.17, -1, -1, -1
451, 60, 1634.64, 428.92, 78.35, 31.47, -1, -1, -1
451, 140, 518.68, 970.86, 61.51, 60.40, -1, -1, -1
451, 106, 1479.00, 227.00, 33.00, 92.00, -1, -1, -1
451, 1, 685.35, 158.65, 27.43, 33.66, -1, -1, -1
451, 148, 1528.00, 889.00, 151.00, 132.00, -1, -1, -1
451, 65, 1472.00, 10.00, 35.00, 44.00, -1, -1, -1
452, 213, 628.00, 839.00, 17.00, 25.00, -1, -1, -1
452, 212, 70.00, 296.00, 31.00, 28.00, -1, -1, -1
452, 133, 1301.00, 988.00, 41.00, 21.00, -1, -1, -1
452, 139, 1393.00, 784.00, 47.00, 27.00, -1, -1, -1
452, 111, 1149.00, 834.00, 33.00, 18.00, -1, -1, -1
452, 164, 443.00, 816.00, 35.00, 31.00, -1, -1, -1
452, 166, 1199.00, 800.00, 26.00, 99.00, -1, -1, -1
452, 148, 1535.00, 874.00, 147.00, 149.00, -1, -1, -1
452, 92, 1133.00, 344.00, 32.00, 51.00, -1, -1, -1
452, 2, 1146.08, 139.06, 36.09, 66.84, -1, -1, -1
452, 5, 737.36, 539.68, 69.17, 61.54, -1, -1, -1
452, 7, 1062.67, 207.72, 23.42, 43.48, -1, -1, -1
452, 88, 1304.06, 200.54, 55.04, 72.11, -1, -1, -1
452, 113, 713.80, 0.17, 23.54, 26.49, -1, -1, -1
452, 119, 1154.00, 560.00, 167.00, 138.00, -1, -1, -1
452, 124, 1121.16, 731.30, 41.18, 75.23, -1, -1, -1
452, 60, 1628.70, 422.99, 87.94, 35.94, -1, -1, -1
452, 140, 521.80, 969.15, 59.23, 58.41, -1, -1, -1
452, 106, 1481.00, 219.00, 30.00, 94.00, -1, -1, -1
452, 1, 686.05, 158.04, 27.08, 33.21, -1, -1, -1
452, 65, 1472.00, 6.00, 35.00, 42.00, -1, -1, -1
453, 213, 627.00, 841.00, 17.00, 25.00, -1, -1, -1
453, 212, 70.00, 296.00, 31.00, 28.00, -1, -1, -1
453, 133, 1301.00, 988.00, 41.00, 21.00, -1, -1, -1
453, 139, 1393.00, 784.00, 47.00, 27.00, -1, -1, -1
453, 111, 1143.00, 836.00, 33.00, 18.00, -1, -1, -1
453, 164, 443.00, 816.00, 35.00, 31.00, -1, -1, -1
453, 166, 1199.00, 800.00, 26.00, 99.00, -1, -1, -1
453, 92, 1133.00, 344.00, 32.00, 51.00, -1, -1, -1
453, 2, 1146.16, 138.50, 36.94, 67.44, -1, -1, -1
453, 5, 736.23, 538.93, 69.12, 61.50, -1, -1, -1
453, 7, 1061.74, 209.00, 24.26, 41.60, -1, -1, -1
453, 88, 1303.61, 201.87, 53.78, 70.55, -1, -1, -1
453, 113, 712.82, 0.29, 23.46, 26.33, -1, -1, -1
453, 119, 1154.00, 559.00, 167.00, 138.00, -1, -1, -1
453, 124, 1122.59, 727.00, 40.48, 75.36, -1, -1, -1
453, 60, 1632.44, 424.63, 79.61, 32.34, -1, -1, -1
453, 140, 521.11, 966.15, 58.20, 57.61, -1, -1, -1
453, 106, 1482.00, 214.00, 29.00, 86.00, -1, -1, -1
453, 1, 685.95, 156.35, 27.64, 34.05, -1, -1, -1
453, 65, 1476.00, 1.00, 34.00, 38.00, -1, -1, -1
453, 148, 1534.00, 861.00, 150.00, 142.00, -1, -1, -1
454, 213, 627.00, 841.00, 17.00, 25.00, -1, -1, -1
454, 212, 70.00, 296.00, 31.00, 28.00, -1, -1, -1
454, 133, 1301.00, 988.00, 41.00, 21.00, -1, -1, -1
454, 139, 1393.00, 784.00, 47.00, 27.00, -1, -1, -1
454, 111, 1143.00, 836.00, 33.00, 18.00, -1, -1, -1
454, 164, 443.00, 816.00, 35.00, 31.00, -1, -1, -1
454, 166, 1199.00, 800.00, 26.00, 99.00, -1, -1, -1
454, 92, 1133.00, 344.00, 32.00, 51.00, -1, -1, -1
454, 65, 1476.00, 1.00, 36.00, 28.00, -1, -1, -1
454, 2, 1146.59, 138.55, 37.42, 67.42, -1, -1, -1
454, 5, 734.14, 537.93, 69.57, 61.98, -1, -1, -1
454, 7, 1063.00, 209.00, 22.00, 41.00, -1, -1, -1
454, 88, 1302.77, 201.38, 53.74, 70.48, -1, -1, -1
454, 113, 711.18, 0.28, 24.05, 26.86, -1, -1, -1
454, 119, 1156.16, 550.19, 167.52, 139.06, -1, -1, -1
454, 124, 1123.19, 722.79, 40.05, 75.63, -1, -1, -1
454, 60, 1631.61, 422.50, 83.12, 33.80, -1, -1, -1
454, 140, 517.35, 962.14, 61.85, 61.28, -1, -1, -1
454, 106, 1483.00, 207.00, 27.00, 90.00, -1, -1, -1
454, 1, 687.09, 156.25, 26.47, 32.75, -1, -1, -1
454, 148, 1537.29, 852.13, 154.71, 143.87, -1, -1, -1
455, 213, 627.00, 841.00, 17.00, 25.00, -1, -1, -1
455, 212, 70.00, 296.00, 31.00, 28.00, -1, -1, -1
455, 133, 1301.00, 988.00, 41.00, 21.00, -1, -1, -1
455, 139, 1393.00, 784.00, 47.00, 27.00, -1, -1, -1
455, 111, 1145.00, 831.00, 33.00, 18.00, -1, -1, -1
455, 164, 443.00, 816.00, 35.00, 31.00, -1, -1, -1
455, 166, 1200.00, 791.00, 26.00, 99.00, -1, -1, -1
455, 92, 1133.00, 339.00, 33.00, 56.00, -1, -1, -1
455, 65, 1476.00, 1.00, 38.00, 17.00, -1, -1, -1
455, 2, 1147.51, 138.09, 38.03, 67.77, -1, -1, -1
455, 5, 732.94, 537.33, 69.69, 62.16, -1, -1, -1
455, 7, 1062.00, 208.00, 24.00, 42.00, -1, -1, -1
455, 88, 1301.57, 200.82, 53.60, 70.45, -1, -1, -1
455, 113, 710.34, 0.53, 23.80, 26.35, -1, -1, -1
455, 119, 1157.35, 546.80, 169.99, 141.40, -1, -1, -1
455, 124, 1124.39, 719.12, 38.87, 74.47, -1, -1, -1
455, 60, 1632.24, 421.76, 78.59, 31.86, -1, -1, -1
455, 140, 514.54, 959.73, 65.10, 64.56, -1, -1, -1
455, 106, 1485.00, 199.00, 30.00, 97.00, -1, -1, -1
455, 1, 688.14, 155.76, 26.28, 32.63, -1, -1, -1
455, 148, 1537.00, 841.00, 156.00, 145.00, -1, -1, -1
456, 213, 627.00, 841.00, 17.00, 25.00, -1, -1, -1
456, 212, 70.00, 296.00, 31.00, 28.00, -1, -1, -1
456, 133, 1301.00, 988.00, 41.00, 21.00, -1, -1, -1
456, 139, 1394.00, 783.00, 47.00, 27.00, -1, -1, -1
456, 111, 1142.00, 833.00, 33.00, 18.00, -1, -1, -1
456, 164, 442.00, 808.00, 35.00, 31.00, -1, -1, -1
456, 166, 1200.00, 791.00, 26.00, 99.00, -1, -1, -1
456, 2, 1147.73, 138.29, 38.51, 67.65, -1, -1, -1
456, 5, 731.08, 536.63, 69.69, 62.23, -1, -1, -1
456, 7, 1060.89, 206.28, 23.17, 43.74, -1, -1, -1
456, 88, 1299.38, 198.14, 55.11, 72.93, -1, -1, -1
456, 113, 710.55, 0.59, 23.74, 25.88, -1, -1, -1
456, 119, 1162.27, 552.71, 161.98, 133.43, -1, -1, -1
456, 124, 1125.14, 714.42, 38.77, 75.49, -1, -1, -1
456, 60, 1633.55, 421.58, 74.77, 30.08, -1, -1, -1
456, 140, 514.80, 957.92, 62.74, 61.98, -1, -1, -1
456, 1, 688.12, 154.62, 26.01, 32.46, -1, -1, -1
456, 148, 1539.00, 840.00, 159.00, 136.00, -1, -1, -1
456, 106, 1489.04, 194.25, 18.92, 72.07, -1, -1, -1
456, 92, 1133.00, 338.00, 32.00, 54.00, -1, -1, -1
457, 213, 627.00, 841.00, 17.00, 25.00, -1, -1, -1
457, 212, 71.00, 291.00, 31.00, 28.00, -1, -1, -1
457, 133, 1291.00, 988.00, 41.00, 21.00, -1, -1, -1
457, 139, 1394.00, 783.00, 47.00, 27.00, -1, -1, -1
457, 111, 1142.00, 833.00, 33.00, 18.00, -1, -1, -1
457, 164, 442.00, 808.00, 35.00, 31.00, -1, -1, -1
457, 166, 1199.00, 783.00, 26.00, 99.00, -1, -1, -1
457, 92, 1134.00, 334.00, 33.00, 56.00, -1, -1, -1
457, 2, 1148.21, 138.51, 38.85, 67.35, -1, -1, -1
457, 5, 729.44, 535.41, 70.20, 62.75, -1, -1, -1
457, 7, 1060.97, 206.41, 22.83, 42.82, -1, -1, -1
457, 88, 1298.66, 199.59, 53.57, 70.92, -1, -1, -1
457, 113, 709.36, 0.20, 23.33, 25.52, -1, -1, -1
457, 119, 1160.21, 550.84, 162.70, 133.33, -1, -1, -1
457, 124, 1125.56, 710.80, 38.40, 75.85, -1, -1, -1
457, 60, 1631.26, 420.06, 76.93, 30.96, -1, -1, -1
457, 140, 515.05, 954.90, 63.55, 62.85, -1, -1, -1
457, 106, 1488.00, 187.00, 23.00, 83.00, -1, -1, -1
457, 1, 687.85, 153.48, 25.91, 32.40, -1, -1, -1
457, 148, 1538.94, 823.58, 160.06, 132.42, -1, -1, -1
458, 213, 627.00, 841.00, 17.00, 25.00, -1, -1, -1
458, 212, 71.00, 291.00, 31.00, 28.00, -1, -1, -1
458, 133, 1291.00, 988.00, 41.00, 21.00, -1, -1, -1
458, 139, 1394.00, 783.00, 47.00, 27.00, -1, -1, -1
458, 111, 1142.00, 833.00, 33.00, 18.00, -1, -1, -1
458, 164, 440.00, 802.00, 35.00, 31.00, -1, -1, -1
458, 166, 1199.00, 783.00, 26.00, 99.00, -1, -1, -1
458, 2, 1148.66, 138.72, 39.39, 67.23, -1, -1, -1
458, 5, 727.63, 534.72, 70.42, 62.95, -1, -1, -1
458, 7, 1060.80, 207.22, 23.13, 43.22, -1, -1, -1
458, 88, 1297.22, 197.69, 54.42, 72.62, -1, -1, -1
458, 113, 709.09, 0.47, 23.90, 25.63, -1, -1, -1
458, 119, 1163.00, 556.00, 161.00, 131.00, -1, -1, -1
458, 124, 1124.74, 705.64, 40.16, 80.40, -1, -1, -1
458, 60, 1633.71, 419.04, 73.19, 29.29, -1, -1, -1
458, 140, 512.94, 951.88, 64.37, 63.16, -1, -1, -1
458, 1, 687.94, 151.97, 26.45, 33.26, -1, -1, -1
458, 148, 1541.19, 814.16, 162.81, 132.84, -1, -1, -1
458, 106, 1492.21, 182.13, 20.90, 79.62, -1, -1, -1
458, 92, 1134.00, 328.00, 32.00, 59.00, -1, -1, -1
459, 213, 627.00, 841.00, 17.00, 25.00, -1, -1, -1
459, 212, 71.00, 291.00, 31.00, 28.00, -1, -1, -1
459, 133, 1291.00, 988.00, 41.00, 21.00, -1, -1, -1
459, 139, 1394.00, 783.00, 47.00, 27.00, -1, -1, -1
459, 111, 1139.00, 831.00, 33.00, 18.00, -1, -1, -1
459, 164, 440.00, 802.00, 35.00, 31.00, -1, -1, -1
459, 166, 1199.00, 783.00, 26.00, 99.00, -1, -1, -1
459, 92, 1135.00, 329.00, 33.00, 56.00, -1, -1, -1
459, 2, 1149.38, 138.44, 40.44, 67.68, -1, -1, -1
459, 5, 726.36, 534.00, 70.29, 63.02, -1, -1, -1
459, 7, 1060.96, 207.03, 22.82, 42.39, -1, -1, -1
459, 88, 1295.69, 196.26, 54.82, 73.74, -1, -1, -1
459, 113, 707.22, 0.87, 23.72, 25.22, -1, -1, -1
459, 119, 1160.96, 547.87, 163.85, 132.39, -1, -1, -1
459, 124, 1126.10, 700.88, 39.40, 80.17, -1, -1, -1
459, 60, 1633.36, 416.71, 74.44, 29.67, -1, -1, -1
459, 140, 514.82, 948.38, 62.28, 61.30, -1, -1, -1
459, 1, 687.42, 149.09, 27.75, 35.30, -1, -1, -1
459, 148, 1547.00, 810.00, 160.00, 126.00, -1, -1, -1
459, 106, 1494.05, 176.15, 19.64, 74.73, -1, -1, -1
46, 212, 474.00, 429.00, 32.00, 30.00, -1, -1, -1
46, 205, 666.00, 1028.00, 15.00, 16.00, -1, -1, -1
46, 203, 322.00, 364.00, 25.00, 25.00, -1, -1, -1
46, 202, 292.00, 380.00, 18.00, 18.00, -1, -1, -1
46, 200, 974.00, 238.00, 14.00, 23.00, -1, -1, -1
46, 8, 320.78, 719.26, 30.69, 35.54, -1, -1, -1
46, 1, 710.34, 598.15, 101.87, 62.52, -1, -1, -1
46, 2, 1014.91, 85.35, 34.73, 82.50, -1, -1, -1
46, 3, 1440.32, 0.94, 24.72, 27.83, -1, -1, -1
46, 4, -0.00, 145.71, 39.00, 45.29, -1, -1, -1
46, 5, 1224.67, 737.52, 73.00, 61.26, -1, -1, -1
46, 6, 805.81, 288.17, 76.06, 45.71, -1, -1, -1
46, 7, 1141.12, 325.99, 27.66, 45.72, -1, -1, -1
46, 9, 1035.12, 865.13, 42.03, 46.90, -1, -1, -1
46, 14, 717.99, 229.67, 37.98, 24.74, -1, -1, -1
46, 10, 38.35, 505.60, 19.41, 34.26, -1, -1, -1
46, 17, 971.73, 32.94, 27.45, 26.36, -1, -1, -1
460, 213, 627.00, 841.00, 17.00, 25.00, -1, -1, -1
460, 212, 71.00, 291.00, 31.00, 28.00, -1, -1, -1
460, 133, 1291.00, 988.00, 41.00, 21.00, -1, -1, -1
460, 139, 1394.00, 783.00, 47.00, 27.00, -1, -1, -1
460, 111, 1139.00, 831.00, 33.00, 18.00, -1, -1, -1
460, 164, 440.00, 802.00, 35.00, 31.00, -1, -1, -1
460, 166, 1199.00, 783.00, 26.00, 99.00, -1, -1, -1
460, 2, 1150.40, 137.47, 41.28, 68.46, -1, -1, -1
460, 5, 725.20, 534.00, 69.25, 62.05, -1, -1, -1
460, 7, 1060.92, 206.21, 22.93, 42.07, -1, -1, -1
460, 88, 1296.03, 199.42, 52.23, 70.23, -1, -1, -1
460, 113, 706.17, 1.05, 23.42, 24.74, -1, -1, -1
460, 119, 1160.70, 546.19, 165.43, 132.99, -1, -1, -1
460, 124, 1127.76, 697.24, 38.75, 80.02, -1, -1, -1
460, 60, 1631.23, 415.16, 76.93, 30.81, -1, -1, -1
460, 140, 510.53, 943.18, 66.10, 64.53, -1, -1, -1
460, 1, 687.56, 148.28, 27.57, 35.35, -1, -1, -1
460, 148, 1555.00, 805.00, 154.00, 116.00, -1, -1, -1
460, 106, 1495.91, 169.39, 22.04, 83.67, -1, -1, -1
460, 92, 1132.59, 321.86, 29.82, 56.51, -1, -1, -1
461, 213, 627.00, 841.00, 17.00, 25.00, -1, -1, -1
461, 212, 71.00, 291.00, 31.00, 28.00, -1, -1, -1
461, 133, 1291.00, 988.00, 41.00, 21.00, -1, -1, -1
461, 139, 1394.00, 783.00, 47.00, 27.00, -1, -1, -1
461, 111, 1139.00, 831.00, 33.00, 18.00, -1, -1, -1
461, 164, 440.00, 795.00, 35.00, 31.00, -1, -1, -1
461, 166, 1199.00, 783.00, 26.00, 99.00, -1, -1, -1
461, 92, 1135.00, 324.00, 33.00, 56.00, -1, -1, -1
461, 2, 1151.62, 136.87, 41.86, 68.88, -1, -1, -1
461, 5, 722.08, 530.29, 72.35, 65.16, -1, -1, -1
461, 7, 1059.14, 205.00, 26.86, 42.63, -1, -1, -1
461, 88, 1296.99, 203.95, 48.69, 65.08, -1, -1, -1
461, 113, 705.13, 1.23, 23.17, 24.46, -1, -1, -1
461, 119, 1157.85, 542.62, 171.49, 138.20, -1, -1, -1
461, 124, 1129.11, 692.07, 39.00, 81.90, -1, -1, -1
461, 60, 1631.39, 412.41, 77.94, 31.24, -1, -1, -1
461, 140, 507.48, 938.89, 69.99, 68.62, -1, -1, -1
461, 1, 688.80, 148.50, 26.09, 33.64, -1, -1, -1
461, 148, 1554.00, 802.00, 155.00, 103.00, -1, -1, -1
461, 106, 1498.81, 162.90, 24.28, 90.81, -1, -1, -1
462, 213, 627.00, 841.00, 17.00, 25.00, -1, -1, -1
462, 212, 71.00, 291.00, 31.00, 28.00, -1, -1, -1
462, 133, 1291.00, 988.00, 41.00, 21.00, -1, -1, -1
462, 139, 1394.00, 783.00, 45.00, 27.00, -1, -1, -1
462, 111, 1135.00, 828.00, 33.00, 18.00, -1, -1, -1
462, 164, 440.00, 795.00, 35.00, 31.00, -1, -1, -1
462, 166, 1201.00, 773.00, 26.00, 99.00, -1, -1, -1
462, 2, 1153.17, 136.89, 41.84, 68.78, -1, -1, -1
462, 5, 721.71, 531.38, 70.06, 62.90, -1, -1, -1
462, 7, 1061.00, 205.00, 24.00, 41.00, -1, -1, -1
462, 88, 1297.44, 205.38, 47.33, 62.66, -1, -1, -1
462, 113, 704.54, 1.06, 23.07, 24.43, -1, -1, -1
462, 119, 1155.68, 540.84, 172.03, 138.19, -1, -1, -1
462, 124, 1130.27, 687.30, 38.73, 82.59, -1, -1, -1
462, 60, 1631.23, 411.91, 74.87, 29.93, -1, -1, -1
462, 140, 508.95, 937.79, 69.11, 67.31, -1, -1, -1
462, 1, 688.79, 147.65, 25.46, 33.21, -1, -1, -1
462, 148, 1559.00, 789.00, 141.00, 103.00, -1, -1, -1
462, 106, 1499.47, 156.32, 22.97, 85.36, -1, -1, -1
462, 92, 1135.00, 320.00, 27.17, 55.98, -1, -1, -1
463, 213, 625.00, 836.00, 16.00, 24.00, -1, -1, -1
463, 212, 71.00, 291.00, 31.00, 28.00, -1, -1, -1
463, 133, 1291.00, 988.00, 41.00, 21.00, -1, -1, -1
463, 139, 1394.00, 783.00, 45.00, 27.00, -1, -1, -1
463, 111, 1135.00, 828.00, 33.00, 18.00, -1, -1, -1
463, 164, 440.00, 789.00, 35.00, 31.00, -1, -1, -1
463, 166, 1201.00, 773.00, 26.00, 99.00, -1, -1, -1
463, 2, 1154.52, 136.18, 42.23, 69.48, -1, -1, -1
463, 5, 720.38, 531.12, 69.71, 62.49, -1, -1, -1
463, 7, 1060.73, 204.89, 23.37, 42.40, -1, -1, -1
463, 88, 1295.76, 204.34, 48.55, 63.62, -1, -1, -1
463, 113, 703.66, 1.11, 22.94, 24.34, -1, -1, -1
463, 119, 1151.60, 532.33, 178.68, 144.09, -1, -1, -1
463, 124, 1129.53, 682.69, 39.96, 86.25, -1, -1, -1
463, 60, 1627.28, 408.78, 79.49, 31.94, -1, -1, -1
463, 140, 510.38, 934.59, 69.13, 67.70, -1, -1, -1
463, 1, 689.78, 147.38, 24.74, 32.56, -1, -1, -1
463, 148, 1562.00, 785.00, 149.00, 96.00, -1, -1, -1
463, 106, 1500.85, 149.60, 22.86, 84.15, -1, -1, -1
463, 92, 1135.00, 318.00, 29.00, 62.00, -1, -1, -1
464, 213, 625.00, 836.00, 16.00, 24.00, -1, -1, -1
464, 212, 71.00, 291.00, 31.00, 28.00, -1, -1, -1
464, 133, 1291.00, 988.00, 41.00, 21.00, -1, -1, -1
464, 139, 1394.00, 783.00, 45.00, 27.00, -1, -1, -1
464, 111, 1135.00, 828.00, 33.00, 18.00, -1, -1, -1
464, 164, 440.00, 789.00, 35.00, 31.00, -1, -1, -1
464, 166, 1201.00, 773.00, 26.00, 99.00, -1, -1, -1
464, 92, 1135.00, 318.00, 33.00, 56.00, -1, -1, -1
464, 2, 1155.60, 135.91, 42.16, 69.37, -1, -1, -1
464, 5, 718.67, 530.30, 70.11, 62.83, -1, -1, -1
464, 7, 1060.64, 204.95, 23.58, 42.10, -1, -1, -1
464, 88, 1294.88, 202.96, 49.60, 64.49, -1, -1, -1
464, 113, 703.12, 0.89, 22.89, 24.34, -1, -1, -1
464, 119, 1158.39, 534.03, 173.29, 139.49, -1, -1, -1
464, 124, 1129.75, 678.62, 40.34, 88.10, -1, -1, -1
464, 60, 1626.07, 407.44, 78.82, 31.69, -1, -1, -1
464, 140, 508.09, 929.55, 71.40, 69.79, -1, -1, -1
464, 1, 689.75, 146.25, 24.75, 32.69, -1, -1, -1
464, 148, 1568.00, 775.00, 145.00, 92.00, -1, -1, -1
464, 106, 1501.69, 143.33, 24.02, 87.68, -1, -1, -1
465, 213, 625.00, 836.00, 16.00, 24.00, -1, -1, -1
465, 212, 71.00, 291.00, 31.00, 28.00, -1, -1, -1
465, 133, 1284.00, 987.00, 41.00, 21.00, -1, -1, -1
465, 139, 1389.00, 782.00, 45.00, 27.00, -1, -1, -1
465, 111, 1137.00, 826.00, 33.00, 18.00, -1, -1, -1
465, 164, 433.00, 782.00, 35.00, 31.00, -1, -1, -1
465, 166, 1201.00, 773.00, 26.00, 99.00, -1, -1, -1
465, 113, 703.12, 0.89, 22.89, 24.34, -1, -1, -1
465, 92, 1135.00, 314.00, 33.00, 60.00, -1, -1, -1
465, 2, 1156.61, 136.07, 41.86, 69.07, -1, -1, -1
465, 5, 717.26, 529.77, 69.94, 62.46, -1, -1, -1
465, 7, 1059.89, 204.48, 24.09, 42.50, -1, -1, -1
465, 88, 1295.00, 200.93, 51.17, 65.83, -1, -1, -1
465, 119, 1161.31, 534.35, 171.68, 137.62, -1, -1, -1
465, 124, 1130.58, 674.77, 39.93, 88.78, -1, -1, -1
465, 60, 1626.62, 405.76, 78.53, 31.59, -1, -1, -1
465, 140, 507.26, 926.75, 69.79, 67.65, -1, -1, -1
465, 1, 690.45, 145.43, 24.30, 32.12, -1, -1, -1
465, 148, 1572.00, 764.00, 136.00, 85.00, -1, -1, -1
465, 106, 1502.26, 136.31, 25.81, 94.04, -1, -1, -1
466, 213, 625.00, 836.00, 16.00, 24.00, -1, -1, -1
466, 212, 64.00, 286.00, 31.00, 28.00, -1, -1, -1
466, 133, 1284.00, 987.00, 41.00, 21.00, -1, -1, -1
466, 139, 1389.00, 782.00, 45.00, 27.00, -1, -1, -1
466, 111, 1137.00, 826.00, 33.00, 18.00, -1, -1, -1
466, 164, 433.00, 782.00, 35.00, 31.00, -1, -1, -1
466, 166, 1205.00, 763.00, 26.00, 99.00, -1, -1, -1
466, 113, 703.12, 0.89, 22.89, 24.34, -1, -1, -1
466, 2, 1157.58, 136.51, 41.48, 68.58, -1, -1, -1
466, 5, 715.80, 529.10, 69.86, 62.32, -1, -1, -1
466, 7, 1060.03, 203.82, 24.44, 42.65, -1, -1, -1
466, 88, 1293.76, 199.43, 52.40, 67.09, -1, -1, -1
466, 119, 1162.11, 533.04, 170.62, 136.42, -1, -1, -1
466, 124, 1132.04, 670.51, 39.38, 89.00, -1, -1, -1
466, 60, 1626.87, 404.20, 78.40, 31.54, -1, -1, -1
466, 140, 503.44, 922.86, 72.71, 69.73, -1, -1, -1
466, 1, 690.15, 142.53, 25.76, 34.42, -1, -1, -1
466, 148, 1571.00, 752.00, 131.00, 81.00, -1, -1, -1
466, 106, 1503.94, 130.03, 25.40, 92.82, -1, -1, -1
466, 92, 1133.85, 307.90, 29.65, 64.23, -1, -1, -1
467, 213, 625.00, 836.00, 16.00, 24.00, -1, -1, -1
467, 212, 63.00, 284.00, 31.00, 28.00, -1, -1, -1
467, 133, 1284.00, 987.00, 41.00, 21.00, -1, -1, -1
467, 139, 1389.00, 782.00, 45.00, 27.00, -1, -1, -1
467, 111, 1137.00, 826.00, 33.00, 18.00, -1, -1, -1
467, 164, 433.00, 782.00, 35.00, 31.00, -1, -1, -1
467, 166, 1205.00, 763.00, 26.00, 99.00, -1, -1, -1
467, 113, 703.12, 0.89, 22.89, 24.34, -1, -1, -1
467, 92, 1135.00, 310.00, 31.00, 64.00, -1, -1, -1
467, 2, 1158.32, 136.82, 41.50, 68.51, -1, -1, -1
467, 5, 714.75, 528.88, 69.47, 61.77, -1, -1, -1
467, 7, 1059.52, 202.84, 25.72, 44.19, -1, -1, -1
467, 88, 1292.10, 198.62, 53.32, 67.83, -1, -1, -1
467, 119, 1162.36, 532.37, 171.27, 136.46, -1, -1, -1
467, 124, 1133.44, 666.59, 38.43, 88.07, -1, -1, -1
467, 60, 1627.21, 403.18, 75.94, 30.54, -1, -1, -1
467, 140, 500.28, 919.53, 75.36, 71.46, -1, -1, -1
467, 1, 690.34, 142.10, 25.19, 33.80, -1, -1, -1
467, 148, 1578.00, 745.00, 132.00, 94.00, -1, -1, -1
467, 106, 1506.17, 122.21, 25.87, 94.13, -1, -1, -1
468, 213, 625.00, 836.00, 16.00, 24.00, -1, -1, -1
468, 212, 63.00, 284.00, 31.00, 28.00, -1, -1, -1
468, 133, 1284.00, 987.00, 41.00, 21.00, -1, -1, -1
468, 139, 1383.00, 782.00, 45.00, 27.00, -1, -1, -1
468, 111, 1137.00, 823.00, 33.00, 18.00, -1, -1, -1
468, 164, 431.00, 777.00, 35.00, 31.00, -1, -1, -1
468, 166, 1205.00, 763.00, 26.00, 99.00, -1, -1, -1
468, 113, 699.00, 1.00, 23.00, 24.00, -1, -1, -1
468, 92, 1137.00, 305.00, 31.00, 64.00, -1, -1, -1
468, 2, 1159.66, 136.56, 41.32, 68.61, -1, -1, -1
468, 5, 712.91, 527.83, 69.85, 62.06, -1, -1, -1
468, 7, 1058.87, 201.99, 26.13, 44.77, -1, -1, -1
468, 88, 1291.40, 198.08, 53.86, 68.11, -1, -1, -1
468, 119, 1162.73, 534.66, 172.90, 137.47, -1, -1, -1
468, 124, 1134.39, 662.05, 38.15, 88.65, -1, -1, -1
468, 60, 1626.14, 401.86, 77.45, 31.15, -1, -1, -1
468, 140, 509.05, 921.27, 70.07, 66.27, -1, -1, -1
468, 1, 690.85, 141.87, 25.06, 33.54, -1, -1, -1
468, 148, 1581.00, 736.00, 110.00, 76.00, -1, -1, -1
468, 106, 1507.99, 115.52, 25.94, 93.96, -1, -1, -1
469, 213, 625.00, 836.00, 16.00, 24.00, -1, -1, -1
469, 212, 63.00, 284.00, 31.00, 28.00, -1, -1, -1
469, 133, 1284.00, 987.00, 41.00, 21.00, -1, -1, -1
469, 139, 1383.00, 782.00, 45.00, 27.00, -1, -1, -1
469, 111, 1137.00, 823.00, 33.00, 18.00, -1, -1, -1
469, 164, 431.00, 777.00, 35.00, 31.00, -1, -1, -1
469, 166, 1205.00, 763.00, 26.00, 99.00, -1, -1, -1
469, 113, 699.00, 1.00, 23.00, 24.00, -1, -1, -1
469, 92, 1137.00, 305.00, 31.00, 64.00, -1, -1, -1
469, 2, 1159.37, 134.12, 42.75, 71.24, -1, -1, -1
469, 5, 711.05, 527.21, 69.94, 62.17, -1, -1, -1
469, 7, 1058.68, 203.15, 25.21, 43.03, -1, -1, -1
469, 88, 1289.85, 197.27, 54.73, 68.95, -1, -1, -1
469, 119, 1163.63, 533.35, 169.99, 134.39, -1, -1, -1
469, 124, 1135.86, 657.28, 37.74, 88.84, -1, -1, -1
469, 60, 1624.78, 400.19, 77.98, 31.38, -1, -1, -1
469, 140, 510.23, 918.16, 69.17, 66.16, -1, -1, -1
469, 1, 691.27, 140.71, 25.03, 33.44, -1, -1, -1
469, 148, 1588.00, 726.00, 90.00, 49.00, -1, -1, -1
469, 106, 1508.29, 109.02, 27.62, 99.95, -1, -1, -1
47, 212, 474.00, 429.00, 32.00, 30.00, -1, -1, -1
47, 205, 666.00, 1028.00, 15.00, 16.00, -1, -1, -1
47, 203, 319.00, 358.00, 25.00, 25.00, -1, -1, -1
47, 202, 292.00, 380.00, 18.00, 18.00, -1, -1, -1
47, 200, 974.00, 238.00, 14.00, 23.00, -1, -1, -1
47, 17, 970.00, 31.00, 31.00, 29.00, -1, -1, -1
47, 8, 320.78, 719.26, 30.69, 35.54, -1, -1, -1
47, 1, 708.58, 596.23, 102.47, 62.84, -1, -1, -1
47, 2, 1014.72, 85.31, 35.09, 82.80, -1, -1, -1
47, 3, 1439.87, 1.02, 24.48, 27.29, -1, -1, -1
47, 4, 1.00, 149.00, 31.00, 40.00, -1, -1, -1
47, 5, 1222.88, 737.04, 73.37, 61.67, -1, -1, -1
47, 6, 809.54, 281.66, 77.14, 45.74, -1, -1, -1
47, 7, 1140.99, 325.99, 27.76, 45.76, -1, -1, -1
47, 9, 1035.27, 862.03, 43.75, 48.75, -1, -1, -1
47, 14, 717.52, 226.17, 38.05, 24.77, -1, -1, -1
47, 10, 37.87, 505.61, 19.06, 33.50, -1, -1, -1
470, 213, 623.00, 835.00, 16.00, 24.00, -1, -1, -1
470, 212, 63.00, 284.00, 31.00, 28.00, -1, -1, -1
470, 133, 1284.00, 987.00, 41.00, 21.00, -1, -1, -1
470, 139, 1383.00, 782.00, 45.00, 27.00, -1, -1, -1
470, 111, 1137.00, 823.00, 33.00, 18.00, -1, -1, -1
470, 166, 1205.00, 757.00, 26.00, 105.00, -1, -1, -1
470, 113, 699.00, 1.00, 23.00, 24.00, -1, -1, -1
470, 92, 1137.00, 303.00, 31.00, 66.00, -1, -1, -1
470, 2, 1161.10, 136.63, 41.54, 68.68, -1, -1, -1
470, 5, 709.40, 526.01, 70.51, 62.71, -1, -1, -1
470, 7, 1058.20, 202.38, 25.66, 43.59, -1, -1, -1
470, 88, 1287.91, 195.75, 55.83, 70.26, -1, -1, -1
470, 119, 1161.98, 530.90, 168.79, 133.21, -1, -1, -1
470, 124, 1135.15, 652.18, 38.10, 89.86, -1, -1, -1
470, 60, 1623.31, 398.38, 78.17, 31.47, -1, -1, -1
470, 140, 512.37, 916.11, 68.41, 66.12, -1, -1, -1
470, 1, 691.43, 139.81, 24.52, 32.91, -1, -1, -1
470, 148, 1583.00, 719.00, 103.24, 49.27, -1, -1, -1
470, 106, 1509.21, 102.71, 28.49, 104.21, -1, -1, -1
470, 164, 427.04, 770.40, 38.72, 33.90, -1, -1, -1
471, 213, 623.00, 835.00, 16.00, 24.00, -1, -1, -1
471, 212, 63.00, 284.00, 31.00, 28.00, -1, -1, -1
471, 133, 1284.00, 987.00, 41.00, 21.00, -1, -1, -1
471, 139, 1383.00, 782.00, 45.00, 27.00, -1, -1, -1
471, 111, 1137.00, 823.00, 33.00, 18.00, -1, -1, -1
471, 166, 1205.00, 757.00, 26.00, 105.00, -1, -1, -1
471, 113, 699.00, 1.00, 23.00, 24.00, -1, -1, -1
471, 92, 1138.00, 298.00, 31.00, 66.00, -1, -1, -1
471, 2, 1162.09, 137.26, 41.33, 67.91, -1, -1, -1
471, 5, 707.92, 525.09, 70.57, 62.92, -1, -1, -1
471, 7, 1056.70, 200.99, 26.52, 45.03, -1, -1, -1
471, 88, 1287.02, 194.45, 56.62, 71.24, -1, -1, -1
471, 119, 1161.91, 527.54, 171.23, 135.28, -1, -1, -1
471, 124, 1135.44, 647.69, 38.05, 90.23, -1, -1, -1
471, 60, 1623.77, 396.27, 78.23, 31.50, -1, -1, -1
471, 140, 512.37, 912.47, 68.24, 66.10, -1, -1, -1
471, 1, 691.08, 138.27, 25.11, 33.70, -1, -1, -1
471, 148, 1593.00, 706.00, 89.00, 55.00, -1, -1, -1
471, 106, 1511.00, 95.00, 30.00, 110.00, -1, -1, -1
471, 164, 428.48, 769.16, 36.74, 32.09, -1, -1, -1
472, 213, 623.00, 835.00, 16.00, 24.00, -1, -1, -1
472, 212, 63.00, 284.00, 31.00, 28.00, -1, -1, -1
472, 133, 1284.00, 987.00, 41.00, 21.00, -1, -1, -1
472, 139, 1383.00, 782.00, 45.00, 27.00, -1, -1, -1
472, 111, 1132.00, 822.00, 33.00, 18.00, -1, -1, -1
472, 164, 429.00, 766.00, 35.00, 31.00, -1, -1, -1
472, 113, 694.00, 1.00, 23.00, 24.00, -1, -1, -1
472, 2, 1162.49, 136.75, 42.12, 68.74, -1, -1, -1
472, 5, 706.44, 524.77, 70.09, 62.50, -1, -1, -1
472, 7, 1056.34, 200.84, 26.45, 45.08, -1, -1, -1
472, 88, 1285.97, 194.22, 56.43, 71.11, -1, -1, -1
472, 119, 1164.76, 526.58, 166.37, 131.60, -1, -1, -1
472, 124, 1135.83, 642.94, 38.40, 91.32, -1, -1, -1
472, 60, 1623.51, 395.03, 77.19, 31.02, -1, -1, -1
472, 140, 505.98, 908.22, 72.52, 70.05, -1, -1, -1
472, 1, 691.21, 137.11, 25.79, 34.49, -1, -1, -1
472, 148, 1596.00, 696.00, 93.00, 56.52, -1, -1, -1
472, 106, 1513.00, 88.00, 28.00, 98.00, -1, -1, -1
472, 166, 1205.32, 755.25, 25.36, 107.10, -1, -1, -1
472, 92, 1136.43, 293.85, 28.03, 63.73, -1, -1, -1
473, 213, 623.00, 835.00, 16.00, 24.00, -1, -1, -1
473, 212, 54.00, 278.00, 31.00, 28.00, -1, -1, -1
473, 133, 1284.00, 987.00, 41.00, 21.00, -1, -1, -1
473, 139, 1383.00, 782.00, 45.00, 27.00, -1, -1, -1
473, 111, 1132.00, 822.00, 33.00, 18.00, -1, -1, -1
473, 166, 1205.00, 757.00, 26.00, 105.00, -1, -1, -1
473, 113, 694.00, 1.00, 23.00, 24.00, -1, -1, -1
473, 2, 1163.72, 136.81, 42.18, 68.31, -1, -1, -1
473, 5, 704.61, 523.19, 71.07, 63.33, -1, -1, -1
473, 7, 1056.29, 200.80, 26.25, 44.85, -1, -1, -1
473, 88, 1284.79, 194.04, 56.00, 70.81, -1, -1, -1
473, 119, 1160.83, 520.52, 171.50, 136.72, -1, -1, -1
473, 124, 1132.24, 637.85, 41.08, 96.61, -1, -1, -1
473, 60, 1622.87, 393.39, 77.93, 31.33, -1, -1, -1
473, 140, 504.33, 904.76, 72.66, 69.58, -1, -1, -1
473, 1, 691.66, 136.03, 25.71, 34.30, -1, -1, -1
473, 148, 1595.00, 689.00, 103.16, 48.54, -1, -1, -1
473, 106, 1513.05, 81.96, 29.52, 107.11, -1, -1, -1
473, 92, 1136.70, 290.70, 27.70, 66.34, -1, -1, -1
473, 164, 426.49, 763.92, 34.33, 30.13, -1, -1, -1
474, 213, 623.00, 835.00, 16.00, 24.00, -1, -1, -1
474, 212, 48.00, 281.00, 31.00, 28.00, -1, -1, -1
474, 133, 1284.00, 987.00, 41.00, 21.00, -1, -1, -1
474, 111, 1132.00, 822.00, 33.00, 18.00, -1, -1, -1
474, 166, 1205.00, 757.00, 26.00, 105.00, -1, -1, -1
474, 113, 694.00, 1.00, 23.00, 24.00, -1, -1, -1
474, 2, 1164.50, 136.34, 42.48, 68.64, -1, -1, -1
474, 5, 703.33, 523.12, 69.76, 62.16, -1, -1, -1
474, 7, 1056.32, 200.31, 26.11, 45.00, -1, -1, -1
474, 88, 1284.03, 192.75, 56.54, 71.67, -1, -1, -1
474, 119, 1163.01, 521.29, 168.11, 134.67, -1, -1, -1
474, 124, 1133.18, 634.09, 40.35, 94.26, -1, -1, -1
474, 60, 1622.66, 391.10, 78.19, 31.45, -1, -1, -1
474, 140, 501.73, 901.57, 74.68, 71.33, -1, -1, -1
474, 1, 691.60, 134.99, 25.64, 34.22, -1, -1, -1
474, 148, 1597.00, 678.00, 106.47, 50.85, -1, -1, -1
474, 106, 1517.10, 75.12, 27.45, 99.30, -1, -1, -1
474, 92, 1137.24, 289.02, 26.71, 66.71, -1, -1, -1
474, 164, 424.97, 760.84, 35.21, 31.08, -1, -1, -1
474, 139, 1374.73, 779.27, 45.09, 30.03, -1, -1, -1
475, 213, 623.00, 835.00, 16.00, 24.00, -1, -1, -1
475, 212, 48.00, 281.00, 31.00, 28.00, -1, -1, -1
475, 133, 1284.00, 987.00, 41.00, 21.00, -1, -1, -1
475, 139, 1378.00, 782.00, 45.00, 27.00, -1, -1, -1
475, 111, 1132.00, 822.00, 33.00, 18.00, -1, -1, -1
475, 166, 1205.00, 757.00, 26.00, 105.00, -1, -1, -1
475, 113, 694.00, 1.00, 23.00, 24.00, -1, -1, -1
475, 92, 1138.00, 288.00, 31.00, 66.00, -1, -1, -1
475, 2, 1165.26, 136.29, 42.60, 68.39, -1, -1, -1
475, 5, 701.63, 521.88, 70.83, 63.20, -1, -1, -1
475, 7, 1055.71, 199.40, 26.33, 45.54, -1, -1, -1
475, 88, 1282.90, 192.29, 56.52, 71.98, -1, -1, -1
475, 119, 1163.20, 519.20, 167.09, 133.86, -1, -1, -1
475, 124, 1138.82, 629.15, 39.36, 94.23, -1, -1, -1
475, 60, 1623.66, 390.54, 76.17, 30.50, -1, -1, -1
475, 140, 502.11, 898.99, 73.73, 70.02, -1, -1, -1
475, 1, 691.43, 133.77, 25.90, 34.43, -1, -1, -1
475, 148, 1604.00, 667.00, 96.00, 51.00, -1, -1, -1
475, 106, 1520.04, 68.49, 26.66, 96.70, -1, -1, -1
475, 164, 423.99, 757.81, 35.48, 31.37, -1, -1, -1
476, 213, 622.00, 831.00, 16.00, 24.00, -1, -1, -1
476, 212, 48.00, 281.00, 31.00, 28.00, -1, -1, -1
476, 133, 1278.00, 987.00, 41.00, 21.00, -1, -1, -1
476, 111, 1132.00, 822.00, 33.00, 18.00, -1, -1, -1
476, 166, 1207.00, 745.00, 26.00, 111.00, -1, -1, -1
476, 113, 694.00, 1.00, 23.00, 24.00, -1, -1, -1
476, 92, 1141.00, 280.00, 25.00, 61.00, -1, -1, -1
476, 2, 1166.10, 136.65, 42.45, 67.93, -1, -1, -1
476, 5, 699.83, 521.20, 70.71, 63.10, -1, -1, -1
476, 7, 1055.53, 200.79, 25.36, 44.02, -1, -1, -1
476, 88, 1281.59, 191.64, 56.36, 72.09, -1, -1, -1
476, 119, 1162.43, 515.50, 169.37, 136.05, -1, -1, -1
476, 124, 1140.07, 624.23, 38.76, 94.19, -1, -1, -1
476, 60, 1622.91, 388.16, 77.71, 31.14, -1, -1, -1
476, 140, 499.87, 892.70, 79.17, 75.43, -1, -1, -1
476, 1, 691.89, 132.91, 25.91, 34.51, -1, -1, -1
476, 148, 1602.00, 658.00, 110.00, 53.22, -1, -1, -1
476, 106, 1522.39, 60.89, 26.69, 96.61, -1, -1, -1
476, 164, 423.91, 755.54, 34.59, 30.70, -1, -1, -1
476, 139, 1373.00, 779.00, 49.15, 32.01, -1, -1, -1
477, 213, 622.00, 831.00, 16.00, 24.00, -1, -1, -1
477, 173, 681.00, 1061.00, 19.00, 19.00, -1, -1, -1
477, 212, 48.00, 281.00, 31.00, 28.00, -1, -1, -1
477, 133, 1278.00, 987.00, 41.00, 21.00, -1, -1, -1
477, 111, 1129.00, 819.00, 33.00, 18.00, -1, -1, -1
477, 166, 1207.00, 745.00, 26.00, 111.00, -1, -1, -1
477, 113, 689.00, 0.00, 23.00, 24.00, -1, -1, -1
477, 2, 1166.38, 135.17, 43.40, 69.24, -1, -1, -1
477, 5, 698.43, 520.47, 70.72, 63.05, -1, -1, -1
477, 7, 1055.68, 201.97, 24.56, 42.68, -1, -1, -1
477, 88, 1280.85, 191.67, 55.86, 71.88, -1, -1, -1
477, 119, 1163.09, 515.16, 169.31, 136.38, -1, -1, -1
477, 124, 1142.31, 620.06, 37.88, 93.66, -1, -1, -1
477, 60, 1620.69, 386.34, 78.25, 31.38, -1, -1, -1
477, 140, 503.12, 889.44, 76.39, 72.61, -1, -1, -1
477, 1, 692.10, 131.95, 25.35, 33.92, -1, -1, -1
477, 148, 1606.00, 646.00, 108.86, 53.22, -1, -1, -1
477, 106, 1523.82, 52.21, 27.45, 99.67, -1, -1, -1
477, 164, 421.68, 751.48, 36.19, 32.26, -1, -1, -1
477, 139, 1373.00, 777.00, 51.89, 33.86, -1, -1, -1
477, 92, 1138.70, 281.80, 25.08, 64.90, -1, -1, -1
478, 213, 622.00, 831.00, 16.00, 24.00, -1, -1, -1
478, 173, 681.00, 1061.00, 19.00, 19.00, -1, -1, -1
478, 212, 48.00, 281.00, 31.00, 28.00, -1, -1, -1
478, 133, 1278.00, 987.00, 41.00, 21.00, -1, -1, -1
478, 139, 1371.00, 776.00, 48.00, 33.00, -1, -1, -1
478, 111, 1129.00, 819.00, 33.00, 18.00, -1, -1, -1
478, 166, 1207.00, 745.00, 26.00, 111.00, -1, -1, -1
478, 113, 689.00, 0.00, 23.00, 24.00, -1, -1, -1
478, 92, 1141.00, 280.00, 25.00, 61.00, -1, -1, -1
478, 2, 1167.93, 136.47, 42.77, 67.76, -1, -1, -1
478, 5, 696.95, 519.74, 70.76, 63.03, -1, -1, -1
478, 7, 1055.56, 201.79, 24.65, 42.68, -1, -1, -1
478, 88, 1279.78, 191.45, 55.34, 71.79, -1, -1, -1
478, 119, 1161.03, 511.15, 171.91, 139.47, -1, -1, -1
478, 124, 1144.82, 614.95, 37.12, 94.41, -1, -1, -1
478, 60, 1618.29, 383.98, 81.59, 32.95, -1, -1, -1
478, 140, 502.41, 887.36, 75.42, 71.41, -1, -1, -1
478, 1, 692.14, 130.88, 25.68, 34.31, -1, -1, -1
478, 148, 1609.00, 635.00, 102.00, 53.00, -1, -1, -1
478, 106, 1526.26, 43.01, 27.75, 101.04, -1, -1, -1
478, 164, 421.50, 750.10, 34.58, 30.82, -1, -1, -1
479, 213, 619.00, 832.00, 16.00, 24.00, -1, -1, -1
479, 173, 681.00, 1061.00, 19.00, 19.00, -1, -1, -1
479, 212, 48.00, 281.00, 31.00, 28.00, -1, -1, -1
479, 133, 1278.00, 987.00, 41.00, 21.00, -1, -1, -1
479, 139, 1371.00, 776.00, 48.00, 33.00, -1, -1, -1
479, 111, 1129.00, 819.00, 33.00, 18.00, -1, -1, -1
479, 166, 1207.00, 745.00, 26.00, 111.00, -1, -1, -1
479, 113, 689.00, 0.00, 23.00, 24.00, -1, -1, -1
479, 92, 1141.00, 280.00, 25.00, 61.00, -1, -1, -1
479, 2, 1168.27, 135.73, 43.96, 69.56, -1, -1, -1
479, 5, 695.24, 518.99, 70.73, 63.03, -1, -1, -1
479, 7, 1056.12, 201.85, 24.48, 42.19, -1, -1, -1
479, 88, 1278.96, 191.14, 55.06, 71.99, -1, -1, -1
479, 119, 1162.31, 506.76, 173.68, 141.60, -1, -1, -1
479, 124, 1146.04, 610.71, 36.23, 94.19, -1, -1, -1
479, 60, 1619.10, 382.89, 79.44, 32.08, -1, -1, -1
479, 140, 502.73, 884.71, 78.37, 73.91, -1, -1, -1
479, 1, 692.49, 130.27, 25.13, 33.47, -1, -1, -1
479, 148, 1614.00, 620.00, 105.00, 60.00, -1, -1, -1
479, 106, 1528.34, 35.64, 27.40, 99.80, -1, -1, -1
479, 164, 421.45, 746.93, 34.03, 30.50, -1, -1, -1
48, 212, 474.00, 429.00, 32.00, 30.00, -1, -1, -1
48, 205, 663.00, 1024.00, 15.00, 16.00, -1, -1, -1
48, 203, 319.00, 358.00, 25.00, 25.00, -1, -1, -1
48, 202, 291.00, 372.00, 18.00, 18.00, -1, -1, -1
48, 200, 974.00, 238.00, 14.00, 23.00, -1, -1, -1
48, 17, 970.00, 31.00, 31.00, 29.00, -1, -1, -1
48, 14, 717.52, 226.17, 38.05, 24.77, -1, -1, -1
48, 8, 321.00, 713.00, 28.00, 34.00, -1, -1, -1
48, 1, 707.45, 594.09, 102.74, 62.96, -1, -1, -1
48, 2, 1014.41, 84.52, 35.67, 83.80, -1, -1, -1
48, 3, 1439.85, 0.87, 24.13, 26.56, -1, -1, -1
48, 4, -0.00, 146.25, 25.00, 42.75, -1, -1, -1
48, 5, 1221.41, 736.65, 74.16, 62.54, -1, -1, -1
48, 6, 805.27, 274.93, 76.96, 45.75, -1, -1, -1
48, 7, 1140.94, 325.74, 27.82, 46.01, -1, -1, -1
48, 9, 1037.85, 861.42, 36.40, 40.66, -1, -1, -1
48, 10, 36.68, 504.38, 19.48, 34.21, -1, -1, -1
480, 213, 619.00, 832.00, 16.00, 24.00, -1, -1, -1
480, 173, 681.00, 1061.00, 19.00, 19.00, -1, -1, -1
480, 212, 48.00, 281.00, 31.00, 28.00, -1, -1, -1
480, 133, 1270.00, 986.00, 41.00, 21.00, -1, -1, -1
480, 111, 1129.00, 819.00, 33.00, 18.00, -1, -1, -1
480, 113, 689.00, 0.00, 23.00, 24.00, -1, -1, -1
480, 92, 1141.00, 280.00, 25.00, 61.00, -1, -1, -1
480, 2, 1169.17, 135.95, 43.76, 68.99, -1, -1, -1
480, 5, 693.67, 518.24, 70.70, 63.02, -1, -1, -1
480, 7, 1055.12, 199.76, 25.87, 44.51, -1, -1, -1
480, 88, 1277.97, 191.17, 54.42, 71.81, -1, -1, -1
480, 119, 1167.52, 509.56, 167.86, 136.52, -1, -1, -1
480, 124, 1146.20, 605.57, 36.42, 96.54, -1, -1, -1
480, 60, 1620.14, 381.57, 77.22, 31.23, -1, -1, -1
480, 140, 501.52, 879.89, 79.20, 74.83, -1, -1, -1
480, 1, 692.66, 128.96, 25.34, 33.64, -1, -1, -1
480, 148, 1619.00, 614.00, 108.00, 51.00, -1, -1, -1
480, 106, 1529.61, 30.87, 30.10, 110.16, -1, -1, -1
480, 164, 420.36, 744.11, 34.53, 31.15, -1, -1, -1
480, 166, 1207.93, 740.37, 26.08, 110.97, -1, -1, -1
480, 139, 1369.23, 775.85, 46.35, 31.62, -1, -1, -1
481, 213, 619.00, 832.00, 16.00, 24.00, -1, -1, -1
481, 173, 680.00, 1057.00, 19.00, 19.00, -1, -1, -1
481, 212, 48.00, 281.00, 31.00, 28.00, -1, -1, -1
481, 133, 1270.00, 986.00, 41.00, 21.00, -1, -1, -1
481, 139, 1371.00, 776.00, 48.00, 33.00, -1, -1, -1
481, 111, 1128.00, 815.00, 33.00, 18.00, -1, -1, -1
481, 164, 421.00, 747.00, 35.00, 31.00, -1, -1, -1
481, 166, 1208.00, 745.00, 28.00, 93.00, -1, -1, -1
481, 113, 689.00, 0.00, 23.00, 24.00, -1, -1, -1
481, 2, 1169.89, 133.93, 44.85, 70.51, -1, -1, -1
481, 5, 692.81, 517.74, 70.35, 62.52, -1, -1, -1
481, 7, 1055.61, 201.19, 24.67, 42.43, -1, -1, -1
481, 88, 1277.43, 191.08, 53.58, 71.24, -1, -1, -1
481, 119, 1173.77, 508.77, 167.10, 135.52, -1, -1, -1
481, 124, 1148.68, 600.83, 35.50, 96.44, -1, -1, -1
481, 60, 1617.78, 378.39, 81.93, 33.40, -1, -1, -1
481, 140, 499.18, 877.66, 79.85, 75.16, -1, -1, -1
481, 1, 693.13, 128.51, 25.07, 33.21, -1, -1, -1
481, 148, 1630.00, 605.00, 92.00, 55.00, -1, -1, -1
481, 106, 1531.74, 24.39, 31.09, 114.04, -1, -1, -1
481, 92, 1140.52, 273.67, 24.31, 65.19, -1, -1, -1
482, 213, 619.00, 832.00, 16.00, 24.00, -1, -1, -1
482, 173, 680.00, 1057.00, 19.00, 19.00, -1, -1, -1
482, 212, 41.00, 282.00, 31.00, 28.00, -1, -1, -1
482, 133, 1270.00, 986.00, 41.00, 21.00, -1, -1, -1
482, 139, 1371.00, 776.00, 48.00, 33.00, -1, -1, -1
482, 111, 1128.00, 815.00, 33.00, 18.00, -1, -1, -1
482, 166, 1212.00, 744.00, 23.00, 94.00, -1, -1, -1
482, 113, 689.00, 0.00, 23.00, 24.00, -1, -1, -1
482, 92, 1141.00, 274.00, 25.00, 61.00, -1, -1, -1
482, 2, 1171.62, 135.02, 44.25, 69.35, -1, -1, -1
482, 5, 691.29, 516.84, 70.73, 62.83, -1, -1, -1
482, 7, 1055.43, 201.02, 24.98, 42.61, -1, -1, -1
482, 88, 1276.73, 190.31, 53.35, 71.27, -1, -1, -1
482, 119, 1174.61, 509.53, 165.74, 134.15, -1, -1, -1
482, 124, 1149.61, 596.24, 35.13, 97.35, -1, -1, -1
482, 60, 1619.34, 378.46, 76.89, 31.29, -1, -1, -1
482, 140, 501.09, 874.48, 78.91, 74.28, -1, -1, -1
482, 1, 693.00, 127.14, 25.58, 34.05, -1, -1, -1
482, 148, 1633.00, 591.00, 101.00, 60.00, -1, -1, -1
482, 106, 1534.82, 17.65, 29.28, 105.19, -1, -1, -1
482, 164, 417.09, 738.19, 36.23, 32.61, -1, -1, -1
483, 213, 619.00, 832.00, 16.00, 24.00, -1, -1, -1
483, 173, 680.00, 1057.00, 19.00, 19.00, -1, -1, -1
483, 212, 41.00, 282.00, 31.00, 28.00, -1, -1, -1
483, 208, 893.00, 1071.00, 24.00, 9.00, -1, -1, -1
483, 133, 1270.00, 986.00, 41.00, 21.00, -1, -1, -1
483, 111, 1128.00, 815.00, 33.00, 18.00, -1, -1, -1
483, 166, 1213.00, 750.00, 22.00, 88.00, -1, -1, -1
483, 113, 689.00, 0.00, 23.00, 24.00, -1, -1, -1
483, 2, 1173.20, 135.08, 44.09, 68.89, -1, -1, -1
483, 5, 690.25, 516.52, 69.94, 61.96, -1, -1, -1
483, 7, 1055.31, 200.47, 25.20, 42.67, -1, -1, -1
483, 88, 1275.64, 189.79, 53.01, 71.53, -1, -1, -1
483, 119, 1172.00, 511.00, 163.28, 131.03, -1, -1, -1
483, 124, 1149.73, 590.73, 35.36, 99.64, -1, -1, -1
483, 60, 1616.65, 375.61, 81.55, 33.44, -1, -1, -1
483, 140, 499.47, 870.43, 80.32, 75.90, -1, -1, -1
483, 1, 692.91, 125.86, 25.84, 34.48, -1, -1, -1
483, 148, 1630.00, 582.00, 106.00, 59.00, -1, -1, -1
483, 106, 1535.45, 10.84, 31.46, 112.81, -1, -1, -1
483, 164, 416.08, 733.66, 37.36, 33.93, -1, -1, -1
483, 139, 1368.00, 776.00, 47.00, 35.00, -1, -1, -1
483, 92, 1141.07, 266.30, 24.74, 68.21, -1, -1, -1
484, 213, 619.00, 832.00, 16.00, 24.00, -1, -1, -1
484, 173, 680.00, 1052.00, 19.00, 19.00, -1, -1, -1
484, 212, 41.00, 282.00, 31.00, 28.00, -1, -1, -1
484, 208, 895.00, 1069.00, 22.00, 11.00, -1, -1, -1
484, 133, 1270.00, 986.00, 41.00, 21.00, -1, -1, -1
484, 111, 1128.00, 815.00, 33.00, 18.00, -1, -1, -1
484, 166, 1213.00, 750.00, 22.00, 88.00, -1, -1, -1
484, 113, 684.00, -0.00, 23.00, 20.00, -1, -1, -1
484, 2, 1174.22, 134.99, 44.09, 68.72, -1, -1, -1
484, 5, 688.68, 515.69, 70.15, 62.12, -1, -1, -1
484, 7, 1055.22, 200.26, 25.38, 42.70, -1, -1, -1
484, 88, 1275.19, 189.61, 53.03, 71.87, -1, -1, -1
484, 119, 1177.00, 510.00, 158.99, 131.47, -1, -1, -1
484, 124, 1150.82, 585.85, 35.27, 100.98, -1, -1, -1
484, 60, 1613.90, 373.63, 84.86, 35.17, -1, -1, -1
484, 140, 499.13, 869.00, 79.85, 75.51, -1, -1, -1
484, 1, 693.55, 125.59, 25.06, 33.54, -1, -1, -1
484, 148, 1637.00, 567.00, 105.00, 59.00, -1, -1, -1
484, 106, 1537.66, 3.41, 32.13, 116.10, -1, -1, -1
484, 164, 414.72, 730.59, 38.30, 34.89, -1, -1, -1
484, 139, 1367.00, 777.00, 50.00, 34.00, -1, -1, -1
484, 92, 1141.35, 261.95, 24.45, 70.34, -1, -1, -1
485, 213, 619.00, 829.00, 16.00, 24.00, -1, -1, -1
485, 173, 680.00, 1052.00, 19.00, 19.00, -1, -1, -1
485, 212, 41.00, 275.00, 31.00, 28.00, -1, -1, -1
485, 208, 895.00, 1069.00, 22.00, 11.00, -1, -1, -1
485, 133, 1264.00, 986.00, 41.00, 21.00, -1, -1, -1
485, 139, 1367.00, 777.00, 45.00, 32.00, -1, -1, -1
485, 111, 1121.00, 814.00, 33.00, 18.00, -1, -1, -1
485, 164, 419.00, 732.00, 35.00, 31.00, -1, -1, -1
485, 166, 1214.00, 738.00, 23.00, 96.00, -1, -1, -1
485, 113, 684.00, -0.00, 23.00, 20.00, -1, -1, -1
485, 2, 1175.04, 134.58, 44.14, 68.66, -1, -1, -1
485, 5, 686.40, 514.66, 70.73, 62.68, -1, -1, -1
485, 7, 1055.42, 200.19, 25.00, 42.22, -1, -1, -1
485, 88, 1274.75, 190.80, 51.67, 70.02, -1, -1, -1
485, 119, 1179.00, 504.00, 158.14, 135.34, -1, -1, -1
485, 124, 1152.33, 580.23, 34.93, 101.95, -1, -1, -1
485, 60, 1615.58, 372.19, 80.68, 33.43, -1, -1, -1
485, 140, 498.42, 867.61, 81.33, 77.31, -1, -1, -1
485, 1, 693.54, 123.92, 25.27, 33.92, -1, -1, -1
485, 148, 1639.00, 561.00, 103.00, 54.00, -1, -1, -1
485, 106, 1540.65, -0.00, 31.88, 114.52, -1, -1, -1
485, 92, 1142.21, 262.36, 22.81, 67.44, -1, -1, -1
486, 213, 619.00, 829.00, 16.00, 24.00, -1, -1, -1
486, 173, 680.00, 1052.00, 19.00, 19.00, -1, -1, -1
486, 212, 41.00, 275.00, 31.00, 28.00, -1, -1, -1
486, 208, 895.00, 1064.00, 22.00, 13.00, -1, -1, -1
486, 133, 1264.00, 986.00, 41.00, 21.00, -1, -1, -1
486, 139, 1367.00, 777.00, 45.00, 32.00, -1, -1, -1
486, 111, 1121.00, 814.00, 33.00, 18.00, -1, -1, -1
486, 166, 1214.00, 738.00, 23.00, 96.00, -1, -1, -1
486, 113, 684.00, -0.00, 23.00, 20.00, -1, -1, -1
486, 92, 1142.00, 262.00, 25.00, 61.00, -1, -1, -1
486, 2, 1175.78, 134.19, 44.21, 68.88, -1, -1, -1
486, 5, 684.62, 513.80, 70.91, 62.89, -1, -1, -1
486, 7, 1055.53, 200.42, 24.81, 42.04, -1, -1, -1
486, 88, 1273.40, 190.27, 51.61, 69.81, -1, -1, -1
486, 119, 1178.00, 502.00, 157.68, 136.09, -1, -1, -1
486, 124, 1153.06, 575.56, 34.43, 102.78, -1, -1, -1
486, 60, 1608.02, 366.49, 93.55, 39.68, -1, -1, -1
486, 140, 495.77, 861.31, 81.78, 77.97, -1, -1, -1
486, 1, 693.76, 122.83, 25.38, 34.06, -1, -1, -1
486, 148, 1640.00, 547.00, 112.00, 64.00, -1, -1, -1
486, 106, 1543.36, -0.00, 28.52, 99.22, -1, -1, -1
486, 164, 413.67, 724.60, 37.88, 34.68, -1, -1, -1
487, 213, 619.00, 829.00, 16.00, 24.00, -1, -1, -1
487, 173, 680.00, 1046.00, 19.00, 19.00, -1, -1, -1
487, 212, 41.00, 275.00, 31.00, 28.00, -1, -1, -1
487, 208, 895.00, 1064.00, 22.00, 13.00, -1, -1, -1
487, 133, 1264.00, 986.00, 41.00, 21.00, -1, -1, -1
487, 139, 1367.00, 777.00, 45.00, 32.00, -1, -1, -1
487, 111, 1121.00, 814.00, 33.00, 18.00, -1, -1, -1
487, 164, 413.59, 720.38, 34.59, 31.58, -1, -1, -1
487, 166, 1214.00, 738.00, 23.00, 96.00, -1, -1, -1
487, 113, 684.00, -0.00, 23.00, 20.00, -1, -1, -1
487, 2, 1176.60, 134.29, 44.05, 68.96, -1, -1, -1
487, 5, 683.21, 513.01, 71.10, 62.98, -1, -1, -1
487, 7, 1054.26, 197.40, 26.36, 44.96, -1, -1, -1
487, 88, 1271.26, 189.33, 51.96, 70.23, -1, -1, -1
487, 119, 1178.00, 502.00, 162.00, 139.00, -1, -1, -1
487, 124, 1154.43, 570.51, 33.95, 103.56, -1, -1, -1
487, 60, 1615.74, 368.37, 80.99, 34.02, -1, -1, -1
487, 140, 498.65, 858.99, 80.05, 76.25, -1, -1, -1
487, 1, 694.40, 121.97, 25.28, 34.11, -1, -1, -1
487, 148, 1648.00, 538.00, 112.00, 64.00, -1, -1, -1
487, 106, 1546.42, 0.00, 24.91, 84.68, -1, -1, -1
487, 92, 1143.71, 259.70, 21.02, 64.01, -1, -1, -1
488, 213, 619.00, 829.00, 16.00, 24.00, -1, -1, -1
488, 173, 680.00, 1046.00, 19.00, 19.00, -1, -1, -1
488, 212, 31.00, 273.00, 31.00, 28.00, -1, -1, -1
488, 208, 895.00, 1060.00, 22.00, 13.00, -1, -1, -1
488, 133, 1263.00, 986.00, 42.00, 19.00, -1, -1, -1
488, 139, 1367.00, 777.00, 45.00, 32.00, -1, -1, -1
488, 111, 1122.00, 811.00, 33.00, 18.00, -1, -1, -1
488, 166, 1214.00, 738.00, 23.00, 96.00, -1, -1, -1
488, 113, 684.00, -0.00, 23.00, 20.00, -1, -1, -1
488, 92, 1143.00, 261.00, 25.00, 61.00, -1, -1, -1
488, 2, 1177.96, 134.09, 43.81, 68.87, -1, -1, -1
488, 5, 680.99, 511.75, 72.17, 63.99, -1, -1, -1
488, 7, 1053.44, 196.18, 26.68, 46.04, -1, -1, -1
488, 88, 1268.39, 189.49, 51.33, 69.40, -1, -1, -1
488, 119, 1178.00, 501.00, 159.61, 134.22, -1, -1, -1
488, 124, 1154.91, 565.57, 35.75, 112.15, -1, -1, -1
488, 60, 1618.44, 368.23, 75.00, 31.36, -1, -1, -1
488, 140, 497.83, 857.26, 79.32, 75.55, -1, -1, -1
488, 1, 694.33, 120.07, 25.85, 34.88, -1, -1, -1
488, 148, 1655.00, 525.00, 114.70, 56.80, -1, -1, -1
488, 106, 1548.72, 0.00, 20.92, 70.44, -1, -1, -1
488, 164, 413.59, 720.38, 34.59, 31.58, -1, -1, -1
489, 213, 619.00, 829.00, 16.00, 24.00, -1, -1, -1
489, 173, 678.00, 1039.00, 19.00, 19.00, -1, -1, -1
489, 212, 31.00, 273.00, 31.00, 28.00, -1, -1, -1
489, 208, 895.00, 1060.00, 22.00, 13.00, -1, -1, -1
489, 106, 1548.72, 0.00, 22.28, 60.00, -1, -1, -1
489, 133, 1263.00, 986.00, 42.00, 19.00, -1, -1, -1
489, 139, 1367.00, 777.00, 45.00, 32.00, -1, -1, -1
489, 111, 1122.00, 811.00, 33.00, 18.00, -1, -1, -1
489, 164, 411.80, 715.68, 33.89, 30.85, -1, -1, -1
489, 166, 1214.00, 738.00, 23.00, 96.00, -1, -1, -1
489, 113, 679.00, -0.00, 23.00, 20.00, -1, -1, -1
489, 2, 1179.57, 134.27, 43.42, 68.46, -1, -1, -1
489, 5, 679.20, 511.30, 72.13, 63.88, -1, -1, -1
489, 7, 1053.57, 197.30, 25.91, 44.99, -1, -1, -1
489, 88, 1266.67, 190.56, 50.47, 68.09, -1, -1, -1
489, 119, 1180.00, 498.00, 157.37, 134.24, -1, -1, -1
489, 124, 1156.42, 561.14, 33.72, 107.74, -1, -1, -1
489, 60, 1617.96, 365.68, 77.83, 32.46, -1, -1, -1
489, 140, 499.16, 854.74, 77.78, 74.28, -1, -1, -1
489, 1, 694.49, 119.39, 25.68, 34.67, -1, -1, -1
489, 148, 1656.00, 519.00, 114.00, 55.00, -1, -1, -1
489, 92, 1144.47, 254.78, 20.96, 65.22, -1, -1, -1
49, 212, 474.00, 429.00, 32.00, 30.00, -1, -1, -1
49, 205, 663.00, 1024.00, 15.00, 16.00, -1, -1, -1
49, 203, 315.00, 361.00, 29.00, 22.00, -1, -1, -1
49, 202, 291.00, 372.00, 18.00, 18.00, -1, -1, -1
49, 200, 974.00, 238.00, 14.00, 23.00, -1, -1, -1
49, 8, 321.00, 713.00, 28.00, 34.00, -1, -1, -1
49, 1, 705.37, 591.38, 104.26, 63.99, -1, -1, -1
49, 2, 1014.00, 83.30, 36.45, 85.09, -1, -1, -1
49, 3, 1440.13, 1.06, 23.48, 25.43, -1, -1, -1
49, 4, -0.00, 144.62, 25.00, 38.38, -1, -1, -1
49, 5, 1220.36, 736.76, 73.57, 62.11, -1, -1, -1
49, 6, 806.78, 271.36, 74.63, 44.26, -1, -1, -1
49, 7, 1140.07, 325.29, 28.58, 47.34, -1, -1, -1
49, 9, 1040.48, 860.42, 31.21, 35.15, -1, -1, -1
49, 10, 36.18, 504.19, 19.35, 33.98, -1, -1, -1
49, 17, 971.79, 22.80, 27.36, 26.31, -1, -1, -1
49, 14, 716.58, 219.67, 37.22, 24.18, -1, -1, -1
490, 213, 615.00, 825.00, 16.00, 24.00, -1, -1, -1
490, 173, 678.00, 1039.00, 19.00, 19.00, -1, -1, -1
490, 212, 31.00, 273.00, 31.00, 28.00, -1, -1, -1
490, 208, 895.00, 1056.00, 22.00, 13.00, -1, -1, -1
490, 106, 1548.72, 0.00, 22.28, 53.00, -1, -1, -1
490, 133, 1263.00, 986.00, 42.00, 19.00, -1, -1, -1
490, 139, 1367.00, 777.00, 45.00, 32.00, -1, -1, -1
490, 111, 1122.00, 811.00, 33.00, 18.00, -1, -1, -1
490, 166, 1217.00, 736.00, 23.00, 96.00, -1, -1, -1
490, 113, 679.00, -0.00, 23.00, 20.00, -1, -1, -1
490, 2, 1181.30, 134.96, 42.94, 67.81, -1, -1, -1
490, 5, 678.42, 510.43, 71.93, 63.84, -1, -1, -1
490, 7, 1052.56, 197.27, 25.77, 45.06, -1, -1, -1
490, 88, 1267.17, 195.48, 47.96, 63.60, -1, -1, -1
490, 119, 1178.00, 498.00, 162.33, 131.44, -1, -1, -1
490, 124, 1158.27, 556.45, 32.29, 105.32, -1, -1, -1
490, 60, 1615.90, 363.81, 78.65, 32.84, -1, -1, -1
490, 140, 502.09, 851.92, 77.34, 72.80, -1, -1, -1
490, 1, 693.08, 115.59, 27.55, 37.31, -1, -1, -1
490, 148, 1668.00, 499.00, 102.00, 54.00, -1, -1, -1
490, 92, 1144.60, 253.29, 20.95, 66.56, -1, -1, -1
490, 164, 411.80, 715.68, 33.89, 30.85, -1, -1, -1
491, 213, 615.00, 825.00, 16.00, 24.00, -1, -1, -1
491, 173, 678.00, 1039.00, 19.00, 19.00, -1, -1, -1
491, 212, 31.00, 273.00, 31.00, 28.00, -1, -1, -1
491, 208, 895.00, 1056.00, 22.00, 13.00, -1, -1, -1
491, 106, 1548.72, 0.00, 22.28, 53.00, -1, -1, -1
491, 133, 1263.00, 986.00, 42.00, 19.00, -1, -1, -1
491, 139, 1363.00, 776.00, 45.00, 32.00, -1, -1, -1
491, 166, 1217.00, 724.00, 23.00, 96.00, -1, -1, -1
491, 113, 679.00, -0.00, 23.00, 20.00, -1, -1, -1
491, 2, 1182.26, 134.36, 43.06, 68.19, -1, -1, -1
491, 5, 676.43, 509.38, 72.40, 64.31, -1, -1, -1
491, 7, 1052.50, 197.88, 25.11, 44.34, -1, -1, -1
491, 88, 1267.26, 197.60, 47.39, 61.41, -1, -1, -1
491, 119, 1178.00, 494.00, 170.00, 132.00, -1, -1, -1
491, 124, 1158.70, 551.39, 32.21, 106.35, -1, -1, -1
491, 60, 1616.44, 362.80, 76.33, 31.87, -1, -1, -1
491, 140, 500.00, 847.49, 78.58, 74.24, -1, -1, -1
491, 1, 694.28, 115.40, 26.24, 35.64, -1, -1, -1
491, 92, 1144.87, 251.93, 20.50, 66.79, -1, -1, -1
491, 148, 1666.00, 495.00, 109.00, 61.00, -1, -1, -1
491, 164, 407.73, 709.04, 39.77, 36.42, -1, -1, -1
491, 111, 1114.07, 805.50, 39.86, 21.00, -1, -1, -1
492, 213, 615.00, 825.00, 16.00, 24.00, -1, -1, -1
492, 173, 677.00, 1033.00, 19.00, 19.00, -1, -1, -1
492, 212, 31.00, 273.00, 31.00, 28.00, -1, -1, -1
492, 208, 895.00, 1051.00, 22.00, 13.00, -1, -1, -1
492, 106, 1548.72, -0.00, 25.28, 41.00, -1, -1, -1
492, 133, 1263.00, 986.00, 42.00, 19.00, -1, -1, -1
492, 139, 1363.00, 776.00, 45.00, 32.00, -1, -1, -1
492, 166, 1217.00, 724.00, 23.00, 96.00, -1, -1, -1
492, 113, 679.00, -0.00, 23.00, 20.00, -1, -1, -1
492, 2, 1183.21, 134.26, 42.84, 67.97, -1, -1, -1
492, 5, 675.31, 509.01, 71.45, 63.50, -1, -1, -1
492, 7, 1052.11, 197.88, 24.60, 43.81, -1, -1, -1
492, 88, 1266.41, 197.06, 49.06, 62.20, -1, -1, -1
492, 119, 1173.00, 492.00, 177.00, 134.00, -1, -1, -1
492, 124, 1159.00, 546.00, 28.00, 109.00, -1, -1, -1
492, 60, 1615.55, 361.38, 75.68, 31.62, -1, -1, -1
492, 140, 499.15, 842.48, 80.17, 76.75, -1, -1, -1
492, 1, 695.30, 115.55, 25.11, 34.19, -1, -1, -1
492, 92, 1145.15, 250.01, 19.94, 66.37, -1, -1, -1
492, 148, 1671.00, 481.00, 107.00, 63.00, -1, -1, -1
492, 164, 409.21, 706.73, 37.85, 34.52, -1, -1, -1
492, 111, 1114.14, 804.77, 39.22, 21.02, -1, -1, -1
493, 213, 615.00, 825.00, 16.00, 24.00, -1, -1, -1
493, 173, 677.00, 1033.00, 19.00, 19.00, -1, -1, -1
493, 212, 31.00, 273.00, 31.00, 28.00, -1, -1, -1
493, 208, 895.00, 1051.00, 22.00, 13.00, -1, -1, -1
493, 106, 1549.00, -0.00, 25.00, 41.00, -1, -1, -1
493, 133, 1263.00, 986.00, 42.00, 19.00, -1, -1, -1
493, 139, 1363.00, 776.00, 45.00, 32.00, -1, -1, -1
493, 111, 1120.00, 809.00, 33.00, 18.00, -1, -1, -1
493, 166, 1217.00, 724.00, 23.00, 96.00, -1, -1, -1
493, 113, 679.00, -0.00, 23.00, 20.00, -1, -1, -1
493, 2, 1184.54, 133.97, 42.72, 67.88, -1, -1, -1
493, 5, 672.71, 505.43, 74.08, 66.16, -1, -1, -1
493, 7, 1052.61, 198.14, 24.16, 43.61, -1, -1, -1
493, 88, 1266.16, 197.85, 49.60, 61.49, -1, -1, -1
493, 119, 1176.00, 492.00, 174.00, 133.00, -1, -1, -1
493, 124, 1160.94, 535.84, 33.44, 114.68, -1, -1, -1
493, 60, 1611.49, 356.91, 82.93, 35.03, -1, -1, -1
493, 140, 498.02, 837.75, 81.42, 78.67, -1, -1, -1
493, 1, 696.20, 115.28, 24.66, 33.64, -1, -1, -1
493, 92, 1146.11, 247.14, 19.99, 68.68, -1, -1, -1
493, 148, 1677.00, 470.00, 109.00, 65.00, -1, -1, -1
493, 164, 408.11, 704.53, 36.70, 33.64, -1, -1, -1
494, 213, 615.00, 825.00, 16.00, 24.00, -1, -1, -1
494, 173, 677.00, 1033.00, 19.00, 19.00, -1, -1, -1
494, 212, 31.00, 273.00, 31.00, 28.00, -1, -1, -1
494, 208, 895.00, 1048.00, 22.00, 13.00, -1, -1, -1
494, 106, 1548.72, 0.00, 24.28, 28.00, -1, -1, -1
494, 133, 1263.00, 986.00, 42.00, 19.00, -1, -1, -1
494, 111, 1116.00, 805.00, 34.00, 21.00, -1, -1, -1
494, 166, 1217.31, 718.49, 22.32, 96.20, -1, -1, -1
494, 113, 674.00, -0.00, 23.00, 20.00, -1, -1, -1
494, 2, 1185.94, 133.37, 42.77, 68.10, -1, -1, -1
494, 5, 671.83, 506.07, 72.51, 64.71, -1, -1, -1
494, 7, 1052.56, 198.99, 23.49, 42.54, -1, -1, -1
494, 88, 1264.50, 195.86, 53.04, 64.29, -1, -1, -1
494, 119, 1178.00, 488.00, 172.00, 134.00, -1, -1, -1
494, 124, 1161.60, 533.28, 32.60, 113.74, -1, -1, -1
494, 60, 1612.38, 356.25, 78.92, 33.39, -1, -1, -1
494, 140, 499.97, 837.02, 78.10, 75.49, -1, -1, -1
494, 1, 696.53, 114.46, 24.46, 33.44, -1, -1, -1
494, 92, 1146.69, 244.90, 19.56, 69.04, -1, -1, -1
494, 164, 408.19, 702.34, 35.34, 32.30, -1, -1, -1
494, 139, 1360.06, 775.35, 43.05, 30.49, -1, -1, -1
494, 148, 1681.00, 456.00, 106.00, 65.00, -1, -1, -1
495, 213, 615.00, 825.00, 16.00, 24.00, -1, -1, -1
495, 173, 675.00, 1028.00, 19.00, 19.00, -1, -1, -1
495, 212, 31.00, 273.00, 31.00, 28.00, -1, -1, -1
495, 208, 895.00, 1048.00, 22.00, 13.00, -1, -1, -1
495, 133, 1263.00, 986.00, 42.00, 19.00, -1, -1, -1
495, 139, 1363.00, 776.00, 45.00, 32.00, -1, -1, -1
495, 113, 674.00, -0.00, 23.00, 20.00, -1, -1, -1
495, 92, 1146.00, 244.00, 25.00, 61.00, -1, -1, -1
495, 2, 1187.30, 132.78, 43.02, 68.68, -1, -1, -1
495, 5, 670.88, 506.38, 71.29, 63.62, -1, -1, -1
495, 7, 1053.14, 199.07, 23.06, 42.14, -1, -1, -1
495, 88, 1261.58, 193.40, 56.98, 67.78, -1, -1, -1
495, 119, 1179.00, 486.00, 172.00, 135.00, -1, -1, -1
495, 124, 1162.77, 528.79, 32.34, 114.82, -1, -1, -1
495, 60, 1615.70, 356.88, 73.42, 30.69, -1, -1, -1
495, 140, 494.98, 828.94, 83.34, 81.21, -1, -1, -1
495, 1, 696.19, 112.58, 25.29, 34.61, -1, -1, -1
495, 164, 406.14, 698.13, 37.57, 34.30, -1, -1, -1
495, 148, 1691.00, 446.00, 109.00, 67.00, -1, -1, -1
495, 166, 1217.31, 718.49, 22.32, 96.20, -1, -1, -1
495, 111, 1109.90, 801.25, 43.69, 23.58, -1, -1, -1
496, 213, 615.00, 825.00, 16.00, 24.00, -1, -1, -1
496, 173, 675.00, 1028.00, 19.00, 19.00, -1, -1, -1
496, 212, 20.00, 271.00, 31.00, 28.00, -1, -1, -1
496, 208, 895.00, 1048.00, 22.00, 13.00, -1, -1, -1
496, 133, 1263.00, 982.00, 36.00, 23.00, -1, -1, -1
496, 139, 1363.00, 776.00, 45.00, 32.00, -1, -1, -1
496, 166, 1218.20, 715.21, 22.26, 97.22, -1, -1, -1
496, 113, 674.00, -0.00, 23.00, 20.00, -1, -1, -1
496, 92, 1146.00, 244.00, 25.00, 61.00, -1, -1, -1
496, 2, 1187.88, 132.81, 42.91, 68.65, -1, -1, -1
496, 5, 669.04, 505.54, 71.92, 64.21, -1, -1, -1
496, 7, 1052.40, 199.60, 22.84, 41.49, -1, -1, -1
496, 88, 1259.19, 192.70, 59.14, 69.60, -1, -1, -1
496, 119, 1180.00, 481.00, 173.00, 138.00, -1, -1, -1
496, 124, 1163.71, 524.07, 32.17, 116.17, -1, -1, -1
496, 60, 1611.05, 354.42, 79.14, 32.99, -1, -1, -1
496, 140, 504.61, 829.89, 75.86, 75.57, -1, -1, -1
496, 1, 696.22, 110.80, 25.28, 34.81, -1, -1, -1
496, 164, 405.01, 695.67, 36.74, 33.56, -1, -1, -1
496, 148, 1692.00, 438.00, 116.00, 67.00, -1, -1, -1
496, 111, 1112.69, 802.78, 37.66, 20.00, -1, -1, -1
497, 213, 615.00, 825.00, 16.00, 24.00, -1, -1, -1
497, 173, 675.00, 1028.00, 19.00, 19.00, -1, -1, -1
497, 212, 20.00, 271.00, 31.00, 28.00, -1, -1, -1
497, 208, 895.00, 1042.00, 22.00, 13.00, -1, -1, -1
497, 133, 1263.00, 982.00, 36.00, 23.00, -1, -1, -1
497, 139, 1357.00, 775.00, 45.00, 32.00, -1, -1, -1
497, 111, 1116.00, 804.00, 36.00, 22.00, -1, -1, -1
497, 166, 1218.20, 715.21, 22.26, 97.22, -1, -1, -1
497, 113, 674.00, -0.00, 23.00, 20.00, -1, -1, -1
497, 92, 1146.00, 244.00, 25.00, 61.00, -1, -1, -1
497, 2, 1188.99, 132.46, 42.96, 68.89, -1, -1, -1
497, 5, 667.42, 504.26, 72.14, 64.42, -1, -1, -1
497, 7, 1052.48, 199.04, 23.07, 41.76, -1, -1, -1
497, 88, 1257.19, 192.68, 60.25, 69.82, -1, -1, -1
497, 119, 1177.00, 479.00, 176.00, 138.00, -1, -1, -1
497, 124, 1164.62, 519.51, 31.92, 117.13, -1, -1, -1
497, 60, 1612.78, 352.83, 76.39, 31.83, -1, -1, -1
497, 140, 504.62, 826.04, 77.67, 78.24, -1, -1, -1
497, 1, 696.19, 109.36, 25.35, 35.00, -1, -1, -1
497, 164, 404.58, 693.39, 35.47, 32.25, -1, -1, -1
497, 148, 1697.00, 421.00, 114.00, 62.00, -1, -1, -1
498, 213, 615.00, 825.00, 16.00, 24.00, -1, -1, -1
498, 212, 20.00, 271.00, 31.00, 28.00, -1, -1, -1
498, 208, 895.00, 1042.00, 22.00, 13.00, -1, -1, -1
498, 173, 674.00, 1024.00, 19.00, 19.00, -1, -1, -1
498, 133, 1263.00, 982.00, 36.00, 23.00, -1, -1, -1
498, 139, 1357.00, 775.00, 45.00, 32.00, -1, -1, -1
498, 111, 1114.00, 803.00, 36.00, 22.00, -1, -1, -1
498, 113, 674.00, -0.00, 21.00, 14.00, -1, -1, -1
498, 2, 1189.67, 133.08, 42.39, 67.99, -1, -1, -1
498, 5, 666.62, 503.56, 71.73, 64.01, -1, -1, -1
498, 7, 1052.49, 198.84, 23.21, 41.87, -1, -1, -1
498, 88, 1254.41, 193.41, 60.83, 69.64, -1, -1, -1
498, 119, 1179.00, 478.00, 173.26, 138.34, -1, -1, -1
498, 124, 1165.69, 515.00, 31.31, 116.48, -1, -1, -1
498, 60, 1612.37, 351.30, 75.58, 31.36, -1, -1, -1
498, 140, 507.00, 824.21, 78.46, 77.24, -1, -1, -1
498, 1, 696.89, 109.41, 24.42, 33.71, -1, -1, -1
498, 164, 404.01, 690.66, 34.90, 31.75, -1, -1, -1
498, 148, 1690.00, 402.00, 126.00, 64.00, -1, -1, -1
498, 92, 1143.30, 234.33, 24.70, 64.67, -1, -1, -1
498, 166, 1218.20, 715.21, 22.26, 97.22, -1, -1, -1
499, 213, 615.00, 825.00, 16.00, 24.00, -1, -1, -1
499, 212, 20.00, 271.00, 31.00, 28.00, -1, -1, -1
499, 208, 895.00, 1042.00, 22.00, 13.00, -1, -1, -1
499, 173, 675.00, 1020.00, 19.00, 19.00, -1, -1, -1
499, 133, 1263.00, 982.00, 36.00, 23.00, -1, -1, -1
499, 139, 1357.00, 775.00, 45.00, 32.00, -1, -1, -1
499, 111, 1114.00, 803.00, 36.00, 22.00, -1, -1, -1
499, 113, 674.00, -0.00, 21.00, 14.00, -1, -1, -1
499, 2, 1190.54, 131.58, 42.84, 68.89, -1, -1, -1
499, 5, 665.37, 502.83, 71.61, 63.85, -1, -1, -1
499, 7, 1051.74, 198.02, 23.80, 42.66, -1, -1, -1
499, 88, 1250.80, 192.71, 62.27, 71.28, -1, -1, -1
499, 119, 1177.00, 478.00, 174.00, 137.00, -1, -1, -1
499, 124, 1166.55, 509.04, 31.06, 117.16, -1, -1, -1
499, 60, 1611.37, 349.55, 77.00, 31.93, -1, -1, -1
499, 140, 503.86, 821.68, 76.92, 75.84, -1, -1, -1
499, 1, 697.24, 108.24, 24.38, 33.72, -1, -1, -1
499, 164, 401.84, 685.25, 37.67, 34.58, -1, -1, -1
499, 148, 1694.00, 394.00, 132.00, 66.00, -1, -1, -1
499, 92, 1146.57, 231.90, 20.42, 67.10, -1, -1, -1
499, 166, 1219.62, 710.76, 22.66, 100.57, -1, -1, -1
5, 212, 514.00, 442.00, 32.00, 24.00, -1, -1, -1
5, 210, 1158.00, 114.00, 22.00, 26.00, -1, -1, -1
5, 206, 534.00, 29.00, 22.00, 28.00, -1, -1, -1
5, 203, 369.00, 466.00, 15.00, 24.00, -1, -1, -1
5, 202, 342.00, 514.00, 15.00, 14.00, -1, -1, -1
5, 200, 966.00, 248.00, 12.00, 20.00, -1, -1, -1
5, 17, 970.00, 177.00, 21.00, 23.00, -1, -1, -1
5, 14, 731.00, 365.00, 41.00, 26.00, -1, -1, -1
5, 1, 767.01, 675.19, 96.87, 61.92, -1, -1, -1
5, 2, 987.57, 76.03, 41.06, 92.52, -1, -1, -1
5, 3, 1442.00, 1.14, 47.24, 63.50, -1, -1, -1
5, 4, 52.82, 169.47, 55.59, 56.18, -1, -1, -1
5, 5, 1280.72, 759.10, 57.98, 50.81, -1, -1, -1
5, 6, 834.55, 482.52, 48.34, 34.38, -1, -1, -1
5, 7, 1152.47, 331.18, 32.75, 45.67, -1, -1, -1
5, 8, 302.82, 869.92, 33.76, 45.16, -1, -1, -1
5, 9, 1027.54, 966.77, 35.83, 40.91, -1, -1, -1
5, 10, 71.77, 523.41, 18.53, 32.72, -1, -1, -1
50, 212, 474.00, 429.00, 32.00, 30.00, -1, -1, -1
50, 205, 664.00, 1020.00, 16.00, 14.00, -1, -1, -1
50, 203, 313.00, 357.00, 29.00, 22.00, -1, -1, -1
50, 202, 287.00, 364.00, 18.00, 18.00, -1, -1, -1
50, 200, 974.00, 238.00, 14.00, 23.00, -1, -1, -1
50, 10, 38.00, 504.00, 19.00, 34.00, -1, -1, -1
50, 8, 320.00, 708.00, 28.00, 34.00, -1, -1, -1
50, 1, 704.66, 589.44, 103.30, 63.40, -1, -1, -1
50, 2, 1013.81, 83.36, 36.77, 85.31, -1, -1, -1
50, 3, 1440.07, 0.79, 23.60, 25.21, -1, -1, -1
50, 4, -0.00, 143.80, 25.00, 40.20, -1, -1, -1
50, 5, 1219.55, 737.33, 72.26, 60.94, -1, -1, -1
50, 6, 807.19, 266.88, 75.13, 44.20, -1, -1, -1
50, 7, 1140.44, 324.87, 28.47, 46.86, -1, -1, -1
50, 9, 1040.13, 855.90, 32.99, 37.63, -1, -1, -1
50, 17, 971.88, 19.37, 27.20, 26.02, -1, -1, -1
50, 14, 717.15, 216.61, 35.56, 23.01, -1, -1, -1
500, 213, 615.00, 825.00, 16.00, 24.00, -1, -1, -1
500, 212, 20.00, 271.00, 31.00, 28.00, -1, -1, -1
500, 208, 894.00, 1036.00, 22.00, 13.00, -1, -1, -1
500, 173, 675.00, 1020.00, 19.00, 19.00, -1, -1, -1
500, 133, 1263.00, 982.00, 36.00, 23.00, -1, -1, -1
500, 139, 1357.00, 775.00, 45.00, 32.00, -1, -1, -1
500, 111, 1114.00, 803.00, 36.00, 22.00, -1, -1, -1
500, 119, 1180.00, 474.00, 171.00, 141.00, -1, -1, -1
500, 166, 1216.00, 710.00, 26.00, 100.00, -1, -1, -1
500, 113, 674.00, -0.00, 21.00, 14.00, -1, -1, -1
500, 92, 1146.57, 231.90, 20.42, 67.10, -1, -1, -1
500, 2, 1192.32, 132.01, 42.02, 67.75, -1, -1, -1
500, 5, 663.69, 502.34, 71.11, 63.29, -1, -1, -1
500, 7, 1051.90, 198.94, 23.14, 41.23, -1, -1, -1
500, 88, 1247.01, 190.01, 64.82, 74.58, -1, -1, -1
500, 124, 1168.06, 503.26, 30.51, 116.40, -1, -1, -1
500, 60, 1611.15, 347.72, 77.25, 32.15, -1, -1, -1
500, 140, 502.52, 818.86, 74.61, 73.30, -1, -1, -1
500, 1, 696.64, 106.60, 25.32, 34.96, -1, -1, -1
500, 164, 401.57, 682.82, 36.69, 33.67, -1, -1, -1
500, 148, 1697.00, 384.00, 128.00, 69.00, -1, -1, -1
501, 213, 615.00, 825.00, 16.00, 24.00, -1, -1, -1
501, 212, 20.00, 271.00, 31.00, 28.00, -1, -1, -1
501, 208, 894.00, 1036.00, 22.00, 13.00, -1, -1, -1
501, 173, 675.00, 1015.00, 19.00, 19.00, -1, -1, -1
501, 133, 1263.00, 982.00, 36.00, 23.00, -1, -1, -1
501, 139, 1357.00, 775.00, 45.00, 32.00, -1, -1, -1
501, 111, 1114.00, 803.00, 36.00, 22.00, -1, -1, -1
501, 166, 1216.00, 710.00, 26.00, 100.00, -1, -1, -1
501, 113, 674.00, -0.00, 21.00, 14.00, -1, -1, -1
501, 2, 1193.84, 131.81, 41.91, 67.80, -1, -1, -1
501, 5, 660.36, 497.21, 75.94, 68.06, -1, -1, -1
501, 7, 1052.20, 198.56, 23.43, 41.69, -1, -1, -1
501, 88, 1244.22, 191.40, 63.70, 73.65, -1, -1, -1
501, 124, 1168.42, 496.57, 30.66, 118.55, -1, -1, -1
501, 60, 1610.77, 345.85, 78.00, 32.47, -1, -1, -1
501, 140, 500.54, 814.93, 74.67, 72.35, -1, -1, -1
501, 1, 697.09, 105.89, 24.79, 34.20, -1, -1, -1
501, 164, 401.34, 681.31, 34.67, 31.79, -1, -1, -1
501, 148, 1708.00, 372.00, 123.00, 59.00, -1, -1, -1
501, 119, 1183.00, 472.00, 165.02, 140.53, -1, -1, -1
501, 92, 1149.11, 224.27, 20.36, 76.37, -1, -1, -1
502, 213, 612.00, 822.00, 16.00, 24.00, -1, -1, -1
502, 212, 14.00, 269.00, 31.00, 28.00, -1, -1, -1
502, 208, 894.00, 1036.00, 22.00, 13.00, -1, -1, -1
502, 173, 675.00, 1015.00, 19.00, 19.00, -1, -1, -1
502, 133, 1263.00, 982.00, 36.00, 23.00, -1, -1, -1
502, 139, 1357.00, 775.00, 45.00, 32.00, -1, -1, -1
502, 111, 1114.00, 803.00, 36.00, 22.00, -1, -1, -1
502, 166, 1219.00, 703.00, 26.00, 100.00, -1, -1, -1
502, 113, 674.00, -0.00, 21.00, 14.00, -1, -1, -1
502, 2, 1194.44, 132.00, 41.74, 67.46, -1, -1, -1
502, 5, 660.06, 499.20, 72.53, 64.98, -1, -1, -1
502, 7, 1052.25, 197.92, 23.69, 42.10, -1, -1, -1
502, 88, 1240.96, 191.47, 63.80, 74.23, -1, -1, -1
502, 124, 1169.79, 491.51, 30.17, 117.86, -1, -1, -1
502, 60, 1611.80, 344.46, 75.95, 31.61, -1, -1, -1
502, 140, 499.67, 811.59, 77.01, 74.02, -1, -1, -1
502, 1, 697.30, 104.93, 24.52, 33.65, -1, -1, -1
502, 164, 400.52, 678.12, 34.45, 31.58, -1, -1, -1
502, 148, 1714.00, 346.00, 124.00, 72.00, -1, -1, -1
502, 119, 1183.00, 469.00, 169.95, 139.84, -1, -1, -1
502, 92, 1150.34, 224.51, 18.40, 68.86, -1, -1, -1
503, 213, 612.00, 822.00, 16.00, 24.00, -1, -1, -1
503, 212, 14.00, 269.00, 31.00, 28.00, -1, -1, -1
503, 208, 897.00, 1031.00, 22.00, 13.00, -1, -1, -1
503, 173, 674.00, 1010.00, 19.00, 19.00, -1, -1, -1
503, 133, 1263.00, 982.00, 36.00, 23.00, -1, -1, -1
503, 139, 1354.00, 773.00, 45.00, 32.00, -1, -1, -1
503, 111, 1108.00, 801.00, 36.00, 22.00, -1, -1, -1
503, 166, 1221.00, 694.00, 26.00, 100.00, -1, -1, -1
503, 113, 674.00, -0.00, 21.00, 14.00, -1, -1, -1
503, 2, 1196.00, 132.44, 41.89, 67.70, -1, -1, -1
503, 5, 658.57, 499.09, 72.07, 64.70, -1, -1, -1
503, 7, 1051.83, 197.68, 23.67, 42.02, -1, -1, -1
503, 88, 1239.42, 195.43, 61.60, 71.50, -1, -1, -1
503, 124, 1171.35, 486.83, 29.80, 117.55, -1, -1, -1
503, 60, 1611.30, 342.51, 77.00, 32.03, -1, -1, -1
503, 140, 496.75, 805.50, 81.60, 78.59, -1, -1, -1
503, 1, 697.56, 103.56, 25.02, 34.32, -1, -1, -1
503, 164, 399.21, 675.05, 35.45, 32.50, -1, -1, -1
503, 148, 1717.00, 340.00, 126.00, 70.00, -1, -1, -1
503, 119, 1185.00, 467.00, 168.00, 140.00, -1, -1, -1
503, 92, 1150.18, 223.06, 18.87, 72.69, -1, -1, -1
504, 213, 612.00, 822.00, 16.00, 24.00, -1, -1, -1
504, 212, 14.00, 269.00, 31.00, 28.00, -1, -1, -1
504, 208, 897.00, 1031.00, 22.00, 13.00, -1, -1, -1
504, 173, 674.00, 1010.00, 19.00, 19.00, -1, -1, -1
504, 133, 1263.00, 982.00, 36.00, 23.00, -1, -1, -1
504, 139, 1354.00, 773.00, 45.00, 32.00, -1, -1, -1
504, 111, 1108.00, 801.00, 36.00, 22.00, -1, -1, -1
504, 166, 1221.00, 694.00, 26.00, 100.00, -1, -1, -1
504, 113, 668.00, -0.00, 21.00, 14.00, -1, -1, -1
504, 92, 1150.00, 229.00, 19.00, 70.00, -1, -1, -1
504, 2, 1197.01, 131.88, 42.02, 67.92, -1, -1, -1
504, 5, 657.05, 498.58, 71.97, 64.59, -1, -1, -1
504, 7, 1051.60, 197.35, 23.81, 42.24, -1, -1, -1
504, 88, 1238.65, 197.47, 60.28, 69.91, -1, -1, -1
504, 124, 1172.50, 481.05, 29.47, 117.90, -1, -1, -1
504, 60, 1611.88, 341.35, 75.89, 31.44, -1, -1, -1
504, 140, 497.38, 802.80, 80.37, 77.40, -1, -1, -1
504, 1, 697.46, 101.97, 25.60, 35.19, -1, -1, -1
504, 164, 397.83, 671.04, 36.68, 33.83, -1, -1, -1
504, 148, 1721.00, 323.00, 129.00, 77.00, -1, -1, -1
504, 119, 1187.00, 466.00, 162.00, 141.00, -1, -1, -1
505, 213, 612.00, 822.00, 16.00, 24.00, -1, -1, -1
505, 212, 14.00, 269.00, 31.00, 28.00, -1, -1, -1
505, 208, 897.00, 1025.00, 22.00, 13.00, -1, -1, -1
505, 173, 672.00, 1006.00, 19.00, 19.00, -1, -1, -1
505, 133, 1263.00, 979.00, 30.00, 26.00, -1, -1, -1
505, 139, 1354.00, 773.00, 45.00, 32.00, -1, -1, -1
505, 111, 1108.00, 801.00, 36.00, 22.00, -1, -1, -1
505, 166, 1221.00, 694.00, 26.00, 100.00, -1, -1, -1
505, 113, 668.00, -0.00, 21.00, 14.00, -1, -1, -1
505, 2, 1198.44, 131.66, 41.87, 67.63, -1, -1, -1
505, 5, 655.32, 497.43, 71.86, 64.55, -1, -1, -1
505, 7, 1051.58, 197.23, 23.74, 42.07, -1, -1, -1
505, 88, 1237.24, 198.46, 60.18, 69.81, -1, -1, -1
505, 124, 1174.62, 476.09, 28.87, 117.52, -1, -1, -1
505, 60, 1611.78, 339.24, 76.14, 31.46, -1, -1, -1
505, 140, 496.49, 799.46, 82.19, 78.88, -1, -1, -1
505, 1, 697.54, 100.97, 25.56, 35.15, -1, -1, -1
505, 164, 396.91, 668.14, 36.04, 33.36, -1, -1, -1
505, 148, 1726.00, 313.00, 132.00, 65.00, -1, -1, -1
505, 119, 1186.00, 465.96, 168.59, 140.04, -1, -1, -1
505, 92, 1150.87, 219.11, 18.75, 73.44, -1, -1, -1
506, 213, 612.00, 822.00, 16.00, 24.00, -1, -1, -1
506, 212, 14.00, 269.00, 31.00, 28.00, -1, -1, -1
506, 208, 897.00, 1025.00, 22.00, 13.00, -1, -1, -1
506, 173, 672.00, 1006.00, 19.00, 19.00, -1, -1, -1
506, 133, 1263.00, 979.00, 30.00, 26.00, -1, -1, -1
506, 139, 1354.00, 773.00, 45.00, 32.00, -1, -1, -1
506, 111, 1108.00, 801.00, 36.00, 22.00, -1, -1, -1
506, 166, 1221.00, 694.00, 26.00, 100.00, -1, -1, -1
506, 113, 668.00, -0.00, 21.00, 14.00, -1, -1, -1
506, 2, 1199.92, 131.46, 41.83, 67.53, -1, -1, -1
506, 5, 654.07, 497.03, 71.65, 64.53, -1, -1, -1
506, 7, 1050.71, 196.20, 24.46, 43.50, -1, -1, -1
506, 88, 1234.88, 199.56, 59.95, 69.53, -1, -1, -1
506, 124, 1175.41, 470.46, 28.58, 118.34, -1, -1, -1
506, 60, 1610.59, 337.64, 76.57, 31.72, -1, -1, -1
506, 140, 499.61, 796.34, 82.86, 78.44, -1, -1, -1
506, 1, 697.49, 99.90, 25.70, 35.37, -1, -1, -1
506, 164, 396.07, 664.69, 35.86, 33.16, -1, -1, -1
506, 148, 1726.00, 292.00, 130.00, 71.00, -1, -1, -1
506, 119, 1189.00, 467.00, 165.43, 136.00, -1, -1, -1
506, 92, 1151.84, 216.99, 18.02, 72.02, -1, -1, -1
507, 213, 612.00, 822.00, 16.00, 24.00, -1, -1, -1
507, 212, 14.00, 269.00, 31.00, 28.00, -1, -1, -1
507, 208, 897.00, 1021.00, 22.00, 13.00, -1, -1, -1
507, 173, 672.00, 1001.00, 19.00, 19.00, -1, -1, -1
507, 133, 1263.00, 979.00, 30.00, 26.00, -1, -1, -1
507, 139, 1354.00, 773.00, 45.00, 32.00, -1, -1, -1
507, 111, 1106.00, 797.00, 36.00, 22.00, -1, -1, -1
507, 166, 1225.00, 688.00, 26.00, 100.00, -1, -1, -1
507, 113, 668.00, -0.00, 21.00, 14.00, -1, -1, -1
507, 2, 1200.39, 131.15, 41.90, 67.61, -1, -1, -1
507, 5, 652.69, 496.41, 71.53, 64.52, -1, -1, -1
507, 7, 1050.65, 196.31, 24.20, 43.05, -1, -1, -1
507, 88, 1233.25, 200.46, 59.51, 68.92, -1, -1, -1
507, 124, 1176.87, 464.82, 28.06, 118.63, -1, -1, -1
507, 60, 1610.46, 335.99, 76.11, 31.57, -1, -1, -1
507, 140, 494.47, 791.34, 82.96, 78.26, -1, -1, -1
507, 1, 698.16, 99.16, 25.35, 34.84, -1, -1, -1
507, 164, 394.86, 662.02, 35.67, 33.08, -1, -1, -1
507, 148, 1736.00, 277.00, 122.00, 63.00, -1, -1, -1
507, 119, 1189.00, 467.00, 163.48, 134.00, -1, -1, -1
507, 92, 1152.09, 214.65, 17.95, 73.26, -1, -1, -1
508, 213, 612.00, 822.00, 16.00, 24.00, -1, -1, -1
508, 212, 14.00, 269.00, 31.00, 28.00, -1, -1, -1
508, 208, 897.00, 1021.00, 22.00, 13.00, -1, -1, -1
508, 173, 672.00, 1001.00, 19.00, 19.00, -1, -1, -1
508, 133, 1263.00, 979.00, 30.00, 26.00, -1, -1, -1
508, 111, 1106.00, 797.00, 36.00, 22.00, -1, -1, -1
508, 113, 668.00, -0.00, 21.00, 14.00, -1, -1, -1
508, 2, 1201.54, 131.41, 41.87, 67.52, -1, -1, -1
508, 5, 651.26, 495.22, 71.43, 64.52, -1, -1, -1
508, 7, 1049.97, 195.62, 24.46, 43.62, -1, -1, -1
508, 88, 1231.79, 201.52, 59.20, 68.45, -1, -1, -1
508, 124, 1178.70, 459.67, 27.20, 117.73, -1, -1, -1
508, 60, 1609.34, 334.19, 76.12, 31.76, -1, -1, -1
508, 140, 493.54, 787.60, 84.93, 80.16, -1, -1, -1
508, 1, 698.64, 98.31, 25.23, 34.63, -1, -1, -1
508, 164, 394.77, 658.65, 34.93, 32.56, -1, -1, -1
508, 148, 1743.00, 269.00, 128.00, 62.00, -1, -1, -1
508, 119, 1193.00, 462.00, 158.43, 135.00, -1, -1, -1
508, 92, 1152.84, 212.48, 17.59, 72.23, -1, -1, -1
508, 139, 1346.05, 771.76, 46.91, 32.96, -1, -1, -1
508, 166, 1224.28, 688.01, 23.44, 103.42, -1, -1, -1
509, 213, 612.00, 822.00, 16.00, 24.00, -1, -1, -1
509, 212, 8.00, 269.00, 31.00, 28.00, -1, -1, -1
509, 208, 897.00, 1021.00, 22.00, 13.00, -1, -1, -1
509, 173, 672.00, 999.00, 19.00, 19.00, -1, -1, -1
509, 133, 1263.00, 979.00, 30.00, 26.00, -1, -1, -1
509, 139, 1349.00, 773.00, 45.00, 32.00, -1, -1, -1
509, 111, 1106.00, 797.00, 36.00, 22.00, -1, -1, -1
509, 166, 1225.00, 688.00, 26.00, 100.00, -1, -1, -1
509, 113, 668.00, -0.00, 21.00, 14.00, -1, -1, -1
509, 2, 1201.90, 130.89, 41.93, 67.61, -1, -1, -1
509, 5, 649.82, 494.30, 71.34, 64.52, -1, -1, -1
509, 7, 1049.62, 194.88, 24.75, 44.32, -1, -1, -1
509, 88, 1230.31, 202.39, 59.10, 68.02, -1, -1, -1
509, 124, 1180.45, 454.70, 26.68, 117.37, -1, -1, -1
509, 60, 1609.56, 332.83, 74.86, 31.34, -1, -1, -1
509, 140, 493.32, 784.33, 85.43, 80.86, -1, -1, -1
509, 1, 698.50, 96.67, 25.82, 35.54, -1, -1, -1
509, 164, 393.70, 655.52, 35.30, 32.85, -1, -1, -1
509, 148, 1746.00, 252.00, 127.00, 61.00, -1, -1, -1
509, 119, 1190.00, 461.00, 160.95, 135.00, -1, -1, -1
509, 92, 1152.64, 209.89, 17.39, 72.58, -1, -1, -1
51, 212, 474.00, 429.00, 32.00, 30.00, -1, -1, -1
51, 205, 664.00, 1020.00, 16.00, 14.00, -1, -1, -1
51, 203, 313.00, 357.00, 29.00, 22.00, -1, -1, -1
51, 202, 287.00, 364.00, 18.00, 18.00, -1, -1, -1
51, 200, 974.00, 238.00, 14.00, 23.00, -1, -1, -1
51, 17, 972.00, 20.00, 27.00, 26.00, -1, -1, -1
51, 10, 38.00, 504.00, 19.00, 34.00, -1, -1, -1
51, 8, 320.00, 700.00, 28.00, 34.00, -1, -1, -1
51, 1, 703.46, 587.79, 102.93, 63.16, -1, -1, -1
51, 2, 1013.86, 83.37, 36.64, 85.15, -1, -1, -1
51, 3, 1439.02, 0.25, 23.65, 25.09, -1, -1, -1
51, 4, 0.00, 142.73, 24.00, 38.27, -1, -1, -1
51, 5, 1218.16, 737.33, 72.03, 60.71, -1, -1, -1
51, 6, 805.87, 262.15, 75.29, 43.93, -1, -1, -1
51, 7, 1140.38, 325.47, 27.86, 45.68, -1, -1, -1
51, 9, 1039.90, 853.45, 32.78, 37.38, -1, -1, -1
51, 14, 716.24, 212.58, 37.21, 24.13, -1, -1, -1
510, 213, 612.00, 822.00, 16.00, 24.00, -1, -1, -1
510, 212, 8.00, 269.00, 31.00, 28.00, -1, -1, -1
510, 208, 897.00, 1015.00, 22.00, 13.00, -1, -1, -1
510, 173, 670.00, 995.00, 19.00, 19.00, -1, -1, -1
510, 133, 1263.00, 979.00, 30.00, 26.00, -1, -1, -1
510, 139, 1349.00, 773.00, 45.00, 32.00, -1, -1, -1
510, 111, 1106.00, 797.00, 36.00, 22.00, -1, -1, -1
510, 113, 668.00, -0.00, 21.00, 14.00, -1, -1, -1
510, 2, 1203.16, 130.95, 41.61, 67.53, -1, -1, -1
510, 5, 647.84, 493.49, 71.80, 65.01, -1, -1, -1
510, 7, 1049.58, 194.85, 24.69, 44.34, -1, -1, -1
510, 88, 1228.48, 202.31, 59.76, 68.62, -1, -1, -1
510, 124, 1182.14, 449.07, 26.30, 118.21, -1, -1, -1
510, 60, 1609.33, 331.14, 75.05, 31.43, -1, -1, -1
510, 140, 494.56, 782.24, 82.02, 77.19, -1, -1, -1
510, 1, 699.08, 96.21, 25.25, 34.90, -1, -1, -1
510, 164, 389.94, 651.98, 38.76, 35.93, -1, -1, -1
510, 148, 1750.00, 227.00, 134.00, 74.00, -1, -1, -1
510, 119, 1193.00, 460.00, 162.62, 135.00, -1, -1, -1
510, 92, 1153.71, 208.24, 16.97, 71.72, -1, -1, -1
510, 166, 1225.92, 682.73, 24.18, 107.08, -1, -1, -1
511, 213, 612.00, 822.00, 16.00, 24.00, -1, -1, -1
511, 212, 8.00, 269.00, 31.00, 28.00, -1, -1, -1
511, 208, 897.00, 1015.00, 22.00, 13.00, -1, -1, -1
511, 173, 670.00, 995.00, 19.00, 19.00, -1, -1, -1
511, 133, 1263.00, 979.00, 30.00, 26.00, -1, -1, -1
511, 139, 1349.00, 773.00, 45.00, 32.00, -1, -1, -1
511, 111, 1106.00, 797.00, 36.00, 22.00, -1, -1, -1
511, 166, 1227.00, 679.00, 26.00, 100.00, -1, -1, -1
511, 2, 1204.88, 130.85, 40.89, 66.63, -1, -1, -1
511, 5, 646.70, 492.72, 71.39, 64.70, -1, -1, -1
511, 7, 1048.98, 194.36, 24.87, 44.83, -1, -1, -1
511, 88, 1226.91, 203.13, 59.91, 68.60, -1, -1, -1
511, 124, 1182.00, 445.00, 25.00, 118.00, -1, -1, -1
511, 60, 1610.42, 329.82, 72.80, 30.47, -1, -1, -1
511, 140, 495.23, 778.61, 81.37, 76.74, -1, -1, -1
511, 1, 698.83, 95.21, 24.97, 34.65, -1, -1, -1
511, 164, 390.36, 647.82, 37.88, 35.15, -1, -1, -1
511, 148, 1752.00, 218.00, 130.00, 76.00, -1, -1, -1
511, 119, 1195.00, 458.00, 161.21, 135.00, -1, -1, -1
511, 92, 1154.06, 205.10, 16.90, 72.38, -1, -1, -1
512, 213, 612.00, 822.00, 16.00, 24.00, -1, -1, -1
512, 212, 8.00, 269.00, 31.00, 28.00, -1, -1, -1
512, 208, 897.00, 1015.00, 22.00, 13.00, -1, -1, -1
512, 173, 670.00, 988.00, 19.00, 19.00, -1, -1, -1
512, 133, 1263.00, 979.00, 30.00, 26.00, -1, -1, -1
512, 139, 1349.00, 773.00, 45.00, 32.00, -1, -1, -1
512, 111, 1106.00, 794.00, 36.00, 22.00, -1, -1, -1
512, 166, 1227.00, 679.00, 26.00, 100.00, -1, -1, -1
512, 2, 1205.86, 129.95, 41.87, 68.28, -1, -1, -1
512, 5, 644.89, 491.22, 72.13, 65.57, -1, -1, -1
512, 7, 1049.21, 195.41, 24.03, 43.53, -1, -1, -1
512, 88, 1224.68, 203.67, 61.40, 69.83, -1, -1, -1
512, 124, 1184.17, 437.63, 25.60, 119.61, -1, -1, -1
512, 60, 1607.60, 326.64, 78.46, 33.13, -1, -1, -1
512, 140, 491.45, 770.42, 86.22, 81.55, -1, -1, -1
512, 1, 699.48, 94.64, 24.35, 33.80, -1, -1, -1
512, 164, 390.36, 645.10, 37.02, 34.32, -1, -1, -1
512, 148, 1753.00, 201.00, 132.00, 80.00, -1, -1, -1
512, 119, 1189.00, 453.00, 172.00, 139.00, -1, -1, -1
512, 92, 1154.34, 203.25, 16.57, 70.90, -1, -1, -1
513, 213, 610.00, 816.00, 16.00, 24.00, -1, -1, -1
513, 212, 8.00, 269.00, 31.00, 28.00, -1, -1, -1
513, 208, 896.00, 1009.00, 22.00, 13.00, -1, -1, -1
513, 173, 670.00, 988.00, 19.00, 19.00, -1, -1, -1
513, 133, 1263.00, 979.00, 25.00, 34.00, -1, -1, -1
513, 139, 1349.00, 773.00, 45.00, 32.00, -1, -1, -1
513, 111, 1106.00, 794.00, 36.00, 22.00, -1, -1, -1
513, 2, 1207.48, 129.87, 41.63, 67.79, -1, -1, -1
513, 5, 643.34, 489.95, 72.29, 65.90, -1, -1, -1
513, 7, 1048.65, 195.58, 24.02, 43.53, -1, -1, -1
513, 88, 1222.22, 201.14, 64.32, 72.76, -1, -1, -1
513, 124, 1184.42, 431.10, 25.88, 121.98, -1, -1, -1
513, 60, 1609.22, 325.63, 75.21, 31.67, -1, -1, -1
513, 140, 488.70, 763.58, 89.74, 85.26, -1, -1, -1
513, 1, 700.03, 95.09, 23.50, 32.49, -1, -1, -1
513, 164, 390.44, 642.96, 35.11, 32.50, -1, -1, -1
513, 148, 1765.00, 179.00, 127.00, 66.00, -1, -1, -1
513, 119, 1189.00, 451.00, 166.00, 138.00, -1, -1, -1
513, 92, 1153.41, 201.53, 18.46, 81.09, -1, -1, -1
513, 166, 1227.81, 680.91, 22.68, 100.31, -1, -1, -1
514, 213, 610.00, 816.00, 16.00, 24.00, -1, -1, -1
514, 208, 896.00, 1009.00, 22.00, 13.00, -1, -1, -1
514, 173, 670.00, 986.00, 19.00, 19.00, -1, -1, -1
514, 133, 1263.00, 979.00, 25.00, 34.00, -1, -1, -1
514, 139, 1345.00, 771.00, 45.00, 32.00, -1, -1, -1
514, 111, 1106.00, 791.00, 36.00, 22.00, -1, -1, -1
514, 1, 700.00, 95.00, 24.00, 32.00, -1, -1, -1
514, 2, 1208.60, 129.22, 41.44, 67.35, -1, -1, -1
514, 5, 642.60, 489.00, 71.77, 65.52, -1, -1, -1
514, 7, 1048.46, 195.52, 24.02, 43.52, -1, -1, -1
514, 88, 1220.54, 203.94, 62.15, 70.21, -1, -1, -1
514, 124, 1186.22, 426.10, 25.45, 121.40, -1, -1, -1
514, 60, 1608.87, 324.22, 73.96, 31.06, -1, -1, -1
514, 140, 486.89, 759.11, 91.66, 86.69, -1, -1, -1
514, 164, 389.79, 640.04, 34.33, 31.81, -1, -1, -1
514, 148, 1764.00, 164.00, 128.00, 68.00, -1, -1, -1
514, 119, 1194.00, 444.00, 162.66, 142.75, -1, -1, -1
514, 92, 1153.84, 199.70, 17.65, 78.59, -1, -1, -1
514, 166, 1227.90, 679.43, 22.63, 100.24, -1, -1, -1
515, 213, 610.00, 816.00, 16.00, 24.00, -1, -1, -1
515, 208, 896.00, 1009.00, 22.00, 13.00, -1, -1, -1
515, 173, 670.00, 986.00, 19.00, 19.00, -1, -1, -1
515, 133, 1263.00, 979.00, 25.00, 34.00, -1, -1, -1
515, 139, 1345.00, 771.00, 45.00, 32.00, -1, -1, -1
515, 111, 1106.00, 791.00, 36.00, 22.00, -1, -1, -1
515, 166, 1228.00, 673.00, 26.00, 100.00, -1, -1, -1
515, 2, 1209.38, 129.11, 41.54, 67.44, -1, -1, -1
515, 5, 640.72, 487.69, 72.91, 66.86, -1, -1, -1
515, 7, 1048.57, 195.88, 23.67, 42.77, -1, -1, -1
515, 88, 1218.62, 205.15, 62.02, 69.93, -1, -1, -1
515, 124, 1187.38, 421.21, 25.27, 121.14, -1, -1, -1
515, 60, 1605.77, 322.26, 77.46, 32.58, -1, -1, -1
515, 140, 490.09, 757.05, 88.53, 84.30, -1, -1, -1
515, 164, 387.22, 636.32, 36.26, 33.57, -1, -1, -1
515, 148, 1768.00, 149.00, 124.00, 66.00, -1, -1, -1
515, 119, 1198.43, 444.00, 157.57, 139.98, -1, -1, -1
515, 92, 1155.02, 197.87, 17.22, 77.70, -1, -1, -1
515, 1, 698.13, 93.95, 24.44, 33.43, -1, -1, -1
516, 213, 610.00, 816.00, 16.00, 24.00, -1, -1, -1
516, 208, 898.00, 1004.00, 22.00, 13.00, -1, -1, -1
516, 173, 667.00, 980.00, 19.00, 19.00, -1, -1, -1
516, 150, 756.00, 983.00, 27.00, 16.00, -1, -1, -1
516, 133, 1263.00, 979.00, 25.00, 34.00, -1, -1, -1
516, 139, 1345.00, 771.00, 45.00, 32.00, -1, -1, -1
516, 111, 1106.00, 791.00, 36.00, 22.00, -1, -1, -1
516, 166, 1228.00, 673.00, 26.00, 100.00, -1, -1, -1
516, 2, 1210.58, 128.96, 41.69, 67.34, -1, -1, -1
516, 5, 639.63, 487.23, 72.24, 66.37, -1, -1, -1
516, 7, 1048.84, 196.52, 23.09, 41.49, -1, -1, -1
516, 88, 1217.13, 206.08, 61.66, 69.33, -1, -1, -1
516, 124, 1188.67, 415.11, 25.37, 123.99, -1, -1, -1
516, 60, 1602.89, 318.16, 86.15, 36.80, -1, -1, -1
516, 140, 492.33, 755.47, 86.35, 82.32, -1, -1, -1
516, 164, 387.86, 634.04, 33.84, 31.28, -1, -1, -1
516, 148, 1773.00, 127.00, 125.00, 85.00, -1, -1, -1
516, 119, 1190.00, 448.00, 165.00, 134.00, -1, -1, -1
516, 92, 1155.68, 193.79, 16.62, 75.61, -1, -1, -1
516, 1, 696.18, 92.02, 26.17, 35.32, -1, -1, -1
517, 213, 610.00, 816.00, 16.00, 24.00, -1, -1, -1
517, 208, 898.00, 1004.00, 22.00, 13.00, -1, -1, -1
517, 173, 667.00, 980.00, 19.00, 19.00, -1, -1, -1
517, 150, 756.00, 983.00, 27.00, 16.00, -1, -1, -1
517, 133, 1263.00, 979.00, 25.00, 34.00, -1, -1, -1
517, 139, 1347.00, 769.00, 45.00, 32.00, -1, -1, -1
517, 111, 1106.00, 791.00, 36.00, 22.00, -1, -1, -1
517, 166, 1228.00, 673.00, 26.00, 100.00, -1, -1, -1
517, 2, 1211.60, 128.78, 41.50, 67.19, -1, -1, -1
517, 5, 638.59, 488.08, 70.38, 64.69, -1, -1, -1
517, 7, 1048.74, 196.01, 23.30, 41.77, -1, -1, -1
517, 88, 1215.10, 206.66, 61.61, 69.10, -1, -1, -1
517, 124, 1189.55, 408.57, 25.54, 126.52, -1, -1, -1
517, 60, 1603.60, 317.79, 82.07, 35.10, -1, -1, -1
517, 140, 493.48, 755.53, 83.46, 79.57, -1, -1, -1
517, 164, 385.78, 629.30, 36.16, 33.41, -1, -1, -1
517, 148, 1774.00, 115.00, 130.00, 92.00, -1, -1, -1
517, 119, 1193.00, 444.00, 166.99, 137.94, -1, -1, -1
517, 92, 1155.95, 191.59, 17.30, 79.28, -1, -1, -1
517, 1, 693.25, 88.91, 29.32, 39.03, -1, -1, -1
518, 213, 610.00, 816.00, 16.00, 24.00, -1, -1, -1
518, 208, 897.00, 998.00, 22.00, 13.00, -1, -1, -1
518, 173, 670.00, 977.00, 19.00, 19.00, -1, -1, -1
518, 150, 756.00, 983.00, 27.00, 16.00, -1, -1, -1
518, 133, 1263.00, 979.00, 25.00, 34.00, -1, -1, -1
518, 139, 1347.00, 769.00, 45.00, 32.00, -1, -1, -1
518, 111, 1106.00, 791.00, 36.00, 22.00, -1, -1, -1
518, 166, 1228.00, 673.00, 26.00, 100.00, -1, -1, -1
518, 2, 1212.57, 128.36, 41.16, 67.00, -1, -1, -1
518, 5, 637.04, 487.20, 70.11, 64.55, -1, -1, -1
518, 7, 1048.31, 196.32, 23.18, 41.38, -1, -1, -1
518, 88, 1213.13, 207.35, 61.15, 68.52, -1, -1, -1
518, 124, 1190.00, 406.00, 25.00, 127.00, -1, -1, -1
518, 60, 1602.02, 314.84, 84.15, 36.31, -1, -1, -1
518, 140, 492.74, 752.21, 84.23, 80.53, -1, -1, -1
518, 164, 383.52, 625.21, 38.09, 35.12, -1, -1, -1
518, 148, 1782.00, 96.00, 126.00, 83.00, -1, -1, -1
518, 119, 1194.94, 436.00, 165.06, 144.88, -1, -1, -1
518, 92, 1156.60, 188.75, 17.43, 80.37, -1, -1, -1
518, 1, 691.17, 88.44, 31.49, 40.92, -1, -1, -1
519, 213, 610.00, 816.00, 16.00, 24.00, -1, -1, -1
519, 208, 897.00, 998.00, 22.00, 13.00, -1, -1, -1
519, 173, 670.00, 977.00, 19.00, 19.00, -1, -1, -1
519, 150, 756.00, 980.00, 27.00, 16.00, -1, -1, -1
519, 133, 1263.00, 979.00, 19.00, 41.00, -1, -1, -1
519, 111, 1105.00, 788.00, 36.00, 22.00, -1, -1, -1
519, 166, 1228.00, 673.00, 26.00, 100.00, -1, -1, -1
519, 2, 1212.82, 127.58, 42.18, 69.05, -1, -1, -1
519, 5, 635.84, 485.66, 69.88, 64.50, -1, -1, -1
519, 7, 1048.58, 195.81, 23.30, 41.49, -1, -1, -1
519, 88, 1211.45, 208.08, 61.01, 68.30, -1, -1, -1
519, 124, 1191.27, 403.00, 21.73, 129.38, -1, -1, -1
519, 60, 1600.55, 312.08, 86.70, 37.71, -1, -1, -1
519, 140, 492.81, 749.35, 82.83, 79.15, -1, -1, -1
519, 164, 381.85, 621.31, 38.20, 35.30, -1, -1, -1
519, 148, 1790.00, 74.00, 127.00, 90.00, -1, -1, -1
519, 119, 1191.00, 436.36, 166.71, 142.64, -1, -1, -1
519, 92, 1157.23, 186.64, 16.69, 77.60, -1, -1, -1
519, 1, 689.78, 88.65, 33.50, 42.61, -1, -1, -1
519, 139, 1336.82, 768.05, 50.24, 35.92, -1, -1, -1
52, 212, 474.00, 429.00, 32.00, 30.00, -1, -1, -1
52, 59, 833.00, 1031.00, 19.00, 15.00, -1, -1, -1
52, 205, 664.00, 1020.00, 16.00, 14.00, -1, -1, -1
52, 203, 310.00, 353.00, 29.00, 22.00, -1, -1, -1
52, 202, 286.00, 358.00, 18.00, 18.00, -1, -1, -1
52, 200, 975.00, 235.00, 14.00, 23.00, -1, -1, -1
52, 10, 35.00, 504.00, 19.00, 34.00, -1, -1, -1
52, 1, 702.62, 586.26, 102.17, 62.57, -1, -1, -1
52, 2, 1014.91, 83.86, 36.46, 84.85, -1, -1, -1
52, 3, 1439.01, 0.59, 23.98, 24.79, -1, -1, -1
52, 4, 0.00, 142.00, 24.00, 35.00, -1, -1, -1
52, 5, 1215.97, 737.60, 71.41, 60.36, -1, -1, -1
52, 6, 805.73, 257.22, 70.65, 41.59, -1, -1, -1
52, 7, 1139.69, 323.45, 28.99, 47.72, -1, -1, -1
52, 9, 1040.24, 851.64, 31.83, 36.30, -1, -1, -1
52, 14, 715.37, 208.49, 37.93, 24.77, -1, -1, -1
52, 8, 311.71, 696.38, 40.02, 29.40, -1, -1, -1
52, 17, 972.61, 10.72, 28.12, 26.88, -1, -1, -1
520, 213, 610.00, 816.00, 16.00, 24.00, -1, -1, -1
520, 208, 895.00, 994.00, 22.00, 13.00, -1, -1, -1
520, 173, 666.00, 970.00, 19.00, 19.00, -1, -1, -1
520, 150, 756.00, 980.00, 27.00, 16.00, -1, -1, -1
520, 133, 1263.00, 979.00, 19.00, 41.00, -1, -1, -1
520, 139, 1341.00, 770.00, 45.00, 32.00, -1, -1, -1
520, 111, 1105.00, 788.00, 36.00, 22.00, -1, -1, -1
520, 166, 1230.00, 670.00, 26.00, 100.00, -1, -1, -1
520, 2, 1213.99, 127.67, 41.33, 67.97, -1, -1, -1
520, 5, 632.75, 482.62, 72.69, 67.46, -1, -1, -1
520, 7, 1047.98, 194.75, 23.75, 42.28, -1, -1, -1
520, 88, 1209.95, 208.57, 60.85, 68.23, -1, -1, -1
520, 124, 1195.00, 399.00, 20.00, 125.00, -1, -1, -1
520, 60, 1602.94, 310.95, 81.79, 35.60, -1, -1, -1
520, 140, 490.84, 744.68, 86.32, 83.36, -1, -1, -1
520, 164, 382.63, 619.93, 34.84, 31.93, -1, -1, -1
520, 148, 1794.00, 55.00, 125.00, 92.00, -1, -1, -1
520, 119, 1193.00, 440.00, 163.00, 136.00, -1, -1, -1
520, 92, 1157.67, 183.95, 16.97, 79.22, -1, -1, -1
520, 1, 686.71, 87.82, 36.98, 46.12, -1, -1, -1
521, 213, 610.00, 816.00, 16.00, 24.00, -1, -1, -1
521, 208, 895.00, 994.00, 22.00, 13.00, -1, -1, -1
521, 173, 666.00, 970.00, 19.00, 19.00, -1, -1, -1
521, 150, 756.00, 980.00, 27.00, 16.00, -1, -1, -1
521, 133, 1263.00, 979.00, 19.00, 41.00, -1, -1, -1
521, 111, 1105.00, 788.00, 36.00, 22.00, -1, -1, -1
521, 166, 1230.00, 670.00, 26.00, 100.00, -1, -1, -1
521, 92, 1155.00, 175.00, 22.00, 69.00, -1, -1, -1
521, 2, 1215.17, 126.85, 41.43, 68.04, -1, -1, -1
521, 5, 631.89, 482.97, 71.27, 66.12, -1, -1, -1
521, 7, 1047.70, 194.11, 24.06, 42.58, -1, -1, -1
521, 88, 1207.73, 208.74, 61.27, 68.70, -1, -1, -1
521, 124, 1196.00, 392.00, 19.00, 124.00, -1, -1, -1
521, 60, 1604.02, 309.51, 79.62, 34.96, -1, -1, -1
521, 140, 487.64, 739.61, 87.70, 84.90, -1, -1, -1
521, 164, 381.41, 616.57, 35.18, 32.12, -1, -1, -1
521, 148, 1796.00, 44.00, 124.00, 84.00, -1, -1, -1
521, 119, 1192.00, 440.00, 163.00, 134.00, -1, -1, -1
521, 1, 681.80, 87.87, 39.64, 48.41, -1, -1, -1
521, 139, 1335.65, 766.73, 50.87, 36.02, -1, -1, -1
522, 213, 607.00, 809.00, 16.00, 24.00, -1, -1, -1
522, 208, 894.00, 989.00, 22.00, 13.00, -1, -1, -1
522, 173, 665.00, 969.00, 19.00, 19.00, -1, -1, -1
522, 150, 758.00, 977.00, 27.00, 16.00, -1, -1, -1
522, 133, 1263.00, 979.00, 19.00, 41.00, -1, -1, -1
522, 111, 1105.00, 788.00, 36.00, 22.00, -1, -1, -1
522, 166, 1232.00, 665.00, 26.00, 100.00, -1, -1, -1
522, 2, 1215.46, 125.93, 41.70, 68.44, -1, -1, -1
522, 5, 630.76, 483.92, 69.50, 64.59, -1, -1, -1
522, 7, 1047.55, 194.12, 24.25, 42.69, -1, -1, -1
522, 88, 1205.66, 209.52, 61.05, 68.39, -1, -1, -1
522, 124, 1197.00, 386.00, 19.00, 124.00, -1, -1, -1
522, 60, 1606.08, 309.16, 75.53, 33.23, -1, -1, -1
522, 140, 489.10, 736.55, 84.79, 82.30, -1, -1, -1
522, 164, 379.26, 611.96, 37.93, 34.67, -1, -1, -1
522, 148, 1801.00, 24.00, 119.00, 89.00, -1, -1, -1
522, 119, 1195.00, 440.00, 157.41, 132.34, -1, -1, -1
522, 1, 675.84, 88.51, 41.16, 49.78, -1, -1, -1
522, 139, 1333.72, 765.48, 53.50, 38.02, -1, -1, -1
522, 92, 1158.69, 179.74, 16.61, 78.38, -1, -1, -1
523, 213, 607.00, 809.00, 16.00, 24.00, -1, -1, -1
523, 208, 894.00, 989.00, 22.00, 13.00, -1, -1, -1
523, 173, 665.00, 964.00, 19.00, 19.00, -1, -1, -1
523, 150, 758.00, 977.00, 27.00, 16.00, -1, -1, -1
523, 133, 1263.00, 979.00, 19.00, 41.00, -1, -1, -1
523, 111, 1101.00, 786.00, 36.00, 22.00, -1, -1, -1
523, 166, 1232.00, 665.00, 26.00, 100.00, -1, -1, -1
523, 2, 1216.71, 126.21, 41.43, 67.85, -1, -1, -1
523, 5, 628.93, 483.56, 68.76, 64.01, -1, -1, -1
523, 7, 1046.97, 194.14, 24.41, 42.49, -1, -1, -1
523, 88, 1204.13, 210.54, 60.62, 67.77, -1, -1, -1
523, 124, 1198.00, 382.00, 19.00, 123.00, -1, -1, -1
523, 60, 1605.41, 307.35, 74.88, 33.07, -1, -1, -1
523, 140, 490.94, 733.82, 82.65, 80.52, -1, -1, -1
523, 164, 379.07, 608.37, 37.14, 34.16, -1, -1, -1
523, 148, 1805.00, 23.00, 115.00, 72.00, -1, -1, -1
523, 119, 1190.00, 436.00, 164.00, 136.00, -1, -1, -1
523, 1, 670.98, 92.49, 40.55, 48.38, -1, -1, -1
523, 139, 1331.87, 765.04, 54.83, 38.72, -1, -1, -1
523, 92, 1158.61, 179.12, 17.03, 81.64, -1, -1, -1
524, 213, 607.00, 809.00, 16.00, 24.00, -1, -1, -1
524, 208, 895.00, 985.00, 22.00, 15.00, -1, -1, -1
524, 173, 665.00, 964.00, 19.00, 19.00, -1, -1, -1
524, 150, 758.00, 977.00, 27.00, 16.00, -1, -1, -1
524, 133, 1263.00, 979.00, 19.00, 41.00, -1, -1, -1
524, 139, 1334.00, 767.00, 47.00, 35.00, -1, -1, -1
524, 111, 1101.00, 786.00, 36.00, 22.00, -1, -1, -1
524, 166, 1233.00, 658.00, 26.00, 100.00, -1, -1, -1
524, 2, 1218.48, 126.96, 40.63, 66.75, -1, -1, -1
524, 5, 627.07, 482.46, 68.97, 64.29, -1, -1, -1
524, 7, 1046.50, 193.90, 24.99, 43.16, -1, -1, -1
524, 88, 1202.60, 211.14, 60.52, 67.55, -1, -1, -1
524, 124, 1199.00, 374.00, 20.00, 125.00, -1, -1, -1
524, 60, 1605.22, 306.38, 72.56, 32.01, -1, -1, -1
524, 140, 490.35, 727.44, 83.94, 81.84, -1, -1, -1
524, 164, 377.24, 604.17, 36.88, 34.44, -1, -1, -1
524, 148, 1808.00, -0.00, 112.00, 76.00, -1, -1, -1
524, 119, 1199.30, 435.26, 154.56, 134.35, -1, -1, -1
524, 1, 668.01, 97.84, 39.04, 45.32, -1, -1, -1
524, 92, 1159.27, 175.96, 16.79, 80.57, -1, -1, -1
525, 213, 607.00, 809.00, 16.00, 24.00, -1, -1, -1
525, 208, 895.00, 985.00, 22.00, 15.00, -1, -1, -1
525, 173, 665.00, 960.00, 19.00, 19.00, -1, -1, -1
525, 150, 758.00, 977.00, 27.00, 16.00, -1, -1, -1
525, 133, 1263.00, 979.00, 19.00, 41.00, -1, -1, -1
525, 139, 1334.00, 767.00, 47.00, 35.00, -1, -1, -1
525, 111, 1101.00, 786.00, 36.00, 22.00, -1, -1, -1
525, 166, 1233.00, 658.00, 26.00, 100.00, -1, -1, -1
525, 2, 1219.98, 126.50, 40.58, 66.96, -1, -1, -1
525, 5, 625.50, 481.58, 68.93, 64.40, -1, -1, -1
525, 7, 1046.59, 194.07, 24.68, 42.42, -1, -1, -1
525, 88, 1201.15, 211.60, 60.40, 67.47, -1, -1, -1
525, 124, 1201.00, 369.00, 18.00, 126.00, -1, -1, -1
525, 60, 1604.17, 304.33, 73.69, 32.63, -1, -1, -1
525, 140, 490.37, 725.68, 81.50, 79.37, -1, -1, -1
525, 164, 376.85, 602.20, 34.88, 32.57, -1, -1, -1
525, 148, 1821.00, 0.00, 99.00, 60.00, -1, -1, -1
525, 119, 1199.22, 429.14, 158.52, 137.66, -1, -1, -1
525, 1, 664.07, 101.63, 39.19, 44.08, -1, -1, -1
525, 92, 1160.36, 173.16, 15.98, 76.98, -1, -1, -1
526, 213, 607.00, 809.00, 16.00, 24.00, -1, -1, -1
526, 208, 895.00, 985.00, 22.00, 15.00, -1, -1, -1
526, 150, 758.00, 977.00, 27.00, 16.00, -1, -1, -1
526, 133, 1263.00, 979.00, 19.00, 41.00, -1, -1, -1
526, 139, 1334.00, 767.00, 47.00, 35.00, -1, -1, -1
526, 111, 1095.00, 786.00, 36.00, 22.00, -1, -1, -1
526, 166, 1234.00, 655.00, 26.00, 100.00, -1, -1, -1
526, 2, 1221.04, 126.09, 40.49, 66.79, -1, -1, -1
526, 5, 624.27, 480.53, 68.83, 64.45, -1, -1, -1
526, 7, 1046.47, 194.01, 24.88, 42.38, -1, -1, -1
526, 88, 1199.47, 212.74, 59.77, 66.70, -1, -1, -1
526, 124, 1200.00, 363.00, 21.00, 126.00, -1, -1, -1
526, 60, 1604.20, 302.88, 73.28, 32.36, -1, -1, -1
526, 140, 490.97, 721.69, 81.91, 79.41, -1, -1, -1
526, 164, 375.82, 597.62, 37.52, 34.86, -1, -1, -1
526, 119, 1200.46, 428.88, 157.45, 135.94, -1, -1, -1
526, 1, 660.14, 104.50, 40.32, 43.86, -1, -1, -1
526, 173, 665.00, 960.00, 19.00, 19.00, -1, -1, -1
526, 92, 1160.69, 170.88, 15.80, 76.56, -1, -1, -1
526, 148, 1835.90, 0.19, 75.79, 32.59, -1, -1, -1
527, 213, 607.00, 809.00, 16.00, 24.00, -1, -1, -1
527, 208, 896.00, 978.00, 22.00, 15.00, -1, -1, -1
527, 150, 759.00, 974.00, 27.00, 16.00, -1, -1, -1
527, 133, 1263.00, 979.00, 22.00, 48.00, -1, -1, -1
527, 139, 1334.00, 767.00, 47.00, 35.00, -1, -1, -1
527, 111, 1094.00, 787.00, 36.00, 22.00, -1, -1, -1
527, 166, 1234.00, 655.00, 26.00, 100.00, -1, -1, -1
527, 148, 1835.90, 0.19, 75.79, 32.59, -1, -1, -1
527, 2, 1221.35, 122.10, 42.54, 70.71, -1, -1, -1
527, 5, 622.95, 479.66, 68.65, 64.47, -1, -1, -1
527, 7, 1046.19, 193.63, 25.45, 43.12, -1, -1, -1
527, 88, 1197.31, 212.89, 59.75, 66.66, -1, -1, -1
527, 124, 1199.00, 364.00, 22.00, 124.00, -1, -1, -1
527, 60, 1606.01, 301.90, 69.58, 30.51, -1, -1, -1
527, 140, 487.51, 711.88, 88.45, 86.40, -1, -1, -1
527, 164, 379.00, 599.00, 39.00, 36.00, -1, -1, -1
527, 119, 1196.67, 422.65, 162.58, 140.25, -1, -1, -1
527, 1, 661.00, 103.00, 45.00, 43.00, -1, -1, -1
527, 173, 664.00, 957.00, 19.00, 19.00, -1, -1, -1
527, 92, 1161.41, 167.99, 16.51, 79.41, -1, -1, -1
528, 213, 607.00, 809.00, 16.00, 24.00, -1, -1, -1
528, 208, 895.00, 978.00, 22.00, 15.00, -1, -1, -1
528, 150, 759.00, 974.00, 27.00, 16.00, -1, -1, -1
528, 133, 1263.00, 979.00, 22.00, 48.00, -1, -1, -1
528, 139, 1334.00, 767.00, 47.00, 35.00, -1, -1, -1
528, 111, 1094.00, 788.00, 27.00, 19.00, -1, -1, -1
528, 166, 1234.00, 653.00, 26.00, 100.00, -1, -1, -1
528, 148, 1835.90, 0.19, 75.10, 18.81, -1, -1, -1
528, 92, 1155.00, 166.00, 23.00, 75.00, -1, -1, -1
528, 2, 1223.43, 124.51, 41.26, 68.28, -1, -1, -1
528, 5, 621.26, 478.13, 69.59, 65.47, -1, -1, -1
528, 7, 1045.13, 192.99, 26.59, 45.36, -1, -1, -1
528, 88, 1195.66, 213.42, 59.57, 66.41, -1, -1, -1
528, 124, 1200.00, 356.00, 22.00, 125.00, -1, -1, -1
528, 60, 1600.80, 296.28, 80.03, 35.68, -1, -1, -1
528, 140, 486.26, 707.35, 88.41, 86.55, -1, -1, -1
528, 164, 376.00, 596.00, 41.00, 38.00, -1, -1, -1
528, 119, 1197.67, 424.31, 159.67, 136.46, -1, -1, -1
528, 173, 664.00, 957.00, 19.00, 19.00, -1, -1, -1
528, 1, 656.00, 107.00, 47.00, 42.00, -1, -1, -1
529, 213, 607.00, 809.00, 16.00, 24.00, -1, -1, -1
529, 208, 895.00, 978.00, 22.00, 15.00, -1, -1, -1
529, 150, 759.00, 974.00, 27.00, 16.00, -1, -1, -1
529, 133, 1263.00, 979.00, 22.00, 48.00, -1, -1, -1
529, 111, 1094.00, 788.00, 27.00, 19.00, -1, -1, -1
529, 166, 1235.00, 647.00, 26.00, 100.00, -1, -1, -1
529, 92, 1158.00, 167.00, 23.00, 75.00, -1, -1, -1
529, 2, 1224.69, 124.89, 40.74, 67.41, -1, -1, -1
529, 5, 619.73, 477.09, 69.88, 65.84, -1, -1, -1
529, 7, 1045.15, 193.00, 26.19, 44.75, -1, -1, -1
529, 88, 1194.24, 213.59, 59.25, 66.32, -1, -1, -1
529, 124, 1201.00, 348.00, 23.00, 130.00, -1, -1, -1
529, 60, 1603.51, 296.90, 74.58, 33.19, -1, -1, -1
529, 140, 483.41, 699.89, 92.61, 90.99, -1, -1, -1
529, 164, 377.00, 590.00, 42.00, 40.00, -1, -1, -1
529, 119, 1195.95, 420.34, 162.74, 138.46, -1, -1, -1
529, 173, 664.00, 954.00, 19.00, 19.00, -1, -1, -1
529, 1, 651.00, 110.00, 49.00, 41.00, -1, -1, -1
529, 139, 1328.80, 764.19, 52.86, 37.61, -1, -1, -1
53, 212, 474.00, 429.00, 32.00, 30.00, -1, -1, -1
53, 59, 833.00, 1031.00, 19.00, 15.00, -1, -1, -1
53, 205, 661.00, 1014.00, 16.00, 14.00, -1, -1, -1
53, 203, 310.00, 353.00, 29.00, 22.00, -1, -1, -1
53, 202, 286.00, 358.00, 18.00, 18.00, -1, -1, -1
53, 200, 975.00, 235.00, 14.00, 23.00, -1, -1, -1
53, 3, 1439.02, 0.25, 23.65, 25.09, -1, -1, -1
53, 1, 700.75, 584.27, 102.60, 62.85, -1, -1, -1
53, 2, 1015.27, 83.54, 36.46, 85.36, -1, -1, -1
53, 4, -0.00, 142.00, 20.00, 34.00, -1, -1, -1
53, 5, 1214.61, 736.73, 72.34, 61.21, -1, -1, -1
53, 6, 805.49, 251.82, 75.43, 44.03, -1, -1, -1
53, 7, 1138.73, 321.38, 29.85, 49.44, -1, -1, -1
53, 9, 1040.39, 848.55, 33.46, 37.97, -1, -1, -1
53, 14, 714.14, 204.84, 39.02, 25.75, -1, -1, -1
53, 8, 311.71, 693.84, 39.13, 28.73, -1, -1, -1
53, 17, 972.44, 7.79, 27.99, 26.68, -1, -1, -1
53, 10, 33.28, 501.82, 19.54, 34.46, -1, -1, -1
530, 213, 607.00, 809.00, 16.00, 24.00, -1, -1, -1
530, 208, 896.00, 973.00, 22.00, 15.00, -1, -1, -1
530, 173, 664.00, 952.00, 19.00, 19.00, -1, -1, -1
530, 150, 759.00, 974.00, 27.00, 16.00, -1, -1, -1
530, 133, 1263.00, 979.00, 22.00, 48.00, -1, -1, -1
530, 111, 1094.00, 788.00, 27.00, 19.00, -1, -1, -1
530, 92, 1160.00, 158.00, 20.00, 75.00, -1, -1, -1
530, 2, 1226.19, 124.91, 40.41, 67.08, -1, -1, -1
530, 5, 618.32, 476.23, 69.78, 65.98, -1, -1, -1
530, 7, 1044.50, 192.03, 26.39, 44.99, -1, -1, -1
530, 88, 1192.00, 213.39, 59.72, 67.04, -1, -1, -1
530, 124, 1203.00, 344.00, 23.00, 130.00, -1, -1, -1
530, 60, 1603.73, 295.87, 72.21, 32.09, -1, -1, -1
530, 140, 484.60, 698.61, 89.69, 87.83, -1, -1, -1
530, 164, 374.00, 587.00, 41.00, 39.00, -1, -1, -1
530, 119, 1200.40, 423.36, 158.66, 133.28, -1, -1, -1
530, 1, 645.00, 111.00, 49.00, 43.00, -1, -1, -1
530, 139, 1328.46, 764.70, 51.05, 36.45, -1, -1, -1
530, 166, 1235.53, 633.20, 26.40, 118.26, -1, -1, -1
531, 213, 604.00, 809.00, 17.00, 18.00, -1, -1, -1
531, 208, 896.00, 973.00, 22.00, 15.00, -1, -1, -1
531, 173, 663.00, 946.00, 19.00, 19.00, -1, -1, -1
531, 150, 759.00, 974.00, 27.00, 16.00, -1, -1, -1
531, 133, 1263.00, 979.00, 22.00, 48.00, -1, -1, -1
531, 139, 1334.00, 767.00, 47.00, 35.00, -1, -1, -1
531, 111, 1094.00, 788.00, 27.00, 19.00, -1, -1, -1
531, 2, 1226.69, 125.18, 40.32, 66.59, -1, -1, -1
531, 5, 616.45, 475.20, 70.06, 66.53, -1, -1, -1
531, 7, 1044.43, 191.92, 26.13, 44.33, -1, -1, -1
531, 88, 1189.94, 211.81, 61.46, 69.29, -1, -1, -1
531, 124, 1203.00, 337.00, 23.00, 129.00, -1, -1, -1
531, 60, 1602.30, 294.18, 72.37, 32.18, -1, -1, -1
531, 140, 486.27, 697.39, 87.16, 84.52, -1, -1, -1
531, 164, 375.00, 586.00, 39.00, 36.00, -1, -1, -1
531, 119, 1195.69, 418.10, 164.90, 137.30, -1, -1, -1
531, 1, 642.00, 112.00, 47.00, 43.00, -1, -1, -1
531, 166, 1236.09, 630.13, 26.70, 119.27, -1, -1, -1
531, 92, 1162.38, 158.77, 15.61, 75.44, -1, -1, -1
532, 213, 604.00, 809.00, 17.00, 18.00, -1, -1, -1
532, 208, 896.00, 973.00, 22.00, 15.00, -1, -1, -1
532, 173, 663.00, 946.00, 19.00, 19.00, -1, -1, -1
532, 150, 759.00, 974.00, 27.00, 16.00, -1, -1, -1
532, 133, 1263.00, 979.00, 22.00, 48.00, -1, -1, -1
532, 139, 1334.00, 767.00, 47.00, 35.00, -1, -1, -1
532, 111, 1094.00, 784.00, 27.00, 19.00, -1, -1, -1
532, 2, 1227.68, 124.79, 40.58, 66.78, -1, -1, -1
532, 5, 615.12, 474.59, 69.56, 66.24, -1, -1, -1
532, 7, 1044.64, 192.13, 25.57, 43.33, -1, -1, -1
532, 88, 1188.26, 214.02, 60.12, 67.70, -1, -1, -1
532, 124, 1204.00, 331.00, 23.00, 129.00, -1, -1, -1
532, 60, 1600.84, 291.62, 74.32, 33.21, -1, -1, -1
532, 140, 487.23, 696.12, 85.59, 82.25, -1, -1, -1
532, 164, 374.00, 584.00, 37.00, 35.00, -1, -1, -1
532, 119, 1195.49, 417.95, 165.11, 135.82, -1, -1, -1
532, 1, 634.00, 115.00, 45.00, 42.00, -1, -1, -1
532, 166, 1236.89, 632.69, 25.59, 115.26, -1, -1, -1
532, 92, 1163.23, 155.89, 15.97, 77.91, -1, -1, -1
533, 213, 604.00, 809.00, 17.00, 18.00, -1, -1, -1
533, 208, 897.00, 966.00, 22.00, 15.00, -1, -1, -1
533, 150, 766.00, 973.00, 27.00, 16.00, -1, -1, -1
533, 133, 1263.00, 979.00, 22.00, 48.00, -1, -1, -1
533, 139, 1334.00, 767.00, 47.00, 35.00, -1, -1, -1
533, 111, 1094.00, 784.00, 27.00, 19.00, -1, -1, -1
533, 166, 1240.00, 641.00, 22.00, 96.00, -1, -1, -1
533, 2, 1228.38, 123.91, 40.94, 67.48, -1, -1, -1
533, 5, 613.54, 473.41, 70.15, 67.11, -1, -1, -1
533, 7, 1044.77, 190.73, 26.27, 44.44, -1, -1, -1
533, 88, 1186.45, 214.12, 60.10, 68.06, -1, -1, -1
533, 124, 1204.00, 325.00, 22.00, 130.00, -1, -1, -1
533, 60, 1599.70, 288.87, 76.26, 34.33, -1, -1, -1
533, 140, 487.86, 693.80, 84.97, 81.40, -1, -1, -1
533, 164, 373.00, 582.00, 38.00, 35.00, -1, -1, -1
533, 119, 1196.14, 415.74, 164.76, 134.25, -1, -1, -1
533, 1, 631.00, 117.00, 45.00, 42.00, -1, -1, -1
533, 173, 663.00, 942.00, 19.00, 19.00, -1, -1, -1
533, 92, 1162.94, 154.12, 17.22, 83.94, -1, -1, -1
534, 213, 603.00, 808.00, 17.00, 18.00, -1, -1, -1
534, 208, 897.00, 966.00, 22.00, 15.00, -1, -1, -1
534, 150, 766.00, 973.00, 27.00, 16.00, -1, -1, -1
534, 133, 1263.00, 979.00, 22.00, 48.00, -1, -1, -1
534, 139, 1334.00, 767.00, 47.00, 35.00, -1, -1, -1
534, 111, 1094.00, 784.00, 27.00, 19.00, -1, -1, -1
534, 166, 1240.00, 641.00, 22.00, 96.00, -1, -1, -1
534, 2, 1229.68, 123.83, 40.91, 67.49, -1, -1, -1
534, 5, 611.81, 472.25, 70.78, 67.92, -1, -1, -1
534, 7, 1042.44, 187.51, 30.31, 52.22, -1, -1, -1
534, 88, 1185.22, 215.38, 59.35, 67.45, -1, -1, -1
534, 124, 1205.00, 319.00, 23.00, 130.00, -1, -1, -1
534, 60, 1599.67, 286.90, 76.22, 34.51, -1, -1, -1
534, 140, 485.42, 687.08, 88.60, 85.08, -1, -1, -1
534, 164, 372.00, 577.00, 38.00, 36.00, -1, -1, -1
534, 119, 1194.67, 413.49, 170.04, 137.65, -1, -1, -1
534, 1, 626.00, 124.00, 46.00, 40.00, -1, -1, -1
534, 173, 662.00, 940.00, 19.00, 19.00, -1, -1, -1
534, 92, 1163.36, 151.51, 17.56, 87.32, -1, -1, -1
535, 213, 600.00, 809.00, 17.00, 18.00, -1, -1, -1
535, 208, 897.00, 966.00, 22.00, 15.00, -1, -1, -1
535, 173, 662.00, 940.00, 19.00, 19.00, -1, -1, -1
535, 150, 766.00, 973.00, 27.00, 16.00, -1, -1, -1
535, 133, 1263.00, 979.00, 22.00, 48.00, -1, -1, -1
535, 139, 1334.00, 767.00, 47.00, 35.00, -1, -1, -1
535, 111, 1094.00, 784.00, 27.00, 19.00, -1, -1, -1
535, 2, 1230.50, 123.44, 41.15, 67.75, -1, -1, -1
535, 5, 610.39, 471.11, 70.67, 67.74, -1, -1, -1
535, 7, 1043.77, 189.81, 27.42, 47.19, -1, -1, -1
535, 88, 1184.17, 216.46, 58.38, 66.48, -1, -1, -1
535, 124, 1208.00, 311.00, 22.00, 130.00, -1, -1, -1
535, 60, 1598.69, 282.05, 82.12, 37.52, -1, -1, -1
535, 140, 481.47, 680.28, 95.58, 92.80, -1, -1, -1
535, 164, 370.00, 571.00, 40.00, 36.00, -1, -1, -1
535, 119, 1192.71, 410.24, 171.87, 137.93, -1, -1, -1
535, 1, 622.00, 123.00, 45.00, 41.00, -1, -1, -1
535, 92, 1164.03, 148.82, 17.63, 87.37, -1, -1, -1
535, 166, 1238.34, 635.72, 22.92, 101.67, -1, -1, -1
536, 213, 604.00, 809.00, 17.00, 18.00, -1, -1, -1
536, 208, 896.00, 960.00, 22.00, 15.00, -1, -1, -1
536, 173, 662.00, 936.00, 19.00, 19.00, -1, -1, -1
536, 150, 766.00, 968.00, 27.00, 16.00, -1, -1, -1
536, 133, 1263.00, 979.00, 22.00, 48.00, -1, -1, -1
536, 139, 1328.00, 765.00, 47.00, 35.00, -1, -1, -1
536, 111, 1094.00, 784.00, 27.00, 19.00, -1, -1, -1
536, 166, 1239.27, 634.67, 22.17, 96.58, -1, -1, -1
536, 2, 1231.79, 123.55, 41.16, 67.60, -1, -1, -1
536, 5, 608.49, 467.75, 72.50, 69.63, -1, -1, -1
536, 7, 1043.90, 190.65, 26.08, 44.86, -1, -1, -1
536, 88, 1182.79, 216.84, 58.15, 66.36, -1, -1, -1
536, 124, 1209.00, 304.00, 23.00, 132.00, -1, -1, -1
536, 60, 1600.48, 282.64, 76.20, 34.83, -1, -1, -1
536, 140, 480.11, 672.99, 97.47, 95.72, -1, -1, -1
536, 164, 369.00, 569.00, 38.00, 36.00, -1, -1, -1
536, 119, 1193.10, 408.33, 172.24, 137.54, -1, -1, -1
536, 1, 615.00, 125.00, 46.00, 41.00, -1, -1, -1
536, 92, 1165.17, 145.66, 16.85, 83.44, -1, -1, -1
537, 213, 604.00, 809.00, 17.00, 18.00, -1, -1, -1
537, 208, 896.00, 960.00, 22.00, 15.00, -1, -1, -1
537, 173, 661.00, 933.00, 19.00, 19.00, -1, -1, -1
537, 150, 766.00, 968.00, 27.00, 16.00, -1, -1, -1
537, 133, 1263.00, 979.00, 22.00, 48.00, -1, -1, -1
537, 139, 1328.00, 765.00, 47.00, 35.00, -1, -1, -1
537, 111, 1089.00, 783.00, 27.00, 19.00, -1, -1, -1
537, 166, 1239.27, 634.67, 22.17, 96.58, -1, -1, -1
537, 2, 1232.65, 123.11, 41.34, 67.79, -1, -1, -1
537, 5, 608.32, 468.47, 70.21, 67.40, -1, -1, -1
537, 7, 1044.02, 190.96, 25.46, 43.99, -1, -1, -1
537, 88, 1181.28, 216.72, 58.20, 66.57, -1, -1, -1
537, 124, 1209.00, 299.00, 23.00, 132.00, -1, -1, -1
537, 60, 1601.75, 282.57, 72.71, 33.17, -1, -1, -1
537, 140, 481.63, 672.17, 93.62, 92.03, -1, -1, -1
537, 164, 368.00, 565.00, 39.00, 36.00, -1, -1, -1
537, 119, 1191.60, 404.96, 174.69, 138.87, -1, -1, -1
537, 1, 610.00, 126.00, 47.00, 42.00, -1, -1, -1
537, 92, 1165.85, 141.38, 16.02, 79.68, -1, -1, -1
538, 213, 601.00, 808.00, 17.00, 18.00, -1, -1, -1
538, 208, 897.00, 955.00, 22.00, 15.00, -1, -1, -1
538, 173, 659.00, 930.00, 19.00, 19.00, -1, -1, -1
538, 150, 766.00, 968.00, 27.00, 16.00, -1, -1, -1
538, 133, 1267.00, 983.00, 22.00, 48.00, -1, -1, -1
538, 139, 1328.00, 765.00, 47.00, 35.00, -1, -1, -1
538, 111, 1089.00, 783.00, 27.00, 19.00, -1, -1, -1
538, 2, 1233.47, 122.95, 41.32, 67.61, -1, -1, -1
538, 5, 606.91, 468.32, 69.67, 67.01, -1, -1, -1
538, 7, 1043.05, 188.59, 26.28, 45.93, -1, -1, -1
538, 88, 1179.82, 217.40, 58.14, 66.66, -1, -1, -1
538, 124, 1211.00, 293.00, 22.00, 131.00, -1, -1, -1
538, 60, 1600.78, 279.84, 74.33, 34.06, -1, -1, -1
538, 140, 479.35, 665.18, 96.43, 95.43, -1, -1, -1
538, 164, 368.00, 562.00, 38.00, 35.00, -1, -1, -1
538, 119, 1189.08, 396.86, 181.48, 144.30, -1, -1, -1
538, 1, 606.00, 128.00, 49.00, 43.00, -1, -1, -1
538, 92, 1166.12, 138.88, 15.63, 78.02, -1, -1, -1
538, 166, 1239.27, 634.67, 22.17, 96.58, -1, -1, -1
539, 213, 601.00, 808.00, 17.00, 18.00, -1, -1, -1
539, 208, 897.00, 955.00, 22.00, 15.00, -1, -1, -1
539, 150, 766.00, 968.00, 27.00, 16.00, -1, -1, -1
539, 133, 1267.00, 983.00, 22.00, 48.00, -1, -1, -1
539, 139, 1328.00, 765.00, 47.00, 35.00, -1, -1, -1
539, 111, 1089.00, 783.00, 27.00, 19.00, -1, -1, -1
539, 2, 1234.81, 123.03, 41.16, 67.17, -1, -1, -1
539, 5, 605.98, 467.80, 68.89, 66.36, -1, -1, -1
539, 7, 1044.16, 190.66, 24.63, 42.97, -1, -1, -1
539, 88, 1178.46, 217.26, 57.87, 66.44, -1, -1, -1
539, 124, 1212.00, 287.00, 22.00, 131.00, -1, -1, -1
539, 60, 1601.91, 278.89, 71.96, 32.91, -1, -1, -1
539, 140, 479.70, 657.82, 98.00, 97.64, -1, -1, -1
539, 164, 366.00, 558.00, 39.00, 36.00, -1, -1, -1
539, 119, 1188.29, 398.25, 179.83, 142.44, -1, -1, -1
539, 1, 601.00, 130.00, 49.00, 43.00, -1, -1, -1
539, 92, 1166.66, 137.56, 15.59, 78.17, -1, -1, -1
539, 173, 659.00, 928.00, 19.00, 19.00, -1, -1, -1
539, 166, 1240.43, 637.80, 20.95, 90.80, -1, -1, -1
54, 212, 474.00, 429.00, 32.00, 30.00, -1, -1, -1
54, 59, 833.00, 1031.00, 19.00, 15.00, -1, -1, -1
54, 205, 661.00, 1014.00, 16.00, 14.00, -1, -1, -1
54, 203, 306.00, 345.00, 29.00, 22.00, -1, -1, -1
54, 202, 281.00, 352.00, 18.00, 18.00, -1, -1, -1
54, 200, 975.00, 235.00, 14.00, 23.00, -1, -1, -1
54, 3, 1439.02, 0.25, 23.65, 25.09, -1, -1, -1
54, 1, 700.08, 583.10, 101.31, 61.96, -1, -1, -1
54, 2, 1016.53, 83.38, 36.17, 85.46, -1, -1, -1
54, 5, 1212.64, 737.15, 71.75, 60.78, -1, -1, -1
54, 6, 806.22, 245.78, 75.49, 43.90, -1, -1, -1
54, 7, 1139.23, 323.62, 28.47, 46.70, -1, -1, -1
54, 9, 1038.07, 843.03, 41.74, 47.49, -1, -1, -1
54, 14, 713.51, 200.87, 38.34, 25.15, -1, -1, -1
54, 8, 310.55, 690.61, 38.79, 28.48, -1, -1, -1
54, 17, 972.79, 4.29, 28.10, 26.92, -1, -1, -1
54, 10, 32.64, 502.13, 19.01, 33.47, -1, -1, -1
540, 213, 601.00, 808.00, 17.00, 18.00, -1, -1, -1
540, 208, 897.00, 955.00, 22.00, 15.00, -1, -1, -1
540, 150, 766.00, 968.00, 27.00, 16.00, -1, -1, -1
540, 133, 1267.00, 983.00, 22.00, 48.00, -1, -1, -1
540, 139, 1328.00, 765.00, 47.00, 35.00, -1, -1, -1
540, 111, 1090.00, 778.00, 27.00, 19.00, -1, -1, -1
540, 166, 1240.00, 628.00, 26.00, 97.00, -1, -1, -1
540, 2, 1234.92, 121.70, 41.81, 68.24, -1, -1, -1
540, 5, 604.51, 466.64, 68.47, 66.12, -1, -1, -1
540, 7, 1043.60, 188.21, 26.01, 45.32, -1, -1, -1
540, 88, 1176.46, 217.56, 57.91, 66.61, -1, -1, -1
540, 124, 1212.00, 281.00, 22.00, 130.00, -1, -1, -1
540, 60, 1601.95, 277.25, 71.87, 32.70, -1, -1, -1
540, 140, 480.73, 656.09, 95.38, 95.06, -1, -1, -1
540, 164, 365.00, 554.00, 38.00, 35.00, -1, -1, -1
540, 119, 1188.32, 397.45, 179.48, 141.67, -1, -1, -1
540, 1, 594.00, 132.00, 50.00, 44.00, -1, -1, -1
540, 173, 660.00, 925.00, 19.00, 19.00, -1, -1, -1
540, 92, 1166.69, 137.03, 15.88, 80.23, -1, -1, -1
541, 213, 601.00, 808.00, 17.00, 18.00, -1, -1, -1
541, 208, 896.00, 948.00, 22.00, 15.00, -1, -1, -1
541, 173, 659.00, 922.00, 19.00, 19.00, -1, -1, -1
541, 150, 766.00, 968.00, 27.00, 16.00, -1, -1, -1
541, 133, 1267.00, 983.00, 22.00, 48.00, -1, -1, -1
541, 139, 1328.00, 765.00, 47.00, 35.00, -1, -1, -1
541, 111, 1090.00, 778.00, 27.00, 19.00, -1, -1, -1
541, 166, 1240.00, 628.00, 26.00, 97.00, -1, -1, -1
541, 2, 1235.88, 121.08, 42.11, 68.77, -1, -1, -1
541, 5, 603.21, 465.75, 68.43, 66.03, -1, -1, -1
541, 7, 1043.53, 188.82, 25.27, 44.20, -1, -1, -1
541, 88, 1174.31, 217.91, 57.87, 66.68, -1, -1, -1
541, 124, 1214.00, 275.00, 22.00, 131.00, -1, -1, -1
541, 60, 1601.26, 275.21, 73.25, 33.13, -1, -1, -1
541, 140, 477.45, 642.81, 103.22, 103.87, -1, -1, -1
541, 164, 365.00, 549.00, 40.00, 37.00, -1, -1, -1
541, 119, 1192.22, 398.72, 175.53, 137.40, -1, -1, -1
541, 1, 591.00, 134.00, 51.00, 44.00, -1, -1, -1
541, 92, 1166.90, 134.81, 15.57, 78.91, -1, -1, -1
542, 213, 601.00, 808.00, 17.00, 18.00, -1, -1, -1
542, 208, 896.00, 948.00, 22.00, 15.00, -1, -1, -1
542, 173, 658.00, 920.00, 19.00, 19.00, -1, -1, -1
542, 150, 774.00, 967.00, 27.00, 16.00, -1, -1, -1
542, 133, 1267.00, 983.00, 22.00, 48.00, -1, -1, -1
542, 139, 1324.00, 764.00, 47.00, 35.00, -1, -1, -1
542, 111, 1090.00, 778.00, 27.00, 19.00, -1, -1, -1
542, 2, 1237.33, 121.11, 41.96, 68.47, -1, -1, -1
542, 5, 601.57, 464.45, 69.34, 66.99, -1, -1, -1
542, 7, 1043.53, 189.33, 24.93, 43.75, -1, -1, -1
542, 88, 1172.41, 218.27, 58.17, 67.21, -1, -1, -1
542, 124, 1214.00, 268.00, 22.00, 131.00, -1, -1, -1
542, 60, 1600.66, 273.27, 74.47, 33.54, -1, -1, -1
542, 140, 475.66, 638.91, 102.52, 103.76, -1, -1, -1
542, 164, 364.00, 545.00, 41.00, 38.00, -1, -1, -1
542, 119, 1192.22, 397.80, 174.99, 136.26, -1, -1, -1
542, 1, 586.00, 135.00, 51.00, 45.00, -1, -1, -1
542, 92, 1167.20, 132.20, 15.95, 81.51, -1, -1, -1
542, 166, 1244.06, 622.81, 23.21, 100.31, -1, -1, -1
543, 213, 601.00, 808.00, 17.00, 18.00, -1, -1, -1
543, 208, 896.00, 943.00, 22.00, 15.00, -1, -1, -1
543, 173, 658.00, 920.00, 19.00, 19.00, -1, -1, -1
543, 150, 774.00, 967.00, 27.00, 16.00, -1, -1, -1
543, 133, 1267.00, 983.00, 22.00, 48.00, -1, -1, -1
543, 139, 1324.00, 764.00, 47.00, 35.00, -1, -1, -1
543, 111, 1090.00, 778.00, 27.00, 19.00, -1, -1, -1
543, 2, 1238.75, 120.14, 42.07, 69.22, -1, -1, -1
543, 5, 600.09, 463.50, 69.05, 66.85, -1, -1, -1
543, 7, 1043.38, 189.16, 25.12, 44.32, -1, -1, -1
543, 88, 1171.38, 218.39, 58.06, 67.40, -1, -1, -1
543, 124, 1218.00, 260.00, 22.00, 134.00, -1, -1, -1
543, 60, 1600.82, 271.49, 74.17, 33.20, -1, -1, -1
543, 140, 478.50, 638.59, 95.59, 96.33, -1, -1, -1
543, 164, 362.00, 541.00, 42.00, 38.00, -1, -1, -1
543, 119, 1190.27, 393.79, 179.69, 139.34, -1, -1, -1
543, 1, 581.00, 138.00, 51.00, 44.00, -1, -1, -1
543, 92, 1167.70, 128.59, 16.29, 84.07, -1, -1, -1
543, 166, 1244.24, 615.74, 24.17, 104.82, -1, -1, -1
544, 213, 598.00, 804.00, 17.00, 18.00, -1, -1, -1
544, 208, 896.00, 943.00, 22.00, 15.00, -1, -1, -1
544, 150, 774.00, 967.00, 27.00, 16.00, -1, -1, -1
544, 133, 1267.00, 983.00, 22.00, 48.00, -1, -1, -1
544, 139, 1324.00, 764.00, 47.00, 35.00, -1, -1, -1
544, 111, 1090.00, 778.00, 27.00, 19.00, -1, -1, -1
544, 2, 1238.26, 115.97, 44.09, 73.07, -1, -1, -1
544, 5, 599.06, 463.18, 68.49, 66.31, -1, -1, -1
544, 7, 1043.55, 189.23, 24.76, 43.80, -1, -1, -1
544, 88, 1169.90, 218.92, 57.36, 66.98, -1, -1, -1
544, 124, 1218.00, 256.00, 22.00, 133.00, -1, -1, -1
544, 60, 1601.30, 269.52, 75.23, 33.57, -1, -1, -1
544, 140, 479.28, 637.30, 93.09, 93.30, -1, -1, -1
544, 164, 360.00, 535.00, 44.00, 41.00, -1, -1, -1
544, 119, 1190.66, 392.10, 182.13, 140.48, -1, -1, -1
544, 1, 578.00, 138.00, 51.00, 44.00, -1, -1, -1
544, 92, 1168.08, 126.92, 16.03, 83.21, -1, -1, -1
544, 173, 658.00, 915.00, 19.00, 19.00, -1, -1, -1
544, 166, 1243.22, 615.10, 23.76, 102.59, -1, -1, -1
545, 213, 598.00, 804.00, 17.00, 18.00, -1, -1, -1
545, 208, 899.00, 940.00, 22.00, 15.00, -1, -1, -1
545, 150, 776.00, 963.00, 27.00, 16.00, -1, -1, -1
545, 133, 1267.00, 983.00, 22.00, 48.00, -1, -1, -1
545, 139, 1323.00, 761.00, 47.00, 35.00, -1, -1, -1
545, 111, 1086.00, 776.00, 27.00, 19.00, -1, -1, -1
545, 2, 1240.39, 118.41, 42.11, 69.56, -1, -1, -1
545, 5, 597.51, 461.60, 69.23, 67.09, -1, -1, -1
545, 7, 1043.26, 189.14, 24.35, 43.10, -1, -1, -1
545, 88, 1166.62, 214.88, 60.68, 71.54, -1, -1, -1
545, 124, 1219.00, 250.00, 21.00, 133.00, -1, -1, -1
545, 60, 1599.95, 267.49, 76.71, 34.19, -1, -1, -1
545, 140, 477.44, 630.46, 95.92, 96.19, -1, -1, -1
545, 164, 359.00, 531.00, 42.00, 40.00, -1, -1, -1
545, 119, 1192.73, 389.31, 183.16, 140.42, -1, -1, -1
545, 1, 573.00, 141.00, 50.00, 44.00, -1, -1, -1
545, 92, 1168.62, 123.91, 16.08, 83.22, -1, -1, -1
545, 173, 657.00, 913.00, 19.00, 19.00, -1, -1, -1
545, 166, 1243.65, 613.53, 23.82, 102.62, -1, -1, -1
546, 213, 598.00, 804.00, 17.00, 18.00, -1, -1, -1
546, 208, 899.00, 940.00, 22.00, 15.00, -1, -1, -1
546, 150, 776.00, 963.00, 27.00, 16.00, -1, -1, -1
546, 133, 1267.00, 983.00, 22.00, 48.00, -1, -1, -1
546, 139, 1323.00, 761.00, 47.00, 35.00, -1, -1, -1
546, 111, 1086.00, 776.00, 27.00, 19.00, -1, -1, -1
546, 2, 1241.69, 119.69, 41.28, 68.23, -1, -1, -1
546, 5, 595.51, 461.04, 69.47, 67.38, -1, -1, -1
546, 7, 1043.04, 188.61, 24.43, 43.34, -1, -1, -1
546, 88, 1166.05, 218.34, 57.78, 68.39, -1, -1, -1
546, 124, 1222.00, 243.00, 22.00, 134.00, -1, -1, -1
546, 60, 1598.48, 264.81, 79.19, 35.41, -1, -1, -1
546, 140, 478.82, 628.05, 93.36, 93.31, -1, -1, -1
546, 164, 359.00, 536.00, 41.00, 38.00, -1, -1, -1
546, 119, 1185.23, 384.87, 186.77, 142.13, -1, -1, -1
546, 1, 569.00, 143.00, 49.00, 43.00, -1, -1, -1
546, 92, 1169.35, 121.38, 15.99, 83.34, -1, -1, -1
546, 173, 656.00, 910.00, 19.00, 19.00, -1, -1, -1
546, 166, 1244.24, 611.07, 23.94, 103.08, -1, -1, -1
547, 213, 598.00, 804.00, 17.00, 18.00, -1, -1, -1
547, 208, 897.00, 935.00, 22.00, 15.00, -1, -1, -1
547, 173, 656.00, 905.00, 19.00, 19.00, -1, -1, -1
547, 150, 776.00, 963.00, 27.00, 16.00, -1, -1, -1
547, 133, 1269.00, 984.00, 22.00, 48.00, -1, -1, -1
547, 139, 1323.00, 761.00, 47.00, 35.00, -1, -1, -1
547, 111, 1086.00, 776.00, 27.00, 19.00, -1, -1, -1
547, 164, 357.00, 531.00, 39.00, 36.00, -1, -1, -1
547, 2, 1242.88, 119.18, 41.48, 68.49, -1, -1, -1
547, 5, 594.35, 460.87, 68.51, 66.50, -1, -1, -1
547, 7, 1042.60, 188.80, 24.19, 42.93, -1, -1, -1
547, 88, 1165.59, 219.87, 56.30, 66.83, -1, -1, -1
547, 124, 1222.00, 235.00, 22.00, 135.00, -1, -1, -1
547, 60, 1598.00, 262.39, 79.98, 35.87, -1, -1, -1
547, 140, 479.50, 626.38, 91.64, 91.16, -1, -1, -1
547, 119, 1189.00, 382.00, 181.00, 144.00, -1, -1, -1
547, 1, 567.00, 144.00, 49.00, 43.00, -1, -1, -1
547, 92, 1169.54, 119.27, 16.11, 84.61, -1, -1, -1
547, 166, 1245.46, 606.06, 24.89, 106.16, -1, -1, -1
548, 213, 598.00, 804.00, 17.00, 18.00, -1, -1, -1
548, 208, 897.00, 935.00, 22.00, 15.00, -1, -1, -1
548, 173, 656.00, 905.00, 19.00, 19.00, -1, -1, -1
548, 150, 776.00, 963.00, 27.00, 16.00, -1, -1, -1
548, 133, 1269.00, 984.00, 22.00, 48.00, -1, -1, -1
548, 139, 1323.00, 761.00, 47.00, 35.00, -1, -1, -1
548, 111, 1086.00, 776.00, 27.00, 19.00, -1, -1, -1
548, 164, 357.00, 525.00, 39.00, 36.00, -1, -1, -1
548, 2, 1243.76, 119.12, 41.60, 68.34, -1, -1, -1
548, 5, 592.53, 458.85, 70.01, 68.16, -1, -1, -1
548, 7, 1042.33, 187.63, 24.31, 43.53, -1, -1, -1
548, 88, 1164.35, 220.17, 56.02, 66.76, -1, -1, -1
548, 124, 1222.00, 226.00, 22.00, 136.00, -1, -1, -1
548, 60, 1598.36, 260.55, 79.21, 35.55, -1, -1, -1
548, 140, 477.93, 620.92, 94.16, 93.36, -1, -1, -1
548, 119, 1189.30, 379.81, 179.73, 139.29, -1, -1, -1
548, 1, 560.00, 147.00, 48.00, 42.00, -1, -1, -1
548, 92, 1169.83, 117.08, 15.70, 82.75, -1, -1, -1
548, 166, 1246.43, 605.94, 24.20, 103.89, -1, -1, -1
549, 213, 598.00, 804.00, 17.00, 18.00, -1, -1, -1
549, 208, 897.00, 930.00, 22.00, 15.00, -1, -1, -1
549, 173, 655.00, 901.00, 19.00, 19.00, -1, -1, -1
549, 150, 779.00, 960.00, 27.00, 16.00, -1, -1, -1
549, 133, 1269.00, 984.00, 22.00, 48.00, -1, -1, -1
549, 111, 1086.00, 776.00, 27.00, 19.00, -1, -1, -1
549, 164, 356.00, 523.00, 38.00, 32.00, -1, -1, -1
549, 2, 1245.18, 119.48, 41.37, 67.53, -1, -1, -1
549, 5, 591.20, 458.12, 69.02, 67.29, -1, -1, -1
549, 7, 1042.34, 187.82, 24.15, 43.26, -1, -1, -1
549, 88, 1162.83, 220.02, 56.16, 67.23, -1, -1, -1
549, 124, 1224.00, 223.00, 22.00, 134.00, -1, -1, -1
549, 60, 1596.36, 258.08, 81.21, 36.65, -1, -1, -1
549, 140, 479.36, 619.02, 91.08, 89.73, -1, -1, -1
549, 119, 1190.11, 377.32, 182.79, 141.61, -1, -1, -1
549, 1, 557.00, 148.00, 48.00, 43.00, -1, -1, -1
549, 92, 1170.33, 116.48, 14.71, 77.03, -1, -1, -1
549, 166, 1248.02, 620.90, 20.45, 87.10, -1, -1, -1
549, 139, 1316.53, 760.50, 45.94, 33.03, -1, -1, -1
55, 212, 471.00, 423.00, 32.00, 30.00, -1, -1, -1
55, 59, 833.00, 1027.00, 19.00, 15.00, -1, -1, -1
55, 205, 661.00, 1010.00, 16.00, 14.00, -1, -1, -1
55, 203, 306.00, 345.00, 29.00, 22.00, -1, -1, -1
55, 202, 281.00, 352.00, 18.00, 18.00, -1, -1, -1
55, 200, 975.00, 235.00, 14.00, 23.00, -1, -1, -1
55, 8, 310.55, 690.61, 38.79, 28.48, -1, -1, -1
55, 3, 1439.02, 0.25, 23.65, 25.09, -1, -1, -1
55, 1, 698.37, 580.74, 102.36, 62.62, -1, -1, -1
55, 2, 1018.09, 83.19, 35.83, 85.75, -1, -1, -1
55, 5, 1211.30, 737.83, 70.82, 60.11, -1, -1, -1
55, 6, 805.21, 239.59, 80.11, 46.59, -1, -1, -1
55, 7, 1139.12, 323.30, 28.56, 46.58, -1, -1, -1
55, 9, 1038.23, 840.05, 40.02, 45.44, -1, -1, -1
55, 14, 713.94, 197.52, 39.24, 25.90, -1, -1, -1
55, 17, 974.53, 1.12, 25.91, 24.90, -1, -1, -1
55, 10, 31.85, 501.74, 19.03, 33.63, -1, -1, -1
550, 213, 598.00, 804.00, 17.00, 18.00, -1, -1, -1
550, 208, 897.00, 930.00, 22.00, 15.00, -1, -1, -1
550, 150, 779.00, 960.00, 27.00, 16.00, -1, -1, -1
550, 133, 1271.00, 988.00, 22.00, 48.00, -1, -1, -1
550, 111, 1086.00, 776.00, 27.00, 19.00, -1, -1, -1
550, 2, 1245.97, 118.76, 41.68, 67.73, -1, -1, -1
550, 5, 589.57, 457.39, 69.01, 67.45, -1, -1, -1
550, 7, 1042.42, 187.78, 23.97, 42.91, -1, -1, -1
550, 88, 1161.67, 221.19, 55.51, 66.41, -1, -1, -1
550, 124, 1225.00, 216.00, 21.00, 133.00, -1, -1, -1
550, 60, 1598.79, 257.68, 77.58, 34.87, -1, -1, -1
550, 140, 477.31, 610.98, 96.64, 94.86, -1, -1, -1
550, 119, 1190.33, 375.48, 184.11, 142.49, -1, -1, -1
550, 1, 553.00, 150.00, 48.00, 43.00, -1, -1, -1
550, 92, 1170.86, 111.55, 15.66, 82.63, -1, -1, -1
550, 166, 1247.96, 605.89, 23.39, 99.99, -1, -1, -1
550, 139, 1315.62, 759.36, 48.41, 35.11, -1, -1, -1
550, 173, 655.00, 900.00, 19.00, 19.00, -1, -1, -1
550, 164, 355.00, 522.00, 39.00, 29.00, -1, -1, -1
551, 213, 598.00, 804.00, 17.00, 18.00, -1, -1, -1
551, 208, 897.00, 925.00, 22.00, 15.00, -1, -1, -1
551, 173, 654.00, 896.00, 19.00, 19.00, -1, -1, -1
551, 150, 779.00, 960.00, 27.00, 16.00, -1, -1, -1
551, 133, 1271.00, 988.00, 22.00, 48.00, -1, -1, -1
551, 139, 1318.00, 761.00, 47.00, 35.00, -1, -1, -1
551, 111, 1081.00, 774.00, 27.00, 19.00, -1, -1, -1
551, 2, 1246.88, 118.37, 41.50, 67.31, -1, -1, -1
551, 5, 587.88, 456.16, 69.79, 68.50, -1, -1, -1
551, 7, 1042.45, 187.65, 23.91, 42.78, -1, -1, -1
551, 88, 1160.37, 221.62, 55.14, 66.11, -1, -1, -1
551, 124, 1226.00, 209.00, 22.00, 133.00, -1, -1, -1
551, 60, 1597.89, 255.53, 77.87, 35.15, -1, -1, -1
551, 140, 475.87, 607.15, 95.67, 93.29, -1, -1, -1
551, 119, 1192.18, 372.89, 184.97, 142.79, -1, -1, -1
551, 1, 550.00, 151.00, 49.00, 43.00, -1, -1, -1
551, 92, 1171.39, 108.86, 15.30, 80.80, -1, -1, -1
551, 166, 1247.37, 603.09, 23.58, 100.59, -1, -1, -1
551, 164, 356.00, 518.00, 39.00, 30.00, -1, -1, -1
552, 213, 598.00, 804.00, 17.00, 18.00, -1, -1, -1
552, 208, 897.00, 925.00, 22.00, 15.00, -1, -1, -1
552, 150, 779.00, 960.00, 27.00, 16.00, -1, -1, -1
552, 133, 1271.00, 988.00, 22.00, 48.00, -1, -1, -1
552, 139, 1318.00, 761.00, 47.00, 35.00, -1, -1, -1
552, 111, 1081.00, 774.00, 27.00, 19.00, -1, -1, -1
552, 166, 1245.00, 604.00, 26.00, 97.00, -1, -1, -1
552, 2, 1248.15, 117.87, 41.46, 67.15, -1, -1, -1
552, 5, 586.58, 455.48, 69.06, 67.90, -1, -1, -1
552, 7, 1042.85, 188.23, 23.13, 41.74, -1, -1, -1
552, 88, 1159.23, 221.64, 55.45, 66.49, -1, -1, -1
552, 124, 1228.00, 204.00, 20.00, 134.00, -1, -1, -1
552, 60, 1598.06, 255.03, 74.99, 33.77, -1, -1, -1
552, 140, 473.59, 599.44, 100.22, 97.62, -1, -1, -1
552, 119, 1193.45, 372.49, 184.12, 141.89, -1, -1, -1
552, 1, 548.00, 152.00, 49.00, 43.00, -1, -1, -1
552, 92, 1172.31, 106.32, 15.67, 83.30, -1, -1, -1
552, 173, 651.00, 892.00, 22.00, 20.00, -1, -1, -1
552, 164, 353.00, 510.00, 39.00, 36.00, -1, -1, -1
553, 213, 596.00, 800.00, 17.00, 18.00, -1, -1, -1
553, 208, 898.00, 920.00, 22.00, 15.00, -1, -1, -1
553, 150, 783.00, 958.00, 27.00, 16.00, -1, -1, -1
553, 133, 1271.00, 988.00, 22.00, 48.00, -1, -1, -1
553, 139, 1318.00, 761.00, 47.00, 35.00, -1, -1, -1
553, 111, 1081.00, 774.00, 27.00, 19.00, -1, -1, -1
553, 92, 1170.00, 105.00, 18.00, 75.00, -1, -1, -1
553, 2, 1249.83, 118.43, 40.96, 66.10, -1, -1, -1
553, 5, 585.11, 454.77, 68.85, 67.67, -1, -1, -1
553, 7, 1042.68, 187.58, 23.50, 42.35, -1, -1, -1
553, 88, 1157.12, 221.26, 56.05, 67.14, -1, -1, -1
553, 124, 1230.00, 196.00, 18.00, 135.00, -1, -1, -1
553, 60, 1597.77, 253.18, 74.64, 33.73, -1, -1, -1
553, 140, 474.95, 597.16, 98.00, 94.84, -1, -1, -1
553, 119, 1192.97, 371.69, 182.69, 140.53, -1, -1, -1
553, 1, 542.00, 154.00, 49.00, 42.00, -1, -1, -1
553, 173, 653.00, 891.00, 22.00, 20.00, -1, -1, -1
553, 164, 353.00, 505.00, 40.00, 37.00, -1, -1, -1
553, 166, 1248.17, 597.26, 23.77, 101.27, -1, -1, -1
554, 213, 596.00, 800.00, 17.00, 18.00, -1, -1, -1
554, 208, 898.00, 920.00, 22.00, 15.00, -1, -1, -1
554, 173, 651.00, 888.00, 22.00, 20.00, -1, -1, -1
554, 150, 783.00, 958.00, 27.00, 16.00, -1, -1, -1
554, 133, 1271.00, 988.00, 22.00, 48.00, -1, -1, -1
554, 139, 1318.00, 761.00, 47.00, 35.00, -1, -1, -1
554, 111, 1081.00, 774.00, 27.00, 19.00, -1, -1, -1
554, 2, 1249.78, 116.66, 42.05, 67.96, -1, -1, -1
554, 5, 583.73, 453.79, 68.57, 67.58, -1, -1, -1
554, 7, 1042.66, 187.47, 23.53, 42.33, -1, -1, -1
554, 88, 1155.55, 222.10, 55.96, 66.89, -1, -1, -1
554, 124, 1230.00, 188.00, 22.00, 136.00, -1, -1, -1
554, 60, 1596.98, 251.93, 73.89, 33.48, -1, -1, -1
554, 140, 472.04, 591.56, 101.05, 97.69, -1, -1, -1
554, 119, 1193.12, 369.48, 183.39, 140.98, -1, -1, -1
554, 1, 540.00, 155.00, 48.00, 41.00, -1, -1, -1
554, 164, 351.00, 501.00, 40.00, 38.00, -1, -1, -1
554, 166, 1249.18, 593.78, 24.05, 101.76, -1, -1, -1
554, 92, 1172.62, 99.25, 16.04, 85.94, -1, -1, -1
555, 213, 596.00, 800.00, 17.00, 18.00, -1, -1, -1
555, 208, 898.00, 916.00, 22.00, 15.00, -1, -1, -1
555, 150, 783.00, 958.00, 27.00, 16.00, -1, -1, -1
555, 133, 1271.00, 988.00, 22.00, 48.00, -1, -1, -1
555, 139, 1318.00, 761.00, 46.00, 32.00, -1, -1, -1
555, 111, 1081.00, 774.00, 27.00, 19.00, -1, -1, -1
555, 2, 1251.06, 117.00, 41.77, 67.42, -1, -1, -1
555, 5, 582.54, 453.46, 67.43, 66.55, -1, -1, -1
555, 7, 1041.23, 186.56, 24.42, 43.82, -1, -1, -1
555, 88, 1154.72, 222.15, 56.52, 67.54, -1, -1, -1
555, 124, 1231.07, 166.52, 21.64, 136.97, -1, -1, -1
555, 60, 1596.22, 250.54, 72.58, 32.88, -1, -1, -1
555, 140, 472.56, 586.65, 101.95, 98.73, -1, -1, -1
555, 119, 1192.74, 367.24, 185.49, 142.62, -1, -1, -1
555, 1, 536.00, 156.00, 49.00, 42.00, -1, -1, -1
555, 164, 349.00, 497.00, 40.00, 38.00, -1, -1, -1
555, 166, 1249.34, 585.65, 25.52, 108.37, -1, -1, -1
555, 173, 649.00, 885.00, 22.00, 20.00, -1, -1, -1
555, 92, 1172.65, 98.34, 16.09, 84.98, -1, -1, -1
556, 213, 596.00, 800.00, 17.00, 18.00, -1, -1, -1
556, 208, 898.00, 916.00, 22.00, 15.00, -1, -1, -1
556, 173, 649.00, 883.00, 22.00, 20.00, -1, -1, -1
556, 150, 783.00, 958.00, 27.00, 16.00, -1, -1, -1
556, 133, 1271.00, 988.00, 22.00, 48.00, -1, -1, -1
556, 139, 1318.00, 761.00, 46.00, 32.00, -1, -1, -1
556, 111, 1081.00, 769.00, 27.00, 19.00, -1, -1, -1
556, 2, 1252.62, 117.14, 41.42, 66.71, -1, -1, -1
556, 5, 580.93, 452.37, 67.96, 67.16, -1, -1, -1
556, 7, 1040.74, 186.60, 24.68, 44.13, -1, -1, -1
556, 88, 1152.39, 222.53, 56.92, 68.03, -1, -1, -1
556, 124, 1231.00, 173.00, 22.00, 138.00, -1, -1, -1
556, 60, 1596.80, 249.46, 70.39, 31.91, -1, -1, -1
556, 140, 472.48, 582.00, 101.89, 99.11, -1, -1, -1
556, 119, 1191.40, 362.89, 186.66, 143.59, -1, -1, -1
556, 1, 533.00, 157.00, 49.00, 42.00, -1, -1, -1
556, 164, 347.00, 494.00, 39.00, 37.00, -1, -1, -1
556, 166, 1250.50, 585.58, 24.81, 105.51, -1, -1, -1
556, 92, 1173.08, 96.34, 16.23, 85.61, -1, -1, -1
557, 213, 596.00, 800.00, 17.00, 18.00, -1, -1, -1
557, 208, 898.00, 911.00, 22.00, 15.00, -1, -1, -1
557, 173, 648.00, 881.00, 22.00, 20.00, -1, -1, -1
557, 150, 783.00, 958.00, 27.00, 16.00, -1, -1, -1
557, 133, 1274.00, 990.00, 22.00, 48.00, -1, -1, -1
557, 139, 1318.00, 761.00, 46.00, 32.00, -1, -1, -1
557, 111, 1081.00, 769.00, 27.00, 19.00, -1, -1, -1
557, 2, 1253.57, 116.71, 41.46, 66.95, -1, -1, -1
557, 5, 579.41, 451.25, 68.11, 67.38, -1, -1, -1
557, 7, 1040.49, 186.01, 24.93, 44.49, -1, -1, -1
557, 88, 1152.01, 223.53, 56.18, 66.98, -1, -1, -1
557, 124, 1232.00, 167.00, 22.00, 139.00, -1, -1, -1
557, 60, 1596.51, 248.38, 68.60, 31.05, -1, -1, -1
557, 140, 472.84, 577.94, 101.61, 99.23, -1, -1, -1
557, 119, 1187.52, 355.77, 191.82, 148.49, -1, -1, -1
557, 1, 531.00, 158.00, 48.00, 41.00, -1, -1, -1
557, 164, 348.00, 490.00, 39.00, 36.00, -1, -1, -1
557, 166, 1250.54, 584.74, 24.30, 103.32, -1, -1, -1
557, 92, 1173.31, 96.16, 16.12, 84.74, -1, -1, -1
558, 213, 594.00, 797.00, 17.00, 18.00, -1, -1, -1
558, 208, 898.00, 911.00, 22.00, 15.00, -1, -1, -1
558, 150, 786.00, 955.00, 27.00, 16.00, -1, -1, -1
558, 133, 1274.00, 990.00, 22.00, 48.00, -1, -1, -1
558, 139, 1318.00, 761.00, 46.00, 32.00, -1, -1, -1
558, 111, 1081.00, 769.00, 27.00, 19.00, -1, -1, -1
558, 2, 1254.75, 116.81, 40.75, 66.05, -1, -1, -1
558, 5, 577.96, 450.62, 68.05, 67.47, -1, -1, -1
558, 7, 1040.51, 185.67, 24.79, 44.38, -1, -1, -1
558, 88, 1149.60, 223.02, 56.57, 67.82, -1, -1, -1
558, 124, 1233.00, 159.00, 22.00, 139.00, -1, -1, -1
558, 60, 1594.95, 245.39, 70.92, 32.27, -1, -1, -1
558, 140, 473.06, 573.12, 101.84, 99.26, -1, -1, -1
558, 119, 1191.03, 356.07, 188.67, 145.94, -1, -1, -1
558, 1, 526.00, 159.00, 49.00, 42.00, -1, -1, -1
558, 164, 345.00, 485.00, 40.00, 37.00, -1, -1, -1
558, 166, 1250.98, 579.56, 25.19, 106.47, -1, -1, -1
558, 92, 1173.88, 94.33, 16.08, 84.27, -1, -1, -1
558, 173, 648.00, 877.00, 22.00, 23.00, -1, -1, -1
559, 213, 594.00, 797.00, 17.00, 18.00, -1, -1, -1
559, 208, 899.00, 905.00, 22.00, 15.00, -1, -1, -1
559, 150, 786.00, 955.00, 27.00, 16.00, -1, -1, -1
559, 133, 1274.00, 990.00, 22.00, 48.00, -1, -1, -1
559, 111, 1081.00, 769.00, 27.00, 19.00, -1, -1, -1
559, 2, 1256.05, 116.36, 40.67, 66.21, -1, -1, -1
559, 5, 576.48, 449.67, 68.03, 67.50, -1, -1, -1
559, 7, 1039.57, 185.30, 24.70, 44.33, -1, -1, -1
559, 88, 1148.57, 225.04, 55.11, 65.91, -1, -1, -1
559, 124, 1235.00, 152.00, 22.00, 139.00, -1, -1, -1
559, 60, 1594.96, 243.48, 70.62, 32.21, -1, -1, -1
559, 140, 473.45, 569.73, 100.36, 97.77, -1, -1, -1
559, 119, 1191.84, 353.24, 188.53, 146.01, -1, -1, -1
559, 1, 522.00, 161.00, 49.00, 41.00, -1, -1, -1
559, 164, 345.00, 480.00, 42.00, 40.00, -1, -1, -1
559, 166, 1251.70, 577.96, 25.36, 107.13, -1, -1, -1
559, 173, 648.00, 873.00, 22.00, 23.00, -1, -1, -1
559, 92, 1175.12, 92.48, 15.97, 83.35, -1, -1, -1
559, 139, 1308.56, 756.03, 49.90, 35.97, -1, -1, -1
56, 212, 471.00, 423.00, 32.00, 30.00, -1, -1, -1
56, 59, 833.00, 1027.00, 19.00, 15.00, -1, -1, -1
56, 205, 661.00, 1010.00, 16.00, 14.00, -1, -1, -1
56, 203, 304.00, 342.00, 29.00, 22.00, -1, -1, -1
56, 202, 279.00, 343.00, 18.00, 18.00, -1, -1, -1
56, 200, 975.00, 235.00, 14.00, 23.00, -1, -1, -1
56, 17, 974.00, 0.00, 25.00, 24.00, -1, -1, -1
56, 3, 1439.02, 0.25, 23.65, 25.09, -1, -1, -1
56, 1, 697.69, 578.94, 101.44, 61.88, -1, -1, -1
56, 2, 1018.80, 82.83, 35.44, 86.20, -1, -1, -1
56, 5, 1209.77, 737.85, 70.64, 60.09, -1, -1, -1
56, 6, 807.80, 234.59, 74.92, 43.46, -1, -1, -1
56, 7, 1139.22, 324.55, 27.35, 44.56, -1, -1, -1
56, 9, 1036.29, 838.02, 43.16, 49.31, -1, -1, -1
56, 14, 713.23, 194.04, 40.36, 26.67, -1, -1, -1
56, 10, 31.11, 501.61, 18.74, 33.20, -1, -1, -1
56, 8, 303.55, 680.46, 47.35, 34.95, -1, -1, -1
560, 213, 594.00, 797.00, 17.00, 18.00, -1, -1, -1
560, 208, 899.00, 905.00, 22.00, 15.00, -1, -1, -1
560, 173, 647.00, 870.00, 22.00, 23.00, -1, -1, -1
560, 150, 786.00, 955.00, 27.00, 16.00, -1, -1, -1
560, 133, 1274.00, 990.00, 22.00, 48.00, -1, -1, -1
560, 2, 1257.28, 115.21, 41.07, 67.27, -1, -1, -1
560, 5, 575.57, 448.60, 67.84, 67.51, -1, -1, -1
560, 7, 1039.12, 184.68, 24.86, 44.80, -1, -1, -1
560, 88, 1147.84, 224.43, 55.37, 66.42, -1, -1, -1
560, 124, 1236.00, 145.00, 22.00, 141.00, -1, -1, -1
560, 60, 1593.01, 240.21, 74.47, 34.19, -1, -1, -1
560, 140, 473.85, 566.16, 99.29, 96.69, -1, -1, -1
560, 119, 1195.44, 351.40, 188.77, 145.88, -1, -1, -1
560, 1, 521.00, 162.00, 48.00, 41.00, -1, -1, -1
560, 164, 341.00, 478.00, 42.00, 39.00, -1, -1, -1
560, 166, 1252.42, 570.82, 26.47, 111.80, -1, -1, -1
560, 92, 1175.54, 89.14, 15.98, 84.00, -1, -1, -1
560, 139, 1309.79, 757.96, 44.94, 31.88, -1, -1, -1
560, 111, 1073.65, 763.50, 36.69, 22.50, -1, -1, -1
561, 213, 594.00, 797.00, 17.00, 18.00, -1, -1, -1
561, 208, 898.00, 900.00, 22.00, 15.00, -1, -1, -1
561, 173, 645.00, 866.00, 26.00, 23.00, -1, -1, -1
561, 150, 786.00, 955.00, 27.00, 16.00, -1, -1, -1
561, 133, 1274.00, 990.00, 22.00, 48.00, -1, -1, -1
561, 139, 1313.00, 760.00, 46.00, 32.00, -1, -1, -1
561, 111, 1076.00, 765.00, 34.00, 21.00, -1, -1, -1
561, 2, 1258.27, 114.54, 41.09, 67.67, -1, -1, -1
561, 5, 573.60, 447.73, 67.67, 67.51, -1, -1, -1
561, 7, 1039.09, 184.82, 24.65, 44.24, -1, -1, -1
561, 88, 1146.85, 224.68, 55.02, 66.12, -1, -1, -1
561, 124, 1236.00, 138.00, 22.00, 142.00, -1, -1, -1
561, 60, 1592.21, 238.19, 74.13, 34.43, -1, -1, -1
561, 140, 472.17, 560.27, 102.55, 100.25, -1, -1, -1
561, 119, 1192.55, 349.31, 188.44, 146.31, -1, -1, -1
561, 1, 515.00, 163.00, 48.00, 40.00, -1, -1, -1
561, 164, 341.00, 473.00, 42.00, 39.00, -1, -1, -1
561, 166, 1252.87, 570.13, 26.49, 111.60, -1, -1, -1
561, 92, 1175.75, 85.36, 15.84, 83.75, -1, -1, -1
562, 213, 594.00, 797.00, 17.00, 18.00, -1, -1, -1
562, 208, 898.00, 900.00, 22.00, 15.00, -1, -1, -1
562, 150, 787.00, 951.00, 27.00, 16.00, -1, -1, -1
562, 133, 1274.00, 990.00, 22.00, 48.00, -1, -1, -1
562, 139, 1313.00, 760.00, 46.00, 32.00, -1, -1, -1
562, 111, 1076.00, 765.00, 34.00, 21.00, -1, -1, -1
562, 2, 1259.15, 114.30, 40.97, 67.82, -1, -1, -1
562, 5, 572.22, 447.94, 66.51, 66.52, -1, -1, -1
562, 7, 1039.24, 185.02, 24.28, 43.27, -1, -1, -1
562, 88, 1145.56, 225.01, 54.84, 66.01, -1, -1, -1
562, 124, 1239.00, 131.00, 22.00, 142.00, -1, -1, -1
562, 60, 1592.75, 238.22, 70.37, 32.81, -1, -1, -1
562, 140, 471.68, 555.74, 102.53, 100.59, -1, -1, -1
562, 119, 1189.21, 342.56, 192.74, 151.02, -1, -1, -1
562, 1, 511.00, 164.00, 48.00, 41.00, -1, -1, -1
562, 164, 339.00, 472.00, 41.00, 38.00, -1, -1, -1
562, 166, 1253.49, 562.16, 27.52, 116.39, -1, -1, -1
562, 92, 1175.96, 84.39, 15.50, 82.17, -1, -1, -1
562, 173, 645.00, 863.00, 25.46, 23.05, -1, -1, -1
563, 213, 594.00, 797.00, 17.00, 18.00, -1, -1, -1
563, 208, 897.00, 897.00, 22.00, 15.00, -1, -1, -1
563, 150, 787.00, 951.00, 27.00, 16.00, -1, -1, -1
563, 133, 1275.00, 993.00, 22.00, 48.00, -1, -1, -1
563, 111, 1076.00, 765.00, 34.00, 21.00, -1, -1, -1
563, 2, 1260.10, 112.37, 41.59, 69.36, -1, -1, -1
563, 5, 570.77, 446.56, 67.06, 67.14, -1, -1, -1
563, 7, 1039.20, 185.10, 24.36, 42.91, -1, -1, -1
563, 88, 1142.67, 221.64, 57.70, 69.95, -1, -1, -1
563, 124, 1238.00, 123.00, 22.00, 143.00, -1, -1, -1
563, 60, 1593.37, 236.08, 70.15, 32.92, -1, -1, -1
563, 140, 472.47, 553.20, 99.60, 97.74, -1, -1, -1
563, 119, 1191.33, 343.14, 188.57, 148.25, -1, -1, -1
563, 1, 510.00, 167.00, 47.00, 40.00, -1, -1, -1
563, 164, 340.00, 470.00, 40.00, 38.00, -1, -1, -1
563, 166, 1254.95, 567.92, 25.42, 107.54, -1, -1, -1
563, 173, 646.00, 862.00, 24.00, 23.00, -1, -1, -1
563, 92, 1176.54, 81.26, 16.33, 86.69, -1, -1, -1
563, 139, 1309.54, 756.82, 45.67, 32.80, -1, -1, -1
564, 213, 594.00, 797.00, 17.00, 18.00, -1, -1, -1
564, 208, 897.00, 897.00, 22.00, 15.00, -1, -1, -1
564, 173, 645.00, 859.00, 24.00, 23.00, -1, -1, -1
564, 150, 787.00, 951.00, 27.00, 16.00, -1, -1, -1
564, 133, 1275.00, 993.00, 22.00, 48.00, -1, -1, -1
564, 139, 1309.00, 757.00, 46.00, 32.00, -1, -1, -1
564, 111, 1076.00, 765.00, 34.00, 21.00, -1, -1, -1
564, 2, 1261.08, 111.65, 41.51, 69.94, -1, -1, -1
564, 5, 568.93, 445.57, 67.01, 67.38, -1, -1, -1
564, 7, 1039.05, 186.14, 23.68, 41.28, -1, -1, -1
564, 88, 1142.30, 224.40, 55.49, 67.28, -1, -1, -1
564, 124, 1240.00, 114.00, 23.00, 144.00, -1, -1, -1
564, 60, 1593.96, 234.11, 69.38, 32.72, -1, -1, -1
564, 140, 473.44, 549.70, 98.14, 96.13, -1, -1, -1
564, 119, 1192.41, 340.30, 190.38, 150.10, -1, -1, -1
564, 1, 507.00, 167.00, 45.00, 38.00, -1, -1, -1
564, 164, 333.00, 464.00, 42.00, 39.00, -1, -1, -1
564, 166, 1254.65, 566.97, 26.26, 110.95, -1, -1, -1
564, 92, 1177.52, 77.96, 15.09, 78.73, -1, -1, -1
565, 213, 591.00, 791.00, 17.00, 18.00, -1, -1, -1
565, 208, 897.00, 890.00, 22.00, 15.00, -1, -1, -1
565, 150, 788.00, 949.00, 27.00, 16.00, -1, -1, -1
565, 133, 1275.00, 993.00, 22.00, 48.00, -1, -1, -1
565, 139, 1309.00, 757.00, 46.00, 32.00, -1, -1, -1
565, 111, 1075.00, 763.00, 34.00, 21.00, -1, -1, -1
565, 2, 1262.70, 113.49, 39.87, 67.44, -1, -1, -1
565, 5, 567.37, 444.49, 66.85, 67.47, -1, -1, -1
565, 7, 1038.36, 186.28, 23.69, 40.67, -1, -1, -1
565, 88, 1140.81, 224.38, 55.46, 67.44, -1, -1, -1
565, 124, 1240.00, 108.00, 23.00, 142.00, -1, -1, -1
565, 60, 1593.61, 231.57, 70.27, 33.38, -1, -1, -1
565, 140, 473.03, 544.32, 100.16, 98.02, -1, -1, -1
565, 119, 1194.27, 342.01, 188.12, 147.82, -1, -1, -1
565, 1, 504.00, 168.00, 45.00, 38.00, -1, -1, -1
565, 164, 335.00, 461.00, 39.00, 36.00, -1, -1, -1
565, 166, 1254.98, 562.74, 26.64, 113.14, -1, -1, -1
565, 92, 1177.21, 72.98, 15.91, 82.92, -1, -1, -1
565, 173, 644.00, 856.00, 24.00, 25.00, -1, -1, -1
566, 213, 591.00, 791.00, 17.00, 18.00, -1, -1, -1
566, 208, 897.00, 890.00, 22.00, 15.00, -1, -1, -1
566, 173, 644.00, 854.00, 24.00, 23.00, -1, -1, -1
566, 150, 788.00, 949.00, 27.00, 16.00, -1, -1, -1
566, 133, 1275.00, 993.00, 22.00, 48.00, -1, -1, -1
566, 139, 1309.00, 757.00, 46.00, 32.00, -1, -1, -1
566, 111, 1075.00, 763.00, 34.00, 21.00, -1, -1, -1
566, 2, 1264.64, 114.98, 38.50, 65.47, -1, -1, -1
566, 5, 565.92, 442.38, 67.63, 68.49, -1, -1, -1
566, 7, 1038.15, 186.21, 23.64, 39.95, -1, -1, -1
566, 88, 1140.70, 225.35, 54.66, 66.51, -1, -1, -1
566, 124, 1241.00, 102.00, 23.00, 143.00, -1, -1, -1
566, 60, 1593.35, 229.57, 70.89, 33.64, -1, -1, -1
566, 140, 473.39, 540.23, 100.88, 98.72, -1, -1, -1
566, 119, 1194.93, 340.55, 188.32, 147.91, -1, -1, -1
566, 1, 499.00, 168.00, 47.00, 39.00, -1, -1, -1
566, 164, 330.00, 458.00, 42.00, 39.00, -1, -1, -1
566, 166, 1256.38, 563.65, 25.18, 107.10, -1, -1, -1
566, 92, 1178.49, 71.76, 14.40, 74.18, -1, -1, -1
567, 213, 591.00, 791.00, 17.00, 18.00, -1, -1, -1
567, 208, 897.00, 885.00, 22.00, 15.00, -1, -1, -1
567, 173, 643.00, 849.00, 24.00, 23.00, -1, -1, -1
567, 150, 788.00, 949.00, 27.00, 16.00, -1, -1, -1
567, 133, 1275.00, 993.00, 22.00, 48.00, -1, -1, -1
567, 139, 1309.00, 757.00, 46.00, 32.00, -1, -1, -1
567, 111, 1075.00, 763.00, 34.00, 21.00, -1, -1, -1
567, 2, 1265.31, 114.91, 38.02, 64.99, -1, -1, -1
567, 5, 565.13, 443.09, 66.07, 66.90, -1, -1, -1
567, 7, 1038.41, 185.81, 23.97, 39.70, -1, -1, -1
567, 88, 1138.73, 225.46, 55.33, 67.15, -1, -1, -1
567, 124, 1243.00, 92.00, 23.00, 146.00, -1, -1, -1
567, 60, 1593.68, 228.01, 70.28, 33.24, -1, -1, -1
567, 140, 471.99, 534.89, 103.24, 101.45, -1, -1, -1
567, 119, 1195.24, 337.10, 189.23, 148.92, -1, -1, -1
567, 1, 489.31, 170.91, 48.29, 40.68, -1, -1, -1
567, 164, 329.00, 449.00, 47.00, 45.00, -1, -1, -1
567, 166, 1256.75, 560.64, 24.89, 106.20, -1, -1, -1
567, 92, 1178.97, 67.89, 14.81, 76.38, -1, -1, -1
568, 213, 591.00, 791.00, 17.00, 18.00, -1, -1, -1
568, 208, 897.00, 885.00, 22.00, 15.00, -1, -1, -1
568, 173, 643.00, 849.00, 24.00, 23.00, -1, -1, -1
568, 150, 790.00, 946.00, 27.00, 16.00, -1, -1, -1
568, 133, 1275.00, 993.00, 22.00, 48.00, -1, -1, -1
568, 139, 1309.00, 757.00, 46.00, 32.00, -1, -1, -1
568, 111, 1075.00, 763.00, 34.00, 21.00, -1, -1, -1
568, 2, 1266.50, 114.27, 37.86, 65.07, -1, -1, -1
568, 5, 563.65, 442.17, 65.96, 66.78, -1, -1, -1
568, 7, 1036.75, 179.45, 28.64, 46.59, -1, -1, -1
568, 88, 1136.85, 225.37, 56.01, 67.88, -1, -1, -1
568, 124, 1247.00, 86.00, 22.00, 145.00, -1, -1, -1
568, 60, 1594.21, 226.39, 69.27, 32.58, -1, -1, -1
568, 140, 471.34, 530.81, 104.39, 102.96, -1, -1, -1
568, 119, 1194.43, 334.52, 191.38, 150.89, -1, -1, -1
568, 1, 486.25, 172.36, 47.59, 40.01, -1, -1, -1
568, 164, 331.00, 446.00, 43.00, 40.00, -1, -1, -1
568, 166, 1257.59, 555.62, 25.32, 107.37, -1, -1, -1
568, 92, 1177.24, 62.23, 18.74, 98.08, -1, -1, -1
569, 213, 591.00, 791.00, 17.00, 18.00, -1, -1, -1
569, 208, 897.00, 880.00, 22.00, 15.00, -1, -1, -1
569, 150, 790.00, 946.00, 27.00, 16.00, -1, -1, -1
569, 133, 1279.00, 996.00, 22.00, 48.00, -1, -1, -1
569, 139, 1309.00, 757.00, 46.00, 32.00, -1, -1, -1
569, 111, 1075.00, 763.00, 34.00, 21.00, -1, -1, -1
569, 166, 1259.00, 558.00, 27.00, 108.00, -1, -1, -1
569, 2, 1268.63, 113.16, 38.36, 65.86, -1, -1, -1
569, 5, 561.49, 441.11, 66.27, 67.24, -1, -1, -1
569, 7, 1036.51, 182.29, 27.72, 43.92, -1, -1, -1
569, 88, 1136.16, 225.70, 55.32, 67.17, -1, -1, -1
569, 124, 1245.00, 80.00, 23.00, 144.00, -1, -1, -1
569, 60, 1592.96, 223.85, 71.81, 33.84, -1, -1, -1
569, 140, 471.38, 527.20, 103.27, 102.05, -1, -1, -1
569, 119, 1196.26, 333.37, 189.87, 149.41, -1, -1, -1
569, 1, 483.04, 173.62, 46.72, 39.26, -1, -1, -1
569, 164, 331.00, 442.00, 41.00, 38.00, -1, -1, -1
569, 92, 1178.23, 62.57, 17.87, 93.85, -1, -1, -1
569, 173, 643.00, 844.00, 23.88, 23.43, -1, -1, -1
57, 212, 471.00, 423.00, 32.00, 30.00, -1, -1, -1
57, 59, 833.00, 1027.00, 19.00, 15.00, -1, -1, -1
57, 205, 661.00, 1010.00, 16.00, 14.00, -1, -1, -1
57, 203, 304.00, 342.00, 29.00, 22.00, -1, -1, -1
57, 202, 279.00, 343.00, 18.00, 18.00, -1, -1, -1
57, 200, 978.00, 235.00, 14.00, 23.00, -1, -1, -1
57, 17, 974.00, -0.00, 25.00, 18.00, -1, -1, -1
57, 10, 32.00, 501.00, 19.00, 34.00, -1, -1, -1
57, 3, 1439.02, 0.25, 23.65, 25.09, -1, -1, -1
57, 1, 696.21, 576.84, 101.16, 61.60, -1, -1, -1
57, 2, 1020.21, 83.00, 34.94, 86.25, -1, -1, -1
57, 5, 1208.01, 738.12, 70.09, 59.83, -1, -1, -1
57, 6, 806.32, 229.32, 72.83, 42.44, -1, -1, -1
57, 7, 1138.41, 324.15, 27.59, 44.54, -1, -1, -1
57, 9, 1039.68, 837.28, 36.12, 41.27, -1, -1, -1
57, 14, 713.75, 190.75, 39.21, 25.98, -1, -1, -1
57, 8, 303.36, 677.39, 46.28, 34.24, -1, -1, -1
570, 213, 591.00, 791.00, 17.00, 18.00, -1, -1, -1
570, 208, 897.00, 880.00, 22.00, 15.00, -1, -1, -1
570, 173, 642.00, 842.00, 24.00, 23.00, -1, -1, -1
570, 150, 790.00, 946.00, 27.00, 16.00, -1, -1, -1
570, 133, 1279.00, 996.00, 22.00, 48.00, -1, -1, -1
570, 139, 1309.00, 757.00, 46.00, 32.00, -1, -1, -1
570, 111, 1072.00, 762.00, 29.00, 19.00, -1, -1, -1
570, 166, 1260.00, 540.00, 27.00, 108.00, -1, -1, -1
570, 2, 1270.19, 113.56, 37.94, 65.17, -1, -1, -1
570, 5, 560.06, 440.25, 66.24, 67.41, -1, -1, -1
570, 7, 1036.27, 183.10, 27.59, 42.72, -1, -1, -1
570, 88, 1134.99, 225.94, 54.99, 66.90, -1, -1, -1
570, 124, 1247.00, 71.00, 22.00, 143.00, -1, -1, -1
570, 60, 1592.01, 222.47, 71.78, 33.81, -1, -1, -1
570, 140, 470.54, 520.07, 103.56, 102.66, -1, -1, -1
570, 119, 1195.98, 329.44, 191.20, 150.42, -1, -1, -1
570, 1, 480.12, 174.73, 46.62, 39.04, -1, -1, -1
570, 164, 328.00, 439.00, 41.00, 38.00, -1, -1, -1
570, 92, 1179.23, 62.28, 17.26, 89.91, -1, -1, -1
571, 213, 591.00, 791.00, 17.00, 18.00, -1, -1, -1
571, 208, 898.00, 875.00, 22.00, 15.00, -1, -1, -1
571, 173, 642.00, 839.00, 24.00, 23.00, -1, -1, -1
571, 150, 790.00, 946.00, 27.00, 16.00, -1, -1, -1
571, 133, 1279.00, 996.00, 22.00, 48.00, -1, -1, -1
571, 139, 1304.00, 757.00, 46.00, 32.00, -1, -1, -1
571, 111, 1072.00, 762.00, 29.00, 19.00, -1, -1, -1
571, 2, 1270.79, 112.48, 38.66, 66.41, -1, -1, -1
571, 5, 558.23, 438.47, 66.96, 68.47, -1, -1, -1
571, 7, 1034.90, 183.30, 28.13, 42.76, -1, -1, -1
571, 88, 1133.99, 226.89, 54.12, 65.80, -1, -1, -1
571, 124, 1248.00, 64.00, 23.00, 143.00, -1, -1, -1
571, 60, 1592.41, 220.17, 72.23, 34.04, -1, -1, -1
571, 140, 470.64, 514.33, 103.83, 103.37, -1, -1, -1
571, 119, 1200.31, 330.99, 186.75, 146.35, -1, -1, -1
571, 1, 476.97, 175.92, 46.46, 38.90, -1, -1, -1
571, 164, 329.00, 435.00, 42.00, 39.00, -1, -1, -1
571, 92, 1179.69, 60.96, 16.85, 86.86, -1, -1, -1
571, 166, 1258.67, 551.99, 24.17, 104.11, -1, -1, -1
572, 213, 591.00, 791.00, 17.00, 18.00, -1, -1, -1
572, 208, 898.00, 875.00, 22.00, 15.00, -1, -1, -1
572, 150, 790.00, 946.00, 27.00, 16.00, -1, -1, -1
572, 133, 1279.00, 996.00, 22.00, 48.00, -1, -1, -1
572, 139, 1304.00, 757.00, 46.00, 32.00, -1, -1, -1
572, 111, 1072.00, 762.00, 29.00, 19.00, -1, -1, -1
572, 2, 1271.53, 110.29, 39.79, 68.60, -1, -1, -1
572, 5, 557.34, 438.57, 65.75, 67.39, -1, -1, -1
572, 7, 1035.39, 183.01, 28.34, 42.28, -1, -1, -1
572, 88, 1132.78, 225.24, 55.58, 67.88, -1, -1, -1
572, 124, 1248.00, 57.00, 24.00, 143.00, -1, -1, -1
572, 60, 1592.22, 218.01, 73.10, 34.37, -1, -1, -1
572, 140, 471.19, 510.35, 102.90, 102.64, -1, -1, -1
572, 119, 1202.15, 328.95, 186.61, 145.77, -1, -1, -1
572, 1, 473.61, 176.94, 46.54, 38.98, -1, -1, -1
572, 164, 326.00, 430.00, 42.00, 39.00, -1, -1, -1
572, 92, 1180.00, 59.00, 16.00, 82.00, -1, -1, -1
572, 173, 642.00, 835.00, 24.00, 23.00, -1, -1, -1
572, 166, 1260.25, 556.01, 23.03, 98.39, -1, -1, -1
573, 213, 591.00, 791.00, 17.00, 18.00, -1, -1, -1
573, 208, 898.00, 875.00, 22.00, 15.00, -1, -1, -1
573, 150, 795.00, 944.00, 30.00, 17.00, -1, -1, -1
573, 180, 0.00, 289.00, 19.00, 18.80, -1, -1, -1
573, 133, 1279.00, 996.00, 22.00, 48.00, -1, -1, -1
573, 139, 1304.00, 757.00, 46.00, 32.00, -1, -1, -1
573, 111, 1072.00, 762.00, 29.00, 19.00, -1, -1, -1
573, 2, 1272.63, 110.45, 39.49, 67.84, -1, -1, -1
573, 5, 556.09, 437.91, 65.28, 66.96, -1, -1, -1
573, 7, 1035.45, 182.41, 28.68, 42.10, -1, -1, -1
573, 88, 1131.13, 225.11, 55.62, 68.16, -1, -1, -1
573, 124, 1250.00, 49.00, 24.00, 145.00, -1, -1, -1
573, 60, 1590.32, 214.55, 77.11, 36.46, -1, -1, -1
573, 140, 470.55, 505.57, 103.28, 103.33, -1, -1, -1
573, 119, 1203.67, 327.39, 184.85, 143.69, -1, -1, -1
573, 1, 470.09, 176.79, 47.35, 39.51, -1, -1, -1
573, 164, 324.00, 425.00, 43.00, 40.00, -1, -1, -1
573, 92, 1181.09, 55.44, 16.24, 81.37, -1, -1, -1
573, 166, 1261.14, 556.39, 22.95, 97.49, -1, -1, -1
573, 173, 642.00, 833.00, 24.00, 23.00, -1, -1, -1
574, 213, 591.00, 791.00, 17.00, 18.00, -1, -1, -1
574, 208, 899.00, 869.00, 22.00, 15.00, -1, -1, -1
574, 173, 641.00, 828.00, 24.00, 23.00, -1, -1, -1
574, 150, 795.00, 944.00, 30.00, 17.00, -1, -1, -1
574, 180, 0.00, 289.00, 19.00, 18.80, -1, -1, -1
574, 133, 1279.00, 996.00, 22.00, 48.00, -1, -1, -1
574, 139, 1304.00, 757.00, 46.00, 32.00, -1, -1, -1
574, 111, 1072.00, 762.00, 29.00, 19.00, -1, -1, -1
574, 2, 1273.29, 110.05, 39.77, 67.91, -1, -1, -1
574, 5, 554.70, 436.20, 65.56, 67.30, -1, -1, -1
574, 7, 1034.36, 182.20, 29.05, 42.03, -1, -1, -1
574, 88, 1130.28, 225.56, 55.20, 67.77, -1, -1, -1
574, 124, 1249.00, 42.00, 25.00, 147.00, -1, -1, -1
574, 60, 1591.62, 213.89, 74.59, 35.32, -1, -1, -1
574, 140, 472.15, 501.95, 100.72, 100.62, -1, -1, -1
574, 119, 1204.06, 325.13, 185.48, 143.66, -1, -1, -1
574, 1, 466.97, 177.68, 47.05, 39.22, -1, -1, -1
574, 164, 323.00, 422.00, 42.00, 39.00, -1, -1, -1
574, 92, 1181.98, 52.39, 17.15, 85.75, -1, -1, -1
574, 166, 1261.80, 552.52, 23.19, 98.20, -1, -1, -1
575, 213, 591.00, 791.00, 17.00, 18.00, -1, -1, -1
575, 208, 899.00, 869.00, 22.00, 15.00, -1, -1, -1
575, 173, 641.00, 828.00, 24.00, 23.00, -1, -1, -1
575, 150, 796.00, 941.00, 30.00, 17.00, -1, -1, -1
575, 180, 0.00, 289.00, 19.00, 18.80, -1, -1, -1
575, 133, 1279.00, 996.00, 22.00, 48.00, -1, -1, -1
575, 139, 1304.00, 757.00, 46.00, 32.00, -1, -1, -1
575, 111, 1072.00, 762.00, 29.00, 19.00, -1, -1, -1
575, 2, 1274.15, 110.40, 39.57, 67.06, -1, -1, -1
575, 5, 553.95, 436.08, 64.73, 66.44, -1, -1, -1
575, 7, 1033.85, 181.63, 29.42, 42.00, -1, -1, -1
575, 88, 1128.88, 225.72, 55.32, 68.11, -1, -1, -1
575, 124, 1251.00, 31.00, 25.00, 148.00, -1, -1, -1
575, 60, 1591.05, 212.40, 73.78, 34.84, -1, -1, -1
575, 140, 471.32, 497.80, 100.65, 100.56, -1, -1, -1
575, 119, 1201.96, 321.50, 188.16, 145.28, -1, -1, -1
575, 1, 463.94, 177.55, 47.91, 40.04, -1, -1, -1
575, 164, 323.00, 419.00, 41.00, 38.00, -1, -1, -1
575, 92, 1182.23, 49.49, 17.64, 88.08, -1, -1, -1
575, 166, 1262.61, 548.15, 24.12, 100.99, -1, -1, -1
576, 213, 591.00, 791.00, 17.00, 18.00, -1, -1, -1
576, 208, 899.00, 863.00, 22.00, 15.00, -1, -1, -1
576, 173, 640.00, 823.00, 24.00, 23.00, -1, -1, -1
576, 150, 796.00, 941.00, 30.00, 17.00, -1, -1, -1
576, 180, 0.00, 286.00, 22.00, 21.80, -1, -1, -1
576, 133, 1279.00, 996.00, 22.00, 48.00, -1, -1, -1
576, 139, 1303.00, 752.00, 46.00, 32.00, -1, -1, -1
576, 111, 1072.00, 762.00, 29.00, 19.00, -1, -1, -1
576, 2, 1274.76, 110.43, 39.83, 67.11, -1, -1, -1
576, 5, 552.82, 434.58, 65.26, 67.11, -1, -1, -1
576, 7, 1033.42, 180.94, 30.05, 42.49, -1, -1, -1
576, 88, 1127.62, 226.52, 54.94, 67.74, -1, -1, -1
576, 124, 1257.00, 24.00, 19.00, 150.00, -1, -1, -1
576, 60, 1590.75, 209.92, 75.65, 35.64, -1, -1, -1
576, 140, 471.66, 493.92, 100.34, 100.04, -1, -1, -1
576, 119, 1202.62, 320.82, 185.22, 142.56, -1, -1, -1
576, 1, 461.59, 179.44, 45.94, 38.38, -1, -1, -1
576, 164, 322.00, 413.00, 42.00, 39.00, -1, -1, -1
576, 92, 1183.02, 47.82, 16.40, 82.29, -1, -1, -1
576, 166, 1262.71, 543.36, 24.82, 103.04, -1, -1, -1
577, 213, 591.00, 791.00, 17.00, 18.00, -1, -1, -1
577, 208, 899.00, 863.00, 22.00, 15.00, -1, -1, -1
577, 150, 796.00, 941.00, 30.00, 17.00, -1, -1, -1
577, 180, 0.00, 286.00, 22.00, 21.80, -1, -1, -1
577, 133, 1282.00, 1000.00, 22.00, 48.00, -1, -1, -1
577, 139, 1303.00, 752.00, 46.00, 32.00, -1, -1, -1
577, 111, 1072.00, 762.00, 29.00, 19.00, -1, -1, -1
577, 2, 1276.16, 110.83, 39.49, 66.01, -1, -1, -1
577, 5, 551.20, 434.05, 65.47, 67.36, -1, -1, -1
577, 7, 1032.61, 180.19, 30.60, 43.17, -1, -1, -1
577, 88, 1126.57, 227.56, 54.07, 66.61, -1, -1, -1
577, 124, 1255.00, 18.00, 22.00, 146.00, -1, -1, -1
577, 60, 1591.33, 208.07, 74.97, 35.45, -1, -1, -1
577, 140, 469.82, 488.66, 101.18, 100.84, -1, -1, -1
577, 119, 1199.20, 316.29, 190.40, 146.89, -1, -1, -1
577, 1, 456.81, 179.06, 48.26, 40.32, -1, -1, -1
577, 164, 322.00, 410.00, 41.00, 38.00, -1, -1, -1
577, 92, 1183.81, 46.49, 16.88, 84.21, -1, -1, -1
577, 166, 1262.72, 540.38, 25.10, 103.33, -1, -1, -1
577, 173, 639.00, 820.00, 23.90, 22.55, -1, -1, -1
578, 213, 591.00, 791.00, 17.00, 18.00, -1, -1, -1
578, 208, 898.00, 857.00, 22.00, 15.00, -1, -1, -1
578, 150, 796.00, 941.00, 30.00, 17.00, -1, -1, -1
578, 180, 0.00, 286.00, 22.00, 21.80, -1, -1, -1
578, 133, 1282.00, 1000.00, 22.00, 48.00, -1, -1, -1
578, 139, 1303.00, 752.00, 46.00, 32.00, -1, -1, -1
578, 111, 1064.00, 762.00, 29.00, 19.00, -1, -1, -1
578, 2, 1276.40, 110.36, 39.84, 66.22, -1, -1, -1
578, 5, 549.86, 433.89, 64.63, 66.47, -1, -1, -1
578, 7, 1032.00, 179.19, 31.44, 44.16, -1, -1, -1
578, 88, 1125.87, 227.45, 54.45, 67.17, -1, -1, -1
578, 124, 1256.00, 12.00, 25.00, 143.00, -1, -1, -1
578, 60, 1589.66, 206.45, 74.55, 35.37, -1, -1, -1
578, 140, 469.48, 483.88, 101.80, 101.63, -1, -1, -1
578, 119, 1200.15, 317.38, 186.87, 144.07, -1, -1, -1
578, 1, 454.91, 181.17, 46.11, 38.51, -1, -1, -1
578, 164, 321.00, 405.00, 40.00, 38.00, -1, -1, -1
578, 92, 1183.96, 43.62, 17.31, 86.10, -1, -1, -1
578, 166, 1263.81, 531.42, 26.93, 109.88, -1, -1, -1
578, 173, 638.00, 816.00, 25.60, 23.33, -1, -1, -1
579, 213, 591.00, 791.00, 17.00, 18.00, -1, -1, -1
579, 208, 898.00, 857.00, 22.00, 15.00, -1, -1, -1
579, 173, 637.00, 814.00, 24.00, 23.00, -1, -1, -1
579, 150, 796.00, 941.00, 30.00, 17.00, -1, -1, -1
579, 180, 0.00, 286.00, 22.00, 21.80, -1, -1, -1
579, 133, 1282.00, 1000.00, 22.00, 48.00, -1, -1, -1
579, 139, 1303.00, 752.00, 46.00, 32.00, -1, -1, -1
579, 111, 1064.00, 762.00, 29.00, 19.00, -1, -1, -1
579, 2, 1277.19, 109.33, 40.49, 66.79, -1, -1, -1
579, 5, 548.20, 432.87, 64.74, 66.63, -1, -1, -1
579, 7, 1031.18, 178.57, 31.97, 44.78, -1, -1, -1
579, 88, 1124.03, 228.39, 53.86, 66.40, -1, -1, -1
579, 124, 1259.00, -0.00, 18.00, 149.00, -1, -1, -1
579, 60, 1588.52, 204.93, 75.43, 35.82, -1, -1, -1
579, 140, 469.69, 478.28, 102.37, 101.93, -1, -1, -1
579, 119, 1201.95, 314.79, 189.59, 145.84, -1, -1, -1
579, 1, 451.99, 180.94, 46.51, 38.80, -1, -1, -1
579, 164, 319.00, 401.00, 42.00, 39.00, -1, -1, -1
579, 92, 1183.00, 40.73, 19.06, 81.26, -1, -1, -1
579, 166, 1264.35, 531.75, 26.35, 106.99, -1, -1, -1
58, 212, 471.00, 423.00, 32.00, 30.00, -1, -1, -1
58, 59, 833.00, 1023.00, 19.00, 15.00, -1, -1, -1
58, 205, 661.00, 1006.00, 16.00, 14.00, -1, -1, -1
58, 203, 299.00, 340.00, 32.00, 20.00, -1, -1, -1
58, 202, 275.00, 336.00, 18.00, 18.00, -1, -1, -1
58, 200, 978.00, 235.00, 14.00, 23.00, -1, -1, -1
58, 17, 974.00, -0.00, 25.00, 18.00, -1, -1, -1
58, 10, 32.00, 501.00, 19.00, 34.00, -1, -1, -1
58, 3, 1439.02, 0.25, 23.65, 25.09, -1, -1, -1
58, 1, 694.59, 574.64, 101.79, 61.99, -1, -1, -1
58, 2, 1021.73, 82.85, 34.72, 86.98, -1, -1, -1
58, 5, 1206.42, 738.48, 68.85, 58.98, -1, -1, -1
58, 6, 801.80, 223.19, 71.99, 42.32, -1, -1, -1
58, 7, 1137.99, 323.76, 27.94, 44.79, -1, -1, -1
58, 9, 1036.45, 833.68, 44.46, 51.16, -1, -1, -1
58, 14, 714.05, 187.54, 36.64, 24.21, -1, -1, -1
58, 8, 304.79, 675.91, 41.47, 30.78, -1, -1, -1
580, 213, 591.00, 791.00, 17.00, 18.00, -1, -1, -1
580, 208, 898.00, 851.00, 22.00, 15.00, -1, -1, -1
580, 150, 796.00, 937.00, 30.00, 17.00, -1, -1, -1
580, 133, 1282.00, 1000.00, 22.00, 48.00, -1, -1, -1
580, 139, 1303.00, 752.00, 46.00, 32.00, -1, -1, -1
580, 111, 1064.00, 762.00, 29.00, 19.00, -1, -1, -1
580, 166, 1263.00, 531.00, 27.00, 108.00, -1, -1, -1
580, 92, 1183.00, 39.00, 20.00, 72.00, -1, -1, -1
580, 2, 1278.36, 108.46, 40.89, 67.01, -1, -1, -1
580, 5, 546.49, 431.02, 65.59, 67.68, -1, -1, -1
580, 7, 1030.24, 178.84, 31.49, 44.27, -1, -1, -1
580, 88, 1123.03, 227.74, 54.36, 67.10, -1, -1, -1
580, 124, 1259.00, 0.00, 22.75, 141.00, -1, -1, -1
580, 60, 1588.88, 202.81, 76.15, 36.24, -1, -1, -1
580, 140, 468.82, 473.37, 102.50, 102.03, -1, -1, -1
580, 119, 1206.59, 314.02, 187.58, 143.16, -1, -1, -1
580, 1, 448.29, 182.33, 47.12, 39.40, -1, -1, -1
580, 164, 316.00, 397.00, 43.00, 40.00, -1, -1, -1
580, 180, 0.00, 286.00, 22.00, 21.80, -1, -1, -1
580, 173, 639.00, 812.00, 22.00, 22.00, -1, -1, -1
581, 213, 586.00, 783.00, 18.00, 18.00, -1, -1, -1
581, 208, 898.00, 851.00, 22.00, 15.00, -1, -1, -1
581, 173, 637.00, 810.00, 24.00, 23.00, -1, -1, -1
581, 150, 796.00, 937.00, 30.00, 17.00, -1, -1, -1
581, 180, 1.89, 289.00, 22.11, 17.08, -1, -1, -1
581, 133, 1282.00, 1000.00, 22.00, 48.00, -1, -1, -1
581, 139, 1303.00, 752.00, 46.00, 32.00, -1, -1, -1
581, 111, 1063.00, 758.00, 29.00, 19.00, -1, -1, -1
581, 2, 1279.75, 108.27, 41.06, 66.85, -1, -1, -1
581, 5, 545.16, 429.87, 65.40, 67.59, -1, -1, -1
581, 7, 1029.28, 177.86, 31.53, 44.56, -1, -1, -1
581, 88, 1121.48, 228.48, 54.02, 66.87, -1, -1, -1
581, 124, 1261.00, 2.00, 21.00, 130.00, -1, -1, -1
581, 60, 1588.68, 201.22, 75.16, 35.90, -1, -1, -1
581, 140, 469.18, 469.71, 100.22, 99.59, -1, -1, -1
581, 119, 1205.72, 308.94, 190.06, 144.76, -1, -1, -1
581, 1, 445.08, 182.57, 47.26, 39.38, -1, -1, -1
581, 164, 314.00, 394.00, 41.00, 38.00, -1, -1, -1
581, 92, 1185.26, 37.03, 17.65, 87.46, -1, -1, -1
581, 166, 1265.00, 526.00, 27.00, 111.00, -1, -1, -1
582, 213, 586.00, 783.00, 18.00, 18.00, -1, -1, -1
582, 208, 898.00, 851.00, 22.00, 15.00, -1, -1, -1
582, 150, 796.00, 937.00, 30.00, 17.00, -1, -1, -1
582, 180, 1.88, 285.00, 25.12, 21.08, -1, -1, -1
582, 133, 1282.00, 1000.00, 22.00, 48.00, -1, -1, -1
582, 139, 1303.00, 752.00, 46.00, 32.00, -1, -1, -1
582, 111, 1063.00, 758.00, 29.00, 19.00, -1, -1, -1
582, 2, 1280.55, 107.96, 41.48, 66.91, -1, -1, -1
582, 5, 544.19, 429.96, 64.39, 66.56, -1, -1, -1
582, 7, 1029.47, 178.36, 31.45, 44.67, -1, -1, -1
582, 88, 1120.73, 229.25, 53.32, 66.28, -1, -1, -1
582, 124, 1261.00, -0.00, 22.28, 124.00, -1, -1, -1
582, 60, 1588.91, 199.70, 74.18, 35.51, -1, -1, -1
582, 140, 468.13, 464.54, 101.74, 101.16, -1, -1, -1
582, 119, 1201.94, 307.49, 191.89, 146.22, -1, -1, -1
582, 1, 441.60, 182.26, 48.13, 40.37, -1, -1, -1
582, 164, 315.00, 388.00, 40.00, 37.00, -1, -1, -1
582, 92, 1185.11, 33.69, 18.18, 90.35, -1, -1, -1
582, 166, 1265.44, 518.17, 27.70, 113.45, -1, -1, -1
582, 173, 634.00, 805.00, 25.00, 24.00, -1, -1, -1
583, 213, 586.00, 783.00, 18.00, 18.00, -1, -1, -1
583, 208, 899.00, 843.00, 22.00, 15.00, -1, -1, -1
583, 150, 802.00, 937.00, 30.00, 17.00, -1, -1, -1
583, 180, 1.88, 285.00, 25.12, 21.08, -1, -1, -1
583, 133, 1282.00, 1000.00, 22.00, 48.00, -1, -1, -1
583, 139, 1303.00, 752.00, 46.00, 32.00, -1, -1, -1
583, 111, 1063.00, 758.00, 29.00, 19.00, -1, -1, -1
583, 2, 1281.80, 107.74, 41.64, 66.56, -1, -1, -1
583, 5, 542.48, 428.04, 64.83, 67.16, -1, -1, -1
583, 7, 1029.05, 177.65, 31.45, 44.88, -1, -1, -1
583, 88, 1119.56, 229.27, 52.94, 66.07, -1, -1, -1
583, 124, 1265.00, 0.00, 19.24, 117.00, -1, -1, -1
583, 60, 1588.84, 197.83, 74.15, 35.61, -1, -1, -1
583, 140, 473.00, 467.00, 100.22, 96.51, -1, -1, -1
583, 119, 1204.77, 307.52, 188.95, 143.32, -1, -1, -1
583, 1, 439.12, 182.73, 47.07, 39.75, -1, -1, -1
583, 164, 312.00, 385.00, 41.00, 38.00, -1, -1, -1
583, 92, 1185.85, 29.40, 17.75, 88.85, -1, -1, -1
583, 166, 1266.75, 515.65, 27.76, 114.04, -1, -1, -1
583, 173, 636.00, 802.00, 23.00, 25.00, -1, -1, -1
584, 213, 586.00, 783.00, 18.00, 18.00, -1, -1, -1
584, 208, 899.00, 843.00, 22.00, 15.00, -1, -1, -1
584, 150, 802.00, 937.00, 30.00, 17.00, -1, -1, -1
584, 180, 1.88, 285.00, 25.12, 21.08, -1, -1, -1
584, 133, 1284.00, 1003.00, 22.00, 48.00, -1, -1, -1
584, 139, 1300.00, 748.00, 46.00, 32.00, -1, -1, -1
584, 111, 1063.00, 758.00, 29.00, 19.00, -1, -1, -1
584, 2, 1283.26, 108.47, 41.63, 65.93, -1, -1, -1
584, 5, 541.36, 427.36, 64.57, 66.89, -1, -1, -1
584, 7, 1028.58, 177.82, 31.11, 44.53, -1, -1, -1
584, 88, 1118.66, 229.77, 52.84, 65.99, -1, -1, -1
584, 124, 1265.00, 0.00, 19.08, 112.00, -1, -1, -1
584, 60, 1588.22, 195.34, 75.34, 36.39, -1, -1, -1
584, 140, 468.00, 464.00, 104.08, 92.96, -1, -1, -1
584, 119, 1204.99, 304.14, 190.51, 144.20, -1, -1, -1
584, 1, 437.04, 183.63, 46.24, 39.26, -1, -1, -1
584, 164, 310.00, 379.00, 43.00, 40.00, -1, -1, -1
584, 92, 1186.68, 23.58, 17.45, 88.69, -1, -1, -1
584, 166, 1267.91, 512.36, 27.43, 114.24, -1, -1, -1
584, 173, 634.00, 799.00, 25.00, 25.00, -1, -1, -1
585, 213, 586.00, 783.00, 18.00, 18.00, -1, -1, -1
585, 208, 899.00, 843.00, 22.00, 15.00, -1, -1, -1
585, 150, 802.00, 937.00, 30.00, 17.00, -1, -1, -1
585, 180, 1.89, 286.00, 24.12, 20.08, -1, -1, -1
585, 133, 1284.00, 1003.00, 22.00, 48.00, -1, -1, -1
585, 139, 1300.00, 748.00, 46.00, 32.00, -1, -1, -1
585, 111, 1063.00, 758.00, 29.00, 19.00, -1, -1, -1
585, 2, 1284.09, 107.96, 41.96, 65.94, -1, -1, -1
585, 5, 540.28, 426.64, 63.92, 66.29, -1, -1, -1
585, 7, 1028.59, 178.15, 30.63, 43.89, -1, -1, -1
585, 88, 1117.62, 229.95, 52.30, 65.46, -1, -1, -1
585, 124, 1267.00, -0.00, 17.58, 102.00, -1, -1, -1
585, 60, 1586.15, 193.48, 75.55, 36.68, -1, -1, -1
585, 140, 472.00, 457.00, 100.00, 95.00, -1, -1, -1
585, 119, 1202.90, 301.08, 191.44, 145.15, -1, -1, -1
585, 1, 434.96, 185.18, 44.78, 38.08, -1, -1, -1
585, 164, 310.00, 376.00, 41.00, 39.00, -1, -1, -1
585, 92, 1187.36, 20.61, 17.55, 89.87, -1, -1, -1
585, 166, 1268.79, 517.36, 25.39, 107.42, -1, -1, -1
585, 173, 635.00, 796.00, 25.00, 23.00, -1, -1, -1
586, 213, 586.00, 783.00, 18.00, 18.00, -1, -1, -1
586, 208, 899.00, 837.00, 22.00, 15.00, -1, -1, -1
586, 173, 635.00, 793.00, 24.00, 23.00, -1, -1, -1
586, 150, 802.00, 935.00, 35.00, 19.00, -1, -1, -1
586, 133, 1284.00, 1003.00, 22.00, 48.00, -1, -1, -1
586, 139, 1300.00, 748.00, 46.00, 32.00, -1, -1, -1
586, 111, 1060.00, 756.00, 29.00, 19.00, -1, -1, -1
586, 2, 1285.89, 109.01, 41.03, 64.22, -1, -1, -1
586, 5, 539.02, 426.16, 63.50, 66.07, -1, -1, -1
586, 7, 1027.56, 178.42, 30.57, 43.89, -1, -1, -1
586, 88, 1116.65, 229.87, 52.38, 65.77, -1, -1, -1
586, 124, 1268.00, -0.00, 16.85, 96.00, -1, -1, -1
586, 60, 1585.48, 191.61, 75.41, 36.78, -1, -1, -1
586, 140, 478.00, 451.00, 93.07, 95.93, -1, -1, -1
586, 119, 1202.96, 298.40, 193.03, 146.38, -1, -1, -1
586, 1, 431.54, 184.23, 46.78, 39.90, -1, -1, -1
586, 164, 308.00, 373.00, 41.00, 37.00, -1, -1, -1
586, 92, 1187.74, 20.90, 16.34, 84.08, -1, -1, -1
586, 166, 1268.89, 517.71, 24.97, 106.75, -1, -1, -1
586, 180, 0.78, 283.00, 26.22, 24.51, -1, -1, -1
587, 213, 586.00, 783.00, 18.00, 18.00, -1, -1, -1
587, 208, 899.00, 837.00, 22.00, 15.00, -1, -1, -1
587, 173, 633.00, 789.00, 24.00, 23.00, -1, -1, -1
587, 150, 802.00, 935.00, 35.00, 19.00, -1, -1, -1
587, 180, 1.89, 283.00, 27.11, 23.08, -1, -1, -1
587, 133, 1284.00, 1003.00, 22.00, 48.00, -1, -1, -1
587, 139, 1300.00, 748.00, 46.00, 32.00, -1, -1, -1
587, 111, 1060.00, 756.00, 29.00, 19.00, -1, -1, -1
587, 2, 1286.74, 109.68, 40.21, 62.56, -1, -1, -1
587, 5, 537.47, 424.77, 64.12, 66.98, -1, -1, -1
587, 7, 1027.55, 179.08, 29.82, 42.72, -1, -1, -1
587, 88, 1115.23, 229.96, 52.61, 65.89, -1, -1, -1
587, 124, 1270.00, 0.00, 15.08, 88.00, -1, -1, -1
587, 60, 1585.67, 189.12, 76.45, 37.56, -1, -1, -1
587, 140, 477.00, 447.00, 94.57, 95.51, -1, -1, -1
587, 119, 1205.37, 297.71, 191.79, 145.36, -1, -1, -1
587, 1, 429.29, 184.85, 46.68, 39.83, -1, -1, -1
587, 164, 306.00, 369.00, 41.00, 38.00, -1, -1, -1
587, 92, 1188.60, 19.80, 16.39, 84.36, -1, -1, -1
587, 166, 1269.79, 511.92, 26.07, 112.00, -1, -1, -1
588, 213, 586.00, 783.00, 18.00, 18.00, -1, -1, -1
588, 208, 900.00, 831.00, 22.00, 15.00, -1, -1, -1
588, 150, 802.00, 935.00, 35.00, 19.00, -1, -1, -1
588, 133, 1288.00, 1009.00, 22.00, 48.00, -1, -1, -1
588, 139, 1296.00, 751.00, 46.00, 32.00, -1, -1, -1
588, 111, 1060.00, 756.00, 29.00, 19.00, -1, -1, -1
588, 2, 1287.95, 110.18, 40.05, 61.96, -1, -1, -1
588, 5, 536.02, 423.04, 64.70, 67.82, -1, -1, -1
588, 7, 1027.87, 180.16, 28.93, 41.20, -1, -1, -1
588, 88, 1114.20, 230.60, 51.80, 64.95, -1, -1, -1
588, 124, 1271.00, 0.00, 14.79, 78.00, -1, -1, -1
588, 60, 1586.76, 187.75, 74.85, 36.86, -1, -1, -1
588, 140, 477.00, 448.00, 87.00, 91.00, -1, -1, -1
588, 119, 1205.96, 295.80, 191.95, 144.97, -1, -1, -1
588, 1, 426.98, 185.81, 45.86, 39.30, -1, -1, -1
588, 164, 306.00, 363.00, 41.00, 38.00, -1, -1, -1
588, 92, 1189.49, 18.06, 16.22, 82.38, -1, -1, -1
588, 166, 1270.55, 510.06, 25.58, 110.52, -1, -1, -1
588, 173, 632.00, 787.00, 25.00, 24.00, -1, -1, -1
588, 180, 1.19, 282.00, 26.81, 24.98, -1, -1, -1
589, 213, 586.00, 783.00, 18.00, 18.00, -1, -1, -1
589, 208, 900.00, 831.00, 22.00, 15.00, -1, -1, -1
589, 150, 807.00, 932.00, 35.00, 19.00, -1, -1, -1
589, 180, 1.88, 281.00, 30.12, 25.08, -1, -1, -1
589, 133, 1288.00, 1009.00, 22.00, 48.00, -1, -1, -1
589, 139, 1296.00, 751.00, 46.00, 32.00, -1, -1, -1
589, 111, 1060.00, 753.00, 31.00, 22.00, -1, -1, -1
589, 92, 1183.00, 17.00, 23.00, 75.00, -1, -1, -1
589, 2, 1289.57, 110.30, 39.56, 60.75, -1, -1, -1
589, 5, 535.55, 422.67, 63.37, 66.66, -1, -1, -1
589, 7, 1027.74, 179.93, 29.15, 41.40, -1, -1, -1
589, 88, 1113.71, 230.71, 51.82, 65.09, -1, -1, -1
589, 124, 1274.00, 2.00, 11.00, 65.00, -1, -1, -1
589, 60, 1587.04, 185.70, 74.53, 36.83, -1, -1, -1
589, 140, 471.11, 442.00, 88.89, 91.21, -1, -1, -1
589, 119, 1204.30, 290.70, 195.73, 148.04, -1, -1, -1
589, 1, 424.75, 187.14, 44.51, 38.10, -1, -1, -1
589, 164, 304.00, 359.00, 43.00, 40.00, -1, -1, -1
589, 166, 1270.07, 505.75, 25.90, 112.89, -1, -1, -1
589, 173, 631.00, 784.00, 25.00, 23.00, -1, -1, -1
59, 212, 464.00, 428.00, 32.00, 30.00, -1, -1, -1
59, 59, 833.00, 1023.00, 19.00, 15.00, -1, -1, -1
59, 205, 661.00, 1006.00, 16.00, 14.00, -1, -1, -1
59, 203, 299.00, 340.00, 32.00, 20.00, -1, -1, -1
59, 202, 275.00, 336.00, 18.00, 18.00, -1, -1, -1
59, 200, 978.00, 235.00, 14.00, 23.00, -1, -1, -1
59, 17, 974.00, -0.00, 28.00, 15.00, -1, -1, -1
59, 10, 32.00, 501.00, 19.00, 34.00, -1, -1, -1
59, 3, 1436.00, 0.00, 22.00, 25.00, -1, -1, -1
59, 1, 692.70, 572.40, 102.71, 62.64, -1, -1, -1
59, 2, 1022.40, 82.85, 34.39, 87.31, -1, -1, -1
59, 5, 1204.96, 738.12, 68.26, 58.66, -1, -1, -1
59, 6, 801.98, 217.61, 74.03, 43.54, -1, -1, -1
59, 7, 1136.82, 318.15, 31.13, 50.36, -1, -1, -1
59, 9, 1039.22, 832.35, 38.64, 44.20, -1, -1, -1
59, 14, 713.21, 183.85, 37.08, 24.55, -1, -1, -1
59, 8, 304.09, 672.76, 40.70, 30.39, -1, -1, -1
590, 213, 580.00, 779.00, 18.00, 18.00, -1, -1, -1
590, 208, 898.00, 826.00, 22.00, 15.00, -1, -1, -1
590, 173, 632.00, 782.00, 25.00, 24.00, -1, -1, -1
590, 150, 807.00, 932.00, 35.00, 19.00, -1, -1, -1
590, 133, 1288.00, 1009.00, 22.00, 48.00, -1, -1, -1
590, 139, 1296.00, 751.00, 46.00, 32.00, -1, -1, -1
590, 111, 1060.00, 753.00, 31.00, 22.00, -1, -1, -1
590, 92, 1183.00, 10.00, 23.00, 75.00, -1, -1, -1
590, 2, 1290.12, 110.28, 39.40, 60.07, -1, -1, -1
590, 5, 534.62, 422.07, 62.01, 65.21, -1, -1, -1
590, 7, 1026.29, 179.41, 30.05, 42.29, -1, -1, -1
590, 88, 1112.26, 230.00, 52.45, 66.14, -1, -1, -1
590, 124, 1272.00, 0.71, 14.42, 58.29, -1, -1, -1
590, 60, 1585.81, 183.76, 75.13, 37.31, -1, -1, -1
590, 140, 472.47, 429.00, 92.53, 99.19, -1, -1, -1
590, 119, 1204.08, 288.36, 196.29, 148.45, -1, -1, -1
590, 1, 421.56, 188.37, 43.95, 37.65, -1, -1, -1
590, 164, 301.00, 355.00, 42.00, 39.00, -1, -1, -1
590, 166, 1271.48, 506.66, 24.74, 107.88, -1, -1, -1
590, 180, 1.24, 273.29, 29.88, 33.68, -1, -1, -1
591, 213, 580.00, 779.00, 18.00, 18.00, -1, -1, -1
591, 208, 898.00, 826.00, 22.00, 15.00, -1, -1, -1
591, 173, 630.00, 779.00, 25.00, 24.00, -1, -1, -1
591, 150, 807.00, 932.00, 35.00, 19.00, -1, -1, -1
591, 180, 1.89, 272.84, 29.91, 33.24, -1, -1, -1
591, 133, 1288.00, 1009.00, 22.00, 48.00, -1, -1, -1
591, 139, 1296.00, 751.00, 46.00, 32.00, -1, -1, -1
591, 111, 1060.00, 753.00, 31.00, 22.00, -1, -1, -1
591, 124, 1272.00, 0.71, 14.42, 58.29, -1, -1, -1
591, 92, 1183.00, 10.00, 23.00, 75.00, -1, -1, -1
591, 2, 1290.98, 109.89, 39.93, 60.09, -1, -1, -1
591, 5, 532.42, 419.89, 63.82, 67.68, -1, -1, -1
591, 7, 1025.89, 178.48, 31.13, 43.62, -1, -1, -1
591, 88, 1110.65, 229.48, 52.92, 67.04, -1, -1, -1
591, 60, 1586.02, 181.99, 74.01, 37.00, -1, -1, -1
591, 140, 474.23, 412.00, 93.77, 111.51, -1, -1, -1
591, 119, 1206.29, 287.56, 193.86, 146.13, -1, -1, -1
591, 1, 418.95, 188.67, 44.32, 37.99, -1, -1, -1
591, 164, 298.00, 348.00, 45.00, 41.00, -1, -1, -1
591, 166, 1272.01, 505.66, 24.28, 105.91, -1, -1, -1
592, 213, 580.00, 779.00, 18.00, 18.00, -1, -1, -1
592, 208, 898.00, 821.00, 22.00, 15.00, -1, -1, -1
592, 150, 807.00, 932.00, 35.00, 19.00, -1, -1, -1
592, 133, 1288.00, 1009.00, 22.00, 48.00, -1, -1, -1
592, 139, 1289.00, 751.00, 46.00, 32.00, -1, -1, -1
592, 111, 1060.00, 753.00, 31.00, 22.00, -1, -1, -1
592, 92, 1183.00, 10.00, 23.00, 75.00, -1, -1, -1
592, 5, 531.00, 422.00, 64.00, 67.00, -1, -1, -1
592, 2, 1291.63, 108.88, 41.42, 61.37, -1, -1, -1
592, 7, 1025.23, 177.70, 31.59, 44.06, -1, -1, -1
592, 88, 1109.99, 230.38, 52.30, 66.39, -1, -1, -1
592, 60, 1585.47, 180.28, 72.89, 36.62, -1, -1, -1
592, 140, 475.16, 406.00, 90.84, 112.70, -1, -1, -1
592, 119, 1204.84, 284.13, 195.49, 147.72, -1, -1, -1
592, 1, 416.63, 188.88, 44.36, 38.13, -1, -1, -1
592, 164, 297.00, 349.00, 42.00, 40.00, -1, -1, -1
592, 166, 1272.98, 498.35, 25.52, 110.20, -1, -1, -1
592, 173, 630.00, 773.00, 26.08, 24.27, -1, -1, -1
592, 106, 1276.00, 0.52, 11.87, 43.48, -1, -1, -1
592, 180, 1.89, 272.84, 29.91, 33.24, -1, -1, -1
593, 213, 580.00, 779.00, 18.00, 18.00, -1, -1, -1
593, 208, 898.00, 821.00, 22.00, 15.00, -1, -1, -1
593, 150, 807.00, 932.00, 35.00, 19.00, -1, -1, -1
593, 180, 0.27, 278.00, 34.73, 28.63, -1, -1, -1
593, 133, 1288.00, 1009.00, 22.00, 48.00, -1, -1, -1
593, 139, 1289.00, 751.00, 46.00, 32.00, -1, -1, -1
593, 111, 1060.00, 753.00, 31.00, 22.00, -1, -1, -1
593, 106, 1272.00, 0.71, 15.00, 35.29, -1, -1, -1
593, 92, 1186.00, 7.00, 23.00, 75.00, -1, -1, -1
593, 5, 531.00, 422.00, 64.00, 67.00, -1, -1, -1
593, 2, 1291.65, 107.82, 42.32, 61.86, -1, -1, -1
593, 7, 1025.33, 177.53, 31.09, 43.49, -1, -1, -1
593, 88, 1108.82, 230.60, 52.00, 66.14, -1, -1, -1
593, 60, 1585.11, 178.40, 72.81, 36.79, -1, -1, -1
593, 140, 475.98, 403.00, 91.02, 109.86, -1, -1, -1
593, 119, 1204.82, 281.68, 195.02, 147.07, -1, -1, -1
593, 1, 414.23, 189.43, 43.69, 37.68, -1, -1, -1
593, 164, 298.00, 342.00, 42.00, 39.00, -1, -1, -1
593, 166, 1273.76, 493.03, 26.07, 112.26, -1, -1, -1
593, 173, 630.00, 771.00, 24.79, 22.73, -1, -1, -1
594, 213, 580.00, 779.00, 18.00, 18.00, -1, -1, -1
594, 208, 899.00, 813.00, 22.00, 15.00, -1, -1, -1
594, 150, 807.00, 928.00, 35.00, 19.00, -1, -1, -1
594, 133, 1288.00, 1009.00, 22.00, 48.00, -1, -1, -1
594, 139, 1289.00, 751.00, 46.00, 32.00, -1, -1, -1
594, 111, 1056.00, 751.00, 31.00, 22.00, -1, -1, -1
594, 166, 1275.00, 497.00, 26.00, 106.00, -1, -1, -1
594, 124, 1276.00, 0.71, 12.00, 28.29, -1, -1, -1
594, 2, 1291.74, 106.49, 43.41, 62.80, -1, -1, -1
594, 7, 1025.47, 177.54, 30.74, 43.08, -1, -1, -1
594, 88, 1107.96, 230.92, 51.84, 66.04, -1, -1, -1
594, 60, 1585.57, 177.08, 71.60, 36.29, -1, -1, -1
594, 140, 475.00, 398.00, 97.00, 109.00, -1, -1, -1
594, 119, 1204.72, 277.88, 196.99, 148.80, -1, -1, -1
594, 1, 411.30, 189.48, 44.25, 38.27, -1, -1, -1
594, 164, 297.00, 337.00, 42.00, 39.00, -1, -1, -1
594, 202, 630.00, 768.00, 24.00, 24.00, -1, -1, -1
594, 92, 1192.24, 2.13, 17.02, 84.56, -1, -1, -1
594, 5, 530.18, 418.24, 61.40, 66.28, -1, -1, -1
594, 180, 0.93, 270.30, 32.22, 35.69, -1, -1, -1
595, 213, 580.00, 779.00, 18.00, 18.00, -1, -1, -1
595, 208, 899.00, 813.00, 22.00, 15.00, -1, -1, -1
595, 150, 807.00, 928.00, 35.00, 19.00, -1, -1, -1
595, 133, 1288.00, 1009.00, 22.00, 48.00, -1, -1, -1
595, 111, 1056.00, 751.00, 31.00, 22.00, -1, -1, -1
595, 124, 1276.00, 0.71, 13.00, 19.29, -1, -1, -1
595, 2, 1291.97, 105.63, 44.36, 63.65, -1, -1, -1
595, 7, 1025.14, 177.49, 30.39, 42.86, -1, -1, -1
595, 88, 1106.32, 230.05, 52.52, 66.75, -1, -1, -1
595, 60, 1585.61, 175.42, 71.45, 36.35, -1, -1, -1
595, 140, 474.22, 394.00, 91.78, 108.98, -1, -1, -1
595, 119, 1206.72, 277.02, 195.60, 147.72, -1, -1, -1
595, 1, 408.40, 189.24, 45.27, 39.23, -1, -1, -1
595, 164, 297.00, 334.00, 42.00, 39.00, -1, -1, -1
595, 173, 628.00, 765.00, 26.00, 23.00, -1, -1, -1
595, 92, 1192.91, 0.86, 17.04, 83.87, -1, -1, -1
595, 5, 529.98, 418.15, 60.64, 66.56, -1, -1, -1
595, 180, 0.27, 268.19, 34.65, 38.44, -1, -1, -1
595, 139, 1281.93, 744.76, 55.18, 38.98, -1, -1, -1
595, 166, 1274.85, 493.56, 24.86, 107.30, -1, -1, -1
596, 213, 580.00, 779.00, 18.00, 18.00, -1, -1, -1
596, 208, 899.00, 813.00, 22.00, 15.00, -1, -1, -1
596, 150, 807.00, 928.00, 35.00, 19.00, -1, -1, -1
596, 180, 0.27, 268.19, 34.65, 38.44, -1, -1, -1
596, 133, 1288.00, 1009.00, 22.00, 48.00, -1, -1, -1
596, 111, 1056.00, 751.00, 31.00, 22.00, -1, -1, -1
596, 2, 1293.16, 105.57, 44.40, 63.11, -1, -1, -1
596, 7, 1023.83, 175.49, 31.67, 45.02, -1, -1, -1
596, 88, 1104.64, 229.71, 53.00, 67.26, -1, -1, -1
596, 60, 1584.23, 172.88, 72.22, 37.11, -1, -1, -1
596, 140, 473.91, 389.00, 90.09, 106.81, -1, -1, -1
596, 119, 1206.62, 274.56, 195.78, 147.79, -1, -1, -1
596, 1, 406.01, 190.47, 44.02, 38.12, -1, -1, -1
596, 164, 292.00, 328.00, 42.00, 40.00, -1, -1, -1
596, 173, 627.00, 761.00, 25.00, 23.00, -1, -1, -1
596, 92, 1194.12, 0.32, 17.07, 82.27, -1, -1, -1
596, 5, 526.93, 418.12, 60.86, 67.15, -1, -1, -1
596, 139, 1279.92, 743.15, 56.71, 41.03, -1, -1, -1
596, 166, 1275.38, 491.82, 24.83, 106.06, -1, -1, -1
597, 213, 580.00, 779.00, 18.00, 18.00, -1, -1, -1
597, 208, 900.00, 805.00, 22.00, 15.00, -1, -1, -1
597, 150, 807.00, 928.00, 35.00, 19.00, -1, -1, -1
597, 180, 0.27, 268.19, 34.65, 38.44, -1, -1, -1
597, 133, 1288.00, 1009.00, 22.00, 48.00, -1, -1, -1
597, 139, 1284.00, 746.00, 50.00, 36.00, -1, -1, -1
597, 111, 1056.00, 751.00, 31.00, 22.00, -1, -1, -1
597, 166, 1275.38, 491.82, 24.83, 106.06, -1, -1, -1
597, 92, 1189.00, 7.00, 22.00, 66.00, -1, -1, -1
597, 2, 1294.35, 105.06, 44.85, 63.28, -1, -1, -1
597, 7, 1022.95, 176.03, 31.01, 44.17, -1, -1, -1
597, 88, 1104.50, 230.57, 52.28, 66.47, -1, -1, -1
597, 60, 1583.31, 170.14, 73.35, 38.14, -1, -1, -1
597, 140, 474.10, 385.00, 89.90, 103.07, -1, -1, -1
597, 119, 1207.11, 271.00, 197.71, 149.30, -1, -1, -1
597, 1, 402.74, 189.18, 46.02, 40.19, -1, -1, -1
597, 164, 293.00, 324.00, 43.00, 40.00, -1, -1, -1
597, 173, 627.00, 760.00, 25.00, 20.00, -1, -1, -1
597, 5, 524.82, 417.15, 61.01, 67.37, -1, -1, -1
598, 213, 580.00, 779.00, 18.00, 18.00, -1, -1, -1
598, 208, 900.00, 805.00, 22.00, 15.00, -1, -1, -1
598, 150, 807.00, 924.00, 36.00, 23.00, -1, -1, -1
598, 180, 0.27, 268.19, 34.65, 38.44, -1, -1, -1
598, 133, 1288.00, 1009.00, 22.00, 48.00, -1, -1, -1
598, 139, 1284.00, 746.00, 50.00, 36.00, -1, -1, -1
598, 111, 1050.00, 750.00, 31.00, 22.00, -1, -1, -1
598, 166, 1275.38, 491.82, 24.83, 106.06, -1, -1, -1
598, 2, 1295.59, 104.64, 45.34, 63.34, -1, -1, -1
598, 7, 1022.38, 175.64, 31.24, 44.69, -1, -1, -1
598, 88, 1103.45, 230.89, 52.11, 66.41, -1, -1, -1
598, 60, 1583.12, 168.54, 73.47, 38.28, -1, -1, -1
598, 140, 464.59, 382.00, 97.42, 98.88, -1, -1, -1
598, 119, 1208.28, 269.74, 196.45, 147.89, -1, -1, -1
598, 1, 401.15, 190.89, 43.71, 38.51, -1, -1, -1
598, 164, 290.00, 318.00, 45.00, 42.00, -1, -1, -1
598, 173, 627.00, 755.00, 25.00, 24.00, -1, -1, -1
598, 5, 523.13, 416.31, 60.97, 67.46, -1, -1, -1
598, 92, 1190.00, -0.00, 22.00, 69.00, -1, -1, -1
599, 213, 580.00, 779.00, 18.00, 18.00, -1, -1, -1
599, 208, 900.00, 800.00, 22.00, 15.00, -1, -1, -1
599, 173, 626.00, 754.00, 25.00, 24.00, -1, -1, -1
599, 150, 807.00, 924.00, 36.00, 23.00, -1, -1, -1
599, 180, 0.27, 268.19, 34.65, 38.44, -1, -1, -1
599, 133, 1288.00, 1009.00, 22.00, 48.00, -1, -1, -1
599, 139, 1284.00, 746.00, 50.00, 36.00, -1, -1, -1
599, 111, 1050.00, 750.00, 31.00, 22.00, -1, -1, -1
599, 92, 1191.00, 0.00, 20.00, 61.00, -1, -1, -1
599, 2, 1296.17, 103.38, 46.21, 64.11, -1, -1, -1
599, 7, 1021.78, 175.08, 31.13, 44.95, -1, -1, -1
599, 88, 1102.96, 231.76, 51.32, 65.40, -1, -1, -1
599, 60, 1583.66, 167.03, 72.32, 37.83, -1, -1, -1
599, 140, 461.66, 376.05, 99.52, 98.37, -1, -1, -1
599, 119, 1207.43, 265.65, 200.50, 150.56, -1, -1, -1
599, 1, 397.43, 190.67, 45.82, 40.33, -1, -1, -1
599, 164, 287.00, 311.00, 49.00, 47.00, -1, -1, -1
599, 5, 521.30, 415.03, 60.96, 67.49, -1, -1, -1
599, 166, 1276.00, 482.00, 27.00, 108.00, -1, -1, -1
6, 212, 514.00, 442.00, 32.00, 24.00, -1, -1, -1
6, 210, 1158.00, 106.00, 25.00, 24.00, -1, -1, -1
6, 206, 535.00, 24.00, 22.00, 28.00, -1, -1, -1
6, 203, 366.00, 462.00, 15.00, 24.00, -1, -1, -1
6, 202, 342.00, 514.00, 15.00, 14.00, -1, -1, -1
6, 200, 966.00, 248.00, 12.00, 20.00, -1, -1, -1
6, 17, 971.00, 170.00, 21.00, 23.00, -1, -1, -1
6, 14, 730.00, 361.00, 41.00, 26.00, -1, -1, -1
6, 9, 1028.49, 970.66, 33.38, 37.94, -1, -1, -1
6, 1, 766.05, 673.55, 96.61, 61.64, -1, -1, -1
6, 2, 988.97, 77.05, 40.39, 91.13, -1, -1, -1
6, 3, 1442.19, 1.14, 46.41, 62.48, -1, -1, -1
6, 4, 51.16, 169.01, 54.20, 54.61, -1, -1, -1
6, 5, 1279.03, 755.82, 60.55, 53.00, -1, -1, -1
6, 6, 830.02, 477.42, 59.42, 42.28, -1, -1, -1
6, 7, 1152.14, 330.52, 32.64, 45.82, -1, -1, -1
6, 8, 301.34, 866.83, 34.50, 46.01, -1, -1, -1
6, 10, 70.91, 522.86, 18.55, 32.86, -1, -1, -1
60, 212, 464.00, 428.00, 32.00, 30.00, -1, -1, -1
60, 59, 833.00, 1023.00, 19.00, 15.00, -1, -1, -1
60, 205, 659.00, 1003.00, 16.00, 14.00, -1, -1, -1
60, 203, 297.00, 332.00, 32.00, 20.00, -1, -1, -1
60, 202, 274.00, 330.00, 18.00, 18.00, -1, -1, -1
60, 200, 978.00, 235.00, 14.00, 23.00, -1, -1, -1
60, 3, 1436.00, 0.00, 22.00, 25.00, -1, -1, -1
60, 1, 691.01, 570.14, 103.13, 62.89, -1, -1, -1
60, 2, 1022.61, 83.59, 34.30, 87.43, -1, -1, -1
60, 5, 1203.53, 737.99, 67.92, 58.54, -1, -1, -1
60, 6, 802.34, 212.74, 76.21, 44.49, -1, -1, -1
60, 7, 1136.60, 319.79, 29.97, 48.59, -1, -1, -1
60, 9, 1040.67, 828.55, 37.55, 42.86, -1, -1, -1
60, 14, 711.78, 179.50, 39.02, 25.91, -1, -1, -1
60, 8, 302.88, 670.21, 41.40, 31.27, -1, -1, -1
60, 10, 28.17, 499.55, 18.62, 33.01, -1, -1, -1
600, 213, 580.00, 779.00, 18.00, 18.00, -1, -1, -1
600, 208, 900.00, 800.00, 22.00, 15.00, -1, -1, -1
600, 173, 626.00, 750.00, 25.00, 24.00, -1, -1, -1
600, 150, 807.00, 924.00, 36.00, 23.00, -1, -1, -1
600, 180, 0.27, 268.19, 34.65, 38.44, -1, -1, -1
600, 133, 1288.00, 1009.00, 22.00, 48.00, -1, -1, -1
600, 139, 1284.00, 746.00, 50.00, 36.00, -1, -1, -1
600, 111, 1050.00, 750.00, 31.00, 22.00, -1, -1, -1
600, 119, 1207.43, 265.65, 200.50, 150.56, -1, -1, -1
600, 140, 461.66, 376.05, 99.52, 98.37, -1, -1, -1
600, 164, 281.34, 304.01, 49.19, 46.95, -1, -1, -1
600, 166, 1276.00, 482.00, 27.00, 108.00, -1, -1, -1
600, 92, 1191.00, 0.00, 20.00, 53.00, -1, -1, -1
600, 88, 1102.96, 231.76, 51.32, 65.40, -1, -1, -1
600, 60, 1583.66, 167.03, 72.32, 37.83, -1, -1, -1
600, 2, 1296.17, 103.38, 46.21, 64.11, -1, -1, -1
600, 7, 1021.78, 175.08, 31.13, 44.95, -1, -1, -1
600, 5, 521.00, 418.00, 64.00, 67.00, -1, -1, -1
600, 1, 397.43, 190.67, 45.82, 40.33, -1, -1, -1
61, 212, 464.00, 428.00, 32.00, 30.00, -1, -1, -1
61, 59, 833.00, 1018.00, 19.00, 15.00, -1, -1, -1
61, 205, 659.00, 1003.00, 16.00, 14.00, -1, -1, -1
61, 203, 297.00, 332.00, 32.00, 20.00, -1, -1, -1
61, 202, 274.00, 330.00, 18.00, 18.00, -1, -1, -1
61, 200, 978.00, 235.00, 14.00, 23.00, -1, -1, -1
61, 10, 29.00, 501.00, 19.00, 34.00, -1, -1, -1
61, 3, 1436.00, 0.00, 22.00, 25.00, -1, -1, -1
61, 1, 689.28, 567.87, 103.59, 62.98, -1, -1, -1
61, 2, 1023.13, 84.02, 34.33, 87.44, -1, -1, -1
61, 5, 1202.05, 736.96, 68.82, 59.49, -1, -1, -1
61, 6, 800.13, 206.04, 77.84, 45.09, -1, -1, -1
61, 7, 1136.66, 322.14, 28.23, 45.83, -1, -1, -1
61, 9, 1041.86, 826.77, 34.81, 39.38, -1, -1, -1
61, 14, 712.29, 175.76, 39.13, 25.93, -1, -1, -1
61, 8, 299.71, 665.89, 46.17, 35.56, -1, -1, -1
62, 139, 1635.00, 1018.00, 42.00, 17.00, -1, -1, -1
62, 212, 464.00, 428.00, 32.00, 30.00, -1, -1, -1
62, 59, 833.00, 1018.00, 19.00, 15.00, -1, -1, -1
62, 205, 659.00, 997.00, 16.00, 14.00, -1, -1, -1
62, 203, 295.00, 327.00, 32.00, 20.00, -1, -1, -1
62, 202, 272.00, 322.00, 18.00, 18.00, -1, -1, -1
62, 200, 978.00, 232.00, 15.00, 26.00, -1, -1, -1
62, 8, 304.00, 669.00, 42.00, 37.00, -1, -1, -1
62, 3, 1436.00, 0.00, 22.00, 25.00, -1, -1, -1
62, 1, 688.03, 565.86, 103.08, 62.52, -1, -1, -1
62, 2, 1024.18, 86.28, 33.58, 85.59, -1, -1, -1
62, 5, 1201.03, 736.57, 69.20, 59.85, -1, -1, -1
62, 6, 795.69, 200.36, 81.76, 47.54, -1, -1, -1
62, 7, 1136.90, 323.69, 27.15, 44.01, -1, -1, -1
62, 9, 1042.20, 823.70, 34.97, 39.08, -1, -1, -1
62, 14, 711.84, 173.06, 37.55, 24.76, -1, -1, -1
62, 10, 26.48, 498.13, 19.24, 34.19, -1, -1, -1
63, 139, 1635.00, 1018.00, 42.00, 17.00, -1, -1, -1
63, 111, 1337.00, 1066.00, 32.00, 14.00, -1, -1, -1
63, 212, 464.00, 428.00, 32.00, 30.00, -1, -1, -1
63, 59, 833.00, 1018.00, 19.00, 15.00, -1, -1, -1
63, 205, 659.00, 997.00, 16.00, 14.00, -1, -1, -1
63, 203, 295.00, 327.00, 32.00, 20.00, -1, -1, -1
63, 202, 272.00, 322.00, 18.00, 18.00, -1, -1, -1
63, 200, 978.00, 232.00, 15.00, 26.00, -1, -1, -1
63, 14, 711.84, 173.06, 37.55, 24.76, -1, -1, -1
63, 3, 1436.00, 0.00, 22.00, 25.00, -1, -1, -1
63, 1, 687.75, 564.68, 101.61, 61.35, -1, -1, -1
63, 2, 1024.67, 88.88, 33.05, 83.75, -1, -1, -1
63, 5, 1199.24, 735.45, 70.29, 60.97, -1, -1, -1
63, 6, 797.49, 194.83, 72.51, 45.17, -1, -1, -1
63, 7, 1136.86, 324.14, 27.06, 43.60, -1, -1, -1
63, 9, 1038.27, 820.67, 39.73, 43.33, -1, -1, -1
63, 10, 25.65, 497.37, 19.83, 35.44, -1, -1, -1
63, 8, 298.29, 658.83, 45.11, 34.98, -1, -1, -1
64, 139, 1629.00, 1018.00, 42.00, 17.00, -1, -1, -1
64, 111, 1337.00, 1066.00, 32.00, 14.00, -1, -1, -1
64, 212, 464.00, 428.00, 32.00, 30.00, -1, -1, -1
64, 59, 832.00, 1011.00, 19.00, 15.00, -1, -1, -1
64, 205, 658.00, 993.00, 16.00, 14.00, -1, -1, -1
64, 203, 290.00, 320.00, 32.00, 20.00, -1, -1, -1
64, 202, 268.00, 314.00, 18.00, 18.00, -1, -1, -1
64, 200, 978.00, 232.00, 15.00, 26.00, -1, -1, -1
64, 10, 27.00, 499.00, 19.00, 34.00, -1, -1, -1
64, 3, 1436.00, 0.00, 22.00, 25.00, -1, -1, -1
64, 1, 686.52, 562.58, 101.94, 61.41, -1, -1, -1
64, 2, 1024.57, 88.83, 33.38, 84.33, -1, -1, -1
64, 5, 1198.17, 735.52, 69.63, 60.40, -1, -1, -1
64, 6, 797.00, 189.00, 67.00, 45.00, -1, -1, -1
64, 7, 1136.74, 323.55, 27.24, 43.96, -1, -1, -1
64, 9, 1041.06, 818.57, 39.92, 44.91, -1, -1, -1
64, 8, 297.53, 653.60, 46.50, 36.65, -1, -1, -1
64, 14, 712.72, 166.10, 35.28, 23.28, -1, -1, -1
65, 139, 1625.00, 1013.00, 42.00, 17.00, -1, -1, -1
65, 111, 1337.00, 1066.00, 32.00, 14.00, -1, -1, -1
65, 212, 458.00, 423.00, 32.00, 30.00, -1, -1, -1
65, 59, 832.00, 1011.00, 19.00, 15.00, -1, -1, -1
65, 205, 658.00, 993.00, 16.00, 14.00, -1, -1, -1
65, 203, 290.00, 320.00, 32.00, 20.00, -1, -1, -1
65, 202, 268.00, 314.00, 18.00, 18.00, -1, -1, -1
65, 200, 978.00, 232.00, 15.00, 26.00, -1, -1, -1
65, 3, 1436.00, 0.00, 22.00, 25.00, -1, -1, -1
65, 1, 684.41, 560.12, 102.96, 61.93, -1, -1, -1
65, 2, 1024.65, 90.04, 33.22, 83.55, -1, -1, -1
65, 5, 1196.84, 735.57, 69.35, 60.18, -1, -1, -1
65, 6, 796.83, 183.67, 70.17, 45.34, -1, -1, -1
65, 7, 1135.89, 322.09, 27.96, 45.09, -1, -1, -1
65, 9, 1040.00, 813.94, 43.63, 49.26, -1, -1, -1
65, 8, 297.56, 650.82, 41.99, 33.31, -1, -1, -1
65, 14, 712.08, 162.57, 35.50, 23.34, -1, -1, -1
65, 10, 24.35, 497.64, 18.42, 32.45, -1, -1, -1
66, 139, 1625.00, 1013.00, 42.00, 17.00, -1, -1, -1
66, 111, 1337.00, 1061.00, 31.00, 19.00, -1, -1, -1
66, 212, 458.00, 423.00, 32.00, 30.00, -1, -1, -1
66, 59, 832.00, 1005.00, 19.00, 15.00, -1, -1, -1
66, 205, 657.00, 989.00, 16.00, 14.00, -1, -1, -1
66, 203, 290.00, 315.00, 32.00, 20.00, -1, -1, -1
66, 202, 266.00, 306.00, 18.00, 18.00, -1, -1, -1
66, 200, 978.00, 229.00, 15.00, 26.00, -1, -1, -1
66, 8, 298.00, 651.00, 42.00, 37.00, -1, -1, -1
66, 3, 1436.00, 0.00, 22.00, 25.00, -1, -1, -1
66, 1, 683.20, 558.03, 103.29, 62.13, -1, -1, -1
66, 2, 1024.11, 89.47, 34.26, 85.01, -1, -1, -1
66, 5, 1195.41, 735.60, 69.24, 60.09, -1, -1, -1
66, 6, 795.03, 176.77, 69.97, 46.23, -1, -1, -1
66, 7, 1135.67, 320.31, 29.03, 46.76, -1, -1, -1
66, 9, 1037.00, 811.00, 47.00, 49.00, -1, -1, -1
66, 14, 708.32, 156.51, 40.67, 27.00, -1, -1, -1
66, 10, 24.09, 497.01, 18.44, 32.74, -1, -1, -1
67, 139, 1625.00, 1013.00, 42.00, 17.00, -1, -1, -1
67, 111, 1337.00, 1061.00, 31.00, 19.00, -1, -1, -1
67, 212, 458.00, 423.00, 32.00, 30.00, -1, -1, -1
67, 57, 891.00, 1069.00, 16.00, 11.00, -1, -1, -1
67, 59, 832.00, 1005.00, 19.00, 15.00, -1, -1, -1
67, 205, 657.00, 989.00, 16.00, 14.00, -1, -1, -1
67, 203, 290.00, 315.00, 32.00, 20.00, -1, -1, -1
67, 202, 266.00, 306.00, 18.00, 18.00, -1, -1, -1
67, 200, 978.00, 229.00, 15.00, 26.00, -1, -1, -1
67, 3, 1436.00, -0.00, 17.00, 16.00, -1, -1, -1
67, 1, 681.45, 555.84, 104.13, 62.70, -1, -1, -1
67, 2, 1023.82, 89.49, 34.81, 85.31, -1, -1, -1
67, 5, 1193.87, 734.63, 70.30, 61.04, -1, -1, -1
67, 6, 795.00, 171.00, 66.00, 45.00, -1, -1, -1
67, 7, 1135.46, 322.09, 27.75, 44.70, -1, -1, -1
67, 9, 1038.51, 805.85, 42.49, 52.15, -1, -1, -1
67, 14, 708.17, 152.77, 41.06, 27.47, -1, -1, -1
67, 10, 23.77, 497.06, 17.93, 31.83, -1, -1, -1
67, 8, 295.55, 643.71, 41.34, 33.00, -1, -1, -1
68, 139, 1625.00, 1013.00, 42.00, 17.00, -1, -1, -1
68, 111, 1337.00, 1061.00, 31.00, 19.00, -1, -1, -1
68, 212, 458.00, 423.00, 32.00, 30.00, -1, -1, -1
68, 57, 889.00, 1063.00, 18.00, 17.00, -1, -1, -1
68, 59, 832.00, 1005.00, 19.00, 15.00, -1, -1, -1
68, 205, 656.00, 984.00, 16.00, 14.00, -1, -1, -1
68, 203, 286.00, 312.00, 32.00, 20.00, -1, -1, -1
68, 202, 263.00, 298.00, 18.00, 18.00, -1, -1, -1
68, 200, 978.00, 229.00, 15.00, 26.00, -1, -1, -1
68, 3, 1436.00, -0.00, 17.00, 16.00, -1, -1, -1
68, 1, 680.58, 553.60, 102.98, 61.93, -1, -1, -1
68, 2, 1023.68, 90.16, 35.03, 84.81, -1, -1, -1
68, 5, 1192.37, 734.27, 70.68, 61.40, -1, -1, -1
68, 6, 791.42, 164.91, 68.58, 45.09, -1, -1, -1
68, 7, 1135.26, 322.31, 27.51, 44.38, -1, -1, -1
68, 9, 1041.65, 803.56, 41.84, 47.56, -1, -1, -1
68, 14, 708.49, 149.51, 38.59, 25.71, -1, -1, -1
68, 10, 23.10, 496.34, 17.91, 32.01, -1, -1, -1
68, 8, 292.66, 638.43, 44.30, 35.55, -1, -1, -1
69, 139, 1625.00, 1013.00, 42.00, 17.00, -1, -1, -1
69, 111, 1337.00, 1061.00, 31.00, 19.00, -1, -1, -1
69, 212, 458.00, 423.00, 32.00, 30.00, -1, -1, -1
69, 57, 889.00, 1063.00, 18.00, 17.00, -1, -1, -1
69, 59, 832.00, 1005.00, 19.00, 15.00, -1, -1, -1
69, 205, 656.00, 984.00, 16.00, 14.00, -1, -1, -1
69, 203, 286.00, 312.00, 32.00, 20.00, -1, -1, -1
69, 202, 263.00, 298.00, 18.00, 18.00, -1, -1, -1
69, 200, 978.00, 229.00, 15.00, 26.00, -1, -1, -1
69, 3, 1436.00, -0.00, 17.00, 16.00, -1, -1, -1
69, 1, 679.21, 551.34, 102.74, 61.63, -1, -1, -1
69, 2, 1023.84, 89.59, 35.65, 85.49, -1, -1, -1
69, 5, 1190.80, 734.15, 70.94, 61.53, -1, -1, -1
69, 6, 791.21, 158.76, 67.80, 45.24, -1, -1, -1
69, 7, 1135.34, 322.64, 27.13, 43.77, -1, -1, -1
69, 9, 1042.55, 800.86, 39.51, 44.99, -1, -1, -1
69, 14, 706.64, 145.14, 40.61, 27.25, -1, -1, -1
69, 10, 21.96, 495.08, 18.45, 33.08, -1, -1, -1
69, 8, 292.96, 635.85, 42.94, 34.49, -1, -1, -1
7, 212, 514.00, 442.00, 32.00, 24.00, -1, -1, -1
7, 210, 1161.00, 102.00, 20.00, 26.00, -1, -1, -1
7, 206, 534.00, 23.00, 22.00, 28.00, -1, -1, -1
7, 203, 366.00, 462.00, 15.00, 24.00, -1, -1, -1
7, 202, 339.00, 508.00, 15.00, 14.00, -1, -1, -1
7, 200, 966.00, 248.00, 12.00, 20.00, -1, -1, -1
7, 17, 971.00, 170.00, 21.00, 23.00, -1, -1, -1
7, 14, 730.00, 361.00, 41.00, 26.00, -1, -1, -1
7, 1, 764.80, 672.00, 96.61, 61.54, -1, -1, -1
7, 2, 989.50, 77.67, 40.05, 90.51, -1, -1, -1
7, 3, 1442.22, 1.41, 45.19, 60.84, -1, -1, -1
7, 4, 49.87, 167.93, 54.84, 55.14, -1, -1, -1
7, 5, 1279.12, 757.29, 58.07, 50.65, -1, -1, -1
7, 6, 830.13, 474.04, 58.71, 41.94, -1, -1, -1
7, 7, 1151.33, 328.73, 34.05, 47.95, -1, -1, -1
7, 8, 302.75, 867.49, 29.97, 39.94, -1, -1, -1
7, 10, 70.36, 523.21, 17.94, 31.87, -1, -1, -1
7, 9, 1029.56, 964.76, 33.22, 38.24, -1, -1, -1
70, 220, 1000.00, 1057.00, 14.00, 21.00, -1, -1, -1
70, 139, 1625.00, 1013.00, 42.00, 17.00, -1, -1, -1
70, 111, 1337.00, 1061.00, 31.00, 19.00, -1, -1, -1
70, 212, 458.00, 423.00, 32.00, 30.00, -1, -1, -1
70, 57, 889.00, 1063.00, 18.00, 17.00, -1, -1, -1
70, 59, 832.00, 1005.00, 19.00, 15.00, -1, -1, -1
70, 205, 654.00, 979.00, 16.00, 14.00, -1, -1, -1
70, 203, 282.00, 299.00, 32.00, 20.00, -1, -1, -1
70, 202, 259.00, 291.00, 18.00, 18.00, -1, -1, -1
70, 200, 978.00, 229.00, 15.00, 26.00, -1, -1, -1
70, 3, 1436.00, -0.00, 17.00, 16.00, -1, -1, -1
70, 1, 677.25, 548.59, 104.15, 62.52, -1, -1, -1
70, 2, 1024.26, 89.48, 36.15, 86.00, -1, -1, -1
70, 5, 1189.25, 733.12, 72.07, 62.56, -1, -1, -1
70, 6, 786.92, 151.15, 72.07, 47.85, -1, -1, -1
70, 7, 1135.25, 321.77, 27.26, 44.04, -1, -1, -1
70, 9, 1043.56, 798.98, 37.28, 42.07, -1, -1, -1
70, 14, 707.37, 141.84, 39.03, 26.22, -1, -1, -1
70, 10, 21.35, 494.38, 18.35, 32.99, -1, -1, -1
70, 8, 293.74, 634.04, 39.98, 32.06, -1, -1, -1
71, 220, 1000.00, 1052.00, 13.00, 28.00, -1, -1, -1
71, 139, 1625.00, 1013.00, 42.00, 17.00, -1, -1, -1
71, 111, 1337.00, 1061.00, 31.00, 19.00, -1, -1, -1
71, 212, 458.00, 423.00, 32.00, 30.00, -1, -1, -1
71, 57, 889.00, 1059.00, 18.00, 17.00, -1, -1, -1
71, 59, 832.00, 1000.00, 19.00, 15.00, -1, -1, -1
71, 205, 654.00, 979.00, 16.00, 14.00, -1, -1, -1
71, 203, 282.00, 299.00, 32.00, 20.00, -1, -1, -1
71, 202, 259.00, 291.00, 18.00, 18.00, -1, -1, -1
71, 200, 978.00, 229.00, 15.00, 26.00, -1, -1, -1
71, 3, 1436.00, -0.00, 17.00, 16.00, -1, -1, -1
71, 1, 675.60, 546.39, 104.63, 62.85, -1, -1, -1
71, 2, 1025.41, 89.43, 36.29, 86.43, -1, -1, -1
71, 5, 1187.63, 732.01, 72.70, 63.19, -1, -1, -1
71, 6, 787.37, 145.51, 68.62, 47.49, -1, -1, -1
71, 7, 1134.67, 320.96, 27.42, 44.39, -1, -1, -1
71, 9, 1043.36, 795.87, 38.61, 43.04, -1, -1, -1
71, 14, 705.33, 136.53, 41.63, 28.03, -1, -1, -1
71, 10, 20.37, 493.64, 18.67, 33.46, -1, -1, -1
71, 8, 295.25, 632.29, 36.03, 28.58, -1, -1, -1
72, 220, 1000.00, 1042.00, 14.00, 38.00, -1, -1, -1
72, 217, 1477.00, 138.00, 21.00, 22.00, -1, -1, -1
72, 139, 1625.00, 1013.00, 42.00, 17.00, -1, -1, -1
72, 111, 1337.00, 1061.00, 31.00, 19.00, -1, -1, -1
72, 212, 452.00, 425.00, 32.00, 30.00, -1, -1, -1
72, 57, 889.00, 1059.00, 18.00, 17.00, -1, -1, -1
72, 59, 832.00, 1000.00, 19.00, 15.00, -1, -1, -1
72, 205, 654.00, 979.00, 16.00, 14.00, -1, -1, -1
72, 203, 281.00, 296.00, 32.00, 20.00, -1, -1, -1
72, 202, 258.00, 283.00, 18.00, 18.00, -1, -1, -1
72, 200, 978.00, 229.00, 15.00, 26.00, -1, -1, -1
72, 3, 1436.00, -0.00, 17.00, 16.00, -1, -1, -1
72, 1, 674.26, 544.16, 104.85, 62.97, -1, -1, -1
72, 2, 1025.95, 90.26, 36.10, 85.98, -1, -1, -1
72, 5, 1187.71, 732.58, 70.66, 61.45, -1, -1, -1
72, 6, 784.90, 139.40, 72.11, 48.60, -1, -1, -1
72, 7, 1134.60, 321.03, 27.19, 44.04, -1, -1, -1
72, 9, 1044.65, 793.33, 36.33, 40.39, -1, -1, -1
72, 14, 706.86, 133.66, 39.96, 27.00, -1, -1, -1
72, 10, 19.69, 493.37, 18.62, 33.14, -1, -1, -1
72, 8, 294.32, 628.19, 36.63, 28.89, -1, -1, -1
73, 220, 1003.00, 1030.00, 13.00, 42.00, -1, -1, -1
73, 217, 1477.00, 138.00, 21.00, 22.00, -1, -1, -1
73, 139, 1625.00, 1013.00, 42.00, 17.00, -1, -1, -1
73, 111, 1337.00, 1061.00, 31.00, 19.00, -1, -1, -1
73, 212, 452.00, 425.00, 32.00, 30.00, -1, -1, -1
73, 57, 887.00, 1055.00, 20.00, 21.00, -1, -1, -1
73, 59, 832.00, 1000.00, 19.00, 15.00, -1, -1, -1
73, 205, 653.00, 975.00, 16.00, 14.00, -1, -1, -1
73, 203, 281.00, 296.00, 32.00, 20.00, -1, -1, -1
73, 202, 258.00, 283.00, 18.00, 18.00, -1, -1, -1
73, 200, 978.00, 229.00, 15.00, 26.00, -1, -1, -1
73, 1, 672.82, 541.67, 104.94, 63.02, -1, -1, -1
73, 2, 1027.17, 89.95, 35.97, 86.42, -1, -1, -1
73, 5, 1186.76, 732.83, 69.97, 60.77, -1, -1, -1
73, 6, 785.00, 134.00, 70.00, 49.00, -1, -1, -1
73, 7, 1134.23, 321.44, 26.84, 43.40, -1, -1, -1
73, 9, 1044.22, 789.98, 38.30, 42.44, -1, -1, -1
73, 14, 704.82, 128.60, 41.69, 28.43, -1, -1, -1
73, 10, 18.63, 492.30, 19.22, 34.02, -1, -1, -1
73, 8, 292.89, 625.33, 36.54, 28.49, -1, -1, -1
74, 220, 1004.00, 1020.00, 13.00, 42.00, -1, -1, -1
74, 139, 1625.00, 1008.00, 42.00, 17.00, -1, -1, -1
74, 111, 1336.00, 1053.00, 31.00, 19.00, -1, -1, -1
74, 212, 452.00, 425.00, 32.00, 30.00, -1, -1, -1
74, 57, 887.00, 1055.00, 20.00, 21.00, -1, -1, -1
74, 59, 832.00, 994.00, 19.00, 15.00, -1, -1, -1
74, 205, 653.00, 975.00, 16.00, 14.00, -1, -1, -1
74, 203, 279.00, 292.00, 32.00, 20.00, -1, -1, -1
74, 202, 254.00, 276.00, 18.00, 18.00, -1, -1, -1
74, 200, 978.00, 229.00, 15.00, 26.00, -1, -1, -1
74, 8, 293.00, 622.00, 42.00, 37.00, -1, -1, -1
74, 1, 671.90, 539.82, 104.82, 63.03, -1, -1, -1
74, 2, 1028.80, 90.07, 35.50, 86.71, -1, -1, -1
74, 5, 1185.43, 732.93, 69.77, 60.51, -1, -1, -1
74, 6, 784.00, 127.00, 68.00, 48.00, -1, -1, -1
74, 7, 1134.02, 321.35, 26.86, 43.42, -1, -1, -1
74, 9, 1042.89, 787.36, 43.32, 48.10, -1, -1, -1
74, 14, 705.82, 126.12, 39.32, 26.65, -1, -1, -1
74, 10, 17.93, 492.41, 18.99, 33.36, -1, -1, -1
75, 220, 1004.00, 1009.00, 13.00, 42.00, -1, -1, -1
75, 139, 1625.00, 1008.00, 42.00, 17.00, -1, -1, -1
75, 111, 1336.00, 1053.00, 31.00, 19.00, -1, -1, -1
75, 212, 452.00, 425.00, 32.00, 30.00, -1, -1, -1
75, 57, 887.00, 1055.00, 20.00, 21.00, -1, -1, -1
75, 59, 832.00, 994.00, 19.00, 15.00, -1, -1, -1
75, 205, 652.00, 970.00, 16.00, 14.00, -1, -1, -1
75, 203, 279.00, 292.00, 32.00, 20.00, -1, -1, -1
75, 202, 254.00, 276.00, 18.00, 18.00, -1, -1, -1
75, 200, 978.00, 229.00, 15.00, 26.00, -1, -1, -1
75, 1, 671.35, 538.21, 103.30, 62.04, -1, -1, -1
75, 2, 1030.21, 88.87, 35.68, 88.67, -1, -1, -1
75, 5, 1183.59, 732.73, 70.48, 61.16, -1, -1, -1
75, 6, 784.00, 121.00, 71.00, 49.00, -1, -1, -1
75, 7, 1134.02, 321.20, 26.74, 43.18, -1, -1, -1
75, 9, 1045.03, 783.55, 39.92, 44.53, -1, -1, -1
75, 14, 706.30, 123.15, 37.77, 25.79, -1, -1, -1
75, 10, 17.15, 492.47, 18.98, 33.11, -1, -1, -1
75, 8, 292.19, 618.16, 35.21, 27.22, -1, -1, -1
76, 220, 1005.00, 998.00, 13.00, 42.00, -1, -1, -1
76, 139, 1625.00, 1008.00, 42.00, 17.00, -1, -1, -1
76, 111, 1336.00, 1053.00, 31.00, 19.00, -1, -1, -1
76, 212, 452.00, 425.00, 32.00, 30.00, -1, -1, -1
76, 57, 887.00, 1049.00, 20.00, 21.00, -1, -1, -1
76, 59, 832.00, 994.00, 19.00, 15.00, -1, -1, -1
76, 205, 652.00, 970.00, 16.00, 14.00, -1, -1, -1
76, 203, 270.00, 283.00, 36.00, 23.00, -1, -1, -1
76, 202, 251.00, 268.00, 18.00, 18.00, -1, -1, -1
76, 200, 981.00, 227.00, 15.00, 26.00, -1, -1, -1
76, 10, 16.00, 491.00, 19.00, 34.00, -1, -1, -1
76, 1, 670.11, 536.20, 102.92, 61.67, -1, -1, -1
76, 2, 1030.92, 88.53, 35.35, 89.28, -1, -1, -1
76, 5, 1182.41, 732.91, 69.85, 60.66, -1, -1, -1
76, 6, 782.00, 116.00, 72.00, 47.00, -1, -1, -1
76, 7, 1133.95, 320.77, 26.85, 43.35, -1, -1, -1
76, 9, 1045.08, 778.68, 39.10, 43.94, -1, -1, -1
76, 14, 705.84, 119.44, 38.52, 26.35, -1, -1, -1
76, 8, 289.71, 612.05, 39.05, 30.15, -1, -1, -1
77, 220, 1006.00, 986.00, 13.00, 42.00, -1, -1, -1
77, 139, 1625.00, 1008.00, 42.00, 17.00, -1, -1, -1
77, 111, 1336.00, 1053.00, 31.00, 19.00, -1, -1, -1
77, 212, 452.00, 425.00, 32.00, 30.00, -1, -1, -1
77, 57, 887.00, 1049.00, 20.00, 21.00, -1, -1, -1
77, 59, 832.00, 991.00, 19.00, 15.00, -1, -1, -1
77, 205, 652.00, 965.00, 16.00, 14.00, -1, -1, -1
77, 207, 1237.00, 754.00, 14.00, 20.00, -1, -1, -1
77, 203, 270.00, 283.00, 36.00, 23.00, -1, -1, -1
77, 202, 251.00, 268.00, 18.00, 18.00, -1, -1, -1
77, 200, 981.00, 227.00, 15.00, 26.00, -1, -1, -1
77, 14, 705.84, 119.44, 38.52, 26.35, -1, -1, -1
77, 1, 667.92, 533.54, 104.34, 62.52, -1, -1, -1
77, 2, 1032.69, 91.11, 34.13, 87.16, -1, -1, -1
77, 5, 1181.17, 732.74, 70.32, 61.22, -1, -1, -1
77, 6, 782.81, 109.63, 65.19, 46.37, -1, -1, -1
77, 7, 1133.93, 320.62, 26.89, 43.41, -1, -1, -1
77, 9, 1045.15, 775.00, 39.69, 44.71, -1, -1, -1
77, 8, 289.02, 609.22, 39.53, 30.15, -1, -1, -1
77, 10, 15.01, 490.74, 19.62, 34.18, -1, -1, -1
78, 220, 1007.00, 977.00, 13.00, 42.00, -1, -1, -1
78, 139, 1625.00, 1008.00, 42.00, 17.00, -1, -1, -1
78, 111, 1336.00, 1053.00, 31.00, 19.00, -1, -1, -1
78, 212, 448.00, 421.00, 32.00, 30.00, -1, -1, -1
78, 57, 887.00, 1049.00, 20.00, 21.00, -1, -1, -1
78, 59, 832.00, 991.00, 19.00, 15.00, -1, -1, -1
78, 205, 652.00, 965.00, 16.00, 14.00, -1, -1, -1
78, 207, 1237.00, 754.00, 14.00, 20.00, -1, -1, -1
78, 203, 269.00, 277.00, 36.00, 23.00, -1, -1, -1
78, 202, 250.00, 260.00, 18.00, 18.00, -1, -1, -1
78, 200, 981.00, 227.00, 15.00, 26.00, -1, -1, -1
78, 1, 665.94, 530.88, 104.79, 62.84, -1, -1, -1
78, 2, 1033.40, 92.22, 33.54, 86.59, -1, -1, -1
78, 5, 1179.66, 732.68, 70.68, 61.42, -1, -1, -1
78, 6, 780.00, 103.00, 72.00, 50.00, -1, -1, -1
78, 7, 1133.43, 320.32, 26.92, 43.44, -1, -1, -1
78, 9, 1044.86, 770.77, 41.49, 46.96, -1, -1, -1
78, 8, 288.11, 605.84, 38.61, 29.15, -1, -1, -1
78, 10, 14.64, 490.40, 19.12, 33.43, -1, -1, -1
78, 14, 707.19, 113.13, 33.96, 23.07, -1, -1, -1
79, 220, 1008.00, 965.00, 13.00, 42.00, -1, -1, -1
79, 139, 1625.00, 1008.00, 42.00, 17.00, -1, -1, -1
79, 111, 1336.00, 1053.00, 31.00, 19.00, -1, -1, -1
79, 212, 448.00, 421.00, 32.00, 30.00, -1, -1, -1
79, 57, 889.00, 1045.00, 20.00, 21.00, -1, -1, -1
79, 59, 832.00, 986.00, 19.00, 15.00, -1, -1, -1
79, 205, 651.00, 961.00, 16.00, 14.00, -1, -1, -1
79, 207, 1237.00, 754.00, 14.00, 20.00, -1, -1, -1
79, 203, 269.00, 277.00, 36.00, 23.00, -1, -1, -1
79, 202, 250.00, 260.00, 18.00, 18.00, -1, -1, -1
79, 200, 981.00, 227.00, 15.00, 26.00, -1, -1, -1
79, 14, 705.00, 113.00, 39.00, 26.00, -1, -1, -1
79, 1, 664.63, 528.72, 104.21, 62.47, -1, -1, -1
79, 2, 1034.24, 93.61, 33.11, 85.87, -1, -1, -1
79, 5, 1178.26, 732.17, 70.60, 61.50, -1, -1, -1
79, 6, 781.00, 97.00, 72.00, 48.00, -1, -1, -1
79, 7, 1133.12, 319.47, 27.19, 43.95, -1, -1, -1
79, 9, 1044.00, 767.31, 43.66, 49.74, -1, -1, -1
79, 8, 286.62, 601.73, 39.63, 29.76, -1, -1, -1
79, 10, 13.80, 489.54, 19.26, 33.65, -1, -1, -1
8, 212, 514.00, 442.00, 32.00, 24.00, -1, -1, -1
8, 210, 1161.00, 92.00, 25.00, 24.00, -1, -1, -1
8, 206, 533.00, 18.00, 22.00, 28.00, -1, -1, -1
8, 203, 366.00, 462.00, 15.00, 24.00, -1, -1, -1
8, 202, 337.00, 506.00, 15.00, 14.00, -1, -1, -1
8, 200, 966.00, 248.00, 12.00, 20.00, -1, -1, -1
8, 17, 970.00, 166.00, 21.00, 23.00, -1, -1, -1
8, 14, 730.00, 356.00, 41.00, 26.00, -1, -1, -1
8, 9, 1028.00, 966.00, 33.00, 38.00, -1, -1, -1
8, 1, 762.75, 669.97, 96.81, 61.51, -1, -1, -1
8, 2, 990.14, 77.66, 40.04, 90.64, -1, -1, -1
8, 3, 1442.45, 1.40, 44.36, 59.64, -1, -1, -1
8, 4, 48.15, 166.73, 55.13, 55.40, -1, -1, -1
8, 5, 1277.57, 757.36, 58.35, 50.81, -1, -1, -1
8, 6, 826.81, 468.94, 61.11, 43.74, -1, -1, -1
8, 7, 1151.00, 328.86, 33.64, 47.69, -1, -1, -1
8, 8, 300.20, 864.02, 31.78, 42.19, -1, -1, -1
8, 10, 69.61, 522.56, 18.02, 32.05, -1, -1, -1
80, 220, 1009.00, 954.00, 13.00, 42.00, -1, -1, -1
80, 139, 1621.00, 1003.00, 42.00, 17.00, -1, -1, -1
80, 111, 1336.00, 1053.00, 31.00, 19.00, -1, -1, -1
80, 212, 445.00, 426.00, 32.00, 30.00, -1, -1, -1
80, 57, 889.00, 1045.00, 20.00, 21.00, -1, -1, -1
80, 59, 832.00, 986.00, 19.00, 15.00, -1, -1, -1
80, 205, 651.00, 961.00, 16.00, 14.00, -1, -1, -1
80, 207, 1238.00, 749.00, 14.00, 19.00, -1, -1, -1
80, 203, 267.00, 272.00, 36.00, 23.00, -1, -1, -1
80, 202, 247.00, 252.00, 18.00, 18.00, -1, -1, -1
80, 200, 981.00, 227.00, 15.00, 26.00, -1, -1, -1
80, 14, 705.00, 109.00, 39.00, 26.00, -1, -1, -1
80, 8, 287.00, 597.00, 42.00, 37.00, -1, -1, -1
80, 1, 663.33, 526.01, 104.72, 62.82, -1, -1, -1
80, 2, 1035.18, 95.74, 32.64, 84.48, -1, -1, -1
80, 5, 1176.84, 731.99, 70.48, 61.52, -1, -1, -1
80, 6, 779.00, 90.00, 74.00, 48.00, -1, -1, -1
80, 7, 1133.09, 319.28, 27.15, 43.90, -1, -1, -1
80, 9, 1044.89, 764.14, 42.04, 47.93, -1, -1, -1
80, 10, 13.53, 489.74, 18.70, 32.75, -1, -1, -1
81, 220, 1010.00, 943.00, 13.00, 42.00, -1, -1, -1
81, 139, 1621.00, 1003.00, 42.00, 17.00, -1, -1, -1
81, 111, 1333.00, 1049.00, 31.00, 19.00, -1, -1, -1
81, 212, 445.00, 426.00, 32.00, 30.00, -1, -1, -1
81, 57, 888.00, 1039.00, 20.00, 21.00, -1, -1, -1
81, 59, 832.00, 986.00, 19.00, 15.00, -1, -1, -1
81, 205, 650.00, 956.00, 16.00, 14.00, -1, -1, -1
81, 207, 1238.00, 749.00, 14.00, 19.00, -1, -1, -1
81, 203, 267.00, 272.00, 36.00, 23.00, -1, -1, -1
81, 202, 244.00, 247.00, 18.00, 18.00, -1, -1, -1
81, 200, 981.00, 227.00, 15.00, 26.00, -1, -1, -1
81, 14, 705.00, 105.00, 39.00, 26.00, -1, -1, -1
81, 1, 661.64, 523.58, 104.94, 62.96, -1, -1, -1
81, 2, 1035.51, 96.89, 32.46, 83.84, -1, -1, -1
81, 5, 1175.89, 732.42, 69.38, 60.54, -1, -1, -1
81, 6, 775.99, 84.02, 77.01, 49.98, -1, -1, -1
81, 7, 1132.53, 318.85, 27.25, 44.13, -1, -1, -1
81, 9, 1046.71, 761.59, 39.41, 45.17, -1, -1, -1
81, 10, 12.70, 489.34, 18.66, 32.90, -1, -1, -1
81, 8, 284.53, 593.80, 40.31, 29.98, -1, -1, -1
82, 220, 1011.00, 931.00, 13.00, 42.00, -1, -1, -1
82, 139, 1621.00, 1003.00, 42.00, 17.00, -1, -1, -1
82, 111, 1333.00, 1049.00, 31.00, 19.00, -1, -1, -1
82, 212, 445.00, 426.00, 32.00, 30.00, -1, -1, -1
82, 57, 888.00, 1039.00, 20.00, 21.00, -1, -1, -1
82, 59, 832.00, 981.00, 19.00, 15.00, -1, -1, -1
82, 205, 650.00, 956.00, 16.00, 14.00, -1, -1, -1
82, 207, 1238.00, 749.00, 14.00, 19.00, -1, -1, -1
82, 203, 265.00, 265.00, 36.00, 23.00, -1, -1, -1
82, 202, 244.00, 247.00, 18.00, 18.00, -1, -1, -1
82, 200, 981.00, 227.00, 15.00, 26.00, -1, -1, -1
82, 14, 705.00, 101.00, 39.00, 26.00, -1, -1, -1
82, 1, 659.93, 521.27, 105.79, 63.50, -1, -1, -1
82, 2, 1035.48, 98.04, 32.63, 83.36, -1, -1, -1
82, 5, 1173.91, 729.85, 71.32, 62.41, -1, -1, -1
82, 6, 775.00, 79.00, 73.00, 50.00, -1, -1, -1
82, 7, 1132.40, 318.32, 27.14, 43.97, -1, -1, -1
82, 9, 1045.78, 756.26, 41.60, 48.13, -1, -1, -1
82, 10, 11.32, 487.96, 18.90, 33.45, -1, -1, -1
82, 8, 283.56, 589.19, 40.43, 30.00, -1, -1, -1
83, 220, 1012.00, 920.00, 13.00, 42.00, -1, -1, -1
83, 139, 1621.00, 1003.00, 42.00, 17.00, -1, -1, -1
83, 111, 1333.00, 1049.00, 31.00, 19.00, -1, -1, -1
83, 212, 442.00, 420.00, 32.00, 30.00, -1, -1, -1
83, 57, 888.00, 1039.00, 20.00, 21.00, -1, -1, -1
83, 59, 832.00, 981.00, 19.00, 15.00, -1, -1, -1
83, 205, 650.00, 950.00, 16.00, 14.00, -1, -1, -1
83, 207, 1241.00, 748.00, 14.00, 19.00, -1, -1, -1
83, 203, 265.00, 265.00, 36.00, 23.00, -1, -1, -1
83, 202, 242.00, 240.00, 18.00, 18.00, -1, -1, -1
83, 200, 981.00, 227.00, 15.00, 26.00, -1, -1, -1
83, 1, 658.99, 519.24, 105.31, 63.21, -1, -1, -1
83, 2, 1036.30, 100.44, 32.00, 80.94, -1, -1, -1
83, 5, 1173.38, 730.13, 70.73, 61.87, -1, -1, -1
83, 6, 774.00, 73.00, 71.00, 47.00, -1, -1, -1
83, 7, 1132.49, 318.50, 26.84, 43.41, -1, -1, -1
83, 9, 1047.46, 754.37, 40.30, 46.27, -1, -1, -1
83, 10, 12.03, 489.68, 17.38, 30.70, -1, -1, -1
83, 8, 282.72, 585.64, 39.24, 29.01, -1, -1, -1
83, 14, 707.17, 93.98, 32.23, 21.65, -1, -1, -1
84, 220, 1013.00, 908.00, 13.00, 42.00, -1, -1, -1
84, 139, 1621.00, 1003.00, 42.00, 17.00, -1, -1, -1
84, 111, 1333.00, 1049.00, 31.00, 19.00, -1, -1, -1
84, 212, 442.00, 420.00, 32.00, 30.00, -1, -1, -1
84, 57, 888.00, 1036.00, 20.00, 21.00, -1, -1, -1
84, 59, 832.00, 981.00, 19.00, 15.00, -1, -1, -1
84, 205, 650.00, 950.00, 16.00, 14.00, -1, -1, -1
84, 207, 1241.00, 748.00, 14.00, 19.00, -1, -1, -1
84, 203, 263.00, 257.00, 36.00, 23.00, -1, -1, -1
84, 202, 242.00, 240.00, 18.00, 18.00, -1, -1, -1
84, 200, 981.00, 227.00, 15.00, 26.00, -1, -1, -1
84, 1, 657.70, 516.83, 105.13, 63.09, -1, -1, -1
84, 2, 1036.07, 100.80, 32.77, 81.31, -1, -1, -1
84, 5, 1172.68, 731.01, 69.63, 60.91, -1, -1, -1
84, 6, 775.00, 66.00, 74.00, 48.00, -1, -1, -1
84, 7, 1132.72, 318.96, 26.34, 42.45, -1, -1, -1
84, 9, 1047.58, 753.35, 38.86, 44.50, -1, -1, -1
84, 10, 11.13, 487.58, 18.13, 32.19, -1, -1, -1
84, 8, 282.79, 582.46, 37.86, 27.63, -1, -1, -1
84, 14, 704.29, 88.46, 36.37, 24.34, -1, -1, -1
85, 220, 1014.00, 896.00, 13.00, 42.00, -1, -1, -1
85, 139, 1621.00, 1003.00, 42.00, 17.00, -1, -1, -1
85, 111, 1333.00, 1049.00, 31.00, 19.00, -1, -1, -1
85, 212, 442.00, 420.00, 32.00, 30.00, -1, -1, -1
85, 57, 888.00, 1036.00, 20.00, 21.00, -1, -1, -1
85, 59, 831.00, 975.00, 19.00, 15.00, -1, -1, -1
85, 205, 647.00, 948.00, 16.00, 14.00, -1, -1, -1
85, 207, 1241.00, 742.00, 14.00, 19.00, -1, -1, -1
85, 203, 263.00, 257.00, 36.00, 23.00, -1, -1, -1
85, 202, 237.00, 231.00, 18.00, 18.00, -1, -1, -1
85, 200, 981.00, 227.00, 15.00, 26.00, -1, -1, -1
85, 1, 656.28, 515.01, 105.05, 63.05, -1, -1, -1
85, 2, 1036.18, 101.15, 33.64, 81.71, -1, -1, -1
85, 5, 1171.47, 731.35, 69.21, 60.55, -1, -1, -1
85, 6, 773.02, 59.17, 73.98, 46.83, -1, -1, -1
85, 7, 1132.46, 317.64, 26.88, 43.35, -1, -1, -1
85, 9, 1049.03, 750.60, 37.48, 42.82, -1, -1, -1
85, 10, 10.00, 486.00, 19.00, 33.00, -1, -1, -1
85, 8, 281.93, 578.67, 38.18, 27.63, -1, -1, -1
85, 14, 701.66, 82.12, 40.12, 27.20, -1, -1, -1
86, 220, 1016.00, 885.00, 13.00, 42.00, -1, -1, -1
86, 139, 1621.00, 1003.00, 42.00, 17.00, -1, -1, -1
86, 111, 1333.00, 1049.00, 31.00, 19.00, -1, -1, -1
86, 212, 437.00, 428.00, 32.00, 30.00, -1, -1, -1
86, 57, 888.00, 1036.00, 20.00, 21.00, -1, -1, -1
86, 59, 831.00, 975.00, 19.00, 15.00, -1, -1, -1
86, 205, 647.00, 948.00, 16.00, 14.00, -1, -1, -1
86, 207, 1241.00, 742.00, 14.00, 19.00, -1, -1, -1
86, 203, 260.00, 248.00, 36.00, 23.00, -1, -1, -1
86, 202, 237.00, 231.00, 18.00, 18.00, -1, -1, -1
86, 200, 982.00, 224.00, 15.00, 26.00, -1, -1, -1
86, 1, 654.80, 512.93, 105.02, 63.03, -1, -1, -1
86, 2, 1036.29, 100.38, 34.77, 83.12, -1, -1, -1
86, 5, 1169.77, 731.73, 68.67, 60.16, -1, -1, -1
86, 6, 771.78, 52.66, 72.22, 47.34, -1, -1, -1
86, 7, 1131.28, 316.54, 28.27, 45.16, -1, -1, -1
86, 9, 1048.47, 746.68, 43.19, 49.29, -1, -1, -1
86, 10, 9.36, 486.69, 18.17, 32.31, -1, -1, -1
86, 8, 281.58, 575.41, 36.93, 26.64, -1, -1, -1
86, 14, 702.99, 79.63, 37.84, 25.35, -1, -1, -1
87, 220, 1017.00, 872.00, 13.00, 44.00, -1, -1, -1
87, 139, 1621.00, 1003.00, 42.00, 17.00, -1, -1, -1
87, 111, 1331.00, 1045.00, 31.00, 19.00, -1, -1, -1
87, 212, 437.00, 428.00, 32.00, 30.00, -1, -1, -1
87, 57, 888.00, 1030.00, 20.00, 21.00, -1, -1, -1
87, 59, 831.00, 975.00, 19.00, 15.00, -1, -1, -1
87, 205, 647.00, 942.00, 16.00, 14.00, -1, -1, -1
87, 207, 1241.00, 737.00, 14.00, 19.00, -1, -1, -1
87, 203, 260.00, 248.00, 36.00, 23.00, -1, -1, -1
87, 202, 234.00, 221.00, 18.00, 18.00, -1, -1, -1
87, 200, 982.00, 224.00, 15.00, 26.00, -1, -1, -1
87, 1, 653.31, 510.74, 105.01, 63.02, -1, -1, -1
87, 2, 1036.45, 99.81, 35.91, 84.40, -1, -1, -1
87, 5, 1168.51, 731.63, 68.80, 60.27, -1, -1, -1
87, 6, 770.17, 45.99, 67.83, 46.01, -1, -1, -1
87, 7, 1130.79, 314.92, 29.87, 47.31, -1, -1, -1
87, 9, 1047.69, 743.12, 44.47, 50.36, -1, -1, -1
87, 10, 8.54, 486.06, 18.36, 32.76, -1, -1, -1
87, 8, 281.18, 571.58, 36.09, 25.77, -1, -1, -1
87, 14, 703.21, 75.65, 37.63, 25.33, -1, -1, -1
88, 220, 1018.00, 859.00, 13.00, 44.00, -1, -1, -1
88, 139, 1621.00, 1003.00, 42.00, 17.00, -1, -1, -1
88, 111, 1331.00, 1045.00, 31.00, 19.00, -1, -1, -1
88, 212, 437.00, 428.00, 32.00, 30.00, -1, -1, -1
88, 57, 888.00, 1030.00, 20.00, 21.00, -1, -1, -1
88, 59, 830.00, 970.00, 19.00, 15.00, -1, -1, -1
88, 205, 647.00, 942.00, 16.00, 14.00, -1, -1, -1
88, 207, 1241.00, 737.00, 14.00, 19.00, -1, -1, -1
88, 203, 255.00, 243.00, 42.00, 26.00, -1, -1, -1
88, 202, 234.00, 221.00, 18.00, 18.00, -1, -1, -1
88, 200, 982.00, 224.00, 15.00, 26.00, -1, -1, -1
88, 14, 704.00, 76.00, 39.00, 26.00, -1, -1, -1
88, 1, 651.59, 507.52, 106.42, 64.01, -1, -1, -1
88, 2, 1036.40, 99.95, 36.52, 84.88, -1, -1, -1
88, 5, 1166.87, 730.85, 69.30, 61.06, -1, -1, -1
88, 6, 767.68, 38.50, 80.32, 48.50, -1, -1, -1
88, 7, 1130.04, 315.27, 29.69, 46.92, -1, -1, -1
88, 9, 1049.69, 740.38, 40.29, 45.44, -1, -1, -1
88, 10, 8.23, 485.84, 17.95, 31.93, -1, -1, -1
88, 8, 276.74, 565.51, 41.38, 29.54, -1, -1, -1
89, 220, 1020.00, 846.00, 13.00, 44.00, -1, -1, -1
89, 139, 1620.00, 996.00, 42.00, 15.00, -1, -1, -1
89, 111, 1331.00, 1045.00, 31.00, 19.00, -1, -1, -1
89, 212, 437.00, 428.00, 32.00, 30.00, -1, -1, -1
89, 57, 888.00, 1030.00, 20.00, 21.00, -1, -1, -1
89, 59, 830.00, 970.00, 19.00, 15.00, -1, -1, -1
89, 205, 645.00, 937.00, 16.00, 14.00, -1, -1, -1
89, 207, 1243.00, 733.00, 14.00, 19.00, -1, -1, -1
89, 203, 255.00, 243.00, 42.00, 26.00, -1, -1, -1
89, 202, 233.00, 212.00, 18.00, 18.00, -1, -1, -1
89, 200, 982.00, 224.00, 15.00, 26.00, -1, -1, -1
89, 1, 650.56, 505.40, 105.35, 63.39, -1, -1, -1
89, 2, 1036.20, 100.23, 37.07, 84.95, -1, -1, -1
89, 5, 1165.71, 730.32, 68.70, 60.62, -1, -1, -1
89, 6, 765.45, 31.95, 75.55, 47.05, -1, -1, -1
89, 7, 1129.87, 315.44, 29.37, 46.26, -1, -1, -1
89, 9, 1050.92, 738.78, 37.65, 42.12, -1, -1, -1
89, 10, 6.99, 483.78, 18.93, 33.62, -1, -1, -1
89, 8, 274.74, 561.19, 45.05, 31.79, -1, -1, -1
89, 14, 702.47, 68.40, 35.12, 23.48, -1, -1, -1
9, 212, 514.00, 442.00, 32.00, 24.00, -1, -1, -1
9, 210, 1161.00, 92.00, 25.00, 24.00, -1, -1, -1
9, 206, 533.00, 14.00, 22.00, 28.00, -1, -1, -1
9, 203, 361.00, 456.00, 19.00, 24.00, -1, -1, -1
9, 202, 337.00, 501.00, 15.00, 14.00, -1, -1, -1
9, 200, 966.00, 248.00, 12.00, 20.00, -1, -1, -1
9, 17, 970.00, 166.00, 21.00, 23.00, -1, -1, -1
9, 1, 760.79, 667.77, 98.39, 62.52, -1, -1, -1
9, 2, 990.82, 77.09, 40.11, 91.01, -1, -1, -1
9, 3, 1443.33, 1.52, 43.56, 58.42, -1, -1, -1
9, 4, 46.60, 166.70, 54.66, 54.87, -1, -1, -1
9, 5, 1275.98, 757.40, 58.53, 50.88, -1, -1, -1
9, 6, 830.27, 465.20, 54.63, 38.91, -1, -1, -1
9, 7, 1150.74, 329.20, 32.78, 47.05, -1, -1, -1
9, 8, 297.23, 861.41, 34.65, 45.96, -1, -1, -1
9, 10, 68.35, 521.32, 18.63, 33.15, -1, -1, -1
9, 14, 730.41, 350.70, 40.37, 26.40, -1, -1, -1
9, 9, 1029.53, 958.37, 34.81, 40.01, -1, -1, -1
90, 220, 1021.00, 832.00, 13.00, 47.00, -1, -1, -1
90, 139, 1620.00, 996.00, 42.00, 15.00, -1, -1, -1
90, 111, 1331.00, 1045.00, 31.00, 19.00, -1, -1, -1
90, 212, 437.00, 428.00, 32.00, 30.00, -1, -1, -1
90, 57, 890.00, 1026.00, 20.00, 21.00, -1, -1, -1
90, 59, 830.00, 970.00, 19.00, 15.00, -1, -1, -1
90, 205, 645.00, 937.00, 16.00, 14.00, -1, -1, -1
90, 207, 1243.00, 733.00, 14.00, 19.00, -1, -1, -1
90, 203, 251.00, 235.00, 41.00, 25.00, -1, -1, -1
90, 202, 233.00, 212.00, 18.00, 18.00, -1, -1, -1
90, 200, 982.00, 224.00, 15.00, 26.00, -1, -1, -1
90, 14, 702.00, 68.00, 39.00, 26.00, -1, -1, -1
90, 1, 650.00, 505.00, 102.00, 61.00, -1, -1, -1
90, 2, 1036.94, 99.94, 37.59, 85.46, -1, -1, -1
90, 5, 1164.48, 730.37, 68.18, 60.20, -1, -1, -1
90, 6, 766.76, 25.26, 68.24, 46.74, -1, -1, -1
90, 7, 1129.66, 314.77, 29.56, 46.49, -1, -1, -1
90, 9, 1050.88, 735.25, 37.64, 41.95, -1, -1, -1
90, 10, 6.40, 483.53, 18.78, 33.26, -1, -1, -1
90, 8, 273.52, 556.51, 48.39, 34.13, -1, -1, -1
91, 220, 1022.00, 819.00, 13.00, 47.00, -1, -1, -1
91, 139, 1620.00, 996.00, 42.00, 15.00, -1, -1, -1
91, 111, 1331.00, 1045.00, 31.00, 19.00, -1, -1, -1
91, 212, 433.00, 420.00, 32.00, 30.00, -1, -1, -1
91, 57, 890.00, 1026.00, 20.00, 21.00, -1, -1, -1
91, 59, 830.00, 970.00, 19.00, 15.00, -1, -1, -1
91, 205, 643.00, 931.00, 16.00, 14.00, -1, -1, -1
91, 207, 1243.00, 733.00, 14.00, 19.00, -1, -1, -1
91, 203, 251.00, 235.00, 41.00, 25.00, -1, -1, -1
91, 202, 229.00, 204.00, 18.00, 18.00, -1, -1, -1
91, 200, 982.00, 224.00, 15.00, 26.00, -1, -1, -1
91, 1, 647.00, 502.00, 107.90, 62.23, -1, -1, -1
91, 2, 1037.08, 99.45, 38.03, 86.27, -1, -1, -1
91, 5, 1163.01, 730.40, 68.10, 60.04, -1, -1, -1
91, 6, 765.82, 19.95, 71.19, 47.05, -1, -1, -1
91, 7, 1129.44, 313.92, 29.92, 47.06, -1, -1, -1
91, 9, 1051.82, 731.57, 37.72, 41.90, -1, -1, -1
91, 10, 5.83, 482.97, 18.79, 33.11, -1, -1, -1
91, 8, 274.98, 554.05, 42.34, 29.83, -1, -1, -1
91, 14, 700.81, 58.16, 39.25, 25.95, -1, -1, -1
92, 220, 1023.00, 806.00, 13.00, 47.00, -1, -1, -1
92, 139, 1620.00, 996.00, 42.00, 15.00, -1, -1, -1
92, 111, 1331.00, 1045.00, 31.00, 19.00, -1, -1, -1
92, 212, 433.00, 420.00, 32.00, 30.00, -1, -1, -1
92, 57, 889.00, 1021.00, 20.00, 21.00, -1, -1, -1
92, 59, 827.00, 963.00, 22.00, 19.00, -1, -1, -1
92, 205, 643.00, 931.00, 16.00, 14.00, -1, -1, -1
92, 207, 1245.00, 725.00, 14.00, 19.00, -1, -1, -1
92, 203, 249.00, 230.00, 41.00, 25.00, -1, -1, -1
92, 202, 229.00, 204.00, 18.00, 18.00, -1, -1, -1
92, 200, 983.00, 223.00, 15.00, 26.00, -1, -1, -1
92, 1, 645.62, 497.11, 106.87, 65.21, -1, -1, -1
92, 2, 1037.61, 99.62, 38.19, 86.45, -1, -1, -1
92, 5, 1161.64, 730.41, 67.84, 59.99, -1, -1, -1
92, 6, 763.28, 12.99, 77.72, 50.01, -1, -1, -1
92, 7, 1129.31, 313.25, 30.18, 47.51, -1, -1, -1
92, 9, 1050.89, 727.31, 40.29, 44.90, -1, -1, -1
92, 10, 4.95, 482.53, 19.10, 33.55, -1, -1, -1
92, 8, 273.78, 549.87, 40.50, 28.46, -1, -1, -1
92, 14, 703.27, 56.35, 34.05, 22.46, -1, -1, -1
93, 220, 1024.00, 792.00, 13.00, 47.00, -1, -1, -1
93, 139, 1619.00, 991.00, 42.00, 15.00, -1, -1, -1
93, 111, 1331.00, 1039.00, 31.00, 19.00, -1, -1, -1
93, 212, 433.00, 420.00, 32.00, 30.00, -1, -1, -1
93, 57, 889.00, 1021.00, 20.00, 21.00, -1, -1, -1
93, 59, 827.00, 963.00, 22.00, 19.00, -1, -1, -1
93, 205, 643.00, 925.00, 16.00, 15.00, -1, -1, -1
93, 207, 1245.00, 725.00, 14.00, 19.00, -1, -1, -1
93, 203, 249.00, 230.00, 41.00, 25.00, -1, -1, -1
93, 202, 226.00, 197.00, 18.00, 18.00, -1, -1, -1
93, 200, 983.00, 223.00, 15.00, 26.00, -1, -1, -1
93, 1, 644.99, 495.15, 106.13, 64.81, -1, -1, -1
93, 2, 1038.47, 100.29, 37.87, 86.14, -1, -1, -1
93, 5, 1160.65, 730.43, 67.79, 59.97, -1, -1, -1
93, 6, 763.68, 7.35, 73.32, 46.65, -1, -1, -1
93, 7, 1129.47, 313.00, 29.86, 46.94, -1, -1, -1
93, 9, 1050.94, 723.86, 41.40, 46.48, -1, -1, -1
93, 10, 3.08, 480.17, 20.71, 36.17, -1, -1, -1
93, 8, 271.00, 544.96, 43.36, 30.50, -1, -1, -1
93, 14, 701.88, 52.13, 36.24, 24.02, -1, -1, -1
94, 220, 1026.00, 779.00, 13.00, 47.00, -1, -1, -1
94, 139, 1619.00, 991.00, 42.00, 15.00, -1, -1, -1
94, 111, 1331.00, 1039.00, 31.00, 19.00, -1, -1, -1
94, 212, 433.00, 420.00, 32.00, 30.00, -1, -1, -1
94, 57, 889.00, 1021.00, 20.00, 21.00, -1, -1, -1
94, 59, 827.00, 963.00, 22.00, 19.00, -1, -1, -1
94, 205, 643.00, 925.00, 16.00, 15.00, -1, -1, -1
94, 207, 1245.00, 725.00, 14.00, 19.00, -1, -1, -1
94, 203, 248.00, 223.00, 41.00, 25.00, -1, -1, -1
94, 202, 226.00, 197.00, 18.00, 18.00, -1, -1, -1
94, 200, 983.00, 223.00, 15.00, 26.00, -1, -1, -1
94, 14, 699.00, 50.00, 39.00, 26.00, -1, -1, -1
94, 1, 643.83, 492.76, 105.81, 64.65, -1, -1, -1
94, 2, 1039.30, 100.91, 37.70, 86.14, -1, -1, -1
94, 5, 1159.92, 730.43, 67.61, 59.96, -1, -1, -1
94, 6, 770.60, 2.99, 71.40, 43.01, -1, -1, -1
94, 7, 1129.17, 313.43, 29.49, 46.22, -1, -1, -1
94, 9, 1052.82, 720.69, 39.07, 43.69, -1, -1, -1
94, 10, 2.68, 479.78, 20.67, 35.71, -1, -1, -1
94, 8, 270.39, 540.32, 42.91, 30.26, -1, -1, -1
95, 220, 1027.00, 765.00, 13.00, 47.00, -1, -1, -1
95, 139, 1619.00, 991.00, 42.00, 15.00, -1, -1, -1
95, 111, 1331.00, 1039.00, 31.00, 19.00, -1, -1, -1
95, 212, 433.00, 420.00, 32.00, 30.00, -1, -1, -1
95, 57, 890.00, 1015.00, 20.00, 21.00, -1, -1, -1
95, 59, 829.00, 958.00, 18.00, 19.00, -1, -1, -1
95, 205, 643.00, 925.00, 16.00, 15.00, -1, -1, -1
95, 207, 1245.00, 725.00, 14.00, 19.00, -1, -1, -1
95, 203, 248.00, 223.00, 41.00, 25.00, -1, -1, -1
95, 202, 222.00, 186.00, 18.00, 18.00, -1, -1, -1
95, 200, 983.00, 223.00, 15.00, 26.00, -1, -1, -1
95, 14, 697.00, 46.00, 39.00, 26.00, -1, -1, -1
95, 1, 642.48, 490.47, 105.65, 64.58, -1, -1, -1
95, 2, 1040.00, 100.63, 37.81, 86.87, -1, -1, -1
95, 5, 1158.27, 729.45, 68.42, 60.96, -1, -1, -1
95, 6, 763.61, 0.00, 72.09, 38.13, -1, -1, -1
95, 7, 1129.25, 313.85, 28.98, 45.19, -1, -1, -1
95, 9, 1053.12, 716.63, 38.96, 43.56, -1, -1, -1
95, 10, 2.05, 479.18, 20.36, 35.01, -1, -1, -1
95, 8, 269.97, 536.23, 42.70, 30.14, -1, -1, -1
96, 220, 1028.00, 751.00, 13.00, 47.00, -1, -1, -1
96, 139, 1619.00, 991.00, 42.00, 15.00, -1, -1, -1
96, 111, 1331.00, 1039.00, 31.00, 19.00, -1, -1, -1
96, 212, 433.00, 420.00, 32.00, 30.00, -1, -1, -1
96, 57, 890.00, 1015.00, 20.00, 21.00, -1, -1, -1
96, 59, 829.00, 958.00, 18.00, 19.00, -1, -1, -1
96, 205, 642.00, 920.00, 16.00, 15.00, -1, -1, -1
96, 207, 1245.00, 721.00, 14.00, 19.00, -1, -1, -1
96, 203, 248.00, 217.00, 41.00, 25.00, -1, -1, -1
96, 202, 222.00, 186.00, 18.00, 18.00, -1, -1, -1
96, 200, 983.00, 223.00, 15.00, 26.00, -1, -1, -1
96, 10, 2.00, 479.00, 20.00, 35.00, -1, -1, -1
96, 1, 641.04, 487.71, 105.55, 64.55, -1, -1, -1
96, 2, 1040.48, 101.13, 37.37, 86.53, -1, -1, -1
96, 5, 1157.26, 730.07, 67.60, 60.35, -1, -1, -1
96, 6, 772.33, 0.00, 59.61, 30.05, -1, -1, -1
96, 7, 1128.68, 313.53, 29.00, 45.05, -1, -1, -1
96, 9, 1053.60, 714.75, 38.17, 42.52, -1, -1, -1
96, 8, 270.97, 533.60, 38.64, 27.13, -1, -1, -1
96, 14, 697.14, 38.47, 38.51, 25.44, -1, -1, -1
97, 220, 1030.00, 738.00, 13.00, 47.00, -1, -1, -1
97, 139, 1619.00, 991.00, 42.00, 15.00, -1, -1, -1
97, 111, 1331.00, 1039.00, 31.00, 19.00, -1, -1, -1
97, 212, 426.00, 421.00, 32.00, 30.00, -1, -1, -1
97, 57, 890.00, 1015.00, 20.00, 21.00, -1, -1, -1
97, 59, 828.00, 953.00, 22.00, 24.00, -1, -1, -1
97, 205, 642.00, 920.00, 16.00, 15.00, -1, -1, -1
97, 207, 1245.00, 721.00, 14.00, 19.00, -1, -1, -1
97, 203, 248.00, 217.00, 41.00, 25.00, -1, -1, -1
97, 202, 220.00, 178.00, 18.00, 18.00, -1, -1, -1
97, 200, 986.00, 222.00, 15.00, 26.00, -1, -1, -1
97, 6, 772.33, 0.00, 59.61, 30.05, -1, -1, -1
97, 1, 639.54, 485.27, 105.56, 64.54, -1, -1, -1
97, 2, 1041.69, 100.94, 37.09, 86.89, -1, -1, -1
97, 5, 1155.98, 729.32, 67.22, 60.11, -1, -1, -1
97, 7, 1128.04, 311.92, 29.89, 46.49, -1, -1, -1
97, 9, 1052.60, 709.18, 41.18, 46.14, -1, -1, -1
97, 8, 268.99, 529.03, 41.44, 29.04, -1, -1, -1
97, 14, 696.45, 33.88, 39.82, 26.09, -1, -1, -1
97, 10, 0.93, 478.64, 19.80, 34.07, -1, -1, -1
98, 220, 1032.00, 723.00, 13.00, 47.00, -1, -1, -1
98, 139, 1619.00, 991.00, 42.00, 15.00, -1, -1, -1
98, 111, 1331.00, 1039.00, 31.00, 19.00, -1, -1, -1
98, 212, 426.00, 421.00, 32.00, 30.00, -1, -1, -1
98, 57, 890.00, 1009.00, 20.00, 21.00, -1, -1, -1
98, 59, 828.00, 953.00, 22.00, 24.00, -1, -1, -1
98, 205, 640.00, 914.00, 16.00, 15.00, -1, -1, -1
98, 207, 1247.00, 716.00, 14.00, 19.00, -1, -1, -1
98, 203, 239.00, 207.00, 45.00, 30.00, -1, -1, -1
98, 202, 220.00, 178.00, 18.00, 18.00, -1, -1, -1
98, 200, 986.00, 222.00, 15.00, 26.00, -1, -1, -1
98, 6, 772.33, -0.00, 40.67, 17.00, -1, -1, -1
98, 1, 638.06, 482.95, 105.50, 64.53, -1, -1, -1
98, 2, 1042.87, 102.09, 36.48, 86.27, -1, -1, -1
98, 5, 1154.58, 729.05, 67.02, 60.02, -1, -1, -1
98, 7, 1128.08, 312.07, 29.66, 46.05, -1, -1, -1
98, 9, 1052.54, 704.53, 42.64, 47.93, -1, -1, -1
98, 8, 268.20, 525.00, 42.35, 29.68, -1, -1, -1
98, 14, 696.24, 29.71, 39.74, 26.02, -1, -1, -1
98, 10, 0.82, 479.39, 18.84, 32.28, -1, -1, -1
99, 220, 1033.00, 708.00, 13.00, 47.00, -1, -1, -1
99, 139, 1617.00, 987.00, 42.00, 15.00, -1, -1, -1
99, 111, 1331.00, 1039.00, 31.00, 19.00, -1, -1, -1
99, 212, 426.00, 421.00, 32.00, 30.00, -1, -1, -1
99, 57, 890.00, 1009.00, 20.00, 21.00, -1, -1, -1
99, 59, 828.00, 953.00, 22.00, 24.00, -1, -1, -1
99, 205, 640.00, 914.00, 16.00, 15.00, -1, -1, -1
99, 207, 1247.00, 716.00, 14.00, 19.00, -1, -1, -1
99, 203, 239.00, 207.00, 45.00, 30.00, -1, -1, -1
99, 202, 216.00, 168.00, 18.00, 18.00, -1, -1, -1
99, 200, 986.00, 222.00, 15.00, 26.00, -1, -1, -1
99, 1, 636.58, 480.69, 105.45, 64.53, -1, -1, -1
99, 2, 1043.79, 102.40, 36.25, 86.53, -1, -1, -1
99, 5, 1152.17, 728.95, 67.84, 60.98, -1, -1, -1
99, 7, 1127.96, 311.16, 29.87, 46.37, -1, -1, -1
99, 9, 1053.55, 702.59, 43.04, 48.14, -1, -1, -1
99, 8, 268.31, 521.15, 38.77, 26.99, -1, -1, -1
99, 14, 695.92, 25.94, 40.72, 26.84, -1, -1, -1
99, 10, 0.10, 478.14, 19.34, 33.19, -1, -1, -1
