1,1,366,296,61,77,1,1,1
2,1,366,295,63,76,1,1,1
3,1,366,295,63,78,1,1,1
4,1,366,295,63,78,1,1,1
5,1,366,295,64,78,1,1,1
6,1,366,295,63,78,1,1,1
7,1,365,295,64,78,1,1,1
8,1,365,295,64,78,1,1,1
9,1,364,296,64,76,1,1,1
10,1,364,296,64,76,1,1,1
11,1,364,295,64,78,1,1,1
12,1,364,295,64,78,1,1,1
13,1,364,295,64,78,1,1,1
14,1,364,295,64,78,1,1,1
15,1,364,293,64,81,1,1,1
16,1,364,293,64,81,1,1,1
17,1,365,293,63,81,1,1,1
18,1,364,293,64,81,1,1,1
19,1,364,293,64,81,1,1,1
20,1,363,293,63,81,1,1,1
21,1,364,293,64,81,1,1,1
22,1,364,294,60,80,1,1,1
23,1,364,293,62,81,1,1,1
24,1,363,293,63,81,1,1,1
25,1,364,293,62,81,1,1,1
26,1,364,293,62,81,1,1,1
27,1,364,293,62,81,1,1,1
28,1,364,295,62,81,1,1,1
29,1,362,295,62,81,1,1,1
30,1,362,295,62,81,1,1,1
31,1,364,295,60,81,1,1,1
32,1,362,295,62,81,1,1,1
33,1,362,295,62,81,1,1,1
34,1,364,293,60,81,1,1,1
35,1,363,293,60,81,1,1,1
36,1,363,292,60,83,1,1,1
37,1,363,292,60,83,1,1,1
38,1,363,293,60,81,1,1,1
39,1,363,292,60,83,1,1,1
40,1,363,292,60,83,1,1,1
41,1,363,293,60,81,1,1,1
42,1,363,293,60,81,1,1,1
43,1,363,294,59,80,1,1,1
44,1,363,293,59,81,1,1,1
45,1,363,293,59,81,1,1,1
46,1,363,296,57,80,1,1,1
47,1,361,295,59,81,1,1,1
48,1,361,296,59,80,1,1,1
49,1,362,296,57,80,1,1,1
50,1,363,295,57,81,1,1,1
51,1,362,295,57,81,1,1,1
52,1,361,295,59,81,1,1,1
53,1,361,295,59,81,1,1,1
54,1,361,294,59,83,1,1,1
55,1,362,294,57,83,1,1,1
56,1,361,293,59,85,1,1,1
57,1,361,293,59,85,1,1,1
58,1,361,293,59,85,1,1,1
59,1,361,293,59,85,1,1,1
60,1,361,293,60,85,1,1,1
61,1,360,293,59,85,1,1,1
62,1,360,293,59,85,1,1,1
63,1,361,293,57,85,1,1,1
64,1,360,296,56,81,1,1,1
65,1,361,297,55,81,1,1,1
66,1,360,296,57,83,1,1,1
67,1,361,296,56,83,1,1,1
68,1,360,296,56,83,1,1,1
69,1,360,296,56,83,1,1,1
70,1,360,296,56,83,1,1,1
71,1,360,296,56,83,1,1,1
72,1,360,296,56,83,1,1,1
73,1,360,296,56,83,1,1,1
74,1,360,295,56,85,1,1,1
75,1,360,295,56,83,1,1,1
76,1,360,296,56,83,1,1,1
77,1,360,296,56,83,1,1,1
78,1,359,296,55,83,1,1,1
79,1,359,296,55,83,1,1,1
80,1,360,296,56,83,1,1,1
81,1,359,296,55,83,1,1,1
82,1,359,295,55,85,1,1,1
83,1,359,295,55,85,1,1,1
84,1,360,295,56,85,1,1,1
85,1,359,295,55,85,1,1,1
86,1,359,296,55,83,1,1,1
87,1,358,297,55,83,1,1,1
88,1,358,297,55,83,1,1,1
89,1,359,305,51,74,1,1,1
90,1,359,298,54,81,1,1,1
91,1,359,298,54,81,1,1,1
92,1,359,298,52,81,1,1,1
93,1,359,297,52,83,1,1,1
94,1,359,297,54,83,1,1,1
95,1,359,298,52,81,1,1,1
96,1,359,300,52,81,1,1,1
97,1,359,300,52,81,1,1,1
98,1,357,300,54,81,1,1,1
99,1,358,301,52,80,1,1,1
100,1,358,300,52,81,1,1,1
101,1,358,297,52,83,1,1,1
102,1,358,297,52,83,1,1,1
103,1,358,296,52,87,1,1,1
104,1,357,295,54,88,1,1,1
105,1,358,297,52,83,1,1,1
106,1,358,300,52,81,1,1,1
107,1,358,300,52,81,1,1,1
108,1,358,305,49,78,1,1,1
109,1,358,306,49,76,1,1,1
110,1,357,309,48,74,1,1,1
111,1,357,300,51,81,1,1,1
112,1,358,304,49,76,1,1,1
113,1,358,300,52,81,1,1,1
114,1,358,301,52,80,1,1,1
115,1,358,304,49,76,1,1,1
116,1,358,299,52,83,1,1,1
117,1,357,300,51,81,1,1,1
118,1,357,297,51,83,1,1,1
119,1,357,297,51,83,1,1,1
120,1,358,297,52,83,1,1,1
121,1,358,297,52,83,1,1,1
122,1,358,297,52,83,1,1,1
123,1,357,297,51,83,1,1,1
124,1,357,296,52,85,1,1,1
125,1,357,297,52,83,1,1,1
126,1,356,296,52,85,1,1,1
127,1,357,297,52,83,1,1,1
128,1,357,297,52,83,1,1,1
129,1,357,298,52,81,1,1,1
130,1,356,298,52,81,1,1,1
131,1,356,298,54,81,1,1,1
132,1,356,299,52,83,1,1,1
133,1,356,299,52,83,1,1,1
134,1,356,299,52,83,1,1,1
135,1,356,298,52,81,1,1,1
136,1,356,299,54,83,1,1,1
137,1,356,299,54,83,1,1,1
138,1,356,299,54,83,1,1,1
139,1,356,299,54,83,1,1,1
140,1,356,299,54,83,1,1,1
141,1,356,299,54,83,1,1,1
142,1,356,299,54,83,1,1,1
143,1,356,299,54,83,1,1,1
144,1,355,299,55,83,1,1,1
145,1,356,299,54,83,1,1,1
146,1,355,299,55,83,1,1,1
147,1,355,299,55,83,1,1,1
148,1,355,299,55,83,1,1,1
149,1,356,299,54,83,1,1,1
150,1,355,299,55,83,1,1,1
151,1,356,299,54,83,1,1,1
152,1,355,299,55,83,1,1,1
153,1,356,301,54,83,1,1,1
154,1,355,301,55,83,1,1,1
155,1,355,301,55,83,1,1,1
156,1,355,301,55,83,1,1,1
157,1,356,301,56,83,1,1,1
158,1,355,301,55,83,1,1,1
159,1,354,303,56,83,1,1,1
160,1,354,303,56,85,1,1,1
161,1,354,303,56,83,1,1,1
162,1,354,302,56,85,1,1,1
163,1,354,303,56,83,1,1,1
164,1,354,303,57,87,1,1,1
165,1,353,303,59,87,1,1,1
166,1,353,304,59,85,1,1,1
167,1,354,304,56,83,1,1,1
168,1,353,304,59,83,1,1,1
169,1,353,304,59,85,1,1,1
170,1,354,304,57,83,1,1,1
171,1,354,304,57,83,1,1,1
172,1,354,304,57,83,1,1,1
173,1,352,304,59,85,1,1,1
174,1,352,305,60,90,1,1,1
175,1,352,306,59,88,1,1,1
176,1,352,307,59,88,1,1,1
177,1,350,307,60,85,1,1,1
178,1,351,308,57,87,1,1,1
179,1,352,307,56,81,1,1,1
180,1,352,307,56,81,1,1,1
181,1,354,308,56,80,1,1,1
182,1,354,308,56,80,1,1,1
183,1,353,307,56,81,1,1,1
184,1,354,307,56,78,1,1,1
185,1,355,308,56,80,1,1,1
186,1,353,306,59,81,1,1,1
187,1,356,306,56,81,1,1,1
188,1,354,306,56,81,1,1,1
189,1,353,307,56,81,1,1,1
190,1,353,307,56,81,1,1,1
191,1,354,306,57,83,1,1,1
192,1,354,306,57,83,1,1,1
193,1,354,306,57,83,1,1,1
194,1,353,306,57,83,1,1,1
195,1,353,307,56,81,1,1,1
196,1,353,307,56,81,1,1,1
197,1,354,306,56,83,1,1,1
198,1,352,306,59,83,1,1,1
199,1,354,306,56,83,1,1,1
200,1,354,306,56,83,1,1,1
201,1,354,305,55,85,1,1,1
202,1,355,306,54,83,1,1,1
203,1,355,304,54,85,1,1,1
204,1,355,305,54,85,1,1,1
205,1,355,305,52,85,1,1,1
206,1,354,305,55,85,1,1,1
207,1,355,305,52,85,1,1,1
208,1,355,304,52,85,1,1,1
209,1,355,304,54,85,1,1,1
210,1,355,304,54,85,1,1,1
211,1,355,304,52,83,1,1,1
212,1,355,304,52,83,1,1,1
213,1,354,304,52,85,1,1,1
214,1,354,303,52,85,1,1,1
215,1,354,303,52,85,1,1,1
216,1,355,303,52,85,1,1,1
217,1,354,302,52,85,1,1,1
218,1,355,303,51,83,1,1,1
219,1,355,302,49,85,1,1,1
220,1,356,302,48,85,1,1,1
221,1,356,303,48,85,1,1,1
222,1,356,302,48,85,1,1,1
223,1,356,303,48,85,1,1,1
224,1,355,301,47,87,1,1,1
225,1,355,300,47,88,1,1,1
226,1,354,300,47,88,1,1,1
227,1,354,299,47,90,1,1,1
228,1,354,301,45,90,1,1,1
229,1,355,301,44,87,1,1,1
230,1,355,302,43,88,1,1,1
231,1,355,301,44,87,1,1,1
232,1,355,301,43,85,1,1,1
233,1,355,300,44,88,1,1,1
234,1,355,300,44,88,1,1,1
235,1,355,300,44,88,1,1,1
236,1,355,300,44,87,1,1,1
237,1,355,300,44,87,1,1,1
238,1,355,300,44,87,1,1,1
239,1,356,301,43,86,1,1,1
240,1,356,301,36,86,1,1,1
241,1,356,300,36,86,1,1,1
242,1,356,300,36,86,1,1,1
243,1,357,301,36,86,1,1,1
244,1,356,300,36,87,1,1,1
245,1,357,299,36,87,1,1,1
246,1,357,299,36,87,1,1,1
247,1,357,299,36,87,1,1,1
248,1,357,301,35,84,1,1,1
249,1,356,301,40,82,1,1,1
250,1,356,301,40,82,1,1,1
251,1,356,301,40,82,1,1,1
252,1,356,301,40,82,1,1,1
253,1,356,301,40,91,1,1,1
254,1,356,301,40,91,1,1,1
255,1,356,301,40,91,1,1,1
256,1,356,301,40,91,1,1,1
257,1,356,301,40,91,1,1,1
258,1,356,301,40,91,1,1,1
259,1,356,300,41,92,1,1,1
260,1,356,300,40,92,1,1,1
261,1,356,300,41,93,1,1,1
262,1,352,299,45,99,1,1,1
263,1,352,299,45,99,1,1,1
264,1,352,299,45,99,1,1,1
265,1,352,299,45,100,1,1,1
266,1,352,310,51,87,1,1,1
267,1,352,310,51,87,1,1,1
268,1,352,310,51,88,1,1,1
269,1,352,309,51,88,1,1,1
270,1,352,309,51,88,1,1,1
271,1,352,309,52,88,1,1,1
272,1,352,309,52,88,1,1,1
273,1,352,309,52,88,1,1,1
274,1,351,309,52,88,1,1,1
275,1,351,310,52,88,1,1,1
276,1,351,309,52,88,1,1,1
277,1,351,318,53,81,1,1,1
278,1,351,318,53,81,1,1,1
279,1,351,318,53,81,1,1,1
280,1,351,318,53,81,1,1,1
281,1,351,317,54,82,1,1,1
282,1,351,317,48,82,1,1,1
283,1,351,317,48,82,1,1,1
284,1,351,317,48,82,1,1,1
285,1,351,317,48,82,1,1,1
286,1,352,314,49,85,1,1,1
287,1,352,314,48,85,1,1,1
288,1,352,314,48,85,1,1,1
289,1,352,313,48,87,1,1,1
290,1,352,314,48,85,1,1,1
291,1,352,315,48,87,1,1,1
292,1,350,315,48,87,1,1,1
293,1,350,316,45,85,1,1,1
294,1,350,315,45,87,1,1,1
295,1,350,315,44,87,1,1,1
296,1,350,315,44,87,1,1,1
297,1,350,315,44,87,1,1,1
298,1,349,317,43,87,1,1,1
299,1,350,315,42,88,1,1,1
300,1,350,316,42,88,1,1,1
301,1,350,314,42,90,1,1,1
302,1,350,316,42,88,1,1,1
303,1,350,313,42,92,1,1,1
304,1,350,315,42,90,1,1,1
305,1,350,313,42,92,1,1,1
306,1,350,312,42,92,1,1,1
307,1,350,313,42,92,1,1,1
308,1,349,313,40,92,1,1,1
309,1,350,314,37,92,1,1,1
310,1,350,320,32,85,1,1,1
311,1,349,315,35,90,1,1,1
312,1,349,317,35,90,1,1,1
313,1,349,316,35,92,1,1,1
314,1,350,317,32,90,1,1,1
315,1,350,316,33,92,1,1,1
316,1,349,318,33,88,1,1,1
317,1,348,330,32,78,1,1,1
318,1,348,329,32,80,1,1,1
319,1,348,330,32,78,1,1,1
320,1,348,327,32,81,1,1,1
321,1,348,328,32,81,1,1,1
322,1,349,319,32,90,1,1,1
323,1,348,328,32,81,1,1,1
324,1,348,328,32,81,1,1,1
325,1,348,318,32,92,1,1,1
326,1,348,318,33,92,1,1,1
327,1,348,318,33,92,1,1,1
328,1,348,320,32,90,1,1,1
329,1,347,317,35,94,1,1,1
330,1,347,319,35,92,1,1,1
331,1,347,317,35,94,1,1,1
332,1,348,316,35,96,1,1,1
333,1,346,314,36,97,1,1,1
334,1,346,314,36,97,1,1,1
335,1,346,314,36,97,1,1,1
336,1,347,316,35,96,1,1,1
337,1,347,315,35,97,1,1,1
338,1,347,316,35,96,1,1,1
339,1,346,316,36,96,1,1,1
340,1,347,318,35,94,1,1,1
341,1,346,316,36,96,1,1,1
342,1,347,318,35,94,1,1,1
343,1,347,318,33,96,1,1,1
344,1,347,318,33,96,1,1,1
345,1,347,319,33,94,1,1,1
346,1,345,318,35,96,1,1,1
347,1,347,319,33,94,1,1,1
348,1,346,319,36,94,1,1,1
349,1,346,319,36,94,1,1,1
350,1,346,318,36,96,1,1,1
351,1,346,318,36,96,1,1,1
352,1,346,318,36,96,1,1,1
353,1,346,320,36,94,1,1,1
354,1,346,320,36,94,1,1,1
355,1,346,320,36,96,1,1,1
356,1,346,321,36,96,1,1,1
357,1,346,321,36,96,1,1,1
358,1,346,321,36,96,1,1,1
359,1,346,322,36,94,1,1,1
360,1,346,322,36,94,1,1,1
361,1,346,322,36,94,1,1,1
362,1,346,322,36,94,1,1,1
363,1,346,322,36,94,1,1,1
364,1,346,321,36,96,1,1,1
365,1,346,322,36,94,1,1,1
366,1,346,322,36,94,1,1,1
367,1,344,324,36,94,1,1,1
368,1,344,324,36,94,1,1,1
369,1,344,324,36,94,1,1,1
370,1,344,324,36,94,1,1,1
371,1,344,324,36,94,1,1,1
372,1,344,324,36,94,1,1,1
373,1,344,324,36,94,1,1,1
374,1,344,325,36,94,1,1,1
375,1,344,325,36,94,1,1,1
376,1,345,325,37,96,1,1,1
377,1,344,326,36,94,1,1,1
378,1,344,326,36,94,1,1,1
379,1,344,326,36,94,1,1,1
380,1,345,326,37,94,1,1,1
381,1,344,326,36,94,1,1,1
382,1,345,328,37,92,1,1,1
383,1,345,328,37,94,1,1,1
384,1,345,328,37,92,1,1,1
385,1,345,328,37,92,1,1,1
386,1,345,330,37,92,1,1,1
387,1,345,328,39,92,1,1,1
388,1,345,330,37,92,1,1,1
389,1,345,330,37,92,1,1,1
390,1,345,330,37,92,1,1,1
391,1,345,330,37,92,1,1,1
392,1,343,330,39,92,1,1,1
393,1,343,330,39,92,1,1,1
394,1,343,330,39,92,1,1,1
395,1,344,330,37,92,1,1,1
396,1,344,330,40,92,1,1,1
397,1,344,330,40,92,1,1,1
398,1,344,331,37,90,1,1,1
399,1,343,331,36,90,1,1,1
400,1,343,330,39,92,1,1,1
401,1,344,330,37,92,1,1,1
402,1,344,330,37,92,1,1,1
403,1,343,330,39,92,1,1,1
404,1,344,329,37,94,1,1,1
405,1,343,329,36,94,1,1,1
406,1,344,329,37,94,1,1,1
407,1,344,330,37,92,1,1,1
408,1,343,329,36,94,1,1,1
409,1,343,329,36,94,1,1,1
410,1,344,329,37,94,1,1,1
411,1,343,329,36,94,1,1,1
412,1,344,331,35,94,1,1,1
413,1,344,331,35,94,1,1,1
414,1,344,331,35,94,1,1,1
415,1,343,331,33,94,1,1,1
416,1,343,331,33,94,1,1,1
417,1,343,331,33,94,1,1,1
418,1,344,331,32,94,1,1,1
419,1,343,332,33,92,1,1,1
420,1,343,331,35,94,1,1,1
421,1,342,331,32,94,1,1,1
422,1,343,331,33,94,1,1,1
423,1,342,331,32,94,1,1,1
424,1,342,329,32,97,1,1,1
425,1,343,329,32,97,1,1,1
426,1,343,329,32,97,1,1,1
427,1,343,331,32,94,1,1,1
428,1,343,329,32,97,1,1,1
429,1,342,330,31,96,1,1,1
430,1,342,330,31,96,1,1,1
431,1,342,330,31,96,1,1,1
432,1,342,330,31,96,1,1,1
433,1,342,330,30,96,1,1,1
434,1,342,330,30,96,1,1,1
435,1,343,330,28,96,1,1,1
436,1,341,331,30,94,1,1,1
437,1,341,332,30,96,1,1,1
438,1,341,332,30,96,1,1,1
439,1,342,332,28,96,1,1,1
440,1,342,330,28,97,1,1,1
441,1,342,332,28,96,1,1,1
442,1,342,333,28,94,1,1,1
443,1,342,333,28,94,1,1,1
444,1,342,332,28,96,1,1,1
445,1,340,334,28,94,1,1,1
446,1,340,334,28,94,1,1,1
447,1,340,334,28,96,1,1,1
448,1,340,333,30,97,1,1,1
449,1,340,332,28,96,1,1,1
450,1,341,332,28,96,1,1,1
451,1,340,335,28,94,1,1,1
452,1,340,336,28,92,1,1,1
453,1,341,348,28,81,1,1,1
454,1,340,352,28,76,1,1,1
455,1,340,352,28,76,1,1,1
456,1,340,350,28,81,1,1,1
457,1,340,344,30,85,1,1,1
458,1,340,338,30,90,1,1,1
459,1,340,339,28,92,1,1,1
460,1,340,339,30,92,1,1,1
461,1,338,337,31,92,1,1,1
462,1,340,337,30,92,1,1,1
463,1,338,337,31,92,1,1,1
464,1,338,337,31,92,1,1,1
465,1,338,337,31,92,1,1,1
466,1,338,337,31,92,1,1,1
467,1,338,337,31,92,1,1,1
468,1,338,339,31,92,1,1,1
469,1,337,337,32,92,1,1,1
470,1,337,338,32,94,1,1,1
471,1,337,338,32,94,1,1,1
472,1,337,339,32,92,1,1,1
473,1,337,338,32,94,1,1,1
474,1,337,338,32,94,1,1,1
475,1,337,338,32,94,1,1,1
476,1,337,339,32,92,1,1,1
477,1,337,338,32,94,1,1,1
478,1,337,339,32,92,1,1,1
479,1,337,339,32,92,1,1,1
480,1,338,338,32,94,1,1,1
481,1,338,338,32,94,1,1,1
482,1,338,338,32,94,1,1,1
483,1,338,339,32,92,1,1,1
484,1,338,339,32,92,1,1,1
485,1,338,339,32,92,1,1,1
486,1,338,339,32,92,1,1,1
487,1,338,339,32,92,1,1,1
488,1,338,338,32,94,1,1,1
489,1,336,340,33,94,1,1,1
490,1,336,338,33,94,1,1,1
491,1,336,340,33,94,1,1,1
492,1,336,340,35,94,1,1,1
493,1,336,340,35,94,1,1,1
494,1,336,341,35,92,1,1,1
495,1,336,340,35,94,1,1,1
496,1,336,340,35,94,1,1,1
497,1,336,340,35,94,1,1,1
498,1,337,340,36,94,1,1,1
499,1,337,340,36,94,1,1,1
500,1,337,340,36,94,1,1,1
501,1,336,339,36,96,1,1,1
502,1,336,337,36,97,1,1,1
503,1,336,339,37,96,1,1,1
504,1,336,339,37,96,1,1,1
505,1,336,339,37,96,1,1,1
506,1,336,342,37,94,1,1,1
507,1,336,342,37,94,1,1,1
508,1,336,342,37,94,1,1,1
509,1,335,342,39,94,1,1,1
510,1,335,342,39,94,1,1,1
511,1,335,342,39,94,1,1,1
512,1,335,343,39,92,1,1,1
513,1,336,342,40,94,1,1,1
514,1,336,344,40,92,1,1,1
515,1,336,342,40,94,1,1,1
516,1,336,342,40,94,1,1,1
517,1,336,344,40,94,1,1,1
518,1,336,343,40,94,1,1,1
519,1,336,344,40,94,1,1,1
520,1,336,344,40,94,1,1,1
521,1,336,343,40,94,1,1,1
522,1,334,343,40,94,1,1,1
523,1,334,344,40,94,1,1,1
524,1,334,344,40,94,1,1,1
525,1,334,344,40,94,1,1,1
526,1,334,344,40,94,1,1,1
527,1,334,344,40,94,1,1,1
528,1,334,344,40,94,1,1,1
529,1,334,343,40,96,1,1,1
530,1,334,344,40,94,1,1,1
531,1,334,344,40,94,1,1,1
532,1,334,344,40,94,1,1,1
533,1,334,346,40,92,1,1,1
534,1,334,346,40,92,1,1,1
535,1,334,346,40,92,1,1,1
536,1,334,346,40,92,1,1,1
537,1,334,346,40,92,1,1,1
538,1,334,346,40,92,1,1,1
539,1,335,346,40,92,1,1,1
540,1,335,346,40,92,1,1,1
541,1,335,346,40,92,1,1,1
542,1,334,346,40,92,1,1,1
543,1,334,346,40,92,1,1,1
544,1,334,346,40,92,1,1,1
545,1,334,346,40,92,1,1,1
546,1,334,347,40,94,1,1,1
547,1,334,347,40,94,1,1,1
548,1,334,347,40,94,1,1,1
549,1,334,347,40,94,1,1,1
550,1,334,348,40,92,1,1,1
551,1,334,348,40,92,1,1,1
552,1,334,347,40,94,1,1,1
553,1,334,348,40,92,1,1,1
554,1,332,347,42,94,1,1,1
555,1,334,347,40,94,1,1,1
556,1,334,347,40,94,1,1,1
557,1,332,347,42,94,1,1,1
558,1,332,347,42,94,1,1,1
559,1,332,347,42,94,1,1,1
560,1,333,349,40,94,1,1,1
561,1,332,347,42,94,1,1,1
562,1,333,349,40,94,1,1,1
563,1,333,349,40,94,1,1,1
564,1,333,349,40,94,1,1,1
565,1,332,347,42,94,1,1,1
566,1,332,347,42,94,1,1,1
567,1,333,345,44,97,1,1,1
568,1,331,345,44,97,1,1,1
569,1,331,347,43,94,1,1,1
570,1,331,349,43,94,1,1,1
571,1,332,350,42,92,1,1,1
572,1,331,350,42,92,1,1,1
573,1,331,350,42,92,1,1,1
574,1,331,350,42,92,1,1,1
575,1,331,350,43,92,1,1,1
576,1,331,350,43,92,1,1,1
577,1,331,350,43,92,1,1,1
578,1,331,352,42,90,1,1,1
579,1,331,351,43,92,1,1,1
580,1,331,349,43,94,1,1,1
581,1,331,351,42,92,1,1,1
582,1,331,351,42,92,1,1,1
583,1,331,351,42,92,1,1,1
584,1,331,349,43,94,1,1,1
585,1,331,351,42,92,1,1,1
586,1,331,352,42,92,1,1,1
587,1,331,351,42,92,1,1,1
588,1,331,351,43,94,1,1,1
589,1,331,351,43,94,1,1,1
590,1,330,352,42,92,1,1,1
591,1,331,352,43,92,1,1,1
592,1,330,352,42,92,1,1,1
593,1,330,352,42,92,1,1,1
594,1,331,352,43,92,1,1,1
595,1,331,352,43,92,1,1,1
596,1,331,352,43,92,1,1,1
597,1,331,352,43,92,1,1,1
598,1,331,352,43,92,1,1,1
599,1,331,352,43,92,1,1,1
600,1,331,352,43,92,1,1,1
601,1,330,352,44,92,1,1,1
602,1,331,352,43,92,1,1,1
603,1,331,351,43,94,1,1,1
604,1,331,351,43,94,1,1,1
605,1,331,351,43,94,1,1,1
606,1,331,351,43,94,1,1,1
607,1,331,351,43,94,1,1,1
608,1,331,351,43,94,1,1,1
609,1,330,352,42,94,1,1,1
610,1,330,352,42,94,1,1,1
611,1,329,352,43,94,1,1,1
612,1,329,353,43,92,1,1,1
613,1,329,352,43,94,1,1,1
614,1,329,352,43,94,1,1,1
615,1,330,352,44,94,1,1,1
616,1,330,352,44,94,1,1,1
617,1,330,352,44,94,1,1,1
618,1,330,354,44,94,1,1,1
619,1,331,353,43,92,1,1,1
620,1,331,353,43,92,1,1,1
621,1,331,353,43,92,1,1,1
622,1,331,354,43,94,1,1,1
623,1,331,354,43,94,1,1,1
624,1,331,354,43,94,1,1,1
625,1,331,354,43,94,1,1,1
626,1,331,355,43,92,1,1,1
627,1,331,355,43,92,1,1,1
628,1,330,355,44,92,1,1,1
629,1,331,355,43,92,1,1,1
630,1,331,355,43,92,1,1,1
631,1,330,354,44,94,1,1,1
632,1,330,354,44,94,1,1,1
633,1,330,355,44,92,1,1,1
634,1,330,355,44,92,1,1,1
635,1,330,354,44,94,1,1,1
636,1,330,355,44,92,1,1,1
637,1,330,355,44,92,1,1,1
638,1,330,355,44,92,1,1,1
639,1,330,355,44,92,1,1,1
640,1,330,355,44,92,1,1,1
641,1,330,355,44,92,1,1,1
642,1,330,357,44,92,1,1,1
643,1,330,357,44,92,1,1,1
644,1,330,357,44,92,1,1,1
645,1,330,358,44,90,1,1,1
646,1,330,358,44,90,1,1,1
647,1,330,358,44,90,1,1,1
648,1,330,358,44,90,1,1,1
649,1,330,357,44,92,1,1,1
650,1,330,359,44,90,1,1,1
651,1,330,359,44,90,1,1,1
652,1,330,359,44,90,1,1,1
653,1,330,359,44,90,1,1,1
654,1,330,360,44,90,1,1,1
655,1,329,360,43,88,1,1,1
656,1,330,360,44,90,1,1,1
657,1,328,360,44,90,1,1,1
658,1,330,360,44,90,1,1,1
659,1,330,360,44,88,1,1,1
660,1,330,360,44,88,1,1,1
661,1,330,360,44,88,1,1,1
662,1,330,360,44,90,1,1,1
663,1,330,360,44,88,1,1,1
664,1,328,360,44,88,1,1,1
665,1,330,360,44,90,1,1,1
666,1,330,360,44,88,1,1,1
667,1,330,360,44,88,1,1,1
668,1,330,360,44,90,1,1,1
669,1,330,360,44,90,1,1,1
670,1,330,360,44,90,1,1,1
671,1,330,362,44,88,1,1,1
672,1,330,360,44,90,1,1,1
673,1,330,362,44,88,1,1,1
674,1,330,362,44,88,1,1,1
675,1,330,362,44,88,1,1,1
676,1,329,362,43,88,1,1,1
677,1,330,362,44,88,1,1,1
678,1,330,362,44,88,1,1,1
679,1,330,362,44,88,1,1,1
680,1,330,362,44,88,1,1,1
681,1,330,362,44,88,1,1,1
682,1,330,361,44,90,1,1,1
683,1,330,362,44,88,1,1,1
684,1,330,361,44,90,1,1,1
685,1,329,361,43,90,1,1,1
686,1,330,361,44,90,1,1,1
687,1,330,362,44,88,1,1,1
688,1,329,362,43,88,1,1,1
689,1,329,361,44,90,1,1,1
690,1,329,361,43,90,1,1,1
691,1,329,361,43,90,1,1,1
692,1,329,361,44,90,1,1,1
693,1,329,361,44,90,1,1,1
694,1,328,361,43,90,1,1,1
695,1,328,361,43,90,1,1,1
696,1,329,361,44,90,1,1,1
697,1,329,361,44,90,1,1,1
698,1,328,361,43,90,1,1,1
699,1,328,361,43,90,1,1,1
700,1,328,361,43,90,1,1,1
701,1,329,361,42,90,1,1,1
702,1,327,361,42,90,1,1,1
703,1,328,361,40,90,1,1,1
704,1,328,361,40,90,1,1,1
705,1,328,361,40,90,1,1,1
706,1,327,361,39,90,1,1,1
707,1,328,361,36,90,1,1,1
708,1,328,361,36,90,1,1,1
709,1,328,361,35,90,1,1,1
710,1,328,361,35,90,1,1,1
711,1,328,360,35,92,1,1,1
712,1,328,361,33,90,1,1,1
713,1,328,361,32,90,1,1,1
714,1,328,361,32,90,1,1,1
715,1,326,364,32,88,1,1,1
716,1,326,363,32,90,1,1,1
717,1,328,360,32,92,1,1,1
718,1,326,360,32,92,1,1,1
719,1,326,360,32,92,1,1,1
720,1,326,360,32,92,1,1,1
721,1,326,360,32,92,1,1,1
722,1,326,360,32,92,1,1,1
723,1,326,360,32,92,1,1,1
724,1,327,362,33,92,1,1,1
725,1,326,362,32,92,1,1,1
726,1,327,362,33,92,1,1,1
727,1,327,362,33,92,1,1,1
728,1,327,362,33,92,1,1,1
729,1,327,363,35,90,1,1,1
730,1,328,362,33,92,1,1,1
731,1,327,362,35,92,1,1,1
732,1,326,362,36,92,1,1,1
733,1,326,364,36,92,1,1,1
734,1,326,363,36,94,1,1,1
735,1,326,364,36,92,1,1,1
736,1,326,363,36,94,1,1,1
737,1,326,364,36,92,1,1,1
738,1,327,366,36,92,1,1,1
739,1,326,365,39,90,1,1,1
740,1,326,367,39,90,1,1,1
741,1,326,366,39,92,1,1,1
742,1,326,367,39,90,1,1,1
743,1,327,366,40,92,1,1,1
744,1,326,366,40,92,1,1,1
745,1,326,366,40,92,1,1,1
746,1,326,366,40,92,1,1,1
747,1,326,366,40,92,1,1,1
748,1,326,368,40,90,1,1,1
749,1,327,366,43,92,1,1,1
750,1,327,366,43,92,1,1,1
751,1,326,368,42,90,1,1,1
752,1,326,368,42,90,1,1,1
753,1,326,368,42,90,1,1,1
754,1,326,368,42,92,1,1,1
755,1,326,368,42,90,1,1,1
756,1,327,368,43,90,1,1,1
757,1,326,368,44,90,1,1,1
758,1,327,368,43,90,1,1,1
759,1,327,368,43,92,1,1,1
760,1,326,369,44,90,1,1,1
761,1,326,370,44,90,1,1,1
762,1,325,370,43,90,1,1,1
763,1,325,370,43,90,1,1,1
764,1,325,370,43,90,1,1,1
765,1,326,369,42,92,1,1,1
766,1,326,369,42,92,1,1,1
767,1,326,369,42,92,1,1,1
768,1,326,369,42,92,1,1,1
769,1,326,369,42,92,1,1,1
770,1,326,369,40,92,1,1,1
771,1,326,369,40,92,1,1,1
772,1,326,369,40,92,1,1,1
773,1,326,367,40,94,1,1,1
774,1,326,369,40,92,1,1,1
775,1,326,369,40,92,1,1,1
776,1,326,367,39,94,1,1,1
777,1,326,368,39,94,1,1,1
778,1,326,368,37,94,1,1,1
779,1,326,368,39,94,1,1,1
780,1,326,368,37,94,1,1,1
781,1,326,368,37,94,1,1,1
782,1,326,368,37,94,1,1,1
783,1,326,368,36,94,1,1,1
784,1,325,368,37,94,1,1,1
785,1,324,368,36,94,1,1,1
786,1,324,368,36,94,1,1,1
787,1,324,368,36,94,1,1,1
788,1,325,368,36,94,1,1,1
789,1,323,369,36,96,1,1,1
790,1,325,370,36,94,1,1,1
791,1,323,369,36,96,1,1,1
792,1,324,369,35,96,1,1,1
793,1,324,369,36,96,1,1,1
794,1,324,370,36,94,1,1,1
795,1,323,370,33,94,1,1,1
796,1,323,370,33,94,1,1,1
797,1,323,370,33,94,1,1,1
798,1,324,370,32,94,1,1,1
799,1,324,387,30,78,1,1,1
800,1,323,387,31,78,1,1,1
801,1,323,387,31,78,1,1,1
802,1,324,369,32,96,1,1,1
803,1,323,391,31,74,1,1,1
804,1,323,388,31,76,1,1,1
805,1,324,370,32,94,1,1,1
806,1,324,372,32,94,1,1,1
807,1,324,376,32,88,1,1,1
808,1,324,374,32,92,1,1,1
809,1,324,372,32,94,1,1,1
810,1,324,376,32,90,1,1,1
811,1,324,372,32,94,1,1,1
812,1,324,374,32,92,1,1,1
813,1,324,390,30,76,1,1,1
814,1,323,378,32,88,1,1,1
815,1,324,373,32,94,1,1,1
816,1,322,375,32,92,1,1,1
817,1,322,389,31,78,1,1,1
818,1,324,374,32,94,1,1,1
819,1,322,375,32,92,1,1,1
820,1,322,375,32,92,1,1,1
821,1,323,375,33,92,1,1,1
822,1,323,375,33,92,1,1,1
823,1,322,370,32,97,1,1,1
824,1,322,371,32,96,1,1,1
825,1,322,371,32,96,1,1,1
826,1,323,371,33,96,1,1,1
827,1,322,373,32,96,1,1,1
828,1,322,374,32,94,1,1,1
829,1,322,373,32,96,1,1,1
830,1,322,373,32,96,1,1,1
831,1,323,373,33,96,1,1,1
832,1,323,376,32,92,1,1,1
833,1,322,374,32,94,1,1,1
834,1,322,376,32,92,1,1,1
835,1,323,390,32,78,1,1,1
836,1,323,375,33,94,1,1,1
837,1,322,376,32,92,1,1,1
838,1,323,373,33,96,1,1,1
839,1,323,376,33,94,1,1,1
840,1,322,375,32,94,1,1,1
841,1,322,376,32,92,1,1,1
842,1,322,376,32,94,1,1,1
843,1,323,375,33,96,1,1,1
844,1,323,376,33,94,1,1,1
845,1,323,375,33,94,1,1,1
846,1,323,376,33,94,1,1,1
847,1,323,376,35,94,1,1,1
848,1,323,376,33,94,1,1,1
849,1,323,376,33,94,1,1,1
850,1,323,376,33,94,1,1,1
851,1,323,376,35,94,1,1,1
852,1,322,376,36,94,1,1,1
853,1,323,376,35,94,1,1,1
854,1,322,377,36,94,1,1,1
855,1,322,377,36,94,1,1,1
856,1,322,377,36,94,1,1,1
857,1,322,377,36,94,1,1,1
858,1,321,375,37,96,1,1,1
859,1,321,375,37,96,1,1,1
860,1,321,377,37,94,1,1,1
861,1,321,377,37,94,1,1,1
862,1,321,376,37,96,1,1,1
863,1,321,379,37,94,1,1,1
864,1,321,378,37,96,1,1,1
865,1,323,377,36,94,1,1,1
866,1,321,379,37,94,1,1,1
867,1,321,377,37,94,1,1,1
868,1,321,379,37,94,1,1,1
869,1,321,379,37,94,1,1,1
870,1,321,379,37,94,1,1,1
871,1,321,379,37,94,1,1,1
872,1,322,379,39,94,1,1,1
873,1,321,379,37,94,1,1,1
874,1,322,379,39,94,1,1,1
875,1,322,379,39,94,1,1,1
876,1,322,379,40,94,1,1,1
877,1,322,380,39,92,1,1,1
878,1,322,380,39,92,1,1,1
879,1,322,380,39,92,1,1,1
880,1,322,380,39,92,1,1,1
881,1,322,380,40,92,1,1,1
882,1,322,380,40,92,1,1,1
883,1,322,380,40,92,1,1,1
884,1,322,382,40,92,1,1,1
885,1,322,382,40,92,1,1,1
886,1,322,383,40,90,1,1,1
887,1,322,383,40,90,1,1,1
888,1,322,382,40,92,1,1,1
889,1,322,382,40,92,1,1,1
890,1,322,382,39,92,1,1,1
891,1,322,383,39,90,1,1,1
892,1,322,383,39,90,1,1,1
893,1,322,384,40,90,1,1,1
894,1,322,382,39,92,1,1,1
895,1,322,382,40,92,1,1,1
896,1,322,384,39,90,1,1,1
897,1,322,384,39,90,1,1,1
898,1,322,384,39,90,1,1,1
899,1,322,384,39,92,1,1,1
900,1,321,384,37,90,1,1,1
901,1,322,384,39,92,1,1,1
902,1,322,384,39,92,1,1,1
903,1,322,384,40,92,1,1,1
904,1,322,384,40,92,1,1,1
905,1,322,384,40,92,1,1,1
906,1,322,384,40,92,1,1,1
907,1,322,384,39,92,1,1,1
908,1,322,383,40,94,1,1,1
909,1,321,384,37,92,1,1,1
910,1,322,384,39,92,1,1,1
911,1,322,384,39,92,1,1,1
912,1,321,384,37,92,1,1,1
913,1,321,383,37,94,1,1,1
914,1,322,383,39,94,1,1,1
915,1,321,383,37,94,1,1,1
916,1,321,384,37,92,1,1,1
917,1,321,383,37,94,1,1,1
918,1,321,383,37,94,1,1,1
919,1,322,383,36,94,1,1,1
920,1,322,383,36,94,1,1,1
921,1,322,383,36,94,1,1,1
922,1,322,383,36,94,1,1,1
923,1,322,383,36,94,1,1,1
924,1,322,383,36,94,1,1,1
925,1,322,383,36,94,1,1,1
926,1,322,384,36,94,1,1,1
927,1,321,383,35,94,1,1,1
928,1,321,385,35,92,1,1,1
929,1,321,383,35,94,1,1,1
930,1,321,384,35,94,1,1,1
931,1,321,383,35,94,1,1,1
932,1,321,384,35,94,1,1,1
933,1,321,384,35,94,1,1,1
934,1,321,384,35,94,1,1,1
935,1,320,384,35,94,1,1,1
936,1,320,384,35,94,1,1,1
937,1,320,384,35,94,1,1,1
938,1,320,384,35,96,1,1,1
939,1,320,384,35,96,1,1,1
940,1,320,382,35,96,1,1,1
941,1,320,382,33,96,1,1,1
942,1,320,383,33,97,1,1,1
943,1,321,383,32,97,1,1,1
944,1,320,385,32,92,1,1,1
945,1,320,381,32,97,1,1,1
946,1,320,383,32,97,1,1,1
947,1,320,383,32,97,1,1,1
948,1,320,384,32,94,1,1,1
949,1,320,384,32,96,1,1,1
950,1,320,384,32,96,1,1,1
951,1,320,384,32,96,1,1,1
952,1,321,384,31,94,1,1,1
953,1,321,384,31,94,1,1,1
954,1,321,384,31,94,1,1,1
955,1,321,384,31,94,1,1,1
956,1,321,384,31,94,1,1,1
957,1,321,387,31,92,1,1,1
958,1,321,387,31,92,1,1,1
959,1,321,386,31,94,1,1,1
960,1,320,387,30,92,1,1,1
961,1,320,388,30,90,1,1,1
962,1,320,388,30,90,1,1,1
963,1,319,390,31,90,1,1,1
964,1,320,393,30,87,1,1,1
965,1,320,388,30,90,1,1,1
966,1,320,395,28,83,1,1,1
967,1,320,388,30,90,1,1,1
968,1,320,388,30,90,1,1,1
969,1,320,398,30,81,1,1,1
970,1,320,395,28,83,1,1,1
971,1,320,390,30,90,1,1,1
972,1,320,387,30,92,1,1,1
973,1,320,387,30,92,1,1,1
974,1,320,387,30,92,1,1,1
975,1,320,390,28,90,1,1,1
976,1,320,390,28,90,1,1,1
977,1,321,389,28,92,1,1,1
978,1,320,393,28,87,1,1,1
979,1,320,392,28,88,1,1,1
980,1,320,389,28,92,1,1,1
981,1,320,389,30,92,1,1,1
982,1,320,389,30,92,1,1,1
983,1,320,389,30,92,1,1,1
984,1,320,389,30,92,1,1,1
985,1,320,387,28,92,1,1,1
986,1,320,388,30,94,1,1,1
987,1,320,387,30,92,1,1,1
988,1,320,389,30,92,1,1,1
989,1,320,388,30,94,1,1,1
990,1,320,388,30,94,1,1,1
991,1,320,388,30,94,1,1,1
992,1,320,388,30,94,1,1,1
993,1,320,388,30,94,1,1,1
994,1,320,388,30,94,1,1,1
995,1,320,388,30,94,1,1,1
996,1,320,389,30,92,1,1,1
997,1,320,389,30,92,1,1,1
998,1,320,389,30,92,1,1,1
999,1,320,389,30,92,1,1,1
1000,1,320,389,30,92,1,1,1
1001,1,320,389,30,92,1,1,1
1002,1,320,389,30,92,1,1,1
1003,1,320,389,30,92,1,1,1
1004,1,320,389,28,92,1,1,1
1005,1,320,389,30,92,1,1,1
1006,1,320,389,30,92,1,1,1
1007,1,318,389,31,92,1,1,1
1008,1,320,389,30,92,1,1,1
1009,1,319,389,31,92,1,1,1
1010,1,320,390,30,92,1,1,1
1011,1,319,390,31,92,1,1,1
1012,1,319,390,31,92,1,1,1
1013,1,319,390,31,92,1,1,1
1014,1,319,390,31,92,1,1,1
1015,1,319,391,31,92,1,1,1
1016,1,319,390,31,92,1,1,1
1017,1,319,390,31,92,1,1,1
1018,1,319,390,31,92,1,1,1
1019,1,318,390,32,92,1,1,1
1020,1,318,391,32,92,1,1,1
1021,1,319,388,32,94,1,1,1
1022,1,320,391,32,92,1,1,1
1023,1,318,392,32,90,1,1,1
1024,1,319,391,33,92,1,1,1
1025,1,319,392,33,90,1,1,1
1026,1,320,392,33,90,1,1,1
1027,1,320,391,33,92,1,1,1
1028,1,318,391,36,92,1,1,1
1029,1,320,391,35,92,1,1,1
1030,1,319,391,36,92,1,1,1
1031,1,319,391,36,92,1,1,1
1032,1,319,393,36,90,1,1,1
1033,1,320,393,36,90,1,1,1
1034,1,320,393,36,90,1,1,1
1035,1,320,395,36,90,1,1,1
1036,1,320,393,37,90,1,1,1
1037,1,320,395,37,90,1,1,1
1038,1,320,396,37,88,1,1,1
1039,1,319,396,39,88,1,1,1
1040,1,320,396,40,88,1,1,1
1041,1,320,396,40,88,1,1,1
1042,1,320,396,40,88,1,1,1
1043,1,320,396,40,88,1,1,1
1044,1,320,398,40,88,1,1,1
1045,1,319,399,39,87,1,1,1
1046,1,319,399,39,87,1,1,1
1047,1,320,398,40,88,1,1,1
1048,1,320,398,40,88,1,1,1
1049,1,320,399,40,87,1,1,1
1050,1,320,398,40,88,1,1,1
1051,1,320,398,40,88,1,1,1
1052,1,320,398,40,88,1,1,1
1053,1,320,398,40,88,1,1,1
1054,1,320,398,40,88,1,1,1
1055,1,320,398,40,88,1,1,1
1056,1,321,398,39,88,1,1,1
1057,1,321,398,39,88,1,1,1
1058,1,320,398,40,88,1,1,1
1059,1,321,398,37,88,1,1,1
1060,1,321,398,37,88,1,1,1
1061,1,321,398,37,88,1,1,1
1062,1,321,398,37,88,1,1,1
1063,1,320,398,36,88,1,1,1
1064,1,320,397,36,90,1,1,1
1065,1,321,397,37,90,1,1,1
1066,1,321,397,37,90,1,1,1
1067,1,321,396,37,92,1,1,1
1068,1,320,397,36,90,1,1,1
1069,1,320,396,37,92,1,1,1
1070,1,320,396,36,92,1,1,1
1071,1,321,396,36,92,1,1,1
1072,1,321,396,36,92,1,1,1
1073,1,321,396,36,92,1,1,1
1074,1,321,396,36,92,1,1,1
1075,1,321,397,36,94,1,1,1
1076,1,320,396,35,92,1,1,1
1077,1,320,396,33,92,1,1,1
1078,1,320,396,33,92,1,1,1
1079,1,320,396,35,92,1,1,1
1080,1,321,396,32,92,1,1,1
1081,1,320,397,32,94,1,1,1
1082,1,320,397,32,94,1,1,1
1083,1,321,397,31,94,1,1,1
1084,1,321,397,31,94,1,1,1
1085,1,321,395,31,94,1,1,1
1086,1,321,396,31,96,1,1,1
1087,1,320,395,30,94,1,1,1
1088,1,319,395,31,94,1,1,1
1089,1,320,395,30,94,1,1,1
1090,1,320,396,30,96,1,1,1
1091,1,321,396,28,96,1,1,1
1092,1,320,396,28,96,1,1,1
1093,1,320,395,28,94,1,1,1
1094,1,320,397,27,94,1,1,1
1095,1,320,395,27,97,1,1,1
1096,1,320,395,27,97,1,1,1
1097,1,319,395,28,97,1,1,1
1098,1,319,395,28,97,1,1,1
1099,1,319,394,28,97,1,1,1
1100,1,319,394,27,97,1,1,1
1101,1,319,394,27,97,1,1,1
1102,1,320,395,26,97,1,1,1
1103,1,321,395,24,97,1,1,1
1104,1,319,395,26,97,1,1,1
1105,1,320,395,24,97,1,1,1
1106,1,320,395,24,97,1,1,1
1107,1,320,395,24,97,1,1,1
1108,1,320,395,24,97,1,1,1
1109,1,320,395,24,97,1,1,1
1110,1,320,395,24,97,1,1,1
1111,1,320,395,24,97,1,1,1
1112,1,320,395,24,97,1,1,1
1113,1,320,395,24,97,1,1,1
1114,1,320,395,24,97,1,1,1
1115,1,319,395,23,97,1,1,1
1116,1,319,395,23,97,1,1,1
1117,1,319,395,23,97,1,1,1
1118,1,319,395,23,97,1,1,1
1119,1,319,395,23,97,1,1,1
1120,1,319,395,23,97,1,1,1
1121,1,319,395,23,97,1,1,1
1122,1,319,394,23,99,1,1,1
1123,1,319,395,23,97,1,1,1
1124,1,319,395,23,97,1,1,1
1125,1,319,395,23,97,1,1,1
1126,1,319,397,23,97,1,1,1
1127,1,319,395,23,97,1,1,1
1128,1,319,395,23,97,1,1,1
1129,1,319,398,23,96,1,1,1
1130,1,319,398,23,96,1,1,1
1131,1,319,398,23,96,1,1,1
1132,1,319,398,23,96,1,1,1
1133,1,319,397,23,97,1,1,1
1134,1,319,397,23,97,1,1,1
1135,1,319,397,23,97,1,1,1
1136,1,319,396,23,99,1,1,1
1137,1,319,397,23,97,1,1,1
1138,1,319,397,23,97,1,1,1
1139,1,319,397,23,97,1,1,1
1140,1,319,397,23,97,1,1,1
1141,1,319,397,23,97,1,1,1
1142,1,319,397,23,97,1,1,1
1143,1,319,397,23,97,1,1,1
1144,1,319,397,23,97,1,1,1
1145,1,319,397,24,97,1,1,1
1146,1,319,397,24,97,1,1,1
1147,1,319,397,24,97,1,1,1
1148,1,319,398,24,96,1,1,1
1149,1,319,398,24,96,1,1,1
1150,1,319,398,23,96,1,1,1
1151,1,319,398,24,96,1,1,1
1152,1,319,400,24,96,1,1,1
1153,1,319,398,24,96,1,1,1
1154,1,319,399,24,97,1,1,1
1155,1,319,398,24,96,1,1,1
1156,1,319,399,24,97,1,1,1
1157,1,319,400,24,96,1,1,1
1158,1,319,399,24,97,1,1,1
1159,1,319,399,24,97,1,1,1
1160,1,319,398,24,96,1,1,1
1161,1,319,399,24,97,1,1,1
1162,1,319,399,24,97,1,1,1
1163,1,318,397,24,97,1,1,1
1164,1,319,397,24,97,1,1,1
1165,1,318,399,24,97,1,1,1
1166,1,319,399,24,97,1,1,1
1167,1,318,399,24,97,1,1,1
1168,1,318,399,24,97,1,1,1
1169,1,318,399,24,97,1,1,1
1170,1,318,399,24,97,1,1,1
1171,1,318,400,24,96,1,1,1
1172,1,318,399,24,97,1,1,1
1173,1,318,399,24,97,1,1,1
1174,1,318,399,24,97,1,1,1
1175,1,318,399,24,97,1,1,1
1176,1,318,399,24,97,1,1,1
1177,1,318,399,24,97,1,1,1
1178,1,318,399,24,97,1,1,1
1179,1,318,399,24,97,1,1,1
1180,1,318,399,24,97,1,1,1
1181,1,318,399,24,97,1,1,1
1182,1,318,399,24,97,1,1,1
1183,1,318,399,24,97,1,1,1
1184,1,318,399,24,97,1,1,1
1185,1,318,399,24,97,1,1,1
1186,1,318,399,26,97,1,1,1
1187,1,318,399,26,97,1,1,1
1188,1,318,401,26,96,1,1,1
1189,1,318,401,26,96,1,1,1
1190,1,318,401,26,96,1,1,1
1191,1,317,401,27,96,1,1,1
1192,1,318,401,26,96,1,1,1
1193,1,318,401,26,96,1,1,1
1194,1,318,400,26,97,1,1,1
1195,1,317,400,27,97,1,1,1
1196,1,317,400,27,97,1,1,1
1197,1,317,400,27,97,1,1,1
1198,1,317,401,27,96,1,1,1
1199,1,317,400,27,97,1,1,1
1200,1,317,400,27,97,1,1,1
1201,1,317,401,27,96,1,1,1
1202,1,318,401,28,96,1,1,1
1203,1,318,401,28,96,1,1,1
1204,1,317,401,27,96,1,1,1
1205,1,317,400,27,97,1,1,1
1206,1,318,401,28,96,1,1,1
1207,1,318,401,28,96,1,1,1
1208,1,318,401,28,96,1,1,1
1209,1,318,401,28,96,1,1,1
1210,1,318,400,28,97,1,1,1
1211,1,318,400,28,97,1,1,1
1212,1,316,400,28,97,1,1,1
1213,1,318,400,28,97,1,1,1
1214,1,316,400,28,97,1,1,1
1215,1,316,400,28,97,1,1,1
1216,1,316,401,28,97,1,1,1
1217,1,316,401,28,97,1,1,1
1218,1,318,401,28,97,1,1,1
1219,1,316,400,30,97,1,1,1
1220,1,316,401,30,97,1,1,1
1221,1,316,401,30,97,1,1,1
1222,1,316,401,30,97,1,1,1
1223,1,316,401,30,97,1,1,1
1224,1,316,402,30,97,1,1,1
1225,1,317,401,31,97,1,1,1
1226,1,316,402,30,97,1,1,1
1227,1,316,402,30,97,1,1,1
1228,1,316,402,30,97,1,1,1
1229,1,316,402,30,97,1,1,1
1230,1,317,402,31,97,1,1,1
1231,1,316,402,30,97,1,1,1
1232,1,317,402,31,97,1,1,1
1233,1,317,402,31,97,1,1,1
1234,1,317,402,31,97,1,1,1
1235,1,317,402,31,97,1,1,1
1236,1,317,402,31,97,1,1,1
1237,1,317,403,31,96,1,1,1
1238,1,317,403,31,96,1,1,1
1239,1,317,403,31,96,1,1,1
1240,1,316,403,32,96,1,1,1
1241,1,316,403,32,96,1,1,1
1242,1,316,403,32,96,1,1,1
1243,1,316,403,32,96,1,1,1
1244,1,316,405,32,94,1,1,1
1245,1,316,404,32,97,1,1,1
1246,1,317,404,32,97,1,1,1
1247,1,316,405,32,96,1,1,1
1248,1,316,405,32,96,1,1,1
1249,1,316,404,32,97,1,1,1
1250,1,316,405,32,96,1,1,1
1251,1,316,405,32,96,1,1,1
1252,1,316,406,32,94,1,1,1
1253,1,316,406,32,94,1,1,1
1254,1,316,406,32,94,1,1,1
1255,1,316,406,32,94,1,1,1
1256,1,317,406,31,94,1,1,1
1257,1,316,406,32,94,1,1,1
1258,1,317,406,31,94,1,1,1
1259,1,316,406,32,94,1,1,1
1260,1,317,406,31,94,1,1,1
1261,1,317,406,31,94,1,1,1
1262,1,316,406,32,94,1,1,1
1263,1,316,406,32,94,1,1,1
1264,1,316,406,32,94,1,1,1
1265,1,316,406,32,94,1,1,1
1266,1,316,406,32,94,1,1,1
1267,1,316,406,32,94,1,1,1
1268,1,317,407,31,92,1,1,1
1269,1,317,407,31,92,1,1,1
1270,1,316,407,32,92,1,1,1
1271,1,315,408,31,92,1,1,1
1272,1,317,408,31,92,1,1,1
1273,1,317,406,31,94,1,1,1
1274,1,316,407,32,94,1,1,1
1275,1,317,406,31,94,1,1,1
1276,1,316,407,32,94,1,1,1
1277,1,316,406,32,94,1,1,1
1278,1,317,406,31,94,1,1,1
1279,1,317,406,31,94,1,1,1
1280,1,317,406,31,94,1,1,1
1281,1,317,406,31,94,1,1,1
1282,1,317,407,30,94,1,1,1
1283,1,317,405,31,96,1,1,1
1284,1,317,405,31,96,1,1,1
1285,1,316,405,32,96,1,1,1
1286,1,317,406,31,97,1,1,1
1287,1,317,405,31,96,1,1,1
1288,1,317,406,31,97,1,1,1
1289,1,317,405,31,96,1,1,1
1290,1,317,405,31,96,1,1,1
1291,1,317,405,31,96,1,1,1
1292,1,317,406,31,97,1,1,1
1293,1,317,406,31,97,1,1,1
1294,1,317,406,31,97,1,1,1
1295,1,316,406,30,97,1,1,1
1296,1,316,405,30,96,1,1,1
1297,1,316,407,30,94,1,1,1
1298,1,316,405,30,96,1,1,1
1299,1,316,406,28,94,1,1,1
1300,1,315,406,31,94,1,1,1
1301,1,315,406,31,94,1,1,1
1302,1,316,406,30,94,1,1,1
1303,1,316,405,30,96,1,1,1
1304,1,316,405,30,96,1,1,1
1305,1,316,406,30,97,1,1,1
1306,1,316,405,28,96,1,1,1
1307,1,316,405,30,96,1,1,1
1308,1,316,406,28,97,1,1,1
1309,1,317,407,28,96,1,1,1
1310,1,317,406,28,97,1,1,1
1311,1,316,405,28,96,1,1,1
1312,1,315,406,28,97,1,1,1
1313,1,317,405,28,96,1,1,1
1314,1,316,406,28,97,1,1,1
1315,1,316,406,28,97,1,1,1
1316,1,316,406,27,97,1,1,1
1317,1,316,406,27,97,1,1,1
1318,1,316,407,26,94,1,1,1
1319,1,316,407,26,96,1,1,1
1320,1,316,407,27,96,1,1,1
1321,1,316,407,27,96,1,1,1
1322,1,317,407,24,96,1,1,1
1323,1,317,407,24,96,1,1,1
1324,1,317,407,24,96,1,1,1
1325,1,317,407,24,96,1,1,1
1326,1,317,407,24,96,1,1,1
1327,1,315,407,26,96,1,1,1
1328,1,315,408,26,94,1,1,1
1329,1,315,408,26,94,1,1,1
1330,1,317,408,24,94,1,1,1
1331,1,317,407,24,96,1,1,1
1332,1,315,407,26,96,1,1,1
1333,1,316,407,24,96,1,1,1
1334,1,316,407,24,96,1,1,1
1335,1,316,407,24,96,1,1,1
1336,1,316,407,24,96,1,1,1
1337,1,316,407,24,96,1,1,1
1338,1,316,409,24,94,1,1,1
1339,1,316,410,24,92,1,1,1
1340,1,316,409,24,94,1,1,1
1341,1,316,409,24,94,1,1,1
1342,1,316,409,24,94,1,1,1
1343,1,316,409,24,94,1,1,1
1344,1,316,408,24,96,1,1,1
1345,1,316,408,24,96,1,1,1
1346,1,316,408,24,96,1,1,1
1347,1,316,408,24,96,1,1,1
1348,1,314,408,26,96,1,1,1
1349,1,316,408,24,96,1,1,1
1350,1,316,408,24,97,1,1,1
1351,1,316,408,24,97,1,1,1
1352,1,316,407,24,96,1,1,1
1353,1,316,408,24,96,1,1,1
1354,1,316,409,24,94,1,1,1
1355,1,314,408,26,96,1,1,1
1356,1,314,408,26,96,1,1,1
1357,1,314,408,26,96,1,1,1
1358,1,314,408,26,96,1,1,1
1359,1,314,409,26,94,1,1,1
1360,1,314,408,26,96,1,1,1
1361,1,314,408,26,96,1,1,1
1362,1,314,408,26,96,1,1,1
1363,1,314,408,26,97,1,1,1
1364,1,314,408,26,97,1,1,1
1365,1,314,408,26,96,1,1,1
1366,1,314,408,26,96,1,1,1
1367,1,314,408,26,96,1,1,1
1368,1,315,408,27,96,1,1,1
1369,1,315,408,26,96,1,1,1
1370,1,315,408,26,97,1,1,1
1371,1,316,408,27,97,1,1,1
1372,1,316,411,27,94,1,1,1
1373,1,315,411,28,94,1,1,1
1374,1,315,411,28,94,1,1,1
1375,1,317,413,28,94,1,1,1
1376,1,316,413,28,94,1,1,1
1377,1,316,415,28,92,1,1,1
1378,1,316,415,30,92,1,1,1
1379,1,317,416,31,92,1,1,1
1380,1,317,417,30,90,1,1,1
1381,1,317,416,31,90,1,1,1
1382,1,317,419,32,88,1,1,1
1383,1,317,422,32,87,1,1,1
1384,1,318,419,32,88,1,1,1
1385,1,318,421,32,88,1,1,1
1386,1,318,421,32,88,1,1,1
1387,1,318,421,32,88,1,1,1
1388,1,318,423,32,88,1,1,1
1389,1,318,424,32,87,1,1,1
1390,1,318,423,32,88,1,1,1
1391,1,318,423,32,88,1,1,1
1392,1,318,424,32,88,1,1,1
1393,1,318,424,32,88,1,1,1
1394,1,317,424,32,88,1,1,1
1395,1,317,424,30,88,1,1,1
1396,1,318,424,28,90,1,1,1
1397,1,318,424,28,90,1,1,1
1398,1,318,423,28,92,1,1,1
1399,1,316,424,26,90,1,1,1
1400,1,317,423,24,92,1,1,1
1401,1,317,423,24,92,1,1,1
1402,1,317,423,24,92,1,1,1
1403,1,316,422,20,94,1,1,1
1404,1,317,424,18,92,1,1,1
1405,1,317,422,21,94,1,1,1
1406,1,317,421,17,96,1,1,1
1407,1,317,422,16,97,1,1,1
1408,1,317,420,16,97,1,1,1
1409,1,316,422,16,97,1,1,1
1410,1,316,422,16,97,1,1,1
1411,1,316,424,16,97,1,1,1
1412,1,316,424,16,97,1,1,1
1413,1,316,423,16,99,1,1,1
1414,1,316,423,16,99,1,1,1
1415,1,316,423,16,99,1,1,1
1416,1,316,423,16,99,1,1,1
1417,1,316,424,16,99,1,1,1
1418,1,316,423,16,99,1,1,1
1419,1,316,424,16,99,1,1,1
1420,1,316,424,16,99,1,1,1
1421,1,316,424,16,99,1,1,1
1422,1,316,424,16,99,1,1,1
1423,1,314,425,16,99,1,1,1
1424,1,316,426,16,99,1,1,1
1425,1,314,427,16,97,1,1,1
1426,1,314,426,16,99,1,1,1
1427,1,314,428,18,99,1,1,1
1428,1,314,429,18,97,1,1,1
1429,1,314,428,18,99,1,1,1
1430,1,314,429,18,97,1,1,1
1431,1,314,431,18,97,1,1,1
1432,1,314,431,18,97,1,1,1
1433,1,314,430,18,99,1,1,1
1434,1,314,431,18,99,1,1,1
1435,1,314,431,18,99,1,1,1
1436,1,314,432,18,99,1,1,1
1437,1,314,432,18,99,1,1,1
1438,1,314,432,18,99,1,1,1
1439,1,315,432,19,99,1,1,1
1440,1,315,432,19,99,1,1,1
1441,1,315,433,19,99,1,1,1
1442,1,315,433,19,99,1,1,1
1443,1,315,433,19,99,1,1,1
1444,1,315,434,19,97,1,1,1
1445,1,315,435,19,99,1,1,1
1446,1,315,435,19,99,1,1,1
1447,1,315,435,19,99,1,1,1
1448,1,315,436,19,97,1,1,1
1449,1,315,437,19,99,1,1,1
1450,1,315,438,19,97,1,1,1
1451,1,315,438,19,97,1,1,1
1452,1,314,437,20,99,1,1,1
1453,1,314,437,20,99,1,1,1
1454,1,314,437,20,99,1,1,1
1455,1,314,437,20,99,1,1,1
1456,1,314,439,20,99,1,1,1
1457,1,314,439,20,99,1,1,1
1458,1,314,439,20,99,1,1,1
1459,1,314,441,20,97,1,1,1
1460,1,314,439,20,99,1,1,1
1461,1,314,440,20,99,1,1,1
1462,1,314,440,20,99,1,1,1
1463,1,314,440,20,99,1,1,1
1464,1,314,443,20,97,1,1,1
1465,1,314,443,20,97,1,1,1
1466,1,314,443,20,97,1,1,1
1467,1,314,442,20,99,1,1,1
1468,1,314,443,20,97,1,1,1
1469,1,314,442,20,99,1,1,1
1470,1,314,442,20,99,1,1,1
1471,1,314,442,20,99,1,1,1
1472,1,314,442,20,99,1,1,1
1473,1,314,442,20,99,1,1,1
1474,1,313,444,19,99,1,1,1
1475,1,314,444,20,99,1,1,1
1476,1,314,444,20,99,1,1,1
1477,1,313,444,19,99,1,1,1
1478,1,313,446,19,99,1,1,1
1479,1,313,447,19,97,1,1,1
1480,1,313,446,19,99,1,1,1
1481,1,314,446,18,99,1,1,1
1482,1,314,446,18,99,1,1,1
1483,1,314,448,18,97,1,1,1
1484,1,313,448,16,97,1,1,1
1485,1,313,446,20,99,1,1,1
1486,1,313,446,16,99,1,1,1
1487,1,313,447,18,99,1,1,1
1488,1,313,447,18,99,1,1,1
1489,1,313,448,18,99,1,1,1
1490,1,313,448,16,99,1,1,1
1491,1,313,447,16,101,1,1,1
1492,1,313,448,16,99,1,1,1
1493,1,313,447,16,101,1,1,1
1494,1,313,447,16,101,1,1,1
1495,1,312,449,16,99,1,1,1
1496,1,312,448,16,101,1,1,1
1497,1,312,449,16,99,1,1,1
1498,1,312,450,16,101,1,1,1
1499,1,312,450,16,101,1,1,1
1500,1,312,450,16,101,1,1,1
1501,1,312,450,16,101,1,1,1
1502,1,312,451,16,99,1,1,1
1503,1,312,450,16,101,1,1,1
1504,1,312,451,16,99,1,1,1
1505,1,312,451,16,99,1,1,1
1506,1,312,451,16,99,1,1,1
1507,1,313,453,15,99,1,1,1
1508,1,313,453,15,99,1,1,1
1509,1,313,453,15,99,1,1,1
1510,1,312,456,16,97,1,1,1
1511,1,312,456,16,97,1,1,1
1512,1,312,455,16,99,1,1,1
1513,1,312,455,16,97,1,1,1
1514,1,312,455,16,99,1,1,1
1515,1,312,454,16,99,1,1,1
1516,1,312,454,16,99,1,1,1
1517,1,312,455,16,99,1,1,1
1518,1,312,455,16,99,1,1,1
1519,1,313,455,15,99,1,1,1
1520,1,312,455,16,99,1,1,1
1521,1,312,455,16,99,1,1,1
1522,1,312,457,16,97,1,1,1
1523,1,312,456,16,99,1,1,1
1524,1,312,456,16,99,1,1,1
1525,1,312,456,16,99,1,1,1
1526,1,312,456,16,99,1,1,1
1527,1,312,456,16,99,1,1,1
1528,1,312,456,16,99,1,1,1
1529,1,312,459,16,97,1,1,1
1530,1,312,459,16,97,1,1,1
1531,1,312,458,16,99,1,1,1
1532,1,312,458,16,99,1,1,1
1533,1,312,460,16,99,1,1,1
1534,1,312,458,16,99,1,1,1
1535,1,312,459,16,101,1,1,1
1536,1,312,459,16,101,1,1,1
1537,1,312,459,16,101,1,1,1
1538,1,312,457,16,101,1,1,1
1539,1,312,460,16,99,1,1,1
1540,1,312,459,16,101,1,1,1
1541,1,312,459,16,101,1,1,1
1542,1,312,460,16,99,1,1,1
1543,1,312,459,16,101,1,1,1
1544,1,312,459,16,101,1,1,1
1545,1,312,458,16,103,1,1,1
1546,1,312,459,16,101,1,1,1
1547,1,312,459,16,101,1,1,1
1548,1,312,461,16,101,1,1,1
1549,1,312,461,16,101,1,1,1
1550,1,312,462,16,99,1,1,1
1551,1,312,462,16,99,1,1,1
1552,1,312,464,16,99,1,1,1
1553,1,312,464,16,99,1,1,1
1554,1,312,464,16,99,1,1,1
1555,1,312,464,17,99,1,1,1
1556,1,312,464,16,99,1,1,1
1557,1,312,464,16,99,1,1,1
1558,1,311,464,18,99,1,1,1
1559,1,311,464,18,99,1,1,1
1560,1,311,466,18,97,1,1,1
1561,1,312,466,19,97,1,1,1
1562,1,313,466,16,97,1,1,1
1563,1,313,465,16,99,1,1,1
1564,1,311,465,18,99,1,1,1
1565,1,313,465,16,99,1,1,1
1566,1,311,466,18,97,1,1,1
1567,1,311,467,18,99,1,1,1
1568,1,311,468,18,97,1,1,1
1569,1,311,468,18,97,1,1,1
1570,1,311,468,18,97,1,1,1
1571,1,311,469,18,96,1,1,1
1572,1,312,471,19,94,1,1,1
1573,1,311,471,18,94,1,1,1
1574,1,312,475,16,90,1,1,1
1575,1,312,482,16,83,1,1,1
1576,1,312,484,16,83,1,1,1
1577,1,312,481,16,85,1,1,1
1578,1,312,481,16,85,1,1,1
1579,1,312,484,16,83,1,1,1
1580,1,312,484,16,83,1,1,1
1581,1,312,484,16,83,1,1,1
1582,1,312,484,16,83,1,1,1
1583,1,312,480,16,87,1,1,1
1584,1,312,483,16,85,1,1,1
1585,1,312,476,16,92,1,1,1
1586,1,312,484,16,83,1,1,1
1587,1,312,484,16,83,1,1,1
1588,1,312,486,16,83,1,1,1
1589,1,312,482,16,87,1,1,1
1590,1,312,488,16,81,1,1,1
1591,1,312,486,16,83,1,1,1
1592,1,312,486,16,83,1,1,1
1593,1,312,486,16,83,1,1,1
1594,1,312,489,16,81,1,1,1
1595,1,312,491,16,80,1,1,1
1596,1,312,491,16,80,1,1,1
1597,1,312,491,16,80,1,1,1
1598,1,312,492,16,78,1,1,1
1599,1,313,491,15,80,1,1,1
1600,1,313,491,15,80,1,1,1
1601,1,312,491,16,80,1,1,1
1602,1,312,491,16,80,1,1,1
1603,1,312,490,16,81,1,1,1
1604,1,312,489,16,81,1,1,1
1605,1,312,490,16,81,1,1,1
1606,1,312,491,16,80,1,1,1
1607,1,312,491,16,80,1,1,1
1608,1,312,490,16,81,1,1,1
1609,1,313,490,15,81,1,1,1
1610,1,311,492,15,81,1,1,1
1611,1,311,493,15,80,1,1,1
1612,1,313,489,15,83,1,1,1
1613,1,312,492,16,81,1,1,1
1614,1,312,493,16,80,1,1,1
1615,1,312,492,16,81,1,1,1
1616,1,312,493,16,80,1,1,1
1617,1,312,492,16,81,1,1,1
1618,1,311,493,18,80,1,1,1
1619,1,311,494,18,81,1,1,1
1620,1,311,495,18,78,1,1,1
1621,1,311,494,18,81,1,1,1
1622,1,311,491,18,83,1,1,1
1623,1,311,480,18,94,1,1,1
1624,1,311,480,18,96,1,1,1
1625,1,312,480,19,94,1,1,1
1626,1,311,492,18,81,1,1,1
1627,1,310,491,20,83,1,1,1
1628,1,310,484,20,90,1,1,1
1629,1,311,488,20,85,1,1,1
1630,1,311,483,20,92,1,1,1
1631,1,310,484,23,90,1,1,1
1632,1,310,487,24,88,1,1,1
1633,1,310,490,24,85,1,1,1
1634,1,309,490,26,85,1,1,1
1635,1,308,490,27,85,1,1,1
1636,1,309,487,28,92,1,1,1
1637,1,309,487,28,92,1,1,1
1638,1,308,491,30,87,1,1,1
1639,1,308,492,30,85,1,1,1
1640,1,307,492,32,85,1,1,1
1641,1,306,492,32,85,1,1,1
1642,1,306,493,32,85,1,1,1
1643,1,305,494,35,85,1,1,1
1644,1,305,494,35,85,1,1,1
1645,1,304,495,36,83,1,1,1
1646,1,304,495,36,83,1,1,1
1647,1,305,496,37,83,1,1,1
1648,1,305,496,37,83,1,1,1
1649,1,304,496,40,83,1,1,1
1650,1,304,497,40,83,1,1,1
1651,1,304,497,40,83,1,1,1
1652,1,302,496,40,85,1,1,1
1653,1,302,498,40,83,1,1,1
1654,1,302,498,42,83,1,1,1
1655,1,301,498,43,83,1,1,1
1656,1,300,500,43,83,1,1,1
1657,1,301,500,44,83,1,1,1
1658,1,300,499,45,85,1,1,1
1659,1,299,499,44,85,1,1,1
1660,1,299,499,44,85,1,1,1
1661,1,299,499,45,85,1,1,1
1662,1,299,498,48,87,1,1,1
1663,1,298,500,49,87,1,1,1
1664,1,298,499,49,88,1,1,1
1665,1,296,500,51,87,1,1,1
1666,1,296,501,51,88,1,1,1
1667,1,297,503,49,85,1,1,1
1668,1,296,503,51,85,1,1,1
1669,1,296,504,51,85,1,1,1
1670,1,296,504,51,85,1,1,1
1671,1,296,504,52,85,1,1,1
1672,1,296,505,52,83,1,1,1
1673,1,296,507,52,83,1,1,1
1674,1,295,506,52,85,1,1,1
1675,1,295,506,52,85,1,1,1
1676,1,295,506,54,85,1,1,1
1677,1,294,506,55,85,1,1,1
1678,1,294,506,55,85,1,1,1
1679,1,294,508,55,85,1,1,1
1680,1,294,508,55,85,1,1,1
1681,1,294,508,55,85,1,1,1
1682,1,294,510,55,85,1,1,1
1683,1,294,510,55,85,1,1,1
1684,1,294,510,56,85,1,1,1
1685,1,294,511,55,85,1,1,1
1686,1,295,512,56,85,1,1,1
1687,1,293,512,56,85,1,1,1
1688,1,293,512,56,85,1,1,1
1689,1,295,511,56,87,1,1,1
1690,1,295,512,56,85,1,1,1
1691,1,295,513,55,85,1,1,1
1692,1,295,513,55,85,1,1,1
1693,1,295,515,55,85,1,1,1
1694,1,297,513,55,85,1,1,1
1695,1,296,514,56,87,1,1,1
1696,1,297,514,55,87,1,1,1
1697,1,296,515,56,85,1,1,1
1698,1,296,514,56,87,1,1,1
1699,1,296,514,56,87,1,1,1
1700,1,297,514,56,88,1,1,1
1701,1,298,516,56,87,1,1,1
1702,1,298,516,55,87,1,1,1
1703,1,298,515,56,88,1,1,1
1704,1,299,517,56,88,1,1,1
1705,1,299,517,55,88,1,1,1
1706,1,300,517,56,88,1,1,1
1707,1,300,517,56,88,1,1,1
1708,1,300,518,56,87,1,1,1
1709,1,300,519,56,88,1,1,1
1710,1,300,519,56,88,1,1,1
1711,1,300,519,56,88,1,1,1
1712,1,301,519,55,88,1,1,1
1713,1,301,519,54,88,1,1,1
1714,1,301,520,55,88,1,1,1
1715,1,300,520,56,88,1,1,1
1716,1,302,519,55,90,1,1,1
1717,1,302,520,54,88,1,1,1
1718,1,304,521,52,88,1,1,1
1719,1,304,522,52,88,1,1,1
1720,1,304,522,52,88,1,1,1
1721,1,304,522,54,88,1,1,1
1722,1,305,524,55,88,1,1,1
1723,1,305,522,55,88,1,1,1
1724,1,304,525,56,87,1,1,1
1725,1,305,524,56,88,1,1,1
1726,1,304,524,56,88,1,1,1
1727,1,305,524,55,88,1,1,1
1728,1,304,525,56,87,1,1,1
1729,1,304,526,56,88,1,1,1
1730,1,305,526,55,88,1,1,1
1731,1,304,526,56,88,1,1,1
1732,1,305,526,56,88,1,1,1
1733,1,305,526,55,88,1,1,1
1734,1,304,526,56,88,1,1,1
1735,1,305,528,55,88,1,1,1
1736,1,305,528,55,88,1,1,1
1737,1,305,528,54,88,1,1,1
1738,1,305,528,55,88,1,1,1
1739,1,305,528,55,88,1,1,1
1740,1,304,530,56,87,1,1,1
1741,1,305,531,55,85,1,1,1
1742,1,305,530,55,87,1,1,1
1743,1,305,530,55,87,1,1,1
1744,1,305,530,56,88,1,1,1
1745,1,305,531,56,88,1,1,1
1746,1,305,531,56,88,1,1,1
1747,1,306,532,56,87,1,1,1
1748,1,307,533,56,88,1,1,1
1749,1,307,533,56,88,1,1,1
1750,1,307,533,55,88,1,1,1
1751,1,307,533,55,88,1,1,1
1752,1,306,532,56,90,1,1,1
1753,1,308,532,56,90,1,1,1
1754,1,308,532,56,90,1,1,1
1755,1,308,533,56,88,1,1,1
1756,1,308,535,56,88,1,1,1
1757,1,309,535,55,88,1,1,1
1758,1,308,535,56,88,1,1,1
1759,1,309,535,55,88,1,1,1
1760,1,308,534,56,90,1,1,1
1761,1,308,536,56,88,1,1,1
1762,1,310,536,55,88,1,1,1
1763,1,310,536,55,88,1,1,1
1764,1,308,536,56,88,1,1,1
1765,1,310,537,55,88,1,1,1
1766,1,310,537,55,88,1,1,1
1767,1,310,539,55,87,1,1,1
1768,1,310,538,55,88,1,1,1
1769,1,311,538,56,88,1,1,1
1770,1,311,538,56,88,1,1,1
1771,1,311,538,55,88,1,1,1
1772,1,311,539,55,88,1,1,1
1773,1,312,539,54,88,1,1,1
1774,1,313,540,55,88,1,1,1
1775,1,313,540,55,88,1,1,1
1776,1,313,538,55,90,1,1,1
1777,1,312,538,56,90,1,1,1
1778,1,313,539,55,90,1,1,1
1779,1,313,539,54,90,1,1,1
1780,1,313,541,54,90,1,1,1
1781,1,313,539,55,90,1,1,1
1782,1,313,541,54,90,1,1,1
1783,1,313,541,54,90,1,1,1
1784,1,313,541,54,90,1,1,1
1785,1,315,541,52,90,1,1,1
1786,1,315,541,54,90,1,1,1
1787,1,315,541,52,90,1,1,1
1788,1,315,541,52,90,1,1,1
1789,1,315,543,52,90,1,1,1
1790,1,315,541,52,90,1,1,1
1791,1,315,543,52,90,1,1,1
1792,1,315,542,52,92,1,1,1
1793,1,317,543,52,90,1,1,1
1794,1,317,543,52,90,1,1,1
1795,1,317,542,52,92,1,1,1
1796,1,317,544,51,90,1,1,1
1797,1,319,544,51,90,1,1,1
1798,1,319,544,51,90,1,1,1
1799,1,319,544,51,92,1,1,1
1800,1,320,544,49,92,1,1,1
1801,1,320,544,49,92,1,1,1
1802,1,320,544,49,90,1,1,1
1803,1,320,544,49,90,1,1,1
1804,1,320,544,51,92,1,1,1
1805,1,321,544,49,92,1,1,1
1806,1,321,544,49,92,1,1,1
1807,1,322,544,49,92,1,1,1
1808,1,322,546,49,90,1,1,1
1809,1,322,546,48,90,1,1,1
1810,1,324,545,48,92,1,1,1
1811,1,324,546,48,90,1,1,1
1812,1,324,546,48,90,1,1,1
1813,1,324,546,48,90,1,1,1
1814,1,324,547,48,92,1,1,1
1815,1,324,547,48,92,1,1,1
1816,1,326,548,48,90,1,1,1
1817,1,326,547,48,92,1,1,1
1818,1,326,547,47,92,1,1,1
1819,1,326,547,47,92,1,1,1
1820,1,326,548,47,94,1,1,1
1821,1,327,549,48,92,1,1,1
1822,1,327,549,48,92,1,1,1
1823,1,327,549,47,92,1,1,1
1824,1,329,552,45,90,1,1,1
1825,1,329,553,45,88,1,1,1
1826,1,329,555,45,87,1,1,1
1827,1,329,554,45,88,1,1,1
1828,1,329,554,45,88,1,1,1
1829,1,327,552,47,90,1,1,1
1830,1,327,552,47,90,1,1,1
1831,1,327,552,47,90,1,1,1
1832,1,327,552,47,90,1,1,1
1833,1,328,552,48,90,1,1,1
1834,1,328,553,48,90,1,1,1
1835,1,329,552,47,90,1,1,1
1836,1,328,553,48,90,1,1,1
1837,1,328,554,48,88,1,1,1
1838,1,328,553,48,90,1,1,1
1839,1,328,553,48,90,1,1,1
1840,1,328,554,48,88,1,1,1
1841,1,328,555,48,90,1,1,1
1842,1,328,555,48,90,1,1,1
1843,1,327,555,49,90,1,1,1
1844,1,327,555,49,90,1,1,1
1845,1,328,555,49,90,1,1,1
1846,1,327,555,51,90,1,1,1
1847,1,328,555,49,90,1,1,1
1848,1,327,556,51,88,1,1,1
1849,1,327,556,51,88,1,1,1
1850,1,327,558,51,88,1,1,1
1851,1,326,558,52,88,1,1,1
1852,1,326,558,52,88,1,1,1
1853,1,326,558,52,88,1,1,1
1854,1,326,558,52,88,1,1,1
1855,1,326,558,52,88,1,1,1
1856,1,326,559,52,87,1,1,1
1857,1,326,560,52,88,1,1,1
1858,1,326,560,52,87,1,1,1
1859,1,326,560,52,87,1,1,1
1860,1,325,560,54,87,1,1,1
1861,1,325,560,55,87,1,1,1
1862,1,325,560,55,87,1,1,1
1863,1,325,560,55,88,1,1,1
1864,1,324,562,56,87,1,1,1
1865,1,324,562,56,87,1,1,1
1866,1,324,561,56,88,1,1,1
1867,1,324,562,56,87,1,1,1
1868,1,322,562,56,87,1,1,1
1869,1,322,562,56,87,1,1,1
1870,1,323,564,57,87,1,1,1
1871,1,322,565,56,85,1,1,1
1872,1,322,565,56,85,1,1,1
1873,1,323,564,57,87,1,1,1
1874,1,323,566,57,85,1,1,1
1875,1,321,567,59,85,1,1,1
1876,1,323,568,57,83,1,1,1
1877,1,323,567,57,85,1,1,1
1878,1,323,569,57,83,1,1,1
1879,1,323,569,57,83,1,1,1
1880,1,323,569,57,83,1,1,1
1881,1,323,569,57,83,1,1,1
1882,1,323,569,57,83,1,1,1
1883,1,323,569,57,83,1,1,1
1884,1,323,569,57,83,1,1,1
1885,1,323,569,57,83,1,1,1
1886,1,323,569,57,83,1,1,1
1887,1,323,571,57,83,1,1,1
1888,1,323,572,59,81,1,1,1
1889,1,322,571,60,83,1,1,1
1890,1,323,571,59,83,1,1,1
1891,1,324,572,57,81,1,1,1
1892,1,324,572,57,81,1,1,1
1893,1,324,572,57,81,1,1,1
1894,1,324,572,57,81,1,1,1
1895,1,324,573,57,83,1,1,1
1896,1,324,573,57,83,1,1,1
1897,1,323,573,59,83,1,1,1
1898,1,324,573,57,83,1,1,1
1899,1,323,573,59,83,1,1,1
1900,1,324,573,57,83,1,1,1
1901,1,324,573,57,83,1,1,1
1902,1,324,573,57,83,1,1,1
1903,1,325,573,56,83,1,1,1
1904,1,324,573,57,83,1,1,1
1905,1,324,573,57,83,1,1,1
1906,1,326,575,56,83,1,1,1
1907,1,326,573,56,83,1,1,1
1908,1,326,573,56,83,1,1,1
1909,1,326,573,56,83,1,1,1
1910,1,326,573,56,83,1,1,1
1911,1,327,574,56,85,1,1,1
1912,1,327,574,56,85,1,1,1
1913,1,327,575,55,83,1,1,1
1914,1,327,575,55,83,1,1,1
1915,1,328,574,54,85,1,1,1
1916,1,330,574,52,85,1,1,1
1917,1,329,574,54,85,1,1,1
1918,1,329,574,54,85,1,1,1
1919,1,330,575,54,83,1,1,1
1920,1,332,575,52,83,1,1,1
1921,1,333,575,52,83,1,1,1
1922,1,332,575,52,83,1,1,1
1923,1,335,575,51,83,1,1,1
1924,1,337,574,48,85,1,1,1
1925,1,339,574,48,85,1,1,1
1926,1,341,573,45,87,1,1,1
1927,1,342,575,45,85,1,1,1
1928,1,344,575,44,85,1,1,1
1929,1,346,575,42,85,1,1,1
1930,1,344,573,43,87,1,1,1
1931,1,346,573,42,87,1,1,1
1932,1,346,578,42,83,1,1,1
1933,1,347,577,43,85,1,1,1
1934,1,345,577,43,85,1,1,1
1935,1,344,577,44,85,1,1,1
1936,1,344,577,44,85,1,1,1
1937,1,344,577,44,85,1,1,1
1938,1,344,576,44,87,1,1,1
1939,1,344,577,45,85,1,1,1
1940,1,344,579,45,85,1,1,1
1941,1,343,579,47,85,1,1,1
1942,1,343,579,48,85,1,1,1
1943,1,343,581,48,85,1,1,1
1944,1,343,582,48,83,1,1,1
1945,1,343,583,48,83,1,1,1
1946,1,343,584,48,83,1,1,1
1947,1,342,586,48,81,1,1,1
1948,1,341,586,49,81,1,1,1
1949,1,341,586,49,81,1,1,1
1950,1,340,588,51,81,1,1,1
1951,1,340,588,52,81,1,1,1
1952,1,339,588,52,81,1,1,1
1953,1,339,587,52,83,1,1,1
1954,1,339,587,52,83,1,1,1
1955,1,337,587,54,83,1,1,1
1956,1,337,586,55,85,1,1,1
1957,1,336,586,56,85,1,1,1
1958,1,336,588,56,85,1,1,1
1959,1,336,589,56,83,1,1,1
1960,1,336,590,56,83,1,1,1
1961,1,336,590,57,83,1,1,1
1962,1,336,590,57,83,1,1,1
1963,1,336,591,57,83,1,1,1
1964,1,336,591,57,83,1,1,1
1965,1,337,590,56,85,1,1,1
1966,1,338,592,56,83,1,1,1
1967,1,339,592,56,85,1,1,1
1968,1,339,592,56,85,1,1,1
1969,1,338,592,56,85,1,1,1
1970,1,339,592,55,85,1,1,1
1971,1,341,592,55,85,1,1,1
1972,1,341,592,54,85,1,1,1
1973,1,343,593,52,85,1,1,1
1974,1,342,593,54,85,1,1,1
1975,1,344,593,52,85,1,1,1
1976,1,344,592,52,87,1,1,1
1977,1,345,592,51,87,1,1,1
1978,1,347,592,49,88,1,1,1
1979,1,347,592,51,88,1,1,1
1980,1,348,593,49,88,1,1,1
1981,1,349,593,48,88,1,1,1
1982,1,348,593,49,88,1,1,1
1983,1,350,593,48,88,1,1,1
1984,1,350,593,48,88,1,1,1
1985,1,352,592,48,90,1,1,1
1986,1,352,593,48,90,1,1,1
1987,1,352,592,48,90,1,1,1
1988,1,354,595,45,88,1,1,1
1989,1,354,593,47,90,1,1,1
1990,1,354,594,47,90,1,1,1
1991,1,356,594,44,90,1,1,1
1992,1,356,595,44,88,1,1,1
1993,1,357,597,44,88,1,1,1
1994,1,356,596,44,90,1,1,1
1995,1,356,596,44,90,1,1,1
1996,1,357,599,44,88,1,1,1
1997,1,356,599,44,88,1,1,1
1998,1,356,599,45,88,1,1,1
1999,1,356,599,44,88,1,1,1
2000,1,356,599,44,88,1,1,1
2001,1,356,600,44,88,1,1,1
2002,1,357,600,45,88,1,1,1
2003,1,355,600,47,88,1,1,1
2004,1,355,600,47,88,1,1,1
2005,1,355,600,47,88,1,1,1
2006,1,355,600,47,88,1,1,1
2007,1,355,600,47,88,1,1,1
2008,1,355,601,47,88,1,1,1
2009,1,356,602,48,88,1,1,1
2010,1,356,602,48,88,1,1,1
2011,1,354,602,48,88,1,1,1
2012,1,354,602,48,88,1,1,1
2013,1,355,603,49,88,1,1,1
2014,1,353,603,51,88,1,1,1
2015,1,353,604,51,88,1,1,1
2016,1,353,604,51,88,1,1,1
2017,1,353,604,51,88,1,1,1
2018,1,354,606,52,88,1,1,1
2019,1,352,607,52,87,1,1,1
2020,1,352,607,52,87,1,1,1
2021,1,352,607,52,87,1,1,1
2022,1,352,607,54,87,1,1,1
2023,1,352,607,52,87,1,1,1
2024,1,352,608,54,87,1,1,1
2025,1,352,608,54,87,1,1,1
2026,1,351,609,55,85,1,1,1
2027,1,351,610,55,87,1,1,1
2028,1,351,610,55,87,1,1,1
2029,1,351,611,55,85,1,1,1
2030,1,351,611,55,85,1,1,1
2031,1,351,611,56,85,1,1,1
2032,1,351,611,56,85,1,1,1
2033,1,350,611,56,85,1,1,1
2034,1,350,610,56,87,1,1,1
2035,1,350,612,56,87,1,1,1
2036,1,350,612,56,87,1,1,1
2037,1,350,611,56,88,1,1,1
2038,1,352,612,56,87,1,1,1
2039,1,352,615,56,85,1,1,1
2040,1,352,615,56,85,1,1,1
2041,1,352,615,56,85,1,1,1
2042,1,352,617,56,83,1,1,1
2043,1,352,615,56,85,1,1,1
2044,1,351,617,57,83,1,1,1
2045,1,353,616,56,85,1,1,1
2046,1,351,616,57,85,1,1,1
2047,1,351,616,57,85,1,1,1
2048,1,351,616,57,85,1,1,1
2049,1,351,616,57,85,1,1,1
2050,1,351,616,57,85,1,1,1
2051,1,353,618,57,85,1,1,1
2052,1,353,618,56,85,1,1,1
2053,1,353,618,56,85,1,1,1
2054,1,355,618,56,85,1,1,1
2055,1,355,618,56,85,1,1,1
2056,1,353,618,56,85,1,1,1
2057,1,354,618,57,85,1,1,1
2058,1,354,617,57,87,1,1,1
2059,1,354,617,56,87,1,1,1
2060,1,356,617,56,87,1,1,1
2061,1,356,618,56,85,1,1,1
2062,1,356,617,56,87,1,1,1
2063,1,357,617,55,88,1,1,1
2064,1,356,619,56,87,1,1,1
2065,1,357,619,54,87,1,1,1
2066,1,358,619,55,87,1,1,1
2067,1,358,618,55,88,1,1,1
2068,1,359,619,54,87,1,1,1
2069,1,360,618,52,88,1,1,1
2070,1,360,618,54,88,1,1,1
2071,1,360,618,54,88,1,1,1
2072,1,360,619,52,87,1,1,1
2073,1,362,618,52,88,1,1,1
2074,1,362,620,52,88,1,1,1
2075,1,362,620,52,88,1,1,1
2076,1,362,620,52,88,1,1,1
2077,1,364,620,51,88,1,1,1
2078,1,364,620,51,88,1,1,1
2079,1,364,620,51,88,1,1,1
2080,1,364,620,51,88,1,1,1
2081,1,364,622,51,88,1,1,1
2082,1,366,620,49,88,1,1,1
2083,1,366,622,49,88,1,1,1
2084,1,366,622,49,88,1,1,1
1,2,716,292,89,128,1,1,1
2,2,715,297,92,122,1,1,1
3,2,715,297,94,122,1,1,1
4,2,714,300,95,120,1,1,1
5,2,714,299,96,122,1,1,1
6,2,713,299,96,122,1,1,1
7,2,713,301,98,122,1,1,1
8,2,712,302,100,120,1,1,1
9,2,712,303,100,122,1,1,1
10,2,711,304,101,122,1,1,1
11,2,711,313,101,113,1,1,1
12,2,711,322,101,108,1,1,1
13,2,710,316,104,113,1,1,1
14,2,709,311,108,117,1,1,1
15,2,708,309,108,120,1,1,1
16,2,708,309,108,120,1,1,1
17,2,706,313,111,119,1,1,1
18,2,706,317,114,115,1,1,1
19,2,705,319,115,113,1,1,1
20,2,705,320,116,113,1,1,1
21,2,705,320,116,113,1,1,1
22,2,704,321,116,113,1,1,1
23,2,704,321,118,113,1,1,1
24,2,704,324,118,112,1,1,1
25,2,703,324,120,112,1,1,1
26,2,702,325,119,113,1,1,1
27,2,701,325,120,113,1,1,1
28,2,701,328,120,110,1,1,1
29,2,700,328,120,110,1,1,1
30,2,700,328,120,110,1,1,1
31,2,700,329,120,112,1,1,1
32,2,699,329,120,112,1,1,1
33,2,699,332,116,110,1,1,1
34,2,697,335,123,108,1,1,1
35,2,698,336,121,106,1,1,1
36,2,697,335,124,108,1,1,1
37,2,696,336,128,108,1,1,1
38,2,695,337,124,106,1,1,1
39,2,695,339,123,106,1,1,1
40,2,694,339,127,106,1,1,1
41,2,694,336,129,110,1,1,1
42,2,693,338,124,108,1,1,1
43,2,693,340,124,108,1,1,1
44,2,692,340,124,108,1,1,1
45,2,691,342,123,108,1,1,1
46,2,691,343,123,106,1,1,1
47,2,691,343,123,106,1,1,1
48,2,690,344,121,106,1,1,1
49,2,688,344,123,106,1,1,1
50,2,689,344,124,106,1,1,1
51,2,688,344,123,108,1,1,1
52,2,688,343,124,108,1,1,1
53,2,688,344,123,108,1,1,1
54,2,688,343,121,110,1,1,1
55,2,687,344,121,110,1,1,1
56,2,687,344,121,110,1,1,1
57,2,686,345,121,108,1,1,1
58,2,684,347,123,108,1,1,1
59,2,685,347,124,108,1,1,1
60,2,684,347,124,108,1,1,1
61,2,683,346,124,110,1,1,1
62,2,682,348,124,110,1,1,1
63,2,681,348,123,110,1,1,1
64,2,681,348,124,110,1,1,1
65,2,680,348,123,110,1,1,1
66,2,681,347,121,112,1,1,1
67,2,679,347,123,112,1,1,1
68,2,679,350,123,110,1,1,1
69,2,679,350,123,110,1,1,1
70,2,678,350,124,110,1,1,1
71,2,677,351,123,110,1,1,1
72,2,678,351,124,110,1,1,1
73,2,678,352,121,110,1,1,1
74,2,676,352,123,110,1,1,1
75,2,677,352,124,110,1,1,1
76,2,676,353,120,110,1,1,1
77,2,675,353,121,110,1,1,1
78,2,675,353,121,110,1,1,1
79,2,674,355,120,110,1,1,1
80,2,674,355,119,110,1,1,1
81,2,673,356,120,108,1,1,1
82,2,672,357,120,110,1,1,1
83,2,672,358,120,108,1,1,1
84,2,672,359,120,108,1,1,1
85,2,672,359,120,108,1,1,1
86,2,671,359,121,110,1,1,1
87,2,670,360,120,108,1,1,1
88,2,670,360,121,108,1,1,1
89,2,668,361,123,108,1,1,1
90,2,668,361,123,108,1,1,1
91,2,667,362,124,106,1,1,1
92,2,667,363,124,108,1,1,1
93,2,666,364,124,106,1,1,1
94,2,667,364,123,106,1,1,1
95,2,666,364,124,106,1,1,1
96,2,666,366,124,106,1,1,1
97,2,666,366,124,106,1,1,1
98,2,666,366,125,106,1,1,1
99,2,665,367,127,106,1,1,1
100,2,665,368,127,106,1,1,1
101,2,663,368,127,106,1,1,1
102,2,663,368,127,106,1,1,1
103,2,662,369,128,106,1,1,1
104,2,662,369,128,106,1,1,1
105,2,662,369,128,106,1,1,1
106,2,662,370,129,106,1,1,1
107,2,662,372,129,104,1,1,1
108,2,660,374,131,103,1,1,1
109,2,660,375,129,103,1,1,1
110,2,660,375,131,103,1,1,1
111,2,660,377,131,101,1,1,1
112,2,659,377,132,101,1,1,1
113,2,659,377,132,101,1,1,1
114,2,659,379,132,101,1,1,1
115,2,658,379,132,101,1,1,1
116,2,657,379,134,101,1,1,1
117,2,656,381,134,101,1,1,1
118,2,656,382,134,99,1,1,1
119,2,656,383,132,99,1,1,1
120,2,656,383,134,99,1,1,1
121,2,656,384,134,99,1,1,1
122,2,656,384,134,99,1,1,1
123,2,656,385,134,99,1,1,1
124,2,656,386,134,97,1,1,1
125,2,656,388,132,97,1,1,1
126,2,655,388,132,97,1,1,1
127,2,655,388,132,97,1,1,1
128,2,655,390,132,97,1,1,1
129,2,653,390,134,97,1,1,1
130,2,654,390,132,97,1,1,1
131,2,652,392,132,96,1,1,1
132,2,652,392,132,96,1,1,1
133,2,653,392,132,96,1,1,1
134,2,652,392,132,96,1,1,1
135,2,652,394,132,96,1,1,1
136,2,651,395,132,94,1,1,1
137,2,651,395,132,94,1,1,1
138,2,650,395,132,94,1,1,1
139,2,650,395,132,94,1,1,1
140,2,650,397,132,94,1,1,1
141,2,650,397,132,94,1,1,1
142,2,650,397,132,94,1,1,1
143,2,650,397,132,94,1,1,1
144,2,649,398,131,94,1,1,1
145,2,649,399,132,94,1,1,1
146,2,649,399,132,94,1,1,1
147,2,648,399,131,94,1,1,1
148,2,648,399,131,94,1,1,1
149,2,647,398,131,96,1,1,1
150,2,648,398,129,96,1,1,1
151,2,646,399,132,97,1,1,1
152,2,645,399,131,97,1,1,1
153,2,645,399,131,97,1,1,1
154,2,646,398,129,99,1,1,1
155,2,645,398,129,99,1,1,1
156,2,644,399,131,99,1,1,1
157,2,645,399,129,99,1,1,1
158,2,644,399,131,99,1,1,1
159,2,644,399,129,101,1,1,1
160,2,644,399,129,101,1,1,1
161,2,644,398,129,103,1,1,1
162,2,643,398,129,103,1,1,1
163,2,642,399,128,103,1,1,1
164,2,642,398,128,106,1,1,1
165,2,642,398,129,106,1,1,1
166,2,641,398,128,106,1,1,1
167,2,641,397,128,108,1,1,1
168,2,641,397,128,108,1,1,1
169,2,642,397,127,108,1,1,1
170,2,641,396,125,106,1,1,1
171,2,641,397,125,108,1,1,1
172,2,641,397,125,108,1,1,1
173,2,640,397,124,108,1,1,1
174,2,638,397,128,112,1,1,1
175,2,638,396,128,113,1,1,1
176,2,636,396,128,113,1,1,1
177,2,636,397,128,115,1,1,1
178,2,637,397,127,115,1,1,1
179,2,635,397,127,115,1,1,1
180,2,634,396,127,117,1,1,1
181,2,636,397,124,115,1,1,1
182,2,634,396,125,117,1,1,1
183,2,635,396,124,117,1,1,1
184,2,634,395,125,119,1,1,1
185,2,634,396,124,117,1,1,1
186,2,632,396,124,117,1,1,1
187,2,632,396,125,117,1,1,1
188,2,632,396,125,117,1,1,1
189,2,632,396,124,117,1,1,1
190,2,634,392,124,117,1,1,1
191,2,630,396,124,117,1,1,1
192,2,630,397,124,115,1,1,1
193,2,630,397,124,115,1,1,1
194,2,629,397,123,115,1,1,1
195,2,629,397,123,115,1,1,1
196,2,630,397,121,115,1,1,1
197,2,628,397,123,115,1,1,1
198,2,628,397,121,115,1,1,1
199,2,629,397,120,115,1,1,1
200,2,629,397,120,115,1,1,1
201,2,628,398,121,113,1,1,1
202,2,628,398,120,113,1,1,1
203,2,628,397,121,115,1,1,1
204,2,627,397,121,115,1,1,1
205,2,626,397,120,115,1,1,1
206,2,626,399,120,115,1,1,1
207,2,626,400,120,113,1,1,1
208,2,626,400,119,113,1,1,1
209,2,625,399,120,115,1,1,1
210,2,625,399,120,115,1,1,1
211,2,624,401,120,113,1,1,1
212,2,624,399,120,115,1,1,1
213,2,624,400,120,115,1,1,1
214,2,623,400,119,115,1,1,1
215,2,623,401,119,113,1,1,1
216,2,622,401,119,115,1,1,1
217,2,622,401,119,115,1,1,1
218,2,622,403,119,113,1,1,1
219,2,621,403,118,113,1,1,1
220,2,620,403,118,113,1,1,1
221,2,620,403,118,113,1,1,1
222,2,620,403,118,113,1,1,1
223,2,620,403,116,113,1,1,1
224,2,620,405,116,113,1,1,1
225,2,620,405,116,113,1,1,1
226,2,618,405,118,113,1,1,1
227,2,619,405,116,113,1,1,1
228,2,618,406,116,112,1,1,1
229,2,618,408,116,110,1,1,1
230,2,618,408,116,110,1,1,1
231,2,617,408,118,112,1,1,1
232,2,617,408,119,112,1,1,1
233,2,616,409,120,112,1,1,1
234,2,617,410,119,110,1,1,1
235,2,616,410,120,110,1,1,1
236,2,615,412,121,110,1,1,1
237,2,615,413,121,108,1,1,1
238,2,615,414,123,108,1,1,1
239,2,614,412,124,110,1,1,1
240,2,614,414,124,110,1,1,1
241,2,614,415,125,108,1,1,1
242,2,614,417,127,106,1,1,1
243,2,614,417,125,106,1,1,1
244,2,614,419,127,106,1,1,1
245,2,613,419,128,106,1,1,1
246,2,612,420,128,104,1,1,1
247,2,612,420,129,104,1,1,1
248,2,612,420,129,104,1,1,1
249,2,612,420,129,104,1,1,1
250,2,611,422,131,104,1,1,1
251,2,611,423,131,103,1,1,1
252,2,610,423,132,103,1,1,1
253,2,610,423,132,103,1,1,1
254,2,610,424,132,103,1,1,1
255,2,608,425,132,101,1,1,1
256,2,608,425,132,101,1,1,1
257,2,608,425,134,101,1,1,1
258,2,608,427,132,101,1,1,1
259,2,607,428,134,99,1,1,1
260,2,607,429,134,101,1,1,1
261,2,607,430,132,99,1,1,1
262,2,605,430,134,99,1,1,1
263,2,606,430,132,99,1,1,1
264,2,606,432,132,99,1,1,1
265,2,606,432,132,97,1,1,1
266,2,604,432,132,99,1,1,1
267,2,604,432,132,99,1,1,1
268,2,602,434,132,97,1,1,1
269,2,602,434,132,97,1,1,1
270,2,602,433,132,99,1,1,1
271,2,603,433,131,99,1,1,1
272,2,603,433,131,99,1,1,1
273,2,603,433,129,99,1,1,1
274,2,602,433,129,99,1,1,1
275,2,602,434,129,97,1,1,1
276,2,602,433,129,99,1,1,1
277,2,600,433,129,99,1,1,1
278,2,600,433,129,99,1,1,1
279,2,599,433,129,99,1,1,1
280,2,599,432,129,101,1,1,1
281,2,600,432,128,103,1,1,1
282,2,598,432,128,103,1,1,1
283,2,599,432,128,103,1,1,1
284,2,599,431,128,104,1,1,1
285,2,598,432,128,103,1,1,1
286,2,597,432,127,104,1,1,1
287,2,597,432,127,104,1,1,1
288,2,597,430,125,106,1,1,1
289,2,596,431,125,106,1,1,1
290,2,596,431,125,106,1,1,1
291,2,596,431,125,106,1,1,1
292,2,594,431,127,106,1,1,1
293,2,595,431,124,106,1,1,1
294,2,595,432,124,106,1,1,1
295,2,594,432,124,106,1,1,1
296,2,594,432,124,106,1,1,1
297,2,594,432,124,106,1,1,1
298,2,593,431,123,108,1,1,1
299,2,593,431,123,108,1,1,1
300,2,592,433,123,106,1,1,1
301,2,592,431,123,108,1,1,1
302,2,591,431,123,108,1,1,1
303,2,592,432,121,108,1,1,1
304,2,592,432,120,108,1,1,1
305,2,591,432,121,108,1,1,1
306,2,590,433,120,108,1,1,1
307,2,590,433,120,108,1,1,1
308,2,590,433,120,108,1,1,1
309,2,588,433,121,108,1,1,1
310,2,588,434,121,108,1,1,1
311,2,588,433,121,108,1,1,1
312,2,588,435,121,106,1,1,1
313,2,588,435,123,106,1,1,1
314,2,588,436,121,108,1,1,1
315,2,588,436,123,108,1,1,1
316,2,586,436,124,108,1,1,1
317,2,586,436,124,108,1,1,1
318,2,586,436,124,108,1,1,1
319,2,586,436,124,108,1,1,1
320,2,586,437,124,106,1,1,1
321,2,586,439,124,106,1,1,1
322,2,585,439,125,106,1,1,1
323,2,584,439,124,106,1,1,1
324,2,584,440,124,106,1,1,1
325,2,584,441,125,104,1,1,1
326,2,584,442,125,103,1,1,1
327,2,584,441,125,104,1,1,1
328,2,583,441,127,104,1,1,1
329,2,583,443,128,104,1,1,1
330,2,582,444,128,103,1,1,1
331,2,582,443,128,104,1,1,1
332,2,582,443,128,104,1,1,1
333,2,582,443,128,104,1,1,1
334,2,582,445,129,104,1,1,1
335,2,580,444,131,106,1,1,1
336,2,580,445,131,104,1,1,1
337,2,580,445,131,104,1,1,1
338,2,580,447,129,103,1,1,1
339,2,580,448,131,103,1,1,1
340,2,580,448,131,103,1,1,1
341,2,580,450,131,101,1,1,1
342,2,579,450,132,101,1,1,1
343,2,579,451,132,99,1,1,1
344,2,580,451,131,99,1,1,1
345,2,578,453,132,99,1,1,1
346,2,578,453,132,99,1,1,1
347,2,578,453,132,99,1,1,1
348,2,578,453,132,99,1,1,1
349,2,576,455,132,99,1,1,1
350,2,576,456,132,97,1,1,1
351,2,576,456,132,97,1,1,1
352,2,576,457,132,97,1,1,1
353,2,576,457,132,97,1,1,1
354,2,577,457,132,97,1,1,1
355,2,577,458,132,97,1,1,1
356,2,576,458,132,97,1,1,1
357,2,576,460,132,96,1,1,1
358,2,576,460,132,96,1,1,1
359,2,575,460,131,96,1,1,1
360,2,575,460,131,96,1,1,1
361,2,575,461,131,97,1,1,1
362,2,574,462,132,96,1,1,1
363,2,575,462,131,96,1,1,1
364,2,574,461,132,97,1,1,1
365,2,574,462,132,96,1,1,1
366,2,574,463,132,97,1,1,1
367,2,572,464,132,96,1,1,1
368,2,573,464,132,94,1,1,1
369,2,573,464,132,94,1,1,1
370,2,573,466,132,94,1,1,1
371,2,571,466,132,94,1,1,1
372,2,571,466,132,94,1,1,1
373,2,572,466,131,94,1,1,1
374,2,570,466,132,94,1,1,1
375,2,571,466,131,94,1,1,1
376,2,571,466,131,94,1,1,1
377,2,571,466,131,94,1,1,1
378,2,571,466,129,94,1,1,1
379,2,571,468,129,94,1,1,1
380,2,570,468,128,94,1,1,1
381,2,570,468,128,94,1,1,1
382,2,568,468,131,94,1,1,1
383,2,568,469,129,94,1,1,1
384,2,568,469,129,94,1,1,1
385,2,569,469,128,94,1,1,1
386,2,569,469,128,94,1,1,1
387,2,568,469,129,96,1,1,1
388,2,568,469,129,96,1,1,1
389,2,568,469,129,96,1,1,1
390,2,568,469,128,96,1,1,1
391,2,568,468,128,97,1,1,1
392,2,566,469,128,96,1,1,1
393,2,566,468,128,97,1,1,1
394,2,567,469,128,96,1,1,1
395,2,567,468,128,97,1,1,1
396,2,566,468,128,97,1,1,1
397,2,566,469,128,99,1,1,1
398,2,565,469,128,99,1,1,1
399,2,564,469,128,99,1,1,1
400,2,564,469,128,99,1,1,1
401,2,564,469,128,99,1,1,1
402,2,564,469,128,99,1,1,1
403,2,564,468,128,101,1,1,1
404,2,563,468,127,101,1,1,1
405,2,563,468,128,101,1,1,1
406,2,564,468,125,101,1,1,1
407,2,562,468,127,101,1,1,1
408,2,563,468,125,101,1,1,1
409,2,562,468,125,101,1,1,1
410,2,562,468,125,101,1,1,1
411,2,562,467,125,103,1,1,1
412,2,562,468,124,101,1,1,1
413,2,562,468,124,101,1,1,1
414,2,561,468,124,101,1,1,1
415,2,560,467,124,103,1,1,1
416,2,561,467,124,103,1,1,1
417,2,560,467,123,103,1,1,1
418,2,560,467,124,103,1,1,1
419,2,560,467,124,103,1,1,1
420,2,560,467,123,103,1,1,1
421,2,558,467,124,103,1,1,1
422,2,559,468,123,104,1,1,1
423,2,559,468,123,104,1,1,1
424,2,557,468,123,104,1,1,1
425,2,557,468,123,104,1,1,1
426,2,557,468,123,104,1,1,1
427,2,556,468,123,104,1,1,1
428,2,556,468,121,104,1,1,1
429,2,556,467,121,106,1,1,1
430,2,556,467,121,106,1,1,1
431,2,556,468,121,104,1,1,1
432,2,556,468,121,104,1,1,1
433,2,556,468,120,104,1,1,1
434,2,556,469,120,106,1,1,1
435,2,556,469,120,106,1,1,1
436,2,554,469,120,106,1,1,1
437,2,555,469,120,106,1,1,1
438,2,555,469,120,106,1,1,1
439,2,555,469,120,106,1,1,1
440,2,553,469,120,106,1,1,1
441,2,553,470,120,104,1,1,1
442,2,553,470,120,104,1,1,1
443,2,554,469,119,106,1,1,1
444,2,553,471,119,106,1,1,1
445,2,553,471,119,106,1,1,1
446,2,553,471,119,106,1,1,1
447,2,552,471,120,106,1,1,1
448,2,552,471,120,106,1,1,1
449,2,552,471,120,106,1,1,1
450,2,552,470,120,108,1,1,1
451,2,550,472,120,106,1,1,1
452,2,550,470,120,108,1,1,1
453,2,550,472,120,106,1,1,1
454,2,549,472,120,106,1,1,1
455,2,549,472,120,106,1,1,1
456,2,549,472,120,106,1,1,1
457,2,548,472,120,106,1,1,1
458,2,548,473,120,106,1,1,1
459,2,549,473,119,106,1,1,1
460,2,548,472,120,106,1,1,1
461,2,548,472,120,106,1,1,1
462,2,549,474,119,106,1,1,1
463,2,548,474,118,106,1,1,1
464,2,547,474,119,106,1,1,1
465,2,547,474,119,106,1,1,1
466,2,547,474,119,106,1,1,1
467,2,547,474,119,106,1,1,1
468,2,546,476,119,106,1,1,1
469,2,547,474,120,106,1,1,1
470,2,546,476,119,106,1,1,1
471,2,546,476,120,106,1,1,1
472,2,546,476,119,106,1,1,1
473,2,546,476,119,106,1,1,1
474,2,546,476,119,106,1,1,1
475,2,544,477,120,104,1,1,1
476,2,544,477,120,104,1,1,1
477,2,544,478,120,106,1,1,1
478,2,544,478,120,106,1,1,1
479,2,544,478,120,106,1,1,1
480,2,544,479,120,104,1,1,1
481,2,544,479,120,104,1,1,1
482,2,542,478,120,106,1,1,1
483,2,542,478,120,106,1,1,1
484,2,542,478,120,106,1,1,1
485,2,542,478,120,106,1,1,1
486,2,543,478,120,106,1,1,1
487,2,542,478,119,106,1,1,1
488,2,542,480,120,104,1,1,1
489,2,542,480,120,106,1,1,1
490,2,543,480,118,106,1,1,1
491,2,541,480,118,104,1,1,1
492,2,541,480,118,104,1,1,1
493,2,541,480,118,106,1,1,1
494,2,542,480,119,106,1,1,1
495,2,542,480,119,106,1,1,1
496,2,540,482,120,104,1,1,1
497,2,541,482,119,104,1,1,1
498,2,540,481,120,106,1,1,1
499,2,540,481,120,106,1,1,1
500,2,539,481,119,106,1,1,1
501,2,539,482,119,104,1,1,1
502,2,539,482,119,104,1,1,1
503,2,539,482,119,104,1,1,1
504,2,539,482,119,104,1,1,1
505,2,540,482,118,104,1,1,1
506,2,540,484,118,104,1,1,1
507,2,538,483,119,106,1,1,1
508,2,538,483,119,106,1,1,1
509,2,540,483,118,106,1,1,1
510,2,540,485,118,106,1,1,1
511,2,540,485,116,106,1,1,1
512,2,540,487,116,106,1,1,1
513,2,540,487,116,106,1,1,1
514,2,542,488,116,106,1,1,1
515,2,543,492,115,103,1,1,1
516,2,543,494,115,103,1,1,1
517,2,543,494,116,103,1,1,1
518,2,543,494,116,103,1,1,1
519,2,544,496,116,103,1,1,1
520,2,546,495,116,103,1,1,1
521,2,546,496,116,104,1,1,1
522,2,546,497,116,103,1,1,1
523,2,547,498,115,104,1,1,1
524,2,546,498,114,104,1,1,1
525,2,548,498,112,104,1,1,1
526,2,549,498,111,104,1,1,1
527,2,549,500,111,104,1,1,1
528,2,550,499,108,106,1,1,1
529,2,550,499,108,106,1,1,1
530,2,549,500,107,104,1,1,1
531,2,550,501,105,106,1,1,1
532,2,551,501,104,106,1,1,1
533,2,552,500,101,108,1,1,1
534,2,552,501,100,106,1,1,1
535,2,552,499,99,110,1,1,1
536,2,551,499,98,110,1,1,1
537,2,552,499,96,110,1,1,1
538,2,551,498,95,113,1,1,1
539,2,552,499,94,113,1,1,1
540,2,552,497,92,115,1,1,1
541,2,553,497,92,115,1,1,1
542,2,552,496,91,115,1,1,1
543,2,553,496,88,115,1,1,1
544,2,552,498,88,115,1,1,1
545,2,553,498,87,115,1,1,1
546,2,553,498,85,115,1,1,1
547,2,552,500,84,115,1,1,1
548,2,553,499,84,117,1,1,1
549,2,552,499,83,117,1,1,1
550,2,552,498,81,119,1,1,1
551,2,553,497,80,120,1,1,1
552,2,552,497,80,120,1,1,1
553,2,552,496,76,122,1,1,1
554,2,553,496,76,122,1,1,1
555,2,552,496,76,124,1,1,1
556,2,551,495,75,124,1,1,1
557,2,551,494,74,126,1,1,1
558,2,552,494,72,128,1,1,1
559,2,552,493,72,129,1,1,1
560,2,551,493,71,129,1,1,1
561,2,551,492,72,131,1,1,1
562,2,551,491,72,133,1,1,1
563,2,551,489,70,133,1,1,1
564,2,550,490,71,135,1,1,1
565,2,550,488,68,135,1,1,1
566,2,549,487,67,138,1,1,1
567,2,549,487,68,138,1,1,1
568,2,549,486,65,140,1,1,1
569,2,548,487,64,140,1,1,1
570,2,549,486,63,142,1,1,1
571,2,548,486,62,142,1,1,1
572,2,548,485,60,145,1,1,1
573,2,548,485,59,145,1,1,1
574,2,549,484,60,147,1,1,1
575,2,548,482,57,147,1,1,1
576,2,547,483,59,149,1,1,1
577,2,547,483,57,149,1,1,1
578,2,547,483,56,149,1,1,1
579,2,548,483,54,149,1,1,1
580,2,548,482,52,151,1,1,1
581,2,547,482,51,151,1,1,1
582,2,547,482,51,151,1,1,1
583,2,546,484,48,151,1,1,1
584,2,546,482,48,152,1,1,1
585,2,545,484,48,151,1,1,1
586,2,544,483,48,152,1,1,1
587,2,546,483,44,152,1,1,1
588,2,546,485,44,152,1,1,1
589,2,545,485,45,152,1,1,1
590,2,545,485,45,152,1,1,1
591,2,545,485,45,152,1,1,1
592,2,544,487,44,152,1,1,1
593,2,544,487,44,152,1,1,1
594,2,544,487,45,152,1,1,1
595,2,544,486,45,154,1,1,1
596,2,542,488,47,152,1,1,1
597,2,542,489,47,152,1,1,1
598,2,542,489,47,152,1,1,1
599,2,542,489,48,152,1,1,1
600,2,542,490,48,152,1,1,1
601,2,542,490,48,152,1,1,1
602,2,542,492,48,152,1,1,1
603,2,540,493,51,151,1,1,1
604,2,540,493,51,151,1,1,1
605,2,538,495,52,149,1,1,1
606,2,538,495,52,149,1,1,1
607,2,538,495,52,149,1,1,1
608,2,537,495,54,151,1,1,1
609,2,536,497,56,149,1,1,1
610,2,537,497,54,149,1,1,1
611,2,539,497,52,149,1,1,1
612,2,537,500,55,147,1,1,1
613,2,537,499,55,149,1,1,1
614,2,535,501,57,149,1,1,1
615,2,536,501,56,149,1,1,1
616,2,538,503,55,147,1,1,1
617,2,536,503,56,147,1,1,1
618,2,538,503,55,149,1,1,1
619,2,538,504,56,147,1,1,1
620,2,539,504,54,147,1,1,1
621,2,539,505,54,147,1,1,1
622,2,538,505,55,147,1,1,1
623,2,538,505,55,147,1,1,1
624,2,539,508,56,145,1,1,1
625,2,539,508,56,145,1,1,1
626,2,538,510,56,145,1,1,1
627,2,539,510,59,145,1,1,1
628,2,539,510,59,145,1,1,1
629,2,539,512,60,144,1,1,1
630,2,539,514,60,144,1,1,1
631,2,538,513,62,145,1,1,1
632,2,538,515,63,142,1,1,1
633,2,539,514,64,145,1,1,1
634,2,539,516,64,144,1,1,1
635,2,538,518,64,142,1,1,1
636,2,537,519,67,142,1,1,1
637,2,538,520,68,142,1,1,1
638,2,538,524,68,138,1,1,1
639,2,536,526,70,138,1,1,1
640,2,535,526,71,138,1,1,1
641,2,535,526,72,138,1,1,1
642,2,535,526,72,138,1,1,1
643,2,535,528,72,136,1,1,1
644,2,533,529,72,135,1,1,1
645,2,533,528,71,136,1,1,1
646,2,532,528,68,136,1,1,1
647,2,532,528,68,138,1,1,1
648,2,531,529,67,138,1,1,1
649,2,531,529,64,138,1,1,1
650,2,530,528,63,140,1,1,1
651,2,528,528,62,140,1,1,1
652,2,528,528,60,140,1,1,1
653,2,528,528,59,140,1,1,1
654,2,527,528,59,140,1,1,1
655,2,526,529,56,142,1,1,1
656,2,525,530,55,140,1,1,1
657,2,524,530,56,140,1,1,1
658,2,524,530,56,140,1,1,1
659,2,524,529,56,142,1,1,1
660,2,523,531,59,142,1,1,1
661,2,523,531,59,142,1,1,1
662,2,522,532,60,140,1,1,1
663,2,522,534,60,140,1,1,1
664,2,521,536,63,140,1,1,1
665,2,520,536,64,140,1,1,1
666,2,520,537,64,140,1,1,1
667,2,520,538,64,138,1,1,1
668,2,519,540,65,138,1,1,1
669,2,519,539,65,140,1,1,1
670,2,517,541,67,140,1,1,1
671,2,518,544,68,136,1,1,1
672,2,518,544,68,138,1,1,1
673,2,516,546,70,136,1,1,1
674,2,516,546,70,136,1,1,1
675,2,515,546,71,136,1,1,1
676,2,516,549,72,135,1,1,1
677,2,516,552,72,133,1,1,1
678,2,516,551,72,135,1,1,1
679,2,515,550,74,136,1,1,1
680,2,515,552,74,136,1,1,1
681,2,515,553,75,136,1,1,1
682,2,515,552,76,138,1,1,1
683,2,515,553,76,136,1,1,1
684,2,514,555,77,136,1,1,1
685,2,514,557,79,135,1,1,1
686,2,515,557,80,136,1,1,1
687,2,514,556,80,138,1,1,1
688,2,514,558,81,138,1,1,1
689,2,513,558,84,138,1,1,1
690,2,512,560,84,138,1,1,1
691,2,513,560,85,138,1,1,1
692,2,513,561,85,138,1,1,1
693,2,513,564,87,136,1,1,1
694,2,512,564,88,136,1,1,1
695,2,512,567,89,135,1,1,1
696,2,512,567,89,135,1,1,1
697,2,510,568,92,135,1,1,1
698,2,510,568,92,135,1,1,1
699,2,510,570,92,135,1,1,1
700,2,510,570,92,135,1,1,1
701,2,509,572,94,135,1,1,1
702,2,508,573,94,133,1,1,1
703,2,508,574,94,133,1,1,1
704,2,508,575,94,133,1,1,1
705,2,508,574,92,135,1,1,1
706,2,507,576,92,133,1,1,1
707,2,507,578,92,133,1,1,1
708,2,507,577,92,135,1,1,1
709,2,507,578,91,133,1,1,1
710,2,506,579,92,135,1,1,1
711,2,507,579,91,135,1,1,1
712,2,507,579,91,135,1,1,1
713,2,507,582,91,133,1,1,1
714,2,505,581,91,135,1,1,1
715,2,506,583,89,133,1,1,1
716,2,504,584,91,133,1,1,1
717,2,505,584,89,133,1,1,1
718,2,505,585,89,133,1,1,1
719,2,505,585,88,133,1,1,1
720,2,504,586,88,135,1,1,1
721,2,503,586,88,135,1,1,1
722,2,502,586,87,135,1,1,1
723,2,503,588,85,135,1,1,1
724,2,503,588,84,135,1,1,1
725,2,502,588,84,135,1,1,1
726,2,502,587,84,136,1,1,1
727,2,500,588,84,138,1,1,1
728,2,501,588,84,138,1,1,1
729,2,500,588,83,138,1,1,1
730,2,501,588,80,138,1,1,1
731,2,501,588,80,138,1,1,1
732,2,500,588,80,138,1,1,1
733,2,500,590,80,138,1,1,1
734,2,499,589,80,140,1,1,1
735,2,498,589,79,140,1,1,1
736,2,499,590,76,140,1,1,1
737,2,499,591,76,140,1,1,1
738,2,498,590,76,142,1,1,1
739,2,498,590,76,142,1,1,1
740,2,498,591,74,142,1,1,1
741,2,496,591,75,142,1,1,1
742,2,496,592,75,142,1,1,1
743,2,497,592,72,142,1,1,1
744,2,496,592,72,144,1,1,1
745,2,496,592,72,144,1,1,1
746,2,496,592,72,145,1,1,1
747,2,495,592,72,144,1,1,1
748,2,495,594,72,144,1,1,1
749,2,494,594,71,144,1,1,1
750,2,493,593,72,145,1,1,1
751,2,493,594,72,145,1,1,1
752,2,493,595,72,145,1,1,1
753,2,493,596,71,144,1,1,1
754,2,492,597,70,145,1,1,1
755,2,492,597,68,145,1,1,1
756,2,493,600,68,142,1,1,1
757,2,492,600,68,142,1,1,1
758,2,492,600,68,144,1,1,1
759,2,492,599,68,145,1,1,1
760,2,491,600,70,145,1,1,1
761,2,491,600,70,145,1,1,1
762,2,490,600,71,145,1,1,1
763,2,491,603,68,144,1,1,1
764,2,489,604,70,142,1,1,1
765,2,489,602,71,145,1,1,1
766,2,488,604,70,145,1,1,1
767,2,488,605,70,144,1,1,1
768,2,488,605,70,144,1,1,1
769,2,488,607,70,144,1,1,1
770,2,488,607,70,144,1,1,1
771,2,487,607,71,144,1,1,1
772,2,487,608,71,145,1,1,1
773,2,487,609,71,142,1,1,1
774,2,487,611,72,142,1,1,1
775,2,487,611,72,142,1,1,1
776,2,487,611,72,142,1,1,1
777,2,485,611,72,142,1,1,1
778,2,487,613,72,142,1,1,1
779,2,485,613,72,142,1,1,1
780,2,485,614,72,142,1,1,1
781,2,485,615,72,142,1,1,1
782,2,485,615,74,142,1,1,1
783,2,485,616,74,142,1,1,1
784,2,485,617,74,140,1,1,1
785,2,485,619,74,140,1,1,1
786,2,484,619,75,140,1,1,1
787,2,484,620,75,142,1,1,1
788,2,484,621,75,140,1,1,1
789,2,484,621,75,140,1,1,1
790,2,482,623,76,138,1,1,1
791,2,483,623,76,140,1,1,1
792,2,483,623,76,140,1,1,1
793,2,482,623,77,140,1,1,1
794,2,482,623,79,140,1,1,1
795,2,482,623,79,140,1,1,1
796,2,482,624,79,140,1,1,1
797,2,482,624,79,140,1,1,1
798,2,482,624,79,140,1,1,1
799,2,482,626,79,140,1,1,1
800,2,482,626,80,140,1,1,1
801,2,481,626,80,140,1,1,1
802,2,481,626,80,140,1,1,1
803,2,481,628,80,140,1,1,1
804,2,481,628,80,140,1,1,1
805,2,481,630,80,140,1,1,1
806,2,480,630,81,140,1,1,1
807,2,480,630,81,140,1,1,1
808,2,480,632,83,138,1,1,1
809,2,480,631,83,140,1,1,1
810,2,480,632,83,140,1,1,1
811,2,478,633,84,138,1,1,1
812,2,478,634,84,138,1,1,1
813,2,478,634,84,138,1,1,1
814,2,478,634,84,138,1,1,1
815,2,478,634,84,138,1,1,1
816,2,478,636,84,138,1,1,1
817,2,478,636,84,138,1,1,1
818,2,478,635,84,140,1,1,1
819,2,478,636,84,138,1,1,1
820,2,478,636,84,138,1,1,1
821,2,477,638,85,138,1,1,1
822,2,477,638,85,138,1,1,1
823,2,477,638,85,138,1,1,1
824,2,476,640,84,138,1,1,1
825,2,476,640,84,138,1,1,1
826,2,476,640,84,138,1,1,1
827,2,477,639,84,140,1,1,1
828,2,476,641,84,138,1,1,1
829,2,476,641,84,138,1,1,1
830,2,477,641,84,138,1,1,1
831,2,477,641,84,140,1,1,1
832,2,475,643,84,138,1,1,1
833,2,475,643,84,138,1,1,1
834,2,475,645,84,138,1,1,1
835,2,475,645,84,138,1,1,1
836,2,474,645,84,138,1,1,1
837,2,474,645,84,138,1,1,1
838,2,474,647,84,138,1,1,1
839,2,475,647,83,138,1,1,1
840,2,475,647,83,138,1,1,1
841,2,475,647,81,138,1,1,1
842,2,475,647,81,138,1,1,1
843,2,473,648,83,138,1,1,1
844,2,475,648,81,138,1,1,1
845,2,474,649,81,136,1,1,1
846,2,474,649,81,138,1,1,1
847,2,474,651,81,136,1,1,1
848,2,473,649,80,138,1,1,1
849,2,473,650,80,138,1,1,1
850,2,473,650,80,138,1,1,1
851,2,473,650,80,138,1,1,1
852,2,473,652,80,138,1,1,1
853,2,473,652,80,138,1,1,1
854,2,473,652,80,138,1,1,1
855,2,472,652,80,138,1,1,1
856,2,472,652,80,138,1,1,1
857,2,472,652,80,138,1,1,1
858,2,472,653,80,140,1,1,1
859,2,472,654,80,138,1,1,1
860,2,472,653,80,140,1,1,1
861,2,470,655,80,140,1,1,1
862,2,468,656,83,138,1,1,1
863,2,467,657,84,138,1,1,1
864,2,466,657,85,138,1,1,1
865,2,468,659,84,138,1,1,1
866,2,468,660,84,136,1,1,1
867,2,473,659,79,138,1,1,1
868,2,474,659,77,138,1,1,1
869,2,475,659,76,138,1,1,1
870,2,475,659,76,138,1,1,1
871,2,476,659,75,138,1,1,1
872,2,476,660,74,140,1,1,1
873,2,477,660,72,140,1,1,1
874,2,477,659,72,142,1,1,1
875,2,477,659,71,142,1,1,1
876,2,477,660,71,140,1,1,1
877,2,477,659,71,142,1,1,1
878,2,479,661,68,142,1,1,1
879,2,475,661,75,142,1,1,1
880,2,479,663,72,140,1,1,1
881,2,478,663,72,140,1,1,1
882,2,477,664,75,140,1,1,1
883,2,478,664,72,140,1,1,1
884,2,478,666,72,138,1,1,1
885,2,478,667,72,136,1,1,1
886,2,478,669,74,136,1,1,1
887,2,478,670,74,135,1,1,1
888,2,478,670,74,135,1,1,1
889,2,477,670,72,135,1,1,1
890,2,478,672,71,133,1,1,1
891,2,479,672,68,133,1,1,1
892,2,478,672,68,135,1,1,1
893,2,478,673,68,131,1,1,1
894,2,477,675,67,131,1,1,1
895,2,478,675,65,131,1,1,1
896,2,478,675,64,131,1,1,1
897,2,478,676,63,129,1,1,1
898,2,477,676,63,129,1,1,1
899,2,476,676,60,129,1,1,1
900,2,474,676,60,129,1,1,1
901,2,475,678,59,129,1,1,1
902,2,474,678,57,129,1,1,1
903,2,473,678,56,129,1,1,1
904,2,472,678,56,129,1,1,1
905,2,472,679,54,128,1,1,1
906,2,472,679,54,128,1,1,1
907,2,472,679,52,128,1,1,1
908,2,470,679,52,128,1,1,1
909,2,471,681,51,126,1,1,1
910,2,469,681,51,126,1,1,1
911,2,469,681,52,126,1,1,1
912,2,469,681,52,126,1,1,1
913,2,468,682,54,124,1,1,1
914,2,466,682,55,124,1,1,1
915,2,465,683,56,126,1,1,1
916,2,464,683,57,126,1,1,1
917,2,464,683,59,126,1,1,1
918,2,464,683,59,126,1,1,1
919,2,465,683,60,126,1,1,1
920,2,464,683,60,126,1,1,1
921,2,464,681,60,126,1,1,1
922,2,462,682,63,128,1,1,1
923,2,461,682,64,128,1,1,1
924,2,461,680,64,129,1,1,1
925,2,462,681,64,129,1,1,1
926,2,462,681,64,129,1,1,1
927,2,460,681,65,129,1,1,1
928,2,460,680,67,131,1,1,1
929,2,460,680,68,131,1,1,1
930,2,457,681,71,129,1,1,1
931,2,458,681,70,129,1,1,1
932,2,457,681,71,129,1,1,1
933,2,457,681,71,129,1,1,1
934,2,457,680,71,131,1,1,1
935,2,457,681,72,131,1,1,1
936,2,457,681,72,131,1,1,1
937,2,457,682,72,131,1,1,1
938,2,455,682,74,131,1,1,1
939,2,455,682,75,131,1,1,1
940,2,454,682,76,131,1,1,1
941,2,454,682,76,131,1,1,1
942,2,454,682,77,131,1,1,1
943,2,454,682,77,131,1,1,1
944,2,452,682,80,131,1,1,1
945,2,452,682,80,131,1,1,1
946,2,451,682,81,131,1,1,1
947,2,451,684,81,131,1,1,1
948,2,450,684,84,131,1,1,1
949,2,450,684,84,131,1,1,1
950,2,448,683,84,133,1,1,1
951,2,449,684,85,131,1,1,1
952,2,449,684,85,131,1,1,1
953,2,448,683,88,133,1,1,1
954,2,448,685,88,133,1,1,1
955,2,448,686,88,131,1,1,1
956,2,447,686,89,131,1,1,1
957,2,447,686,89,131,1,1,1
958,2,447,687,91,131,1,1,1
959,2,446,688,92,131,1,1,1
960,2,444,687,92,131,1,1,1
961,2,444,688,94,129,1,1,1
962,2,444,688,94,129,1,1,1
963,2,444,688,96,131,1,1,1
964,2,444,688,96,131,1,1,1
965,2,444,689,96,129,1,1,1
966,2,444,689,96,129,1,1,1
967,2,442,690,96,129,1,1,1
968,2,442,690,98,129,1,1,1
969,2,443,690,99,129,1,1,1
970,2,443,690,99,129,1,1,1
971,2,442,690,100,129,1,1,1
972,2,442,691,100,128,1,1,1
973,2,442,690,101,129,1,1,1
974,2,442,691,101,128,1,1,1
975,2,442,691,101,128,1,1,1
976,2,444,691,100,128,1,1,1
977,2,446,694,100,126,1,1,1
978,2,446,694,100,126,1,1,1
979,2,446,694,100,126,1,1,1
980,2,448,694,99,126,1,1,1
981,2,448,694,98,126,1,1,1
982,2,450,695,96,124,1,1,1
983,2,450,694,96,124,1,1,1
984,2,450,694,96,124,1,1,1
985,2,452,695,96,124,1,1,1
986,2,452,696,96,122,1,1,1
987,2,453,696,96,122,1,1,1
988,2,454,696,96,120,1,1,1
989,2,454,698,96,120,1,1,1
990,2,455,698,96,120,1,1,1
991,2,455,698,96,120,1,1,1
992,2,454,699,96,119,1,1,1
993,2,454,700,96,117,1,1,1
994,2,454,700,96,117,1,1,1
995,2,454,703,98,115,1,1,1
996,2,454,702,98,115,1,1,1
997,2,455,703,99,115,1,1,1
998,2,455,704,99,113,1,1,1
999,2,454,704,100,113,1,1,1
1000,2,454,704,100,113,1,1,1
1001,2,454,704,101,113,1,1,1
1002,2,454,706,101,112,1,1,1
1003,2,453,707,101,110,1,1,1
1004,2,453,707,103,110,1,1,1
1005,2,453,708,103,108,1,1,1
1006,2,452,708,104,108,1,1,1
1007,2,452,710,104,104,1,1,1
1008,2,451,709,105,106,1,1,1
1009,2,451,712,105,103,1,1,1
1010,2,451,712,107,103,1,1,1
1011,2,451,712,107,103,1,1,1
1012,2,451,713,107,101,1,1,1
1013,2,450,715,108,101,1,1,1
1014,2,450,715,108,101,1,1,1
1015,2,448,715,110,101,1,1,1
1016,2,449,715,111,101,1,1,1
1017,2,449,716,111,99,1,1,1
1018,2,449,716,111,99,1,1,1
1019,2,448,716,112,99,1,1,1
1020,2,448,717,112,97,1,1,1
1021,2,447,717,114,97,1,1,1
1022,2,447,719,115,97,1,1,1
1023,2,446,720,116,94,1,1,1
1024,2,446,720,116,94,1,1,1
1025,2,444,720,118,94,1,1,1
1026,2,443,720,119,94,1,1,1
1027,2,445,722,119,94,1,1,1
1028,2,444,720,120,94,1,1,1
1029,2,444,720,120,94,1,1,1
1030,2,444,722,120,94,1,1,1
1031,2,442,723,120,92,1,1,1
1032,2,442,723,120,92,1,1,1
1033,2,441,723,123,92,1,1,1
1034,2,441,724,124,90,1,1,1
1035,2,441,725,124,88,1,1,1
1036,2,440,727,124,88,1,1,1
1037,2,440,727,125,88,1,1,1
1038,2,440,727,125,88,1,1,1
1039,2,440,725,125,88,1,1,1
1040,2,438,728,127,87,1,1,1
1041,2,439,728,128,87,1,1,1
1042,2,437,728,128,87,1,1,1
1043,2,438,730,129,85,1,1,1
1044,2,437,730,129,85,1,1,1
1045,2,436,728,131,85,1,1,1
1046,2,436,729,132,87,1,1,1
1047,2,436,730,132,85,1,1,1
1048,2,436,730,132,85,1,1,1
1049,2,435,731,132,83,1,1,1
1050,2,435,733,134,83,1,1,1
1051,2,435,733,134,83,1,1,1
1052,2,434,733,136,83,1,1,1
1053,2,434,733,136,83,1,1,1
1054,2,433,734,136,81,1,1,1
1055,2,433,734,136,81,1,1,1
1056,2,433,734,138,81,1,1,1
1057,2,433,734,138,81,1,1,1
1058,2,432,735,139,80,1,1,1
1059,2,432,735,139,80,1,1,1
1060,2,430,735,140,80,1,1,1
1061,2,431,735,140,80,1,1,1
1062,2,431,736,140,80,1,1,1
1063,2,431,736,140,80,1,1,1
1064,2,431,737,140,78,1,1,1
1065,2,429,739,141,78,1,1,1
1066,2,429,739,141,78,1,1,1
1067,2,430,740,143,76,1,1,1
1068,2,428,740,144,76,1,1,1
1069,2,428,740,144,76,1,1,1
1070,2,429,740,144,76,1,1,1
1071,2,429,741,144,74,1,1,1
1072,2,427,741,145,74,1,1,1
1073,2,427,743,145,74,1,1,1
1074,2,429,744,144,72,1,1,1
1075,2,427,744,145,72,1,1,1
1076,2,427,744,145,71,1,1,1
1077,2,427,746,145,71,1,1,1
1078,2,427,746,145,71,1,1,1
1079,2,426,746,148,71,1,1,1
1080,2,426,747,148,69,1,1,1
1081,2,426,746,148,71,1,1,1
1082,2,426,747,148,69,1,1,1
1083,2,427,749,148,69,1,1,1
1084,2,426,749,148,69,1,1,1
1085,2,427,749,148,69,1,1,1
1086,2,428,750,148,67,1,1,1
1087,2,428,750,148,67,1,1,1
1088,2,427,750,148,67,1,1,1
1089,2,427,750,148,67,1,1,1
1090,2,428,750,150,67,1,1,1
1091,2,428,752,150,65,1,1,1
1092,2,428,752,150,65,1,1,1
1093,2,427,752,151,65,1,1,1
1094,2,427,753,151,64,1,1,1
1095,2,427,755,151,64,1,1,1
1096,2,427,756,151,62,1,1,1
1097,2,427,756,152,62,1,1,1
1098,2,427,756,152,62,1,1,1
1099,2,427,756,151,62,1,1,1
1100,2,428,756,152,62,1,1,1
1101,2,427,758,151,60,1,1,1
1102,2,427,759,151,60,1,1,1
1103,2,429,759,151,60,1,1,1
1104,2,429,759,151,60,1,1,1
1105,2,429,759,151,60,1,1,1
1106,2,429,759,151,60,1,1,1
1107,2,429,759,150,60,1,1,1
1108,2,429,759,150,60,1,1,1
1109,2,430,760,151,58,1,1,1
1110,2,430,759,151,60,1,1,1
1111,2,430,759,152,60,1,1,1
1112,2,430,759,151,60,1,1,1
1113,2,430,759,151,60,1,1,1
1114,2,430,759,152,60,1,1,1
1115,2,430,759,151,60,1,1,1
1116,2,430,759,151,60,1,1,1
1117,2,430,759,151,60,1,1,1
1118,2,430,759,151,60,1,1,1
1119,2,430,759,151,60,1,1,1
1120,2,431,761,152,58,1,1,1
1121,2,432,761,150,58,1,1,1
1122,2,431,761,152,58,1,1,1
1123,2,431,759,151,60,1,1,1
1124,2,431,759,151,60,1,1,1
1125,2,431,759,151,60,1,1,1
1126,2,432,759,152,60,1,1,1
1127,2,433,761,151,58,1,1,1
1128,2,433,761,151,58,1,1,1
1129,2,433,760,151,60,1,1,1
1130,2,433,761,151,58,1,1,1
1131,2,433,760,150,60,1,1,1
1132,2,433,760,150,60,1,1,1
1133,2,434,760,151,60,1,1,1
1134,2,434,760,151,60,1,1,1
1135,2,434,760,151,60,1,1,1
1136,2,434,760,151,60,1,1,1
1137,2,434,760,151,60,1,1,1
1138,2,436,760,148,60,1,1,1
1139,2,438,760,148,60,1,1,1
1140,2,438,760,148,60,1,1,1
1141,2,438,759,148,60,1,1,1
1142,2,438,759,148,60,1,1,1
1143,2,438,758,148,62,1,1,1
1144,2,436,758,150,62,1,1,1
1145,2,438,758,148,62,1,1,1
1146,2,437,758,151,62,1,1,1
1147,2,437,758,150,62,1,1,1
1148,2,437,758,150,62,1,1,1
1149,2,439,758,148,62,1,1,1
1150,2,439,758,148,62,1,1,1
1151,2,439,758,148,62,1,1,1
1152,2,438,758,150,62,1,1,1
1153,2,439,758,148,62,1,1,1
1154,2,438,757,150,64,1,1,1
1155,2,438,756,150,65,1,1,1
1156,2,438,757,150,64,1,1,1
1157,2,438,757,150,64,1,1,1
1158,2,438,756,150,65,1,1,1
1159,2,440,756,150,65,1,1,1
1160,2,440,756,150,65,1,1,1
1161,2,440,755,148,67,1,1,1
1162,2,441,754,148,65,1,1,1
1163,2,442,753,148,67,1,1,1
1164,2,440,753,148,67,1,1,1
1165,2,440,752,148,69,1,1,1
1166,2,440,752,148,69,1,1,1
1167,2,440,752,148,69,1,1,1
1168,2,442,750,148,71,1,1,1
1169,2,442,752,148,69,1,1,1
1170,2,442,750,148,71,1,1,1
1171,2,442,750,148,71,1,1,1
1172,2,442,749,148,72,1,1,1
1173,2,442,749,148,72,1,1,1
1174,2,441,748,150,74,1,1,1
1175,2,443,749,148,72,1,1,1
1176,2,443,747,148,72,1,1,1
1177,2,443,746,148,74,1,1,1
1178,2,443,745,148,76,1,1,1
1179,2,443,746,148,74,1,1,1
1180,2,443,746,148,74,1,1,1
1181,2,445,744,148,76,1,1,1
1182,2,445,745,148,76,1,1,1
1183,2,444,745,148,76,1,1,1
1184,2,446,745,148,76,1,1,1
1185,2,446,744,148,76,1,1,1
1186,2,446,745,148,76,1,1,1
1187,2,447,745,147,76,1,1,1
1188,2,446,744,148,76,1,1,1
1189,2,448,746,145,74,1,1,1
1190,2,448,746,147,74,1,1,1
1191,2,448,746,147,74,1,1,1
1192,2,449,746,145,74,1,1,1
1193,2,448,746,147,74,1,1,1
1194,2,448,746,147,74,1,1,1
1195,2,448,744,147,76,1,1,1
1196,2,449,744,147,76,1,1,1
1197,2,449,744,147,76,1,1,1
1198,2,451,744,145,76,1,1,1
1199,2,451,744,145,76,1,1,1
1200,2,452,744,144,76,1,1,1
1201,2,453,744,144,76,1,1,1
1202,2,453,744,144,76,1,1,1
1203,2,453,744,144,76,1,1,1
1204,2,454,743,144,78,1,1,1
1205,2,454,744,143,76,1,1,1
1206,2,454,743,144,76,1,1,1
1207,2,454,744,143,76,1,1,1
1208,2,454,743,144,76,1,1,1
1209,2,455,743,144,76,1,1,1
1210,2,456,744,141,74,1,1,1
1211,2,457,744,141,74,1,1,1
1212,2,457,744,141,74,1,1,1
1213,2,457,744,141,74,1,1,1
1214,2,458,745,140,74,1,1,1
1215,2,458,745,140,74,1,1,1
1216,2,458,745,140,74,1,1,1
1217,2,458,745,141,74,1,1,1
1218,2,458,745,141,74,1,1,1
1219,2,458,747,141,72,1,1,1
1220,2,458,744,141,74,1,1,1
1221,2,457,744,143,74,1,1,1
1222,2,457,745,143,74,1,1,1
1223,2,457,745,143,74,1,1,1
1224,2,458,748,143,71,1,1,1
1225,2,457,748,144,71,1,1,1
1226,2,457,748,144,71,1,1,1
1227,2,457,748,144,71,1,1,1
1228,2,457,748,144,71,1,1,1
1229,2,458,748,144,71,1,1,1
1230,2,458,748,144,71,1,1,1
1231,2,458,748,145,71,1,1,1
1232,2,458,750,145,69,1,1,1
1233,2,458,750,145,69,1,1,1
1234,2,458,750,145,69,1,1,1
1235,2,457,750,147,69,1,1,1
1236,2,457,751,148,69,1,1,1
1237,2,457,751,147,69,1,1,1
1238,2,457,751,148,69,1,1,1
1239,2,457,753,147,67,1,1,1
1240,2,457,752,148,67,1,1,1
1241,2,456,753,148,67,1,1,1
1242,2,457,754,148,65,1,1,1
1243,2,457,754,148,65,1,1,1
1244,2,456,754,148,65,1,1,1
1245,2,456,757,148,64,1,1,1
1246,2,456,758,148,62,1,1,1
1247,2,456,758,148,62,1,1,1
1248,2,456,758,148,62,1,1,1
1249,2,456,758,150,62,1,1,1
1250,2,456,760,148,60,1,1,1
1251,2,456,760,148,60,1,1,1
1252,2,456,760,148,60,1,1,1
1253,2,456,760,150,60,1,1,1
1254,2,456,760,150,60,1,1,1
1255,2,456,760,150,60,1,1,1
1256,2,455,760,151,60,1,1,1
1257,2,455,760,151,60,1,1,1
1258,2,455,760,151,60,1,1,1
1259,2,457,761,151,58,1,1,1
1260,2,457,761,151,58,1,1,1
1261,2,457,761,151,58,1,1,1
1262,2,457,761,151,58,1,1,1
1263,2,457,761,151,58,1,1,1
1264,2,457,763,151,58,1,1,1
1265,2,456,761,152,58,1,1,1
1266,2,457,763,151,58,1,1,1
1267,2,457,763,151,58,1,1,1
1268,2,457,763,151,58,1,1,1
1269,2,457,763,151,58,1,1,1
1270,2,456,763,152,58,1,1,1
1271,2,456,763,152,58,1,1,1
1272,2,456,763,152,58,1,1,1
1273,2,456,763,152,58,1,1,1
1274,2,456,764,152,56,1,1,1
1275,2,456,764,152,56,1,1,1
1276,2,457,764,152,56,1,1,1
1277,2,457,764,152,56,1,1,1
1278,2,457,763,152,58,1,1,1
1279,2,458,763,151,58,1,1,1
1280,2,457,765,152,58,1,1,1
1281,2,459,765,152,58,1,1,1
1282,2,459,765,152,58,1,1,1
1283,2,459,764,152,56,1,1,1
1284,2,459,766,152,56,1,1,1
1285,2,458,765,152,58,1,1,1
1286,2,458,765,152,58,1,1,1
1287,2,458,763,152,58,1,1,1
1288,2,460,765,152,58,1,1,1
1289,2,460,765,152,58,1,1,1
1290,2,460,763,152,58,1,1,1
1291,2,460,763,152,58,1,1,1
1292,2,460,763,152,58,1,1,1
1293,2,460,763,152,58,1,1,1
1294,2,462,763,151,58,1,1,1
1295,2,462,763,151,58,1,1,1
1296,2,462,763,151,58,1,1,1
1297,2,462,763,151,58,1,1,1
1298,2,461,763,152,58,1,1,1
1299,2,462,763,151,58,1,1,1
1300,2,462,763,151,58,1,1,1
1301,2,462,763,151,58,1,1,1
1302,2,462,763,151,58,1,1,1
1303,2,462,763,151,58,1,1,1
1304,2,462,762,151,60,1,1,1
1305,2,462,762,151,60,1,1,1
1306,2,462,762,151,60,1,1,1
1307,2,463,762,151,60,1,1,1
1308,2,464,762,150,60,1,1,1
1309,2,463,762,151,60,1,1,1
1310,2,463,762,151,60,1,1,1
1311,2,463,762,151,60,1,1,1
1312,2,464,761,152,62,1,1,1
1313,2,464,761,152,62,1,1,1
1314,2,464,761,152,62,1,1,1
1315,2,464,760,152,62,1,1,1
1316,2,464,760,152,62,1,1,1
1317,2,464,760,152,62,1,1,1
1318,2,464,759,152,64,1,1,1
1319,2,464,759,152,64,1,1,1
1320,2,465,758,151,65,1,1,1
1321,2,465,758,151,65,1,1,1
1322,2,465,758,151,65,1,1,1
1323,2,465,756,151,65,1,1,1
1324,2,466,755,151,67,1,1,1
1325,2,464,755,152,67,1,1,1
1326,2,466,755,151,67,1,1,1
1327,2,466,755,151,67,1,1,1
1328,2,467,755,148,67,1,1,1
1329,2,466,755,151,67,1,1,1
1330,2,468,754,150,69,1,1,1
1331,2,468,754,150,69,1,1,1
1332,2,468,754,150,69,1,1,1
1333,2,468,752,150,69,1,1,1
1334,2,467,754,151,69,1,1,1
1335,2,468,752,150,69,1,1,1
1336,2,467,752,151,71,1,1,1
1337,2,467,752,151,71,1,1,1
1338,2,468,752,150,71,1,1,1
1339,2,469,752,150,71,1,1,1
1340,2,469,752,150,69,1,1,1
1341,2,469,751,150,71,1,1,1
1342,2,469,751,150,71,1,1,1
1343,2,470,751,151,71,1,1,1
1344,2,470,750,151,71,1,1,1
1345,2,471,750,150,71,1,1,1
1346,2,471,750,150,71,1,1,1
1347,2,472,750,148,71,1,1,1
1348,2,472,750,148,71,1,1,1
1349,2,472,750,148,71,1,1,1
1350,2,472,750,148,71,1,1,1
1351,2,472,750,148,71,1,1,1
1352,2,474,750,148,71,1,1,1
1353,2,474,750,148,71,1,1,1
1354,2,474,750,148,71,1,1,1
1355,2,475,750,147,71,1,1,1
1356,2,474,750,148,71,1,1,1
1357,2,475,750,147,71,1,1,1
1358,2,477,750,145,71,1,1,1
1359,2,475,750,147,71,1,1,1
1360,2,477,750,145,71,1,1,1
1361,2,478,750,144,71,1,1,1
1362,2,478,750,145,71,1,1,1
1363,2,478,750,145,71,1,1,1
1364,2,478,751,145,69,1,1,1
1365,2,478,751,145,69,1,1,1
1366,2,478,751,144,69,1,1,1
1367,2,478,751,144,69,1,1,1
1368,2,478,751,144,69,1,1,1
1369,2,478,751,144,69,1,1,1
1370,2,478,750,144,71,1,1,1
1371,2,478,750,144,71,1,1,1
1372,2,480,752,144,69,1,1,1
1373,2,480,751,144,69,1,1,1
1374,2,480,751,144,69,1,1,1
1375,2,480,751,144,69,1,1,1
1376,2,480,751,144,69,1,1,1
1377,2,480,753,144,67,1,1,1
1378,2,480,753,144,67,1,1,1
1379,2,480,753,144,67,1,1,1
1380,2,480,753,144,67,1,1,1
1381,2,481,753,144,67,1,1,1
1382,2,480,753,145,67,1,1,1
1383,2,480,753,145,67,1,1,1
1384,2,480,753,145,67,1,1,1
1385,2,479,753,147,67,1,1,1
1386,2,479,754,147,65,1,1,1
1387,2,479,754,147,65,1,1,1
1388,2,479,754,148,65,1,1,1
1389,2,479,754,148,65,1,1,1
1390,2,479,756,148,65,1,1,1
1391,2,479,757,148,64,1,1,1
1392,2,479,757,148,64,1,1,1
1393,2,479,757,148,64,1,1,1
1394,2,478,756,150,65,1,1,1
1395,2,478,758,150,62,1,1,1
1396,2,478,759,150,62,1,1,1
1397,2,479,759,148,62,1,1,1
1398,2,478,759,150,62,1,1,1
1399,2,478,758,150,62,1,1,1
1400,2,477,760,151,60,1,1,1
1401,2,478,760,150,60,1,1,1
1402,2,478,760,150,62,1,1,1
1403,2,478,760,150,60,1,1,1
1404,2,478,760,150,60,1,1,1
1405,2,478,760,151,60,1,1,1
1406,2,478,762,151,60,1,1,1
1407,2,478,763,151,58,1,1,1
1408,2,478,762,151,60,1,1,1
1409,2,478,763,151,58,1,1,1
1410,2,478,764,151,56,1,1,1
1411,2,479,766,152,56,1,1,1
1412,2,478,766,151,56,1,1,1
1413,2,479,766,152,56,1,1,1
1414,2,479,767,152,55,1,1,1
1415,2,479,768,152,53,1,1,1
1416,2,477,768,152,53,1,1,1
1417,2,477,768,152,53,1,1,1
1418,2,477,768,152,53,1,1,1
1419,2,479,768,152,53,1,1,1
1420,2,479,768,152,53,1,1,1
1421,2,479,768,152,53,1,1,1
1422,2,479,768,152,53,1,1,1
1423,2,479,769,152,53,1,1,1
1424,2,478,769,152,53,1,1,1
1425,2,478,769,154,53,1,1,1
1426,2,478,769,154,53,1,1,1
1427,2,478,769,152,53,1,1,1
1428,2,478,769,152,53,1,1,1
1429,2,478,769,152,53,1,1,1
1430,2,478,769,152,53,1,1,1
1431,2,480,768,152,55,1,1,1
1432,2,480,769,152,53,1,1,1
1433,2,480,768,152,55,1,1,1
1434,2,480,768,152,56,1,1,1
1435,2,480,768,152,56,1,1,1
1436,2,480,766,152,56,1,1,1
1437,2,480,768,152,56,1,1,1
1438,2,480,768,152,56,1,1,1
1439,2,482,768,151,56,1,1,1
1440,2,482,768,151,55,1,1,1
1441,2,482,768,151,56,1,1,1
1442,2,482,766,151,56,1,1,1
1443,2,482,766,151,56,1,1,1
1444,2,482,766,151,56,1,1,1
1445,2,482,765,151,58,1,1,1
1446,2,481,765,152,58,1,1,1
1447,2,482,765,151,58,1,1,1
1448,2,482,765,151,58,1,1,1
1449,2,481,765,152,58,1,1,1
1450,2,482,764,151,60,1,1,1
1451,2,482,764,151,60,1,1,1
1452,2,482,764,151,60,1,1,1
1453,2,482,762,151,60,1,1,1
1454,2,482,761,151,62,1,1,1
1455,2,482,761,151,62,1,1,1
1456,2,483,761,151,62,1,1,1
1457,2,483,761,151,62,1,1,1
1458,2,483,760,151,64,1,1,1
1459,2,483,758,151,65,1,1,1
1460,2,483,758,151,65,1,1,1
1461,2,484,758,152,65,1,1,1
1462,2,485,758,151,65,1,1,1
1463,2,485,757,151,67,1,1,1
1464,2,485,756,151,65,1,1,1
1465,2,485,755,151,67,1,1,1
1466,2,486,755,151,67,1,1,1
1467,2,487,755,150,67,1,1,1
1468,2,488,755,150,67,1,1,1
1469,2,486,755,151,67,1,1,1
1470,2,488,755,148,67,1,1,1
1471,2,488,755,148,67,1,1,1
1472,2,487,755,151,67,1,1,1
1473,2,487,755,151,67,1,1,1
1474,2,488,755,150,67,1,1,1
1475,2,490,755,148,67,1,1,1
1476,2,490,756,148,65,1,1,1
1477,2,490,756,148,65,1,1,1
1478,2,490,756,148,65,1,1,1
1479,2,492,756,147,65,1,1,1
1480,2,492,756,147,65,1,1,1
1481,2,492,756,147,65,1,1,1
1482,2,494,756,145,65,1,1,1
1483,2,494,756,145,65,1,1,1
1484,2,494,756,145,65,1,1,1
1485,2,494,756,144,65,1,1,1
1486,2,495,756,145,65,1,1,1
1487,2,495,756,145,65,1,1,1
1488,2,496,757,144,64,1,1,1
1489,2,496,757,144,64,1,1,1
1490,2,496,757,145,64,1,1,1
1491,2,497,758,144,62,1,1,1
1492,2,497,758,144,62,1,1,1
1493,2,497,758,144,62,1,1,1
1494,2,497,759,144,60,1,1,1
1495,2,497,758,144,62,1,1,1
1496,2,497,759,144,60,1,1,1
1497,2,497,759,144,60,1,1,1
1498,2,497,759,144,60,1,1,1
1499,2,497,759,144,60,1,1,1
1500,2,498,759,144,60,1,1,1
1501,2,498,759,144,60,1,1,1
1502,2,498,759,144,60,1,1,1
1503,2,498,761,144,58,1,1,1
1504,2,498,761,144,58,1,1,1
1505,2,498,761,144,58,1,1,1
1506,2,496,761,147,58,1,1,1
1507,2,496,761,147,58,1,1,1
1508,2,496,761,147,58,1,1,1
1509,2,496,761,147,58,1,1,1
1510,2,498,761,145,58,1,1,1
1511,2,498,763,145,58,1,1,1
1512,2,497,763,148,58,1,1,1
1513,2,497,763,148,58,1,1,1
1514,2,497,764,148,56,1,1,1
1515,2,496,764,148,56,1,1,1
1516,2,496,764,148,56,1,1,1
1517,2,496,764,148,56,1,1,1
1518,2,496,765,150,55,1,1,1
1519,2,496,765,150,55,1,1,1
1520,2,496,767,150,53,1,1,1
1521,2,496,767,150,53,1,1,1
1522,2,496,768,150,51,1,1,1
1523,2,496,768,150,51,1,1,1
1524,2,497,768,151,51,1,1,1
1525,2,497,768,151,51,1,1,1
1526,2,497,769,151,51,1,1,1
1527,2,497,769,151,51,1,1,1
1528,2,497,769,151,51,1,1,1
1529,2,497,769,151,51,1,1,1
1530,2,497,771,151,49,1,1,1
1531,2,497,771,151,49,1,1,1
1532,2,496,771,152,49,1,1,1
1533,2,496,771,152,49,1,1,1
1534,2,496,772,152,48,1,1,1
1535,2,496,772,152,48,1,1,1
1536,2,496,774,152,46,1,1,1
1537,2,496,774,152,46,1,1,1
1538,2,496,774,152,46,1,1,1
1539,2,496,774,152,48,1,1,1
1540,2,496,775,152,46,1,1,1
1541,2,496,775,152,46,1,1,1
1542,2,496,777,152,44,1,1,1
1543,2,496,776,152,44,1,1,1
1544,2,495,778,154,42,1,1,1
1545,2,495,778,154,42,1,1,1
1546,2,495,778,154,42,1,1,1
1547,2,497,778,152,42,1,1,1
1548,2,497,778,152,42,1,1,1
1549,2,497,778,152,42,1,1,1
1550,2,497,780,152,42,1,1,1
1551,2,497,780,152,42,1,1,1
1552,2,497,781,152,40,1,1,1
1553,2,497,780,152,42,1,1,1
1554,2,495,781,154,40,1,1,1
1555,2,496,782,154,39,1,1,1
1556,2,497,782,152,39,1,1,1
1557,2,496,782,154,39,1,1,1
1558,2,497,782,152,39,1,1,1
1559,2,497,782,152,39,1,1,1
1560,2,497,782,152,39,1,1,1
1561,2,496,782,154,39,1,1,1
1562,2,496,782,154,39,1,1,1
1563,2,496,782,154,39,1,1,1
1564,2,496,782,155,39,1,1,1
1565,2,498,782,154,39,1,1,1
1566,2,498,782,154,39,1,1,1
1567,2,497,782,155,39,1,1,1
1568,2,497,783,155,39,1,1,1
1569,2,497,781,155,40,1,1,1
1570,2,497,783,155,39,1,1,1
1571,2,498,781,156,40,1,1,1
1572,2,499,783,155,39,1,1,1
1573,2,499,783,155,39,1,1,1
1574,2,499,781,155,40,1,1,1
1575,2,499,782,155,39,1,1,1
1576,2,499,783,154,39,1,1,1
1577,2,499,783,155,39,1,1,1
1578,2,499,783,155,39,1,1,1
1579,2,499,783,155,39,1,1,1
1580,2,498,781,156,40,1,1,1
1581,2,498,781,156,40,1,1,1
1582,2,498,781,156,40,1,1,1
1583,2,498,783,156,39,1,1,1
1584,2,498,783,156,40,1,1,1
1585,2,498,783,156,40,1,1,1
1586,2,500,783,155,39,1,1,1
1587,2,500,783,155,39,1,1,1
1588,2,499,783,156,40,1,1,1
1589,2,500,783,155,40,1,1,1
1590,2,500,781,154,40,1,1,1
1591,2,500,782,155,42,1,1,1
1592,2,500,781,155,40,1,1,1
1593,2,500,783,155,39,1,1,1
1594,2,500,782,155,42,1,1,1
1595,2,501,782,156,42,1,1,1
1596,2,501,783,155,39,1,1,1
1597,2,501,782,155,42,1,1,1
1598,2,502,781,156,40,1,1,1
1599,2,502,781,156,40,1,1,1
1600,2,503,781,155,40,1,1,1
1601,2,504,783,152,39,1,1,1
1602,2,503,781,155,40,1,1,1
1603,2,503,783,155,39,1,1,1
1604,2,503,783,154,40,1,1,1
1605,2,503,782,154,42,1,1,1
1606,2,503,782,155,42,1,1,1
1607,2,503,782,154,42,1,1,1
1608,2,503,781,154,44,1,1,1
1609,2,503,782,154,42,1,1,1
1610,2,505,781,152,44,1,1,1
1611,2,505,781,152,44,1,1,1
1612,2,505,781,152,44,1,1,1
1613,2,505,781,152,44,1,1,1
1614,2,505,781,152,44,1,1,1
1615,2,505,781,154,46,1,1,1
1616,2,505,780,154,46,1,1,1
1617,2,505,780,154,46,1,1,1
1618,2,505,782,152,46,1,1,1
1619,2,505,782,152,46,1,1,1
1620,2,506,780,152,46,1,1,1
1621,2,506,780,154,46,1,1,1
1622,2,506,780,154,46,1,1,1
1623,2,506,780,154,49,1,1,1
1624,2,506,780,154,49,1,1,1
1625,2,505,780,155,46,1,1,1
1626,2,505,779,155,48,1,1,1
1627,2,505,779,155,48,1,1,1
1628,2,505,780,155,46,1,1,1
1629,2,505,778,155,46,1,1,1
1630,2,505,777,155,49,1,1,1
1631,2,505,777,155,49,1,1,1
1632,2,505,778,155,49,1,1,1
1633,2,506,777,156,48,1,1,1
1634,2,506,776,156,49,1,1,1
1635,2,507,778,155,46,1,1,1
1636,2,506,776,156,46,1,1,1
1637,2,508,777,155,48,1,1,1
1638,2,508,777,155,48,1,1,1
1639,2,508,776,155,49,1,1,1
1640,2,508,776,156,49,1,1,1
1641,2,508,776,156,49,1,1,1
1642,2,508,776,156,51,1,1,1
1643,2,507,776,156,51,1,1,1
1644,2,508,776,156,49,1,1,1
1645,2,508,776,156,48,1,1,1
1646,2,508,775,156,49,1,1,1
1647,2,508,776,156,48,1,1,1
1648,2,508,775,155,49,1,1,1
1649,2,508,775,156,49,1,1,1
1650,2,509,775,156,49,1,1,1
1651,2,509,774,156,48,1,1,1
1652,2,509,773,156,49,1,1,1
1653,2,509,773,155,49,1,1,1
1654,2,509,773,155,49,1,1,1
1655,2,510,773,156,49,1,1,1
1656,2,510,773,156,49,1,1,1
1657,2,510,774,156,48,1,1,1
1658,2,510,773,156,49,1,1,1
1659,2,510,773,156,49,1,1,1
1660,2,510,774,156,51,1,1,1
1661,2,510,773,156,49,1,1,1
1662,2,510,773,156,49,1,1,1
1663,2,510,773,156,49,1,1,1
1664,2,510,773,156,49,1,1,1
1665,2,510,774,156,51,1,1,1
1666,2,511,773,155,49,1,1,1
1667,2,513,773,154,49,1,1,1
1668,2,511,773,155,49,1,1,1
1669,2,511,773,155,49,1,1,1
1670,2,511,773,155,49,1,1,1
1671,2,512,773,155,49,1,1,1
1672,2,512,773,155,49,1,1,1
1673,2,512,773,155,49,1,1,1
1674,2,512,773,155,49,1,1,1
1675,2,512,773,155,49,1,1,1
1676,2,514,774,154,48,1,1,1
1677,2,514,774,154,48,1,1,1
1678,2,513,773,155,49,1,1,1
1679,2,513,773,155,49,1,1,1
1680,2,513,773,155,49,1,1,1
1681,2,514,774,154,48,1,1,1
1682,2,514,775,154,49,1,1,1
1683,2,514,775,154,49,1,1,1
1684,2,516,775,152,49,1,1,1
1685,2,516,774,152,48,1,1,1
1686,2,516,774,152,48,1,1,1
1687,2,516,775,152,49,1,1,1
1688,2,516,775,152,49,1,1,1
1689,2,517,775,152,49,1,1,1
1690,2,517,776,152,48,1,1,1
1691,2,517,776,152,48,1,1,1
1692,2,517,775,152,49,1,1,1
1693,2,516,776,154,48,1,1,1
1694,2,518,776,152,48,1,1,1
1695,2,518,776,154,46,1,1,1
1696,2,518,776,154,46,1,1,1
1697,2,518,776,154,46,1,1,1
1698,2,517,778,155,46,1,1,1
1699,2,517,777,155,44,1,1,1
1700,2,517,776,155,46,1,1,1
1701,2,517,776,155,46,1,1,1
1702,2,517,776,155,46,1,1,1
1703,2,518,778,154,46,1,1,1
1704,2,518,778,154,46,1,1,1
1705,2,518,776,154,46,1,1,1
1706,2,518,776,154,46,1,1,1
1707,2,518,777,154,48,1,1,1
1708,2,518,778,154,46,1,1,1
1709,2,520,779,152,44,1,1,1
1710,2,518,779,154,44,1,1,1
1711,2,520,778,152,49,1,1,1
1712,2,520,779,152,48,1,1,1
1713,2,519,778,155,46,1,1,1
1714,2,519,778,155,46,1,1,1
1715,2,519,778,155,49,1,1,1
1716,2,519,780,154,49,1,1,1
1717,2,519,781,154,51,1,1,1
1718,2,519,782,154,49,1,1,1
1719,2,519,783,154,48,1,1,1
1720,2,519,781,154,51,1,1,1
1721,2,520,784,155,46,1,1,1
1722,2,518,784,156,48,1,1,1
1723,2,518,785,156,49,1,1,1
1724,2,518,785,156,46,1,1,1
1725,2,517,786,158,48,1,1,1
1726,2,517,787,158,46,1,1,1
1727,2,517,787,158,46,1,1,1
1728,2,518,788,158,44,1,1,1
1729,2,517,787,158,46,1,1,1
1730,2,517,788,158,44,1,1,1
1731,2,519,787,156,46,1,1,1
1732,2,519,787,156,46,1,1,1
1733,2,518,785,158,49,1,1,1
1734,2,518,783,158,51,1,1,1
1735,2,517,786,158,48,1,1,1
1736,2,518,785,158,49,1,1,1
1737,2,520,785,156,49,1,1,1
1738,2,518,785,158,49,1,1,1
1739,2,518,785,158,46,1,1,1
1740,2,521,784,156,49,1,1,1
1741,2,521,782,155,49,1,1,1
1742,2,521,784,156,46,1,1,1
1743,2,521,781,155,51,1,1,1
1744,2,521,781,156,51,1,1,1
1745,2,520,782,156,49,1,1,1
1746,2,522,780,156,49,1,1,1
1747,2,520,781,158,51,1,1,1
1748,2,520,779,158,51,1,1,1
1749,2,522,781,156,48,1,1,1
1750,2,522,780,156,49,1,1,1
1751,2,522,778,156,46,1,1,1
1752,2,521,777,158,48,1,1,1
1753,2,521,777,158,48,1,1,1
1754,2,521,777,159,48,1,1,1
1755,2,521,777,159,44,1,1,1
1756,2,521,778,158,46,1,1,1
1757,2,521,776,158,46,1,1,1
1758,2,521,777,158,44,1,1,1
1759,2,522,776,159,46,1,1,1
1760,2,522,775,159,46,1,1,1
1761,2,523,775,158,46,1,1,1
1762,2,523,775,158,46,1,1,1
1763,2,523,776,158,44,1,1,1
1764,2,524,775,156,46,1,1,1
1765,2,524,775,156,46,1,1,1
1766,2,524,775,156,44,1,1,1
1767,2,524,773,156,46,1,1,1
1768,2,525,774,156,46,1,1,1
1769,2,525,773,156,46,1,1,1
1770,2,525,775,156,44,1,1,1
1771,2,524,775,156,44,1,1,1
1772,2,526,774,156,44,1,1,1
1773,2,526,774,156,44,1,1,1
1774,2,527,774,155,44,1,1,1
1775,2,527,773,155,46,1,1,1
1776,2,527,775,154,44,1,1,1
1777,2,527,775,154,44,1,1,1
1778,2,529,773,152,46,1,1,1
1779,2,529,773,152,46,1,1,1
1780,2,529,773,152,46,1,1,1
1781,2,530,774,152,44,1,1,1
1782,2,530,773,152,46,1,1,1
1783,2,531,776,152,44,1,1,1
1784,2,531,773,152,46,1,1,1
1785,2,531,775,152,44,1,1,1
1786,2,531,775,151,44,1,1,1
1787,2,533,774,151,44,1,1,1
1788,2,533,774,151,44,1,1,1
1789,2,532,774,150,44,1,1,1
1790,2,533,774,151,44,1,1,1
1791,2,533,774,150,44,1,1,1
1792,2,533,774,150,44,1,1,1
1793,2,535,776,148,42,1,1,1
1794,2,535,776,148,42,1,1,1
1795,2,535,776,148,42,1,1,1
1796,2,535,776,148,42,1,1,1
1797,2,535,776,148,42,1,1,1
1798,2,535,777,148,40,1,1,1
1799,2,535,776,148,42,1,1,1
1800,2,535,776,148,42,1,1,1
1801,2,534,776,150,42,1,1,1
1802,2,534,778,150,39,1,1,1
1803,2,534,778,150,39,1,1,1
1804,2,534,779,150,37,1,1,1
1805,2,533,781,151,37,1,1,1
1806,2,533,781,152,37,1,1,1
1807,2,533,783,152,35,1,1,1
1808,2,533,778,152,39,1,1,1
1809,2,533,777,152,40,1,1,1
1810,2,533,778,152,39,1,1,1
1811,2,533,777,152,40,1,1,1
1812,2,533,772,152,44,1,1,1
1813,2,531,775,154,42,1,1,1
1814,2,532,782,154,35,1,1,1
1815,2,532,788,154,30,1,1,1
1816,2,532,784,155,33,1,1,1
1817,2,532,776,155,40,1,1,1
1818,2,532,778,155,39,1,1,1
1819,2,531,778,156,39,1,1,1
1820,2,531,785,156,32,1,1,1
1821,2,532,789,155,28,1,1,1
1822,2,531,777,156,40,1,1,1
1823,2,531,775,156,42,1,1,1
1824,2,531,792,156,24,1,1,1
1825,2,531,789,156,28,1,1,1
1826,2,531,791,156,26,1,1,1
1827,2,531,790,156,28,1,1,1
1828,2,532,787,156,30,1,1,1
1829,2,532,789,156,27,1,1,1
1830,2,530,788,158,30,1,1,1
1831,2,530,774,158,44,1,1,1
1832,2,530,771,158,46,1,1,1
1833,2,530,772,158,44,1,1,1
1834,2,532,772,156,44,1,1,1
1835,2,532,784,158,33,1,1,1
1836,2,532,788,158,30,1,1,1
1837,2,532,784,158,33,1,1,1
1838,2,531,785,159,33,1,1,1
1839,2,531,774,160,44,1,1,1
1840,2,531,789,160,30,1,1,1
1841,2,532,791,160,28,1,1,1
1842,2,530,778,160,39,1,1,1
1843,2,531,776,159,42,1,1,1
1844,2,532,787,160,32,1,1,1
1845,2,532,775,158,44,1,1,1
1846,2,533,776,159,44,1,1,1
1847,2,533,785,159,35,1,1,1
1848,2,533,790,159,30,1,1,1
1849,2,533,791,159,30,1,1,1
1850,2,533,790,158,30,1,1,1
1851,2,533,791,158,30,1,1,1
1852,2,533,789,159,32,1,1,1
1853,2,533,791,158,30,1,1,1
1854,2,533,788,158,33,1,1,1
1855,2,534,788,158,33,1,1,1
1856,2,534,787,158,35,1,1,1
1857,2,534,788,158,33,1,1,1
1858,2,534,788,159,33,1,1,1
1859,2,534,776,159,46,1,1,1
1860,2,534,776,159,46,1,1,1
1861,2,534,778,159,46,1,1,1
1862,2,534,778,159,46,1,1,1
1863,2,534,785,158,39,1,1,1
1864,2,534,778,158,46,1,1,1
1865,2,536,776,156,51,1,1,1
1866,2,534,778,158,49,1,1,1
1867,2,536,783,158,44,1,1,1
1868,2,536,783,158,44,1,1,1
1869,2,536,786,158,40,1,1,1
1870,2,536,784,158,42,1,1,1
1871,2,536,784,158,42,1,1,1
1872,2,536,784,158,42,1,1,1
1873,2,535,787,159,39,1,1,1
1874,2,535,779,159,48,1,1,1
1875,2,536,781,158,48,1,1,1
1876,2,536,777,158,51,1,1,1
1877,2,536,780,158,49,1,1,1
1878,2,538,782,156,46,1,1,1
1879,2,538,781,156,48,1,1,1
1880,2,539,783,156,44,1,1,1
1881,2,539,784,156,46,1,1,1
1882,2,539,784,156,44,1,1,1
1883,2,539,785,156,42,1,1,1
1884,2,539,783,156,44,1,1,1
1885,2,539,784,156,44,1,1,1
1886,2,539,786,156,42,1,1,1
1887,2,539,787,156,42,1,1,1
1888,2,540,785,156,44,1,1,1
1889,2,540,783,156,46,1,1,1
1890,2,541,785,156,42,1,1,1
1891,2,541,784,156,44,1,1,1
1892,2,541,785,156,44,1,1,1
1893,2,540,784,156,46,1,1,1
1894,2,540,780,156,49,1,1,1
1895,2,540,786,156,44,1,1,1
1896,2,540,783,156,46,1,1,1
1897,2,540,784,156,44,1,1,1
1898,2,540,784,156,44,1,1,1
1899,2,540,784,156,46,1,1,1
1900,2,540,777,156,51,1,1,1
1901,2,542,779,156,51,1,1,1
1902,2,542,779,156,51,1,1,1
1903,2,542,779,156,51,1,1,1
1904,2,542,778,156,49,1,1,1
1905,2,542,779,156,51,1,1,1
1906,2,542,779,156,51,1,1,1
1907,2,542,780,156,49,1,1,1
1908,2,542,780,156,49,1,1,1
1909,2,542,777,156,51,1,1,1
1910,2,542,776,156,53,1,1,1
1911,2,542,777,156,51,1,1,1
1912,2,542,780,156,49,1,1,1
1913,2,541,779,158,51,1,1,1
1914,2,543,778,156,53,1,1,1
1915,2,543,778,156,53,1,1,1
1916,2,541,776,158,53,1,1,1
1917,2,541,777,158,55,1,1,1
1918,2,543,775,156,56,1,1,1
1919,2,544,777,156,55,1,1,1
1920,2,544,776,155,56,1,1,1
1921,2,544,776,156,56,1,1,1
1922,2,544,775,156,56,1,1,1
1923,2,545,776,156,55,1,1,1
1924,2,545,774,156,58,1,1,1
1925,2,544,774,156,58,1,1,1
1926,2,545,774,156,58,1,1,1
1927,2,545,774,156,58,1,1,1
1928,2,545,775,155,56,1,1,1
1929,2,544,774,156,58,1,1,1
1930,2,544,775,156,56,1,1,1
1931,2,546,773,156,56,1,1,1
1932,2,544,773,156,56,1,1,1
1933,2,546,773,156,56,1,1,1
1934,2,546,772,156,58,1,1,1
1935,2,546,773,156,56,1,1,1
1936,2,546,772,156,58,1,1,1
1937,2,546,773,156,56,1,1,1
1938,2,546,772,156,58,1,1,1
1939,2,546,771,156,60,1,1,1
1940,2,546,774,156,58,1,1,1
1941,2,547,773,155,60,1,1,1
1942,2,547,771,155,60,1,1,1
1943,2,546,770,156,62,1,1,1
1944,2,546,771,156,60,1,1,1
1945,2,546,770,156,62,1,1,1
1946,2,546,770,156,62,1,1,1
1947,2,546,770,156,62,1,1,1
1948,2,546,770,156,62,1,1,1
1949,2,546,770,156,62,1,1,1
1950,2,546,770,156,62,1,1,1
1951,2,546,770,156,62,1,1,1
1952,2,546,770,156,62,1,1,1
1953,2,546,770,156,62,1,1,1
1954,2,546,770,156,62,1,1,1
1955,2,546,770,156,62,1,1,1
1956,2,546,771,156,60,1,1,1
1957,2,547,771,156,60,1,1,1
1958,2,547,770,156,62,1,1,1
1959,2,547,770,156,62,1,1,1
1960,2,547,770,156,62,1,1,1
1961,2,547,769,156,64,1,1,1
1962,2,547,769,156,64,1,1,1
1963,2,547,768,156,65,1,1,1
1964,2,547,769,156,64,1,1,1
1965,2,547,769,156,64,1,1,1
1966,2,547,770,158,62,1,1,1
1967,2,546,770,159,62,1,1,1
1968,2,546,771,160,60,1,1,1
1969,2,546,770,159,62,1,1,1
1970,2,546,770,159,62,1,1,1
1971,2,546,768,159,62,1,1,1
1972,2,548,768,158,62,1,1,1
1973,2,547,770,160,62,1,1,1
1974,2,548,769,158,64,1,1,1
1975,2,547,770,159,62,1,1,1
1976,2,548,770,158,62,1,1,1
1977,2,547,770,159,62,1,1,1
1978,2,547,770,159,62,1,1,1
1979,2,547,768,160,62,1,1,1
1980,2,547,770,159,62,1,1,1
1981,2,547,768,159,62,1,1,1
1982,2,547,768,159,62,1,1,1
1983,2,547,768,159,62,1,1,1
1984,2,547,769,159,58,1,1,1
1985,2,547,770,159,58,1,1,1
1986,2,548,768,158,60,1,1,1
1987,2,548,768,158,60,1,1,1
1988,2,547,770,159,58,1,1,1
1989,2,549,768,159,60,1,1,1
1990,2,549,768,159,60,1,1,1
1991,2,549,768,159,60,1,1,1
1992,2,549,768,159,60,1,1,1
1993,2,549,768,159,60,1,1,1
1994,2,549,768,159,60,1,1,1
1995,2,549,768,159,60,1,1,1
1996,2,549,770,159,58,1,1,1
1997,2,549,768,159,60,1,1,1
1998,2,549,768,159,60,1,1,1
1999,2,549,768,159,60,1,1,1
2000,2,549,768,159,60,1,1,1
2001,2,549,768,159,60,1,1,1
2002,2,549,768,158,58,1,1,1
2003,2,549,768,158,58,1,1,1
2004,2,549,769,159,56,1,1,1
2005,2,548,769,160,56,1,1,1
2006,2,550,769,159,56,1,1,1
2007,2,550,768,159,58,1,1,1
2008,2,550,767,159,58,1,1,1
2009,2,550,767,159,58,1,1,1
2010,2,551,770,158,55,1,1,1
2011,2,551,770,158,55,1,1,1
2012,2,551,786,158,37,1,1,1
2013,2,551,786,158,37,1,1,1
2014,2,550,785,159,39,1,1,1
2015,2,550,784,159,37,1,1,1
2016,2,552,785,156,35,1,1,1
2017,2,552,785,158,35,1,1,1
2018,2,552,787,158,35,1,1,1
2019,2,552,787,158,35,1,1,1
2020,2,552,787,156,35,1,1,1
2021,2,552,785,156,35,1,1,1
2022,2,552,785,156,35,1,1,1
2023,2,552,785,156,33,1,1,1
2024,2,554,777,156,40,1,1,1
2025,2,554,784,156,33,1,1,1
2026,2,554,778,156,39,1,1,1
2027,2,554,785,156,33,1,1,1
2028,2,555,786,155,33,1,1,1
2029,2,554,786,156,33,1,1,1
2030,2,554,786,156,33,1,1,1
2031,2,555,786,155,33,1,1,1
2032,2,554,786,156,33,1,1,1
2033,2,554,786,156,33,1,1,1
2034,2,554,781,156,39,1,1,1
2035,2,556,781,155,40,1,1,1
2036,2,556,786,155,37,1,1,1
2037,2,556,780,155,42,1,1,1
2038,2,554,777,156,44,1,1,1
2039,2,555,778,156,46,1,1,1
2040,2,555,779,156,44,1,1,1
2041,2,556,784,155,37,1,1,1
2042,2,555,782,156,39,1,1,1
2043,2,556,778,155,46,1,1,1
2044,2,557,783,156,40,1,1,1
2045,2,557,784,156,39,1,1,1
2046,2,556,777,156,48,1,1,1
2047,2,557,783,156,44,1,1,1
2048,2,557,785,156,42,1,1,1
2049,2,557,782,156,42,1,1,1
2050,2,556,777,155,48,1,1,1
2051,2,556,777,155,51,1,1,1
2052,2,557,777,156,51,1,1,1
2053,2,557,777,156,51,1,1,1
2054,2,557,776,155,53,1,1,1
2055,2,557,777,155,51,1,1,1
2056,2,557,777,155,51,1,1,1
2057,2,557,779,155,51,1,1,1
2058,2,558,779,156,51,1,1,1
2059,2,558,783,156,48,1,1,1
2060,2,558,783,156,48,1,1,1
2061,2,558,778,156,49,1,1,1
2062,2,558,779,156,51,1,1,1
2063,2,558,777,156,51,1,1,1
2064,2,558,777,156,55,1,1,1
2065,2,558,779,156,51,1,1,1
2066,2,558,778,156,49,1,1,1
2067,2,558,776,156,53,1,1,1
2068,2,558,777,156,51,1,1,1
2069,2,558,780,156,49,1,1,1
2070,2,558,782,156,49,1,1,1
2071,2,558,778,156,53,1,1,1
2072,2,558,779,156,51,1,1,1
2073,2,558,778,156,53,1,1,1
2074,2,558,781,156,51,1,1,1
2075,2,558,776,156,56,1,1,1
2076,2,558,777,156,55,1,1,1
2077,2,560,776,155,56,1,1,1
2078,2,560,778,155,53,1,1,1
2079,2,559,776,156,56,1,1,1
2080,2,559,776,156,56,1,1,1
2081,2,559,781,156,51,1,1,1
2082,2,560,781,155,51,1,1,1
2083,2,559,780,156,53,1,1,1
2084,2,560,775,155,56,1,1,1
1,3,582,763,124,48,1,1,1
2,3,583,762,124,46,1,1,1
3,3,583,762,124,46,1,1,1
4,3,584,762,123,46,1,1,1
5,3,584,762,123,46,1,1,1
6,3,585,763,124,44,1,1,1
7,3,585,762,123,46,1,1,1
8,3,585,762,123,46,1,1,1
9,3,585,761,123,44,1,1,1
10,3,587,761,121,44,1,1,1
11,3,587,761,123,44,1,1,1
12,3,589,760,120,44,1,1,1
13,3,590,760,120,44,1,1,1
14,3,591,760,119,44,1,1,1
15,3,591,760,119,44,1,1,1
16,3,591,760,119,44,1,1,1
17,3,592,760,120,44,1,1,1
18,3,591,759,119,44,1,1,1
19,3,592,759,118,44,1,1,1
20,3,593,759,119,44,1,1,1
21,3,593,758,118,44,1,1,1
22,3,593,759,119,44,1,1,1
23,3,593,757,119,46,1,1,1
24,3,593,757,118,46,1,1,1
25,3,594,757,119,46,1,1,1
26,3,594,757,119,46,1,1,1
27,3,594,757,119,46,1,1,1
28,3,595,756,118,48,1,1,1
29,3,595,756,118,48,1,1,1
30,3,595,756,118,48,1,1,1
31,3,596,755,118,49,1,1,1
32,3,596,755,118,49,1,1,1
33,3,596,754,118,51,1,1,1
34,3,596,754,116,51,1,1,1
35,3,596,754,116,51,1,1,1
36,3,596,754,116,51,1,1,1
37,3,596,754,118,51,1,1,1
38,3,598,753,116,53,1,1,1
39,3,598,754,116,51,1,1,1
40,3,598,753,116,53,1,1,1
41,3,598,753,116,53,1,1,1
42,3,600,753,115,53,1,1,1
43,3,599,753,116,53,1,1,1
44,3,599,752,116,55,1,1,1
45,3,599,752,116,55,1,1,1
46,3,599,751,116,55,1,1,1
47,3,600,752,116,56,1,1,1
48,3,600,752,116,56,1,1,1
49,3,600,752,116,56,1,1,1
50,3,600,752,116,56,1,1,1
51,3,600,750,116,56,1,1,1
52,3,602,750,116,56,1,1,1
53,3,602,750,116,56,1,1,1
54,3,602,751,116,58,1,1,1
55,3,602,751,116,58,1,1,1
56,3,602,751,116,58,1,1,1
57,3,602,749,116,58,1,1,1
58,3,603,749,116,58,1,1,1
59,3,603,749,116,58,1,1,1
60,3,604,749,116,58,1,1,1
61,3,604,749,115,58,1,1,1
62,3,604,749,115,58,1,1,1
63,3,604,748,115,60,1,1,1
64,3,605,748,115,60,1,1,1
65,3,607,748,115,60,1,1,1
66,3,607,747,114,62,1,1,1
67,3,609,747,112,62,1,1,1
68,3,609,747,112,62,1,1,1
69,3,607,747,114,62,1,1,1
70,3,609,746,112,64,1,1,1
71,3,608,746,114,64,1,1,1
72,3,608,746,114,64,1,1,1
73,3,610,746,112,65,1,1,1
74,3,610,746,112,65,1,1,1
75,3,609,745,114,65,1,1,1
76,3,609,745,114,65,1,1,1
77,3,609,745,114,65,1,1,1
78,3,609,745,114,65,1,1,1
79,3,610,744,114,67,1,1,1
80,3,612,744,112,67,1,1,1
81,3,610,744,114,67,1,1,1
82,3,610,744,114,67,1,1,1
83,3,611,744,114,67,1,1,1
84,3,611,744,114,69,1,1,1
85,3,611,744,114,69,1,1,1
86,3,613,744,112,69,1,1,1
87,3,614,744,111,69,1,1,1
88,3,614,744,112,69,1,1,1
89,3,615,743,112,71,1,1,1
90,3,615,743,112,71,1,1,1
91,3,615,743,111,71,1,1,1
92,3,616,743,112,71,1,1,1
93,3,616,743,112,71,1,1,1
94,3,616,742,112,71,1,1,1
95,3,617,743,111,71,1,1,1
96,3,617,742,111,71,1,1,1
97,3,617,742,111,71,1,1,1
98,3,617,742,111,71,1,1,1
99,3,617,742,111,72,1,1,1
100,3,618,742,112,72,1,1,1
101,3,618,741,111,74,1,1,1
102,3,618,741,111,74,1,1,1
103,3,618,741,111,74,1,1,1
104,3,619,741,112,74,1,1,1
105,3,619,741,111,74,1,1,1
106,3,619,739,111,74,1,1,1
107,3,621,739,111,74,1,1,1
108,3,621,739,111,74,1,1,1
109,3,621,739,111,74,1,1,1
110,3,621,738,110,76,1,1,1
111,3,621,738,110,76,1,1,1
112,3,622,738,111,76,1,1,1
113,3,622,738,111,76,1,1,1
114,3,622,738,111,76,1,1,1
115,3,624,738,108,76,1,1,1
116,3,624,738,108,76,1,1,1
117,3,624,738,108,76,1,1,1
118,3,624,738,108,76,1,1,1
119,3,624,738,108,76,1,1,1
120,3,624,738,108,76,1,1,1
121,3,626,738,108,76,1,1,1
122,3,626,738,108,76,1,1,1
123,3,626,736,108,78,1,1,1
124,3,627,736,108,78,1,1,1
125,3,627,736,108,78,1,1,1
126,3,627,736,108,78,1,1,1
127,3,628,736,108,78,1,1,1
128,3,628,736,108,78,1,1,1
129,3,628,736,108,78,1,1,1
130,3,628,736,107,78,1,1,1
131,3,628,736,107,78,1,1,1
132,3,628,736,107,78,1,1,1
133,3,629,736,107,78,1,1,1
134,3,629,736,107,78,1,1,1
135,3,629,736,107,78,1,1,1
136,3,631,735,105,78,1,1,1
137,3,631,735,105,78,1,1,1
138,3,631,735,105,78,1,1,1
139,3,631,735,107,78,1,1,1
140,3,631,735,107,78,1,1,1
141,3,632,735,107,78,1,1,1
142,3,632,733,107,80,1,1,1
143,3,631,734,108,78,1,1,1
144,3,631,734,108,78,1,1,1
145,3,633,734,108,78,1,1,1
146,3,633,734,108,78,1,1,1
147,3,633,733,108,80,1,1,1
148,3,633,733,107,80,1,1,1
149,3,633,733,107,80,1,1,1
150,3,633,733,107,80,1,1,1
151,3,633,733,107,80,1,1,1
152,3,635,733,105,80,1,1,1
153,3,636,733,104,78,1,1,1
154,3,635,731,105,80,1,1,1
155,3,636,731,104,80,1,1,1
156,3,636,731,105,80,1,1,1
157,3,635,732,107,81,1,1,1
158,3,637,731,104,80,1,1,1
159,3,637,731,104,80,1,1,1
160,3,637,730,104,81,1,1,1
161,3,637,730,104,81,1,1,1
162,3,636,731,105,80,1,1,1
163,3,636,731,105,80,1,1,1
164,3,636,731,105,80,1,1,1
165,3,636,729,105,81,1,1,1
166,3,638,729,104,81,1,1,1
167,3,638,729,105,81,1,1,1
168,3,638,729,105,81,1,1,1
169,3,638,729,105,80,1,1,1
170,3,638,728,105,81,1,1,1
171,3,638,728,104,81,1,1,1
172,3,639,729,105,80,1,1,1
173,3,640,729,104,80,1,1,1
174,3,640,729,104,80,1,1,1
175,3,640,729,104,80,1,1,1
176,3,640,727,104,81,1,1,1
177,3,640,727,104,81,1,1,1
178,3,640,728,104,80,1,1,1
179,3,641,728,104,80,1,1,1
180,3,641,727,104,81,1,1,1
181,3,641,727,104,81,1,1,1
182,3,641,727,104,81,1,1,1
183,3,641,727,104,81,1,1,1
184,3,641,727,105,81,1,1,1
185,3,641,725,105,81,1,1,1
186,3,642,725,104,81,1,1,1
187,3,641,725,105,81,1,1,1
188,3,642,725,104,81,1,1,1
189,3,642,726,104,80,1,1,1
190,3,642,726,105,80,1,1,1
191,3,642,726,105,80,1,1,1
192,3,642,725,105,81,1,1,1
193,3,642,725,105,81,1,1,1
194,3,642,725,105,81,1,1,1
195,3,642,725,104,81,1,1,1
196,3,642,724,104,80,1,1,1
197,3,644,723,104,81,1,1,1
198,3,644,723,104,81,1,1,1
199,3,644,723,104,81,1,1,1
200,3,644,724,104,80,1,1,1
201,3,644,723,104,81,1,1,1
202,3,644,723,104,81,1,1,1
203,3,644,723,104,81,1,1,1
204,3,645,722,104,81,1,1,1
205,3,645,722,104,81,1,1,1
206,3,645,722,104,81,1,1,1
207,3,645,722,104,81,1,1,1
208,3,645,722,104,81,1,1,1
209,3,645,721,104,81,1,1,1
210,3,645,721,104,81,1,1,1
211,3,645,721,104,81,1,1,1
212,3,645,721,104,81,1,1,1
213,3,647,721,104,81,1,1,1
214,3,647,721,104,81,1,1,1
215,3,647,722,104,80,1,1,1
216,3,647,722,104,80,1,1,1
217,3,646,720,104,81,1,1,1
218,3,646,720,104,81,1,1,1
219,3,646,720,104,81,1,1,1
220,3,646,720,104,81,1,1,1
221,3,648,720,104,81,1,1,1
222,3,648,720,104,81,1,1,1
223,3,648,720,104,81,1,1,1
224,3,649,720,103,81,1,1,1
225,3,649,720,103,81,1,1,1
226,3,649,718,103,81,1,1,1
227,3,648,719,104,81,1,1,1
228,3,648,718,104,81,1,1,1
229,3,649,718,103,81,1,1,1
230,3,649,718,103,81,1,1,1
231,3,649,719,103,80,1,1,1
232,3,651,719,101,78,1,1,1
233,3,650,717,103,80,1,1,1
234,3,650,718,103,78,1,1,1
235,3,652,718,101,78,1,1,1
236,3,651,718,103,78,1,1,1
237,3,654,718,100,78,1,1,1
238,3,654,718,100,78,1,1,1
239,3,655,718,100,78,1,1,1
240,3,653,718,101,78,1,1,1
241,3,653,718,101,78,1,1,1
242,3,653,718,101,78,1,1,1
243,3,655,717,100,80,1,1,1
244,3,653,716,101,81,1,1,1
245,3,656,716,100,81,1,1,1
246,3,657,715,100,83,1,1,1
247,3,657,715,100,83,1,1,1
248,3,657,716,100,85,1,1,1
249,3,658,716,100,85,1,1,1
250,3,659,716,99,85,1,1,1
251,3,659,716,98,85,1,1,1
252,3,661,715,96,87,1,1,1
253,3,662,714,96,88,1,1,1
254,3,663,714,96,88,1,1,1
255,3,663,714,95,88,1,1,1
256,3,663,714,95,88,1,1,1
257,3,664,714,94,89,1,1,1
258,3,665,714,94,88,1,1,1
259,3,665,713,94,90,1,1,1
260,3,665,713,94,90,1,1,1
261,3,667,712,92,90,1,1,1
262,3,668,711,94,90,1,1,1
263,3,669,713,92,90,1,1,1
264,3,667,712,92,88,1,1,1
265,3,667,711,92,88,1,1,1
266,3,667,711,92,88,1,1,1
267,3,665,711,94,88,1,1,1
268,3,665,709,95,88,1,1,1
269,3,664,709,96,88,1,1,1
270,3,664,709,96,88,1,1,1
271,3,662,708,96,87,1,1,1
272,3,662,709,96,85,1,1,1
273,3,662,708,98,87,1,1,1
274,3,662,707,98,85,1,1,1
275,3,661,707,99,85,1,1,1
276,3,660,706,99,83,1,1,1
277,3,661,705,100,83,1,1,1
278,3,661,705,100,81,1,1,1
279,3,661,705,100,81,1,1,1
280,3,661,704,100,81,1,1,1
281,3,661,704,100,80,1,1,1
282,3,661,703,99,80,1,1,1
283,3,661,704,99,78,1,1,1
284,3,661,704,99,78,1,1,1
285,3,660,703,100,78,1,1,1
286,3,661,702,99,78,1,1,1
287,3,662,702,100,78,1,1,1
288,3,663,702,99,78,1,1,1
289,3,663,702,99,78,1,1,1
290,3,663,702,98,78,1,1,1
291,3,663,701,98,78,1,1,1
292,3,666,701,96,78,1,1,1
293,3,666,701,95,78,1,1,1
294,3,670,699,92,80,1,1,1
295,3,673,699,88,80,1,1,1
296,3,675,699,88,80,1,1,1
297,3,674,700,88,81,1,1,1
298,3,671,699,92,83,1,1,1
299,3,672,699,91,83,1,1,1
300,3,671,697,92,83,1,1,1
301,3,671,698,92,85,1,1,1
302,3,672,698,92,85,1,1,1
303,3,673,698,91,85,1,1,1
304,3,674,697,92,87,1,1,1
305,3,675,695,91,88,1,1,1
306,3,675,696,91,88,1,1,1
307,3,675,696,91,88,1,1,1
308,3,676,694,89,90,1,1,1
309,3,677,694,88,90,1,1,1
310,3,675,695,91,90,1,1,1
311,3,677,695,89,92,1,1,1
312,3,678,695,88,92,1,1,1
313,3,678,695,88,92,1,1,1
314,3,678,694,88,94,1,1,1
315,3,679,694,87,94,1,1,1
316,3,680,694,88,94,1,1,1
317,3,681,693,87,96,1,1,1
318,3,681,693,85,96,1,1,1
319,3,682,693,85,96,1,1,1
320,3,685,693,84,96,1,1,1
321,3,686,693,84,94,1,1,1
322,3,686,692,84,97,1,1,1
323,3,686,692,84,97,1,1,1
324,3,687,692,83,97,1,1,1
325,3,684,691,84,99,1,1,1
326,3,686,690,84,97,1,1,1
327,3,686,690,84,97,1,1,1
328,3,688,689,83,99,1,1,1
329,3,688,689,83,99,1,1,1
330,3,688,689,83,99,1,1,1
331,3,690,689,81,99,1,1,1
332,3,690,690,80,97,1,1,1
333,3,692,688,80,97,1,1,1
334,3,692,689,80,99,1,1,1
335,3,692,688,80,99,1,1,1
336,3,692,689,81,99,1,1,1
337,3,694,688,80,97,1,1,1
338,3,696,689,77,96,1,1,1
339,3,696,688,76,96,1,1,1
340,3,698,687,76,94,1,1,1
341,3,698,687,76,94,1,1,1
342,3,697,686,77,96,1,1,1
343,3,697,686,77,96,1,1,1
344,3,697,685,79,97,1,1,1
345,3,699,686,76,96,1,1,1
346,3,697,685,79,97,1,1,1
347,3,698,685,77,97,1,1,1
348,3,699,684,76,96,1,1,1
349,3,700,684,76,96,1,1,1
350,3,698,685,77,97,1,1,1
351,3,700,685,76,94,1,1,1
352,3,701,684,76,92,1,1,1
353,3,700,685,76,94,1,1,1
354,3,700,683,76,94,1,1,1
355,3,702,683,76,94,1,1,1
356,3,700,683,76,94,1,1,1
357,3,700,682,76,97,1,1,1
358,3,702,683,76,94,1,1,1
359,3,703,683,75,94,1,1,1
360,3,702,681,76,94,1,1,1
361,3,702,681,76,94,1,1,1
362,3,702,682,76,92,1,1,1
363,3,702,681,77,94,1,1,1
364,3,703,682,76,92,1,1,1
365,3,702,681,77,97,1,1,1
366,3,702,681,77,97,1,1,1
367,3,702,680,77,99,1,1,1
368,3,702,680,77,99,1,1,1
369,3,701,680,79,99,1,1,1
370,3,701,680,79,99,1,1,1
371,3,701,680,79,99,1,1,1
372,3,702,680,80,101,1,1,1
373,3,702,679,80,101,1,1,1
374,3,702,678,80,101,1,1,1
375,3,702,679,80,101,1,1,1
376,3,702,678,80,101,1,1,1
377,3,701,677,81,103,1,1,1
378,3,701,677,81,103,1,1,1
379,3,701,677,81,103,1,1,1
380,3,702,677,80,103,1,1,1
381,3,702,677,81,103,1,1,1
382,3,702,676,81,103,1,1,1
383,3,702,676,81,103,1,1,1
384,3,702,676,81,103,1,1,1
385,3,702,676,81,103,1,1,1
386,3,702,674,80,104,1,1,1
387,3,702,675,80,103,1,1,1
388,3,703,675,81,103,1,1,1
389,3,703,675,81,103,1,1,1
390,3,704,673,80,103,1,1,1
391,3,703,673,81,103,1,1,1
392,3,703,673,81,103,1,1,1
393,3,703,673,81,103,1,1,1
394,3,703,674,83,101,1,1,1
395,3,703,674,81,101,1,1,1
396,3,703,673,81,103,1,1,1
397,3,703,673,81,103,1,1,1
398,3,704,672,81,101,1,1,1
399,3,704,672,83,103,1,1,1
400,3,704,671,81,101,1,1,1
401,3,704,671,83,101,1,1,1
402,3,704,671,83,101,1,1,1
403,3,704,671,83,101,1,1,1
404,3,705,671,84,101,1,1,1
405,3,705,670,84,103,1,1,1
406,3,705,671,83,101,1,1,1
407,3,705,670,83,101,1,1,1
408,3,707,670,81,101,1,1,1
409,3,707,669,83,101,1,1,1
410,3,708,669,81,101,1,1,1
411,3,707,669,83,101,1,1,1
412,3,708,670,81,99,1,1,1
413,3,709,668,80,99,1,1,1
414,3,709,668,81,99,1,1,1
415,3,709,668,81,99,1,1,1
416,3,709,668,81,99,1,1,1
417,3,708,667,83,101,1,1,1
418,3,708,668,83,99,1,1,1
419,3,708,668,83,99,1,1,1
420,3,710,667,81,97,1,1,1
421,3,710,668,81,99,1,1,1
422,3,708,666,83,99,1,1,1
423,3,710,667,81,97,1,1,1
424,3,711,667,81,97,1,1,1
425,3,711,665,81,99,1,1,1
426,3,711,667,81,97,1,1,1
427,3,711,665,81,99,1,1,1
428,3,711,665,83,99,1,1,1
429,3,710,665,84,99,1,1,1
430,3,710,665,84,99,1,1,1
431,3,710,664,84,99,1,1,1
432,3,710,665,84,99,1,1,1
433,3,710,664,84,99,1,1,1
434,3,710,665,84,97,1,1,1
435,3,710,664,84,99,1,1,1
436,3,711,664,84,99,1,1,1
437,3,711,664,84,99,1,1,1
438,3,712,664,83,97,1,1,1
439,3,712,664,83,97,1,1,1
440,3,713,664,84,97,1,1,1
441,3,713,664,84,97,1,1,1
442,3,713,664,84,97,1,1,1
443,3,713,662,84,97,1,1,1
444,3,712,661,84,99,1,1,1
445,3,712,663,84,99,1,1,1
446,3,712,663,84,99,1,1,1
447,3,712,661,84,99,1,1,1
448,3,713,662,85,97,1,1,1
449,3,713,661,85,99,1,1,1
450,3,713,661,85,99,1,1,1
451,3,714,661,85,99,1,1,1
452,3,714,661,85,99,1,1,1
453,3,714,662,85,97,1,1,1
454,3,714,661,85,99,1,1,1
455,3,715,661,84,99,1,1,1
456,3,715,661,84,99,1,1,1
457,3,714,661,85,99,1,1,1
458,3,714,661,85,99,1,1,1
459,3,714,661,85,99,1,1,1
460,3,714,661,85,99,1,1,1
461,3,714,659,87,99,1,1,1
462,3,714,659,87,99,1,1,1
463,3,716,660,85,97,1,1,1
464,3,716,660,85,97,1,1,1
465,3,717,658,85,97,1,1,1
466,3,717,658,85,97,1,1,1
467,3,717,658,85,97,1,1,1
468,3,717,658,87,97,1,1,1
469,3,717,658,87,97,1,1,1
470,3,717,658,87,97,1,1,1
471,3,718,658,85,97,1,1,1
472,3,717,657,87,97,1,1,1
473,3,716,658,88,97,1,1,1
474,3,717,656,87,99,1,1,1
475,3,717,656,87,99,1,1,1
476,3,717,656,87,99,1,1,1
477,3,717,656,87,99,1,1,1
478,3,718,656,88,99,1,1,1
479,3,718,656,88,99,1,1,1
480,3,718,656,88,99,1,1,1
481,3,718,656,88,99,1,1,1
482,3,718,656,88,99,1,1,1
483,3,718,656,87,97,1,1,1
484,3,718,656,87,99,1,1,1
485,3,719,654,88,99,1,1,1
486,3,719,655,88,97,1,1,1
487,3,719,655,88,97,1,1,1
488,3,718,655,88,97,1,1,1
489,3,720,655,88,94,1,1,1
490,3,720,654,88,96,1,1,1
491,3,720,655,88,94,1,1,1
492,3,720,655,88,94,1,1,1
493,3,720,654,88,94,1,1,1
494,3,720,654,88,94,1,1,1
495,3,721,654,87,96,1,1,1
496,3,720,654,88,96,1,1,1
497,3,720,654,88,94,1,1,1
498,3,720,652,88,96,1,1,1
499,3,721,652,88,96,1,1,1
500,3,721,652,88,96,1,1,1
501,3,721,653,88,95,1,1,1
502,3,721,653,88,94,1,1,1
503,3,724,652,88,94,1,1,1
504,3,722,652,88,96,1,1,1
505,3,724,652,88,96,1,1,1
506,3,722,651,88,94,1,1,1
507,3,722,651,88,94,1,1,1
508,3,723,651,88,94,1,1,1
509,3,723,651,88,94,1,1,1
510,3,722,651,88,94,1,1,1
511,3,722,651,88,94,1,1,1
512,3,722,651,88,94,1,1,1
513,3,722,651,88,94,1,1,1
514,3,722,651,88,94,1,1,1
515,3,724,651,88,94,1,1,1
516,3,724,649,88,94,1,1,1
517,3,722,649,88,95,1,1,1
518,3,724,649,88,94,1,1,1
519,3,724,649,88,94,1,1,1
520,3,724,649,88,94,1,1,1
521,3,724,649,89,94,1,1,1
522,3,724,649,89,94,1,1,1
523,3,724,649,89,94,1,1,1
524,3,725,649,88,94,1,1,1
525,3,725,649,88,94,1,1,1
526,3,724,649,91,94,1,1,1
527,3,724,649,91,94,1,1,1
528,3,724,649,89,94,1,1,1
529,3,724,648,89,94,1,1,1
530,3,724,648,89,94,1,1,1
531,3,724,648,89,94,1,1,1
532,3,724,648,91,92,1,1,1
533,3,724,648,91,94,1,1,1
534,3,724,646,91,94,1,1,1
535,3,724,646,91,94,1,1,1
536,3,724,646,91,94,1,1,1
537,3,724,646,91,94,1,1,1
538,3,725,646,92,94,1,1,1
539,3,725,646,92,94,1,1,1
540,3,725,646,91,94,1,1,1
541,3,725,646,92,94,1,1,1
542,3,726,646,92,92,1,1,1
543,3,724,646,92,92,1,1,1
544,3,726,645,92,92,1,1,1
545,3,726,645,92,92,1,1,1
546,3,726,645,92,92,1,1,1
547,3,726,645,92,92,1,1,1
548,3,726,645,92,92,1,1,1
549,3,726,645,92,92,1,1,1
550,3,724,645,94,92,1,1,1
551,3,724,643,94,92,1,1,1
552,3,726,643,92,92,1,1,1
553,3,726,643,92,92,1,1,1
554,3,726,644,92,90,1,1,1
555,3,726,642,92,90,1,1,1
556,3,726,642,92,90,1,1,1
557,3,727,642,92,90,1,1,1
558,3,725,642,94,90,1,1,1
559,3,725,642,94,90,1,1,1
560,3,727,642,92,90,1,1,1
561,3,727,641,92,90,1,1,1
562,3,727,641,92,90,1,1,1
563,3,727,641,94,88,1,1,1
564,3,728,641,92,90,1,1,1
565,3,728,641,92,90,1,1,1
566,3,726,641,95,90,1,1,1
567,3,726,641,95,88,1,1,1
568,3,726,641,95,88,1,1,1
569,3,726,641,95,88,1,1,1
570,3,726,640,95,90,1,1,1
571,3,728,641,94,88,1,1,1
572,3,728,639,94,90,1,1,1
573,3,728,641,94,88,1,1,1
574,3,727,639,95,90,1,1,1
575,3,728,639,94,90,1,1,1
576,3,727,639,95,90,1,1,1
577,3,728,639,94,90,1,1,1
578,3,727,639,95,90,1,1,1
579,3,728,639,94,90,1,1,1
580,3,729,640,95,88,1,1,1
581,3,729,640,94,88,1,1,1
582,3,729,639,94,90,1,1,1
583,3,731,639,92,90,1,1,1
584,3,731,639,92,90,1,1,1
585,3,732,639,92,90,1,1,1
586,3,733,638,92,92,1,1,1
587,3,735,638,89,92,1,1,1
588,3,735,639,91,92,1,1,1
589,3,736,639,89,92,1,1,1
590,3,736,639,89,94,1,1,1
591,3,738,639,88,94,1,1,1
592,3,739,639,87,94,1,1,1
593,3,739,639,87,94,1,1,1
594,3,741,639,85,94,1,1,1
595,3,742,639,84,94,1,1,1
596,3,743,639,84,94,1,1,1
597,3,744,639,83,94,1,1,1
598,3,745,639,84,94,1,1,1
599,3,745,639,83,92,1,1,1
600,3,745,639,83,92,1,1,1
601,3,747,639,81,94,1,1,1
602,3,748,639,81,92,1,1,1
603,3,748,639,81,92,1,1,1
604,3,748,638,81,92,1,1,1
605,3,749,638,80,88,1,1,1
606,3,749,639,80,90,1,1,1
607,3,749,639,80,92,1,1,1
608,3,749,638,81,92,1,1,1
609,3,749,639,81,90,1,1,1
610,3,749,639,81,87,1,1,1
611,3,749,638,81,85,1,1,1
612,3,749,639,81,83,1,1,1
613,3,750,638,81,88,1,1,1
614,3,750,639,81,87,1,1,1
615,3,750,639,81,87,1,1,1
616,3,748,638,83,88,1,1,1
617,3,749,639,84,90,1,1,1
618,3,749,639,84,94,1,1,1
619,3,749,639,85,97,1,1,1
620,3,749,639,85,99,1,1,1
621,3,749,638,85,96,1,1,1
622,3,749,639,85,94,1,1,1
623,3,749,639,85,92,1,1,1
624,3,749,639,85,92,1,1,1
625,3,749,637,85,90,1,1,1
626,3,749,638,85,85,1,1,1
627,3,749,639,85,83,1,1,1
628,3,749,638,87,85,1,1,1
629,3,749,638,87,85,1,1,1
630,3,749,637,85,87,1,1,1
631,3,749,638,87,85,1,1,1
632,3,749,638,87,85,1,1,1
633,3,749,637,87,83,1,1,1
634,3,749,638,87,81,1,1,1
635,3,748,638,88,81,1,1,1
636,3,748,638,89,81,1,1,1
637,3,748,637,89,83,1,1,1
638,3,747,638,91,81,1,1,1
639,3,747,637,91,80,1,1,1
640,3,747,636,91,81,1,1,1
641,3,747,638,91,81,1,1,1
642,3,747,637,91,80,1,1,1
643,3,747,637,91,80,1,1,1
644,3,746,636,92,81,1,1,1
645,3,746,636,92,81,1,1,1
646,3,746,637,92,80,1,1,1
647,3,746,637,92,80,1,1,1
648,3,746,637,92,78,1,1,1
649,3,746,637,92,78,1,1,1
650,3,747,637,92,78,1,1,1
651,3,745,637,94,78,1,1,1
652,3,745,637,94,80,1,1,1
653,3,745,637,94,80,1,1,1
654,3,746,637,95,78,1,1,1
655,3,746,636,95,78,1,1,1
656,3,746,636,95,78,1,1,1
657,3,746,636,96,78,1,1,1
658,3,745,636,96,78,1,1,1
659,3,746,636,96,78,1,1,1
660,3,745,637,96,78,1,1,1
661,3,745,636,96,78,1,1,1
662,3,745,637,96,76,1,1,1
663,3,745,637,96,76,1,1,1
664,3,745,637,98,76,1,1,1
665,3,745,637,98,76,1,1,1
666,3,745,637,98,76,1,1,1
667,3,745,636,98,78,1,1,1
668,3,745,636,98,78,1,1,1
669,3,744,635,99,76,1,1,1
670,3,744,635,99,76,1,1,1
671,3,744,635,100,76,1,1,1
672,3,744,635,100,76,1,1,1
673,3,744,636,100,74,1,1,1
674,3,744,636,100,74,1,1,1
675,3,743,636,101,74,1,1,1
676,3,744,635,101,72,1,1,1
677,3,742,636,103,71,1,1,1
678,3,744,636,101,71,1,1,1
679,3,742,635,103,72,1,1,1
680,3,743,636,104,71,1,1,1
681,3,743,636,104,71,1,1,1
682,3,743,636,104,71,1,1,1
683,3,743,636,103,71,1,1,1
684,3,743,636,103,71,1,1,1
685,3,743,636,103,71,1,1,1
686,3,743,636,103,71,1,1,1
687,3,744,635,104,69,1,1,1
688,3,744,636,104,71,1,1,1
689,3,744,635,104,69,1,1,1
690,3,743,635,105,69,1,1,1
691,3,744,635,104,69,1,1,1
692,3,744,635,104,69,1,1,1
693,3,744,635,104,69,1,1,1
694,3,743,635,107,69,1,1,1
695,3,743,635,107,69,1,1,1
696,3,743,635,107,69,1,1,1
697,3,743,635,107,69,1,1,1
698,3,743,635,107,69,1,1,1
699,3,742,636,108,67,1,1,1
700,3,744,636,107,67,1,1,1
701,3,742,635,108,69,1,1,1
702,3,743,636,108,67,1,1,1
703,3,743,636,108,67,1,1,1
704,3,743,636,108,67,1,1,1
705,3,743,636,108,67,1,1,1
706,3,743,636,108,67,1,1,1
707,3,743,636,108,67,1,1,1
708,3,744,636,108,67,1,1,1
709,3,744,635,108,65,1,1,1
710,3,745,635,108,65,1,1,1
711,3,745,636,108,67,1,1,1
712,3,745,636,108,67,1,1,1
713,3,744,635,108,65,1,1,1
714,3,744,635,108,65,1,1,1
715,3,744,635,108,65,1,1,1
716,3,744,635,108,65,1,1,1
717,3,744,635,108,65,1,1,1
718,3,744,635,110,65,1,1,1
719,3,744,635,110,65,1,1,1
720,3,744,635,110,65,1,1,1
721,3,744,635,110,65,1,1,1
722,3,746,635,108,65,1,1,1
723,3,744,635,110,65,1,1,1
724,3,745,635,110,65,1,1,1
725,3,744,635,110,65,1,1,1
726,3,745,635,110,65,1,1,1
727,3,745,635,110,65,1,1,1
728,3,745,635,111,65,1,1,1
729,3,745,636,110,64,1,1,1
730,3,745,636,110,64,1,1,1
731,3,745,636,111,64,1,1,1
732,3,745,636,111,64,1,1,1
733,3,745,636,111,64,1,1,1
734,3,745,635,111,62,1,1,1
735,3,745,635,111,62,1,1,1
736,3,746,635,112,62,1,1,1
737,3,746,635,112,62,1,1,1
738,3,746,635,112,62,1,1,1
739,3,746,635,112,62,1,1,1
740,3,746,635,112,62,1,1,1
741,3,747,635,112,62,1,1,1
742,3,747,636,112,60,1,1,1
743,3,747,636,112,60,1,1,1
744,3,746,636,112,60,1,1,1
745,3,746,636,112,60,1,1,1
746,3,746,636,112,60,1,1,1
747,3,746,634,112,60,1,1,1
748,3,746,634,112,60,1,1,1
749,3,746,635,112,58,1,1,1
750,3,746,635,114,58,1,1,1
751,3,746,635,114,58,1,1,1
752,3,746,635,114,58,1,1,1
753,3,746,635,114,58,1,1,1
754,3,746,635,114,58,1,1,1
755,3,746,634,114,56,1,1,1
756,3,746,634,114,56,1,1,1
757,3,747,634,115,56,1,1,1
758,3,747,634,115,56,1,1,1
759,3,747,634,115,56,1,1,1
760,3,747,634,115,56,1,1,1
761,3,747,635,115,55,1,1,1
762,3,746,635,116,55,1,1,1
763,3,746,635,116,55,1,1,1
764,3,746,635,116,55,1,1,1
765,3,746,634,116,53,1,1,1
766,3,748,634,115,53,1,1,1
767,3,747,634,116,53,1,1,1
768,3,747,635,116,51,1,1,1
769,3,747,634,116,53,1,1,1
770,3,747,635,116,51,1,1,1
771,3,747,634,116,53,1,1,1
772,3,747,634,116,53,1,1,1
773,3,747,634,116,53,1,1,1
774,3,749,633,116,51,1,1,1
775,3,749,633,116,51,1,1,1
776,3,749,633,116,51,1,1,1
777,3,749,633,116,51,1,1,1
778,3,749,633,116,51,1,1,1
779,3,749,633,116,51,1,1,1
780,3,749,633,116,51,1,1,1
781,3,748,633,116,51,1,1,1
782,3,748,633,116,51,1,1,1
783,3,748,633,118,51,1,1,1
784,3,748,634,118,49,1,1,1
785,3,748,634,118,49,1,1,1
786,3,748,634,118,49,1,1,1
787,3,749,633,118,49,1,1,1
788,3,749,634,118,49,1,1,1
789,3,749,633,118,49,1,1,1
790,3,750,633,119,49,1,1,1
791,3,750,633,118,48,1,1,1
792,3,750,632,118,49,1,1,1
793,3,750,632,118,49,1,1,1
794,3,750,632,118,49,1,1,1
795,3,753,632,116,49,1,1,1
796,3,751,632,116,49,1,1,1
797,3,753,632,116,49,1,1,1
798,3,753,632,116,49,1,1,1
799,3,753,633,116,48,1,1,1
800,3,753,633,116,48,1,1,1
801,3,752,633,116,48,1,1,1
802,3,752,633,116,48,1,1,1
803,3,750,632,118,49,1,1,1
804,3,750,632,118,49,1,1,1
805,3,750,633,118,48,1,1,1
806,3,752,632,118,49,1,1,1
807,3,752,632,116,49,1,1,1
808,3,752,632,118,49,1,1,1
809,3,752,632,118,49,1,1,1
810,3,752,632,116,49,1,1,1
811,3,752,632,118,49,1,1,1
812,3,752,632,118,49,1,1,1
813,3,752,632,118,51,1,1,1
814,3,754,632,116,49,1,1,1
815,3,753,632,118,49,1,1,1
816,3,753,632,118,49,1,1,1
817,3,755,632,116,49,1,1,1
818,3,755,632,116,49,1,1,1
819,3,755,632,116,49,1,1,1
820,3,755,632,116,49,1,1,1
821,3,755,632,116,49,1,1,1
822,3,756,632,116,49,1,1,1
823,3,756,632,116,49,1,1,1
824,3,756,632,115,49,1,1,1
825,3,756,632,115,51,1,1,1
826,3,757,632,116,51,1,1,1
827,3,757,632,116,51,1,1,1
828,3,757,632,115,51,1,1,1
829,3,757,632,115,51,1,1,1
830,3,758,632,114,51,1,1,1
831,3,759,632,115,51,1,1,1
832,3,760,632,112,51,1,1,1
833,3,761,632,112,51,1,1,1
834,3,759,632,114,51,1,1,1
835,3,761,632,112,51,1,1,1
836,3,761,632,112,51,1,1,1
837,3,762,632,112,49,1,1,1
838,3,762,632,112,49,1,1,1
839,3,762,632,112,51,1,1,1
840,3,763,632,112,49,1,1,1
841,3,762,632,114,51,1,1,1
842,3,762,632,114,51,1,1,1
843,3,762,632,114,51,1,1,1
844,3,762,632,114,51,1,1,1
845,3,762,632,112,51,1,1,1
846,3,762,632,114,51,1,1,1
847,3,762,632,114,51,1,1,1
848,3,762,631,114,53,1,1,1
849,3,762,631,114,51,1,1,1
850,3,762,631,114,51,1,1,1
851,3,762,630,114,51,1,1,1
852,3,762,630,114,51,1,1,1
853,3,762,631,114,49,1,1,1
854,3,762,631,114,49,1,1,1
855,3,761,631,116,49,1,1,1
856,3,761,631,116,49,1,1,1
857,3,761,631,115,46,1,1,1
858,3,761,631,115,46,1,1,1
859,3,760,631,116,46,1,1,1
860,3,760,630,116,44,1,1,1
861,3,760,631,116,42,1,1,1
862,3,760,631,116,42,1,1,1
863,3,762,631,116,42,1,1,1
864,3,760,629,116,42,1,1,1
865,3,762,629,116,42,1,1,1
866,3,762,630,116,40,1,1,1
867,3,762,630,116,40,1,1,1
868,3,762,630,116,39,1,1,1
869,3,762,630,116,39,1,1,1
870,3,762,629,116,39,1,1,1
871,3,762,629,116,39,1,1,1
872,3,761,629,118,39,1,1,1
873,3,763,629,116,39,1,1,1
874,3,764,629,115,39,1,1,1
875,3,764,629,116,39,1,1,1
876,3,764,630,116,39,1,1,1
877,3,764,630,116,39,1,1,1
878,3,768,630,112,39,1,1,1
879,3,764,630,116,39,1,1,1
880,3,764,630,116,39,1,1,1
881,3,765,630,116,39,1,1,1
882,3,765,630,116,39,1,1,1
883,3,765,630,115,39,1,1,1
884,3,767,630,115,39,1,1,1
885,3,766,630,116,39,1,1,1
886,3,766,630,116,40,1,1,1
887,3,766,630,116,40,1,1,1
888,3,765,629,118,42,1,1,1
889,3,765,630,118,40,1,1,1
890,3,766,629,116,42,1,1,1
891,3,765,629,118,42,1,1,1
892,3,765,629,118,42,1,1,1
893,3,765,630,118,44,1,1,1
894,3,765,630,118,44,1,1,1
895,3,767,630,116,44,1,1,1
896,3,765,629,118,46,1,1,1
897,3,767,629,116,46,1,1,1
898,3,767,630,116,46,1,1,1
899,3,767,630,116,46,1,1,1
900,3,768,630,116,48,1,1,1
901,3,768,630,116,48,1,1,1
902,3,768,629,116,49,1,1,1
903,3,768,629,116,49,1,1,1
904,3,770,629,116,49,1,1,1
905,3,770,629,116,49,1,1,1
906,3,771,629,115,49,1,1,1
907,3,770,630,116,51,1,1,1
908,3,770,629,116,49,1,1,1
909,3,770,629,116,49,1,1,1
910,3,772,629,115,49,1,1,1
911,3,772,629,115,49,1,1,1
912,3,772,630,115,51,1,1,1
913,3,772,630,115,51,1,1,1
914,3,772,630,115,51,1,1,1
915,3,772,630,115,51,1,1,1
916,3,773,630,116,51,1,1,1
917,3,773,630,116,51,1,1,1
918,3,773,630,115,51,1,1,1
919,3,773,630,115,51,1,1,1
920,3,774,630,116,51,1,1,1
921,3,774,630,116,51,1,1,1
922,3,775,630,115,51,1,1,1
923,3,775,630,115,51,1,1,1
924,3,775,630,115,51,1,1,1
925,3,774,630,116,51,1,1,1
926,3,776,630,115,51,1,1,1
927,3,776,629,115,49,1,1,1
928,3,776,630,115,51,1,1,1
929,3,774,630,116,51,1,1,1
930,3,774,630,116,51,1,1,1
931,3,775,629,116,49,1,1,1
932,3,775,629,116,49,1,1,1
933,3,775,629,116,49,1,1,1
934,3,773,629,118,49,1,1,1
935,3,773,629,118,49,1,1,1
936,3,773,629,118,49,1,1,1
937,3,773,629,118,49,1,1,1
938,3,775,630,116,48,1,1,1
939,3,773,630,118,48,1,1,1
940,3,774,630,119,48,1,1,1
941,3,774,630,119,46,1,1,1
942,3,774,629,119,46,1,1,1
943,3,775,629,118,46,1,1,1
944,3,774,630,120,44,1,1,1
945,3,774,630,119,44,1,1,1
946,3,774,630,119,44,1,1,1
947,3,774,630,119,44,1,1,1
948,3,774,630,119,44,1,1,1
949,3,774,629,119,42,1,1,1
950,3,774,629,119,42,1,1,1
951,3,774,628,119,44,1,1,1
952,3,774,629,119,42,1,1,1
953,3,775,629,120,42,1,1,1
954,3,775,629,120,42,1,1,1
955,3,775,629,120,42,1,1,1
956,3,775,629,119,42,1,1,1
957,3,775,629,119,42,1,1,1
958,3,775,628,119,40,1,1,1
959,3,775,628,119,40,1,1,1
960,3,775,628,119,40,1,1,1
961,3,775,628,119,40,1,1,1
962,3,775,629,119,39,1,1,1
963,3,776,629,120,39,1,1,1
964,3,777,628,119,40,1,1,1
965,3,777,629,119,39,1,1,1
966,3,776,627,120,39,1,1,1
967,3,776,627,120,39,1,1,1
968,3,776,627,120,39,1,1,1
969,3,776,627,120,39,1,1,1
970,3,778,627,119,39,1,1,1
971,3,777,627,120,39,1,1,1
972,3,777,627,120,39,1,1,1
973,3,777,627,120,39,1,1,1
974,3,777,627,120,39,1,1,1
975,3,777,628,120,37,1,1,1
976,3,777,628,120,37,1,1,1
977,3,777,628,120,37,1,1,1
978,3,778,628,119,37,1,1,1
979,3,778,628,119,37,1,1,1
980,3,779,628,120,37,1,1,1
981,3,779,627,119,39,1,1,1
982,3,779,627,120,39,1,1,1
983,3,779,626,120,37,1,1,1
984,3,779,626,119,37,1,1,1
985,3,779,627,119,39,1,1,1
986,3,779,627,119,39,1,1,1
987,3,779,627,119,39,1,1,1
988,3,779,626,119,37,1,1,1
989,3,780,627,120,39,1,1,1
990,3,781,626,119,37,1,1,1
991,3,780,626,120,37,1,1,1
992,3,781,626,119,37,1,1,1
993,3,783,626,118,37,1,1,1
994,3,784,626,116,37,1,1,1
995,3,784,626,116,37,1,1,1
996,3,782,626,119,37,1,1,1
997,3,784,626,118,37,1,1,1
998,3,782,625,119,39,1,1,1
999,3,782,625,119,39,1,1,1
1000,3,782,625,120,39,1,1,1
1001,3,782,625,120,39,1,1,1
1002,3,782,625,119,39,1,1,1
1003,3,782,625,120,39,1,1,1
1004,3,783,625,120,39,1,1,1
1005,3,783,625,120,39,1,1,1
1006,3,782,625,120,39,1,1,1
1007,3,782,625,120,39,1,1,1
1008,3,783,625,120,39,1,1,1
1009,3,783,625,119,39,1,1,1
1010,3,783,625,120,39,1,1,1
1011,3,784,625,120,39,1,1,1
1012,3,784,625,120,39,1,1,1
1013,3,784,625,120,39,1,1,1
1014,3,784,625,120,39,1,1,1
1015,3,784,625,120,39,1,1,1
1016,3,784,625,120,39,1,1,1
1017,3,784,624,120,40,1,1,1
1018,3,784,624,120,40,1,1,1
1019,3,784,624,120,40,1,1,1
1020,3,784,625,120,39,1,1,1
1021,3,784,624,120,40,1,1,1
1022,3,784,625,120,39,1,1,1
1023,3,784,624,120,40,1,1,1
1024,3,784,625,120,39,1,1,1
1025,3,784,624,120,40,1,1,1
1026,3,785,624,120,40,1,1,1
1027,3,784,624,120,40,1,1,1
1028,3,784,625,120,39,1,1,1
1029,3,785,624,120,40,1,1,1
1030,3,785,625,120,39,1,1,1
1031,3,785,625,120,39,1,1,1
1032,3,785,624,120,40,1,1,1
1033,3,785,625,120,39,1,1,1
1034,3,785,625,120,39,1,1,1
1035,3,785,624,120,40,1,1,1
1036,3,785,624,120,40,1,1,1
1037,3,786,624,119,40,1,1,1
1038,3,787,624,120,40,1,1,1
1039,3,787,624,120,40,1,1,1
1040,3,787,624,119,40,1,1,1
1041,3,787,624,119,40,1,1,1
1042,3,787,624,119,40,1,1,1
1043,3,787,624,119,40,1,1,1
1044,3,787,624,119,40,1,1,1
1045,3,787,624,119,40,1,1,1
1046,3,787,624,119,40,1,1,1
1047,3,788,624,120,40,1,1,1
1048,3,788,624,120,42,1,1,1
1049,3,788,624,120,40,1,1,1
1050,3,788,624,120,42,1,1,1
1051,3,788,624,120,42,1,1,1
1052,3,788,624,120,42,1,1,1
1053,3,787,624,123,42,1,1,1
1054,3,788,624,121,42,1,1,1
1055,3,788,624,121,40,1,1,1
1056,3,788,624,121,42,1,1,1
1057,3,788,624,121,42,1,1,1
1058,3,788,624,121,42,1,1,1
1059,3,789,624,120,42,1,1,1
1060,3,788,624,121,42,1,1,1
1061,3,788,623,121,42,1,1,1
1062,3,788,623,121,42,1,1,1
1063,3,790,623,120,42,1,1,1
1064,3,790,623,120,42,1,1,1
1065,3,790,623,120,42,1,1,1
1066,3,791,623,120,42,1,1,1
1067,3,790,623,120,42,1,1,1
1068,3,790,623,120,42,1,1,1
1069,3,791,623,120,42,1,1,1
1070,3,791,623,120,42,1,1,1
1071,3,791,623,120,42,1,1,1
1072,3,791,623,120,42,1,1,1
1073,3,790,623,120,42,1,1,1
1074,3,792,623,120,42,1,1,1
1075,3,792,623,120,42,1,1,1
1076,3,790,623,120,42,1,1,1
1077,3,792,623,120,42,1,1,1
1078,3,792,623,120,42,1,1,1
1079,3,792,622,120,42,1,1,1
1080,3,792,622,120,42,1,1,1
1081,3,792,622,120,42,1,1,1
1082,3,792,622,120,42,1,1,1
1083,3,794,622,119,42,1,1,1
1084,3,794,621,119,40,1,1,1
1085,3,794,621,119,40,1,1,1
1086,3,794,621,119,40,1,1,1
1087,3,794,622,119,39,1,1,1
1088,3,794,621,119,40,1,1,1
1089,3,794,621,119,40,1,1,1
1090,3,794,621,119,39,1,1,1
1091,3,795,621,118,39,1,1,1
1092,3,795,619,118,40,1,1,1
1093,3,796,620,116,39,1,1,1
1094,3,796,619,116,40,1,1,1
1095,3,796,619,116,40,1,1,1
1096,3,796,619,116,40,1,1,1
1097,3,796,618,116,42,1,1,1
1098,3,797,618,116,42,1,1,1
1099,3,797,618,116,42,1,1,1
1100,3,797,618,115,42,1,1,1
1101,3,797,617,115,44,1,1,1
1102,3,798,617,114,44,1,1,1
1103,3,798,617,114,44,1,1,1
1104,3,800,618,112,46,1,1,1
1105,3,800,616,112,46,1,1,1
1106,3,800,616,112,46,1,1,1
1107,3,802,617,111,48,1,1,1
1108,3,802,617,110,48,1,1,1
1109,3,802,617,110,48,1,1,1
1110,3,802,615,110,49,1,1,1
1111,3,802,615,110,49,1,1,1
1112,3,802,616,110,49,1,1,1
1113,3,804,614,108,51,1,1,1
1114,3,804,614,108,51,1,1,1
1115,3,804,615,108,51,1,1,1
1116,3,805,615,108,51,1,1,1
1117,3,805,615,108,51,1,1,1
1118,3,805,613,108,53,1,1,1
1119,3,805,613,108,53,1,1,1
1120,3,805,614,108,53,1,1,1
1121,3,805,614,108,53,1,1,1
1122,3,805,614,108,55,1,1,1
1123,3,805,614,108,55,1,1,1
1124,3,805,614,108,55,1,1,1
1125,3,805,614,107,55,1,1,1
1126,3,805,613,108,56,1,1,1
1127,3,805,613,107,56,1,1,1
1128,3,806,613,108,56,1,1,1
1129,3,807,613,107,56,1,1,1
1130,3,806,613,108,56,1,1,1
1131,3,806,613,108,56,1,1,1
1132,3,806,613,108,56,1,1,1
1133,3,807,612,107,58,1,1,1
1134,3,807,612,107,58,1,1,1
1135,3,807,612,107,58,1,1,1
1136,3,808,612,105,58,1,1,1
1137,3,807,611,107,60,1,1,1
1138,3,807,611,107,60,1,1,1
1139,3,807,611,107,60,1,1,1
1140,3,807,610,107,62,1,1,1
1141,3,807,611,107,60,1,1,1
1142,3,807,610,107,62,1,1,1
1143,3,808,610,108,62,1,1,1
1144,3,808,610,108,62,1,1,1
1145,3,809,610,105,62,1,1,1
1146,3,808,609,107,64,1,1,1
1147,3,808,609,107,64,1,1,1
1148,3,808,609,107,64,1,1,1
1149,3,809,609,107,65,1,1,1
1150,3,809,609,107,65,1,1,1
1151,3,809,610,108,65,1,1,1
1152,3,810,610,108,65,1,1,1
1153,3,811,610,107,65,1,1,1
1154,3,812,610,104,65,1,1,1
1155,3,811,608,107,67,1,1,1
1156,3,811,609,105,67,1,1,1
1157,3,811,609,107,67,1,1,1
1158,3,811,609,105,67,1,1,1
1159,3,811,609,105,67,1,1,1
1160,3,813,608,104,69,1,1,1
1161,3,814,608,104,69,1,1,1
1162,3,812,608,105,69,1,1,1
1163,3,814,608,104,69,1,1,1
1164,3,814,608,104,69,1,1,1
1165,3,814,608,104,71,1,1,1
1166,3,814,608,104,71,1,1,1
1167,3,814,608,105,71,1,1,1
1168,3,814,608,104,71,1,1,1
1169,3,814,607,104,71,1,1,1
1170,3,816,607,104,72,1,1,1
1171,3,816,607,104,72,1,1,1
1172,3,816,607,104,72,1,1,1
1173,3,815,607,105,72,1,1,1
1174,3,816,606,104,74,1,1,1
1175,3,816,606,104,74,1,1,1
1176,3,816,606,105,74,1,1,1
1177,3,816,606,105,74,1,1,1
1178,3,816,605,105,76,1,1,1
1179,3,817,605,104,76,1,1,1
1180,3,817,605,104,76,1,1,1
1181,3,818,605,104,76,1,1,1
1182,3,818,605,104,76,1,1,1
1183,3,818,605,104,76,1,1,1
1184,3,818,604,104,78,1,1,1
1185,3,818,604,104,78,1,1,1
1186,3,818,604,104,78,1,1,1
1187,3,818,604,104,78,1,1,1
1188,3,818,604,104,78,1,1,1
1189,3,819,604,104,78,1,1,1
1190,3,818,604,104,78,1,1,1
1191,3,819,604,104,78,1,1,1
1192,3,819,604,103,78,1,1,1
1193,3,820,604,104,78,1,1,1
1194,3,820,604,104,78,1,1,1
1195,3,821,604,103,78,1,1,1
1196,3,821,604,103,81,1,1,1
1197,3,821,603,103,80,1,1,1
1198,3,820,602,104,81,1,1,1
1199,3,820,602,104,81,1,1,1
1200,3,820,602,104,81,1,1,1
1201,3,820,602,104,81,1,1,1
1202,3,822,602,101,81,1,1,1
1203,3,822,602,101,81,1,1,1
1204,3,822,602,101,81,1,1,1
1205,3,823,602,100,81,1,1,1
1206,3,823,602,101,81,1,1,1
1207,3,823,602,101,81,1,1,1
1208,3,824,602,100,81,1,1,1
1209,3,824,602,100,81,1,1,1
1210,3,824,602,100,81,1,1,1
1211,3,824,602,100,81,1,1,1
1212,3,824,602,100,81,1,1,1
1213,3,824,602,101,81,1,1,1
1214,3,825,602,100,81,1,1,1
1215,3,824,601,101,81,1,1,1
1216,3,824,600,101,83,1,1,1
1217,3,824,600,101,83,1,1,1
1218,3,824,600,100,83,1,1,1
1219,3,824,600,100,83,1,1,1
1220,3,825,600,101,83,1,1,1
1221,3,826,600,100,81,1,1,1
1222,3,826,600,100,83,1,1,1
1223,3,825,600,101,83,1,1,1
1224,3,826,600,100,83,1,1,1
1225,3,826,600,100,83,1,1,1
1226,3,823,600,103,83,1,1,1
1227,3,825,600,103,83,1,1,1
1228,3,823,600,103,83,1,1,1
1229,3,823,600,103,83,1,1,1
1230,3,824,600,104,83,1,1,1
1231,3,824,599,104,85,1,1,1
1232,3,825,599,103,85,1,1,1
1233,3,824,599,104,85,1,1,1
1234,3,825,599,103,85,1,1,1
1235,3,824,599,104,85,1,1,1
1236,3,825,599,103,85,1,1,1
1237,3,825,599,103,85,1,1,1
1238,3,825,599,103,85,1,1,1
1239,3,825,599,103,85,1,1,1
1240,3,824,599,104,85,1,1,1
1241,3,824,599,104,85,1,1,1
1242,3,826,599,101,85,1,1,1
1243,3,826,599,101,85,1,1,1
1244,3,826,599,101,83,1,1,1
1245,3,826,599,101,85,1,1,1
1246,3,828,597,101,85,1,1,1
1247,3,828,599,100,83,1,1,1
1248,3,826,598,103,85,1,1,1
1249,3,828,597,100,85,1,1,1
1250,3,828,598,101,85,1,1,1
1251,3,828,598,101,85,1,1,1
1252,3,828,597,100,85,1,1,1
1253,3,828,598,100,85,1,1,1
1254,3,828,598,100,85,1,1,1
1255,3,830,597,100,85,1,1,1
1256,3,830,597,100,85,1,1,1
1257,3,830,597,100,85,1,1,1
1258,3,832,597,99,85,1,1,1
1259,3,830,597,100,85,1,1,1
1260,3,830,597,100,85,1,1,1
1261,3,830,597,100,85,1,1,1
1262,3,830,597,100,85,1,1,1
1263,3,831,597,100,85,1,1,1
1264,3,830,595,101,88,1,1,1
1265,3,832,596,100,87,1,1,1
1266,3,832,596,100,87,1,1,1
1267,3,831,596,100,87,1,1,1
1268,3,831,596,100,87,1,1,1
1269,3,832,595,99,85,1,1,1
1270,3,832,595,100,85,1,1,1
1271,3,831,595,100,85,1,1,1
1272,3,831,595,100,85,1,1,1
1273,3,832,594,100,87,1,1,1
1274,3,832,594,100,87,1,1,1
1275,3,832,594,100,87,1,1,1
1276,3,832,595,100,85,1,1,1
1277,3,833,594,100,87,1,1,1
1278,3,833,595,99,85,1,1,1
1279,3,833,594,100,87,1,1,1
1280,3,833,595,99,85,1,1,1
1281,3,833,594,99,87,1,1,1
1282,3,833,594,99,87,1,1,1
1283,3,833,594,99,87,1,1,1
1284,3,833,594,99,87,1,1,1
1285,3,833,592,99,88,1,1,1
1286,3,834,592,98,87,1,1,1
1287,3,835,593,99,85,1,1,1
1288,3,835,592,99,87,1,1,1
1289,3,835,593,99,85,1,1,1
1290,3,835,592,99,87,1,1,1
1291,3,835,592,99,88,1,1,1
1292,3,835,592,99,87,1,1,1
1293,3,835,593,99,85,1,1,1
1294,3,835,593,99,85,1,1,1
1295,3,834,592,100,87,1,1,1
1296,3,835,592,99,88,1,1,1
1297,3,836,591,99,87,1,1,1
1298,3,836,591,99,87,1,1,1
1299,3,836,591,99,87,1,1,1
1300,3,836,591,98,87,1,1,1
1301,3,836,591,98,87,1,1,1
1302,3,836,590,99,88,1,1,1
1303,3,837,592,98,85,1,1,1
1304,3,837,591,98,87,1,1,1
1305,3,836,590,99,88,1,1,1
1306,3,836,590,99,88,1,1,1
1307,3,836,590,99,88,1,1,1
1308,3,837,591,98,87,1,1,1
1309,3,837,591,98,87,1,1,1
1310,3,838,591,96,87,1,1,1
1311,3,837,591,98,87,1,1,1
1312,3,837,591,98,87,1,1,1
1313,3,838,591,96,87,1,1,1
1314,3,838,591,96,87,1,1,1
1315,3,840,591,96,87,1,1,1
1316,3,838,590,96,88,1,1,1
1317,3,838,590,96,88,1,1,1
1318,3,838,590,96,88,1,1,1
1319,3,838,590,96,88,1,1,1
1320,3,840,590,96,88,1,1,1
1321,3,840,590,96,88,1,1,1
1322,3,840,590,96,88,1,1,1
1323,3,840,590,96,88,1,1,1
1324,3,840,590,96,88,1,1,1
1325,3,840,590,96,88,1,1,1
1326,3,840,590,96,88,1,1,1
1327,3,840,590,96,88,1,1,1
1328,3,840,590,96,88,1,1,1
1329,3,840,590,96,88,1,1,1
1330,3,839,588,98,88,1,1,1
1331,3,841,588,96,88,1,1,1
1332,3,841,588,96,88,1,1,1
1333,3,841,588,96,88,1,1,1
1334,3,842,588,95,88,1,1,1
1335,3,842,588,95,88,1,1,1
1336,3,841,588,96,88,1,1,1
1337,3,841,588,96,88,1,1,1
1338,3,841,588,96,88,1,1,1
1339,3,841,588,96,88,1,1,1
1340,3,841,588,96,88,1,1,1
1341,3,842,588,95,88,1,1,1
1342,3,841,588,96,88,1,1,1
1343,3,842,588,95,88,1,1,1
1344,3,842,588,95,88,1,1,1
1345,3,843,588,96,88,1,1,1
1346,3,843,588,96,88,1,1,1
1347,3,843,588,96,88,1,1,1
1348,3,843,588,96,88,1,1,1
1349,3,843,588,95,88,1,1,1
1350,3,843,588,96,88,1,1,1
1351,3,842,588,96,88,1,1,1
1352,3,842,587,96,90,1,1,1
1353,3,844,587,96,90,1,1,1
1354,3,844,586,96,88,1,1,1
1355,3,844,586,96,88,1,1,1
1356,3,844,586,96,88,1,1,1
1357,3,845,586,95,88,1,1,1
1358,3,845,586,95,88,1,1,1
1359,3,845,586,95,88,1,1,1
1360,3,845,586,95,88,1,1,1
1361,3,845,586,95,88,1,1,1
1362,3,845,585,95,90,1,1,1
1363,3,845,585,95,90,1,1,1
1364,3,844,585,96,90,1,1,1
1365,3,844,585,96,90,1,1,1
1366,3,844,585,96,90,1,1,1
1367,3,844,585,96,90,1,1,1
1368,3,844,585,96,90,1,1,1
1369,3,844,585,96,90,1,1,1
1370,3,844,584,96,90,1,1,1
1371,3,844,585,96,90,1,1,1
1372,3,844,585,96,90,1,1,1
1373,3,844,585,96,90,1,1,1
1374,3,844,585,96,90,1,1,1
1375,3,846,584,96,90,1,1,1
1376,3,846,584,95,88,1,1,1
1377,3,846,584,95,90,1,1,1
1378,3,846,584,95,88,1,1,1
1379,3,846,584,95,88,1,1,1
1380,3,846,584,95,88,1,1,1
1381,3,846,584,95,88,1,1,1
1382,3,846,584,95,88,1,1,1
1383,3,846,583,95,88,1,1,1
1384,3,846,583,95,88,1,1,1
1385,3,846,584,95,87,1,1,1
1386,3,846,584,95,87,1,1,1
1387,3,846,582,95,87,1,1,1
1388,3,846,583,95,85,1,1,1
1389,3,846,583,96,85,1,1,1
1390,3,846,583,96,85,1,1,1
1391,3,846,583,96,85,1,1,1
1392,3,846,581,96,85,1,1,1
1393,3,846,582,96,83,1,1,1
1394,3,846,582,96,83,1,1,1
1395,3,846,581,96,81,1,1,1
1396,3,846,581,96,81,1,1,1
1397,3,846,581,96,81,1,1,1
1398,3,846,581,95,81,1,1,1
1399,3,847,582,94,80,1,1,1
1400,3,846,582,95,78,1,1,1
1401,3,846,582,95,78,1,1,1
1402,3,846,580,95,80,1,1,1
1403,3,847,580,94,80,1,1,1
1404,3,847,580,94,80,1,1,1
1405,3,847,580,94,80,1,1,1
1406,3,847,581,94,78,1,1,1
1407,3,847,580,94,80,1,1,1
1408,3,847,580,94,80,1,1,1
1409,3,848,581,92,78,1,1,1
1410,3,848,580,92,80,1,1,1
1411,3,848,580,92,80,1,1,1
1412,3,848,580,92,80,1,1,1
1413,3,848,580,92,80,1,1,1
1414,3,848,578,92,81,1,1,1
1415,3,849,578,92,81,1,1,1
1416,3,848,578,91,81,1,1,1
1417,3,849,578,92,81,1,1,1
1418,3,849,577,92,81,1,1,1
1419,3,848,577,91,83,1,1,1
1420,3,849,577,91,83,1,1,1
1421,3,849,577,91,83,1,1,1
1422,3,849,577,91,83,1,1,1
1423,3,851,578,89,83,1,1,1
1424,3,851,578,89,83,1,1,1
1425,3,851,578,89,83,1,1,1
1426,3,851,578,89,83,1,1,1
1427,3,852,577,88,85,1,1,1
1428,3,852,577,88,85,1,1,1
1429,3,852,577,88,85,1,1,1
1430,3,852,577,88,85,1,1,1
1431,3,854,577,87,85,1,1,1
1432,3,854,577,87,85,1,1,1
1433,3,854,577,87,85,1,1,1
1434,3,854,576,85,88,1,1,1
1435,3,854,576,87,88,1,1,1
1436,3,854,576,87,88,1,1,1
1437,3,854,576,87,88,1,1,1
1438,3,856,575,85,90,1,1,1
1439,3,854,575,87,90,1,1,1
1440,3,856,575,85,90,1,1,1
1441,3,855,574,87,92,1,1,1
1442,3,857,574,85,92,1,1,1
1443,3,857,574,85,92,1,1,1
1444,3,857,575,85,92,1,1,1
1445,3,858,575,84,92,1,1,1
1446,3,858,573,84,94,1,1,1
1447,3,858,574,84,94,1,1,1
1448,3,858,574,84,94,1,1,1
1449,3,858,574,84,94,1,1,1
1450,3,858,574,84,96,1,1,1
1451,3,858,574,84,96,1,1,1
1452,3,859,574,83,96,1,1,1
1453,3,859,574,83,96,1,1,1
1454,3,859,574,83,96,1,1,1
1455,3,859,573,83,97,1,1,1
1456,3,860,573,84,97,1,1,1
1457,3,860,572,83,99,1,1,1
1458,3,862,572,81,99,1,1,1
1459,3,862,572,80,99,1,1,1
1460,3,862,572,80,99,1,1,1
1461,3,862,572,80,99,1,1,1
1462,3,862,572,80,99,1,1,1
1463,3,862,572,80,99,1,1,1
1464,3,864,571,80,101,1,1,1
1465,3,864,571,80,101,1,1,1
1466,3,864,571,80,101,1,1,1
1467,3,865,571,79,101,1,1,1
1468,3,864,571,80,101,1,1,1
1469,3,865,571,79,101,1,1,1
1470,3,865,571,79,101,1,1,1
1471,3,866,571,79,101,1,1,1
1472,3,866,571,79,101,1,1,1
1473,3,867,571,76,101,1,1,1
1474,3,867,570,76,103,1,1,1
1475,3,867,570,76,103,1,1,1
1476,3,867,570,76,103,1,1,1
1477,3,868,570,76,103,1,1,1
1478,3,866,570,77,103,1,1,1
1479,3,867,570,76,103,1,1,1
1480,3,868,570,76,103,1,1,1
1481,3,868,570,76,103,1,1,1
1482,3,868,570,76,103,1,1,1
1483,3,869,570,76,103,1,1,1
1484,3,869,570,76,103,1,1,1
1485,3,869,569,76,106,1,1,1
1486,3,869,569,76,106,1,1,1
1487,3,868,569,76,106,1,1,1
1488,3,870,569,76,106,1,1,1
1489,3,870,569,76,106,1,1,1
1490,3,870,569,76,104,1,1,1
1491,3,871,569,75,106,1,1,1
1492,3,871,569,75,104,1,1,1
1493,3,871,569,75,106,1,1,1
1494,3,871,569,75,106,1,1,1
1495,3,871,569,74,106,1,1,1
1496,3,871,569,74,106,1,1,1
1497,3,871,569,74,104,1,1,1
1498,3,871,569,74,104,1,1,1
1499,3,871,569,74,104,1,1,1
1500,3,871,569,74,104,1,1,1
1501,3,871,569,74,104,1,1,1
1502,3,871,569,74,106,1,1,1
1503,3,871,569,74,106,1,1,1
1504,3,873,569,72,104,1,1,1
1505,3,873,569,72,104,1,1,1
1506,3,873,569,72,104,1,1,1
1507,3,873,569,72,104,1,1,1
1508,3,873,569,72,104,1,1,1
1509,3,873,569,72,104,1,1,1
1510,3,873,569,72,104,1,1,1
1511,3,873,569,72,104,1,1,1
1512,3,873,569,72,104,1,1,1
1513,3,873,569,72,104,1,1,1
1514,3,873,569,72,104,1,1,1
1515,3,874,569,72,104,1,1,1
1516,3,874,569,72,104,1,1,1
1517,3,874,569,72,104,1,1,1
1518,3,874,569,72,104,1,1,1
1519,3,874,569,71,104,1,1,1
1520,3,874,569,72,104,1,1,1
1521,3,874,569,72,104,1,1,1
1522,3,875,569,72,104,1,1,1
1523,3,875,569,72,104,1,1,1
1524,3,875,569,72,104,1,1,1
1525,3,874,569,71,104,1,1,1
1526,3,875,569,72,104,1,1,1
1527,3,875,569,72,104,1,1,1
1528,3,875,570,72,103,1,1,1
1529,3,876,570,70,103,1,1,1
1530,3,876,570,70,103,1,1,1
1531,3,876,570,68,103,1,1,1
1532,3,876,570,68,103,1,1,1
1533,3,876,570,68,103,1,1,1
1534,3,876,570,70,103,1,1,1
1535,3,876,570,70,103,1,1,1
1536,3,876,570,70,103,1,1,1
1537,3,876,570,70,103,1,1,1
1538,3,876,570,70,103,1,1,1
1539,3,876,570,70,103,1,1,1
1540,3,878,570,68,103,1,1,1
1541,3,876,570,70,103,1,1,1
1542,3,876,570,70,103,1,1,1
1543,3,876,570,70,103,1,1,1
1544,3,876,570,70,103,1,1,1
1545,3,878,570,68,103,1,1,1
1546,3,878,570,68,103,1,1,1
1547,3,878,570,68,103,1,1,1
1548,3,878,570,68,103,1,1,1
1549,3,878,570,68,103,1,1,1
1550,3,878,569,68,101,1,1,1
1551,3,878,570,68,103,1,1,1
1552,3,878,570,68,103,1,1,1
1553,3,878,570,68,103,1,1,1
1554,3,878,569,68,101,1,1,1
1555,3,879,569,67,101,1,1,1
1556,3,879,569,67,101,1,1,1
1557,3,879,570,67,103,1,1,1
1558,3,880,569,68,101,1,1,1
1559,3,879,568,67,103,1,1,1
1560,3,879,568,67,103,1,1,1
1561,3,879,569,67,101,1,1,1
1562,3,879,568,67,103,1,1,1
1563,3,879,568,67,103,1,1,1
1564,3,879,568,67,103,1,1,1
1565,3,879,568,67,103,1,1,1
1566,3,881,568,65,103,1,1,1
1567,3,881,569,65,101,1,1,1
1568,3,881,568,65,103,1,1,1
1569,3,881,569,65,101,1,1,1
1570,3,881,569,65,101,1,1,1
1571,3,881,568,65,103,1,1,1
1572,3,881,569,65,101,1,1,1
1573,3,880,569,67,101,1,1,1
1574,3,880,569,67,101,1,1,1
1575,3,880,569,67,101,1,1,1
1576,3,881,569,65,101,1,1,1
1577,3,880,569,67,101,1,1,1
1578,3,880,569,67,101,1,1,1
1579,3,880,568,67,103,1,1,1
1580,3,880,568,67,103,1,1,1
1581,3,881,568,65,103,1,1,1
1582,3,881,568,65,103,1,1,1
1583,3,881,568,65,103,1,1,1
1584,3,881,569,65,101,1,1,1
1585,3,881,569,65,101,1,1,1
1586,3,881,569,65,101,1,1,1
1587,3,881,569,65,101,1,1,1
1588,3,881,568,65,103,1,1,1
1589,3,880,568,67,103,1,1,1
1590,3,881,569,65,101,1,1,1
1591,3,881,569,65,101,1,1,1
1592,3,880,569,67,101,1,1,1
1593,3,880,569,67,101,1,1,1
1594,3,885,568,63,101,1,1,1
1595,3,884,568,64,101,1,1,1
1596,3,884,570,64,99,1,1,1
1597,3,884,568,64,101,1,1,1
1598,3,884,570,64,99,1,1,1
1599,3,884,569,62,99,1,1,1
1600,3,883,570,63,99,1,1,1
1601,3,885,568,63,101,1,1,1
1602,3,884,569,62,99,1,1,1
1603,3,885,568,62,99,1,1,1
1604,3,885,569,62,97,1,1,1
1605,3,886,569,60,97,1,1,1
1606,3,886,569,60,97,1,1,1
1607,3,886,569,60,97,1,1,1
1608,3,886,569,60,97,1,1,1
1609,3,886,569,60,97,1,1,1
1610,3,886,569,60,97,1,1,1
1611,3,885,569,62,97,1,1,1
1612,3,887,569,60,97,1,1,1
1613,3,887,569,60,97,1,1,1
1614,3,885,568,62,99,1,1,1
1615,3,885,568,62,99,1,1,1
1616,3,885,568,62,99,1,1,1
1617,3,885,569,62,97,1,1,1
1618,3,885,569,62,97,1,1,1
1619,3,887,569,60,97,1,1,1
1620,3,887,569,60,97,1,1,1
1621,3,886,568,60,99,1,1,1
1622,3,887,569,60,97,1,1,1
1623,3,885,568,62,99,1,1,1
1624,3,885,568,62,99,1,1,1
1625,3,887,569,60,97,1,1,1
1626,3,887,568,60,99,1,1,1
1627,3,888,570,57,96,1,1,1
1628,3,888,568,57,97,1,1,1
1629,3,888,569,59,97,1,1,1
1630,3,888,569,59,97,1,1,1
1631,3,888,569,59,97,1,1,1
1632,3,888,569,59,97,1,1,1
1633,3,890,569,57,94,1,1,1
1634,3,895,570,52,88,1,1,1
1635,3,888,570,57,96,1,1,1
1636,3,890,570,57,96,1,1,1
1637,3,890,570,57,96,1,1,1
1638,3,890,569,57,97,1,1,1
1639,3,888,569,59,97,1,1,1
1640,3,890,569,57,97,1,1,1
1641,3,888,569,59,97,1,1,1
1642,3,888,569,59,97,1,1,1
1643,3,888,569,57,97,1,1,1
1644,3,888,569,59,97,1,1,1
1645,3,890,568,57,97,1,1,1
1646,3,890,568,56,97,1,1,1
1647,3,890,568,57,97,1,1,1
1648,3,890,568,57,97,1,1,1
1649,3,890,570,57,96,1,1,1
1650,3,890,570,56,96,1,1,1
1651,3,890,569,56,97,1,1,1
1652,3,888,570,59,96,1,1,1
1653,3,890,570,57,96,1,1,1
1654,3,890,570,56,96,1,1,1
1655,3,891,570,56,96,1,1,1
1656,3,890,570,56,96,1,1,1
1657,3,890,570,56,96,1,1,1
1658,3,890,570,56,96,1,1,1
1659,3,890,569,56,94,1,1,1
1660,3,890,569,56,94,1,1,1
1661,3,892,569,56,94,1,1,1
1662,3,890,569,56,94,1,1,1
1663,3,891,569,56,94,1,1,1
1664,3,890,568,57,97,1,1,1
1665,3,891,570,56,96,1,1,1
1666,3,891,570,56,96,1,1,1
1667,3,891,569,55,94,1,1,1
1668,3,891,569,55,94,1,1,1
1669,3,891,569,56,94,1,1,1
1670,3,891,569,55,94,1,1,1
1671,3,891,569,56,94,1,1,1
1672,3,891,569,56,94,1,1,1
1673,3,890,569,55,94,1,1,1
1674,3,891,569,56,94,1,1,1
1675,3,890,569,54,94,1,1,1
1676,3,891,569,56,94,1,1,1
1677,3,891,570,56,92,1,1,1
1678,3,891,569,56,94,1,1,1
1679,3,892,570,54,92,1,1,1
1680,3,891,568,55,94,1,1,1
1681,3,891,569,55,92,1,1,1
1682,3,891,569,56,92,1,1,1
1683,3,891,570,56,92,1,1,1
1684,3,890,570,55,92,1,1,1
1685,3,891,570,56,92,1,1,1
1686,3,890,571,54,90,1,1,1
1687,3,890,571,55,90,1,1,1
1688,3,890,570,54,90,1,1,1
1689,3,890,570,55,90,1,1,1
1690,3,889,569,56,90,1,1,1
1691,3,889,569,56,90,1,1,1
1692,3,888,569,57,90,1,1,1
1693,3,889,570,56,88,1,1,1
1694,3,889,570,56,88,1,1,1
1695,3,889,569,56,88,1,1,1
1696,3,889,569,56,87,1,1,1
1697,3,889,569,56,87,1,1,1
1698,3,889,568,56,88,1,1,1
1699,3,889,570,56,85,1,1,1
1700,3,888,570,57,85,1,1,1
1701,3,889,568,56,85,1,1,1
1702,3,889,568,56,85,1,1,1
1703,3,888,569,56,83,1,1,1
1704,3,888,570,56,85,1,1,1
1705,3,888,569,56,83,1,1,1
1706,3,888,569,56,83,1,1,1
1707,3,888,569,56,83,1,1,1
1708,3,888,569,56,83,1,1,1
1709,3,888,570,56,81,1,1,1
1710,3,889,571,55,80,1,1,1
1711,3,888,571,56,80,1,1,1
1712,3,888,569,56,80,1,1,1
1713,3,888,569,56,80,1,1,1
1714,3,888,571,56,80,1,1,1
1715,3,888,569,56,81,1,1,1
1716,3,888,569,56,80,1,1,1
1717,3,888,569,56,80,1,1,1
1718,3,889,569,55,81,1,1,1
1719,3,889,569,55,81,1,1,1
1720,3,889,569,55,81,1,1,1
1721,3,889,569,55,81,1,1,1
1722,3,888,569,56,81,1,1,1
1723,3,889,570,55,78,1,1,1
1724,3,890,569,55,80,1,1,1
1725,3,890,569,55,80,1,1,1
1726,3,889,569,54,80,1,1,1
1727,3,891,569,52,80,1,1,1
1728,3,890,569,54,80,1,1,1
1729,3,891,569,52,80,1,1,1
1730,3,892,569,52,80,1,1,1
1731,3,891,569,52,81,1,1,1
1732,3,892,569,51,81,1,1,1
1733,3,891,569,52,81,1,1,1
1734,3,892,569,52,81,1,1,1
1735,3,892,569,51,81,1,1,1
1736,3,893,569,52,81,1,1,1
1737,3,892,570,51,81,1,1,1
1738,3,892,570,51,81,1,1,1
1739,3,896,570,48,81,1,1,1
1740,3,896,570,48,81,1,1,1
1741,3,896,570,48,81,1,1,1
1742,3,896,570,48,81,1,1,1
1743,3,896,570,48,81,1,1,1
1744,3,896,570,48,81,1,1,1
1745,3,896,570,48,81,1,1,1
1746,3,897,570,47,81,1,1,1
1747,3,899,570,45,81,1,1,1
1748,3,899,569,45,83,1,1,1
1749,3,899,569,45,83,1,1,1
1750,3,900,569,44,83,1,1,1
1751,3,901,569,44,83,1,1,1
1752,3,900,569,43,83,1,1,1
1753,3,900,569,43,83,1,1,1
1754,3,902,569,42,83,1,1,1
1755,3,902,569,42,83,1,1,1
1756,3,902,569,40,83,1,1,1
1757,3,902,569,42,83,1,1,1
1758,3,902,569,42,83,1,1,1
1759,3,904,569,40,83,1,1,1
1760,3,904,570,40,85,1,1,1
1761,3,906,570,39,85,1,1,1
1762,3,906,568,39,85,1,1,1
1763,3,905,568,40,85,1,1,1
1764,3,906,568,37,85,1,1,1
1765,3,908,568,36,85,1,1,1
1766,3,908,568,36,85,1,1,1
1767,3,908,568,36,85,1,1,1
1768,3,909,570,36,85,1,1,1
1769,3,909,570,35,85,1,1,1
1770,3,909,570,35,85,1,1,1
1771,3,909,570,35,85,1,1,1
1772,3,909,570,35,85,1,1,1
1773,3,911,568,33,85,1,1,1
1774,3,912,568,33,85,1,1,1
1775,3,912,569,32,83,1,1,1
1776,3,912,569,32,83,1,1,1
1777,3,913,569,32,83,1,1,1
1778,3,913,568,32,85,1,1,1
1779,3,913,569,32,83,1,1,1
1780,3,913,568,32,85,1,1,1
1781,3,913,569,32,83,1,1,1
1782,3,913,569,32,83,1,1,1
1783,3,912,569,33,83,1,1,1
1784,3,910,569,36,83,1,1,1
1785,3,910,570,36,81,1,1,1
1786,3,911,568,35,81,1,1,1
1787,3,910,568,36,81,1,1,1
1788,3,910,568,36,81,1,1,1
1789,3,909,568,37,81,1,1,1
1790,3,909,569,37,80,1,1,1
1791,3,909,569,37,80,1,1,1
1792,3,907,570,39,78,1,1,1
1793,3,907,569,40,76,1,1,1
1794,3,905,569,40,76,1,1,1
1795,3,905,569,40,76,1,1,1
1796,3,905,568,40,76,1,1,1
1797,3,903,570,42,74,1,1,1
1798,3,903,570,42,74,1,1,1
1799,3,904,569,40,72,1,1,1
1800,3,903,570,42,71,1,1,1
1801,3,903,569,43,72,1,1,1
1802,3,902,570,42,71,1,1,1
1803,3,902,569,44,69,1,1,1
1804,3,902,569,44,69,1,1,1
1805,3,901,569,44,69,1,1,1
1806,3,900,569,45,69,1,1,1
1807,3,900,569,44,69,1,1,1
1808,3,900,570,44,67,1,1,1
1809,3,900,570,44,67,1,1,1
1810,3,900,569,44,67,1,1,1
1811,3,898,569,47,67,1,1,1
1812,3,899,569,45,67,1,1,1
1813,3,899,569,45,67,1,1,1
1814,3,899,569,45,67,1,1,1
1815,3,899,569,45,65,1,1,1
1816,3,899,569,45,65,1,1,1
1817,3,898,569,47,67,1,1,1
1818,3,899,569,45,65,1,1,1
1819,3,900,568,44,67,1,1,1
1820,3,900,569,44,65,1,1,1
1821,3,900,569,43,67,1,1,1
1822,3,901,568,44,67,1,1,1
1823,3,901,568,43,69,1,1,1
1824,3,901,570,43,67,1,1,1
1825,3,901,568,43,69,1,1,1
1826,3,902,569,44,69,1,1,1
1827,3,904,569,40,69,1,1,1
1828,3,904,569,40,69,1,1,1
1829,3,904,569,40,69,1,1,1
1830,3,906,569,39,69,1,1,1
1831,3,906,569,39,69,1,1,1
1832,3,907,568,36,71,1,1,1
1833,3,907,568,36,71,1,1,1
1834,3,908,569,36,69,1,1,1
1835,3,908,569,36,69,1,1,1
1836,3,908,569,35,69,1,1,1
1837,3,909,569,35,69,1,1,1
1838,3,910,570,32,71,1,1,1
1839,3,910,570,32,71,1,1,1
1840,3,912,570,32,71,1,1,1
1841,3,912,568,32,71,1,1,1
1842,3,912,569,32,72,1,1,1
1843,3,913,569,31,72,1,1,1
1844,3,914,570,31,71,1,1,1
1845,3,915,570,28,71,1,1,1
1846,3,916,570,27,71,1,1,1
1847,3,917,568,28,74,1,1,1
1848,3,918,569,24,72,1,1,1
1849,3,918,569,24,72,1,1,1
1850,3,918,569,24,72,1,1,1
1851,3,921,569,23,72,1,1,1
1852,3,921,569,23,72,1,1,1
1853,3,923,569,22,72,1,1,1
1854,3,924,569,20,72,1,1,1
1855,3,924,569,20,72,1,1,1
1856,3,924,569,19,72,1,1,1
1857,3,924,569,19,72,1,1,1
1858,3,926,570,18,71,1,1,1
1859,3,926,569,18,72,1,1,1
1860,3,926,569,16,72,1,1,1
1861,3,928,569,16,72,1,1,1
1862,3,928,570,16,71,1,1,1
1863,3,929,570,15,71,1,1,1
1864,3,928,570,16,71,1,1,1
1865,3,928,570,16,71,1,1,1
1866,3,928,570,16,71,1,1,1
1867,3,928,570,16,71,1,1,1
1868,3,927,570,18,71,1,1,1
1869,3,927,569,18,72,1,1,1
1870,3,928,570,16,71,1,1,1
1871,3,927,570,19,71,1,1,1
1872,3,926,570,18,71,1,1,1
1873,3,927,570,19,71,1,1,1
1874,3,926,570,20,71,1,1,1
1875,3,924,569,20,69,1,1,1
1876,3,924,568,22,71,1,1,1
1877,3,923,568,23,71,1,1,1
1878,3,922,569,24,69,1,1,1
1879,3,922,569,24,69,1,1,1
1880,3,922,568,24,69,1,1,1
1881,3,921,568,27,69,1,1,1
1882,3,921,568,28,69,1,1,1
1883,3,920,568,30,69,1,1,1
1884,3,919,568,30,67,1,1,1
1885,3,919,568,30,65,1,1,1
1886,3,918,568,32,65,1,1,1
1887,3,917,568,32,65,1,1,1
1888,3,917,568,32,64,1,1,1
1889,3,916,568,33,64,1,1,1
1890,3,917,569,32,62,1,1,1
1891,3,915,569,35,62,1,1,1
1892,3,916,569,33,62,1,1,1
1893,3,917,569,32,62,1,1,1
1894,3,915,569,35,62,1,1,1
1895,3,915,569,35,62,1,1,1
1896,3,915,569,35,62,1,1,1
1897,3,915,569,35,62,1,1,1
1898,3,914,569,36,62,1,1,1
1899,3,914,569,36,62,1,1,1
1900,3,915,569,35,62,1,1,1
1901,3,915,570,35,60,1,1,1
1902,3,916,569,33,62,1,1,1
1903,3,916,569,33,62,1,1,1
1904,3,916,570,33,60,1,1,1
1905,3,917,570,33,60,1,1,1
1906,3,917,570,32,60,1,1,1
1907,3,918,569,32,62,1,1,1
1908,3,918,569,32,62,1,1,1
1909,3,918,569,32,62,1,1,1
1910,3,918,569,31,62,1,1,1
1911,3,920,569,30,62,1,1,1
1912,3,920,569,28,62,1,1,1
1913,3,920,569,28,62,1,1,1
1914,3,923,569,27,62,1,1,1
1915,3,923,569,27,62,1,1,1
1916,3,923,569,26,62,1,1,1
1917,3,925,569,24,62,1,1,1
1918,3,925,569,24,62,1,1,1
1919,3,926,569,22,62,1,1,1
1920,3,926,569,22,62,1,1,1
1921,3,928,570,20,64,1,1,1
1922,3,929,569,20,62,1,1,1
1923,3,929,570,20,64,1,1,1
1924,3,929,569,20,62,1,1,1
1925,3,929,570,19,64,1,1,1
1926,3,929,570,19,64,1,1,1
1927,3,930,569,18,62,1,1,1
1928,3,930,569,18,62,1,1,1
1929,3,930,569,18,62,1,1,1
1930,3,930,569,18,62,1,1,1
1931,3,930,569,18,62,1,1,1
1932,3,930,570,16,60,1,1,1
1933,3,930,569,16,58,1,1,1
1934,3,930,570,16,60,1,1,1
1935,3,929,570,16,60,1,1,1
1936,3,929,569,16,62,1,1,1
1937,3,929,569,16,62,1,1,1
1938,3,929,569,16,62,1,1,1
1939,3,929,569,16,62,1,1,1
1940,3,930,569,15,62,1,1,1
1941,3,929,569,16,62,1,1,1
1942,3,929,570,16,60,1,1,1
1943,3,929,569,16,62,1,1,1
1944,3,929,570,16,60,1,1,1
1945,3,930,570,15,60,1,1,1
1946,3,929,570,16,60,1,1,1
1947,3,930,570,15,60,1,1,1
1948,3,930,570,13,60,1,1,1
1949,3,930,570,15,60,1,1,1
1950,3,931,569,12,58,1,1,1
1951,3,930,569,12,58,1,1,1
1952,3,930,569,12,58,1,1,1
1953,3,930,569,12,58,1,1,1
1954,3,929,569,13,58,1,1,1
1955,3,930,569,12,58,1,1,1
1956,3,929,569,13,58,1,1,1
1957,3,929,570,13,56,1,1,1
1958,3,929,570,13,56,1,1,1
1959,3,929,570,13,56,1,1,1
1960,3,927,569,15,56,1,1,1
1961,3,928,569,16,56,1,1,1
1962,3,926,569,16,56,1,1,1
1963,3,926,569,18,56,1,1,1
1964,3,925,569,19,55,1,1,1
1965,3,924,570,20,53,1,1,1
1966,3,924,570,20,53,1,1,1
1967,3,924,570,22,53,1,1,1
1968,3,923,570,24,53,1,1,1
1969,3,923,569,24,51,1,1,1
1970,3,923,569,24,51,1,1,1
1971,3,923,568,24,51,1,1,1
1972,3,923,568,24,49,1,1,1
1973,3,922,569,24,49,1,1,1
1974,3,922,569,24,49,1,1,1
1975,3,922,570,24,46,1,1,1
1976,3,920,569,27,48,1,1,1
1977,3,920,569,27,48,1,1,1
1978,3,920,569,27,48,1,1,1
1979,3,920,569,27,48,1,1,1
1980,3,920,569,28,48,1,1,1
1981,3,920,569,28,48,1,1,1
1982,3,920,569,28,48,1,1,1
1983,3,921,569,28,48,1,1,1
1984,3,921,569,28,48,1,1,1
1985,3,921,569,28,49,1,1,1
1986,3,921,569,28,48,1,1,1
1987,3,921,569,28,49,1,1,1
1988,3,921,569,27,49,1,1,1
1989,3,921,569,27,49,1,1,1
1990,3,921,569,27,49,1,1,1
1991,3,922,569,26,49,1,1,1
1992,3,924,569,24,49,1,1,1
1993,3,924,569,24,48,1,1,1
1994,3,925,569,24,49,1,1,1
1995,3,926,569,23,49,1,1,1
1996,3,926,569,23,49,1,1,1
1997,3,926,569,22,49,1,1,1
1998,3,926,569,22,49,1,1,1
1999,3,928,569,20,49,1,1,1
2000,3,928,569,20,49,1,1,1
2001,3,929,570,19,49,1,1,1
2002,3,930,570,18,49,1,1,1
2003,3,932,570,16,49,1,1,1
2004,3,931,570,18,49,1,1,1
2005,3,933,569,16,49,1,1,1
2006,3,932,569,16,49,1,1,1
2007,3,933,569,15,49,1,1,1
2008,3,934,569,16,49,1,1,1
2009,3,935,569,13,49,1,1,1
2010,3,935,569,13,49,1,1,1
2011,3,936,569,12,48,1,1,1
2012,3,936,569,13,48,1,1,1
2013,3,936,569,13,49,1,1,1
2014,3,936,569,13,49,1,1,1
2015,3,936,569,12,48,1,1,1
2016,3,936,569,12,48,1,1,1
2017,3,936,570,13,46,1,1,1
2018,3,936,570,12,46,1,1,1
2019,3,936,570,13,46,1,1,1
2020,3,936,570,13,46,1,1,1
2021,3,936,570,13,46,1,1,1
2022,3,936,570,13,46,1,1,1
2023,3,936,570,12,46,1,1,1
2024,3,936,570,12,46,1,1,1
2025,3,935,570,13,46,1,1,1
2026,3,936,570,12,46,1,1,1
2027,3,934,570,15,46,1,1,1
2028,3,936,570,13,46,1,1,1
2029,3,934,569,15,44,1,1,1
2030,3,934,569,15,44,1,1,1
2031,3,934,569,15,44,1,1,1
2032,3,935,569,13,44,1,1,1
2033,3,934,569,15,44,1,1,1
2034,3,934,569,15,44,1,1,1
2035,3,934,569,15,44,1,1,1
2036,3,934,569,15,44,1,1,1
2037,3,933,569,15,44,1,1,1
2038,3,934,569,16,44,1,1,1
2039,3,935,570,13,42,1,1,1
2040,3,933,570,15,42,1,1,1
2041,3,933,570,15,42,1,1,1
2042,3,934,570,13,42,1,1,1
2043,3,934,570,13,42,1,1,1
2044,3,934,570,13,42,1,1,1
2045,3,934,569,12,42,1,1,1
2046,3,934,569,12,42,1,1,1
2047,3,934,569,12,42,1,1,1
2048,3,934,569,12,42,1,1,1
2049,3,935,569,11,42,1,1,1
2050,3,935,569,11,40,1,1,1
2051,3,935,570,11,39,1,1,1
2052,3,935,569,11,40,1,1,1
2053,3,935,570,9,39,1,1,1
2054,3,935,570,9,39,1,1,1
2055,3,934,570,8,39,1,1,1
2056,3,934,570,8,39,1,1,1
2057,3,934,570,8,39,1,1,1
2058,3,934,569,9,37,1,1,1
2059,3,934,569,9,37,1,1,1
2060,3,934,569,9,37,1,1,1
2061,3,932,569,9,37,1,1,1
2062,3,932,569,11,37,1,1,1
2063,3,931,569,12,37,1,1,1
2064,3,932,569,11,37,1,1,1
2065,3,931,570,12,35,1,1,1
2066,3,931,570,12,35,1,1,1
2067,3,931,570,12,35,1,1,1
2068,3,931,570,12,35,1,1,1
2069,3,931,570,12,35,1,1,1
2070,3,931,569,12,35,1,1,1
2071,3,931,569,12,33,1,1,1
2075,3,932,569,12,33,1,1,1
1,4,433,362,89,26,1,1,1
2,4,432,362,88,24,1,1,1
3,4,433,361,87,24,1,1,1
4,4,433,361,85,23,1,1,1
5,4,433,361,85,23,1,1,1
6,4,432,361,88,24,1,1,1
7,4,431,361,88,24,1,1,1
8,4,431,360,88,24,1,1,1
9,4,429,360,88,24,1,1,1
10,4,430,360,88,26,1,1,1
11,4,428,360,89,26,1,1,1
12,4,429,360,88,26,1,1,1
13,4,428,359,88,28,1,1,1
14,4,426,359,88,28,1,1,1
15,4,426,359,88,28,1,1,1
16,4,427,359,88,28,1,1,1
17,4,426,359,88,28,1,1,1
18,4,426,360,88,28,1,1,1
19,4,426,360,87,28,1,1,1
20,4,425,360,87,30,1,1,1
21,4,425,360,87,28,1,1,1
22,4,425,361,85,30,1,1,1
23,4,424,361,84,30,1,1,1
24,4,424,362,84,32,1,1,1
25,4,422,361,84,33,1,1,1
26,4,422,361,80,33,1,1,1
27,4,422,360,80,35,1,1,1
28,4,420,360,80,37,1,1,1
29,4,421,360,79,37,1,1,1
30,4,421,360,77,37,1,1,1
31,4,420,359,77,37,1,1,1
32,4,420,358,76,37,1,1,1
33,4,420,359,76,37,1,1,1
34,4,419,358,76,37,1,1,1
35,4,419,358,76,35,1,1,1
36,4,419,358,76,33,1,1,1
37,4,418,357,77,32,1,1,1
38,4,418,358,77,30,1,1,1
39,4,417,358,79,30,1,1,1
40,4,416,357,80,28,1,1,1
41,4,416,356,80,26,1,1,1
42,4,416,357,80,24,1,1,1
43,4,416,357,80,24,1,1,1
44,4,415,357,81,24,1,1,1
45,4,414,356,84,23,1,1,1
46,4,412,356,84,23,1,1,1
47,4,412,355,85,24,1,1,1
48,4,410,356,87,23,1,1,1
49,4,410,356,85,23,1,1,1
50,4,409,356,87,23,1,1,1
51,4,408,355,88,21,1,1,1
52,4,408,355,88,21,1,1,1
53,4,407,355,87,21,1,1,1
54,4,406,354,87,23,1,1,1
55,4,406,354,84,23,1,1,1
56,4,406,354,85,23,1,1,1
57,4,406,353,85,24,1,1,1
58,4,405,353,87,24,1,1,1
59,4,405,353,85,24,1,1,1
60,4,406,353,84,24,1,1,1
61,4,405,353,85,24,1,1,1
62,4,402,352,88,26,1,1,1
63,4,400,353,88,24,1,1,1
64,4,400,353,88,24,1,1,1
65,4,400,354,88,24,1,1,1
66,4,400,356,88,23,1,1,1
67,4,399,357,87,21,1,1,1
68,4,399,358,88,19,1,1,1
69,4,399,357,88,21,1,1,1
70,4,397,358,88,19,1,1,1
71,4,398,357,88,21,1,1,1
72,4,397,357,88,21,1,1,1
73,4,397,357,88,21,1,1,1
74,4,397,356,87,23,1,1,1
75,4,396,356,84,23,1,1,1
76,4,395,357,87,24,1,1,1
77,4,394,355,87,24,1,1,1
78,4,395,357,88,24,1,1,1
79,4,394,355,87,24,1,1,1
80,4,394,356,85,26,1,1,1
81,4,394,354,84,26,1,1,1
82,4,394,354,84,26,1,1,1
83,4,394,353,84,28,1,1,1
84,4,392,353,84,28,1,1,1
85,4,392,353,84,28,1,1,1
86,4,392,353,85,28,1,1,1
87,4,390,353,85,28,1,1,1
88,4,389,352,87,30,1,1,1
89,4,390,352,84,30,1,1,1
90,4,388,352,84,30,1,1,1
91,4,389,352,84,30,1,1,1
92,4,388,352,83,30,1,1,1
93,4,388,352,83,32,1,1,1
94,4,387,352,83,32,1,1,1
95,4,387,352,83,30,1,1,1
96,4,386,352,84,30,1,1,1
97,4,385,352,83,32,1,1,1
98,4,384,351,83,33,1,1,1
99,4,384,348,84,35,1,1,1
100,4,378,347,89,37,1,1,1
101,4,379,348,87,35,1,1,1
102,4,378,348,87,35,1,1,1
103,4,379,345,83,40,1,1,1
104,4,373,346,88,39,1,1,1
105,4,370,344,92,42,1,1,1
106,4,371,344,89,40,1,1,1
107,4,371,344,89,40,1,1,1
108,4,372,344,88,39,1,1,1
109,4,371,344,87,40,1,1,1
110,4,373,344,85,39,1,1,1
111,4,373,344,85,39,1,1,1
112,4,374,344,84,37,1,1,1
113,4,374,345,84,37,1,1,1
114,4,374,345,84,37,1,1,1
115,4,375,346,83,35,1,1,1
116,4,375,348,83,35,1,1,1
117,4,375,351,83,33,1,1,1
118,4,375,351,81,33,1,1,1
119,4,375,352,83,33,1,1,1
120,4,374,356,84,30,1,1,1
121,4,372,356,81,30,1,1,1
122,4,373,357,79,30,1,1,1
123,4,372,357,80,32,1,1,1
124,4,373,357,80,32,1,1,1
125,4,373,356,80,33,1,1,1
126,4,373,356,80,33,1,1,1
127,4,372,355,81,35,1,1,1
128,4,372,354,81,37,1,1,1
129,4,372,352,80,37,1,1,1
130,4,373,353,79,39,1,1,1
131,4,371,353,79,39,1,1,1
132,4,372,353,77,39,1,1,1
133,4,372,352,76,40,1,1,1
134,4,372,350,77,42,1,1,1
135,4,370,350,77,42,1,1,1
136,4,371,351,76,42,1,1,1
137,4,370,351,76,44,1,1,1
138,4,370,351,76,44,1,1,1
139,4,370,351,76,44,1,1,1
140,4,370,350,76,46,1,1,1
141,4,368,350,76,46,1,1,1
142,4,369,349,79,48,1,1,1
143,4,368,348,76,49,1,1,1
144,4,368,346,75,49,1,1,1
145,4,366,345,74,51,1,1,1
146,4,365,344,75,53,1,1,1
147,4,365,344,75,53,1,1,1
148,4,363,341,74,56,1,1,1
149,4,364,341,72,56,1,1,1
150,4,362,341,72,56,1,1,1
151,4,361,338,72,58,1,1,1
152,4,361,338,70,58,1,1,1
153,4,360,338,65,58,1,1,1
154,4,361,342,57,55,1,1,1
155,4,360,344,59,53,1,1,1
156,4,358,345,60,51,1,1,1
157,4,358,347,60,51,1,1,1
158,4,356,346,62,53,1,1,1
159,4,356,347,60,51,1,1,1
160,4,355,346,63,53,1,1,1
161,4,355,344,63,53,1,1,1
162,4,354,346,63,53,1,1,1
163,4,354,346,63,53,1,1,1
164,4,354,344,64,56,1,1,1
165,4,353,342,67,58,1,1,1
166,4,355,344,64,56,1,1,1
167,4,353,342,67,58,1,1,1
168,4,354,341,68,60,1,1,1
169,4,354,343,68,58,1,1,1
170,4,353,343,71,60,1,1,1
171,4,353,344,71,58,1,1,1
172,4,352,350,67,53,1,1,1
173,4,351,346,71,56,1,1,1
174,4,351,345,74,58,1,1,1
175,4,351,348,75,56,1,1,1
176,4,350,350,74,56,1,1,1
177,4,349,350,75,56,1,1,1
178,4,351,351,75,55,1,1,1
179,4,350,354,72,51,1,1,1
180,4,350,357,68,49,1,1,1
181,4,349,356,75,51,1,1,1
182,4,350,358,72,51,1,1,1
183,4,350,358,72,51,1,1,1
184,4,350,358,72,51,1,1,1
185,4,351,358,72,51,1,1,1
186,4,351,359,75,51,1,1,1
187,4,350,359,71,51,1,1,1
188,4,350,359,72,51,1,1,1
189,4,350,359,68,53,1,1,1
190,4,350,359,68,53,1,1,1
191,4,350,358,68,55,1,1,1
192,4,348,358,68,55,1,1,1
193,4,349,357,68,56,1,1,1
194,4,347,357,70,56,1,1,1
195,4,346,356,68,58,1,1,1
196,4,346,354,68,58,1,1,1
197,4,346,354,68,58,1,1,1
198,4,345,353,68,60,1,1,1
199,4,345,352,64,60,1,1,1
200,4,344,351,64,62,1,1,1
201,4,344,350,64,64,1,1,1
202,4,342,349,64,65,1,1,1
203,4,342,349,63,65,1,1,1
204,4,342,344,64,69,1,1,1
205,4,341,356,49,58,1,1,1
206,4,340,353,52,60,1,1,1
207,4,339,349,57,65,1,1,1
208,4,338,341,64,74,1,1,1
209,4,338,338,68,76,1,1,1
210,4,337,336,70,78,1,1,1
211,4,338,338,68,76,1,1,1
212,4,338,352,56,62,1,1,1
213,4,336,355,56,60,1,1,1
214,4,336,347,59,69,1,1,1
215,4,337,347,57,69,1,1,1
216,4,336,350,59,67,1,1,1
217,4,336,349,60,69,1,1,1
218,4,336,350,60,67,1,1,1
219,4,336,351,60,67,1,1,1
220,4,335,351,60,67,1,1,1
221,4,335,352,62,67,1,1,1
222,4,335,352,62,67,1,1,1
223,4,335,354,62,65,1,1,1
224,4,335,353,64,67,1,1,1
225,4,334,356,64,65,1,1,1
226,4,334,356,65,65,1,1,1
227,4,334,358,65,65,1,1,1
228,4,334,362,64,60,1,1,1
229,4,332,359,68,64,1,1,1
230,4,332,358,70,65,1,1,1
231,4,332,362,68,64,1,1,1
232,4,332,364,68,60,1,1,1
233,4,332,365,68,62,1,1,1
234,4,332,365,70,62,1,1,1
235,4,332,369,69,61,1,1,1
236,4,332,369,69,61,1,1,1
237,4,332,369,69,61,1,1,1
238,4,332,369,69,61,1,1,1
239,4,331,369,69,61,1,1,1
240,4,331,369,69,61,1,1,1
241,4,330,369,71,63,1,1,1
242,4,330,369,71,63,1,1,1
243,4,329,369,71,63,1,1,1
244,4,329,370,71,62,1,1,1
245,4,329,367,74,65,1,1,1
246,4,329,368,74,65,1,1,1
247,4,329,368,74,65,1,1,1
248,4,329,368,74,65,1,1,1
249,4,328,368,74,65,1,1,1
250,4,328,368,74,65,1,1,1
251,4,328,367,64,66,1,1,1
252,4,328,367,64,66,1,1,1
253,4,326,367,62,72,1,1,1
254,4,326,367,64,72,1,1,1
255,4,326,367,56,72,1,1,1
256,4,325,367,55,73,1,1,1
257,4,325,367,55,73,1,1,1
258,4,325,367,61,73,1,1,1
259,4,325,372,49,68,1,1,1
260,4,325,378,46,62,1,1,1
261,4,325,379,47,61,1,1,1
262,4,321,377,47,65,1,1,1
263,4,321,388,41,54,1,1,1
264,4,321,391,40,51,1,1,1
265,4,320,388,40,55,1,1,1
266,4,320,387,46,56,1,1,1
267,4,320,387,46,56,1,1,1
268,4,320,387,46,56,1,1,1
269,4,320,387,46,56,1,1,1
270,4,319,388,46,56,1,1,1
271,4,318,388,46,56,1,1,1
272,4,318,389,47,57,1,1,1
273,4,318,388,47,57,1,1,1
274,4,317,388,47,58,1,1,1
275,4,317,388,48,58,1,1,1
276,4,316,390,46,57,1,1,1
277,4,318,390,44,58,1,1,1
278,4,318,390,44,59,1,1,1
279,4,318,390,44,58,1,1,1
280,4,317,391,44,58,1,1,1
281,4,317,391,44,58,1,1,1
282,4,316,379,61,71,1,1,1
283,4,316,379,61,71,1,1,1
284,4,316,379,61,71,1,1,1
285,4,315,379,61,71,1,1,1
286,4,320,382,59,69,1,1,1
287,4,321,383,57,69,1,1,1
288,4,322,384,57,67,1,1,1
289,4,322,383,56,69,1,1,1
290,4,321,385,54,67,1,1,1
291,4,321,387,54,66,1,1,1
292,4,322,388,56,65,1,1,1
293,4,322,386,56,67,1,1,1
294,4,321,385,58,69,1,1,1
295,4,321,386,46,71,1,1,1
296,4,322,387,31,71,1,1,1
297,4,321,387,30,71,1,1,1
298,4,320,385,30,71,1,1,1
299,4,320,386,28,72,1,1,1
300,4,320,384,30,74,1,1,1
301,4,320,385,30,74,1,1,1
302,4,320,384,28,76,1,1,1
303,4,320,384,28,78,1,1,1
304,4,319,381,28,80,1,1,1
305,4,319,384,27,78,1,1,1
306,4,318,385,26,78,1,1,1
307,4,317,383,27,80,1,1,1
308,4,318,382,26,81,1,1,1
309,4,316,373,30,92,1,1,1
310,4,316,369,32,97,1,1,1
311,4,315,372,31,94,1,1,1
312,4,315,375,28,92,1,1,1
313,4,316,376,27,92,1,1,1
314,4,314,376,28,92,1,1,1
315,4,314,377,28,92,1,1,1
316,4,314,378,28,92,1,1,1
317,4,314,381,28,90,1,1,1
318,4,313,381,30,90,1,1,1
319,4,313,380,30,92,1,1,1
320,4,314,383,30,90,1,1,1
321,4,315,383,32,90,1,1,1
322,4,314,384,32,90,1,1,1
323,4,315,387,33,88,1,1,1
324,4,315,394,33,81,1,1,1
325,4,315,400,33,78,1,1,1
326,4,315,400,33,76,1,1,1
327,4,314,402,32,76,1,1,1
328,4,314,404,32,76,1,1,1
329,4,315,405,32,74,1,1,1
330,4,315,407,32,74,1,1,1
331,4,315,407,32,74,1,1,1
332,4,315,407,32,74,1,1,1
333,4,314,408,31,74,1,1,1
334,4,314,408,31,74,1,1,1
335,4,314,408,31,74,1,1,1
336,4,315,408,32,76,1,1,1
337,4,315,407,32,78,1,1,1
338,4,315,408,28,78,1,1,1
339,4,314,408,28,78,1,1,1
340,4,314,408,28,80,1,1,1
341,4,314,407,28,81,1,1,1
342,4,315,406,27,83,1,1,1
343,4,314,406,24,83,1,1,1
344,4,314,405,24,85,1,1,1
345,4,314,403,24,88,1,1,1
346,4,315,405,24,88,1,1,1
347,4,315,405,24,88,1,1,1
348,4,315,402,24,90,1,1,1
349,4,316,404,20,90,1,1,1
350,4,316,404,20,90,1,1,1
351,4,315,404,18,90,1,1,1
352,4,315,414,18,81,1,1,1
353,4,315,410,18,85,1,1,1
354,4,315,412,18,85,1,1,1
355,4,317,408,16,90,1,1,1
356,4,316,414,16,85,1,1,1
357,4,316,416,16,83,1,1,1
358,4,316,420,16,80,1,1,1
359,4,316,422,16,80,1,1,1
360,4,316,420,16,83,1,1,1
361,4,316,413,16,90,1,1,1
362,4,315,413,18,90,1,1,1
363,4,316,415,16,90,1,1,1
364,4,316,416,16,88,1,1,1
365,4,316,412,16,92,1,1,1
366,4,316,412,16,92,1,1,1
367,4,316,414,16,92,1,1,1
368,4,316,413,16,94,1,1,1
369,4,316,415,16,92,1,1,1
370,4,316,416,16,92,1,1,1
371,4,316,417,16,92,1,1,1
372,4,315,417,19,92,1,1,1
373,4,315,417,18,92,1,1,1
374,4,315,419,19,92,1,1,1
375,4,315,420,19,90,1,1,1
376,4,314,422,20,90,1,1,1
377,4,314,424,20,88,1,1,1
378,4,315,424,20,88,1,1,1
379,4,315,427,20,87,1,1,1
380,4,315,426,22,88,1,1,1
381,4,315,430,22,85,1,1,1
382,4,315,426,22,88,1,1,1
383,4,315,428,22,88,1,1,1
384,4,314,428,24,88,1,1,1
385,4,314,432,24,85,1,1,1
386,4,314,432,24,85,1,1,1
387,4,314,433,24,85,1,1,1
388,4,314,432,24,88,1,1,1
389,4,314,432,24,87,1,1,1
390,4,314,433,24,85,1,1,1
391,4,313,434,26,87,1,1,1
392,4,312,434,27,87,1,1,1
393,4,311,433,26,88,1,1,1
394,4,312,435,27,88,1,1,1
395,4,312,435,27,88,1,1,1
396,4,312,435,27,88,1,1,1
397,4,310,437,28,88,1,1,1
398,4,310,437,28,88,1,1,1
399,4,311,437,27,88,1,1,1
400,4,310,436,28,90,1,1,1
401,4,310,438,28,90,1,1,1
402,4,311,438,26,90,1,1,1
403,4,311,438,27,90,1,1,1
404,4,311,444,27,85,1,1,1
405,4,311,443,27,87,1,1,1
406,4,311,447,27,83,1,1,1
407,4,311,448,27,83,1,1,1
408,4,311,446,27,85,1,1,1
409,4,308,444,28,88,1,1,1
410,4,306,443,31,90,1,1,1
411,4,306,443,32,90,1,1,1
412,4,306,444,32,88,1,1,1
413,4,306,446,32,88,1,1,1
414,4,306,446,31,88,1,1,1
415,4,307,445,32,90,1,1,1
416,4,307,447,31,90,1,1,1
417,4,308,448,30,88,1,1,1
418,4,309,447,31,90,1,1,1
419,4,309,448,30,90,1,1,1
420,4,311,448,28,90,1,1,1
421,4,312,448,28,90,1,1,1
422,4,312,449,28,90,1,1,1
423,4,313,450,28,90,1,1,1
424,4,316,450,24,90,1,1,1
425,4,316,450,24,90,1,1,1
426,4,316,452,24,90,1,1,1
427,4,315,450,26,90,1,1,1
428,4,317,452,24,90,1,1,1
429,4,318,456,24,87,1,1,1
430,4,316,464,26,78,1,1,1
431,4,316,464,27,78,1,1,1
432,4,316,458,27,85,1,1,1
433,4,317,462,28,81,1,1,1
434,4,316,462,28,81,1,1,1
435,4,316,460,28,85,1,1,1
436,4,316,462,30,83,1,1,1
437,4,316,462,30,83,1,1,1
438,4,316,463,30,83,1,1,1
439,4,315,463,32,83,1,1,1
440,4,315,463,32,83,1,1,1
441,4,314,463,32,83,1,1,1
442,4,314,464,32,83,1,1,1
443,4,314,464,32,83,1,1,1
444,4,314,464,33,83,1,1,1
445,4,314,464,33,85,1,1,1
446,4,312,466,35,83,1,1,1
447,4,311,466,36,83,1,1,1
448,4,311,466,36,83,1,1,1
449,4,311,468,36,83,1,1,1
450,4,311,467,36,85,1,1,1
451,4,311,468,36,83,1,1,1
452,4,311,470,36,83,1,1,1
453,4,310,469,37,85,1,1,1
454,4,309,469,39,85,1,1,1
455,4,309,472,39,83,1,1,1
456,4,308,472,40,83,1,1,1
457,4,306,473,40,83,1,1,1
458,4,306,475,40,83,1,1,1
459,4,306,478,40,81,1,1,1
460,4,304,477,44,83,1,1,1
461,4,302,476,45,85,1,1,1
462,4,302,477,45,83,1,1,1
463,4,302,477,45,83,1,1,1
464,4,302,479,44,83,1,1,1
465,4,302,479,45,83,1,1,1
466,4,304,480,44,83,1,1,1
467,4,304,480,44,83,1,1,1
468,4,304,480,44,83,1,1,1
469,4,304,480,44,83,1,1,1
470,4,304,480,43,83,1,1,1
471,4,306,480,40,85,1,1,1
472,4,306,481,42,85,1,1,1
473,4,308,481,40,85,1,1,1
474,4,310,481,37,85,1,1,1
475,4,312,481,37,85,1,1,1
476,4,312,480,37,87,1,1,1
477,4,314,482,36,87,1,1,1
478,4,316,480,35,88,1,1,1
479,4,320,482,32,87,1,1,1
480,4,322,482,31,87,1,1,1
481,4,322,482,31,87,1,1,1
482,4,322,485,31,85,1,1,1
483,4,323,486,32,85,1,1,1
484,4,322,484,32,87,1,1,1
485,4,322,485,32,88,1,1,1
486,4,322,487,33,85,1,1,1
487,4,321,487,35,85,1,1,1
488,4,321,489,35,83,1,1,1
489,4,321,488,35,85,1,1,1
490,4,321,489,36,83,1,1,1
491,4,320,491,37,83,1,1,1
492,4,320,491,37,83,1,1,1
493,4,320,491,37,83,1,1,1
494,4,319,493,39,83,1,1,1
495,4,319,493,40,83,1,1,1
496,4,319,493,40,83,1,1,1
497,4,318,495,40,83,1,1,1
498,4,318,495,42,83,1,1,1
499,4,316,496,43,83,1,1,1
500,4,315,496,44,83,1,1,1
501,4,315,497,44,83,1,1,1
502,4,315,498,44,83,1,1,1
503,4,314,498,45,83,1,1,1
504,4,314,500,45,83,1,1,1
505,4,314,501,45,81,1,1,1
506,4,314,504,45,80,1,1,1
507,4,314,510,45,74,1,1,1
508,4,314,511,45,74,1,1,1
509,4,314,509,45,76,1,1,1
510,4,313,510,47,76,1,1,1
511,4,311,507,49,80,1,1,1
512,4,309,506,51,81,1,1,1
513,4,309,508,51,81,1,1,1
514,4,309,508,52,81,1,1,1
515,4,309,510,52,81,1,1,1
516,4,309,510,52,81,1,1,1
517,4,308,510,52,81,1,1,1
518,4,310,510,52,81,1,1,1
519,4,310,512,52,81,1,1,1
520,4,310,512,52,81,1,1,1
521,4,310,512,52,81,1,1,1
522,4,312,512,51,81,1,1,1
523,4,312,511,49,83,1,1,1
524,4,312,511,49,83,1,1,1
525,4,314,511,48,83,1,1,1
526,4,314,512,48,83,1,1,1
527,4,316,512,48,83,1,1,1
528,4,318,512,47,83,1,1,1
529,4,319,512,44,83,1,1,1
530,4,320,512,45,83,1,1,1
531,4,322,512,44,85,1,1,1
532,4,322,512,44,85,1,1,1
533,4,325,514,42,83,1,1,1
534,4,326,513,42,85,1,1,1
535,4,328,513,40,85,1,1,1
536,4,328,513,40,85,1,1,1
537,4,330,513,37,85,1,1,1
538,4,330,515,39,85,1,1,1
539,4,330,515,39,85,1,1,1
540,4,330,515,39,85,1,1,1
541,4,331,516,40,83,1,1,1
542,4,331,518,40,83,1,1,1
543,4,330,518,40,83,1,1,1
544,4,330,518,42,83,1,1,1
545,4,330,519,42,83,1,1,1
546,4,330,520,44,83,1,1,1
547,4,330,520,44,81,1,1,1
548,4,330,523,44,80,1,1,1
549,4,330,522,44,81,1,1,1
550,4,329,522,45,81,1,1,1
551,4,329,523,45,80,1,1,1
552,4,329,524,47,81,1,1,1
553,4,329,526,47,78,1,1,1
554,4,328,525,48,80,1,1,1
555,4,328,525,48,80,1,1,1
556,4,328,526,48,81,1,1,1
557,4,327,528,49,78,1,1,1
558,4,327,529,51,78,1,1,1
559,4,327,529,51,78,1,1,1
560,4,326,530,52,76,1,1,1
561,4,324,532,52,76,1,1,1
562,4,324,532,54,76,1,1,1
563,4,324,534,54,76,1,1,1
564,4,322,535,55,74,1,1,1
565,4,322,535,56,76,1,1,1
566,4,321,536,57,74,1,1,1
567,4,321,537,57,74,1,1,1
568,4,320,541,59,71,1,1,1
569,4,320,541,59,72,1,1,1
570,4,320,542,59,71,1,1,1
571,4,316,540,62,74,1,1,1
572,4,318,541,60,72,1,1,1
573,4,316,543,62,72,1,1,1
574,4,316,545,62,71,1,1,1
575,4,316,544,62,72,1,1,1
576,4,316,544,64,72,1,1,1
577,4,316,544,64,72,1,1,1
578,4,316,545,64,71,1,1,1
579,4,317,545,63,71,1,1,1
580,4,316,547,64,71,1,1,1
581,4,318,547,63,71,1,1,1
582,4,319,547,62,71,1,1,1
583,4,320,546,60,72,1,1,1
584,4,320,546,62,72,1,1,1
585,4,320,546,62,72,1,1,1
586,4,322,546,60,72,1,1,1
587,4,322,546,60,74,1,1,1
588,4,323,547,59,74,1,1,1
589,4,323,547,60,74,1,1,1
590,4,325,545,59,76,1,1,1
591,4,327,546,57,76,1,1,1
592,4,328,544,57,78,1,1,1
593,4,328,544,57,78,1,1,1
594,4,329,546,56,76,1,1,1
595,4,331,544,56,78,1,1,1
596,4,331,545,55,78,1,1,1
597,4,332,545,54,78,1,1,1
598,4,334,545,52,78,1,1,1
599,4,335,545,52,78,1,1,1
600,4,335,545,54,78,1,1,1
601,4,336,545,54,78,1,1,1
602,4,336,547,52,78,1,1,1
603,4,338,548,52,76,1,1,1
604,4,338,548,52,76,1,1,1
605,4,338,549,52,74,1,1,1
606,4,338,549,52,74,1,1,1
607,4,338,549,52,74,1,1,1
608,4,339,551,52,74,1,1,1
609,4,339,551,52,74,1,1,1
610,4,339,553,54,72,1,1,1
611,4,339,553,54,72,1,1,1
612,4,338,553,55,72,1,1,1
613,4,338,553,55,74,1,1,1
614,4,338,555,55,72,1,1,1
615,4,336,555,56,72,1,1,1
616,4,336,557,57,71,1,1,1
617,4,335,558,59,71,1,1,1
618,4,334,559,60,71,1,1,1
619,4,334,560,60,71,1,1,1
620,4,332,561,62,71,1,1,1
621,4,330,562,64,69,1,1,1
622,4,330,564,64,69,1,1,1
623,4,330,566,64,67,1,1,1
624,4,327,567,65,67,1,1,1
625,4,327,569,65,65,1,1,1
626,4,326,569,68,65,1,1,1
627,4,324,570,68,65,1,1,1
628,4,324,571,70,65,1,1,1
629,4,324,573,68,65,1,1,1
630,4,324,573,68,65,1,1,1
631,4,324,574,70,64,1,1,1
632,4,326,574,68,64,1,1,1
633,4,326,575,68,65,1,1,1
634,4,326,575,68,65,1,1,1
635,4,328,575,68,65,1,1,1
636,4,328,574,68,67,1,1,1
637,4,328,574,67,67,1,1,1
638,4,329,575,67,67,1,1,1
639,4,329,575,67,67,1,1,1
640,4,332,573,64,69,1,1,1
641,4,332,574,65,69,1,1,1
642,4,334,572,64,71,1,1,1
643,4,335,572,64,71,1,1,1
644,4,334,572,64,71,1,1,1
645,4,337,572,62,71,1,1,1
646,4,338,571,62,72,1,1,1
647,4,341,570,60,74,1,1,1
648,4,342,570,60,74,1,1,1
649,4,344,570,57,74,1,1,1
650,4,345,570,56,74,1,1,1
651,4,347,568,56,76,1,1,1
652,4,348,569,56,76,1,1,1
653,4,350,569,54,76,1,1,1
654,4,352,569,52,76,1,1,1
655,4,352,569,52,76,1,1,1
656,4,352,572,52,74,1,1,1
657,4,354,573,52,72,1,1,1
658,4,354,572,52,74,1,1,1
659,4,354,572,52,74,1,1,1
660,4,353,573,54,72,1,1,1
661,4,353,573,55,72,1,1,1
662,4,352,575,56,72,1,1,1
663,4,354,576,55,71,1,1,1
664,4,353,577,56,71,1,1,1
665,4,352,577,59,71,1,1,1
666,4,352,578,59,69,1,1,1
667,4,350,577,60,71,1,1,1
668,4,351,580,60,69,1,1,1
669,4,349,581,62,67,1,1,1
670,4,349,583,62,67,1,1,1
671,4,348,584,64,67,1,1,1
672,4,348,584,64,67,1,1,1
673,4,345,587,67,65,1,1,1
674,4,347,591,65,62,1,1,1
675,4,345,590,68,64,1,1,1
676,4,344,590,68,64,1,1,1
677,4,342,592,70,64,1,1,1
678,4,342,592,71,62,1,1,1
679,4,340,594,72,62,1,1,1
680,4,340,594,72,62,1,1,1
681,4,339,597,74,60,1,1,1
682,4,339,596,74,62,1,1,1
683,4,339,598,74,60,1,1,1
684,4,341,599,72,60,1,1,1
685,4,340,600,75,60,1,1,1
686,4,340,600,75,60,1,1,1
687,4,340,600,75,60,1,1,1
688,4,340,600,75,60,1,1,1
689,4,342,601,74,62,1,1,1
690,4,342,601,74,62,1,1,1
691,4,342,601,74,62,1,1,1
692,4,344,600,72,64,1,1,1
693,4,346,600,71,64,1,1,1
694,4,346,600,71,64,1,1,1
695,4,348,600,70,65,1,1,1
696,4,348,600,70,65,1,1,1
697,4,349,600,70,65,1,1,1
698,4,351,599,68,67,1,1,1
699,4,352,599,68,67,1,1,1
700,4,353,598,67,69,1,1,1
701,4,355,598,65,69,1,1,1
702,4,356,597,65,71,1,1,1
703,4,357,596,64,71,1,1,1
704,4,358,596,64,71,1,1,1
705,4,359,594,64,72,1,1,1
706,4,361,593,63,74,1,1,1
707,4,361,593,63,74,1,1,1
708,4,362,593,62,74,1,1,1
709,4,364,595,62,74,1,1,1
710,4,367,595,59,74,1,1,1
711,4,366,595,60,74,1,1,1
712,4,368,595,59,74,1,1,1
713,4,368,596,57,72,1,1,1
714,4,368,596,59,72,1,1,1
715,4,368,595,59,74,1,1,1
716,4,369,596,59,72,1,1,1
717,4,371,596,57,72,1,1,1
718,4,371,598,59,71,1,1,1
719,4,371,599,59,71,1,1,1
720,4,372,601,59,69,1,1,1
721,4,372,601,59,69,1,1,1
722,4,370,602,60,67,1,1,1
723,4,371,604,60,67,1,1,1
724,4,371,604,60,67,1,1,1
725,4,370,604,63,67,1,1,1
726,4,370,606,63,67,1,1,1
727,4,370,606,64,67,1,1,1
728,4,369,606,64,67,1,1,1
729,4,369,606,64,67,1,1,1
730,4,369,608,65,65,1,1,1
731,4,368,608,67,65,1,1,1
732,4,368,608,67,65,1,1,1
733,4,368,609,68,65,1,1,1
734,4,367,609,68,65,1,1,1
735,4,367,612,70,62,1,1,1
736,4,367,613,70,62,1,1,1
737,4,366,614,71,62,1,1,1
738,4,366,614,71,62,1,1,1
739,4,366,616,72,60,1,1,1
740,4,365,616,72,60,1,1,1
741,4,365,617,74,60,1,1,1
742,4,365,618,74,60,1,1,1
743,4,365,619,74,58,1,1,1
744,4,364,619,75,58,1,1,1
745,4,364,621,76,58,1,1,1
746,4,364,621,76,58,1,1,1
747,4,364,622,75,56,1,1,1
748,4,364,624,75,56,1,1,1
749,4,364,624,76,56,1,1,1
750,4,363,625,76,56,1,1,1
751,4,365,626,76,55,1,1,1
752,4,365,628,75,55,1,1,1
753,4,366,628,76,55,1,1,1
754,4,366,628,76,55,1,1,1
755,4,366,628,76,55,1,1,1
756,4,365,628,77,55,1,1,1
757,4,366,628,76,55,1,1,1
758,4,366,627,77,53,1,1,1
759,4,367,627,77,53,1,1,1
760,4,366,626,79,55,1,1,1
761,4,368,624,77,56,1,1,1
762,4,370,624,76,56,1,1,1
763,4,371,623,76,58,1,1,1
764,4,376,622,72,56,1,1,1
765,4,377,621,72,58,1,1,1
766,4,378,622,71,56,1,1,1
767,4,382,622,68,56,1,1,1
768,4,384,622,67,56,1,1,1
769,4,386,622,64,56,1,1,1
770,4,387,623,64,55,1,1,1
771,4,388,624,64,53,1,1,1
772,4,389,626,63,51,1,1,1
773,4,388,627,64,49,1,1,1
774,4,388,630,64,48,1,1,1
775,4,388,631,64,46,1,1,1
776,4,387,633,65,44,1,1,1
777,4,387,634,67,42,1,1,1
778,4,386,637,68,40,1,1,1
779,4,386,637,68,40,1,1,1
780,4,384,638,70,39,1,1,1
781,4,384,638,72,39,1,1,1
782,4,384,642,72,37,1,1,1
783,4,382,642,74,37,1,1,1
784,4,383,649,75,30,1,1,1
785,4,382,647,76,32,1,1,1
786,4,381,649,77,30,1,1,1
787,4,381,653,79,26,1,1,1
788,4,380,653,80,26,1,1,1
789,4,379,651,81,26,1,1,1
790,4,379,654,83,24,1,1,1
791,4,378,654,84,24,1,1,1
792,4,377,657,85,21,1,1,1
793,4,377,656,87,21,1,1,1
794,4,376,656,88,21,1,1,1
795,4,375,656,89,21,1,1,1
796,4,377,656,89,21,1,1,1
797,4,376,656,92,21,1,1,1
798,4,375,656,94,21,1,1,1
799,4,376,657,94,19,1,1,1
800,4,376,657,94,19,1,1,1
801,4,378,657,92,19,1,1,1
802,4,378,657,92,19,1,1,1
803,4,379,657,92,19,1,1,1
804,4,379,657,94,19,1,1,1
805,4,380,656,92,19,1,1,1
806,4,378,656,95,19,1,1,1
807,4,380,656,94,21,1,1,1
808,4,381,656,94,21,1,1,1
809,4,381,656,95,21,1,1,1
810,4,382,656,95,21,1,1,1
811,4,382,655,95,23,1,1,1
812,4,384,655,92,21,1,1,1
813,4,385,655,92,21,1,1,1
814,4,384,653,94,23,1,1,1
815,4,384,652,92,24,1,1,1
816,4,386,652,92,24,1,1,1
817,4,386,651,92,26,1,1,1
818,4,387,651,92,26,1,1,1
819,4,388,651,91,26,1,1,1
820,4,390,650,88,28,1,1,1
821,4,394,650,85,28,1,1,1
822,4,394,650,85,28,1,1,1
823,4,396,650,84,28,1,1,1
824,4,396,649,84,30,1,1,1
825,4,396,649,84,30,1,1,1
826,4,396,649,84,30,1,1,1
827,4,397,648,85,32,1,1,1
828,4,396,648,88,32,1,1,1
829,4,397,647,85,33,1,1,1
830,4,399,647,84,33,1,1,1
831,4,399,647,85,35,1,1,1
832,4,399,647,84,35,1,1,1
833,4,401,646,85,37,1,1,1
834,4,400,646,88,37,1,1,1
835,4,401,646,87,37,1,1,1
836,4,403,646,84,37,1,1,1
837,4,402,645,87,39,1,1,1
838,4,402,645,88,39,1,1,1
839,4,402,645,88,39,1,1,1
840,4,403,645,88,39,1,1,1
841,4,404,646,88,39,1,1,1
842,4,404,646,88,40,1,1,1
843,4,404,646,88,40,1,1,1
844,4,406,645,87,42,1,1,1
845,4,406,644,87,44,1,1,1
846,4,407,644,88,44,1,1,1
847,4,409,644,85,44,1,1,1
848,4,411,644,84,44,1,1,1
849,4,411,645,84,46,1,1,1
850,4,412,643,84,46,1,1,1
851,4,412,643,84,46,1,1,1
852,4,414,643,84,46,1,1,1
853,4,415,643,84,46,1,1,1
854,4,415,644,84,44,1,1,1
855,4,415,644,84,44,1,1,1
856,4,414,642,85,44,1,1,1
857,4,416,642,85,44,1,1,1
858,4,414,643,87,42,1,1,1
859,4,414,641,87,42,1,1,1
860,4,415,641,88,42,1,1,1
861,4,415,641,87,42,1,1,1
862,4,415,640,88,42,1,1,1
863,4,416,641,88,39,1,1,1
864,4,417,640,87,39,1,1,1
865,4,416,640,88,39,1,1,1
866,4,416,640,88,37,1,1,1
867,4,416,639,88,37,1,1,1
868,4,416,639,88,37,1,1,1
869,4,417,637,88,37,1,1,1
870,4,417,637,88,37,1,1,1
871,4,418,637,87,37,1,1,1
872,4,419,635,88,37,1,1,1
873,4,420,635,88,37,1,1,1
874,4,422,635,85,37,1,1,1
875,4,423,635,84,37,1,1,1
876,4,420,634,88,39,1,1,1
877,4,422,634,87,39,1,1,1
878,4,422,634,87,39,1,1,1
879,4,424,632,84,39,1,1,1
880,4,424,632,84,39,1,1,1
881,4,424,632,84,40,1,1,1
882,4,426,631,84,42,1,1,1
883,4,428,631,83,42,1,1,1
884,4,429,631,81,42,1,1,1
885,4,429,631,81,42,1,1,1
886,4,429,629,81,42,1,1,1
887,4,430,629,81,42,1,1,1
888,4,430,629,81,42,1,1,1
889,4,430,628,81,44,1,1,1
890,4,431,628,81,44,1,1,1
891,4,431,628,81,44,1,1,1
892,4,432,627,81,46,1,1,1
893,4,432,627,81,46,1,1,1
894,4,433,626,80,48,1,1,1
895,4,433,626,80,48,1,1,1
896,4,432,626,81,49,1,1,1
897,4,434,625,80,49,1,1,1
898,4,435,625,80,51,1,1,1
899,4,437,625,79,51,1,1,1
900,4,437,624,79,53,1,1,1
901,4,436,624,80,53,1,1,1
902,4,437,623,80,55,1,1,1
903,4,438,623,79,55,1,1,1
904,4,438,624,79,56,1,1,1
905,4,438,624,79,56,1,1,1
906,4,439,624,79,56,1,1,1
907,4,441,623,77,58,1,1,1
908,4,441,623,77,58,1,1,1
909,4,441,623,77,58,1,1,1
910,4,444,623,76,58,1,1,1
911,4,444,622,76,60,1,1,1
912,4,445,622,76,60,1,1,1
913,4,445,622,76,60,1,1,1
914,4,445,622,75,60,1,1,1
915,4,446,620,76,60,1,1,1
916,4,447,620,75,60,1,1,1
917,4,447,620,74,60,1,1,1
918,4,447,620,74,60,1,1,1
919,4,449,619,74,62,1,1,1
920,4,450,619,72,62,1,1,1
921,4,450,619,72,62,1,1,1
922,4,450,620,72,60,1,1,1
923,4,450,620,72,60,1,1,1
924,4,452,619,72,62,1,1,1
925,4,452,619,72,62,1,1,1
926,4,452,619,72,62,1,1,1
927,4,453,619,72,62,1,1,1
928,4,451,617,74,62,1,1,1
929,4,453,617,72,62,1,1,1
930,4,453,617,72,62,1,1,1
931,4,454,618,72,60,1,1,1
932,4,454,616,72,62,1,1,1
933,4,454,616,72,60,1,1,1
934,4,454,616,72,60,1,1,1
935,4,454,615,72,60,1,1,1
936,4,454,616,74,60,1,1,1
937,4,454,615,74,60,1,1,1
938,4,454,615,74,60,1,1,1
939,4,454,614,74,62,1,1,1
940,4,453,614,75,62,1,1,1
941,4,453,614,75,60,1,1,1
942,4,453,613,75,60,1,1,1
943,4,453,613,75,60,1,1,1
944,4,453,613,75,60,1,1,1
945,4,453,612,75,58,1,1,1
946,4,453,611,75,60,1,1,1
947,4,453,612,75,58,1,1,1
948,4,453,611,75,60,1,1,1
949,4,453,610,75,58,1,1,1
950,4,455,609,75,58,1,1,1
951,4,454,609,74,56,1,1,1
952,4,453,608,75,56,1,1,1
953,4,454,608,74,55,1,1,1
954,4,454,607,74,55,1,1,1
955,4,454,608,72,53,1,1,1
956,4,454,607,72,55,1,1,1
957,4,456,605,72,55,1,1,1
958,4,457,606,70,53,1,1,1
959,4,457,605,70,55,1,1,1
960,4,459,604,67,56,1,1,1
961,4,459,604,67,56,1,1,1
962,4,460,604,65,56,1,1,1
963,4,462,603,64,58,1,1,1
964,4,463,603,64,58,1,1,1
965,4,463,603,64,58,1,1,1
966,4,463,602,63,60,1,1,1
967,4,463,602,63,60,1,1,1
968,4,464,602,64,60,1,1,1
969,4,464,601,64,62,1,1,1
970,4,465,600,63,64,1,1,1
971,4,465,600,62,64,1,1,1
972,4,468,600,60,65,1,1,1
973,4,468,600,60,65,1,1,1
974,4,468,600,60,65,1,1,1
975,4,468,599,60,67,1,1,1
976,4,471,598,59,69,1,1,1
977,4,471,599,59,69,1,1,1
978,4,472,598,59,71,1,1,1
979,4,472,598,59,72,1,1,1
980,4,473,598,57,72,1,1,1
981,4,474,597,57,74,1,1,1
982,4,475,596,57,76,1,1,1
983,4,475,596,59,76,1,1,1
984,4,476,596,56,76,1,1,1
985,4,478,595,56,78,1,1,1
986,4,478,594,56,80,1,1,1
987,4,479,594,56,80,1,1,1
988,4,479,593,56,81,1,1,1
989,4,481,593,55,81,1,1,1
990,4,481,594,54,80,1,1,1
991,4,481,594,54,80,1,1,1
992,4,481,592,54,81,1,1,1
993,4,481,592,54,81,1,1,1
994,4,483,592,52,81,1,1,1
995,4,483,592,54,81,1,1,1
996,4,483,592,54,81,1,1,1
997,4,483,591,54,81,1,1,1
998,4,484,590,52,81,1,1,1
999,4,484,590,54,81,1,1,1
1000,4,484,590,52,78,1,1,1
1001,4,486,590,52,76,1,1,1
1002,4,484,589,54,80,1,1,1
1003,4,484,589,54,78,1,1,1
1004,4,482,588,56,78,1,1,1
1005,4,482,588,56,78,1,1,1
1006,4,481,588,56,78,1,1,1
1007,4,482,587,56,76,1,1,1
1008,4,481,585,56,76,1,1,1
1009,4,482,585,56,76,1,1,1
1010,4,482,584,56,76,1,1,1
1011,4,482,584,56,74,1,1,1
1012,4,481,584,56,74,1,1,1
1013,4,480,583,56,74,1,1,1
1014,4,481,583,56,74,1,1,1
1015,4,482,582,56,72,1,1,1
1016,4,482,583,56,71,1,1,1
1017,4,482,583,55,71,1,1,1
1018,4,482,582,55,71,1,1,1
1019,4,482,581,55,71,1,1,1
1020,4,484,582,52,69,1,1,1
1021,4,485,581,52,71,1,1,1
1022,4,485,581,52,71,1,1,1
1023,4,483,579,54,71,1,1,1
1024,4,485,579,52,71,1,1,1
1025,4,485,579,51,71,1,1,1
1026,4,485,578,51,72,1,1,1
1027,4,488,578,48,72,1,1,1
1028,4,488,578,48,72,1,1,1
1029,4,488,577,48,74,1,1,1
1030,4,488,577,48,74,1,1,1
1031,4,489,577,48,76,1,1,1
1032,4,489,577,48,76,1,1,1
1033,4,490,578,47,76,1,1,1
1034,4,492,576,45,78,1,1,1
1035,4,492,576,44,78,1,1,1
1036,4,492,577,44,78,1,1,1
1037,4,493,575,45,80,1,1,1
1038,4,494,575,44,80,1,1,1
1039,4,494,574,44,81,1,1,1
1040,4,494,574,44,81,1,1,1
1041,4,496,574,43,81,1,1,1
1042,4,496,573,42,83,1,1,1
1043,4,496,574,42,85,1,1,1
1044,4,498,572,42,85,1,1,1
1045,4,498,572,40,85,1,1,1
1046,4,500,572,40,85,1,1,1
1047,4,500,571,40,87,1,1,1
1048,4,500,571,40,87,1,1,1
1049,4,502,571,39,87,1,1,1
1050,4,502,570,39,88,1,1,1
1051,4,502,570,39,88,1,1,1
1052,4,504,571,37,87,1,1,1
1053,4,504,571,37,87,1,1,1
1054,4,504,569,37,88,1,1,1
1055,4,502,570,39,88,1,1,1
1056,4,503,568,37,88,1,1,1
1057,4,503,568,37,88,1,1,1
1058,4,503,568,37,87,1,1,1
1059,4,502,568,39,85,1,1,1
1060,4,500,567,40,85,1,1,1
1061,4,500,568,40,83,1,1,1
1062,4,500,567,40,83,1,1,1
1063,4,498,566,40,83,1,1,1
1064,4,498,567,40,81,1,1,1
1065,4,498,565,40,81,1,1,1
1066,4,498,565,40,81,1,1,1
1067,4,498,566,40,80,1,1,1
1068,4,500,565,40,78,1,1,1
1069,4,500,565,40,78,1,1,1
1070,4,500,565,40,78,1,1,1
1071,4,500,564,40,76,1,1,1
1072,4,501,563,39,78,1,1,1
1073,4,502,563,37,78,1,1,1
1074,4,503,564,37,76,1,1,1
1075,4,503,564,36,76,1,1,1
1076,4,503,564,36,76,1,1,1
1077,4,505,563,36,78,1,1,1
1078,4,505,563,36,78,1,1,1
1079,4,505,563,35,78,1,1,1
1080,4,507,563,33,78,1,1,1
1081,4,508,563,32,78,1,1,1
1082,4,508,562,32,80,1,1,1
1083,4,508,563,32,78,1,1,1
1084,4,508,562,32,80,1,1,1
1085,4,510,561,31,81,1,1,1
1086,4,510,561,31,81,1,1,1
1087,4,510,559,31,83,1,1,1
1088,4,512,560,28,83,1,1,1
1089,4,512,560,28,83,1,1,1
1090,4,513,559,27,85,1,1,1
1091,4,514,559,26,85,1,1,1
1092,4,516,559,24,85,1,1,1
1093,4,514,559,26,85,1,1,1
1094,4,516,560,24,85,1,1,1
1095,4,516,560,24,85,1,1,1
1096,4,515,558,26,88,1,1,1
1097,4,517,559,24,87,1,1,1
1098,4,515,560,27,85,1,1,1
1099,4,514,561,28,83,1,1,1
1100,4,513,561,30,81,1,1,1
1101,4,512,563,32,78,1,1,1
1102,4,512,563,32,74,1,1,1
1103,4,511,564,33,72,1,1,1
1104,4,511,564,35,69,1,1,1
1105,4,510,564,36,69,1,1,1
1106,4,510,564,37,65,1,1,1
1107,4,508,564,40,65,1,1,1
1108,4,508,564,40,65,1,1,1
1109,4,508,564,40,65,1,1,1
1110,4,509,564,40,65,1,1,1
1111,4,509,565,40,67,1,1,1
1112,4,508,565,42,67,1,1,1
1113,4,508,565,43,67,1,1,1
1114,4,508,564,43,69,1,1,1
1115,4,507,564,44,69,1,1,1
1116,4,508,563,45,71,1,1,1
1117,4,507,561,47,71,1,1,1
1118,4,508,561,48,71,1,1,1
1119,4,507,559,49,74,1,1,1
1120,4,507,557,49,76,1,1,1
1121,4,507,558,51,76,1,1,1
1122,4,506,557,52,76,1,1,1
1123,4,507,557,52,76,1,1,1
1124,4,506,556,54,78,1,1,1
1125,4,505,554,56,78,1,1,1
1126,4,504,554,57,78,1,1,1
1127,4,503,553,59,76,1,1,1
1128,4,503,553,60,76,1,1,1
1129,4,503,552,60,74,1,1,1
1130,4,503,552,60,74,1,1,1
1131,4,501,552,62,72,1,1,1
1132,4,501,551,63,74,1,1,1
1133,4,499,550,63,72,1,1,1
1134,4,498,549,63,74,1,1,1
1135,4,498,549,60,74,1,1,1
1136,4,496,549,62,74,1,1,1
1137,4,496,549,60,74,1,1,1
1138,4,495,549,60,74,1,1,1
1139,4,495,550,59,76,1,1,1
1140,4,495,551,56,74,1,1,1
1141,4,492,551,56,74,1,1,1
1142,4,493,550,54,72,1,1,1
1143,4,492,550,54,71,1,1,1
1144,4,491,550,55,71,1,1,1
1145,4,491,549,55,71,1,1,1
1146,4,491,550,56,69,1,1,1
1147,4,489,548,56,69,1,1,1
1148,4,488,548,59,69,1,1,1
1149,4,487,547,60,67,1,1,1
1150,4,487,549,60,64,1,1,1
1151,4,488,548,62,62,1,1,1
1152,4,487,549,63,60,1,1,1
1153,4,488,547,64,60,1,1,1
1154,4,487,547,67,60,1,1,1
1155,4,486,548,68,58,1,1,1
1156,4,485,545,70,58,1,1,1
1157,4,484,544,72,58,1,1,1
1158,4,485,544,72,56,1,1,1
1159,4,484,543,75,55,1,1,1
1160,4,482,543,76,55,1,1,1
1161,4,483,542,76,53,1,1,1
1162,4,482,542,77,51,1,1,1
1163,4,482,541,77,51,1,1,1
1164,4,482,539,79,51,1,1,1
1165,4,481,540,79,49,1,1,1
1166,4,480,538,80,49,1,1,1
1167,4,479,538,81,49,1,1,1
1168,4,478,538,81,49,1,1,1
1169,4,477,537,80,49,1,1,1
1170,4,476,536,80,49,1,1,1
1171,4,476,536,80,49,1,1,1
1172,4,475,536,79,49,1,1,1
1173,4,474,536,79,51,1,1,1
1174,4,473,536,79,51,1,1,1
1175,4,473,536,79,51,1,1,1
1176,4,472,535,77,53,1,1,1
1177,4,470,534,79,55,1,1,1
1178,4,470,534,76,55,1,1,1
1179,4,469,535,75,56,1,1,1
1180,4,469,535,76,56,1,1,1
1181,4,468,535,75,56,1,1,1
1182,4,468,535,72,56,1,1,1
1183,4,466,535,72,56,1,1,1
1184,4,467,534,72,58,1,1,1
1185,4,466,535,71,56,1,1,1
1186,4,465,533,71,56,1,1,1
1187,4,464,533,70,56,1,1,1
1188,4,464,533,70,56,1,1,1
1189,4,462,533,71,56,1,1,1
1190,4,462,533,70,56,1,1,1
1191,4,463,532,68,55,1,1,1
1192,4,462,532,71,55,1,1,1
1193,4,460,532,72,55,1,1,1
1194,4,460,530,72,55,1,1,1
1195,4,458,531,74,53,1,1,1
1196,4,458,530,74,51,1,1,1
1197,4,458,529,74,51,1,1,1
1198,4,458,529,76,49,1,1,1
1199,4,456,528,76,49,1,1,1
1200,4,457,529,77,46,1,1,1
1201,4,455,528,79,46,1,1,1
1202,4,454,528,80,44,1,1,1
1203,4,454,527,80,44,1,1,1
1204,4,454,527,81,42,1,1,1
1205,4,452,526,83,42,1,1,1
1206,4,451,525,84,40,1,1,1
1207,4,451,525,84,39,1,1,1
1208,4,450,525,84,37,1,1,1
1209,4,451,523,83,37,1,1,1
1210,4,450,522,84,39,1,1,1
1211,4,450,522,80,39,1,1,1
1212,4,448,521,83,37,1,1,1
1213,4,448,521,84,37,1,1,1
1214,4,448,520,84,39,1,1,1
1215,4,447,520,84,39,1,1,1
1216,4,446,520,84,39,1,1,1
1217,4,446,520,84,39,1,1,1
1218,4,444,520,84,40,1,1,1
1219,4,444,519,84,42,1,1,1
1220,4,444,519,84,42,1,1,1
1221,4,442,519,84,42,1,1,1
1222,4,442,519,84,42,1,1,1
1223,4,442,518,84,44,1,1,1
1224,4,440,518,83,44,1,1,1
1225,4,440,518,83,44,1,1,1
1226,4,440,519,83,44,1,1,1
1227,4,438,519,80,44,1,1,1
1228,4,439,517,80,46,1,1,1
1229,4,438,519,80,46,1,1,1
1230,4,437,518,80,48,1,1,1
1231,4,436,518,80,48,1,1,1
1232,4,436,518,77,46,1,1,1
1233,4,436,518,76,48,1,1,1
1234,4,435,518,76,48,1,1,1
1235,4,434,518,76,46,1,1,1
1236,4,434,518,76,48,1,1,1
1237,4,432,518,76,48,1,1,1
1238,4,432,518,76,48,1,1,1
1239,4,433,518,76,48,1,1,1
1240,4,432,518,76,48,1,1,1
1241,4,431,518,76,46,1,1,1
1242,4,430,517,77,46,1,1,1
1243,4,430,517,76,46,1,1,1
1244,4,429,518,77,44,1,1,1
1245,4,428,517,76,46,1,1,1
1246,4,428,516,77,44,1,1,1
1247,4,426,516,79,44,1,1,1
1248,4,426,517,80,42,1,1,1
1249,4,426,515,80,42,1,1,1
1250,4,426,515,80,39,1,1,1
1251,4,425,514,80,37,1,1,1
1252,4,425,513,81,39,1,1,1
1253,4,424,512,83,37,1,1,1
1254,4,423,511,84,37,1,1,1
1255,4,423,512,84,35,1,1,1
1256,4,422,512,85,33,1,1,1
1257,4,421,511,87,33,1,1,1
1258,4,420,510,88,32,1,1,1
1259,4,420,511,88,30,1,1,1
1260,4,420,510,88,30,1,1,1
1261,4,419,509,85,30,1,1,1
1262,4,418,509,87,30,1,1,1
1263,4,418,509,87,30,1,1,1
1264,4,417,509,85,30,1,1,1
1265,4,417,507,85,30,1,1,1
1266,4,417,508,85,32,1,1,1
1267,4,415,509,87,30,1,1,1
1268,4,415,507,88,33,1,1,1
1269,4,414,507,85,33,1,1,1
1270,4,414,507,85,33,1,1,1
1271,4,414,507,87,33,1,1,1
1272,4,413,507,87,33,1,1,1
1273,4,411,507,87,33,1,1,1
1274,4,410,508,85,35,1,1,1
1275,4,410,508,84,35,1,1,1
1276,4,410,508,84,35,1,1,1
1277,4,410,507,84,37,1,1,1
1278,4,408,507,84,37,1,1,1
1279,4,407,506,84,39,1,1,1
1280,4,408,508,83,39,1,1,1
1281,4,407,506,83,39,1,1,1
1282,4,407,507,81,40,1,1,1
1283,4,405,507,84,40,1,1,1
1284,4,404,506,83,39,1,1,1
1285,4,404,506,83,39,1,1,1
1286,4,404,506,81,39,1,1,1
1287,4,402,506,80,39,1,1,1
1288,4,402,506,80,39,1,1,1
1289,4,402,507,81,37,1,1,1
1290,4,401,507,81,37,1,1,1
1291,4,401,507,81,37,1,1,1
1292,4,399,506,81,35,1,1,1
1293,4,399,506,81,35,1,1,1
1294,4,399,506,81,35,1,1,1
1295,4,399,506,83,33,1,1,1
1296,4,399,506,81,32,1,1,1
1297,4,396,506,84,32,1,1,1
1298,4,396,506,84,28,1,1,1
1299,4,396,505,85,26,1,1,1
1300,4,395,505,87,26,1,1,1
1301,4,395,504,88,24,1,1,1
1302,4,394,505,88,23,1,1,1
1303,4,394,503,88,21,1,1,1
1304,4,393,504,88,19,1,1,1
1305,4,392,503,88,19,1,1,1
1306,4,390,502,87,19,1,1,1
1307,4,391,502,84,19,1,1,1
1308,4,389,501,88,21,1,1,1
1309,4,390,501,89,21,1,1,1
1310,4,388,501,89,21,1,1,1
1311,4,388,501,89,21,1,1,1
1312,4,388,501,89,21,1,1,1
1313,4,387,500,89,23,1,1,1
1314,4,386,500,88,23,1,1,1
1315,4,386,500,89,23,1,1,1
1316,4,385,500,89,23,1,1,1
1317,4,385,501,89,24,1,1,1
1318,4,384,501,89,24,1,1,1
1319,4,384,501,89,24,1,1,1
1320,4,383,501,88,24,1,1,1
1321,4,382,500,87,26,1,1,1
1322,4,380,500,88,26,1,1,1
1323,4,381,501,87,28,1,1,1
1324,4,379,501,87,28,1,1,1
1325,4,379,501,87,28,1,1,1
1326,4,379,500,87,30,1,1,1
1327,4,378,500,87,30,1,1,1
1328,4,378,499,87,32,1,1,1
1329,4,377,499,85,32,1,1,1
1330,4,376,499,84,32,1,1,1
1331,4,377,499,84,32,1,1,1
1332,4,376,499,84,32,1,1,1
1333,4,375,499,84,32,1,1,1
1334,4,375,500,83,30,1,1,1
1335,4,374,500,84,30,1,1,1
1336,4,373,500,84,30,1,1,1
1337,4,372,500,83,30,1,1,1
1338,4,372,498,83,30,1,1,1
1339,4,371,498,83,30,1,1,1
1340,4,371,499,83,28,1,1,1
1341,4,371,499,83,28,1,1,1
1342,4,371,497,83,28,1,1,1
1343,4,370,498,84,26,1,1,1
1344,4,369,498,83,26,1,1,1
1345,4,369,498,84,26,1,1,1
1346,4,369,497,84,24,1,1,1
1347,4,368,497,84,24,1,1,1
1348,4,367,499,84,21,1,1,1
1349,4,366,499,85,21,1,1,1
1350,4,365,499,87,21,1,1,1
1351,4,365,498,87,19,1,1,1
1352,4,365,497,87,21,1,1,1
1353,4,363,497,87,21,1,1,1
1354,4,363,498,88,19,1,1,1
1355,4,363,498,88,19,1,1,1
1356,4,362,498,88,19,1,1,1
1357,4,361,498,88,19,1,1,1
1358,4,361,498,88,19,1,1,1
1359,4,360,498,88,19,1,1,1
1360,4,358,498,88,19,1,1,1
1361,4,359,496,88,19,1,1,1
1362,4,358,496,89,19,1,1,1
1363,4,356,496,88,19,1,1,1
1364,4,356,496,88,19,1,1,1
1365,4,355,496,89,21,1,1,1
1366,4,356,496,88,21,1,1,1
1367,4,355,496,89,21,1,1,1
1368,4,354,496,88,21,1,1,1
1369,4,354,496,88,21,1,1,1
1370,4,354,496,89,21,1,1,1
1371,4,352,496,89,21,1,1,1
1372,4,353,496,88,21,1,1,1
1373,4,352,496,89,19,1,1,1
1374,4,352,496,89,19,1,1,1
1375,4,351,497,91,19,1,1,1
1376,4,350,497,92,19,1,1,1
1377,4,349,498,91,19,1,1,1
1378,4,349,499,91,17,1,1,1
1379,4,350,498,89,19,1,1,1
1380,4,348,498,91,19,1,1,1
1381,4,347,498,91,19,1,1,1
1382,4,347,497,89,21,1,1,1
1383,4,347,497,89,21,1,1,1
1384,4,346,497,88,21,1,1,1
1385,4,346,497,88,21,1,1,1
1386,4,346,497,88,21,1,1,1
1387,4,346,497,88,21,1,1,1
1388,4,344,497,88,21,1,1,1
1389,4,345,496,85,24,1,1,1
1390,4,345,496,84,24,1,1,1
1391,4,344,497,84,24,1,1,1
1392,4,344,497,84,24,1,1,1
1393,4,344,497,83,24,1,1,1
1394,4,343,496,83,26,1,1,1
1395,4,343,496,81,26,1,1,1
1396,4,343,496,81,28,1,1,1
1397,4,342,495,81,28,1,1,1
1398,4,342,495,81,28,1,1,1
1399,4,341,493,80,30,1,1,1
1400,4,342,493,81,30,1,1,1
1401,4,340,493,83,30,1,1,1
1402,4,340,493,83,30,1,1,1
1403,4,340,493,83,30,1,1,1
1404,4,339,493,81,30,1,1,1
1405,4,339,493,83,30,1,1,1
1406,4,339,494,81,30,1,1,1
1407,4,338,494,81,30,1,1,1
1408,4,338,494,81,30,1,1,1
1409,4,338,495,81,30,1,1,1
1410,4,336,495,81,30,1,1,1
1411,4,336,495,83,30,1,1,1
1412,4,337,495,80,30,1,1,1
1413,4,336,493,80,33,1,1,1
1414,4,335,493,81,33,1,1,1
1415,4,334,493,80,33,1,1,1
1416,4,334,492,81,35,1,1,1
1417,4,334,492,80,35,1,1,1
1418,4,333,490,80,35,1,1,1
1419,4,333,490,80,35,1,1,1
1420,4,332,490,80,35,1,1,1
1421,4,332,490,80,35,1,1,1
1422,4,332,490,80,35,1,1,1
1423,4,331,490,79,35,1,1,1
1424,4,331,492,79,35,1,1,1
1425,4,331,492,80,35,1,1,1
1426,4,330,490,79,35,1,1,1
1427,4,330,491,77,37,1,1,1
1428,4,330,491,77,37,1,1,1
1429,4,329,488,79,39,1,1,1
1430,4,329,488,79,39,1,1,1
1431,4,328,488,80,39,1,1,1
1432,4,327,488,79,39,1,1,1
1433,4,327,488,80,39,1,1,1
1434,4,327,488,77,39,1,1,1
1435,4,327,488,77,40,1,1,1
1436,4,327,488,77,40,1,1,1
1437,4,327,488,76,40,1,1,1
1438,4,327,488,76,40,1,1,1
1439,4,326,487,76,42,1,1,1
1440,4,327,489,76,40,1,1,1
1441,4,327,491,76,40,1,1,1
1442,4,326,492,76,39,1,1,1
1443,4,327,495,74,37,1,1,1
1444,4,328,496,75,37,1,1,1
1445,4,329,496,72,37,1,1,1
1446,4,328,497,75,39,1,1,1
1447,4,330,496,72,40,1,1,1
1448,4,330,495,71,42,1,1,1
1449,4,331,495,70,44,1,1,1
1450,4,330,494,68,46,1,1,1
1451,4,330,493,68,48,1,1,1
1452,4,331,492,65,49,1,1,1
1453,4,331,492,64,49,1,1,1
1454,4,332,491,62,51,1,1,1
1455,4,331,491,60,51,1,1,1
1456,4,332,490,59,53,1,1,1
1457,4,332,490,59,53,1,1,1
1458,4,331,489,57,55,1,1,1
1459,4,333,489,56,55,1,1,1
1460,4,332,488,56,56,1,1,1
1461,4,332,486,56,58,1,1,1
1462,4,332,486,54,58,1,1,1
1463,4,332,486,54,58,1,1,1
1464,4,333,485,48,60,1,1,1
1465,4,333,486,48,60,1,1,1
1466,4,333,484,48,62,1,1,1
1467,4,332,483,48,64,1,1,1
1468,4,332,482,49,65,1,1,1
1469,4,332,481,48,67,1,1,1
1470,4,332,481,44,67,1,1,1
1471,4,332,480,44,69,1,1,1
1472,4,333,480,44,69,1,1,1
1473,4,332,480,44,71,1,1,1
1474,4,333,480,44,71,1,1,1
1475,4,333,479,40,71,1,1,1
1476,4,332,478,42,74,1,1,1
1477,4,333,478,40,74,1,1,1
1478,4,332,477,40,76,1,1,1
1479,4,331,477,42,76,1,1,1
1480,4,332,477,40,76,1,1,1
1481,4,332,476,37,78,1,1,1
1482,4,332,475,36,80,1,1,1
1483,4,332,474,35,81,1,1,1
1484,4,332,473,33,83,1,1,1
1485,4,332,473,32,83,1,1,1
1486,4,332,472,32,85,1,1,1
1487,4,332,472,32,85,1,1,1
1488,4,331,470,33,87,1,1,1
1489,4,331,471,31,88,1,1,1
1490,4,331,471,28,88,1,1,1
1491,4,332,470,27,90,1,1,1
1492,4,331,471,24,88,1,1,1
1493,4,331,471,24,88,1,1,1
1494,4,330,472,23,88,1,1,1
1495,4,331,472,23,88,1,1,1
1496,4,330,473,24,88,1,1,1
1497,4,330,480,24,81,1,1,1
1498,4,330,477,26,83,1,1,1
1499,4,330,478,28,85,1,1,1
1500,4,330,479,28,83,1,1,1
1501,4,329,480,30,83,1,1,1
1502,4,329,480,30,83,1,1,1
1503,4,328,481,32,81,1,1,1
1504,4,329,482,32,81,1,1,1
1505,4,329,484,31,80,1,1,1
1506,4,329,484,31,80,1,1,1
1507,4,328,484,30,80,1,1,1
1508,4,329,486,28,78,1,1,1
1509,4,329,484,26,84,1,1,1
1510,4,329,485,27,84,1,1,1
1511,4,329,485,25,86,1,1,1
1512,4,328,484,27,83,1,1,1
1513,4,327,484,27,87,1,1,1
1514,4,328,484,26,86,1,1,1
1515,4,326,483,31,87,1,1,1
1516,4,326,481,29,92,1,1,1
1517,4,326,480,30,91,1,1,1
1518,4,326,482,29,90,1,1,1
1519,4,329,480,27,94,1,1,1
1520,4,328,483,28,93,1,1,1
1521,4,328,485,26,89,1,1,1
1522,4,328,485,27,91,1,1,1
1523,4,328,484,26,95,1,1,1
1524,4,326,482,29,96,1,1,1
1525,4,329,487,24,88,1,1,1
1526,4,328,496,24,80,1,1,1
1527,4,328,496,24,81,1,1,1
1528,4,328,499,24,78,1,1,1
1529,4,328,502,24,76,1,1,1
1530,4,329,502,24,76,1,1,1
1531,4,329,502,24,76,1,1,1
1532,4,329,503,24,76,1,1,1
1533,4,329,502,24,78,1,1,1
1534,4,329,502,26,78,1,1,1
1535,4,329,502,24,80,1,1,1
1536,4,329,501,24,81,1,1,1
1537,4,329,501,24,81,1,1,1
1538,4,330,501,26,81,1,1,1
1539,4,330,504,26,78,1,1,1
1540,4,330,504,26,78,1,1,1
1541,4,330,504,26,80,1,1,1
1542,4,331,501,27,81,1,1,1
1543,4,331,500,27,83,1,1,1
1544,4,330,498,28,87,1,1,1
1545,4,329,498,30,87,1,1,1
1546,4,329,498,31,87,1,1,1
1547,4,328,499,32,85,1,1,1
1548,4,328,503,32,82,1,1,1
1549,4,327,503,34,82,1,1,1
1550,4,325,503,36,82,1,1,1
1551,4,324,500,38,85,1,1,1
1552,4,326,507,36,78,1,1,1
1553,4,324,504,38,81,1,1,1
1554,4,325,501,38,85,1,1,1
1555,4,324,503,39,82,1,1,1
1556,4,325,505,38,81,1,1,1
1557,4,323,503,40,84,1,1,1
1558,4,323,507,40,80,1,1,1
1559,4,322,507,42,80,1,1,1
1560,4,320,503,44,87,1,1,1
1561,4,319,508,45,82,1,1,1
1562,4,320,508,44,82,1,1,1
1563,4,321,505,43,86,1,1,1
1564,4,320,511,46,80,1,1,1
1565,4,322,525,43,66,1,1,1
1566,4,325,539,40,55,1,1,1
1567,4,325,539,40,55,1,1,1
1568,4,324,538,40,56,1,1,1
1569,4,326,538,40,56,1,1,1
1570,4,326,536,40,58,1,1,1
1571,4,326,537,39,58,1,1,1
1572,4,326,537,39,58,1,1,1
1573,4,326,536,39,60,1,1,1
1574,4,328,536,37,60,1,1,1
1575,4,328,537,37,62,1,1,1
1576,4,328,537,36,62,1,1,1
1577,4,330,537,36,62,1,1,1
1578,4,330,536,36,64,1,1,1
1579,4,330,536,36,65,1,1,1
1580,4,330,536,36,65,1,1,1
1581,4,330,536,36,65,1,1,1
1582,4,332,537,35,65,1,1,1
1583,4,332,535,36,67,1,1,1
1584,4,332,537,35,65,1,1,1
1585,4,333,537,36,65,1,1,1
1586,4,333,537,35,65,1,1,1
1587,4,332,536,36,67,1,1,1
1588,4,333,536,37,67,1,1,1
1589,4,334,536,37,67,1,1,1
1590,4,333,536,39,69,1,1,1
1591,4,332,532,40,72,1,1,1
1592,4,333,535,40,71,1,1,1
1593,4,331,524,43,81,1,1,1
1594,4,332,528,42,78,1,1,1
1595,4,332,525,43,80,1,1,1
1596,4,334,527,42,78,1,1,1
1597,4,334,531,42,74,1,1,1
1598,4,334,531,42,74,1,1,1
1599,4,335,532,43,72,1,1,1
1600,4,334,532,44,72,1,1,1
1601,4,334,531,44,74,1,1,1
1602,4,333,531,45,74,1,1,1
1603,4,333,533,47,74,1,1,1
1604,4,332,534,48,72,1,1,1
1605,4,332,534,48,72,1,1,1
1606,4,332,533,48,74,1,1,1
1607,4,332,533,49,74,1,1,1
1608,4,331,536,51,71,1,1,1
1609,4,331,536,51,71,1,1,1
1610,4,330,539,52,69,1,1,1
1611,4,330,538,52,71,1,1,1
1612,4,328,539,54,69,1,1,1
1613,4,328,539,56,69,1,1,1
1614,4,326,541,56,69,1,1,1
1615,4,327,541,57,69,1,1,1
1616,4,327,546,59,65,1,1,1
1617,4,326,551,60,60,1,1,1
1618,4,326,553,60,58,1,1,1
1619,4,326,554,60,56,1,1,1
1620,4,326,554,60,58,1,1,1
1621,4,326,556,60,56,1,1,1
1622,4,326,560,60,53,1,1,1
1623,4,326,559,60,55,1,1,1
1624,4,327,561,60,53,1,1,1
1625,4,327,561,60,53,1,1,1
1626,4,327,562,60,55,1,1,1
1627,4,328,560,60,56,1,1,1
1628,4,328,561,60,56,1,1,1
1629,4,328,561,60,56,1,1,1
1630,4,328,561,60,56,1,1,1
1631,4,330,561,60,56,1,1,1
1632,4,330,561,60,56,1,1,1
1633,4,330,561,60,56,1,1,1
1634,4,330,561,60,56,1,1,1
1635,4,331,561,60,58,1,1,1
1636,4,331,561,60,58,1,1,1
1637,4,332,562,60,58,1,1,1
1638,4,333,562,60,58,1,1,1
1639,4,333,561,60,60,1,1,1
1640,4,334,562,60,58,1,1,1
1641,4,334,561,60,60,1,1,1
1642,4,335,562,59,58,1,1,1
1643,4,336,564,57,58,1,1,1
1644,4,336,564,59,58,1,1,1
1645,4,338,564,56,58,1,1,1
1646,4,338,564,56,58,1,1,1
1647,4,339,564,57,58,1,1,1
1648,4,339,564,59,58,1,1,1
1649,4,340,566,57,58,1,1,1
1650,4,339,563,59,60,1,1,1
1651,4,340,564,59,58,1,1,1
1652,4,338,564,60,58,1,1,1
1653,4,339,563,60,60,1,1,1
1654,4,339,563,60,60,1,1,1
1655,4,340,564,60,58,1,1,1
1656,4,338,563,62,60,1,1,1
1657,4,338,560,63,64,1,1,1
1658,4,338,560,63,62,1,1,1
1659,4,340,564,62,58,1,1,1
1660,4,339,560,64,62,1,1,1
1661,4,342,578,60,44,1,1,1
1662,4,339,582,63,40,1,1,1
1663,4,343,586,60,39,1,1,1
1664,4,341,586,63,39,1,1,1
1665,4,340,586,64,39,1,1,1
1666,4,337,586,68,39,1,1,1
1667,4,337,586,67,39,1,1,1
1668,4,334,584,71,42,1,1,1
1669,4,334,585,71,40,1,1,1
1670,4,336,585,70,40,1,1,1
1671,4,336,587,70,40,1,1,1
1672,4,338,587,68,40,1,1,1
1673,4,337,587,70,40,1,1,1
1674,4,337,587,70,40,1,1,1
1675,4,336,586,72,42,1,1,1
1676,4,337,588,70,42,1,1,1
1677,4,339,588,68,42,1,1,1
1678,4,342,588,65,42,1,1,1
1679,4,341,587,67,44,1,1,1
1680,4,343,587,65,44,1,1,1
1681,4,340,586,68,46,1,1,1
1682,4,344,586,65,46,1,1,1
1683,4,346,586,64,46,1,1,1
1684,4,347,588,64,46,1,1,1
1685,4,347,586,64,46,1,1,1
1686,4,348,586,64,46,1,1,1
1687,4,348,585,64,48,1,1,1
1688,4,348,584,64,49,1,1,1
1689,4,348,584,64,49,1,1,1
1690,4,348,584,64,51,1,1,1
1691,4,349,584,64,51,1,1,1
1692,4,349,584,64,51,1,1,1
1693,4,349,584,64,51,1,1,1
1694,4,349,584,64,51,1,1,1
1695,4,350,584,64,51,1,1,1
1696,4,350,584,64,51,1,1,1
1697,4,351,584,65,51,1,1,1
1698,4,352,586,64,49,1,1,1
1699,4,354,584,63,51,1,1,1
1700,4,354,586,64,49,1,1,1
1701,4,355,586,64,49,1,1,1
1702,4,354,584,64,51,1,1,1
1703,4,355,586,63,49,1,1,1
1704,4,354,585,64,51,1,1,1
1705,4,352,581,68,56,1,1,1
1706,4,353,578,68,58,1,1,1
1707,4,354,582,68,55,1,1,1
1708,4,354,579,68,56,1,1,1
1709,4,354,582,68,55,1,1,1
1710,4,356,585,67,51,1,1,1
1711,4,356,586,68,49,1,1,1
1712,4,356,588,67,49,1,1,1
1713,4,356,586,68,49,1,1,1
1714,4,356,586,68,49,1,1,1
1715,4,355,585,70,51,1,1,1
1716,4,356,585,70,51,1,1,1
1717,4,356,588,70,49,1,1,1
1718,4,355,587,72,51,1,1,1
1719,4,355,587,72,51,1,1,1
1720,4,354,587,72,51,1,1,1
1721,4,356,591,72,46,1,1,1
1722,4,354,592,72,44,1,1,1
1723,4,357,595,71,42,1,1,1
1724,4,356,600,72,37,1,1,1
1725,4,357,602,71,35,1,1,1
1726,4,357,602,72,35,1,1,1
1727,4,356,601,74,37,1,1,1
1728,4,356,603,74,37,1,1,1
1729,4,356,604,74,35,1,1,1
1730,4,356,604,75,35,1,1,1
1731,4,358,604,74,35,1,1,1
1732,4,356,604,75,35,1,1,1
1733,4,357,606,76,35,1,1,1
1734,4,357,606,76,35,1,1,1
1735,4,357,606,76,35,1,1,1
1736,4,356,607,76,35,1,1,1
1737,4,356,607,76,35,1,1,1
1738,4,358,607,76,35,1,1,1
1739,4,358,608,76,35,1,1,1
1740,4,358,608,76,35,1,1,1
1741,4,358,608,76,35,1,1,1
1742,4,358,608,76,35,1,1,1
1743,4,359,608,76,35,1,1,1
1744,4,359,608,76,35,1,1,1
1745,4,359,608,76,35,1,1,1
1746,4,359,608,76,35,1,1,1
1747,4,360,609,76,35,1,1,1
1748,4,360,607,76,37,1,1,1
1749,4,360,607,76,37,1,1,1
1750,4,360,607,77,37,1,1,1
1751,4,360,609,76,35,1,1,1
1752,4,362,608,76,37,1,1,1
1753,4,362,609,76,35,1,1,1
1754,4,362,609,76,35,1,1,1
1755,4,364,609,76,35,1,1,1
1756,4,364,609,76,35,1,1,1
1757,4,364,609,75,35,1,1,1
1758,4,364,609,76,35,1,1,1
1759,4,363,609,76,35,1,1,1
1760,4,365,609,76,35,1,1,1
1761,4,364,611,76,35,1,1,1
1762,4,364,611,76,35,1,1,1
1763,4,364,611,76,35,1,1,1
1764,4,365,611,77,35,1,1,1
1765,4,365,610,77,37,1,1,1
1766,4,365,610,77,37,1,1,1
1767,4,365,610,77,37,1,1,1
1768,4,365,610,79,37,1,1,1
1769,4,365,610,79,37,1,1,1
1770,4,365,610,79,37,1,1,1
1771,4,364,610,80,37,1,1,1
1772,4,364,610,80,37,1,1,1
1773,4,366,611,79,35,1,1,1
1774,4,366,611,79,35,1,1,1
1775,4,365,610,80,37,1,1,1
1776,4,366,611,80,35,1,1,1
1777,4,368,612,77,33,1,1,1
1778,4,366,610,80,37,1,1,1
1779,4,364,608,83,39,1,1,1
1780,4,364,609,83,39,1,1,1
1781,4,364,608,83,39,1,1,1
1782,4,364,607,84,39,1,1,1
1783,4,365,607,84,39,1,1,1
1784,4,365,607,84,39,1,1,1
1785,4,365,608,83,39,1,1,1
1786,4,366,608,84,39,1,1,1
1787,4,367,608,83,39,1,1,1
1788,4,367,609,83,39,1,1,1
1789,4,368,609,81,39,1,1,1
1790,4,368,610,81,37,1,1,1
1791,4,368,610,83,37,1,1,1
1792,4,368,610,81,37,1,1,1
1793,4,371,614,80,33,1,1,1
1794,4,368,614,81,33,1,1,1
1795,4,370,614,80,33,1,1,1
1796,4,370,614,80,33,1,1,1
1797,4,370,614,81,33,1,1,1
1798,4,370,614,81,33,1,1,1
1799,4,369,614,83,33,1,1,1
1800,4,369,614,83,33,1,1,1
1801,4,369,614,83,33,1,1,1
1802,4,369,614,83,33,1,1,1
1803,4,369,614,84,33,1,1,1
1804,4,369,614,83,33,1,1,1
1805,4,369,614,83,33,1,1,1
1806,4,370,616,84,32,1,1,1
1807,4,370,616,84,32,1,1,1
1808,4,370,616,84,32,1,1,1
1809,4,371,617,83,30,1,1,1
1810,4,372,620,81,28,1,1,1
1811,4,371,621,83,26,1,1,1
1812,4,372,623,81,26,1,1,1
1813,4,372,623,81,26,1,1,1
1814,4,372,624,83,24,1,1,1
1815,4,372,624,83,24,1,1,1
1816,4,374,625,81,24,1,1,1
1817,4,373,625,84,24,1,1,1
1818,4,373,625,84,24,1,1,1
1819,4,373,625,84,24,1,1,1
1820,4,373,625,83,24,1,1,1
1821,4,373,626,83,23,1,1,1
1822,4,374,626,84,23,1,1,1
1823,4,374,626,84,23,1,1,1
1824,4,375,628,83,23,1,1,1
1825,4,375,629,83,21,1,1,1
1826,4,376,629,81,21,1,1,1
1827,4,376,629,81,21,1,1,1
1828,4,377,631,80,21,1,1,1
1829,4,376,631,81,21,1,1,1
1830,4,376,630,83,21,1,1,1
1831,4,376,630,83,21,1,1,1
1832,4,376,628,83,23,1,1,1
1833,4,375,627,84,24,1,1,1
1834,4,375,626,84,26,1,1,1
1835,4,375,626,84,26,1,1,1
1836,4,375,626,84,26,1,1,1
1837,4,377,624,84,28,1,1,1
1838,4,376,623,84,30,1,1,1
1839,4,377,623,84,30,1,1,1
1840,4,376,619,84,33,1,1,1
1841,4,377,618,83,35,1,1,1
1842,4,381,618,77,35,1,1,1
1843,4,383,617,76,37,1,1,1
1844,4,384,618,76,35,1,1,1
1845,4,386,620,74,35,1,1,1
1846,4,386,620,74,35,1,1,1
1847,4,386,620,74,35,1,1,1
1848,4,386,621,72,33,1,1,1
1849,4,386,621,72,33,1,1,1
1850,4,386,623,72,33,1,1,1
1851,4,386,623,72,33,1,1,1
1852,4,386,623,74,33,1,1,1
1853,4,386,622,74,35,1,1,1
1854,4,388,624,72,33,1,1,1
1855,4,387,624,75,33,1,1,1
1856,4,387,624,75,33,1,1,1
1857,4,386,624,76,33,1,1,1
1858,4,386,624,76,35,1,1,1
1859,4,385,624,77,35,1,1,1
1860,4,387,624,77,35,1,1,1
1861,4,384,624,80,35,1,1,1
1862,4,385,624,80,35,1,1,1
1863,4,383,624,83,35,1,1,1
1864,4,384,624,83,35,1,1,1
1865,4,384,624,84,35,1,1,1
1866,4,383,624,84,35,1,1,1
1867,4,383,624,85,35,1,1,1
1868,4,382,624,87,35,1,1,1
1869,4,382,624,87,35,1,1,1
1870,4,382,623,88,37,1,1,1
1871,4,383,623,88,37,1,1,1
1872,4,382,623,88,37,1,1,1
1873,4,383,622,89,39,1,1,1
1874,4,384,622,88,39,1,1,1
1875,4,384,622,88,39,1,1,1
1876,4,384,621,89,40,1,1,1
1877,4,384,621,89,40,1,1,1
1878,4,385,621,88,40,1,1,1
1879,4,386,620,88,42,1,1,1
1880,4,387,621,88,40,1,1,1
1881,4,386,620,88,42,1,1,1
1882,4,388,619,85,40,1,1,1
1883,4,386,619,87,40,1,1,1
1884,4,387,617,87,40,1,1,1
1885,4,388,617,84,37,1,1,1
1886,4,386,616,88,39,1,1,1
1887,4,386,615,87,39,1,1,1
1888,4,390,614,84,39,1,1,1
1889,4,391,612,83,40,1,1,1
1890,4,392,611,81,42,1,1,1
1891,4,393,611,80,42,1,1,1
1892,4,394,610,77,44,1,1,1
1893,4,396,609,76,46,1,1,1
1894,4,397,609,76,46,1,1,1
1895,4,398,609,74,46,1,1,1
1896,4,398,608,74,48,1,1,1
1897,4,400,608,72,49,1,1,1
1898,4,401,608,71,49,1,1,1
1899,4,401,607,71,51,1,1,1
1900,4,402,607,71,51,1,1,1
1901,4,404,607,68,51,1,1,1
1902,4,402,606,70,53,1,1,1
1903,4,404,606,68,53,1,1,1
1904,4,404,605,70,55,1,1,1
1905,4,404,604,70,56,1,1,1
1906,4,404,603,70,58,1,1,1
1907,4,407,604,68,60,1,1,1
1908,4,407,604,68,60,1,1,1
1909,4,409,603,68,62,1,1,1
1910,4,410,603,68,62,1,1,1
1911,4,410,602,68,64,1,1,1
1912,4,413,602,65,65,1,1,1
1913,4,414,603,65,65,1,1,1
1914,4,412,601,67,69,1,1,1
1915,4,413,601,67,69,1,1,1
1916,4,415,600,67,71,1,1,1
1917,4,416,601,65,72,1,1,1
1918,4,418,600,64,74,1,1,1
1919,4,418,600,65,74,1,1,1
1920,4,420,600,64,74,1,1,1
1921,4,420,598,64,76,1,1,1
1922,4,421,599,63,76,1,1,1
1923,4,424,598,60,76,1,1,1
1924,4,425,598,60,76,1,1,1
1925,4,428,597,57,74,1,1,1
1926,4,428,596,57,72,1,1,1
1927,4,428,595,57,74,1,1,1
1928,4,429,593,56,74,1,1,1
1929,4,428,593,57,74,1,1,1
1930,4,427,592,59,72,1,1,1
1931,4,426,592,60,74,1,1,1
1932,4,424,592,60,74,1,1,1
1933,4,424,591,62,72,1,1,1
1934,4,424,589,62,72,1,1,1
1935,4,422,590,63,71,1,1,1
1936,4,422,588,63,71,1,1,1
1937,4,422,588,63,71,1,1,1
1938,4,422,587,63,69,1,1,1
1939,4,422,587,63,69,1,1,1
1940,4,422,585,63,69,1,1,1
1941,4,424,585,62,69,1,1,1
1942,4,424,585,62,69,1,1,1
1943,4,424,584,62,69,1,1,1
1944,4,424,584,62,69,1,1,1
1945,4,424,583,62,69,1,1,1
1946,4,426,583,60,69,1,1,1
1947,4,428,582,59,69,1,1,1
1948,4,428,581,57,71,1,1,1
1949,4,430,581,56,71,1,1,1
1950,4,430,581,57,71,1,1,1
1951,4,432,580,56,72,1,1,1
1952,4,432,579,56,74,1,1,1
1953,4,433,577,55,76,1,1,1
1954,4,435,578,54,76,1,1,1
1955,4,437,576,52,78,1,1,1
1956,4,436,577,52,78,1,1,1
1957,4,439,575,51,80,1,1,1
1958,4,440,576,49,81,1,1,1
1959,4,441,576,49,81,1,1,1
1960,4,443,575,47,83,1,1,1
1961,4,445,573,47,83,1,1,1
1962,4,446,574,45,85,1,1,1
1963,4,448,572,44,85,1,1,1
1964,4,449,572,44,85,1,1,1
1965,4,449,571,43,87,1,1,1
1966,4,450,572,42,85,1,1,1
1967,4,451,571,42,87,1,1,1
1968,4,453,570,40,85,1,1,1
1969,4,455,570,40,85,1,1,1
1970,4,455,569,40,87,1,1,1
1971,4,455,570,39,85,1,1,1
1972,4,456,569,40,87,1,1,1
1973,4,456,568,40,87,1,1,1
1974,4,456,568,40,87,1,1,1
1975,4,456,567,40,88,1,1,1
1976,4,456,567,40,88,1,1,1
1977,4,456,566,40,87,1,1,1
1978,4,456,566,40,87,1,1,1
1979,4,456,565,40,88,1,1,1
1980,4,456,564,40,87,1,1,1
1981,4,454,564,42,83,1,1,1
1982,4,454,562,42,83,1,1,1
1983,4,454,562,42,83,1,1,1
1984,4,453,561,43,81,1,1,1
1985,4,453,560,44,83,1,1,1
1986,4,453,561,43,81,1,1,1
1987,4,452,559,44,83,1,1,1
1988,4,450,559,45,83,1,1,1
1989,4,450,559,45,81,1,1,1
1990,4,449,558,47,81,1,1,1
1991,4,449,558,47,81,1,1,1
1992,4,449,556,47,81,1,1,1
1993,4,448,556,48,81,1,1,1
1994,4,449,556,47,81,1,1,1
1995,4,448,555,48,80,1,1,1
1996,4,449,555,47,80,1,1,1
1997,4,448,555,48,80,1,1,1
1998,4,449,553,47,80,1,1,1
1999,4,449,552,47,81,1,1,1
2000,4,450,553,45,80,1,1,1
2001,4,450,552,45,80,1,1,1
2002,4,452,552,44,80,1,1,1
2003,4,453,551,44,81,1,1,1
2004,4,453,551,44,81,1,1,1
2005,4,454,549,44,81,1,1,1
2006,4,455,549,43,81,1,1,1
2007,4,457,548,40,83,1,1,1
2008,4,457,548,40,83,1,1,1
2009,4,459,547,39,85,1,1,1
2010,4,461,547,37,85,1,1,1
2011,4,462,546,36,87,1,1,1
2012,4,462,545,36,88,1,1,1
2013,4,465,545,33,88,1,1,1
2014,4,466,544,32,90,1,1,1
2015,4,468,544,32,90,1,1,1
2016,4,469,544,30,90,1,1,1
2017,4,471,544,28,90,1,1,1
2018,4,473,543,28,90,1,1,1
2019,4,473,543,27,90,1,1,1
2020,4,474,542,26,92,1,1,1
2021,4,476,541,24,87,1,1,1
2022,4,477,541,24,90,1,1,1
2023,4,477,540,24,92,1,1,1
2024,4,477,539,24,90,1,1,1
2025,4,476,538,26,88,1,1,1
2026,4,476,539,26,90,1,1,1
2027,4,476,538,26,92,1,1,1
2028,4,476,537,26,92,1,1,1
2029,4,476,537,27,90,1,1,1
2030,4,475,537,28,90,1,1,1
2031,4,475,536,28,88,1,1,1
2032,4,475,536,28,87,1,1,1
2033,4,475,534,28,83,1,1,1
2034,4,475,534,28,83,1,1,1
2035,4,475,534,28,83,1,1,1
2036,4,475,531,28,85,1,1,1
2037,4,473,531,30,85,1,1,1
2038,4,473,530,30,87,1,1,1
2039,4,475,531,28,85,1,1,1
2040,4,473,531,30,88,1,1,1
2041,4,473,529,30,90,1,1,1
2042,4,473,529,30,85,1,1,1
2043,4,473,529,31,88,1,1,1
2044,4,473,529,31,88,1,1,1
2045,4,472,528,32,88,1,1,1
2046,4,472,526,32,88,1,1,1
2047,4,470,527,32,87,1,1,1
2048,4,470,527,32,85,1,1,1
2049,4,469,525,35,87,1,1,1
2050,4,470,525,33,87,1,1,1
2051,4,470,525,33,87,1,1,1
2052,4,470,525,33,85,1,1,1
2053,4,470,524,33,85,1,1,1
2054,4,470,522,33,85,1,1,1
2055,4,470,522,33,85,1,1,1
2056,4,470,522,33,85,1,1,1
2057,4,470,522,33,85,1,1,1
2058,4,470,521,32,87,1,1,1
2059,4,470,520,32,85,1,1,1
2060,4,470,520,32,85,1,1,1
2061,4,470,520,32,87,1,1,1
2062,4,470,519,32,88,1,1,1
2063,4,472,518,32,87,1,1,1
2064,4,472,518,32,87,1,1,1
2065,4,472,517,32,88,1,1,1
2066,4,472,517,32,88,1,1,1
2067,4,475,517,28,88,1,1,1
2068,4,475,517,28,88,1,1,1
2069,4,476,515,27,88,1,1,1
2070,4,478,514,26,90,1,1,1
2071,4,478,514,26,90,1,1,1
2072,4,480,514,24,90,1,1,1
2073,4,481,514,22,90,1,1,1
2074,4,483,512,20,92,1,1,1
2075,4,483,511,20,92,1,1,1
2076,4,484,511,19,92,1,1,1
2077,4,486,511,18,92,1,1,1
2078,4,486,511,16,92,1,1,1
2079,4,488,511,16,92,1,1,1
2080,4,488,509,16,94,1,1,1
2081,4,488,510,16,92,1,1,1
2082,4,488,510,16,92,1,1,1
2083,4,488,509,16,94,1,1,1
2084,4,488,508,16,92,1,1,1
1,5,815,521,32,58,1,1,1
2,5,815,522,39,64,1,1,1
3,5,815,522,39,64,1,1,1
4,5,815,522,39,64,1,1,1
5,5,816,522,37,64,1,1,1
6,5,815,522,39,64,1,1,1
7,5,816,522,37,64,1,1,1
8,5,816,520,37,65,1,1,1
9,5,816,520,37,65,1,1,1
10,5,816,520,37,65,1,1,1
11,5,816,522,37,64,1,1,1
12,5,816,522,36,64,1,1,1
13,5,816,522,37,64,1,1,1
14,5,816,522,37,64,1,1,1
15,5,816,522,37,64,1,1,1
16,5,816,522,36,64,1,1,1
17,5,816,522,36,64,1,1,1
18,5,816,522,36,64,1,1,1
19,5,816,521,36,65,1,1,1
20,5,815,522,37,64,1,1,1
21,5,815,521,37,65,1,1,1
22,5,815,521,37,65,1,1,1
23,5,815,521,37,65,1,1,1
24,5,815,521,37,65,1,1,1
25,5,815,522,36,64,1,1,1
26,5,814,522,36,64,1,1,1
27,5,815,522,36,64,1,1,1
28,5,814,522,36,64,1,1,1
29,5,814,522,36,64,1,1,1
30,5,814,522,36,64,1,1,1
31,5,814,521,36,65,1,1,1
32,5,814,522,36,64,1,1,1
33,5,814,521,36,65,1,1,1
34,5,815,521,33,62,1,1,1
35,5,815,522,33,64,1,1,1
36,5,814,522,36,64,1,1,1
37,5,814,522,36,64,1,1,1
38,5,815,521,36,65,1,1,1
39,5,814,521,36,65,1,1,1
40,5,815,521,36,65,1,1,1
41,5,815,521,36,65,1,1,1
42,5,814,521,36,65,1,1,1
43,5,815,522,35,64,1,1,1
44,5,814,521,36,65,1,1,1
45,5,814,522,36,64,1,1,1
46,5,815,521,35,65,1,1,1
47,5,815,521,35,65,1,1,1
48,5,814,521,36,65,1,1,1
49,5,814,521,36,65,1,1,1
50,5,814,521,36,65,1,1,1
51,5,814,521,36,65,1,1,1
52,5,814,521,36,65,1,1,1
53,5,814,521,36,65,1,1,1
54,5,814,521,36,65,1,1,1
55,5,814,521,36,65,1,1,1
56,5,814,521,36,65,1,1,1
57,5,814,521,36,65,1,1,1
58,5,814,521,36,65,1,1,1
59,5,814,521,36,65,1,1,1
60,5,814,521,36,65,1,1,1
61,5,814,521,36,65,1,1,1
62,5,814,521,36,65,1,1,1
63,5,814,521,36,65,1,1,1
64,5,814,521,36,67,1,1,1
65,5,814,521,36,65,1,1,1
66,5,814,521,36,67,1,1,1
67,5,814,522,37,67,1,1,1
68,5,814,522,37,67,1,1,1
69,5,814,522,37,67,1,1,1
70,5,814,522,36,67,1,1,1
71,5,814,522,36,67,1,1,1
72,5,814,521,36,67,1,1,1
73,5,814,521,36,67,1,1,1
74,5,814,521,36,67,1,1,1
75,5,814,522,36,67,1,1,1
76,5,813,522,37,67,1,1,1
77,5,813,522,37,67,1,1,1
78,5,814,522,36,67,1,1,1
79,5,813,522,37,67,1,1,1
80,5,814,522,36,67,1,1,1
81,5,812,522,36,67,1,1,1
82,5,813,522,36,67,1,1,1
83,5,812,522,36,67,1,1,1
84,5,812,522,36,67,1,1,1
85,5,812,522,36,67,1,1,1
86,5,812,522,36,67,1,1,1
87,5,812,522,36,67,1,1,1
88,5,812,522,36,67,1,1,1
89,5,812,522,36,67,1,1,1
90,5,812,521,36,69,1,1,1
91,5,813,521,37,69,1,1,1
92,5,813,521,37,69,1,1,1
93,5,812,521,36,69,1,1,1
94,5,812,521,36,69,1,1,1
95,5,812,521,36,69,1,1,1
96,5,812,521,36,69,1,1,1
97,5,812,521,36,69,1,1,1
98,5,813,522,36,67,1,1,1
99,5,812,523,35,65,1,1,1
100,5,812,522,35,67,1,1,1
101,5,812,522,35,67,1,1,1
102,5,813,522,36,67,1,1,1
103,5,813,522,36,67,1,1,1
104,5,812,522,35,67,1,1,1
105,5,813,522,36,67,1,1,1
106,5,812,522,35,67,1,1,1
107,5,813,522,36,67,1,1,1
108,5,812,522,35,67,1,1,1
109,5,812,522,35,67,1,1,1
110,5,812,522,35,67,1,1,1
111,5,813,522,35,67,1,1,1
112,5,813,522,35,67,1,1,1
113,5,814,521,33,67,1,1,1
114,5,815,521,33,67,1,1,1
115,5,815,521,33,67,1,1,1
116,5,816,521,32,62,1,1,1
117,5,816,521,30,58,1,1,1
118,5,816,522,32,64,1,1,1
119,5,816,522,33,64,1,1,1
120,5,817,521,32,62,1,1,1
121,5,817,521,33,62,1,1,1
122,5,816,521,35,62,1,1,1
123,5,817,521,33,62,1,1,1
124,5,816,521,35,62,1,1,1
125,5,817,522,33,60,1,1,1
126,5,816,522,35,60,1,1,1
127,5,817,522,33,60,1,1,1
128,5,817,522,33,60,1,1,1
129,5,815,523,35,58,1,1,1
130,5,816,524,33,56,1,1,1
131,5,816,523,32,56,1,1,1
132,5,816,523,33,56,1,1,1
133,5,816,524,33,53,1,1,1
134,5,814,524,32,53,1,1,1
135,5,814,524,32,53,1,1,1
136,5,815,524,32,53,1,1,1
137,5,814,524,32,53,1,1,1
138,5,813,525,30,51,1,1,1
139,5,813,525,30,51,1,1,1
140,5,814,526,28,49,1,1,1
141,5,813,525,27,51,1,1,1
142,5,813,525,28,51,1,1,1
143,5,812,525,27,51,1,1,1
144,5,812,525,27,51,1,1,1
145,5,813,527,28,51,1,1,1
146,5,812,527,28,51,1,1,1
147,5,812,527,28,51,1,1,1
148,5,810,527,31,51,1,1,1
149,5,810,526,31,49,1,1,1
150,5,809,526,32,49,1,1,1
151,5,809,526,32,49,1,1,1
152,5,809,527,32,51,1,1,1
153,5,809,527,32,51,1,1,1
154,5,808,527,33,51,1,1,1
155,5,808,527,33,51,1,1,1
156,5,808,527,35,51,1,1,1
157,5,807,526,36,53,1,1,1
158,5,808,527,35,51,1,1,1
159,5,807,526,36,53,1,1,1
160,5,807,526,36,53,1,1,1
161,5,807,527,36,51,1,1,1
162,5,806,526,37,53,1,1,1
163,5,806,526,39,53,1,1,1
164,5,805,526,40,53,1,1,1
165,5,805,526,40,53,1,1,1
166,5,805,526,40,53,1,1,1
167,5,805,526,40,53,1,1,1
168,5,805,526,40,53,1,1,1
169,5,805,527,40,51,1,1,1
170,5,805,526,40,53,1,1,1
171,5,804,526,42,53,1,1,1
172,5,806,527,40,51,1,1,1
173,5,804,526,42,53,1,1,1
174,5,804,526,42,53,1,1,1
175,5,804,526,42,53,1,1,1
176,5,804,526,42,53,1,1,1
177,5,803,526,44,53,1,1,1
178,5,803,526,44,53,1,1,1
179,5,804,526,44,53,1,1,1
180,5,804,525,44,51,1,1,1
181,5,802,525,45,51,1,1,1
182,5,802,525,45,51,1,1,1
183,5,801,526,48,53,1,1,1
184,5,801,526,48,53,1,1,1
185,5,801,526,48,53,1,1,1
186,5,801,525,48,51,1,1,1
187,5,801,524,48,53,1,1,1
188,5,801,525,48,51,1,1,1
189,5,801,524,48,53,1,1,1
190,5,801,524,48,49,1,1,1
191,5,802,525,48,51,1,1,1
192,5,800,525,49,51,1,1,1
193,5,800,524,51,53,1,1,1
194,5,800,524,51,53,1,1,1
195,5,799,524,52,53,1,1,1
196,5,799,524,52,53,1,1,1
197,5,799,524,52,53,1,1,1
198,5,799,524,52,53,1,1,1
199,5,799,524,52,53,1,1,1
200,5,798,524,54,53,1,1,1
201,5,799,524,52,53,1,1,1
202,5,798,524,54,53,1,1,1
203,5,798,524,54,53,1,1,1
204,5,798,524,54,53,1,1,1
205,5,798,524,54,53,1,1,1
206,5,798,522,54,53,1,1,1
207,5,798,522,54,53,1,1,1
208,5,798,523,54,55,1,1,1
209,5,798,522,54,53,1,1,1
210,5,798,522,54,53,1,1,1
211,5,800,522,52,53,1,1,1
212,5,798,522,54,53,1,1,1
213,5,799,522,54,53,1,1,1
214,5,799,523,54,51,1,1,1
215,5,798,524,55,53,1,1,1
216,5,798,524,55,53,1,1,1
217,5,798,522,55,53,1,1,1
218,5,799,522,54,53,1,1,1
219,5,799,522,56,53,1,1,1
220,5,799,522,56,53,1,1,1
221,5,799,523,56,51,1,1,1
222,5,798,523,56,51,1,1,1
223,5,799,523,56,51,1,1,1
224,5,799,523,56,51,1,1,1
225,5,798,523,56,51,1,1,1
226,5,798,523,56,51,1,1,1
227,5,798,523,57,51,1,1,1
228,5,798,523,56,51,1,1,1
229,5,800,523,57,51,1,1,1
230,5,800,524,56,49,1,1,1
231,5,800,524,56,49,1,1,1
232,5,800,524,56,49,1,1,1
233,5,800,523,56,51,1,1,1
234,5,800,524,56,49,1,1,1
235,5,800,523,56,51,1,1,1
236,5,800,523,56,51,1,1,1
237,5,800,523,56,51,1,1,1
238,5,800,523,57,51,1,1,1
239,5,799,523,59,51,1,1,1
240,5,800,523,57,51,1,1,1
241,5,800,523,57,51,1,1,1
242,5,800,523,57,51,1,1,1
243,5,800,523,57,51,1,1,1
244,5,800,523,59,51,1,1,1
245,5,800,523,59,51,1,1,1
246,5,801,523,57,51,1,1,1
247,5,801,523,56,51,1,1,1
248,5,801,523,57,51,1,1,1
249,5,802,523,56,51,1,1,1
250,5,802,523,56,51,1,1,1
251,5,802,523,56,51,1,1,1
252,5,802,523,56,51,1,1,1
253,5,802,523,56,51,1,1,1
254,5,802,523,56,51,1,1,1
255,5,802,523,56,51,1,1,1
256,5,802,521,56,51,1,1,1
257,5,802,523,56,51,1,1,1
258,5,802,523,56,51,1,1,1
259,5,802,521,57,51,1,1,1
260,5,802,521,57,51,1,1,1
261,5,802,521,57,51,1,1,1
262,5,802,521,56,51,1,1,1
263,5,801,520,59,53,1,1,1
264,5,803,520,57,53,1,1,1
265,5,803,520,57,53,1,1,1
266,5,803,520,57,53,1,1,1
267,5,802,520,56,53,1,1,1
268,5,802,520,56,53,1,1,1
269,5,804,521,56,51,1,1,1
270,5,804,520,56,53,1,1,1
271,5,804,522,56,53,1,1,1
272,5,804,522,56,53,1,1,1
273,5,804,522,56,53,1,1,1
274,5,804,522,56,53,1,1,1
275,5,804,520,56,53,1,1,1
276,5,805,520,55,53,1,1,1
277,5,804,520,56,53,1,1,1
278,5,804,520,56,53,1,1,1
279,5,804,520,56,53,1,1,1
280,5,804,520,56,53,1,1,1
281,5,804,520,56,53,1,1,1
282,5,804,520,56,53,1,1,1
283,5,804,522,56,53,1,1,1
284,5,804,522,56,53,1,1,1
285,5,804,520,56,53,1,1,1
286,5,805,520,56,53,1,1,1
287,5,805,520,56,53,1,1,1
288,5,805,520,56,53,1,1,1
289,5,805,520,56,53,1,1,1
290,5,805,520,56,53,1,1,1
291,5,805,520,56,53,1,1,1
292,5,804,520,57,53,1,1,1
293,5,805,520,56,53,1,1,1
294,5,806,520,56,53,1,1,1
295,5,806,520,56,53,1,1,1
296,5,806,520,56,53,1,1,1
297,5,805,520,56,53,1,1,1
298,5,805,520,55,53,1,1,1
299,5,805,520,56,53,1,1,1
300,5,805,520,56,53,1,1,1
301,5,806,520,56,53,1,1,1
302,5,806,520,56,53,1,1,1
303,5,806,520,56,53,1,1,1
304,5,806,520,56,53,1,1,1
305,5,806,520,56,53,1,1,1
306,5,805,520,57,53,1,1,1
307,5,806,520,56,53,1,1,1
308,5,806,520,57,53,1,1,1
309,5,806,520,56,53,1,1,1
310,5,806,520,57,53,1,1,1
311,5,806,520,57,53,1,1,1
312,5,806,520,57,53,1,1,1
313,5,806,520,57,53,1,1,1
314,5,806,520,57,53,1,1,1
315,5,806,520,57,53,1,1,1
316,5,806,521,57,51,1,1,1
317,5,806,520,56,53,1,1,1
318,5,806,521,56,51,1,1,1
319,5,806,519,57,53,1,1,1
320,5,806,521,56,51,1,1,1
321,5,806,521,56,51,1,1,1
322,5,806,521,57,51,1,1,1
323,5,806,521,57,51,1,1,1
324,5,806,521,56,51,1,1,1
325,5,806,521,56,51,1,1,1
326,5,806,521,56,51,1,1,1
327,5,806,521,56,51,1,1,1
328,5,806,521,56,51,1,1,1
329,5,806,521,56,51,1,1,1
330,5,806,521,56,51,1,1,1
331,5,806,519,56,53,1,1,1
332,5,806,519,56,53,1,1,1
333,5,806,519,56,53,1,1,1
334,5,806,519,56,53,1,1,1
335,5,806,519,56,53,1,1,1
336,5,808,520,56,51,1,1,1
337,5,808,520,56,51,1,1,1
338,5,808,519,56,53,1,1,1
339,5,808,519,56,53,1,1,1
340,5,808,520,56,51,1,1,1
341,5,808,520,56,51,1,1,1
342,5,808,520,56,51,1,1,1
343,5,807,519,57,53,1,1,1
344,5,806,519,56,53,1,1,1
345,5,806,520,56,53,1,1,1
346,5,807,520,57,53,1,1,1
347,5,806,520,56,53,1,1,1
348,5,808,520,56,53,1,1,1
349,5,808,519,56,53,1,1,1
350,5,808,520,56,51,1,1,1
351,5,808,520,56,51,1,1,1
352,5,809,520,56,51,1,1,1
353,5,809,520,56,51,1,1,1
354,5,809,520,56,51,1,1,1
355,5,809,520,56,49,1,1,1
356,5,809,520,56,51,1,1,1
357,5,809,520,56,51,1,1,1
358,5,809,519,56,53,1,1,1
359,5,808,520,56,51,1,1,1
360,5,808,520,56,51,1,1,1
361,5,808,519,56,53,1,1,1
362,5,808,519,56,53,1,1,1
363,5,810,519,54,53,1,1,1
364,5,810,519,54,53,1,1,1
365,5,812,520,52,51,1,1,1
366,5,810,520,55,51,1,1,1
367,5,810,520,56,51,1,1,1
368,5,810,520,56,49,1,1,1
369,5,810,520,56,51,1,1,1
370,5,810,519,56,51,1,1,1
371,5,810,520,56,51,1,1,1
372,5,809,520,56,51,1,1,1
373,5,809,519,56,51,1,1,1
374,5,810,519,54,53,1,1,1
375,5,810,519,54,51,1,1,1
376,5,810,519,54,51,1,1,1
377,5,810,519,55,53,1,1,1
378,5,811,519,56,53,1,1,1
379,5,811,519,56,53,1,1,1
380,5,811,519,56,53,1,1,1
381,5,811,519,56,51,1,1,1
382,5,811,519,56,51,1,1,1
383,5,810,519,55,51,1,1,1
384,5,810,519,55,51,1,1,1
385,5,812,519,54,51,1,1,1
386,5,811,519,55,51,1,1,1
387,5,811,519,55,51,1,1,1
388,5,811,519,56,51,1,1,1
389,5,811,519,55,51,1,1,1
390,5,811,519,56,51,1,1,1
391,5,811,519,55,51,1,1,1
392,5,810,519,56,53,1,1,1
393,5,812,519,56,51,1,1,1
394,5,812,519,56,53,1,1,1
395,5,812,519,56,51,1,1,1
396,5,811,519,55,51,1,1,1
397,5,811,518,55,51,1,1,1
398,5,811,518,55,51,1,1,1
399,5,811,518,55,51,1,1,1
400,5,811,518,55,51,1,1,1
401,5,812,518,56,51,1,1,1
402,5,812,518,56,51,1,1,1
403,5,812,517,56,53,1,1,1
404,5,812,518,56,51,1,1,1
405,5,812,517,56,53,1,1,1
406,5,812,517,56,53,1,1,1
407,5,812,517,56,53,1,1,1
408,5,812,517,56,53,1,1,1
409,5,812,517,56,53,1,1,1
410,5,813,519,55,51,1,1,1
411,5,813,518,55,51,1,1,1
412,5,813,518,55,51,1,1,1
413,5,813,518,55,51,1,1,1
414,5,813,518,55,51,1,1,1
415,5,812,518,56,51,1,1,1
416,5,812,517,56,53,1,1,1
417,5,812,517,56,53,1,1,1
418,5,812,518,56,51,1,1,1
419,5,812,517,56,53,1,1,1
420,5,812,517,56,53,1,1,1
421,5,812,517,56,53,1,1,1
422,5,813,518,55,51,1,1,1
423,5,813,517,55,53,1,1,1
424,5,813,517,55,53,1,1,1
425,5,813,518,54,51,1,1,1
426,5,813,518,54,51,1,1,1
427,5,814,518,52,51,1,1,1
428,5,812,517,52,53,1,1,1
429,5,813,516,52,51,1,1,1
430,5,813,516,52,51,1,1,1
431,5,813,514,52,51,1,1,1
432,5,813,513,52,49,1,1,1
433,5,812,513,51,49,1,1,1
434,5,813,512,52,48,1,1,1
435,5,812,512,51,46,1,1,1
436,5,811,512,52,46,1,1,1
437,5,812,511,51,48,1,1,1
438,5,812,511,51,46,1,1,1
439,5,812,511,51,46,1,1,1
440,5,814,510,49,49,1,1,1
441,5,814,509,49,51,1,1,1
442,5,814,509,48,51,1,1,1
443,5,817,509,47,51,1,1,1
444,5,820,508,44,53,1,1,1
445,5,819,508,45,53,1,1,1
446,5,834,506,31,53,1,1,1
447,5,833,506,32,53,1,1,1
448,5,825,506,40,56,1,1,1
449,5,830,506,36,56,1,1,1
450,5,827,504,40,60,1,1,1
451,5,826,504,40,60,1,1,1
452,5,829,502,39,62,1,1,1
453,5,828,501,40,64,1,1,1
454,5,830,501,39,64,1,1,1
455,5,830,500,39,65,1,1,1
456,5,830,499,39,67,1,1,1
457,5,832,500,37,65,1,1,1
458,5,832,500,37,65,1,1,1
459,5,832,499,37,67,1,1,1
460,5,832,499,36,67,1,1,1
461,5,832,499,36,67,1,1,1
462,5,834,497,36,67,1,1,1
463,5,834,497,36,67,1,1,1
464,5,835,496,36,67,1,1,1
465,5,836,495,36,67,1,1,1
466,5,836,495,36,67,1,1,1
467,5,836,494,35,67,1,1,1
468,5,838,494,33,67,1,1,1
469,5,839,493,33,62,1,1,1
470,5,837,493,35,65,1,1,1
471,5,839,493,35,62,1,1,1
472,5,841,492,32,56,1,1,1
473,5,841,490,32,58,1,1,1
474,5,842,491,31,55,1,1,1
475,5,843,490,32,56,1,1,1
476,5,842,490,32,56,1,1,1
477,5,842,490,33,60,1,1,1
478,5,844,488,32,56,1,1,1
479,5,842,488,33,60,1,1,1
480,5,844,488,32,58,1,1,1
481,5,844,487,32,56,1,1,1
482,5,845,488,31,55,1,1,1
483,5,844,486,32,55,1,1,1
484,5,845,487,31,53,1,1,1
485,5,845,486,32,55,1,1,1
486,5,846,485,32,56,1,1,1
487,5,846,485,32,56,1,1,1
488,5,846,483,32,56,1,1,1
489,5,846,482,31,56,1,1,1
490,5,846,482,32,56,1,1,1
491,5,846,482,32,58,1,1,1
492,5,846,483,32,56,1,1,1
493,5,847,481,32,56,1,1,1
494,5,846,481,32,60,1,1,1
495,5,846,480,32,58,1,1,1
496,5,848,480,32,56,1,1,1
497,5,846,480,32,58,1,1,1
498,5,846,480,32,58,1,1,1
499,5,846,479,32,62,1,1,1
500,5,848,479,32,62,1,1,1
501,5,848,478,32,56,1,1,1
502,5,847,479,33,62,1,1,1
503,5,847,478,33,64,1,1,1
504,5,849,478,32,56,1,1,1
505,5,849,477,32,58,1,1,1
506,5,849,477,32,55,1,1,1
507,5,849,476,32,56,1,1,1
508,5,850,475,32,58,1,1,1
509,5,849,475,32,55,1,1,1
510,5,850,475,32,55,1,1,1
511,5,848,474,33,60,1,1,1
512,5,851,473,32,55,1,1,1
513,5,851,473,32,55,1,1,1
514,5,850,472,33,60,1,1,1
515,5,850,472,33,60,1,1,1
516,5,845,472,37,69,1,1,1
517,5,850,472,32,58,1,1,1
518,5,852,471,32,56,1,1,1
519,5,852,471,32,56,1,1,1
520,5,852,469,33,56,1,1,1
521,5,853,469,32,56,1,1,1
522,5,845,470,40,69,1,1,1
523,5,845,469,40,71,1,1,1
524,5,846,470,40,69,1,1,1
525,5,847,469,39,67,1,1,1
526,5,846,468,40,71,1,1,1
527,5,844,468,42,72,1,1,1
528,5,853,468,33,58,1,1,1
529,5,852,468,35,62,1,1,1
530,5,853,468,33,58,1,1,1
531,5,852,467,35,56,1,1,1
532,5,856,466,32,55,1,1,1
533,5,856,466,32,51,1,1,1
534,5,856,466,32,51,1,1,1
535,5,857,465,31,51,1,1,1
536,5,856,465,32,51,1,1,1
537,5,855,464,33,56,1,1,1
538,5,856,464,32,55,1,1,1
539,5,856,465,32,53,1,1,1
540,5,856,464,32,53,1,1,1
541,5,852,464,36,62,1,1,1
542,5,855,462,35,60,1,1,1
543,5,855,463,35,58,1,1,1
544,5,857,463,32,53,1,1,1
545,5,858,463,32,51,1,1,1
546,5,854,462,36,60,1,1,1
547,5,851,461,39,65,1,1,1
548,5,851,462,40,67,1,1,1
549,5,851,460,40,67,1,1,1
550,5,851,460,40,67,1,1,1
551,5,850,459,40,69,1,1,1
552,5,850,459,42,69,1,1,1
553,5,850,458,40,67,1,1,1
554,5,852,458,40,67,1,1,1
555,5,852,458,40,67,1,1,1
556,5,852,458,40,67,1,1,1
557,5,852,458,40,67,1,1,1
558,5,852,458,40,67,1,1,1
559,5,853,457,40,67,1,1,1
560,5,853,457,40,67,1,1,1
561,5,853,456,40,67,1,1,1
562,5,853,456,40,67,1,1,1
563,5,853,456,40,67,1,1,1
564,5,853,457,40,65,1,1,1
565,5,853,457,42,65,1,1,1
566,5,853,457,40,65,1,1,1
567,5,854,456,40,65,1,1,1
568,5,854,456,40,65,1,1,1
569,5,854,456,40,65,1,1,1
570,5,854,455,40,67,1,1,1
571,5,854,454,40,65,1,1,1
572,5,854,453,40,67,1,1,1
573,5,855,453,40,64,1,1,1
574,5,854,454,40,65,1,1,1
575,5,854,454,40,65,1,1,1
576,5,854,453,40,67,1,1,1
577,5,854,453,42,67,1,1,1
578,5,856,453,40,64,1,1,1
579,5,861,452,35,55,1,1,1
580,5,862,453,36,53,1,1,1
581,5,863,451,35,53,1,1,1
582,5,863,451,35,53,1,1,1
583,5,863,450,35,55,1,1,1
584,5,862,451,36,53,1,1,1
585,5,864,451,33,53,1,1,1
586,5,864,451,33,53,1,1,1
587,5,865,449,33,53,1,1,1
588,5,863,449,35,56,1,1,1
589,5,865,450,33,55,1,1,1
590,5,865,450,33,51,1,1,1
591,5,865,449,33,53,1,1,1
592,5,856,448,42,65,1,1,1
593,5,855,449,42,67,1,1,1
594,5,866,448,32,51,1,1,1
595,5,866,448,32,53,1,1,1
596,5,865,448,33,53,1,1,1
597,5,865,448,33,53,1,1,1
598,5,866,448,32,51,1,1,1
599,5,866,446,32,53,1,1,1
600,5,866,447,33,53,1,1,1
601,5,858,446,42,64,1,1,1
602,5,866,447,32,53,1,1,1
603,5,866,446,32,53,1,1,1
604,5,858,447,40,62,1,1,1
605,5,858,445,40,62,1,1,1
606,5,860,445,40,62,1,1,1
607,5,858,445,42,62,1,1,1
608,5,860,445,40,62,1,1,1
609,5,860,445,40,62,1,1,1
610,5,866,444,36,56,1,1,1
611,5,862,444,40,60,1,1,1
612,5,859,444,42,64,1,1,1
613,5,861,443,40,62,1,1,1
614,5,859,443,42,62,1,1,1
615,5,859,443,42,62,1,1,1
616,5,859,442,42,64,1,1,1
617,5,859,442,43,64,1,1,1
618,5,858,441,44,65,1,1,1
619,5,862,441,40,62,1,1,1
620,5,861,440,42,64,1,1,1
621,5,861,440,42,64,1,1,1
622,5,861,440,42,65,1,1,1
623,5,861,440,42,64,1,1,1
624,5,862,440,40,64,1,1,1
625,5,862,440,40,62,1,1,1
626,5,862,440,40,62,1,1,1
627,5,862,439,42,64,1,1,1
628,5,862,439,42,64,1,1,1
629,5,862,439,42,62,1,1,1
630,5,862,439,42,62,1,1,1
631,5,862,439,42,62,1,1,1
632,5,862,439,42,62,1,1,1
633,5,861,439,43,62,1,1,1
634,5,861,439,43,62,1,1,1
635,5,862,438,42,62,1,1,1
636,5,862,438,42,62,1,1,1
637,5,862,437,42,64,1,1,1
638,5,862,437,42,64,1,1,1
639,5,862,437,42,64,1,1,1
640,5,864,437,40,64,1,1,1
641,5,864,437,40,64,1,1,1
642,5,864,437,40,64,1,1,1
643,5,863,436,42,65,1,1,1
644,5,863,435,42,64,1,1,1
645,5,863,435,42,64,1,1,1
646,5,865,435,40,64,1,1,1
647,5,865,434,40,65,1,1,1
648,5,863,434,42,65,1,1,1
649,5,865,434,40,65,1,1,1
650,5,863,434,42,65,1,1,1
651,5,865,434,40,65,1,1,1
652,5,865,433,40,64,1,1,1
653,5,865,433,40,64,1,1,1
654,5,865,433,40,64,1,1,1
655,5,865,433,40,64,1,1,1
656,5,864,433,42,64,1,1,1
657,5,864,432,42,65,1,1,1
658,5,867,432,40,65,1,1,1
659,5,866,432,40,65,1,1,1
660,5,866,432,40,65,1,1,1
661,5,867,432,40,65,1,1,1
662,5,866,431,40,65,1,1,1
663,5,866,430,40,67,1,1,1
664,5,866,430,40,67,1,1,1
665,5,868,431,40,65,1,1,1
666,5,868,431,40,65,1,1,1
667,5,868,431,40,65,1,1,1
668,5,868,430,40,67,1,1,1
669,5,868,430,40,67,1,1,1
670,5,868,430,40,67,1,1,1
671,5,870,429,39,65,1,1,1
672,5,870,429,39,65,1,1,1
673,5,870,428,37,67,1,1,1
674,5,870,429,37,65,1,1,1
675,5,870,429,37,65,1,1,1
676,5,872,429,37,65,1,1,1
677,5,870,429,39,65,1,1,1
678,5,872,428,36,67,1,1,1
679,5,872,428,37,67,1,1,1
680,5,872,428,37,67,1,1,1
681,5,872,426,37,67,1,1,1
682,5,872,426,37,67,1,1,1
683,5,872,426,36,67,1,1,1
684,5,872,426,36,67,1,1,1
685,5,872,426,36,67,1,1,1
686,5,872,426,36,67,1,1,1
687,5,872,426,36,67,1,1,1
688,5,873,426,37,67,1,1,1
689,5,873,425,37,69,1,1,1
690,5,873,426,37,67,1,1,1
691,5,873,426,37,67,1,1,1
692,5,874,425,36,65,1,1,1
693,5,874,425,36,65,1,1,1
694,5,874,424,36,67,1,1,1
695,5,874,424,36,67,1,1,1
696,5,874,424,36,67,1,1,1
697,5,874,424,37,67,1,1,1
698,5,874,424,37,67,1,1,1
699,5,875,424,36,67,1,1,1
700,5,874,424,37,67,1,1,1
701,5,874,424,37,67,1,1,1
702,5,875,424,36,67,1,1,1
703,5,874,424,37,69,1,1,1
704,5,876,424,36,65,1,1,1
705,5,876,424,36,65,1,1,1
706,5,876,424,36,65,1,1,1
707,5,876,422,36,65,1,1,1
708,5,876,423,36,67,1,1,1
709,5,876,422,36,65,1,1,1
710,5,877,422,36,65,1,1,1
711,5,876,421,36,67,1,1,1
712,5,876,421,36,67,1,1,1
713,5,876,422,36,65,1,1,1
714,5,876,421,36,67,1,1,1
715,5,878,422,36,65,1,1,1
716,5,878,422,36,65,1,1,1
717,5,878,422,36,65,1,1,1
718,5,878,421,36,67,1,1,1
719,5,878,421,36,67,1,1,1
720,5,878,421,36,67,1,1,1
721,5,878,420,36,69,1,1,1
722,5,878,419,36,67,1,1,1
723,5,878,420,36,69,1,1,1
724,5,878,420,36,69,1,1,1
725,5,878,419,36,67,1,1,1
726,5,878,419,36,67,1,1,1
727,5,878,419,36,67,1,1,1
728,5,878,419,36,67,1,1,1
729,5,878,419,36,67,1,1,1
730,5,878,419,36,67,1,1,1
731,5,878,419,36,67,1,1,1
732,5,878,419,36,67,1,1,1
733,5,878,418,36,65,1,1,1
734,5,878,418,36,65,1,1,1
735,5,878,418,36,65,1,1,1
736,5,878,417,36,65,1,1,1
737,5,879,418,36,65,1,1,1
738,5,879,418,36,65,1,1,1
739,5,879,416,36,67,1,1,1
740,5,879,416,36,67,1,1,1
741,5,879,416,36,67,1,1,1
742,5,879,416,36,67,1,1,1
743,5,879,416,36,65,1,1,1
744,5,879,416,36,65,1,1,1
745,5,879,416,36,65,1,1,1
746,5,879,416,36,65,1,1,1
747,5,879,416,36,65,1,1,1
748,5,879,416,36,62,1,1,1
749,5,881,416,36,60,1,1,1
750,5,880,416,36,64,1,1,1
751,5,878,415,37,65,1,1,1
752,5,878,415,37,65,1,1,1
753,5,878,415,37,65,1,1,1
754,5,878,414,37,64,1,1,1
755,5,880,415,36,62,1,1,1
756,5,880,415,36,62,1,1,1
757,5,881,414,36,60,1,1,1
758,5,880,415,36,62,1,1,1
759,5,881,414,36,60,1,1,1
760,5,880,414,37,62,1,1,1
761,5,880,414,37,62,1,1,1
762,5,880,414,37,62,1,1,1
763,5,880,414,37,62,1,1,1
764,5,880,414,36,60,1,1,1
765,5,880,413,37,62,1,1,1
766,5,880,413,37,62,1,1,1
767,5,880,413,37,62,1,1,1
768,5,878,412,39,64,1,1,1
769,5,878,412,39,64,1,1,1
770,5,878,411,39,65,1,1,1
771,5,879,411,40,65,1,1,1
772,5,878,412,39,64,1,1,1
773,5,878,412,39,64,1,1,1
774,5,877,411,40,65,1,1,1
775,5,879,411,40,65,1,1,1
776,5,878,410,39,64,1,1,1
777,5,878,410,39,65,1,1,1
778,5,877,409,40,67,1,1,1
779,5,878,409,40,67,1,1,1
780,5,879,409,40,65,1,1,1
781,5,879,409,40,65,1,1,1
782,5,879,409,40,65,1,1,1
783,5,878,409,40,65,1,1,1
784,5,878,409,40,65,1,1,1
785,5,878,409,42,65,1,1,1
786,5,878,409,42,65,1,1,1
787,5,878,409,42,67,1,1,1
788,5,876,408,43,67,1,1,1
789,5,876,408,43,67,1,1,1
790,5,876,408,43,67,1,1,1
791,5,876,408,43,67,1,1,1
792,5,876,408,43,67,1,1,1
793,5,876,409,43,65,1,1,1
794,5,878,408,42,65,1,1,1
795,5,878,409,42,65,1,1,1
796,5,876,409,43,65,1,1,1
797,5,876,407,43,67,1,1,1
798,5,876,408,43,65,1,1,1
799,5,876,408,43,65,1,1,1
800,5,876,408,43,65,1,1,1
801,5,876,407,43,65,1,1,1
802,5,878,407,42,64,1,1,1
803,5,878,407,42,64,1,1,1
804,5,878,407,42,64,1,1,1
805,5,878,407,40,64,1,1,1
806,5,878,407,42,64,1,1,1
807,5,877,407,43,64,1,1,1
808,5,878,407,42,64,1,1,1
809,5,877,406,43,65,1,1,1
810,5,878,405,42,64,1,1,1
811,5,878,406,42,62,1,1,1
812,5,879,405,43,64,1,1,1
813,5,879,405,43,64,1,1,1
814,5,878,406,42,62,1,1,1
815,5,879,406,43,62,1,1,1
816,5,879,406,43,62,1,1,1
817,5,878,406,44,62,1,1,1
818,5,878,406,44,62,1,1,1
819,5,878,406,44,62,1,1,1
820,5,878,405,44,64,1,1,1
821,5,879,405,43,64,1,1,1
822,5,879,405,43,64,1,1,1
823,5,879,404,43,65,1,1,1
824,5,879,404,43,62,1,1,1
825,5,879,403,43,64,1,1,1
826,5,878,403,44,64,1,1,1
827,5,878,403,44,64,1,1,1
828,5,878,403,44,64,1,1,1
829,5,878,403,44,64,1,1,1
830,5,878,404,44,62,1,1,1
831,5,878,402,44,65,1,1,1
832,5,878,403,44,64,1,1,1
833,5,878,402,44,62,1,1,1
834,5,878,402,44,62,1,1,1
835,5,878,403,44,64,1,1,1
836,5,880,403,44,64,1,1,1
837,5,880,402,43,62,1,1,1
838,5,880,402,44,62,1,1,1
839,5,880,402,44,62,1,1,1
840,5,879,401,44,64,1,1,1
841,5,879,403,44,64,1,1,1
842,5,879,401,44,65,1,1,1
843,5,880,401,44,65,1,1,1
844,5,880,401,44,64,1,1,1
845,5,880,401,44,64,1,1,1
846,5,880,401,43,65,1,1,1
847,5,880,400,43,65,1,1,1
848,5,880,400,43,65,1,1,1
849,5,880,400,43,65,1,1,1
850,5,881,400,44,65,1,1,1
851,5,880,401,43,64,1,1,1
852,5,882,399,42,65,1,1,1
853,5,881,399,44,65,1,1,1
854,5,882,399,42,65,1,1,1
855,5,881,399,44,65,1,1,1
856,5,881,399,44,65,1,1,1
857,5,882,400,42,64,1,1,1
858,5,881,400,43,64,1,1,1
859,5,881,400,43,64,1,1,1
860,5,881,399,43,65,1,1,1
861,5,882,398,42,64,1,1,1
862,5,882,398,42,64,1,1,1
863,5,882,398,42,64,1,1,1
864,5,882,398,42,64,1,1,1
865,5,882,398,42,64,1,1,1
866,5,884,399,40,62,1,1,1
867,5,884,399,40,62,1,1,1
868,5,884,399,40,62,1,1,1
869,5,884,398,40,64,1,1,1
870,5,883,398,42,64,1,1,1
871,5,883,398,42,64,1,1,1
872,5,883,398,42,64,1,1,1
873,5,883,398,42,64,1,1,1
874,5,883,398,42,64,1,1,1
875,5,883,398,42,64,1,1,1
876,5,883,398,42,62,1,1,1
877,5,883,398,42,62,1,1,1
878,5,883,398,42,62,1,1,1
879,5,883,396,42,64,1,1,1
880,5,883,396,42,64,1,1,1
881,5,885,396,40,64,1,1,1
882,5,883,396,42,64,1,1,1
883,5,885,397,40,62,1,1,1
884,5,885,397,40,62,1,1,1
885,5,885,397,40,62,1,1,1
886,5,885,397,40,62,1,1,1
887,5,883,396,42,64,1,1,1
888,5,884,396,42,64,1,1,1
889,5,884,396,42,64,1,1,1
890,5,884,396,42,64,1,1,1
891,5,884,396,42,64,1,1,1
892,5,884,396,43,64,1,1,1
893,5,884,395,43,65,1,1,1
894,5,884,396,43,64,1,1,1
895,5,884,396,43,64,1,1,1
896,5,884,396,43,64,1,1,1
897,5,884,396,43,64,1,1,1
898,5,884,396,43,64,1,1,1
899,5,885,395,42,62,1,1,1
900,5,885,394,42,64,1,1,1
901,5,885,395,43,62,1,1,1
902,5,885,394,43,64,1,1,1
903,5,886,394,42,64,1,1,1
904,5,886,394,42,64,1,1,1
905,5,886,394,42,64,1,1,1
906,5,886,394,40,64,1,1,1
907,5,886,394,42,64,1,1,1
908,5,886,394,42,64,1,1,1
909,5,888,395,40,62,1,1,1
910,5,888,393,40,62,1,1,1
911,5,888,393,40,62,1,1,1
912,5,888,393,40,62,1,1,1
913,5,886,393,42,62,1,1,1
914,5,886,394,42,64,1,1,1
915,5,886,393,42,62,1,1,1
916,5,888,393,40,62,1,1,1
917,5,888,393,40,62,1,1,1
918,5,888,392,40,64,1,1,1
919,5,888,393,40,62,1,1,1
920,5,888,392,40,64,1,1,1
921,5,892,393,36,62,1,1,1
922,5,892,391,36,64,1,1,1
923,5,892,392,36,62,1,1,1
924,5,892,391,36,62,1,1,1
925,5,893,390,33,60,1,1,1
926,5,892,389,35,60,1,1,1
927,5,890,388,36,62,1,1,1
928,5,890,389,36,60,1,1,1
929,5,890,387,36,60,1,1,1
930,5,890,388,36,58,1,1,1
931,5,890,387,36,56,1,1,1
932,5,888,385,36,58,1,1,1
933,5,888,385,36,58,1,1,1
934,5,888,385,37,58,1,1,1
935,5,888,384,36,58,1,1,1
936,5,890,384,36,58,1,1,1
937,5,891,384,35,58,1,1,1
938,5,892,384,33,58,1,1,1
939,5,893,382,32,60,1,1,1
940,5,894,383,31,58,1,1,1
941,5,894,382,31,60,1,1,1
942,5,894,381,31,62,1,1,1
943,5,894,381,31,62,1,1,1
944,5,899,380,26,64,1,1,1
945,5,899,380,27,64,1,1,1
946,5,899,380,26,64,1,1,1
947,5,899,378,26,65,1,1,1
948,5,901,377,24,67,1,1,1
949,5,902,376,24,67,1,1,1
950,5,902,376,24,67,1,1,1
951,5,902,376,23,69,1,1,1
952,5,904,376,20,69,1,1,1
953,5,904,375,20,69,1,1,1
954,5,907,374,19,69,1,1,1
955,5,907,374,19,69,1,1,1
956,5,907,373,18,71,1,1,1
957,5,908,373,18,71,1,1,1
958,5,909,373,16,71,1,1,1
959,5,910,372,16,71,1,1,1
960,5,910,372,16,71,1,1,1
961,5,911,371,16,71,1,1,1
962,5,911,371,16,71,1,1,1
963,5,910,369,16,74,1,1,1
964,5,910,368,16,74,1,1,1
965,5,910,368,16,74,1,1,1
966,5,912,368,16,74,1,1,1
967,5,912,368,16,72,1,1,1
968,5,912,368,16,71,1,1,1
969,5,913,368,15,71,1,1,1
970,5,913,367,15,72,1,1,1
971,5,913,367,15,72,1,1,1
972,5,913,365,15,72,1,1,1
973,5,912,365,16,72,1,1,1
974,5,913,365,15,72,1,1,1
975,5,912,365,16,72,1,1,1
976,5,912,365,16,71,1,1,1
977,5,912,364,16,71,1,1,1
978,5,912,363,16,72,1,1,1
979,5,912,362,16,71,1,1,1
980,5,912,362,16,71,1,1,1
981,5,912,361,16,72,1,1,1
982,5,912,362,16,71,1,1,1
983,5,913,361,15,72,1,1,1
984,5,913,360,15,71,1,1,1
985,5,913,360,15,71,1,1,1
986,5,913,358,15,72,1,1,1
987,5,913,358,15,72,1,1,1
988,5,913,358,15,72,1,1,1
989,5,913,357,15,74,1,1,1
990,5,913,358,15,72,1,1,1
991,5,913,358,15,72,1,1,1
992,5,913,357,15,74,1,1,1
993,5,913,356,15,72,1,1,1
994,5,913,356,15,72,1,1,1
995,5,913,356,15,72,1,1,1
996,5,913,354,15,74,1,1,1
997,5,913,354,15,74,1,1,1
998,5,913,353,15,74,1,1,1
999,5,913,353,15,74,1,1,1
1000,5,913,353,15,74,1,1,1
1001,5,913,353,15,74,1,1,1
1002,5,913,352,15,74,1,1,1
1003,5,913,352,15,74,1,1,1
1004,5,915,352,13,72,1,1,1
1005,5,913,352,15,72,1,1,1
1006,5,913,351,15,72,1,1,1
1007,5,913,351,15,71,1,1,1
1008,5,913,350,15,71,1,1,1
1009,5,913,350,15,71,1,1,1
1010,5,913,350,15,71,1,1,1
1011,5,913,350,15,71,1,1,1
1012,5,913,349,15,71,1,1,1
1013,5,913,348,15,71,1,1,1
1014,5,915,349,13,69,1,1,1
1015,5,915,348,13,71,1,1,1
1016,5,915,348,13,71,1,1,1
1017,5,915,348,13,71,1,1,1
1018,5,915,347,13,69,1,1,1
1019,5,916,346,12,67,1,1,1
1020,5,916,345,12,69,1,1,1
1021,5,916,345,12,69,1,1,1
1022,5,916,345,12,69,1,1,1
1023,5,916,344,12,69,1,1,1
1024,5,916,344,12,69,1,1,1
1025,5,916,344,12,67,1,1,1
1026,5,916,344,12,69,1,1,1
1027,5,916,344,12,67,1,1,1
1028,5,916,344,12,67,1,1,1
1029,5,916,342,12,69,1,1,1
1030,5,916,342,12,69,1,1,1
1031,5,916,342,12,69,1,1,1
1032,5,916,342,12,69,1,1,1
1033,5,916,342,12,69,1,1,1
1034,5,915,341,13,71,1,1,1
1035,5,915,342,13,69,1,1,1
1036,5,915,341,13,71,1,1,1
1037,5,915,341,13,71,1,1,1
1038,5,915,341,13,71,1,1,1
1039,5,916,341,12,69,1,1,1
1040,5,915,341,13,69,1,1,1
1041,5,915,339,13,71,1,1,1
1042,5,915,341,13,71,1,1,1
1043,5,915,339,13,71,1,1,1
1044,5,915,340,13,69,1,1,1
1045,5,916,340,12,69,1,1,1
1046,5,916,340,13,69,1,1,1
1047,5,914,338,15,69,1,1,1
1048,5,914,338,15,69,1,1,1
1049,5,914,338,15,69,1,1,1
1050,5,914,338,15,69,1,1,1
1051,5,914,338,15,69,1,1,1
1052,5,914,338,15,69,1,1,1
1053,5,914,338,15,69,1,1,1
1054,5,914,338,15,69,1,1,1
1055,5,914,338,16,69,1,1,1
1056,5,914,337,16,71,1,1,1
1057,5,914,338,16,69,1,1,1
1058,5,914,337,16,71,1,1,1
1059,5,914,336,16,71,1,1,1
1060,5,914,336,16,71,1,1,1
1061,5,914,336,16,71,1,1,1
1062,5,914,335,16,71,1,1,1
1063,5,914,334,16,71,1,1,1
1064,5,914,334,16,71,1,1,1
1065,5,914,334,16,71,1,1,1
1066,5,913,334,18,71,1,1,1
1067,5,914,334,16,67,1,1,1
1068,5,914,334,16,69,1,1,1
1069,5,914,335,16,69,1,1,1
1070,5,912,334,19,69,1,1,1
1071,5,912,334,19,69,1,1,1
1072,5,913,334,18,67,1,1,1
1073,5,913,333,18,62,1,1,1
1074,5,913,333,18,65,1,1,1
1075,5,911,332,19,67,1,1,1
1076,5,913,332,18,67,1,1,1
1077,5,913,332,18,67,1,1,1
1078,5,911,332,19,67,1,1,1
1079,5,911,332,19,67,1,1,1
1080,5,911,331,19,69,1,1,1
1081,5,911,332,19,67,1,1,1
1082,5,911,331,19,69,1,1,1
1083,5,911,331,19,69,1,1,1
1084,5,911,331,20,69,1,1,1
1085,5,911,331,20,69,1,1,1
1086,5,910,331,20,69,1,1,1
1087,5,911,331,20,69,1,1,1
1088,5,910,331,20,69,1,1,1
1089,5,910,331,20,69,1,1,1
1090,5,910,331,20,69,1,1,1
1091,5,911,331,20,69,1,1,1
1092,5,911,331,20,69,1,1,1
1093,5,911,329,20,69,1,1,1
1094,5,911,329,20,69,1,1,1
1095,5,911,329,20,69,1,1,1
1096,5,911,329,20,69,1,1,1
1097,5,911,329,20,69,1,1,1
1098,5,911,329,20,69,1,1,1
1099,5,911,329,20,69,1,1,1
1100,5,909,329,22,69,1,1,1
1101,5,909,330,23,67,1,1,1
1102,5,909,330,22,67,1,1,1
1103,5,909,330,22,67,1,1,1
1104,5,909,330,22,67,1,1,1
1105,5,908,328,24,69,1,1,1
1106,5,909,328,23,67,1,1,1
1107,5,909,328,23,67,1,1,1
1108,5,909,328,23,67,1,1,1
1109,5,909,328,23,67,1,1,1
1110,5,909,328,23,67,1,1,1
1111,5,909,329,23,65,1,1,1
1112,5,908,328,24,67,1,1,1
1113,5,908,328,24,67,1,1,1
1114,5,908,329,24,65,1,1,1
1115,5,908,328,24,65,1,1,1
1116,5,908,327,24,67,1,1,1
1117,5,908,328,24,60,1,1,1
1118,5,908,328,24,65,1,1,1
1119,5,906,328,26,62,1,1,1
1120,5,906,328,26,67,1,1,1
1121,5,906,328,26,69,1,1,1
1122,5,906,328,26,58,1,1,1
1123,5,906,328,26,65,1,1,1
1124,5,906,327,26,67,1,1,1
1125,5,905,326,27,58,1,1,1
1126,5,906,326,26,58,1,1,1
1127,5,906,326,26,55,1,1,1
1128,5,906,326,26,55,1,1,1
1129,5,905,326,27,55,1,1,1
1130,5,906,327,26,56,1,1,1
1131,5,906,325,26,56,1,1,1
1132,5,906,327,26,56,1,1,1
1133,5,904,325,27,56,1,1,1
1134,5,906,326,26,58,1,1,1
1135,5,904,326,27,55,1,1,1
1136,5,905,326,28,53,1,1,1
1137,5,905,326,28,53,1,1,1
1138,5,905,326,28,53,1,1,1
1139,5,905,326,28,55,1,1,1
1140,5,905,324,28,55,1,1,1
1141,5,904,326,28,55,1,1,1
1142,5,904,325,28,53,1,1,1
1143,5,904,324,28,55,1,1,1
1144,5,902,325,30,56,1,1,1
1145,5,903,325,28,53,1,1,1
1146,5,902,325,30,56,1,1,1
1147,5,903,325,28,56,1,1,1
1148,5,903,325,28,56,1,1,1
1149,5,902,325,28,53,1,1,1
1150,5,902,325,28,60,1,1,1
1151,5,902,325,28,49,1,1,1
1152,5,900,325,30,53,1,1,1
1153,5,900,325,30,49,1,1,1
1154,5,899,326,31,53,1,1,1
1155,5,899,326,31,53,1,1,1
1156,5,899,327,31,53,1,1,1
1157,5,899,327,32,49,1,1,1
1158,5,899,327,32,46,1,1,1
1159,5,898,327,32,44,1,1,1
1160,5,897,327,33,44,1,1,1
1161,5,897,326,33,44,1,1,1
1162,5,895,327,35,44,1,1,1
1163,5,895,326,35,44,1,1,1
1164,5,896,326,36,44,1,1,1
1165,5,895,326,36,44,1,1,1
1166,5,895,326,36,44,1,1,1
1167,5,895,327,36,42,1,1,1
1168,5,895,327,36,42,1,1,1
1169,5,894,325,37,42,1,1,1
1170,5,893,327,39,42,1,1,1
1171,5,893,325,40,42,1,1,1
1172,5,893,325,40,42,1,1,1
1173,5,893,325,42,42,1,1,1
1174,5,893,325,40,42,1,1,1
1175,5,891,325,43,42,1,1,1
1176,5,891,324,43,44,1,1,1
1177,5,891,324,44,44,1,1,1
1178,5,891,325,44,42,1,1,1
1179,5,891,324,44,44,1,1,1
1180,5,890,325,45,42,1,1,1
1181,5,890,324,45,44,1,1,1
1182,5,890,324,45,44,1,1,1
1183,5,888,324,48,48,1,1,1
1184,5,889,323,48,49,1,1,1
1185,5,888,323,49,49,1,1,1
1186,5,888,323,49,49,1,1,1
1187,5,888,322,49,49,1,1,1
1188,5,887,322,51,51,1,1,1
1189,5,886,322,52,51,1,1,1
1190,5,886,323,52,53,1,1,1
1191,5,886,323,52,49,1,1,1
1192,5,884,323,54,49,1,1,1
1193,5,884,323,54,49,1,1,1
1194,5,883,323,55,49,1,1,1
1195,5,882,325,55,46,1,1,1
1196,5,882,325,56,46,1,1,1
1197,5,881,325,56,46,1,1,1
1198,5,880,326,56,44,1,1,1
1199,5,880,326,48,37,1,1,1
1200,5,880,326,44,33,1,1,1
1201,5,879,327,45,33,1,1,1
1202,5,879,326,44,33,1,1,1
1203,5,878,326,44,30,1,1,1
1204,5,878,327,44,28,1,1,1
1205,5,877,327,45,28,1,1,1
1206,5,875,327,47,26,1,1,1
1207,5,876,326,48,26,1,1,1
1208,5,874,327,48,24,1,1,1
1209,5,874,328,49,24,1,1,1
1210,5,872,328,49,23,1,1,1
1211,5,872,328,51,21,1,1,1
1212,5,870,327,52,21,1,1,1
1213,5,871,328,52,19,1,1,1
1214,5,870,328,52,17,1,1,1
1215,5,869,327,54,17,1,1,1
1216,5,869,328,55,17,1,1,1
1217,5,868,328,56,17,1,1,1
1218,5,867,327,57,17,1,1,1
1219,5,867,328,59,19,1,1,1
1220,5,866,328,60,21,1,1,1
1221,5,864,327,62,24,1,1,1
1222,5,863,328,63,21,1,1,1
1223,5,863,327,63,24,1,1,1
1224,5,862,328,64,23,1,1,1
1225,5,862,328,64,21,1,1,1
1226,5,862,328,64,17,1,1,1
1227,5,861,326,65,19,1,1,1
1228,5,860,327,68,19,1,1,1
1229,5,859,326,70,19,1,1,1
1230,5,859,327,70,17,1,1,1
1231,5,858,326,68,16,1,1,1
1232,5,859,327,67,14,1,1,1
1233,5,856,328,72,16,1,1,1
1234,5,856,328,72,14,1,1,1
1235,5,855,327,71,14,1,1,1
1236,5,854,328,72,14,1,1,1
1237,5,855,327,72,14,1,1,1
1238,5,853,328,72,14,1,1,1
1239,5,852,327,72,14,1,1,1
1240,5,852,327,72,14,1,1,1
1241,5,851,326,71,16,1,1,1
1242,5,851,327,68,14,1,1,1
1243,5,850,327,70,14,1,1,1
1244,5,849,327,70,14,1,1,1
1245,5,849,327,71,14,1,1,1
1246,5,849,327,71,14,1,1,1
1247,5,847,327,71,14,1,1,1
1248,5,848,327,68,14,1,1,1
1249,5,848,327,68,14,1,1,1
1250,5,848,327,64,14,1,1,1
1251,5,847,328,59,12,1,1,1
1252,5,844,328,59,12,1,1,1
1253,5,845,328,63,12,1,1,1
1254,5,844,328,65,12,1,1,1
1255,5,843,328,63,12,1,1,1
1256,5,843,328,71,14,1,1,1
1257,5,842,328,70,14,1,1,1
1258,5,841,328,72,16,1,1,1
1259,5,841,328,72,16,1,1,1
1260,5,840,328,72,14,1,1,1
1261,5,839,328,74,17,1,1,1
1262,5,838,329,74,16,1,1,1
1263,5,838,329,74,16,1,1,1
1264,5,838,328,74,14,1,1,1
1265,5,837,328,76,14,1,1,1
1266,5,836,328,75,14,1,1,1
1267,5,837,328,74,14,1,1,1
1268,5,837,328,72,14,1,1,1
1269,5,836,328,70,14,1,1,1
1270,5,834,329,68,12,1,1,1
1271,5,835,328,67,14,1,1,1
1272,5,833,328,70,14,1,1,1
1273,5,833,328,70,14,1,1,1
1274,5,832,328,70,14,1,1,1
1275,5,832,329,68,12,1,1,1
1276,5,832,328,68,14,1,1,1
1277,5,831,328,70,14,1,1,1
1278,5,831,328,70,14,1,1,1
1279,5,832,328,68,14,1,1,1
1280,5,830,328,70,14,1,1,1
1281,5,829,328,70,14,1,1,1
1282,5,830,328,68,14,1,1,1
1283,5,830,328,68,14,1,1,1
1284,5,828,328,68,14,1,1,1
1285,5,828,328,68,14,1,1,1
1286,5,828,328,70,14,1,1,1
1287,5,828,328,68,14,1,1,1
1288,5,828,328,68,14,1,1,1
1289,5,827,327,70,17,1,1,1
1290,5,826,329,71,16,1,1,1
1291,5,827,329,70,16,1,1,1
1292,5,825,327,71,17,1,1,1
1293,5,825,329,70,16,1,1,1
1294,5,825,328,71,17,1,1,1
1295,5,825,328,71,17,1,1,1
1296,5,825,328,71,17,1,1,1
1297,5,825,328,71,17,1,1,1
1298,5,825,328,71,17,1,1,1
1299,5,824,328,72,17,1,1,1
1300,5,824,328,72,17,1,1,1
1301,5,822,328,72,17,1,1,1
1302,5,822,328,72,17,1,1,1
1303,5,822,328,72,17,1,1,1
1304,5,821,328,72,17,1,1,1
1305,5,821,328,72,17,1,1,1
1306,5,821,328,72,17,1,1,1
1307,5,820,328,72,19,1,1,1
1308,5,821,328,71,19,1,1,1
1309,5,821,328,71,17,1,1,1
1310,5,820,328,72,17,1,1,1
1311,5,819,328,71,19,1,1,1
1312,5,818,328,71,19,1,1,1
1313,5,818,328,71,19,1,1,1
1314,5,819,328,70,19,1,1,1
1315,5,818,328,71,19,1,1,1
1316,5,817,328,71,19,1,1,1
1317,5,817,328,71,19,1,1,1
1318,5,816,327,72,21,1,1,1
1319,5,816,327,72,21,1,1,1
1320,5,817,329,71,19,1,1,1
1321,5,817,327,71,21,1,1,1
1322,5,816,327,70,21,1,1,1
1323,5,815,327,71,21,1,1,1
1324,5,815,327,71,21,1,1,1
1325,5,815,327,72,21,1,1,1
1326,5,815,327,72,21,1,1,1
1327,5,813,326,72,23,1,1,1
1328,5,814,326,71,23,1,1,1
1329,5,814,326,71,23,1,1,1
1330,5,812,327,72,21,1,1,1
1331,5,813,326,72,23,1,1,1
1332,5,813,325,72,24,1,1,1
1333,5,812,326,72,23,1,1,1
1334,5,813,326,71,23,1,1,1
1335,5,811,325,71,24,1,1,1
1336,5,811,326,71,23,1,1,1
1337,5,811,326,71,23,1,1,1
1338,5,811,326,70,23,1,1,1
1339,5,810,326,71,23,1,1,1
1340,5,810,328,70,21,1,1,1
1341,5,810,328,70,23,1,1,1
1342,5,811,328,68,23,1,1,1
1343,5,810,328,71,23,1,1,1
1344,5,809,328,70,23,1,1,1
1345,5,809,328,70,23,1,1,1
1346,5,809,327,71,24,1,1,1
1347,5,809,327,71,24,1,1,1
1348,5,809,327,71,24,1,1,1
1349,5,808,327,72,24,1,1,1
1350,5,808,327,72,24,1,1,1
1351,5,808,327,72,24,1,1,1
1352,5,807,328,71,23,1,1,1
1353,5,807,328,71,23,1,1,1
1354,5,806,328,71,21,1,1,1
1355,5,806,328,71,23,1,1,1
1356,5,806,328,71,23,1,1,1
1357,5,806,328,71,23,1,1,1
1358,5,806,328,71,23,1,1,1
1359,5,805,328,71,21,1,1,1
1360,5,805,329,71,23,1,1,1
1361,5,805,329,71,23,1,1,1
1362,5,805,329,71,23,1,1,1
1363,5,805,329,71,23,1,1,1
1364,5,805,330,71,21,1,1,1
1365,5,805,330,71,21,1,1,1
1366,5,805,330,71,21,1,1,1
1367,5,804,330,72,21,1,1,1
1368,5,803,329,71,23,1,1,1
1369,5,803,330,71,21,1,1,1
1370,5,803,329,72,23,1,1,1
1371,5,803,329,72,23,1,1,1
1372,5,802,330,72,21,1,1,1
1373,5,802,329,72,24,1,1,1
1374,5,803,331,72,23,1,1,1
1375,5,802,331,72,23,1,1,1
1376,5,802,332,68,21,1,1,1
1377,5,802,332,64,21,1,1,1
1378,5,802,332,60,21,1,1,1
1379,5,800,332,62,21,1,1,1
1380,5,801,333,65,21,1,1,1
1381,5,800,333,67,21,1,1,1
1382,5,800,333,70,21,1,1,1
1383,5,800,331,72,23,1,1,1
1384,5,799,331,71,23,1,1,1
1385,5,799,332,72,24,1,1,1
1386,5,800,333,70,21,1,1,1
1387,5,800,333,70,23,1,1,1
1388,5,799,333,72,23,1,1,1
1389,5,799,333,72,23,1,1,1
1390,5,799,333,71,23,1,1,1
1391,5,800,334,70,21,1,1,1
1392,5,799,334,72,21,1,1,1
1393,5,799,333,72,23,1,1,1
1394,5,799,333,72,23,1,1,1
1395,5,799,334,68,21,1,1,1
1396,5,799,333,70,23,1,1,1
1397,5,799,333,70,23,1,1,1
1398,5,797,333,71,23,1,1,1
1399,5,798,335,60,21,1,1,1
1400,5,798,335,68,21,1,1,1
1401,5,797,333,71,23,1,1,1
1402,5,796,334,70,24,1,1,1
1403,5,797,335,64,21,1,1,1
1404,5,796,333,70,23,1,1,1
1405,5,795,333,60,23,1,1,1
1406,5,796,334,68,24,1,1,1
1407,5,794,334,60,24,1,1,1
1408,5,796,334,70,24,1,1,1
1409,5,796,335,70,23,1,1,1
1410,5,795,335,70,23,1,1,1
1411,5,794,335,62,23,1,1,1
1412,5,795,335,64,23,1,1,1
1413,5,795,335,70,23,1,1,1
1414,5,794,336,63,21,1,1,1
1415,5,793,335,70,23,1,1,1
1416,5,793,335,62,23,1,1,1
1417,5,794,335,72,23,1,1,1
1418,5,794,335,72,23,1,1,1
1419,5,794,334,72,24,1,1,1
1420,5,794,334,72,24,1,1,1
1421,5,793,334,74,24,1,1,1
1422,5,793,334,72,24,1,1,1
1423,5,793,334,72,24,1,1,1
1424,5,793,336,71,24,1,1,1
1425,5,792,336,72,24,1,1,1
1426,5,792,336,72,24,1,1,1
1427,5,792,336,72,24,1,1,1
1428,5,792,336,72,24,1,1,1
1429,5,791,336,71,24,1,1,1
1430,5,791,336,68,24,1,1,1
1431,5,791,336,71,24,1,1,1
1432,5,790,336,71,24,1,1,1
1433,5,790,336,71,24,1,1,1
1434,5,791,336,72,24,1,1,1
1435,5,791,336,72,24,1,1,1
1436,5,790,336,70,24,1,1,1
1437,5,790,336,71,24,1,1,1
1438,5,790,336,71,24,1,1,1
1439,5,790,336,71,24,1,1,1
1440,5,791,334,72,24,1,1,1
1441,5,789,336,70,24,1,1,1
1442,5,790,336,71,24,1,1,1
1443,5,790,336,71,24,1,1,1
1444,5,790,335,71,26,1,1,1
1445,5,789,336,70,26,1,1,1
1446,5,790,337,68,24,1,1,1
1447,5,790,339,55,24,1,1,1
1448,5,791,339,52,24,1,1,1
1449,5,791,340,57,26,1,1,1
1450,5,791,339,67,28,1,1,1
1451,5,792,337,67,28,1,1,1
1452,5,791,338,65,30,1,1,1
1453,5,792,339,62,32,1,1,1
1454,5,794,338,57,33,1,1,1
1455,5,795,338,57,33,1,1,1
1456,5,796,337,54,35,1,1,1
1457,5,796,336,52,37,1,1,1
1458,5,797,337,52,39,1,1,1
1459,5,798,337,49,39,1,1,1
1460,5,798,336,48,39,1,1,1
1461,5,797,336,47,42,1,1,1
1462,5,797,335,46,43,1,1,1
1463,5,799,335,45,48,1,1,1
1464,5,799,335,44,51,1,1,1
1465,5,799,335,43,51,1,1,1
1466,5,799,334,42,49,1,1,1
1467,5,800,334,40,46,1,1,1
1468,5,799,332,36,49,1,1,1
1469,5,798,333,36,51,1,1,1
1470,5,799,332,35,53,1,1,1
1471,5,799,331,33,51,1,1,1
1472,5,800,329,33,55,1,1,1
1473,5,800,328,33,56,1,1,1
1474,5,800,328,30,56,1,1,1
1475,5,798,330,18,56,1,1,1
1476,5,799,329,18,58,1,1,1
1477,5,800,329,16,58,1,1,1
1478,5,799,328,19,60,1,1,1
1479,5,800,327,22,64,1,1,1
1480,5,800,328,18,62,1,1,1
1481,5,801,330,13,60,1,1,1
1482,5,800,333,12,58,1,1,1
1483,5,800,333,12,58,1,1,1
1484,5,800,332,13,60,1,1,1
1485,5,800,330,13,64,1,1,1
1486,5,800,326,13,69,1,1,1
1487,5,800,328,13,67,1,1,1
1488,5,800,328,13,67,1,1,1
1489,5,800,328,13,67,1,1,1
1490,5,800,330,13,67,1,1,1
1491,5,800,330,13,67,1,1,1
1492,5,801,329,13,69,1,1,1
1493,5,801,331,13,69,1,1,1
1494,5,801,332,13,67,1,1,1
1495,5,801,331,13,69,1,1,1
1496,5,801,333,13,69,1,1,1
1497,5,802,340,12,62,1,1,1
1498,5,800,336,12,67,1,1,1
1499,5,800,332,13,71,1,1,1
1500,5,799,334,15,71,1,1,1
1501,5,799,334,15,71,1,1,1
1502,5,799,334,15,71,1,1,1
1503,5,800,336,16,71,1,1,1
1504,5,800,336,16,72,1,1,1
1505,5,800,336,16,72,1,1,1
1506,5,798,336,16,74,1,1,1
1507,5,800,336,16,74,1,1,1
1508,5,800,336,16,74,1,1,1
1509,5,800,336,16,74,1,1,1
1510,5,800,338,16,72,1,1,1
1511,5,800,338,16,72,1,1,1
1512,5,801,342,15,69,1,1,1
1513,5,801,339,15,74,1,1,1
1514,5,800,341,16,71,1,1,1
1515,5,800,342,16,71,1,1,1
1516,5,800,344,16,71,1,1,1
1517,5,799,338,22,80,1,1,1
1518,5,799,338,22,80,1,1,1
1519,5,799,338,22,80,1,1,1
1520,5,799,339,22,81,1,1,1
1521,5,799,339,22,81,1,1,1
1522,5,798,331,25,91,1,1,1
1523,5,798,347,21,74,1,1,1
1524,5,798,347,21,74,1,1,1
1525,5,798,349,21,73,1,1,1
1526,5,798,349,21,73,1,1,1
1527,5,798,349,21,73,1,1,1
1528,5,798,349,21,73,1,1,1
1529,5,798,351,20,72,1,1,1
1530,5,798,351,21,73,1,1,1
1531,5,798,351,21,74,1,1,1
1532,5,798,351,23,73,1,1,1
1533,5,798,351,23,73,1,1,1
1534,5,798,352,23,73,1,1,1
1535,5,798,352,23,73,1,1,1
1536,5,798,352,23,72,1,1,1
1537,5,798,354,23,72,1,1,1
1538,5,798,354,23,72,1,1,1
1539,5,798,354,23,72,1,1,1
1540,5,798,354,23,73,1,1,1
1541,5,798,352,25,78,1,1,1
1542,5,797,351,25,79,1,1,1
1543,5,798,353,24,77,1,1,1
1544,5,798,357,23,74,1,1,1
1545,5,799,357,23,73,1,1,1
1546,5,797,352,25,81,1,1,1
1547,5,797,352,25,81,1,1,1
1548,5,797,352,25,81,1,1,1
1549,5,797,352,26,82,1,1,1
1550,5,797,351,26,83,1,1,1
1551,5,797,351,26,83,1,1,1
1552,5,797,352,26,83,1,1,1
1553,5,797,353,26,82,1,1,1
1554,5,797,352,26,84,1,1,1
1555,5,798,371,26,66,1,1,1
1556,5,798,371,26,66,1,1,1
1557,5,798,371,26,66,1,1,1
1558,5,798,371,26,66,1,1,1
1559,5,798,371,27,67,1,1,1
1560,5,798,372,26,66,1,1,1
1561,5,800,377,24,61,1,1,1
1562,5,800,377,24,62,1,1,1
1563,5,800,378,25,62,1,1,1
1564,5,800,377,25,64,1,1,1
1565,5,800,377,25,65,1,1,1
1566,5,800,377,26,65,1,1,1
1567,5,800,377,26,66,1,1,1
1568,5,800,377,26,66,1,1,1
1569,5,798,373,28,71,1,1,1
1570,5,799,375,28,70,1,1,1
1571,5,799,375,28,70,1,1,1
1572,5,799,376,27,70,1,1,1
1573,5,800,378,26,67,1,1,1
1574,5,800,378,26,67,1,1,1
1575,5,800,378,26,67,1,1,1
1576,5,800,379,26,67,1,1,1
1577,5,800,379,26,67,1,1,1
1578,5,800,380,26,66,1,1,1
1579,5,802,384,25,62,1,1,1
1580,5,802,383,25,64,1,1,1
1581,5,802,384,25,63,1,1,1
1582,5,802,384,25,64,1,1,1
1583,5,802,384,26,65,1,1,1
1584,5,802,384,26,66,1,1,1
1585,5,802,384,26,67,1,1,1
1586,5,802,384,27,67,1,1,1
1587,5,802,384,27,67,1,1,1
1588,5,802,384,27,68,1,1,1
1589,5,802,384,27,68,1,1,1
1590,5,801,384,27,69,1,1,1
1591,5,802,385,27,68,1,1,1
1592,5,802,385,27,68,1,1,1
1593,5,803,389,24,62,1,1,1
1594,5,802,385,27,68,1,1,1
1595,5,804,390,25,63,1,1,1
1596,5,804,390,25,63,1,1,1
1597,5,804,390,25,63,1,1,1
1598,5,804,390,25,64,1,1,1
1599,5,804,390,26,65,1,1,1
1600,5,804,390,26,65,1,1,1
1601,5,804,390,26,65,1,1,1
1602,5,804,391,26,66,1,1,1
1603,5,804,391,26,66,1,1,1
1604,5,804,391,26,66,1,1,1
1605,5,804,391,26,67,1,1,1
1606,5,804,391,27,67,1,1,1
1607,5,804,394,26,65,1,1,1
1608,5,804,392,27,67,1,1,1
1609,5,804,393,26,67,1,1,1
1610,5,805,395,25,64,1,1,1
1611,5,804,393,26,67,1,1,1
1612,5,804,394,26,66,1,1,1
1613,5,804,394,27,68,1,1,1
1614,5,804,394,27,68,1,1,1
1615,5,804,394,27,68,1,1,1
1616,5,804,394,27,68,1,1,1
1617,5,804,394,27,69,1,1,1
1618,5,804,394,27,68,1,1,1
1619,5,804,394,27,69,1,1,1
1620,5,804,395,27,68,1,1,1
1621,5,804,396,27,68,1,1,1
1622,5,804,395,28,69,1,1,1
1623,5,804,395,28,69,1,1,1
1624,5,805,397,27,68,1,1,1
1625,5,804,396,28,69,1,1,1
1626,5,805,398,27,68,1,1,1
1627,5,805,399,27,68,1,1,1
1628,5,804,396,28,71,1,1,1
1629,5,805,398,28,70,1,1,1
1630,5,806,400,27,68,1,1,1
1631,5,805,398,28,70,1,1,1
1632,5,805,398,28,70,1,1,1
1633,5,806,401,27,67,1,1,1
1634,5,806,401,27,68,1,1,1
1635,5,806,402,26,66,1,1,1
1636,5,807,404,25,63,1,1,1
1637,5,807,404,26,65,1,1,1
1638,5,807,404,26,65,1,1,1
1639,5,807,405,25,62,1,1,1
1640,5,807,405,25,64,1,1,1
1641,5,807,404,26,66,1,1,1
1642,5,807,404,26,67,1,1,1
1643,5,807,406,25,63,1,1,1
1644,5,807,406,25,63,1,1,1
1645,5,807,406,26,66,1,1,1
1646,5,807,406,27,67,1,1,1
1647,5,807,406,26,67,1,1,1
1648,5,807,405,27,68,1,1,1
1649,5,807,407,26,67,1,1,1
1650,5,807,407,26,67,1,1,1
1651,5,807,407,27,67,1,1,1
1652,5,806,405,28,70,1,1,1
1653,5,807,407,27,67,1,1,1
1654,5,807,407,27,67,1,1,1
1655,5,807,405,28,69,1,1,1
1656,5,807,405,28,69,1,1,1
1657,5,808,409,26,66,1,1,1
1658,5,808,409,26,66,1,1,1
1659,5,808,410,26,65,1,1,1
1660,5,808,410,26,65,1,1,1
1661,5,808,410,26,65,1,1,1
1662,5,808,410,26,65,1,1,1
1663,5,808,410,26,65,1,1,1
1664,5,808,410,26,65,1,1,1
1665,5,808,410,26,65,1,1,1
1666,5,808,410,26,65,1,1,1
1667,5,808,410,26,65,1,1,1
1668,5,808,410,26,65,1,1,1
1669,5,808,411,26,64,1,1,1
1670,5,808,411,26,64,1,1,1
1671,5,808,411,26,64,1,1,1
1672,5,808,411,30,69,1,1,1
1673,5,808,411,30,69,1,1,1
1674,5,808,411,30,69,1,1,1
1675,5,808,411,30,69,1,1,1
1676,5,808,411,30,69,1,1,1
1677,5,808,411,30,69,1,1,1
1678,5,808,411,30,70,1,1,1
1679,5,808,411,30,69,1,1,1
1680,5,808,412,30,69,1,1,1
1681,5,808,412,30,70,1,1,1
1682,5,808,412,30,70,1,1,1
1683,5,808,412,31,71,1,1,1
1684,5,808,412,30,69,1,1,1
1685,5,808,412,30,69,1,1,1
1686,5,808,411,31,71,1,1,1
1687,5,808,413,29,68,1,1,1
1688,5,807,410,33,75,1,1,1
1689,5,807,410,32,73,1,1,1
1690,5,808,412,32,74,1,1,1
1691,5,807,411,32,75,1,1,1
1692,5,807,411,33,76,1,1,1
1693,5,807,411,33,76,1,1,1
1694,5,807,411,33,76,1,1,1
1695,5,807,411,33,76,1,1,1
1696,5,807,411,33,76,1,1,1
1697,5,807,411,33,76,1,1,1
1698,5,807,411,35,74,1,1,1
1699,5,809,421,32,66,1,1,1
1700,5,809,421,32,66,1,1,1
1701,5,809,421,32,66,1,1,1
1702,5,809,421,32,66,1,1,1
1703,5,809,421,32,66,1,1,1
1704,5,809,421,32,67,1,1,1
1705,5,809,421,33,67,1,1,1
1706,5,809,421,33,67,1,1,1
1707,5,809,421,32,67,1,1,1
1708,5,809,421,33,67,1,1,1
1709,5,809,421,33,67,1,1,1
1710,5,809,421,33,68,1,1,1
1711,5,809,421,32,67,1,1,1
1712,5,809,421,33,69,1,1,1
1713,5,809,422,32,66,1,1,1
1714,5,809,421,34,69,1,1,1
1715,5,809,421,33,69,1,1,1
1716,5,809,422,33,67,1,1,1
1717,5,809,422,34,70,1,1,1
1718,5,809,422,35,71,1,1,1
1719,5,810,425,33,68,1,1,1
1720,5,810,425,33,67,1,1,1
1721,5,810,426,33,67,1,1,1
1722,5,808,422,35,73,1,1,1
1723,5,808,422,35,73,1,1,1
1724,5,808,422,36,73,1,1,1
1725,5,808,422,35,73,1,1,1
1726,5,808,422,36,73,1,1,1
1727,5,808,422,36,74,1,1,1
1728,5,808,422,36,74,1,1,1
1729,5,808,422,36,74,1,1,1
1730,5,808,422,36,74,1,1,1
1731,5,808,422,36,74,1,1,1
1732,5,808,422,36,74,1,1,1
1733,5,808,422,36,74,1,1,1
1734,5,808,421,36,75,1,1,1
1735,5,808,422,36,75,1,1,1
1736,5,808,421,36,75,1,1,1
1737,5,808,421,37,76,1,1,1
1738,5,808,422,37,76,1,1,1
1739,5,808,421,37,77,1,1,1
1740,5,808,421,37,76,1,1,1
1741,5,808,423,37,76,1,1,1
1742,5,808,422,37,77,1,1,1
1743,5,808,423,38,78,1,1,1
1744,5,810,426,36,74,1,1,1
1745,5,808,423,38,78,1,1,1
1746,5,808,423,38,78,1,1,1
1747,5,810,426,36,74,1,1,1
1748,5,810,426,36,74,1,1,1
1749,5,810,427,36,75,1,1,1
1750,5,810,425,37,76,1,1,1
1751,5,808,423,38,79,1,1,1
1752,5,808,423,39,80,1,1,1
1753,5,807,423,39,80,1,1,1
1754,5,808,423,39,80,1,1,1
1755,5,808,423,39,80,1,1,1
1756,5,808,423,39,80,1,1,1
1757,5,808,423,39,80,1,1,1
1758,5,815,435,31,66,1,1,1
1759,5,815,435,31,66,1,1,1
1760,5,815,435,31,66,1,1,1
1761,5,815,435,31,66,1,1,1
1762,5,815,435,31,66,1,1,1
1763,5,815,435,31,66,1,1,1
1764,5,815,435,31,67,1,1,1
1765,5,815,435,32,67,1,1,1
1766,5,815,435,32,67,1,1,1
1767,5,815,435,32,68,1,1,1
1768,5,815,435,32,68,1,1,1
1769,5,815,435,32,68,1,1,1
1770,5,815,435,32,69,1,1,1
1771,5,814,434,33,69,1,1,1
1772,5,815,434,33,69,1,1,1
1773,5,814,434,33,70,1,1,1
1774,5,815,435,33,69,1,1,1
1775,5,815,435,32,69,1,1,1
1776,5,814,435,33,70,1,1,1
1777,5,814,435,34,71,1,1,1
1778,5,814,435,34,72,1,1,1
1779,5,814,435,34,72,1,1,1
1780,5,814,435,34,73,1,1,1
1781,5,814,435,34,73,1,1,1
1782,5,814,435,34,73,1,1,1
1783,5,814,435,34,73,1,1,1
1784,5,814,435,34,73,1,1,1
1785,5,814,435,34,73,1,1,1
1786,5,814,435,34,73,1,1,1
1787,5,814,435,34,73,1,1,1
1788,5,814,435,34,73,1,1,1
1789,5,814,435,35,74,1,1,1
1790,5,814,436,35,74,1,1,1
1791,5,814,436,35,74,1,1,1
1792,5,814,436,35,75,1,1,1
1793,5,814,435,36,76,1,1,1
1794,5,814,436,36,76,1,1,1
1795,5,814,436,36,76,1,1,1
1796,5,813,436,36,76,1,1,1
1797,5,813,436,36,76,1,1,1
1798,5,813,436,36,77,1,1,1
1799,5,813,436,36,77,1,1,1
1800,5,813,436,36,77,1,1,1
1801,5,818,436,32,74,1,1,1
1802,5,818,436,32,74,1,1,1
1803,5,818,436,32,74,1,1,1
1804,5,818,436,32,74,1,1,1
1805,5,818,436,32,74,1,1,1
1806,5,818,436,32,74,1,1,1
1807,5,818,436,32,74,1,1,1
1808,5,818,436,32,74,1,1,1
1809,5,818,436,32,74,1,1,1
1810,5,818,436,32,75,1,1,1
1811,5,818,436,32,74,1,1,1
1812,5,818,437,32,74,1,1,1
1813,5,818,437,32,75,1,1,1
1814,5,818,437,32,75,1,1,1
1815,5,818,437,33,75,1,1,1
1816,5,818,437,32,75,1,1,1
1817,5,818,437,33,75,1,1,1
1818,5,818,437,33,76,1,1,1
1819,5,818,437,33,77,1,1,1
1820,5,818,436,33,77,1,1,1
1821,5,818,436,34,78,1,1,1
1822,5,818,437,34,78,1,1,1
1823,5,817,437,34,78,1,1,1
1824,5,818,438,33,77,1,1,1
1825,5,818,438,33,77,1,1,1
1826,5,818,439,33,77,1,1,1
1827,5,818,439,33,76,1,1,1
1828,5,818,438,34,78,1,1,1
1829,5,818,439,33,76,1,1,1
1830,5,819,439,33,76,1,1,1
1831,5,818,439,33,77,1,1,1
1832,5,818,439,33,77,1,1,1
1833,5,818,439,34,78,1,1,1
1834,5,818,438,34,79,1,1,1
1835,5,817,437,34,80,1,1,1
1836,5,818,439,34,78,1,1,1
1837,5,817,438,35,80,1,1,1
1838,5,818,438,34,80,1,1,1
1839,5,818,456,34,61,1,1,1
1840,5,818,456,34,61,1,1,1
1841,5,818,456,34,61,1,1,1
1842,5,818,456,34,61,1,1,1
1843,5,818,456,34,61,1,1,1
1844,5,818,456,34,61,1,1,1
1845,5,818,456,34,61,1,1,1
1846,5,818,456,34,61,1,1,1
1847,5,818,456,34,61,1,1,1
1848,5,818,457,34,61,1,1,1
1849,5,818,457,34,62,1,1,1
1850,5,818,457,34,61,1,1,1
1851,5,818,457,34,62,1,1,1
1852,5,818,457,35,62,1,1,1
1853,5,818,457,35,62,1,1,1
1854,5,818,457,35,62,1,1,1
1855,5,818,457,35,63,1,1,1
1856,5,818,459,34,62,1,1,1
1857,5,817,457,36,64,1,1,1
1858,5,817,456,37,66,1,1,1
1859,5,818,458,36,64,1,1,1
1860,5,817,457,37,66,1,1,1
1861,5,822,464,33,59,1,1,1
1862,5,822,464,33,59,1,1,1
1863,5,826,466,26,55,1,1,1
1864,5,826,465,28,56,1,1,1
1865,5,826,463,26,58,1,1,1
1866,5,823,459,33,62,1,1,1
1867,5,826,459,29,68,1,1,1
1868,5,827,463,28,64,1,1,1
1869,5,824,458,30,67,1,1,1
1870,5,825,459,30,69,1,1,1
1871,5,824,462,32,65,1,1,1
1872,5,824,463,32,66,1,1,1
1873,5,824,461,32,66,1,1,1
1874,5,824,458,30,67,1,1,1
1875,5,824,459,28,65,1,1,1
1876,5,824,460,28,67,1,1,1
1877,5,824,464,28,62,1,1,1
1878,5,824,470,28,58,1,1,1
1879,5,824,474,28,53,1,1,1
1880,5,824,472,30,58,1,1,1
1881,5,824,472,28,58,1,1,1
1882,5,824,468,30,62,1,1,1
1883,5,824,467,30,64,1,1,1
1884,5,822,466,31,65,1,1,1
1885,5,822,468,31,65,1,1,1
1886,5,821,467,32,67,1,1,1
1887,5,824,477,30,58,1,1,1
1888,5,827,476,27,58,1,1,1
1889,5,824,474,30,63,1,1,1
1890,5,819,472,35,65,1,1,1
1891,5,831,480,23,56,1,1,1
1892,5,831,481,24,56,1,1,1
1893,5,827,478,26,60,1,1,1
1894,5,830,481,23,57,1,1,1
1895,5,824,477,28,62,1,1,1
1896,5,824,478,30,62,1,1,1
1897,5,824,478,30,62,1,1,1
1898,5,824,477,28,65,1,1,1
1899,5,823,477,31,65,1,1,1
1900,5,823,477,31,65,1,1,1
1901,5,824,477,30,65,1,1,1
1902,5,826,476,28,67,1,1,1
1903,5,826,476,28,67,1,1,1
1904,5,826,478,28,67,1,1,1
1905,5,827,477,27,69,1,1,1
1906,5,827,477,27,69,1,1,1
1907,5,829,477,26,69,1,1,1
1908,5,829,477,26,69,1,1,1
1909,5,830,478,24,69,1,1,1
1910,5,831,479,24,69,1,1,1
1911,5,831,479,23,69,1,1,1
1912,5,832,479,22,69,1,1,1
1913,5,834,480,20,69,1,1,1
1914,5,833,479,22,71,1,1,1
1915,5,835,479,20,71,1,1,1
1916,5,835,479,20,71,1,1,1
1917,5,835,479,20,71,1,1,1
1918,5,836,481,19,71,1,1,1
1919,5,836,480,19,72,1,1,1
1920,5,836,480,19,74,1,1,1
1921,5,837,480,18,72,1,1,1
1922,5,837,482,18,72,1,1,1
1923,5,838,482,16,72,1,1,1
1924,5,838,481,16,74,1,1,1
1925,5,838,482,16,72,1,1,1
1926,5,838,483,16,71,1,1,1
1927,5,838,485,16,71,1,1,1
1928,5,838,485,18,71,1,1,1
1929,5,840,485,16,71,1,1,1
1930,5,840,484,16,72,1,1,1
1931,5,840,484,16,72,1,1,1
1932,5,840,486,16,72,1,1,1
1933,5,840,487,16,71,1,1,1
1934,5,840,488,16,71,1,1,1
1935,5,842,488,15,71,1,1,1
1936,5,842,488,15,71,1,1,1
1937,5,842,488,15,71,1,1,1
1938,5,842,490,15,71,1,1,1
1939,5,841,490,16,71,1,1,1
1940,5,842,489,15,72,1,1,1
1941,5,840,490,16,71,1,1,1
1942,5,841,492,16,71,1,1,1
1943,5,842,492,15,71,1,1,1
1944,5,841,494,16,69,1,1,1
1945,5,841,493,16,71,1,1,1
1946,5,841,494,16,71,1,1,1
1947,5,840,495,16,69,1,1,1
1948,5,840,496,16,69,1,1,1
1949,5,837,496,19,69,1,1,1
1950,5,836,498,19,69,1,1,1
1951,5,836,499,19,67,1,1,1
1952,5,835,501,20,67,1,1,1
1953,5,835,503,20,67,1,1,1
1954,5,837,510,18,60,1,1,1
1955,5,840,512,16,60,1,1,1
1956,5,836,508,19,64,1,1,1
1957,5,835,509,20,65,1,1,1
1958,5,835,509,20,65,1,1,1
1959,5,836,510,18,67,1,1,1
1960,5,841,510,15,67,1,1,1
1961,5,842,510,13,69,1,1,1
1962,5,842,512,13,67,1,1,1
1963,5,842,516,15,65,1,1,1
1964,5,842,520,15,62,1,1,1
1965,5,842,517,16,67,1,1,1
1966,5,842,526,16,60,1,1,1
1967,5,842,528,18,58,1,1,1
1968,5,841,529,20,58,1,1,1
1969,5,841,531,20,56,1,1,1
1970,5,840,532,22,58,1,1,1
1971,5,839,532,23,58,1,1,1
1972,5,840,537,24,55,1,1,1
1973,5,840,538,24,53,1,1,1
1974,5,838,539,26,55,1,1,1
1975,5,838,540,26,56,1,1,1
1976,5,839,541,27,55,1,1,1
1977,5,838,544,28,53,1,1,1
1978,5,839,545,28,53,1,1,1
1979,5,839,545,30,53,1,1,1
1980,5,839,547,30,53,1,1,1
1981,5,838,548,31,55,1,1,1
1982,5,838,548,31,55,1,1,1
1983,5,838,551,31,53,1,1,1
1984,5,838,549,32,56,1,1,1
1985,5,838,551,32,56,1,1,1
1986,5,838,547,33,60,1,1,1
1987,5,836,544,35,64,1,1,1
1988,5,837,542,36,67,1,1,1
1989,5,836,547,37,64,1,1,1
1990,5,835,546,39,65,1,1,1
1991,5,835,546,39,65,1,1,1
1992,5,836,548,40,65,1,1,1
1993,5,836,548,40,65,1,1,1
1994,5,836,548,40,65,1,1,1
1995,5,835,549,42,67,1,1,1
1996,5,835,549,42,67,1,1,1
1997,5,836,549,42,67,1,1,1
1998,5,838,552,40,65,1,1,1
1999,5,838,553,42,65,1,1,1
2000,5,838,552,42,67,1,1,1
2001,5,838,553,40,67,1,1,1
2002,5,840,554,40,67,1,1,1
2003,5,839,556,42,67,1,1,1
2004,5,841,556,40,67,1,1,1
2005,5,841,556,42,67,1,1,1
2006,5,842,556,42,67,1,1,1
2007,5,842,558,42,67,1,1,1
2008,5,842,560,40,65,1,1,1
2009,5,842,561,42,65,1,1,1
2010,5,842,562,42,65,1,1,1
2011,5,843,562,42,65,1,1,1
2012,5,843,563,42,67,1,1,1
2013,5,844,563,43,67,1,1,1
2014,5,844,563,43,67,1,1,1
2015,5,844,566,43,65,1,1,1
2016,5,845,565,42,67,1,1,1
2017,5,845,567,43,65,1,1,1
2018,5,845,568,43,65,1,1,1
2019,5,847,568,43,65,1,1,1
2020,5,847,569,43,65,1,1,1
2021,5,846,569,44,65,1,1,1
2022,5,846,570,44,65,1,1,1
2023,5,848,570,43,65,1,1,1
2024,5,848,571,44,65,1,1,1
2025,5,850,574,42,64,1,1,1
2026,5,849,574,43,64,1,1,1
2027,5,849,575,43,62,1,1,1
2028,5,851,576,43,64,1,1,1
2029,5,851,575,43,65,1,1,1
2030,5,851,576,43,65,1,1,1
2031,5,850,576,44,65,1,1,1
2032,5,851,577,43,65,1,1,1
2033,5,852,576,44,67,1,1,1
2034,5,852,578,43,65,1,1,1
2035,5,852,578,43,65,1,1,1
2036,5,853,578,44,65,1,1,1
2037,5,853,580,43,65,1,1,1
2038,5,854,580,44,65,1,1,1
2039,5,854,580,44,65,1,1,1
2040,5,854,581,44,67,1,1,1
2041,5,854,582,44,65,1,1,1
2042,5,856,583,43,64,1,1,1
2043,5,856,584,43,64,1,1,1
2044,5,855,584,44,65,1,1,1
2045,5,855,585,44,65,1,1,1
2046,5,857,585,44,65,1,1,1
2047,5,857,586,43,65,1,1,1
2048,5,858,587,44,65,1,1,1
2049,5,858,588,44,64,1,1,1
2050,5,859,589,43,65,1,1,1
2051,5,859,590,43,64,1,1,1
2052,5,861,591,42,62,1,1,1
2053,5,860,590,43,64,1,1,1
2054,5,860,590,43,64,1,1,1
2055,5,860,591,43,65,1,1,1
2056,5,862,592,42,62,1,1,1
2057,5,860,591,43,65,1,1,1
2058,5,861,592,43,65,1,1,1
2059,5,861,592,43,65,1,1,1
2060,5,862,592,44,65,1,1,1
2061,5,863,593,43,65,1,1,1
2062,5,865,597,40,62,1,1,1
2063,5,863,594,43,65,1,1,1
2064,5,866,599,40,62,1,1,1
2065,5,865,600,42,60,1,1,1
2066,5,865,601,42,62,1,1,1
2067,5,868,602,40,60,1,1,1
2068,5,866,601,40,62,1,1,1
2069,5,868,602,40,60,1,1,1
2070,5,866,601,42,62,1,1,1
2071,5,865,601,43,62,1,1,1
2072,5,869,604,40,60,1,1,1
2073,5,867,603,42,62,1,1,1
2074,5,867,603,42,62,1,1,1
2075,5,869,604,40,60,1,1,1
2076,5,869,605,40,62,1,1,1
2077,5,869,603,40,62,1,1,1
2078,5,867,605,42,62,1,1,1
2079,5,868,605,43,62,1,1,1
2080,5,868,604,43,64,1,1,1
2081,5,867,604,44,64,1,1,1
2082,5,870,607,42,62,1,1,1
2083,5,870,607,42,62,1,1,1
2084,5,870,606,42,64,1,1,1
1,6,600,443,68,100,1,1,1
2,6,599,444,67,99,1,1,1
3,6,599,445,67,97,1,1,1
4,6,598,444,68,99,1,1,1
5,6,598,444,68,99,1,1,1
6,6,598,444,68,99,1,1,1
7,6,598,444,68,99,1,1,1
8,6,598,444,68,99,1,1,1
9,6,598,444,68,99,1,1,1
10,6,598,444,68,99,1,1,1
11,6,596,444,68,99,1,1,1
12,6,596,444,68,99,1,1,1
13,6,596,442,68,99,1,1,1
14,6,596,442,68,99,1,1,1
15,6,596,442,70,99,1,1,1
16,6,596,442,70,99,1,1,1
17,6,596,442,70,99,1,1,1
18,6,597,442,71,99,1,1,1
19,6,596,442,70,99,1,1,1
20,6,596,442,70,99,1,1,1
21,6,597,442,71,99,1,1,1
22,6,596,442,70,99,1,1,1
23,6,596,442,70,99,1,1,1
24,6,597,442,71,99,1,1,1
25,6,597,442,71,99,1,1,1
26,6,596,441,72,101,1,1,1
27,6,596,440,72,101,1,1,1
28,6,595,440,71,101,1,1,1
29,6,595,440,71,99,1,1,1
30,6,595,440,71,99,1,1,1
31,6,596,440,72,99,1,1,1
32,6,596,440,72,101,1,1,1
33,6,596,440,72,101,1,1,1
34,6,596,440,72,101,1,1,1
35,6,594,440,72,99,1,1,1
36,6,594,440,72,99,1,1,1
37,6,594,440,72,101,1,1,1
38,6,594,440,72,99,1,1,1
39,6,594,440,72,101,1,1,1
40,6,594,438,72,101,1,1,1
41,6,594,438,72,101,1,1,1
42,6,594,438,72,101,1,1,1
43,6,594,438,72,101,1,1,1
44,6,595,438,72,101,1,1,1
45,6,594,438,72,101,1,1,1
46,6,594,439,72,99,1,1,1
47,6,594,438,72,101,1,1,1
48,6,594,438,74,101,1,1,1
49,6,594,439,72,99,1,1,1
50,6,594,439,74,99,1,1,1
51,6,594,439,72,99,1,1,1
52,6,594,439,72,99,1,1,1
53,6,594,439,72,99,1,1,1
54,6,594,439,72,99,1,1,1
55,6,594,439,72,99,1,1,1
56,6,594,439,72,99,1,1,1
57,6,593,437,74,99,1,1,1
58,6,593,438,74,101,1,1,1
59,6,593,438,74,101,1,1,1
60,6,593,437,72,99,1,1,1
61,6,593,436,72,101,1,1,1
62,6,593,436,72,101,1,1,1
63,6,593,436,72,101,1,1,1
64,6,593,436,72,101,1,1,1
65,6,593,436,72,101,1,1,1
66,6,592,436,72,101,1,1,1
67,6,592,436,72,101,1,1,1
68,6,592,437,72,99,1,1,1
69,6,592,436,72,101,1,1,1
70,6,592,437,72,99,1,1,1
71,6,592,437,72,99,1,1,1
72,6,592,436,72,101,1,1,1
73,6,592,435,72,99,1,1,1
74,6,592,435,72,99,1,1,1
75,6,592,435,72,99,1,1,1
76,6,592,435,72,99,1,1,1
77,6,592,435,72,99,1,1,1
78,6,592,435,72,99,1,1,1
79,6,590,435,72,99,1,1,1
80,6,590,435,72,99,1,1,1
81,6,590,435,72,99,1,1,1
82,6,590,435,72,99,1,1,1
83,6,591,435,72,99,1,1,1
84,6,590,435,72,99,1,1,1
85,6,591,435,72,99,1,1,1
86,6,591,435,72,99,1,1,1
87,6,591,435,72,99,1,1,1
88,6,591,435,72,99,1,1,1
89,6,591,435,72,99,1,1,1
90,6,590,433,72,99,1,1,1
91,6,590,433,72,99,1,1,1
92,6,590,433,72,99,1,1,1
93,6,590,433,72,99,1,1,1
94,6,590,433,72,99,1,1,1
95,6,590,433,72,99,1,1,1
96,6,590,433,72,99,1,1,1
97,6,590,432,72,101,1,1,1
98,6,590,433,71,99,1,1,1
99,6,588,432,72,99,1,1,1
100,6,588,433,72,99,1,1,1
101,6,588,433,72,99,1,1,1
102,6,589,433,71,99,1,1,1
103,6,589,432,71,99,1,1,1
104,6,588,433,70,99,1,1,1
105,6,588,432,70,99,1,1,1
106,6,588,432,70,99,1,1,1
107,6,588,432,68,97,1,1,1
108,6,588,432,68,97,1,1,1
109,6,587,432,68,97,1,1,1
110,6,587,432,67,94,1,1,1
111,6,587,432,67,94,1,1,1
112,6,587,432,67,97,1,1,1
113,6,586,432,64,94,1,1,1
114,6,587,433,65,96,1,1,1
115,6,586,432,64,94,1,1,1
116,6,587,432,64,94,1,1,1
117,6,587,432,64,94,1,1,1
118,6,586,431,63,94,1,1,1
119,6,586,432,63,92,1,1,1
120,6,586,432,63,92,1,1,1
121,6,586,431,63,94,1,1,1
122,6,585,431,64,94,1,1,1
123,6,585,430,64,96,1,1,1
124,6,585,430,64,96,1,1,1
125,6,585,430,64,96,1,1,1
126,6,585,431,64,97,1,1,1
127,6,585,430,64,96,1,1,1
128,6,585,430,64,96,1,1,1
129,6,585,431,64,94,1,1,1
130,6,585,430,64,96,1,1,1
131,6,584,430,65,96,1,1,1
132,6,584,429,65,97,1,1,1
133,6,584,430,65,96,1,1,1
134,6,584,429,64,97,1,1,1
135,6,584,429,65,97,1,1,1
136,6,584,429,64,97,1,1,1
137,6,584,429,65,97,1,1,1
138,6,584,428,65,99,1,1,1
139,6,584,429,65,97,1,1,1
140,6,584,428,65,99,1,1,1
141,6,584,429,65,97,1,1,1
142,6,584,429,65,97,1,1,1
143,6,584,428,67,99,1,1,1
144,6,582,428,68,99,1,1,1
145,6,583,428,68,99,1,1,1
146,6,583,428,68,99,1,1,1
147,6,583,428,68,99,1,1,1
148,6,582,426,70,99,1,1,1
149,6,582,426,70,99,1,1,1
150,6,582,426,70,99,1,1,1
151,6,582,426,70,99,1,1,1
152,6,582,426,71,99,1,1,1
153,6,582,426,71,99,1,1,1
154,6,581,425,72,99,1,1,1
155,6,582,426,71,99,1,1,1
156,6,582,425,71,99,1,1,1
157,6,582,425,72,99,1,1,1
158,6,582,425,72,99,1,1,1
159,6,582,425,72,99,1,1,1
160,6,582,425,74,99,1,1,1
161,6,582,424,74,99,1,1,1
162,6,582,424,74,99,1,1,1
163,6,581,425,75,97,1,1,1
164,6,581,424,75,97,1,1,1
165,6,581,423,75,99,1,1,1
166,6,582,423,76,99,1,1,1
167,6,582,424,76,97,1,1,1
168,6,580,424,76,97,1,1,1
169,6,581,423,77,97,1,1,1
170,6,581,423,77,97,1,1,1
171,6,581,423,77,97,1,1,1
172,6,581,423,77,97,1,1,1
173,6,581,422,79,97,1,1,1
174,6,581,422,79,97,1,1,1
175,6,581,422,77,97,1,1,1
176,6,581,421,79,96,1,1,1
177,6,581,422,79,97,1,1,1
178,6,581,422,79,97,1,1,1
179,6,580,422,80,97,1,1,1
180,6,581,422,79,97,1,1,1
181,6,581,420,79,97,1,1,1
182,6,580,421,80,96,1,1,1
183,6,580,420,80,97,1,1,1
184,6,580,420,80,97,1,1,1
185,6,580,420,80,97,1,1,1
186,6,579,420,83,98,1,1,1
187,6,579,420,79,93,1,1,1
188,6,579,420,79,95,1,1,1
189,6,579,419,79,96,1,1,1
190,6,579,419,83,99,1,1,1
191,6,579,420,80,94,1,1,1
192,6,579,420,59,76,1,1,1
193,6,579,420,59,76,1,1,1
194,6,580,420,57,76,1,1,1
195,6,580,420,57,76,1,1,1
196,6,580,418,57,76,1,1,1
197,6,579,419,59,74,1,1,1
198,6,579,418,59,76,1,1,1
199,6,579,419,57,74,1,1,1
200,6,579,419,59,74,1,1,1
201,6,579,417,57,76,1,1,1
202,6,579,417,57,76,1,1,1
203,6,579,417,57,76,1,1,1
204,6,579,417,57,76,1,1,1
205,6,579,417,57,74,1,1,1
206,6,579,417,57,74,1,1,1
207,6,579,416,57,76,1,1,1
208,6,579,416,57,76,1,1,1
209,6,577,416,59,76,1,1,1
210,6,577,416,59,76,1,1,1
211,6,579,416,57,76,1,1,1
212,6,578,416,57,78,1,1,1
213,6,578,416,57,76,1,1,1
214,6,578,416,57,76,1,1,1
215,6,578,416,57,76,1,1,1
216,6,576,416,59,76,1,1,1
217,6,576,416,59,76,1,1,1
218,6,576,416,59,76,1,1,1
219,6,576,416,59,76,1,1,1
220,6,576,416,59,76,1,1,1
221,6,576,416,59,76,1,1,1
222,6,576,416,59,76,1,1,1
223,6,576,416,60,76,1,1,1
224,6,576,414,59,78,1,1,1
225,6,576,414,59,78,1,1,1
226,6,576,414,60,78,1,1,1
227,6,576,415,60,76,1,1,1
228,6,576,415,60,76,1,1,1
229,6,576,414,59,78,1,1,1
230,6,577,415,60,78,1,1,1
231,6,577,415,60,78,1,1,1
232,6,576,414,60,78,1,1,1
233,6,576,415,60,78,1,1,1
234,6,576,414,60,78,1,1,1
235,6,576,413,60,80,1,1,1
236,6,576,413,60,80,1,1,1
237,6,576,413,60,80,1,1,1
238,6,576,413,60,80,1,1,1
239,6,576,413,60,80,1,1,1
240,6,575,413,60,80,1,1,1
241,6,575,413,60,80,1,1,1
242,6,575,413,60,80,1,1,1
243,6,575,412,60,81,1,1,1
244,6,575,413,60,83,1,1,1
245,6,575,412,60,81,1,1,1
246,6,575,412,60,81,1,1,1
247,6,575,412,60,81,1,1,1
248,6,575,412,60,81,1,1,1
249,6,575,412,60,81,1,1,1
250,6,573,412,62,81,1,1,1
251,6,573,412,62,81,1,1,1
252,6,573,412,62,81,1,1,1
253,6,573,412,63,81,1,1,1
254,6,573,411,63,83,1,1,1
255,6,572,412,64,81,1,1,1
256,6,572,411,64,83,1,1,1
257,6,572,411,64,83,1,1,1
258,6,572,411,64,83,1,1,1
259,6,572,411,64,83,1,1,1
260,6,572,411,64,83,1,1,1
261,6,572,410,64,85,1,1,1
262,6,572,410,64,85,1,1,1
263,6,572,410,64,85,1,1,1
264,6,572,410,64,85,1,1,1
265,6,572,411,64,83,1,1,1
266,6,572,410,64,85,1,1,1
267,6,572,411,64,83,1,1,1
268,6,572,410,64,85,1,1,1
269,6,570,410,64,85,1,1,1
270,6,570,410,64,85,1,1,1
271,6,570,410,64,85,1,1,1
272,6,570,410,64,85,1,1,1
273,6,570,410,64,85,1,1,1
274,6,570,409,64,83,1,1,1
275,6,570,409,64,83,1,1,1
276,6,570,408,64,85,1,1,1
277,6,570,408,64,85,1,1,1
278,6,570,408,64,83,1,1,1
279,6,570,408,64,83,1,1,1
280,6,571,408,64,83,1,1,1
281,6,571,408,64,83,1,1,1
282,6,571,408,64,83,1,1,1
283,6,571,408,64,81,1,1,1
284,6,571,408,64,83,1,1,1
285,6,571,408,64,83,1,1,1
286,6,571,408,64,83,1,1,1
287,6,571,408,64,83,1,1,1
288,6,571,408,64,81,1,1,1
289,6,570,408,64,81,1,1,1
290,6,570,406,64,83,1,1,1
291,6,570,406,65,83,1,1,1
292,6,570,407,65,83,1,1,1
293,6,570,407,65,85,1,1,1
294,6,569,407,68,88,1,1,1
295,6,569,407,68,88,1,1,1
296,6,569,407,68,88,1,1,1
297,6,569,407,68,88,1,1,1
298,6,568,406,68,90,1,1,1
299,6,569,406,68,90,1,1,1
300,6,569,406,68,90,1,1,1
301,6,569,406,68,90,1,1,1
302,6,569,406,68,90,1,1,1
303,6,568,406,68,90,1,1,1
304,6,568,406,68,90,1,1,1
305,6,569,406,68,90,1,1,1
306,6,568,406,68,90,1,1,1
307,6,568,406,68,90,1,1,1
308,6,569,404,68,90,1,1,1
309,6,568,404,70,90,1,1,1
310,6,568,404,68,90,1,1,1
311,6,568,404,68,90,1,1,1
312,6,568,404,68,90,1,1,1
313,6,568,404,68,90,1,1,1
314,6,568,403,68,92,1,1,1
315,6,568,404,70,90,1,1,1
316,6,568,404,68,90,1,1,1
317,6,568,404,68,90,1,1,1
318,6,568,404,70,90,1,1,1
319,6,568,404,70,90,1,1,1
320,6,569,402,68,90,1,1,1
321,6,568,402,68,90,1,1,1
322,6,568,402,70,90,1,1,1
323,6,568,402,68,90,1,1,1
324,6,568,402,70,90,1,1,1
325,6,568,402,68,90,1,1,1
326,6,568,402,70,90,1,1,1
327,6,568,402,70,90,1,1,1
328,6,567,402,70,90,1,1,1
329,6,567,402,70,90,1,1,1
330,6,568,402,68,90,1,1,1
331,6,567,402,70,90,1,1,1
332,6,567,402,70,90,1,1,1
333,6,567,401,70,92,1,1,1
334,6,567,401,70,92,1,1,1
335,6,567,401,70,92,1,1,1
336,6,567,401,70,92,1,1,1
337,6,567,401,70,92,1,1,1
338,6,566,401,71,92,1,1,1
339,6,566,400,71,94,1,1,1
340,6,566,400,71,94,1,1,1
341,6,566,400,71,94,1,1,1
342,6,567,400,70,94,1,1,1
343,6,566,400,71,92,1,1,1
344,6,566,400,71,92,1,1,1
345,6,566,400,71,92,1,1,1
346,6,566,400,71,92,1,1,1
347,6,566,400,71,92,1,1,1
348,6,566,400,71,92,1,1,1
349,6,566,400,72,92,1,1,1
350,6,565,399,72,94,1,1,1
351,6,566,400,71,92,1,1,1
352,6,564,400,72,92,1,1,1
353,6,564,400,72,92,1,1,1
354,6,564,399,72,94,1,1,1
355,6,564,399,72,94,1,1,1
356,6,564,399,72,94,1,1,1
357,6,564,399,72,94,1,1,1
358,6,564,399,72,94,1,1,1
359,6,565,399,71,92,1,1,1
360,6,565,399,71,92,1,1,1
361,6,564,398,72,92,1,1,1
362,6,564,398,72,92,1,1,1
363,6,564,398,72,92,1,1,1
364,6,564,398,72,92,1,1,1
365,6,564,398,72,92,1,1,1
366,6,564,398,72,92,1,1,1
367,6,564,398,72,92,1,1,1
368,6,564,396,72,92,1,1,1
369,6,564,396,72,92,1,1,1
370,6,563,396,71,92,1,1,1
371,6,564,396,72,92,1,1,1
372,6,564,396,72,92,1,1,1
373,6,564,396,72,92,1,1,1
374,6,564,396,72,92,1,1,1
375,6,564,396,72,92,1,1,1
376,6,564,396,72,92,1,1,1
377,6,564,396,72,92,1,1,1
378,6,564,396,72,92,1,1,1
379,6,564,396,72,92,1,1,1
380,6,564,395,72,94,1,1,1
381,6,564,395,72,94,1,1,1
382,6,562,395,72,94,1,1,1
383,6,564,395,72,94,1,1,1
384,6,562,395,72,94,1,1,1
385,6,562,395,72,94,1,1,1
386,6,562,396,72,92,1,1,1
387,6,563,396,72,92,1,1,1
388,6,563,396,72,92,1,1,1
389,6,563,396,72,92,1,1,1
390,6,562,395,72,94,1,1,1
391,6,562,395,72,94,1,1,1
392,6,562,395,72,94,1,1,1
393,6,562,395,72,94,1,1,1
394,6,562,393,72,94,1,1,1
395,6,562,393,72,94,1,1,1
396,6,562,394,72,96,1,1,1
397,6,562,393,72,94,1,1,1
398,6,562,394,74,96,1,1,1
399,6,562,393,74,94,1,1,1
400,6,562,393,74,94,1,1,1
401,6,562,393,74,94,1,1,1
402,6,562,393,74,94,1,1,1
403,6,562,393,72,94,1,1,1
404,6,562,393,72,94,1,1,1
405,6,562,393,72,94,1,1,1
406,6,562,393,72,94,1,1,1
407,6,562,392,72,96,1,1,1
408,6,562,393,72,94,1,1,1
409,6,562,393,72,94,1,1,1
410,6,562,393,72,94,1,1,1
411,6,562,393,74,94,1,1,1
412,6,562,393,72,94,1,1,1
413,6,562,392,74,97,1,1,1
414,6,562,392,74,96,1,1,1
415,6,560,392,74,97,1,1,1
416,6,560,392,74,96,1,1,1
417,6,560,392,74,96,1,1,1
418,6,560,392,74,96,1,1,1
419,6,560,392,74,96,1,1,1
420,6,560,392,74,96,1,1,1
421,6,560,390,74,97,1,1,1
422,6,560,391,74,96,1,1,1
423,6,561,391,72,96,1,1,1
424,6,560,391,72,92,1,1,1
425,6,560,391,72,92,1,1,1
426,6,560,391,72,92,1,1,1
427,6,560,391,72,92,1,1,1
428,6,560,391,72,92,1,1,1
429,6,560,391,72,92,1,1,1
430,6,560,391,72,92,1,1,1
431,6,560,391,72,92,1,1,1
432,6,560,391,72,92,1,1,1
433,6,559,391,74,92,1,1,1
434,6,559,390,74,94,1,1,1
435,6,560,390,72,92,1,1,1
436,6,560,390,72,94,1,1,1
437,6,560,390,72,94,1,1,1
438,6,560,390,72,92,1,1,1
439,6,560,390,72,92,1,1,1
440,6,560,388,72,94,1,1,1
441,6,560,388,72,94,1,1,1
442,6,560,388,72,94,1,1,1
443,6,558,388,74,94,1,1,1
444,6,558,389,74,94,1,1,1
445,6,558,388,74,94,1,1,1
446,6,560,388,72,94,1,1,1
447,6,558,387,74,96,1,1,1
448,6,560,388,72,94,1,1,1
449,6,558,388,72,94,1,1,1
450,6,558,387,74,96,1,1,1
451,6,558,387,74,96,1,1,1
452,6,558,387,72,96,1,1,1
453,6,558,387,72,96,1,1,1
454,6,558,388,72,94,1,1,1
455,6,558,388,74,94,1,1,1
456,6,558,388,74,94,1,1,1
457,6,558,388,72,94,1,1,1
458,6,558,388,72,94,1,1,1
459,6,558,388,72,94,1,1,1
460,6,557,387,71,92,1,1,1
461,6,557,386,72,94,1,1,1
462,6,557,387,71,92,1,1,1
463,6,557,387,71,92,1,1,1
464,6,557,387,70,92,1,1,1
465,6,557,387,71,92,1,1,1
466,6,556,386,70,94,1,1,1
467,6,556,386,70,94,1,1,1
468,6,556,386,70,94,1,1,1
469,6,556,386,70,94,1,1,1
470,6,556,386,68,94,1,1,1
471,6,556,386,68,94,1,1,1
472,6,556,386,70,94,1,1,1
473,6,556,385,70,97,1,1,1
474,6,556,386,70,94,1,1,1
475,6,556,386,68,94,1,1,1
476,6,556,386,68,94,1,1,1
477,6,556,386,68,94,1,1,1
478,6,556,386,68,94,1,1,1
479,6,556,386,68,94,1,1,1
480,6,555,385,67,92,1,1,1
481,6,555,386,67,94,1,1,1
482,6,555,386,67,94,1,1,1
483,6,555,386,67,94,1,1,1
484,6,554,386,68,94,1,1,1
485,6,554,386,68,94,1,1,1
486,6,554,386,68,94,1,1,1
487,6,554,384,68,94,1,1,1
488,6,554,385,68,96,1,1,1
489,6,554,384,68,97,1,1,1
490,6,554,384,68,97,1,1,1
491,6,554,384,68,97,1,1,1
492,6,554,384,68,97,1,1,1
493,6,554,384,68,97,1,1,1
494,6,554,383,68,97,1,1,1
495,6,554,384,68,97,1,1,1
496,6,553,383,70,97,1,1,1
497,6,553,384,70,97,1,1,1
498,6,553,384,70,97,1,1,1
499,6,553,383,70,97,1,1,1
500,6,553,383,70,97,1,1,1
501,6,553,383,70,97,1,1,1
502,6,553,383,71,97,1,1,1
503,6,553,383,71,97,1,1,1
504,6,553,383,71,97,1,1,1
505,6,552,383,72,97,1,1,1
506,6,552,381,72,97,1,1,1
507,6,553,382,72,99,1,1,1
508,6,553,381,72,97,1,1,1
509,6,553,381,72,97,1,1,1
510,6,553,381,72,97,1,1,1
511,6,553,381,72,97,1,1,1
512,6,553,380,74,99,1,1,1
513,6,553,380,74,99,1,1,1
514,6,553,380,74,99,1,1,1
515,6,552,380,75,99,1,1,1
516,6,552,378,75,99,1,1,1
517,6,552,378,75,99,1,1,1
518,6,553,378,76,99,1,1,1
519,6,553,378,76,99,1,1,1
520,6,553,378,76,99,1,1,1
521,6,552,379,76,97,1,1,1
522,6,552,378,76,97,1,1,1
523,6,552,377,76,97,1,1,1
524,6,552,377,76,97,1,1,1
525,6,553,377,77,97,1,1,1
526,6,553,377,77,97,1,1,1
527,6,553,377,77,94,1,1,1
528,6,553,378,77,96,1,1,1
529,6,553,377,77,94,1,1,1
530,6,553,377,77,94,1,1,1
531,6,553,376,77,96,1,1,1
532,6,553,378,79,96,1,1,1
533,6,553,376,79,96,1,1,1
534,6,553,376,79,96,1,1,1
535,6,553,376,79,96,1,1,1
536,6,553,375,79,96,1,1,1
537,6,553,375,79,96,1,1,1
538,6,553,375,79,96,1,1,1
539,6,553,375,79,96,1,1,1
540,6,553,375,79,96,1,1,1
541,6,553,375,79,96,1,1,1
542,6,553,375,79,96,1,1,1
543,6,553,374,79,97,1,1,1
544,6,553,374,79,97,1,1,1
545,6,553,374,79,97,1,1,1
546,6,553,374,79,97,1,1,1
547,6,552,374,80,97,1,1,1
548,6,553,374,79,97,1,1,1
549,6,553,374,79,97,1,1,1
550,6,551,375,79,96,1,1,1
551,6,551,375,79,96,1,1,1
552,6,552,375,77,96,1,1,1
553,6,552,375,77,96,1,1,1
554,6,552,374,77,97,1,1,1
555,6,552,373,77,96,1,1,1
556,6,550,374,79,97,1,1,1
557,6,551,374,77,97,1,1,1
558,6,552,374,77,97,1,1,1
559,6,552,374,76,97,1,1,1
560,6,551,374,77,97,1,1,1
561,6,551,372,77,97,1,1,1
562,6,551,372,77,97,1,1,1
563,6,551,372,77,97,1,1,1
564,6,551,372,77,97,1,1,1
565,6,551,372,76,97,1,1,1
566,6,551,372,76,97,1,1,1
567,6,551,372,76,97,1,1,1
568,6,550,371,76,99,1,1,1
569,6,550,371,76,99,1,1,1
570,6,550,371,76,99,1,1,1
571,6,550,372,76,97,1,1,1
572,6,550,372,76,97,1,1,1
573,6,550,371,76,99,1,1,1
574,6,550,371,76,99,1,1,1
575,6,549,372,75,97,1,1,1
576,6,549,372,76,97,1,1,1
577,6,549,372,76,97,1,1,1
578,6,548,372,75,97,1,1,1
579,6,548,372,75,97,1,1,1
580,6,548,372,75,97,1,1,1
581,6,549,371,76,99,1,1,1
582,6,548,371,75,99,1,1,1
583,6,548,371,75,99,1,1,1
584,6,548,371,75,99,1,1,1
585,6,548,371,75,99,1,1,1
586,6,549,369,74,99,1,1,1
587,6,549,371,74,99,1,1,1
588,6,547,369,74,99,1,1,1
589,6,548,370,72,97,1,1,1
590,6,548,369,72,99,1,1,1
591,6,548,369,72,99,1,1,1
592,6,548,370,72,97,1,1,1
593,6,548,369,72,99,1,1,1
594,6,548,369,72,99,1,1,1
595,6,548,369,72,99,1,1,1
596,6,546,369,72,97,1,1,1
597,6,546,368,72,99,1,1,1
598,6,546,368,72,97,1,1,1
599,6,546,368,72,99,1,1,1
600,6,546,369,72,99,1,1,1
601,6,547,368,72,97,1,1,1
602,6,547,368,72,97,1,1,1
603,6,546,368,71,94,1,1,1
604,6,546,368,72,96,1,1,1
605,6,547,367,68,94,1,1,1
606,6,546,367,71,94,1,1,1
607,6,546,367,71,94,1,1,1
608,6,546,368,71,94,1,1,1
609,6,545,367,70,94,1,1,1
610,6,545,368,70,94,1,1,1
611,6,546,368,71,94,1,1,1
612,6,545,366,70,96,1,1,1
613,6,545,367,70,94,1,1,1
614,6,545,367,70,94,1,1,1
615,6,546,367,68,94,1,1,1
616,6,546,367,68,94,1,1,1
617,6,546,367,68,94,1,1,1
618,6,546,367,68,94,1,1,1
619,6,545,366,70,96,1,1,1
620,6,545,366,70,96,1,1,1
621,6,546,367,68,94,1,1,1
622,6,545,365,70,97,1,1,1
623,6,546,366,68,94,1,1,1
624,6,546,366,68,96,1,1,1
625,6,546,366,68,94,1,1,1
626,6,546,365,68,94,1,1,1
627,6,546,366,68,94,1,1,1
628,6,544,366,70,94,1,1,1
629,6,546,366,68,92,1,1,1
630,6,546,365,68,94,1,1,1
631,6,546,365,68,94,1,1,1
632,6,544,365,68,94,1,1,1
633,6,544,365,68,94,1,1,1
634,6,546,365,68,94,1,1,1
635,6,546,365,68,94,1,1,1
636,6,546,365,68,94,1,1,1
637,6,544,365,68,94,1,1,1
638,6,544,365,68,94,1,1,1
639,6,544,363,68,94,1,1,1
640,6,544,363,68,94,1,1,1
641,6,544,364,68,92,1,1,1
642,6,545,364,68,92,1,1,1
643,6,545,364,68,92,1,1,1
644,6,545,364,68,92,1,1,1
645,6,545,363,68,90,1,1,1
646,6,545,363,68,90,1,1,1
647,6,545,363,68,90,1,1,1
648,6,545,363,68,90,1,1,1
649,6,544,362,68,92,1,1,1
650,6,544,362,68,92,1,1,1
651,6,545,363,68,90,1,1,1
652,6,545,363,68,90,1,1,1
653,6,545,363,68,90,1,1,1
654,6,545,362,68,92,1,1,1
655,6,545,361,68,90,1,1,1
656,6,545,362,68,92,1,1,1
657,6,545,362,68,92,1,1,1
658,6,545,362,68,92,1,1,1
659,6,545,362,68,92,1,1,1
660,6,545,360,68,92,1,1,1
661,6,545,360,68,92,1,1,1
662,6,545,360,68,92,1,1,1
663,6,545,360,68,92,1,1,1
664,6,545,360,68,92,1,1,1
665,6,545,360,68,94,1,1,1
666,6,544,360,68,94,1,1,1
667,6,544,359,70,99,1,1,1
668,6,544,358,70,97,1,1,1
669,6,544,358,70,97,1,1,1
670,6,545,358,71,97,1,1,1
671,6,544,357,72,99,1,1,1
672,6,544,358,72,99,1,1,1
673,6,545,358,72,101,1,1,1
674,6,545,358,74,101,1,1,1
675,6,545,357,74,99,1,1,1
676,6,545,357,74,99,1,1,1
677,6,545,356,74,97,1,1,1
678,6,545,357,74,96,1,1,1
679,6,545,356,74,97,1,1,1
680,6,544,356,76,97,1,1,1
681,6,544,356,76,97,1,1,1
682,6,543,356,76,97,1,1,1
683,6,542,358,76,94,1,1,1
684,6,542,357,76,94,1,1,1
685,6,543,357,76,94,1,1,1
686,6,542,357,77,94,1,1,1
687,6,542,357,76,94,1,1,1
688,6,542,357,76,94,1,1,1
689,6,541,356,77,94,1,1,1
690,6,540,357,75,92,1,1,1
691,6,540,357,75,92,1,1,1
692,6,540,356,72,90,1,1,1
693,6,539,356,72,90,1,1,1
694,6,539,356,72,90,1,1,1
695,6,538,357,74,92,1,1,1
696,6,538,356,74,94,1,1,1
697,6,538,356,72,94,1,1,1
698,6,537,357,72,96,1,1,1
699,6,537,357,72,96,1,1,1
700,6,537,358,72,94,1,1,1
701,6,537,358,72,97,1,1,1
702,6,536,357,70,96,1,1,1
703,6,536,358,70,97,1,1,1
704,6,536,358,68,97,1,1,1
705,6,536,358,68,97,1,1,1
706,6,536,358,68,97,1,1,1
707,6,535,358,68,97,1,1,1
708,6,534,358,68,97,1,1,1
709,6,534,358,68,94,1,1,1
710,6,534,358,68,94,1,1,1
711,6,534,358,68,90,1,1,1
712,6,534,359,68,92,1,1,1
713,6,534,359,68,92,1,1,1
714,6,534,359,68,92,1,1,1
715,6,532,358,70,90,1,1,1
716,6,532,359,70,92,1,1,1
717,6,532,359,70,90,1,1,1
718,6,533,359,71,88,1,1,1
719,6,533,358,71,87,1,1,1
720,6,532,358,72,87,1,1,1
721,6,532,358,72,85,1,1,1
722,6,532,358,72,85,1,1,1
723,6,531,358,74,85,1,1,1
724,6,531,358,74,87,1,1,1
725,6,531,357,74,88,1,1,1
726,6,530,358,76,87,1,1,1
727,6,530,358,76,87,1,1,1
728,6,530,358,76,87,1,1,1
729,6,531,357,76,88,1,1,1
730,6,531,356,76,87,1,1,1
731,6,531,357,76,85,1,1,1
732,6,530,357,77,85,1,1,1
733,6,529,357,79,85,1,1,1
734,6,529,357,79,85,1,1,1
735,6,529,357,79,85,1,1,1
736,6,529,357,80,85,1,1,1
737,6,529,356,80,83,1,1,1
738,6,528,356,81,83,1,1,1
739,6,528,355,81,85,1,1,1
740,6,528,355,83,85,1,1,1
741,6,528,355,83,85,1,1,1
742,6,528,354,83,83,1,1,1
743,6,529,354,84,83,1,1,1
744,6,528,354,84,83,1,1,1
745,6,528,353,85,81,1,1,1
746,6,527,353,87,81,1,1,1
747,6,527,353,87,81,1,1,1
748,6,527,352,87,83,1,1,1
749,6,528,352,88,81,1,1,1
750,6,528,353,88,81,1,1,1
751,6,528,352,88,80,1,1,1
752,6,528,352,88,81,1,1,1
753,6,527,352,91,81,1,1,1
754,6,527,352,91,81,1,1,1
755,6,526,351,92,80,1,1,1
756,6,526,351,92,80,1,1,1
757,6,526,351,92,80,1,1,1
758,6,527,351,92,80,1,1,1
759,6,527,351,92,80,1,1,1
760,6,525,351,94,80,1,1,1
761,6,525,350,94,81,1,1,1
762,6,525,349,94,80,1,1,1
763,6,524,350,96,78,1,1,1
764,6,524,350,96,78,1,1,1
765,6,524,350,96,78,1,1,1
766,6,523,350,98,78,1,1,1
767,6,523,350,98,78,1,1,1
768,6,524,350,96,78,1,1,1
769,6,523,350,98,78,1,1,1
770,6,523,350,98,78,1,1,1
771,6,523,348,99,78,1,1,1
772,6,523,348,99,78,1,1,1
773,6,523,348,99,78,1,1,1
774,6,522,349,98,76,1,1,1
775,6,523,349,99,76,1,1,1
776,6,522,348,98,78,1,1,1
777,6,521,348,99,78,1,1,1
778,6,521,348,100,78,1,1,1
779,6,521,349,100,76,1,1,1
780,6,520,348,100,78,1,1,1
781,6,519,347,100,76,1,1,1
782,6,519,347,100,76,1,1,1
783,6,519,348,100,78,1,1,1
784,6,520,347,99,76,1,1,1
785,6,520,349,99,76,1,1,1
786,6,518,347,100,76,1,1,1
787,6,518,348,100,74,1,1,1
788,6,518,349,100,76,1,1,1
789,6,518,348,98,74,1,1,1
790,6,517,348,99,74,1,1,1
791,6,517,347,99,76,1,1,1
792,6,518,348,98,74,1,1,1
793,6,516,348,92,71,1,1,1
794,6,516,348,94,71,1,1,1
795,6,516,348,96,74,1,1,1
796,6,515,349,95,72,1,1,1
797,6,516,348,94,74,1,1,1
798,6,515,348,95,74,1,1,1
799,6,515,348,95,74,1,1,1
800,6,514,349,95,72,1,1,1
801,6,514,350,95,74,1,1,1
802,6,515,350,94,74,1,1,1
803,6,515,350,94,74,1,1,1
804,6,513,350,94,74,1,1,1
805,6,514,350,92,74,1,1,1
806,6,514,349,92,72,1,1,1
807,6,512,350,92,74,1,1,1
808,6,513,351,92,72,1,1,1
809,6,513,351,92,72,1,1,1
810,6,512,351,91,72,1,1,1
811,6,512,351,91,71,1,1,1
812,6,512,351,91,71,1,1,1
813,6,512,351,89,71,1,1,1
814,6,512,350,91,71,1,1,1
815,6,512,351,91,69,1,1,1
816,6,512,351,89,69,1,1,1
817,6,512,351,89,67,1,1,1
818,6,512,350,88,67,1,1,1
819,6,511,351,91,65,1,1,1
820,6,511,351,89,65,1,1,1
821,6,509,350,91,64,1,1,1
822,6,509,350,91,64,1,1,1
823,6,509,351,91,62,1,1,1
824,6,508,351,92,62,1,1,1
825,6,508,351,92,60,1,1,1
826,6,508,351,92,60,1,1,1
827,6,508,351,92,62,1,1,1
828,6,508,351,92,62,1,1,1
829,6,508,351,92,62,1,1,1
830,6,508,350,94,64,1,1,1
831,6,508,350,94,64,1,1,1
832,6,507,351,95,62,1,1,1
833,6,508,349,96,65,1,1,1
834,6,508,349,96,65,1,1,1
835,6,508,350,96,64,1,1,1
836,6,508,351,96,62,1,1,1
837,6,508,351,96,62,1,1,1
838,6,506,350,98,60,1,1,1
839,6,508,351,96,60,1,1,1
840,6,507,350,99,60,1,1,1
841,6,507,350,99,60,1,1,1
842,6,506,350,100,60,1,1,1
843,6,506,350,100,60,1,1,1
844,6,506,350,100,60,1,1,1
845,6,506,349,100,58,1,1,1
846,6,506,349,100,58,1,1,1
847,6,505,350,101,56,1,1,1
848,6,505,350,101,56,1,1,1
849,6,505,350,103,56,1,1,1
850,6,505,350,103,56,1,1,1
851,6,504,350,104,56,1,1,1
852,6,504,348,104,56,1,1,1
853,6,504,349,104,55,1,1,1
854,6,503,349,105,55,1,1,1
855,6,503,349,107,55,1,1,1
856,6,503,349,107,55,1,1,1
857,6,503,349,107,53,1,1,1
858,6,503,349,107,53,1,1,1
859,6,503,348,107,53,1,1,1
860,6,502,348,108,53,1,1,1
861,6,502,348,108,53,1,1,1
862,6,502,349,108,51,1,1,1
863,6,502,347,108,51,1,1,1
864,6,501,347,110,51,1,1,1
865,6,502,347,108,51,1,1,1
866,6,500,347,110,51,1,1,1
867,6,500,347,110,51,1,1,1
868,6,500,348,110,49,1,1,1
869,6,500,348,110,49,1,1,1
870,6,500,348,112,49,1,1,1
871,6,500,348,112,49,1,1,1
872,6,500,348,112,49,1,1,1
873,6,500,346,112,49,1,1,1
874,6,499,346,111,49,1,1,1
875,6,499,346,112,49,1,1,1
876,6,499,347,111,48,1,1,1
877,6,499,347,112,48,1,1,1
878,6,499,347,112,48,1,1,1
879,6,498,347,112,48,1,1,1
880,6,498,346,112,46,1,1,1
881,6,498,346,114,46,1,1,1
882,6,498,346,114,46,1,1,1
883,6,498,347,114,44,1,1,1
884,6,496,346,115,46,1,1,1
885,6,498,347,114,44,1,1,1
886,6,497,347,116,44,1,1,1
887,6,496,347,115,44,1,1,1
888,6,496,347,115,44,1,1,1
889,6,496,347,115,44,1,1,1
890,6,496,347,115,44,1,1,1
891,6,496,346,115,42,1,1,1
892,6,496,346,115,42,1,1,1
893,6,496,344,115,44,1,1,1
894,6,495,346,116,42,1,1,1
895,6,495,344,116,42,1,1,1
896,6,495,346,116,42,1,1,1
897,6,495,345,116,42,1,1,1
898,6,495,345,116,42,1,1,1
899,6,495,345,116,40,1,1,1
900,6,495,344,116,42,1,1,1
901,6,495,345,116,40,1,1,1
902,6,495,345,116,40,1,1,1
903,6,494,345,116,40,1,1,1
904,6,493,344,118,42,1,1,1
905,6,493,345,118,40,1,1,1
906,6,494,345,116,40,1,1,1
907,6,494,346,116,39,1,1,1
908,6,494,345,116,40,1,1,1
909,6,494,346,116,39,1,1,1
910,6,494,344,116,39,1,1,1
911,6,494,344,116,39,1,1,1
912,6,494,344,116,39,1,1,1
913,6,492,344,116,39,1,1,1
914,6,493,344,116,39,1,1,1
915,6,492,344,116,39,1,1,1
916,6,493,345,116,37,1,1,1
917,6,492,343,116,39,1,1,1
918,6,492,343,116,39,1,1,1
919,6,492,345,116,37,1,1,1
920,6,492,344,116,37,1,1,1
921,6,492,344,116,37,1,1,1
922,6,491,344,116,37,1,1,1
923,6,491,344,116,37,1,1,1
924,6,491,344,116,37,1,1,1
925,6,490,344,116,37,1,1,1
926,6,490,344,116,37,1,1,1
927,6,490,344,116,37,1,1,1
928,6,490,344,116,37,1,1,1
929,6,490,344,116,37,1,1,1
930,6,488,344,118,37,1,1,1
931,6,488,344,116,37,1,1,1
932,6,488,344,118,37,1,1,1
933,6,488,344,116,37,1,1,1
934,6,488,344,116,35,1,1,1
935,6,488,344,116,37,1,1,1
936,6,486,344,112,37,1,1,1
937,6,486,344,112,37,1,1,1
938,6,488,344,110,37,1,1,1
939,6,487,343,110,39,1,1,1
940,6,486,344,114,40,1,1,1
941,6,486,344,111,39,1,1,1
942,6,486,346,112,39,1,1,1
943,6,486,344,112,42,1,1,1
944,6,486,345,114,42,1,1,1
945,6,485,345,112,42,1,1,1
946,6,486,345,112,44,1,1,1
947,6,486,345,111,44,1,1,1
948,6,486,346,111,42,1,1,1
949,6,484,345,110,44,1,1,1
950,6,484,345,110,44,1,1,1
951,6,485,345,108,44,1,1,1
952,6,483,346,108,42,1,1,1
953,6,483,346,108,42,1,1,1
954,6,484,346,107,42,1,1,1
955,6,484,345,107,42,1,1,1
956,6,484,345,105,42,1,1,1
957,6,484,346,104,39,1,1,1
958,6,483,346,105,39,1,1,1
959,6,483,345,105,37,1,1,1
960,6,483,345,105,37,1,1,1
961,6,482,346,104,35,1,1,1
962,6,482,346,104,35,1,1,1
963,6,482,345,104,35,1,1,1
964,6,483,345,105,35,1,1,1
965,6,481,345,107,35,1,1,1
966,6,482,345,108,33,1,1,1
967,6,482,345,108,33,1,1,1
968,6,480,345,108,33,1,1,1
969,6,480,345,110,33,1,1,1
970,6,479,346,111,32,1,1,1
971,6,479,345,111,30,1,1,1
972,6,478,345,112,30,1,1,1
973,6,478,345,114,28,1,1,1
974,6,478,345,114,28,1,1,1
975,6,478,345,114,26,1,1,1
976,6,478,345,114,26,1,1,1
977,6,478,344,116,24,1,1,1
978,6,478,344,116,24,1,1,1
979,6,476,344,116,24,1,1,1
980,6,476,346,118,21,1,1,1
981,6,475,346,119,21,1,1,1
982,6,475,345,119,23,1,1,1
983,6,475,346,119,21,1,1,1
984,6,475,346,120,21,1,1,1
985,6,475,345,120,19,1,1,1
986,6,474,345,119,19,1,1,1
987,6,475,345,120,19,1,1,1
988,6,474,345,120,19,1,1,1
989,6,475,347,120,19,1,1,1
990,6,474,346,119,17,1,1,1
991,6,473,345,120,19,1,1,1
992,6,473,345,120,19,1,1,1
993,6,473,345,119,19,1,1,1
994,6,472,346,120,17,1,1,1
995,6,472,346,120,17,1,1,1
996,6,472,345,120,19,1,1,1
997,6,472,346,120,17,1,1,1
998,6,472,346,120,17,1,1,1
999,6,471,347,121,19,1,1,1
1000,6,470,346,120,17,1,1,1
1001,6,470,346,120,17,1,1,1
1002,6,470,346,120,17,1,1,1
1003,6,470,346,120,17,1,1,1
1004,6,470,346,120,17,1,1,1
1005,6,470,346,120,17,1,1,1
1006,6,470,345,120,19,1,1,1
1007,6,470,345,120,19,1,1,1
1008,6,469,345,120,19,1,1,1
1009,6,468,345,121,19,1,1,1
1010,6,468,345,121,19,1,1,1
1011,6,468,346,120,17,1,1,1
1012,6,468,345,121,19,1,1,1
1013,6,468,345,120,19,1,1,1
1014,6,468,345,120,19,1,1,1
1015,6,466,345,120,19,1,1,1
1016,6,466,345,120,19,1,1,1
1017,6,466,345,120,19,1,1,1
1018,6,466,345,120,19,1,1,1
1019,6,466,345,121,19,1,1,1
1020,6,466,345,121,19,1,1,1
1021,6,466,345,121,19,1,1,1
1022,6,465,345,121,19,1,1,1
1023,6,465,345,121,19,1,1,1
1024,6,465,345,121,19,1,1,1
1025,6,465,345,121,19,1,1,1
1026,6,464,345,121,19,1,1,1
1027,6,464,345,121,19,1,1,1
1028,6,464,345,120,19,1,1,1
1029,6,464,345,120,19,1,1,1
1030,6,463,345,121,19,1,1,1
1031,6,463,345,121,19,1,1,1
1032,6,463,345,121,19,1,1,1
1033,6,461,345,123,19,1,1,1
1034,6,461,345,123,19,1,1,1
1035,6,462,345,121,19,1,1,1
1036,6,460,345,123,19,1,1,1
1037,6,460,345,123,19,1,1,1
1038,6,461,345,121,19,1,1,1
1039,6,460,344,123,21,1,1,1
1040,6,460,344,123,21,1,1,1
1041,6,458,344,124,21,1,1,1
1042,6,459,344,123,21,1,1,1
1043,6,459,345,123,19,1,1,1
1044,6,459,345,123,19,1,1,1
1045,6,459,345,121,19,1,1,1
1046,6,459,345,121,19,1,1,1
1047,6,459,345,121,19,1,1,1
1048,6,458,345,120,19,1,1,1
1049,6,458,345,120,19,1,1,1
1050,6,457,345,120,19,1,1,1
1051,6,457,345,120,19,1,1,1
1052,6,457,345,120,19,1,1,1
1053,6,456,345,121,19,1,1,1
1054,6,457,344,120,21,1,1,1
1055,6,457,345,120,19,1,1,1
1056,6,457,345,120,19,1,1,1
1057,6,456,345,121,19,1,1,1
1058,6,456,345,121,19,1,1,1
1059,6,456,344,121,21,1,1,1
1060,6,455,344,123,21,1,1,1
1061,6,453,344,123,21,1,1,1
1062,6,455,344,121,21,1,1,1
1063,6,455,345,121,19,1,1,1
1064,6,453,345,123,19,1,1,1
1065,6,453,344,123,21,1,1,1
1066,6,454,344,121,21,1,1,1
1067,6,452,344,123,21,1,1,1
1068,6,451,344,124,21,1,1,1
1069,6,452,343,123,21,1,1,1
1070,6,451,344,124,21,1,1,1
1071,6,452,343,123,21,1,1,1
1072,6,451,343,124,21,1,1,1
1073,6,451,343,124,21,1,1,1
1074,6,450,343,124,21,1,1,1
1075,6,452,343,121,21,1,1,1
1076,6,451,344,123,21,1,1,1
1077,6,451,343,123,21,1,1,1
1078,6,451,344,123,21,1,1,1
1079,6,450,344,124,21,1,1,1
1080,6,449,343,123,21,1,1,1
1081,6,449,343,123,21,1,1,1
1082,6,449,343,123,21,1,1,1
1083,6,449,343,124,21,1,1,1
1084,6,449,343,124,21,1,1,1
1085,6,449,343,124,21,1,1,1
1086,6,449,343,124,21,1,1,1
1087,6,448,343,123,21,1,1,1
1088,6,448,344,123,21,1,1,1
1089,6,449,344,121,21,1,1,1
1090,6,448,344,124,21,1,1,1
1091,6,448,344,123,21,1,1,1
1092,6,448,343,123,24,1,1,1
1093,6,448,344,121,21,1,1,1
1094,6,448,343,121,21,1,1,1
1095,6,447,343,121,21,1,1,1
1096,6,447,343,123,21,1,1,1
1097,6,447,344,121,21,1,1,1
1098,6,447,343,123,21,1,1,1
1099,6,447,344,121,21,1,1,1
1100,6,447,343,121,21,1,1,1
1101,6,446,342,124,23,1,1,1
1102,6,445,343,124,21,1,1,1
1103,6,444,343,123,21,1,1,1
1104,6,444,344,123,19,1,1,1
1105,6,444,343,123,21,1,1,1
1106,6,445,343,121,21,1,1,1
1107,6,445,343,120,21,1,1,1
1108,6,444,343,123,21,1,1,1
1109,6,444,343,123,21,1,1,1
1110,6,444,343,123,21,1,1,1
1111,6,444,343,124,21,1,1,1
1112,6,444,343,121,21,1,1,1
1113,6,443,343,123,21,1,1,1
1114,6,443,342,123,23,1,1,1
1115,6,442,342,124,23,1,1,1
1116,6,441,343,123,21,1,1,1
1117,6,442,343,121,21,1,1,1
1118,6,441,343,123,21,1,1,1
1119,6,443,343,121,21,1,1,1
1120,6,441,343,123,21,1,1,1
1121,6,442,343,121,21,1,1,1
1122,6,441,343,120,21,1,1,1
1123,6,442,343,121,21,1,1,1
1124,6,441,343,121,21,1,1,1
1125,6,441,343,121,21,1,1,1
1126,6,441,343,121,21,1,1,1
1127,6,441,343,121,21,1,1,1
1128,6,441,343,121,21,1,1,1
1129,6,441,343,121,21,1,1,1
1130,6,441,343,120,21,1,1,1
1131,6,440,343,120,21,1,1,1
1132,6,440,343,120,21,1,1,1
1133,6,439,343,119,21,1,1,1
1134,6,439,343,119,21,1,1,1
1135,6,438,343,120,21,1,1,1
1136,6,439,343,121,21,1,1,1
1137,6,438,343,120,21,1,1,1
1138,6,439,343,120,21,1,1,1
1139,6,439,343,120,21,1,1,1
1140,6,438,342,120,21,1,1,1
1141,6,438,342,120,21,1,1,1
1142,6,437,342,120,21,1,1,1
1143,6,436,342,121,21,1,1,1
1144,6,437,342,120,21,1,1,1
1145,6,436,343,120,19,1,1,1
1146,6,437,341,119,21,1,1,1
1147,6,436,342,120,21,1,1,1
1148,6,436,342,120,21,1,1,1
1149,6,436,342,120,21,1,1,1
1150,6,436,342,116,21,1,1,1
1151,6,436,342,118,21,1,1,1
1152,6,436,341,120,21,1,1,1
1153,6,435,341,119,21,1,1,1
1154,6,435,341,120,21,1,1,1
1155,6,434,341,118,21,1,1,1
1156,6,434,341,119,21,1,1,1
1157,6,434,342,119,21,1,1,1
1158,6,434,341,119,21,1,1,1
1159,6,433,340,119,23,1,1,1
1160,6,433,341,119,21,1,1,1
1161,6,434,342,116,21,1,1,1
1162,6,433,342,119,21,1,1,1
1163,6,433,342,119,21,1,1,1
1164,6,433,341,118,21,1,1,1
1165,6,434,341,116,21,1,1,1
1166,6,434,341,116,21,1,1,1
1167,6,434,341,116,21,1,1,1
1168,6,433,341,115,21,1,1,1
1169,6,433,341,116,21,1,1,1
1170,6,432,341,114,21,1,1,1
1171,6,433,341,112,21,1,1,1
1172,6,432,341,115,21,1,1,1
1173,6,432,341,115,21,1,1,1
1174,6,431,341,119,21,1,1,1
1175,6,432,341,118,21,1,1,1
1176,6,432,341,118,21,1,1,1
1177,6,431,341,116,21,1,1,1
1178,6,431,341,116,21,1,1,1
1179,6,430,341,114,21,1,1,1
1180,6,430,341,116,21,1,1,1
1181,6,430,341,116,21,1,1,1
1182,6,430,341,116,21,1,1,1
1183,6,430,341,116,21,1,1,1
1184,6,430,341,116,21,1,1,1
1185,6,429,341,115,21,1,1,1
1186,6,428,341,116,21,1,1,1
1187,6,429,342,115,19,1,1,1
1188,6,429,342,116,19,1,1,1
1189,6,430,342,116,19,1,1,1
1190,6,428,342,116,19,1,1,1
1191,6,428,342,118,19,1,1,1
1192,6,428,342,116,19,1,1,1
1193,6,428,342,118,19,1,1,1
1194,6,428,342,116,19,1,1,1
1195,6,428,342,116,19,1,1,1
1196,6,428,342,116,19,1,1,1
1197,6,427,342,116,19,1,1,1
1198,6,427,341,118,21,1,1,1
1199,6,427,341,120,21,1,1,1
1200,6,427,341,120,21,1,1,1
1201,6,426,341,120,21,1,1,1
1202,6,426,342,120,19,1,1,1
1203,6,426,342,120,19,1,1,1
1204,6,425,341,118,21,1,1,1
1205,6,426,342,119,19,1,1,1
1206,6,426,341,119,21,1,1,1
1207,6,426,341,116,21,1,1,1
1208,6,426,341,116,21,1,1,1
1209,6,425,341,118,21,1,1,1
1210,6,426,341,120,21,1,1,1
1211,6,424,342,120,19,1,1,1
1212,6,424,341,120,21,1,1,1
1213,6,424,341,120,21,1,1,1
1214,6,424,341,120,21,1,1,1
1215,6,424,341,120,21,1,1,1
1216,6,425,341,119,21,1,1,1
1217,6,424,341,120,21,1,1,1
1218,6,424,341,120,21,1,1,1
1219,6,424,341,120,21,1,1,1
1220,6,424,341,118,21,1,1,1
1221,6,423,341,120,21,1,1,1
1222,6,424,341,118,21,1,1,1
1223,6,423,341,120,21,1,1,1
1224,6,423,341,118,21,1,1,1
1225,6,422,339,119,21,1,1,1
1226,6,423,339,118,21,1,1,1
1227,6,423,341,116,21,1,1,1
1228,6,422,339,116,21,1,1,1
1229,6,422,340,111,23,1,1,1
1230,6,421,339,112,21,1,1,1
1231,6,422,341,114,21,1,1,1
1232,6,422,339,114,21,1,1,1
1233,6,422,339,112,21,1,1,1
1234,6,422,339,112,21,1,1,1
1235,6,420,339,116,21,1,1,1
1236,6,420,339,114,21,1,1,1
1237,6,421,340,116,23,1,1,1
1238,6,420,338,118,24,1,1,1
1239,6,420,338,118,24,1,1,1
1240,6,420,338,118,24,1,1,1
1241,6,419,338,116,24,1,1,1
1242,6,419,338,116,24,1,1,1
1243,6,420,338,118,24,1,1,1
1244,6,420,338,116,24,1,1,1
1245,6,420,337,116,24,1,1,1
1246,6,419,337,116,24,1,1,1
1247,6,420,337,115,24,1,1,1
1248,6,418,337,116,26,1,1,1
1249,6,418,337,114,26,1,1,1
1250,6,417,336,115,26,1,1,1
1251,6,418,336,112,26,1,1,1
1252,6,418,336,112,26,1,1,1
1253,6,417,336,112,26,1,1,1
1254,6,418,336,110,26,1,1,1
1255,6,417,336,110,26,1,1,1
1256,6,417,336,110,26,1,1,1
1257,6,418,336,110,26,1,1,1
1258,6,418,336,110,26,1,1,1
1259,6,417,336,111,26,1,1,1
1260,6,417,336,112,28,1,1,1
1261,6,415,336,115,28,1,1,1
1262,6,417,336,111,28,1,1,1
1263,6,416,336,112,28,1,1,1
1264,6,416,336,112,28,1,1,1
1265,6,417,336,112,28,1,1,1
1266,6,416,336,112,28,1,1,1
1267,6,416,336,112,28,1,1,1
1268,6,415,336,114,28,1,1,1
1269,6,414,336,114,28,1,1,1
1270,6,414,336,114,28,1,1,1
1271,6,413,336,115,28,1,1,1
1272,6,413,335,115,30,1,1,1
1273,6,412,336,116,28,1,1,1
1274,6,412,335,118,30,1,1,1
1275,6,411,336,120,28,1,1,1
1276,6,406,335,124,30,1,1,1
1277,6,411,335,120,30,1,1,1
1278,6,411,336,120,28,1,1,1
1279,6,412,335,120,28,1,1,1
1280,6,412,335,116,28,1,1,1
1281,6,412,335,116,28,1,1,1
1282,6,413,334,119,28,1,1,1
1283,6,413,335,119,28,1,1,1
1284,6,412,334,118,28,1,1,1
1285,6,412,334,118,28,1,1,1
1286,6,412,335,120,28,1,1,1
1287,6,408,335,123,28,1,1,1
1288,6,410,335,121,28,1,1,1
1289,6,406,335,124,30,1,1,1
1290,6,408,335,123,28,1,1,1
1291,6,409,335,121,28,1,1,1
1292,6,406,335,124,30,1,1,1
1293,6,409,335,121,28,1,1,1
1294,6,408,333,121,30,1,1,1
1295,6,406,333,124,30,1,1,1
1296,6,406,333,124,30,1,1,1
1297,6,404,334,125,30,1,1,1
1298,6,404,334,124,30,1,1,1
1299,6,400,333,128,33,1,1,1
1300,6,405,333,124,30,1,1,1
1301,6,404,334,124,28,1,1,1
1302,6,403,333,125,30,1,1,1
1303,6,405,334,124,28,1,1,1
1304,6,406,334,121,28,1,1,1
1305,6,404,333,123,30,1,1,1
1306,6,404,333,123,30,1,1,1
1307,6,406,333,120,30,1,1,1
1308,6,404,333,123,30,1,1,1
1309,6,402,333,124,30,1,1,1
1310,6,402,333,124,30,1,1,1
1311,6,401,332,125,32,1,1,1
1312,6,402,333,124,30,1,1,1
1313,6,402,333,124,30,1,1,1
1314,6,400,333,124,30,1,1,1
1315,6,400,333,124,30,1,1,1
1316,6,401,333,124,30,1,1,1
1317,6,402,333,124,30,1,1,1
1318,6,402,333,124,30,1,1,1
1319,6,400,333,124,30,1,1,1
1320,6,401,333,124,30,1,1,1
1321,6,401,333,123,30,1,1,1
1322,6,401,333,123,30,1,1,1
1323,6,401,333,124,30,1,1,1
1324,6,401,333,123,30,1,1,1
1325,6,401,333,124,30,1,1,1
1326,6,401,333,124,30,1,1,1
1327,6,400,333,123,30,1,1,1
1328,6,402,333,121,30,1,1,1
1329,6,402,333,121,30,1,1,1
1330,6,400,334,123,28,1,1,1
1331,6,402,334,121,28,1,1,1
1332,6,402,334,121,28,1,1,1
1333,6,401,334,120,28,1,1,1
1334,6,401,336,120,26,1,1,1
1335,6,401,335,120,28,1,1,1
1336,6,399,336,121,28,1,1,1
1337,6,399,336,121,26,1,1,1
1338,6,399,336,121,26,1,1,1
1339,6,400,336,120,26,1,1,1
1340,6,400,336,120,26,1,1,1
1341,6,400,336,120,26,1,1,1
1342,6,400,336,120,26,1,1,1
1343,6,398,336,120,26,1,1,1
1344,6,400,337,120,24,1,1,1
1345,6,399,336,120,26,1,1,1
1346,6,398,336,120,26,1,1,1
1347,6,399,336,120,26,1,1,1
1348,6,398,336,120,26,1,1,1
1349,6,398,336,119,26,1,1,1
1350,6,398,336,119,26,1,1,1
1351,6,398,336,119,26,1,1,1
1352,6,398,336,116,26,1,1,1
1353,6,399,336,116,28,1,1,1
1354,6,398,336,116,26,1,1,1
1355,6,398,336,112,28,1,1,1
1356,6,398,336,114,26,1,1,1
1357,6,398,336,116,26,1,1,1
1358,6,398,336,116,26,1,1,1
1359,6,396,336,118,26,1,1,1
1360,6,396,337,118,24,1,1,1
1361,6,396,335,118,26,1,1,1
1362,6,396,336,120,26,1,1,1
1363,6,396,334,120,28,1,1,1
1364,6,396,335,116,28,1,1,1
1365,6,398,336,116,28,1,1,1
1366,6,398,336,112,28,1,1,1
1367,6,398,335,114,30,1,1,1
1368,6,398,335,114,30,1,1,1
1369,6,396,335,116,30,1,1,1
1370,6,395,336,116,30,1,1,1
1371,6,395,335,115,30,1,1,1
1372,6,394,336,116,28,1,1,1
1373,6,393,335,118,28,1,1,1
1374,6,395,334,116,28,1,1,1
1375,6,394,334,116,28,1,1,1
1376,6,394,333,116,30,1,1,1
1377,6,394,333,116,30,1,1,1
1378,6,394,333,116,30,1,1,1
1379,6,394,333,116,30,1,1,1
1380,6,393,334,119,30,1,1,1
1381,6,392,333,118,33,1,1,1
1382,6,392,333,118,33,1,1,1
1383,6,394,335,116,30,1,1,1
1384,6,394,335,116,30,1,1,1
1385,6,394,335,116,30,1,1,1
1386,6,393,334,115,32,1,1,1
1387,6,393,334,115,32,1,1,1
1388,6,394,334,111,32,1,1,1
1389,6,394,334,111,32,1,1,1
1390,6,392,333,112,33,1,1,1
1391,6,393,332,112,32,1,1,1
1392,6,392,333,114,33,1,1,1
1393,6,392,333,116,33,1,1,1
1394,6,392,334,120,32,1,1,1
1395,6,391,334,120,32,1,1,1
1396,6,390,334,118,30,1,1,1
1397,6,391,334,115,30,1,1,1
1398,6,390,332,116,32,1,1,1
1399,6,390,333,114,33,1,1,1
1400,6,391,332,115,35,1,1,1
1401,6,391,331,115,33,1,1,1
1402,6,391,331,116,33,1,1,1
1403,6,391,333,116,33,1,1,1
1404,6,389,333,118,33,1,1,1
1405,6,389,333,115,33,1,1,1
1406,6,390,333,112,33,1,1,1
1407,6,389,333,112,33,1,1,1
1408,6,390,333,111,33,1,1,1
1409,6,390,332,111,32,1,1,1
1410,6,390,332,112,32,1,1,1
1411,6,390,332,112,32,1,1,1
1412,6,390,332,112,32,1,1,1
1413,6,389,333,115,33,1,1,1
1414,6,388,331,116,33,1,1,1
1415,6,389,331,119,33,1,1,1
1416,6,389,331,114,33,1,1,1
1417,6,388,331,115,33,1,1,1
1418,6,389,331,111,33,1,1,1
1419,6,389,331,112,33,1,1,1
1420,6,389,332,114,32,1,1,1
1421,6,388,332,112,32,1,1,1
1422,6,387,333,114,33,1,1,1
1423,6,387,333,114,33,1,1,1
1424,6,388,331,110,33,1,1,1
1425,6,388,331,112,33,1,1,1
1426,6,387,331,111,33,1,1,1
1427,6,388,331,115,33,1,1,1
1428,6,388,331,115,33,1,1,1
1429,6,388,331,112,33,1,1,1
1430,6,386,332,112,35,1,1,1
1431,6,387,331,108,33,1,1,1
1432,6,387,331,110,33,1,1,1
1433,6,386,331,111,33,1,1,1
1434,6,385,331,112,33,1,1,1
1435,6,384,331,115,33,1,1,1
1436,6,385,331,112,33,1,1,1
1437,6,384,331,116,33,1,1,1
1438,6,385,331,114,33,1,1,1
1439,6,384,330,112,35,1,1,1
1440,6,383,330,114,35,1,1,1
1441,6,384,330,112,35,1,1,1
1442,6,385,330,111,35,1,1,1
1443,6,384,330,112,35,1,1,1
1444,6,384,330,112,35,1,1,1
1445,6,382,330,112,35,1,1,1
1446,6,384,330,112,35,1,1,1
1447,6,382,330,114,35,1,1,1
1448,6,382,330,112,35,1,1,1
1449,6,382,330,114,35,1,1,1
1450,6,382,330,114,35,1,1,1
1451,6,382,330,112,35,1,1,1
1452,6,382,330,112,35,1,1,1
1453,6,380,330,114,35,1,1,1
1454,6,380,330,115,35,1,1,1
1455,6,378,329,118,37,1,1,1
1456,6,382,330,114,35,1,1,1
1457,6,382,330,112,35,1,1,1
1458,6,379,329,116,37,1,1,1
1459,6,380,329,115,37,1,1,1
1460,6,379,329,114,37,1,1,1
1461,6,379,330,114,35,1,1,1
1462,6,379,329,114,37,1,1,1
1463,6,379,330,114,35,1,1,1
1464,6,378,329,118,37,1,1,1
1465,6,378,329,118,37,1,1,1
1466,6,379,329,116,37,1,1,1
1467,6,379,329,116,37,1,1,1
1468,6,379,329,116,37,1,1,1
1469,6,378,329,116,37,1,1,1
1470,6,379,328,116,37,1,1,1
1471,6,377,328,118,39,1,1,1
1472,6,377,329,119,37,1,1,1
1473,6,377,329,119,37,1,1,1
1474,6,377,329,119,37,1,1,1
1475,6,377,329,118,37,1,1,1
1476,6,377,329,118,37,1,1,1
1477,6,379,329,116,37,1,1,1
1478,6,378,329,116,37,1,1,1
1479,6,379,328,116,39,1,1,1
1480,6,379,329,116,37,1,1,1
1481,6,379,329,115,37,1,1,1
1482,6,378,329,116,37,1,1,1
1483,6,378,329,116,37,1,1,1
1484,6,378,328,116,37,1,1,1
1485,6,378,329,116,37,1,1,1
1486,6,378,329,116,37,1,1,1
1487,6,379,329,115,37,1,1,1
1488,6,378,329,114,37,1,1,1
1489,6,378,329,114,37,1,1,1
1490,6,377,329,115,37,1,1,1
1491,6,377,329,115,37,1,1,1
1492,6,378,329,114,37,1,1,1
1493,6,378,327,116,39,1,1,1
1494,6,377,327,115,39,1,1,1
1495,6,377,327,115,39,1,1,1
1496,6,378,327,116,39,1,1,1
1497,6,376,327,118,39,1,1,1
1498,6,376,327,116,39,1,1,1
1499,6,375,327,119,39,1,1,1
1500,6,376,327,118,39,1,1,1
1501,6,376,327,116,39,1,1,1
1502,6,376,327,116,39,1,1,1
1503,6,376,327,116,39,1,1,1
1504,6,376,327,116,39,1,1,1
1505,6,376,327,116,39,1,1,1
1506,6,375,326,119,40,1,1,1
1507,6,376,327,118,39,1,1,1
1508,6,375,327,119,39,1,1,1
1509,6,376,327,118,39,1,1,1
1510,6,374,328,119,39,1,1,1
1511,6,374,327,119,39,1,1,1
1512,6,376,326,116,40,1,1,1
1513,6,374,327,118,39,1,1,1
1514,6,373,327,119,39,1,1,1
1515,6,374,327,118,39,1,1,1
1516,6,374,327,118,39,1,1,1
1517,6,373,327,120,39,1,1,1
1518,6,373,327,118,39,1,1,1
1519,6,373,326,119,40,1,1,1
1520,6,373,326,119,40,1,1,1
1521,6,373,327,118,39,1,1,1
1522,6,374,327,116,39,1,1,1
1523,6,374,327,116,39,1,1,1
1524,6,374,327,114,39,1,1,1
1525,6,374,328,114,39,1,1,1
1526,6,375,328,112,39,1,1,1
1527,6,374,328,116,39,1,1,1
1528,6,374,328,116,39,1,1,1
1529,6,372,328,116,39,1,1,1
1530,6,374,328,116,39,1,1,1
1531,6,374,328,116,39,1,1,1
1532,6,374,328,116,39,1,1,1
1533,6,374,328,116,39,1,1,1
1534,6,375,328,116,39,1,1,1
1535,6,375,328,115,39,1,1,1
1536,6,373,328,118,39,1,1,1
1537,6,375,328,115,39,1,1,1
1538,6,374,328,108,39,1,1,1
1539,6,375,329,112,40,1,1,1
1540,6,375,329,110,40,1,1,1
1541,6,374,329,112,40,1,1,1
1542,6,375,327,110,42,1,1,1
1543,6,375,327,112,42,1,1,1
1544,6,375,327,112,42,1,1,1
1545,6,374,328,112,42,1,1,1
1546,6,375,326,112,44,1,1,1
1547,6,375,326,112,44,1,1,1
1548,6,374,326,111,44,1,1,1
1549,6,375,326,110,44,1,1,1
1550,6,374,326,112,44,1,1,1
1551,6,374,326,112,44,1,1,1
1552,6,374,326,112,44,1,1,1
1553,6,374,326,112,44,1,1,1
1554,6,373,325,110,46,1,1,1
1555,6,374,325,108,46,1,1,1
1556,6,372,325,110,46,1,1,1
1557,6,374,325,108,46,1,1,1
1558,6,374,325,108,46,1,1,1
1559,6,374,325,108,46,1,1,1
1560,6,374,324,105,48,1,1,1
1561,6,374,324,104,48,1,1,1
1562,6,374,323,104,49,1,1,1
1563,6,374,323,104,49,1,1,1
1564,6,374,323,104,49,1,1,1
1565,6,374,323,104,49,1,1,1
1566,6,374,323,104,49,1,1,1
1567,6,374,323,104,49,1,1,1
1568,6,374,323,104,49,1,1,1
1569,6,373,323,105,49,1,1,1
1570,6,373,323,104,49,1,1,1
1571,6,373,323,104,49,1,1,1
1572,6,372,322,105,51,1,1,1
1573,6,372,322,104,51,1,1,1
1574,6,372,322,104,51,1,1,1
1575,6,372,321,108,53,1,1,1
1576,6,372,322,108,51,1,1,1
1577,6,372,322,107,51,1,1,1
1578,6,372,321,105,53,1,1,1
1579,6,372,321,107,53,1,1,1
1580,6,372,321,107,53,1,1,1
1581,6,371,321,108,53,1,1,1
1582,6,370,321,108,53,1,1,1
1583,6,372,321,107,53,1,1,1
1584,6,372,321,107,53,1,1,1
1585,6,372,321,107,53,1,1,1
1586,6,370,321,108,53,1,1,1
1587,6,370,320,108,55,1,1,1
1588,6,371,320,107,55,1,1,1
1589,6,370,320,108,56,1,1,1
1590,6,370,320,108,56,1,1,1
1591,6,371,320,107,56,1,1,1
1592,6,370,320,108,56,1,1,1
1593,6,370,320,108,56,1,1,1
1594,6,368,318,108,56,1,1,1
1595,6,368,318,108,56,1,1,1
1596,6,369,317,108,58,1,1,1
1597,6,368,317,108,58,1,1,1
1598,6,369,317,108,58,1,1,1
1599,6,369,317,107,58,1,1,1
1600,6,370,317,108,58,1,1,1
1601,6,369,317,108,58,1,1,1
1602,6,367,317,108,58,1,1,1
1603,6,368,317,110,58,1,1,1
1604,6,368,316,110,60,1,1,1
1605,6,367,316,108,60,1,1,1
1606,6,368,316,110,60,1,1,1
1607,6,366,316,111,60,1,1,1
1608,6,366,316,111,60,1,1,1
1609,6,365,316,110,60,1,1,1
1610,6,365,316,110,60,1,1,1
1611,6,367,316,108,60,1,1,1
1612,6,367,316,108,60,1,1,1
1613,6,367,316,108,60,1,1,1
1614,6,366,315,108,62,1,1,1
1615,6,366,315,108,62,1,1,1
1616,6,366,315,108,62,1,1,1
1617,6,367,315,107,62,1,1,1
1618,6,367,316,107,60,1,1,1
1619,6,366,315,108,62,1,1,1
1620,6,366,315,108,62,1,1,1
1621,6,366,315,108,62,1,1,1
1622,6,366,315,108,62,1,1,1
1623,6,366,315,108,62,1,1,1
1624,6,366,314,108,64,1,1,1
1625,6,365,314,107,64,1,1,1
1626,6,365,314,107,64,1,1,1
1627,6,365,314,108,64,1,1,1
1628,6,364,314,108,64,1,1,1
1629,6,364,315,108,62,1,1,1
1630,6,364,314,108,64,1,1,1
1631,6,364,314,108,64,1,1,1
1632,6,364,314,108,64,1,1,1
1633,6,364,314,108,64,1,1,1
1634,6,364,314,110,64,1,1,1
1635,6,364,314,108,65,1,1,1
1636,6,365,314,108,64,1,1,1
1637,6,365,314,108,64,1,1,1
1638,6,365,314,108,65,1,1,1
1639,6,365,314,108,65,1,1,1
1640,6,364,314,107,65,1,1,1
1641,6,364,314,107,65,1,1,1
1642,6,364,314,107,65,1,1,1
1643,6,363,314,108,65,1,1,1
1644,6,363,314,108,65,1,1,1
1645,6,363,315,108,65,1,1,1
1646,6,364,315,107,65,1,1,1
1647,6,363,315,108,65,1,1,1
1648,6,363,315,108,65,1,1,1
1649,6,363,315,108,65,1,1,1
1650,6,364,315,107,65,1,1,1
1651,6,364,317,107,65,1,1,1
1652,6,364,317,107,65,1,1,1
1653,6,364,317,105,65,1,1,1
1654,6,364,318,105,64,1,1,1
1655,6,364,318,105,64,1,1,1
1656,6,364,317,107,65,1,1,1
1657,6,364,318,105,64,1,1,1
1658,6,365,320,104,62,1,1,1
1659,6,364,320,104,62,1,1,1
1660,6,365,320,103,62,1,1,1
1661,6,365,320,103,62,1,1,1
1662,6,365,320,101,62,1,1,1
1663,6,365,320,100,62,1,1,1
1664,6,364,320,98,62,1,1,1
1665,6,364,320,98,62,1,1,1
1666,6,364,320,99,62,1,1,1
1667,6,365,322,96,62,1,1,1
1668,6,365,322,95,62,1,1,1
1669,6,364,322,94,62,1,1,1
1670,6,365,322,101,62,1,1,1
1671,6,364,322,100,62,1,1,1
1672,6,366,322,100,62,1,1,1
1673,6,366,322,100,62,1,1,1
1674,6,364,321,100,64,1,1,1
1675,6,364,321,100,64,1,1,1
1676,6,366,321,100,64,1,1,1
1677,6,364,321,100,64,1,1,1
1678,6,365,321,100,64,1,1,1
1679,6,366,321,98,64,1,1,1
1680,6,366,321,96,64,1,1,1
1681,6,366,320,98,65,1,1,1
1682,6,364,320,98,65,1,1,1
1683,6,366,320,98,65,1,1,1
1684,6,364,320,96,65,1,1,1
1685,6,365,320,96,65,1,1,1
1686,6,365,320,95,67,1,1,1
1687,6,364,320,96,67,1,1,1
1688,6,365,320,95,67,1,1,1
1689,6,365,320,95,67,1,1,1
1690,6,364,320,96,67,1,1,1
1691,6,365,320,96,67,1,1,1
1692,6,365,320,94,67,1,1,1
1693,6,365,320,95,67,1,1,1
1694,6,365,319,95,69,1,1,1
1695,6,365,319,95,69,1,1,1
1696,6,365,319,94,69,1,1,1
1697,6,364,319,94,69,1,1,1
1698,6,364,319,94,69,1,1,1
1699,6,365,318,95,71,1,1,1
1700,6,365,319,94,69,1,1,1
1701,6,365,318,95,71,1,1,1
1702,6,366,318,92,71,1,1,1
1703,6,365,318,94,71,1,1,1
1704,6,365,318,94,71,1,1,1
1705,6,366,318,92,71,1,1,1
1706,6,366,317,92,72,1,1,1
1707,6,364,317,92,72,1,1,1
1708,6,366,317,92,72,1,1,1
1709,6,364,317,92,72,1,1,1
1710,6,364,316,92,74,1,1,1
1711,6,364,316,92,74,1,1,1
1712,6,364,316,92,74,1,1,1
1713,6,364,316,92,74,1,1,1
1714,6,364,314,92,74,1,1,1
1715,6,364,314,92,74,1,1,1
1716,6,364,315,92,76,1,1,1
1717,6,365,313,92,76,1,1,1
1718,6,365,313,92,76,1,1,1
1719,6,365,313,92,76,1,1,1
1720,6,365,312,92,78,1,1,1
1721,6,365,312,92,78,1,1,1
1722,6,365,312,92,78,1,1,1
1723,6,365,312,92,78,1,1,1
1724,6,364,312,89,78,1,1,1
1725,6,364,312,91,78,1,1,1
1726,6,364,312,89,78,1,1,1
1727,6,364,312,91,78,1,1,1
1728,6,364,312,91,78,1,1,1
1729,6,364,310,91,80,1,1,1
1730,6,364,310,91,80,1,1,1
1731,6,364,310,89,80,1,1,1
1732,6,364,310,89,80,1,1,1
1733,6,364,309,89,81,1,1,1
1734,6,364,309,89,81,1,1,1
1735,6,364,309,88,81,1,1,1
1736,6,364,308,88,83,1,1,1
1737,6,364,308,88,83,1,1,1
1738,6,364,308,88,83,1,1,1
1739,6,364,308,88,83,1,1,1
1740,6,364,308,88,83,1,1,1
1741,6,364,308,88,83,1,1,1
1742,6,363,307,87,85,1,1,1
1743,6,363,307,88,85,1,1,1
1744,6,363,307,88,85,1,1,1
1745,6,364,307,85,85,1,1,1
1746,6,362,306,87,87,1,1,1
1747,6,362,306,87,87,1,1,1
1748,6,362,306,87,87,1,1,1
1749,6,362,306,87,87,1,1,1
1750,6,363,304,88,88,1,1,1
1751,6,362,304,87,88,1,1,1
1752,6,362,304,88,88,1,1,1
1753,6,362,304,88,88,1,1,1
1754,6,362,304,87,88,1,1,1
1755,6,362,304,87,88,1,1,1
1756,6,362,304,88,88,1,1,1
1757,6,362,304,87,88,1,1,1
1758,6,362,303,88,90,1,1,1
1759,6,362,303,88,90,1,1,1
1760,6,362,303,87,90,1,1,1
1761,6,362,303,87,90,1,1,1
1762,6,361,303,88,90,1,1,1
1763,6,360,302,88,92,1,1,1
1764,6,361,302,87,92,1,1,1
1765,6,361,302,87,92,1,1,1
1766,6,361,302,85,92,1,1,1
1767,6,360,302,84,92,1,1,1
1768,6,361,302,85,92,1,1,1
1769,6,361,302,85,92,1,1,1
1770,6,361,302,85,92,1,1,1
1771,6,361,302,85,92,1,1,1
1772,6,361,302,85,92,1,1,1
1773,6,360,303,84,92,1,1,1
1774,6,360,303,84,92,1,1,1
1775,6,360,303,84,92,1,1,1
1776,6,361,301,84,94,1,1,1
1777,6,361,301,84,94,1,1,1
1778,6,360,301,84,94,1,1,1
1779,6,360,301,84,94,1,1,1
1780,6,361,301,84,94,1,1,1
1781,6,360,301,84,94,1,1,1
1782,6,360,302,84,94,1,1,1
1783,6,360,302,84,94,1,1,1
1784,6,360,302,85,94,1,1,1
1785,6,359,301,84,94,1,1,1
1786,6,360,302,85,94,1,1,1
1787,6,359,303,84,94,1,1,1
1788,6,359,302,84,94,1,1,1
1789,6,360,303,83,94,1,1,1
1790,6,361,303,81,94,1,1,1
1791,6,360,303,83,94,1,1,1
1792,6,360,303,83,94,1,1,1
1793,6,360,303,84,94,1,1,1
1794,6,360,303,83,94,1,1,1
1795,6,360,303,83,94,1,1,1
1796,6,360,303,83,94,1,1,1
1797,6,359,303,84,94,1,1,1
1798,6,358,303,84,94,1,1,1
1799,6,358,303,84,94,1,1,1
1800,6,358,303,84,94,1,1,1
1801,6,358,303,84,94,1,1,1
1802,6,358,303,84,94,1,1,1
1803,6,358,303,84,94,1,1,1
1804,6,359,302,84,96,1,1,1
1805,6,359,303,84,94,1,1,1
1806,6,358,302,84,96,1,1,1
1807,6,358,302,84,96,1,1,1
1808,6,357,302,85,96,1,1,1
1809,6,357,304,85,94,1,1,1
1810,6,357,304,85,94,1,1,1
1811,6,358,304,84,94,1,1,1
1812,6,357,304,87,94,1,1,1
1813,6,357,304,87,94,1,1,1
1814,6,357,304,85,94,1,1,1
1815,6,358,304,84,94,1,1,1
1816,6,358,304,84,94,1,1,1
1817,6,358,304,84,94,1,1,1
1818,6,358,304,84,94,1,1,1
1819,6,358,304,84,94,1,1,1
1820,6,358,304,84,94,1,1,1
1821,6,356,304,84,94,1,1,1
1822,6,358,304,84,94,1,1,1
1823,6,358,304,84,94,1,1,1
1824,6,356,304,84,94,1,1,1
1825,6,358,304,84,94,1,1,1
1826,6,356,304,84,94,1,1,1
1827,6,356,304,84,94,1,1,1
1828,6,356,306,84,94,1,1,1
1829,6,356,306,84,94,1,1,1
1830,6,356,306,85,94,1,1,1
1831,6,356,306,85,94,1,1,1
1832,6,356,306,84,94,1,1,1
1833,6,356,306,84,94,1,1,1
1834,6,356,306,84,94,1,1,1
1835,6,356,306,84,94,1,1,1
1836,6,356,306,84,94,1,1,1
1837,6,357,306,84,94,1,1,1
1838,6,356,306,84,94,1,1,1
1839,6,356,306,84,94,1,1,1
1840,6,356,306,84,94,1,1,1
1841,6,356,306,84,94,1,1,1
1842,6,357,309,84,92,1,1,1
1843,6,358,309,81,92,1,1,1
1844,6,358,309,81,92,1,1,1
1845,6,358,311,80,92,1,1,1
1846,6,358,309,81,92,1,1,1
1847,6,357,311,83,92,1,1,1
1848,6,357,312,83,90,1,1,1
1849,6,358,312,81,90,1,1,1
1850,6,358,314,80,88,1,1,1
1851,6,358,312,80,90,1,1,1
1852,6,357,314,83,88,1,1,1
1853,6,359,314,83,88,1,1,1
1854,6,359,315,81,87,1,1,1
1855,6,360,315,80,87,1,1,1
1856,6,360,316,80,85,1,1,1
1857,6,360,318,80,85,1,1,1
1858,6,360,318,80,85,1,1,1
1859,6,360,318,80,85,1,1,1
1860,6,360,318,80,85,1,1,1
1861,6,360,318,80,85,1,1,1
1862,6,360,320,80,83,1,1,1
1863,6,361,320,79,83,1,1,1
1864,6,360,320,80,83,1,1,1
1865,6,360,320,80,83,1,1,1
1866,6,361,320,79,83,1,1,1
1867,6,361,320,77,83,1,1,1
1868,6,360,322,76,83,1,1,1
1869,6,360,322,76,83,1,1,1
1870,6,361,322,76,83,1,1,1
1871,6,359,320,76,85,1,1,1
1872,6,359,322,76,83,1,1,1
1873,6,360,321,75,83,1,1,1
1874,6,360,320,74,85,1,1,1
1875,6,361,320,72,85,1,1,1
1876,6,362,320,72,85,1,1,1
1877,6,360,320,74,85,1,1,1
1878,6,362,320,72,85,1,1,1
1879,6,362,320,72,85,1,1,1
1880,6,362,320,72,85,1,1,1
1881,6,362,320,72,85,1,1,1
1882,6,362,320,74,85,1,1,1
1883,6,362,320,74,85,1,1,1
1884,6,362,320,74,85,1,1,1
1885,6,362,318,72,88,1,1,1
1886,6,362,318,71,88,1,1,1
1887,6,362,318,72,88,1,1,1
1888,6,361,318,72,88,1,1,1
1889,6,362,318,71,88,1,1,1
1890,6,362,318,71,88,1,1,1
1891,6,361,318,70,88,1,1,1
1892,6,362,318,71,88,1,1,1
1893,6,361,318,71,88,1,1,1
1894,6,361,318,71,88,1,1,1
1895,6,361,317,70,90,1,1,1
1896,6,361,317,71,90,1,1,1
1897,6,361,317,70,90,1,1,1
1898,6,362,317,71,90,1,1,1
1899,6,361,316,70,92,1,1,1
1900,6,361,316,70,92,1,1,1
1901,6,362,316,71,92,1,1,1
1902,6,362,316,68,92,1,1,1
1903,6,361,316,70,92,1,1,1
1904,6,361,316,67,92,1,1,1
1905,6,362,316,65,92,1,1,1
1906,6,361,314,63,92,1,1,1
1907,6,362,315,65,94,1,1,1
1908,6,362,313,68,94,1,1,1
1909,6,362,313,65,94,1,1,1
1910,6,362,313,64,94,1,1,1
1911,6,361,313,64,94,1,1,1
1912,6,361,313,63,94,1,1,1
1913,6,361,312,64,96,1,1,1
1914,6,361,312,63,96,1,1,1
1915,6,361,312,64,96,1,1,1
1916,6,362,312,65,96,1,1,1
1917,6,362,312,64,96,1,1,1
1918,6,361,312,64,97,1,1,1
1919,6,361,312,62,97,1,1,1
1920,6,361,312,64,97,1,1,1
1921,6,362,311,60,99,1,1,1
1922,6,360,311,62,99,1,1,1
1923,6,361,311,63,99,1,1,1
1924,6,361,311,63,99,1,1,1
1925,6,360,311,62,99,1,1,1
1926,6,362,310,60,101,1,1,1
1927,6,361,310,62,101,1,1,1
1928,6,361,310,62,101,1,1,1
1929,6,360,308,60,101,1,1,1
1930,6,361,308,59,101,1,1,1
1931,6,361,308,60,101,1,1,1
1932,6,360,310,59,101,1,1,1
1933,6,360,308,62,101,1,1,1
1934,6,360,308,59,101,1,1,1
1935,6,360,307,59,103,1,1,1
1936,6,361,307,60,103,1,1,1
1937,6,360,306,62,104,1,1,1
1938,6,361,305,63,106,1,1,1
1939,6,360,305,62,106,1,1,1
1940,6,361,306,56,104,1,1,1
1941,6,361,306,60,104,1,1,1
1942,6,361,306,60,104,1,1,1
1943,6,360,305,60,106,1,1,1
1944,6,361,305,60,106,1,1,1
1945,6,361,305,60,106,1,1,1
1946,6,361,305,60,106,1,1,1
1947,6,360,305,60,106,1,1,1
1948,6,361,306,60,104,1,1,1
1949,6,360,305,60,106,1,1,1
1950,6,361,305,60,106,1,1,1
1951,6,361,305,60,106,1,1,1
1952,6,361,305,60,106,1,1,1
1953,6,360,305,60,106,1,1,1
1954,6,361,304,60,108,1,1,1
1955,6,359,304,63,108,1,1,1
1956,6,361,304,57,108,1,1,1
1957,6,360,304,59,108,1,1,1
1958,6,360,304,59,108,1,1,1
1959,6,361,304,57,108,1,1,1
1960,6,361,304,57,108,1,1,1
1961,6,360,304,59,108,1,1,1
1962,6,360,304,59,108,1,1,1
1963,6,361,304,57,108,1,1,1
1964,6,360,304,59,108,1,1,1
1965,6,361,304,57,108,1,1,1
1966,6,361,304,57,108,1,1,1
1967,6,361,304,56,108,1,1,1
1968,6,360,304,57,110,1,1,1
1969,6,361,304,56,108,1,1,1
1970,6,360,304,56,108,1,1,1
1971,6,360,304,56,110,1,1,1
1972,6,360,304,56,110,1,1,1
1973,6,360,304,56,110,1,1,1
1974,6,360,304,56,110,1,1,1
1975,6,360,304,56,110,1,1,1
1976,6,360,304,56,108,1,1,1
1977,6,360,304,56,110,1,1,1
1978,6,360,304,56,110,1,1,1
1979,6,361,304,55,110,1,1,1
1980,6,361,304,55,110,1,1,1
1981,6,361,304,55,110,1,1,1
1982,6,361,304,55,110,1,1,1
1983,6,361,304,55,110,1,1,1
1984,6,361,303,55,112,1,1,1
1985,6,361,304,55,110,1,1,1
1986,6,360,304,54,110,1,1,1
1987,6,359,304,55,110,1,1,1
1988,6,360,304,54,110,1,1,1
1989,6,360,304,54,110,1,1,1
1990,6,360,304,54,110,1,1,1
1991,6,360,304,54,110,1,1,1
1992,6,360,304,54,110,1,1,1
1993,6,360,304,54,110,1,1,1
1994,6,361,304,55,110,1,1,1
1995,6,361,303,55,112,1,1,1
1996,6,360,303,54,112,1,1,1
1997,6,360,303,54,112,1,1,1
1998,6,359,305,55,110,1,1,1
1999,6,359,305,55,110,1,1,1
2000,6,359,304,55,113,1,1,1
2001,6,360,303,54,112,1,1,1
2002,6,360,304,52,112,1,1,1
2003,6,360,304,52,112,1,1,1
2004,6,360,304,52,113,1,1,1
2005,6,360,304,52,113,1,1,1
2006,6,360,304,52,113,1,1,1
2007,6,360,304,52,112,1,1,1
2008,6,360,304,52,113,1,1,1
2009,6,360,305,49,110,1,1,1
2010,6,360,304,52,113,1,1,1
2011,6,360,304,52,113,1,1,1
2012,6,360,304,52,113,1,1,1
2013,6,360,304,52,112,1,1,1
2014,6,360,304,52,113,1,1,1
2015,6,360,304,52,113,1,1,1
2016,6,360,304,52,113,1,1,1
2017,6,360,304,52,113,1,1,1
2018,6,360,304,52,113,1,1,1
2019,6,360,306,51,112,1,1,1
2020,6,360,306,51,112,1,1,1
2021,6,360,306,49,112,1,1,1
2022,6,360,304,52,113,1,1,1
2023,6,360,304,51,113,1,1,1
2024,6,360,305,51,113,1,1,1
2025,6,360,305,52,113,1,1,1
2026,6,360,304,52,113,1,1,1
2027,6,358,304,52,113,1,1,1
2028,6,360,304,49,113,1,1,1
2029,6,360,306,48,112,1,1,1
2030,6,360,305,48,113,1,1,1
2031,6,360,305,49,113,1,1,1
2032,6,360,305,48,113,1,1,1
2033,6,360,305,48,113,1,1,1
2034,6,360,305,49,113,1,1,1
2035,6,359,304,51,115,1,1,1
2036,6,360,304,49,115,1,1,1
2037,6,360,304,49,115,1,1,1
2038,6,360,305,49,113,1,1,1
2039,6,360,305,48,113,1,1,1
2040,6,360,305,48,113,1,1,1
2041,6,360,304,48,115,1,1,1
2042,6,360,305,48,113,1,1,1
2043,6,360,305,48,113,1,1,1
2044,6,360,306,48,113,1,1,1
2045,6,359,309,47,110,1,1,1
2046,6,360,309,45,110,1,1,1
2047,6,360,309,45,110,1,1,1
2048,6,359,311,44,108,1,1,1
2049,6,358,310,47,110,1,1,1
2050,6,359,310,48,110,1,1,1
2051,6,358,307,48,113,1,1,1
2052,6,359,305,49,115,1,1,1
2053,6,358,305,48,115,1,1,1
2054,6,359,305,49,115,1,1,1
2055,6,359,304,51,115,1,1,1
2056,6,359,304,49,115,1,1,1
2057,6,359,306,49,115,1,1,1
2058,6,358,305,48,115,1,1,1
2059,6,358,306,48,115,1,1,1
2060,6,359,307,48,113,1,1,1
2061,6,359,310,48,112,1,1,1
2062,6,360,308,45,112,1,1,1
2063,6,360,310,45,110,1,1,1
2064,6,360,310,45,112,1,1,1
2065,6,359,311,44,110,1,1,1
2066,6,359,313,44,108,1,1,1
2067,6,359,311,44,110,1,1,1
2068,6,360,311,44,110,1,1,1
2069,6,359,313,44,108,1,1,1
2070,6,360,310,45,112,1,1,1
2071,6,359,310,44,112,1,1,1
2072,6,359,310,44,112,1,1,1
2073,6,359,311,44,110,1,1,1
2074,6,359,311,44,110,1,1,1
2075,6,359,311,44,110,1,1,1
2076,6,360,310,45,112,1,1,1
2077,6,360,310,45,112,1,1,1
2078,6,360,310,45,112,1,1,1
2079,6,360,309,45,113,1,1,1
2080,6,360,309,45,113,1,1,1
2081,6,359,309,44,113,1,1,1
2082,6,359,310,44,112,1,1,1
2083,6,359,309,44,113,1,1,1
2084,6,360,310,45,112,1,1,1
1,7,953,412,114,62,1,1,1
2,7,956,413,108,58,1,1,1
3,7,956,413,108,58,1,1,1
4,7,956,412,110,60,1,1,1
5,7,953,412,112,60,1,1,1
6,7,953,413,112,62,1,1,1
7,7,956,413,110,62,1,1,1
8,7,953,412,112,64,1,1,1
9,7,953,413,112,65,1,1,1
10,7,954,413,111,65,1,1,1
11,7,953,412,112,67,1,1,1
12,7,954,412,111,67,1,1,1
13,7,953,412,112,67,1,1,1
14,7,956,413,108,69,1,1,1
15,7,956,413,108,69,1,1,1
16,7,954,413,111,69,1,1,1
17,7,956,413,108,69,1,1,1
18,7,954,412,110,71,1,1,1
19,7,956,412,108,71,1,1,1
20,7,956,413,108,71,1,1,1
21,7,957,413,108,71,1,1,1
22,7,957,412,107,71,1,1,1
23,7,957,413,108,71,1,1,1
24,7,957,413,108,71,1,1,1
25,7,957,413,108,71,1,1,1
26,7,957,413,108,71,1,1,1
27,7,955,413,108,72,1,1,1
28,7,955,413,108,72,1,1,1
29,7,955,413,108,71,1,1,1
30,7,953,412,111,74,1,1,1
31,7,953,412,111,74,1,1,1
32,7,953,412,111,74,1,1,1
33,7,953,412,111,74,1,1,1
34,7,952,412,112,74,1,1,1
35,7,952,412,112,74,1,1,1
36,7,952,412,112,74,1,1,1
37,7,952,412,112,74,1,1,1
38,7,951,412,112,74,1,1,1
39,7,950,412,112,74,1,1,1
40,7,950,412,112,74,1,1,1
41,7,950,411,112,72,1,1,1
42,7,950,412,112,74,1,1,1
43,7,949,411,112,72,1,1,1
44,7,949,411,112,72,1,1,1
45,7,949,411,112,72,1,1,1
46,7,949,411,112,72,1,1,1
47,7,949,411,112,72,1,1,1
48,7,948,410,112,74,1,1,1
49,7,948,410,112,74,1,1,1
50,7,948,411,112,72,1,1,1
51,7,948,410,112,74,1,1,1
52,7,948,411,112,72,1,1,1
53,7,948,411,112,72,1,1,1
54,7,948,410,112,74,1,1,1
55,7,949,410,110,71,1,1,1
56,7,948,410,112,71,1,1,1
57,7,949,410,111,71,1,1,1
58,7,948,410,112,71,1,1,1
59,7,948,411,112,69,1,1,1
60,7,949,410,111,71,1,1,1
61,7,949,411,111,69,1,1,1
62,7,949,410,111,71,1,1,1
63,7,949,412,111,71,1,1,1
64,7,949,412,110,71,1,1,1
65,7,949,412,110,71,1,1,1
66,7,949,412,111,74,1,1,1
67,7,949,413,110,72,1,1,1
68,7,949,412,110,74,1,1,1
69,7,951,413,108,72,1,1,1
70,7,951,414,108,74,1,1,1
71,7,951,414,108,74,1,1,1
72,7,952,414,107,74,1,1,1
73,7,955,414,104,71,1,1,1
74,7,952,414,105,74,1,1,1
75,7,954,414,104,74,1,1,1
76,7,952,415,105,76,1,1,1
77,7,952,415,105,76,1,1,1
78,7,954,415,104,76,1,1,1
79,7,952,416,105,78,1,1,1
80,7,952,416,105,78,1,1,1
81,7,955,417,104,74,1,1,1
82,7,955,416,104,76,1,1,1
83,7,954,416,104,76,1,1,1
84,7,955,416,103,74,1,1,1
85,7,955,418,104,76,1,1,1
86,7,955,418,104,76,1,1,1
87,7,955,417,104,76,1,1,1
88,7,958,418,100,69,1,1,1
89,7,958,418,100,69,1,1,1
90,7,960,419,98,67,1,1,1
91,7,963,419,96,64,1,1,1
92,7,963,419,96,64,1,1,1
93,7,962,418,96,65,1,1,1
94,7,958,419,100,74,1,1,1
95,7,958,420,100,76,1,1,1
96,7,958,420,100,76,1,1,1
97,7,958,419,100,74,1,1,1
98,7,959,420,98,76,1,1,1
99,7,959,420,99,76,1,1,1
100,7,959,421,99,78,1,1,1
101,7,959,419,99,78,1,1,1
102,7,958,420,100,76,1,1,1
103,7,958,420,100,76,1,1,1
104,7,958,420,100,76,1,1,1
105,7,958,421,100,74,1,1,1
106,7,958,422,100,72,1,1,1
107,7,958,421,100,74,1,1,1
108,7,956,421,100,74,1,1,1
109,7,956,418,100,76,1,1,1
110,7,956,419,100,74,1,1,1
111,7,956,420,100,72,1,1,1
112,7,956,417,100,74,1,1,1
113,7,956,418,100,74,1,1,1
114,7,956,417,100,74,1,1,1
115,7,956,418,101,72,1,1,1
116,7,954,419,103,74,1,1,1
117,7,954,417,103,74,1,1,1
118,7,956,418,101,74,1,1,1
119,7,956,419,101,74,1,1,1
120,7,954,418,103,72,1,1,1
121,7,954,417,103,74,1,1,1
122,7,953,418,104,74,1,1,1
123,7,953,418,104,72,1,1,1
124,7,953,418,104,72,1,1,1
125,7,952,419,105,71,1,1,1
126,7,953,419,104,71,1,1,1
127,7,951,419,105,71,1,1,1
128,7,951,419,105,71,1,1,1
129,7,951,419,105,71,1,1,1
130,7,951,420,105,69,1,1,1
131,7,951,420,105,69,1,1,1
132,7,951,419,105,67,1,1,1
133,7,950,419,108,67,1,1,1
134,7,951,420,105,65,1,1,1
135,7,950,420,108,65,1,1,1
136,7,950,420,108,65,1,1,1
137,7,950,420,108,65,1,1,1
138,7,948,420,110,65,1,1,1
139,7,950,420,108,65,1,1,1
140,7,947,420,111,65,1,1,1
141,7,947,420,112,65,1,1,1
142,7,947,421,111,67,1,1,1
143,7,947,421,112,67,1,1,1
144,7,947,421,112,67,1,1,1
145,7,947,421,112,67,1,1,1
146,7,947,420,112,65,1,1,1
147,7,946,420,112,65,1,1,1
148,7,946,420,112,65,1,1,1
149,7,946,420,112,65,1,1,1
150,7,946,420,112,65,1,1,1
151,7,945,421,114,67,1,1,1
152,7,945,420,114,65,1,1,1
153,7,945,420,114,65,1,1,1
154,7,945,420,114,65,1,1,1
155,7,945,420,114,65,1,1,1
156,7,944,420,115,65,1,1,1
157,7,944,420,115,65,1,1,1
158,7,945,420,114,65,1,1,1
159,7,944,420,115,65,1,1,1
160,7,945,420,114,65,1,1,1
161,7,944,420,115,65,1,1,1
162,7,944,419,115,67,1,1,1
163,7,944,420,115,65,1,1,1
164,7,946,419,114,67,1,1,1
165,7,944,419,115,67,1,1,1
166,7,944,419,115,67,1,1,1
167,7,946,420,114,69,1,1,1
168,7,948,423,112,67,1,1,1
169,7,948,425,112,65,1,1,1
170,7,950,427,111,65,1,1,1
171,7,951,427,110,65,1,1,1
172,7,953,428,107,64,1,1,1
173,7,956,427,104,65,1,1,1
174,7,956,429,104,65,1,1,1
175,7,958,429,101,65,1,1,1
176,7,965,432,100,62,1,1,1
177,7,969,430,91,46,1,1,1
178,7,972,430,88,46,1,1,1
179,7,972,429,88,58,1,1,1
180,7,973,429,85,55,1,1,1
181,7,972,430,85,53,1,1,1
182,7,973,429,83,51,1,1,1
183,7,969,428,90,62,1,1,1
184,7,969,428,90,62,1,1,1
185,7,969,428,89,61,1,1,1
186,7,969,428,89,56,1,1,1
187,7,969,428,89,56,1,1,1
188,7,969,428,88,56,1,1,1
189,7,969,427,88,56,1,1,1
190,7,968,427,88,56,1,1,1
191,7,967,427,90,56,1,1,1
192,7,967,426,87,54,1,1,1
193,7,967,426,87,54,1,1,1
194,7,966,425,88,55,1,1,1
195,7,965,425,89,55,1,1,1
196,7,968,423,81,56,1,1,1
197,7,967,422,83,58,1,1,1
198,7,966,422,84,58,1,1,1
199,7,965,421,85,60,1,1,1
200,7,963,420,88,62,1,1,1
201,7,963,420,88,62,1,1,1
202,7,962,419,88,64,1,1,1
203,7,960,418,91,65,1,1,1
204,7,960,418,91,65,1,1,1
205,7,959,419,92,67,1,1,1
206,7,959,418,92,69,1,1,1
207,7,958,418,94,69,1,1,1
208,7,958,418,95,69,1,1,1
209,7,956,417,96,71,1,1,1
210,7,956,418,96,72,1,1,1
211,7,954,417,98,74,1,1,1
212,7,954,416,98,76,1,1,1
213,7,956,415,96,78,1,1,1
214,7,954,414,96,81,1,1,1
215,7,956,413,96,83,1,1,1
216,7,959,413,91,83,1,1,1
217,7,961,411,88,88,1,1,1
218,7,962,412,87,88,1,1,1
219,7,961,414,87,94,1,1,1
220,7,958,413,88,97,1,1,1
221,7,960,420,84,90,1,1,1
222,7,958,421,87,88,1,1,1
223,7,960,424,85,85,1,1,1
224,7,965,427,80,83,1,1,1
225,7,972,427,72,83,1,1,1
226,7,972,426,72,85,1,1,1
227,7,975,426,68,85,1,1,1
228,7,976,424,67,88,1,1,1
229,7,976,424,67,90,1,1,1
230,7,979,422,64,92,1,1,1
231,7,984,419,64,100,1,1,1
232,7,985,417,63,103,1,1,1
233,7,988,418,57,101,1,1,1
234,7,990,416,55,106,1,1,1
235,7,984,414,62,110,1,1,1
236,7,992,412,52,113,1,1,1
237,7,996,410,48,117,1,1,1
238,7,1000,408,45,122,1,1,1
239,7,1003,407,42,124,1,1,1
240,7,1006,407,39,126,1,1,1
241,7,1011,410,35,124,1,1,1
242,7,1012,412,35,124,1,1,1
243,7,1010,415,36,122,1,1,1
245,7,1007,416,44,125,1,1,1
246,7,1007,415,45,127,1,1,1
247,7,1006,428,47,115,1,1,1
248,7,1006,428,47,116,1,1,1
249,7,1005,443,49,106,1,1,1
250,7,1005,443,49,106,1,1,1
251,7,1005,443,50,108,1,1,1
252,7,1005,443,50,108,1,1,1
253,7,1002,441,53,116,1,1,1
254,7,1011,447,45,110,1,1,1
255,7,1011,447,46,111,1,1,1
256,7,1009,446,47,116,1,1,1
257,7,1009,445,48,118,1,1,1
258,7,1009,445,49,119,1,1,1
259,7,1006,447,47,122,1,1,1
260,7,1006,450,48,122,1,1,1
261,7,1005,454,49,122,1,1,1
262,7,1004,458,52,120,1,1,1
263,7,1002,460,55,120,1,1,1
264,7,1000,465,56,117,1,1,1
265,7,996,468,61,116,1,1,1
266,7,995,470,60,116,1,1,1
267,7,994,472,58,116,1,1,1
268,7,990,475,58,114,1,1,1
269,7,990,475,58,117,1,1,1
270,7,986,479,57,115,1,1,1
271,7,985,479,56,116,1,1,1
272,7,984,487,62,111,1,1,1
273,7,982,487,64,113,1,1,1
274,7,981,492,67,111,1,1,1
275,7,980,500,69,107,1,1,1
276,7,977,512,67,97,1,1,1
277,7,978,517,68,96,1,1,1
278,7,977,510,71,106,1,1,1
279,7,975,513,75,106,1,1,1
280,7,974,514,76,108,1,1,1
281,7,974,519,76,106,1,1,1
282,7,970,522,80,106,1,1,1
283,7,969,529,80,103,1,1,1
284,7,965,535,70,99,1,1,1
285,7,964,533,75,103,1,1,1
286,7,962,533,76,106,1,1,1
287,7,960,531,70,110,1,1,1
288,7,959,534,68,110,1,1,1
289,7,956,536,65,110,1,1,1
290,7,954,541,63,108,1,1,1
291,7,953,554,63,99,1,1,1
292,7,950,562,64,94,1,1,1
293,7,950,550,68,108,1,1,1
294,7,948,556,70,106,1,1,1
295,7,948,559,72,106,1,1,1
296,7,947,561,75,106,1,1,1
297,7,945,566,77,104,1,1,1
298,7,944,573,77,101,1,1,1
299,7,942,576,80,101,1,1,1
300,7,939,579,79,99,1,1,1
301,7,937,583,76,99,1,1,1
302,7,934,584,74,101,1,1,1
303,7,931,584,74,103,1,1,1
304,7,930,583,68,106,1,1,1
305,7,926,584,68,106,1,1,1
306,7,924,587,65,108,1,1,1
307,7,921,589,64,108,1,1,1
308,7,920,593,62,106,1,1,1
309,7,918,599,64,103,1,1,1
310,7,917,602,65,103,1,1,1
311,7,915,606,68,103,1,1,1
312,7,914,609,72,103,1,1,1
313,7,912,614,76,101,1,1,1
314,7,911,618,77,99,1,1,1
315,7,910,622,79,99,1,1,1
316,7,908,627,80,99,1,1,1
317,7,904,631,83,96,1,1,1
318,7,903,637,81,94,1,1,1
319,7,901,639,79,94,1,1,1
320,7,898,639,76,97,1,1,1
321,7,894,638,76,99,1,1,1
322,7,892,639,72,101,1,1,1
323,7,888,640,70,101,1,1,1
324,7,887,642,65,101,1,1,1
325,7,884,645,64,101,1,1,1
326,7,881,650,63,99,1,1,1
327,7,880,655,64,97,1,1,1
328,7,877,656,67,97,1,1,1
329,7,876,663,70,94,1,1,1
330,7,874,665,72,94,1,1,1
331,7,872,669,76,94,1,1,1
332,7,871,673,80,92,1,1,1
333,7,869,676,81,94,1,1,1
334,7,866,681,84,90,1,1,1
335,7,864,686,84,88,1,1,1
336,7,861,689,85,88,1,1,1
337,7,859,692,85,87,1,1,1
338,7,855,693,84,88,1,1,1
339,7,851,694,83,90,1,1,1
340,7,850,694,79,90,1,1,1
341,7,846,695,77,92,1,1,1
342,7,843,696,74,92,1,1,1
343,7,841,699,71,90,1,1,1
344,7,838,703,72,90,1,1,1
345,7,834,705,74,88,1,1,1
346,7,832,709,81,87,1,1,1
347,7,832,714,76,85,1,1,1
348,7,829,719,81,83,1,1,1
349,7,827,723,84,81,1,1,1
350,7,825,728,88,80,1,1,1
351,7,822,734,92,76,1,1,1
352,7,821,737,92,74,1,1,1
353,7,817,740,94,76,1,1,1
354,7,816,745,94,72,1,1,1
355,7,812,748,94,71,1,1,1
356,7,808,748,94,74,1,1,1
357,7,805,747,94,76,1,1,1
358,7,803,746,91,78,1,1,1
359,7,800,747,88,80,1,1,1
360,7,797,747,85,80,1,1,1
361,7,792,749,83,80,1,1,1
362,7,790,752,81,78,1,1,1
363,7,787,752,81,80,1,1,1
364,7,784,755,81,78,1,1,1
365,7,783,759,83,76,1,1,1
366,7,779,762,87,74,1,1,1
367,7,778,766,89,74,1,1,1
368,7,775,770,94,72,1,1,1
369,7,772,777,96,67,1,1,1
370,7,770,781,98,65,1,1,1
371,7,768,786,99,62,1,1,1
372,7,765,790,100,62,1,1,1
373,7,762,792,101,60,1,1,1
374,7,759,796,100,60,1,1,1
375,7,756,796,100,60,1,1,1
376,7,753,795,99,62,1,1,1
377,7,750,794,100,65,1,1,1
378,7,746,794,98,67,1,1,1
379,7,744,793,96,69,1,1,1
380,7,740,793,96,69,1,1,1
381,7,737,794,96,71,1,1,1
382,7,734,797,92,69,1,1,1
383,7,732,798,94,69,1,1,1
384,7,730,798,92,71,1,1,1
385,7,727,801,91,71,1,1,1
386,7,723,802,95,69,1,1,1
387,7,722,807,94,67,1,1,1
388,7,720,813,96,62,1,1,1
389,7,716,815,99,62,1,1,1
390,7,715,820,99,58,1,1,1
391,7,712,824,100,56,1,1,1
392,7,709,826,103,56,1,1,1
393,7,706,830,101,53,1,1,1
394,7,704,832,104,51,1,1,1
395,7,701,834,104,51,1,1,1
396,7,698,834,103,51,1,1,1
397,7,696,835,104,53,1,1,1
398,7,694,834,100,55,1,1,1
399,7,689,833,103,56,1,1,1
400,7,687,832,100,58,1,1,1
401,7,684,832,100,58,1,1,1
402,7,680,831,99,58,1,1,1
403,7,677,832,96,56,1,1,1
404,7,674,832,96,56,1,1,1
405,7,670,832,95,56,1,1,1
406,7,667,835,95,53,1,1,1
407,7,664,836,96,51,1,1,1
408,7,662,841,96,48,1,1,1
409,7,660,842,96,46,1,1,1
410,7,656,845,99,44,1,1,1
411,7,655,848,100,40,1,1,1
412,7,651,854,103,33,1,1,1
413,7,648,859,108,30,1,1,1
414,7,646,864,108,24,1,1,1
415,7,642,866,111,23,1,1,1
416,7,640,867,112,21,1,1,1
417,7,636,865,115,21,1,1,1
418,7,634,865,116,21,1,1,1
419,7,630,867,116,21,1,1,1
420,7,629,867,116,21,1,1,1
421,7,626,866,116,23,1,1,1
422,7,623,865,115,24,1,1,1
423,7,620,865,115,24,1,1,1
424,7,618,865,116,24,1,1,1
425,7,615,864,116,24,1,1,1
426,7,613,863,116,23,1,1,1
427,7,609,864,114,21,1,1,1
428,7,606,862,116,21,1,1,1
429,7,604,862,116,21,1,1,1
430,7,602,862,116,21,1,1,1
431,7,599,862,115,21,1,1,1
432,7,596,861,115,23,1,1,1
433,7,594,860,114,24,1,1,1
434,7,592,860,112,24,1,1,1
435,7,588,858,114,26,1,1,1
436,7,587,858,115,28,1,1,1
437,7,583,858,114,28,1,1,1
438,7,580,858,115,28,1,1,1
439,7,579,857,114,30,1,1,1
440,7,576,857,115,30,1,1,1
441,7,574,858,112,32,1,1,1
442,7,572,856,115,33,1,1,1
443,7,569,856,115,33,1,1,1
444,7,568,856,112,33,1,1,1
445,7,566,855,112,35,1,1,1
446,7,562,855,114,35,1,1,1
447,7,562,855,112,35,1,1,1
448,7,557,855,115,35,1,1,1
449,7,556,855,115,35,1,1,1
450,7,553,855,115,35,1,1,1
451,7,551,854,116,33,1,1,1
452,7,549,855,115,32,1,1,1
453,7,546,853,116,32,1,1,1
454,7,544,854,115,30,1,1,1
455,7,543,854,114,30,1,1,1
456,7,540,852,115,30,1,1,1
457,7,538,852,116,30,1,1,1
458,7,535,853,116,28,1,1,1
459,7,534,852,116,26,1,1,1
460,7,533,851,116,28,1,1,1
461,7,530,852,116,26,1,1,1
462,7,528,852,116,26,1,1,1
463,7,527,850,116,26,1,1,1
464,7,524,850,116,26,1,1,1
465,7,522,849,116,28,1,1,1
466,7,520,849,116,28,1,1,1
467,7,519,849,115,28,1,1,1
468,7,516,848,115,30,1,1,1
469,7,514,848,114,30,1,1,1
470,7,512,848,114,30,1,1,1
471,7,510,849,112,28,1,1,1
472,7,510,848,112,28,1,1,1
473,7,509,847,111,30,1,1,1
474,7,507,844,110,35,1,1,1
475,7,504,841,110,37,1,1,1
476,7,503,840,108,37,1,1,1
477,7,502,842,110,35,1,1,1
478,7,501,839,111,39,1,1,1
479,7,499,840,111,39,1,1,1
480,7,498,844,110,35,1,1,1
481,7,497,844,112,35,1,1,1
482,7,496,842,112,39,1,1,1
483,7,495,842,112,39,1,1,1
484,7,493,845,111,37,1,1,1
485,7,492,843,110,37,1,1,1
486,7,492,845,108,37,1,1,1
487,7,490,846,108,37,1,1,1
488,7,489,846,107,39,1,1,1
489,7,488,846,107,39,1,1,1
490,7,486,845,108,40,1,1,1
491,7,484,846,110,42,1,1,1
492,7,483,846,108,42,1,1,1
493,7,482,846,108,42,1,1,1
494,7,483,846,107,42,1,1,1
495,7,481,846,107,42,1,1,1
496,7,480,846,105,42,1,1,1
497,7,479,846,105,42,1,1,1
498,7,479,844,104,42,1,1,1
499,7,477,844,104,42,1,1,1
500,7,477,846,104,39,1,1,1
501,7,474,846,104,39,1,1,1
502,7,474,844,104,39,1,1,1
503,7,474,846,104,35,1,1,1
504,7,474,846,105,35,1,1,1
505,7,474,845,104,33,1,1,1
506,7,473,844,105,32,1,1,1
507,7,471,844,107,32,1,1,1
508,7,470,844,108,28,1,1,1
509,7,470,844,108,28,1,1,1
510,7,468,843,110,26,1,1,1
511,7,466,843,112,26,1,1,1
512,7,466,844,112,24,1,1,1
513,7,466,845,114,23,1,1,1
514,7,465,845,115,23,1,1,1
515,7,465,846,116,21,1,1,1
516,7,463,845,116,23,1,1,1
517,7,463,845,116,23,1,1,1
518,7,463,844,118,24,1,1,1
519,7,463,845,118,23,1,1,1
520,7,462,844,116,24,1,1,1
521,7,460,844,118,24,1,1,1
522,7,461,843,116,26,1,1,1
523,7,459,843,116,26,1,1,1
524,7,460,844,115,28,1,1,1
525,7,458,843,116,30,1,1,1
526,7,460,844,112,32,1,1,1
527,7,458,844,112,32,1,1,1
528,7,458,843,112,33,1,1,1
529,7,458,844,111,35,1,1,1
530,7,459,844,108,35,1,1,1
531,7,458,843,108,37,1,1,1
532,7,459,843,107,37,1,1,1
533,7,457,843,107,37,1,1,1
534,7,458,843,105,37,1,1,1
535,7,458,842,105,39,1,1,1
536,7,458,842,104,39,1,1,1
537,7,458,842,104,39,1,1,1
538,7,458,841,101,40,1,1,1
539,7,458,840,100,42,1,1,1
540,7,458,840,98,42,1,1,1
541,7,458,839,96,46,1,1,1
542,7,457,839,94,46,1,1,1
543,7,458,837,92,46,1,1,1
544,7,457,837,91,46,1,1,1
545,7,457,838,91,44,1,1,1
546,7,457,837,91,46,1,1,1
547,7,458,836,92,44,1,1,1
548,7,458,836,92,44,1,1,1
549,7,458,836,92,44,1,1,1
550,7,458,835,92,42,1,1,1
551,7,457,835,94,42,1,1,1
552,7,458,835,95,42,1,1,1
553,7,458,834,96,40,1,1,1
554,7,458,833,96,39,1,1,1
555,7,458,834,98,37,1,1,1
556,7,457,834,100,37,1,1,1
557,7,456,833,100,35,1,1,1
558,7,455,834,103,33,1,1,1
559,7,457,834,101,33,1,1,1
560,7,456,833,104,32,1,1,1
561,7,456,834,104,30,1,1,1
562,7,456,834,105,30,1,1,1
563,7,455,834,107,30,1,1,1
564,7,454,834,108,30,1,1,1
565,7,454,834,108,30,1,1,1
566,7,454,834,108,30,1,1,1
567,7,453,834,110,30,1,1,1
568,7,453,834,111,30,1,1,1
569,7,453,834,111,30,1,1,1
570,7,452,834,112,30,1,1,1
571,7,452,834,112,30,1,1,1
572,7,450,834,114,30,1,1,1
573,7,452,835,112,28,1,1,1
574,7,452,835,112,28,1,1,1
575,7,452,835,112,28,1,1,1
576,7,450,834,114,30,1,1,1
577,7,450,835,114,28,1,1,1
578,7,450,836,114,30,1,1,1
579,7,450,834,112,30,1,1,1
580,7,451,835,111,32,1,1,1
581,7,452,834,110,33,1,1,1
582,7,453,833,107,35,1,1,1
583,7,454,833,104,35,1,1,1
584,7,454,832,103,37,1,1,1
585,7,456,831,99,39,1,1,1
586,7,457,829,96,40,1,1,1
587,7,459,828,92,42,1,1,1
588,7,459,827,89,44,1,1,1
589,7,461,827,85,44,1,1,1
590,7,462,827,81,44,1,1,1
591,7,463,826,80,46,1,1,1
592,7,463,825,76,48,1,1,1
593,7,464,823,76,49,1,1,1
594,7,464,822,75,51,1,1,1
595,7,465,822,72,51,1,1,1
596,7,466,821,72,53,1,1,1
597,7,466,819,72,53,1,1,1
598,7,468,818,72,55,1,1,1
599,7,467,817,74,56,1,1,1
600,7,469,817,74,56,1,1,1
601,7,468,816,75,58,1,1,1
602,7,470,816,74,58,1,1,1
603,7,469,814,75,60,1,1,1
604,7,469,814,75,60,1,1,1
605,7,470,814,76,60,1,1,1
606,7,470,813,76,62,1,1,1
607,7,470,812,77,64,1,1,1
608,7,470,810,79,65,1,1,1
609,7,470,809,79,65,1,1,1
610,7,470,809,80,67,1,1,1
611,7,470,808,80,67,1,1,1
612,7,470,808,80,69,1,1,1
613,7,472,807,80,71,1,1,1
614,7,472,807,80,71,1,1,1
615,7,472,806,80,72,1,1,1
616,7,472,805,80,74,1,1,1
617,7,473,804,80,76,1,1,1
618,7,473,804,80,76,1,1,1
619,7,476,803,80,78,1,1,1
620,7,476,804,80,76,1,1,1
621,7,476,804,80,76,1,1,1
622,7,478,806,79,76,1,1,1
623,7,478,804,79,76,1,1,1
624,7,479,807,76,74,1,1,1
625,7,480,807,74,74,1,1,1
626,7,480,808,74,74,1,1,1
627,7,481,811,70,69,1,1,1
628,7,482,810,68,71,1,1,1
629,7,482,810,65,71,1,1,1
630,7,481,809,64,72,1,1,1
631,7,482,808,60,74,1,1,1
632,7,483,808,57,74,1,1,1
633,7,483,806,56,76,1,1,1
634,7,483,806,54,76,1,1,1
635,7,483,805,52,78,1,1,1
636,7,484,806,51,76,1,1,1
637,7,484,805,48,78,1,1,1
638,7,484,805,48,78,1,1,1
639,7,482,804,48,80,1,1,1
640,7,483,803,48,81,1,1,1
641,7,484,800,45,83,1,1,1
642,7,483,800,45,85,1,1,1
643,7,483,798,44,88,1,1,1
644,7,482,797,44,90,1,1,1
645,7,482,796,42,92,1,1,1
646,7,482,793,40,94,1,1,1
647,7,483,793,37,94,1,1,1
648,7,483,791,37,96,1,1,1
649,7,483,790,36,97,1,1,1
650,7,483,788,35,97,1,1,1
651,7,483,787,33,99,1,1,1
652,7,484,787,32,99,1,1,1
653,7,483,786,35,101,1,1,1
654,7,482,784,36,101,1,1,1
655,7,481,784,37,101,1,1,1
656,7,482,784,39,101,1,1,1
657,7,481,783,40,101,1,1,1
658,7,481,786,42,97,1,1,1
659,7,480,784,44,99,1,1,1
660,7,479,787,45,96,1,1,1
661,7,479,789,45,94,1,1,1
662,7,477,791,48,92,1,1,1
663,7,476,792,51,90,1,1,1
664,7,475,794,52,88,1,1,1
665,7,474,795,55,87,1,1,1
666,7,473,796,56,85,1,1,1
667,7,471,799,57,83,1,1,1
668,7,471,800,57,83,1,1,1
669,7,470,800,60,83,1,1,1
670,7,470,800,60,83,1,1,1
671,7,468,801,64,81,1,1,1
672,7,468,802,64,81,1,1,1
673,7,467,803,65,81,1,1,1
674,7,467,803,65,81,1,1,1
675,7,466,802,68,83,1,1,1
676,7,467,802,68,83,1,1,1
677,7,465,804,70,83,1,1,1
678,7,464,804,72,83,1,1,1
679,7,465,804,72,83,1,1,1
680,7,464,804,75,83,1,1,1
681,7,462,804,76,83,1,1,1
682,7,461,805,77,81,1,1,1
683,7,460,807,80,81,1,1,1
684,7,459,808,83,78,1,1,1
685,7,458,808,84,78,1,1,1
686,7,457,810,85,78,1,1,1
687,7,457,811,85,76,1,1,1
688,7,456,811,88,76,1,1,1
689,7,458,812,87,74,1,1,1
690,7,462,812,84,74,1,1,1
691,7,464,812,83,74,1,1,1
692,7,466,811,80,72,1,1,1
693,7,468,813,80,71,1,1,1
694,7,469,813,79,71,1,1,1
695,7,470,814,79,71,1,1,1
696,7,470,815,79,69,1,1,1
697,7,470,816,80,67,1,1,1
698,7,469,820,81,65,1,1,1
699,7,469,822,81,62,1,1,1
700,7,468,822,83,62,1,1,1
701,7,468,824,84,62,1,1,1
702,7,466,826,87,60,1,1,1
703,7,466,829,87,58,1,1,1
704,7,464,832,89,56,1,1,1
705,7,463,835,91,53,1,1,1
706,7,460,835,94,53,1,1,1
707,7,460,839,96,49,1,1,1
708,7,458,841,98,48,1,1,1
709,7,457,842,100,46,1,1,1
710,7,458,846,100,42,1,1,1
711,7,458,848,100,40,1,1,1
712,7,458,849,101,39,1,1,1
713,7,458,849,101,39,1,1,1
714,7,460,849,100,39,1,1,1
715,7,460,849,100,39,1,1,1
716,7,463,848,99,37,1,1,1
717,7,464,848,99,39,1,1,1
718,7,468,847,96,39,1,1,1
719,7,472,847,94,39,1,1,1
720,7,476,848,89,37,1,1,1
721,7,476,847,92,37,1,1,1
722,7,478,847,89,37,1,1,1
723,7,479,847,89,37,1,1,1
724,7,480,847,89,37,1,1,1
725,7,480,849,91,35,1,1,1
726,7,481,850,89,33,1,1,1
727,7,480,853,91,32,1,1,1
728,7,481,854,92,30,1,1,1
729,7,481,857,92,26,1,1,1
730,7,480,859,92,24,1,1,1
731,7,480,862,92,21,1,1,1
732,7,479,864,95,19,1,1,1
733,7,481,864,94,19,1,1,1
734,7,481,864,94,19,1,1,1
735,7,481,864,95,19,1,1,1
736,7,481,864,96,19,1,1,1
737,7,483,864,96,19,1,1,1
738,7,483,864,96,21,1,1,1
739,7,484,864,96,21,1,1,1
740,7,484,864,96,19,1,1,1
741,7,483,864,98,19,1,1,1
742,7,487,863,96,19,1,1,1
743,7,487,863,95,19,1,1,1
744,7,490,862,95,21,1,1,1
745,7,492,862,94,21,1,1,1
746,7,492,861,92,23,1,1,1
747,7,494,861,92,23,1,1,1
748,7,496,861,91,23,1,1,1
749,7,497,861,91,23,1,1,1
750,7,499,860,91,24,1,1,1
751,7,500,859,89,26,1,1,1
752,7,503,859,88,26,1,1,1
753,7,502,859,88,26,1,1,1
754,7,502,859,89,26,1,1,1
755,7,502,859,92,26,1,1,1
756,7,504,857,89,28,1,1,1
757,7,505,857,89,26,1,1,1
758,7,506,857,89,26,1,1,1
759,7,506,857,89,26,1,1,1
760,7,507,857,89,26,1,1,1
761,7,507,857,91,26,1,1,1
762,7,508,857,89,28,1,1,1
763,7,507,858,91,28,1,1,1
764,7,507,857,92,30,1,1,1
765,7,507,857,92,30,1,1,1
766,7,507,857,92,30,1,1,1
767,7,507,856,92,32,1,1,1
768,7,508,856,94,32,1,1,1
769,7,508,857,92,30,1,1,1
770,7,509,856,95,32,1,1,1
771,7,508,856,96,32,1,1,1
772,7,510,856,95,32,1,1,1
773,7,510,856,95,32,1,1,1
774,7,510,856,95,33,1,1,1
775,7,510,856,94,33,1,1,1
776,7,511,856,92,33,1,1,1
777,7,513,854,92,33,1,1,1
778,7,513,856,91,33,1,1,1
779,7,515,854,89,33,1,1,1
780,7,516,853,88,35,1,1,1
781,7,517,853,88,35,1,1,1
782,7,518,853,88,35,1,1,1
783,7,518,853,87,35,1,1,1
784,7,519,852,87,37,1,1,1
785,7,522,852,84,37,1,1,1
786,7,522,852,84,37,1,1,1
787,7,522,851,84,39,1,1,1
788,7,524,851,83,39,1,1,1
789,7,524,851,84,39,1,1,1
790,7,524,850,83,40,1,1,1
791,7,524,850,83,40,1,1,1
792,7,524,849,84,39,1,1,1
793,7,524,849,83,39,1,1,1
794,7,524,849,84,39,1,1,1
795,7,523,849,84,39,1,1,1
796,7,522,848,85,37,1,1,1
797,7,520,849,88,35,1,1,1
798,7,519,850,89,33,1,1,1
799,7,517,850,91,33,1,1,1
800,7,517,848,92,35,1,1,1
801,7,517,848,92,35,1,1,1
802,7,516,848,92,35,1,1,1
803,7,516,847,91,37,1,1,1
804,7,517,847,91,37,1,1,1
805,7,518,848,89,37,1,1,1
806,7,518,846,88,39,1,1,1
807,7,520,846,88,39,1,1,1
808,7,522,845,84,40,1,1,1
809,7,523,845,83,40,1,1,1
810,7,524,844,81,42,1,1,1
811,7,526,843,79,44,1,1,1
812,7,527,841,76,44,1,1,1
813,7,529,840,74,48,1,1,1
814,7,530,839,71,49,1,1,1
815,7,533,837,68,49,1,1,1
816,7,534,836,65,51,1,1,1
817,7,535,834,64,51,1,1,1
818,7,536,833,60,53,1,1,1
819,7,539,832,59,55,1,1,1
820,7,539,832,59,56,1,1,1
821,7,539,830,59,56,1,1,1
822,7,540,830,56,56,1,1,1
823,7,540,829,56,58,1,1,1
824,7,539,829,56,58,1,1,1
825,7,539,828,56,60,1,1,1
826,7,538,826,55,60,1,1,1
827,7,539,826,56,60,1,1,1
828,7,538,826,56,60,1,1,1
829,7,538,825,56,62,1,1,1
830,7,536,824,56,64,1,1,1
831,7,535,822,57,65,1,1,1
832,7,535,824,59,64,1,1,1
833,7,535,824,57,64,1,1,1
834,7,535,824,57,64,1,1,1
835,7,533,824,59,64,1,1,1
836,7,534,823,57,65,1,1,1
837,7,534,823,57,67,1,1,1
838,7,532,823,59,67,1,1,1
839,7,532,823,60,67,1,1,1
840,7,532,823,60,67,1,1,1
841,7,532,822,60,69,1,1,1
842,7,531,822,60,69,1,1,1
843,7,531,822,60,69,1,1,1
844,7,530,822,63,69,1,1,1
845,7,530,821,63,71,1,1,1
846,7,528,822,64,69,1,1,1
847,7,529,822,64,69,1,1,1
848,7,529,822,64,69,1,1,1
849,7,528,823,65,67,1,1,1
850,7,529,823,64,67,1,1,1
851,7,529,823,65,67,1,1,1
852,7,531,824,64,65,1,1,1
853,7,531,824,64,65,1,1,1
854,7,531,825,63,62,1,1,1
855,7,533,824,62,62,1,1,1
856,7,536,824,60,62,1,1,1
857,7,537,824,59,60,1,1,1
858,7,539,823,59,60,1,1,1
859,7,541,823,56,60,1,1,1
860,7,544,823,54,60,1,1,1
861,7,546,823,52,60,1,1,1
862,7,546,821,52,60,1,1,1
863,7,550,820,48,62,1,1,1
864,7,550,820,49,62,1,1,1
865,7,548,818,51,62,1,1,1
866,7,547,818,52,62,1,1,1
867,7,547,817,52,64,1,1,1
868,7,546,816,54,65,1,1,1
869,7,545,816,55,65,1,1,1
870,7,545,816,56,65,1,1,1
871,7,543,816,59,65,1,1,1
872,7,542,813,60,69,1,1,1
873,7,542,812,60,71,1,1,1
874,7,542,812,60,71,1,1,1
875,7,540,808,62,74,1,1,1
876,7,539,810,63,74,1,1,1
877,7,540,810,64,74,1,1,1
878,7,537,810,67,74,1,1,1
879,7,534,809,70,76,1,1,1
880,7,534,809,71,76,1,1,1
881,7,534,810,72,78,1,1,1
882,7,532,810,75,78,1,1,1
883,7,532,810,76,78,1,1,1
884,7,531,810,80,78,1,1,1
885,7,530,811,80,76,1,1,1
886,7,530,811,81,76,1,1,1
887,7,527,812,84,74,1,1,1
888,7,527,814,84,74,1,1,1
889,7,526,814,84,74,1,1,1
890,7,524,813,83,72,1,1,1
891,7,524,813,80,72,1,1,1
892,7,523,814,80,71,1,1,1
893,7,522,814,76,71,1,1,1
894,7,520,816,75,69,1,1,1
895,7,520,819,72,67,1,1,1
896,7,517,849,75,36,1,1,1
897,7,517,853,75,32,1,1,1
898,7,516,841,77,44,1,1,1
899,7,514,853,79,32,1,1,1
900,7,514,833,80,52,1,1,1
901,7,513,834,84,51,1,1,1
902,7,510,837,87,49,1,1,1
903,7,508,840,91,44,1,1,1
904,7,508,842,94,42,1,1,1
905,7,504,847,99,37,1,1,1
906,7,502,850,103,33,1,1,1
907,7,500,855,107,28,1,1,1
908,7,499,858,108,24,1,1,1
909,7,496,859,112,23,1,1,1
910,7,494,859,114,23,1,1,1
911,7,494,858,114,24,1,1,1
912,7,491,858,115,24,1,1,1
913,7,488,856,115,26,1,1,1
914,7,488,855,112,28,1,1,1
915,7,486,854,112,30,1,1,1
916,7,485,851,112,32,1,1,1
917,7,485,849,112,35,1,1,1
918,7,484,846,112,39,1,1,1
919,7,482,845,108,40,1,1,1
920,7,482,843,105,44,1,1,1
921,7,480,841,100,48,1,1,1
922,7,478,840,100,49,1,1,1
923,7,476,839,99,53,1,1,1
924,7,475,838,96,53,1,1,1
925,7,473,837,96,56,1,1,1
926,7,470,836,96,58,1,1,1
927,7,468,834,99,58,1,1,1
928,7,466,834,100,62,1,1,1
929,7,463,833,100,64,1,1,1
930,7,460,832,100,65,1,1,1
931,7,456,831,100,69,1,1,1
932,7,454,830,100,71,1,1,1
933,7,452,828,100,74,1,1,1
934,7,450,827,96,76,1,1,1
935,7,448,824,94,76,1,1,1
936,7,447,821,92,78,1,1,1
937,7,443,819,95,78,1,1,1
938,7,444,817,96,74,1,1,1
939,7,442,814,96,74,1,1,1
940,7,440,810,98,71,1,1,1
941,7,439,808,98,69,1,1,1
942,7,439,807,96,67,1,1,1
943,7,437,803,92,67,1,1,1
944,7,435,802,91,69,1,1,1
945,7,432,799,89,74,1,1,1
946,7,431,797,87,76,1,1,1
947,7,428,795,84,80,1,1,1
948,7,426,793,84,83,1,1,1
949,7,424,792,83,87,1,1,1
950,7,419,790,81,90,1,1,1
951,7,417,788,79,94,1,1,1
952,7,415,785,76,96,1,1,1
953,7,412,785,75,96,1,1,1
954,7,410,781,72,97,1,1,1
955,7,406,779,72,97,1,1,1
956,7,406,776,72,97,1,1,1
957,7,402,774,76,94,1,1,1
958,7,402,770,79,94,1,1,1
959,7,399,768,81,92,1,1,1
960,7,398,764,84,92,1,1,1
961,7,398,761,84,90,1,1,1
962,7,396,758,85,90,1,1,1
963,7,394,755,85,88,1,1,1
964,7,392,752,85,87,1,1,1
965,7,391,750,84,85,1,1,1
966,7,388,748,84,85,1,1,1
967,7,386,744,81,88,1,1,1
968,7,384,743,80,90,1,1,1
969,7,381,740,77,94,1,1,1
970,7,378,737,76,97,1,1,1
971,7,375,736,74,99,1,1,1
972,7,373,733,72,101,1,1,1
973,7,373,730,68,103,1,1,1
974,7,370,728,68,103,1,1,1
975,7,367,725,65,106,1,1,1
976,7,366,721,64,103,1,1,1
977,7,364,719,65,103,1,1,1
978,7,363,716,68,103,1,1,1
979,7,361,713,70,101,1,1,1
980,7,361,710,72,99,1,1,1
981,7,358,705,76,99,1,1,1
982,7,356,704,76,99,1,1,1
983,7,355,701,76,97,1,1,1
984,7,354,697,77,99,1,1,1
985,7,352,694,76,97,1,1,1
986,7,350,693,76,96,1,1,1
987,7,348,690,75,97,1,1,1
988,7,347,688,72,99,1,1,1
989,7,344,685,70,101,1,1,1
990,7,342,681,68,106,1,1,1
991,7,340,680,65,106,1,1,1
992,7,337,677,62,106,1,1,1
993,7,336,675,60,106,1,1,1
994,7,334,672,60,108,1,1,1
995,7,332,667,59,104,1,1,1
996,7,331,664,60,106,1,1,1
997,7,330,661,63,106,1,1,1
998,7,329,657,64,106,1,1,1
999,7,328,654,67,106,1,1,1
1000,7,328,650,68,103,1,1,1
1001,7,326,647,71,103,1,1,1
1002,7,326,643,72,103,1,1,1
1003,7,324,641,72,103,1,1,1
1004,7,322,636,68,99,1,1,1
1005,7,322,634,71,103,1,1,1
1006,7,319,632,68,101,1,1,1
1007,7,318,628,63,104,1,1,1
1008,7,316,624,60,110,1,1,1
1009,7,314,623,55,110,1,1,1
1010,7,311,620,55,113,1,1,1
1011,7,309,616,51,115,1,1,1
1012,7,308,613,49,117,1,1,1
1013,7,306,610,45,115,1,1,1
1014,7,305,607,47,113,1,1,1
1015,7,304,603,48,112,1,1,1
1016,7,304,599,49,113,1,1,1
1017,7,302,595,52,113,1,1,1
1018,7,301,592,54,113,1,1,1
1019,7,301,589,56,112,1,1,1
1020,7,300,585,57,108,1,1,1
1021,7,299,580,59,108,1,1,1
1022,7,299,576,57,108,1,1,1
1023,7,296,574,60,110,1,1,1
1024,7,296,571,60,108,1,1,1
1025,7,295,568,56,108,1,1,1
1026,7,294,563,56,110,1,1,1
1027,7,293,560,52,113,1,1,1
1028,7,291,558,48,113,1,1,1
1029,7,290,554,44,117,1,1,1
1030,7,289,550,44,119,1,1,1
1031,7,287,548,40,119,1,1,1
1032,7,286,544,37,120,1,1,1
1033,7,285,540,36,120,1,1,1
1034,7,283,538,36,120,1,1,1
1035,7,282,534,36,119,1,1,1
1036,7,281,529,37,120,1,1,1
1037,7,281,528,37,120,1,1,1
1038,7,279,523,40,122,1,1,1
1039,7,277,519,43,120,1,1,1
1040,7,277,517,43,120,1,1,1
1041,7,276,513,44,120,1,1,1
1042,7,276,510,45,120,1,1,1
1043,7,276,507,45,119,1,1,1
1044,7,274,503,48,120,1,1,1
1045,7,274,500,48,119,1,1,1
1046,7,272,497,48,117,1,1,1
1047,7,272,495,48,117,1,1,1
1048,7,272,490,45,117,1,1,1
1049,7,271,488,44,117,1,1,1
1050,7,270,484,44,119,1,1,1
1051,7,269,481,43,120,1,1,1
1052,7,268,479,43,122,1,1,1
1053,7,269,475,40,122,1,1,1
1054,7,268,472,36,120,1,1,1
1055,7,267,470,35,122,1,1,1
1056,7,265,466,35,122,1,1,1
1057,7,264,464,33,124,1,1,1
1058,7,264,460,32,124,1,1,1
1059,7,262,457,32,124,1,1,1
1060,7,262,455,31,122,1,1,1
1061,7,262,452,31,122,1,1,1
1062,7,261,448,30,124,1,1,1
1063,7,260,447,30,122,1,1,1
1064,7,260,444,30,124,1,1,1
1065,7,260,440,30,122,1,1,1
1066,7,258,438,31,122,1,1,1
1067,7,258,436,30,122,1,1,1
1068,7,258,432,31,122,1,1,1
1069,7,257,431,31,122,1,1,1
1070,7,257,426,31,124,1,1,1
1071,7,255,426,31,120,1,1,1
1072,7,256,423,32,120,1,1,1
1073,7,255,420,31,122,1,1,1
1074,7,255,416,32,122,1,1,1
1075,7,255,414,32,120,1,1,1
1076,7,254,411,32,122,1,1,1
1077,7,252,410,32,120,1,1,1
1078,7,252,406,32,122,1,1,1
1079,7,252,403,32,124,1,1,1
1080,7,252,401,32,124,1,1,1
1081,7,252,400,32,124,1,1,1
1082,7,251,397,33,126,1,1,1
1083,7,251,395,31,122,1,1,1
1084,7,251,392,32,124,1,1,1
1085,7,250,390,31,122,1,1,1
1086,7,250,387,31,124,1,1,1
1087,7,250,385,31,124,1,1,1
1088,7,249,383,30,124,1,1,1
1089,7,250,380,28,124,1,1,1
1090,7,248,378,28,124,1,1,1
1091,7,248,375,28,124,1,1,1
1092,7,249,374,28,122,1,1,1
1093,7,247,371,28,124,1,1,1
1094,7,248,368,27,124,1,1,1
1095,7,248,367,27,124,1,1,1
1096,7,247,363,26,126,1,1,1
1097,7,247,362,26,124,1,1,1
1098,7,247,360,27,124,1,1,1
1099,7,246,358,26,126,1,1,1
1100,7,247,356,27,126,1,1,1
1101,7,246,354,24,126,1,1,1
1102,7,246,350,24,128,1,1,1
1103,7,246,350,26,126,1,1,1
1104,7,246,347,24,126,1,1,1
1105,7,246,344,24,128,1,1,1
1106,7,245,344,24,126,1,1,1
1107,7,244,341,24,128,1,1,1
1108,7,244,338,24,126,1,1,1
1109,7,244,336,24,126,1,1,1
1110,7,245,335,23,126,1,1,1
1111,7,244,332,24,128,1,1,1
1112,7,245,331,22,126,1,1,1
1113,7,246,329,23,122,1,1,1
1114,7,246,327,24,122,1,1,1
1115,7,245,325,28,120,1,1,1
1116,7,244,323,28,120,1,1,1
1117,7,245,321,31,117,1,1,1
1118,7,244,320,32,117,1,1,1
1119,7,244,318,33,115,1,1,1
1120,7,242,316,36,113,1,1,1
1121,7,242,314,37,113,1,1,1
1122,7,240,312,36,110,1,1,1
1123,7,240,309,37,110,1,1,1
1124,7,240,307,37,110,1,1,1
1125,7,239,305,39,110,1,1,1
1126,7,239,302,40,113,1,1,1
1127,7,238,298,42,117,1,1,1
1128,7,238,296,42,119,1,1,1
1129,7,236,293,43,120,1,1,1
1130,7,236,290,43,120,1,1,1
1131,7,237,286,44,120,1,1,1
1132,7,235,285,45,119,1,1,1
1133,7,234,281,48,119,1,1,1
1134,7,233,279,49,120,1,1,1
1135,7,232,276,51,119,1,1,1
1136,7,234,272,49,115,1,1,1
1137,7,235,271,49,115,1,1,1
1138,7,236,267,51,119,1,1,1
1139,7,240,265,48,120,1,1,1
1140,7,243,264,47,120,1,1,1
1141,7,249,261,44,120,1,1,1
1142,7,251,259,42,120,1,1,1
1143,7,254,257,40,120,1,1,1
1144,7,255,256,43,120,1,1,1
1145,7,255,254,44,117,1,1,1
1146,7,252,252,48,117,1,1,1
1147,7,252,249,51,115,1,1,1
1148,7,251,248,54,113,1,1,1
1149,7,250,245,55,113,1,1,1
1150,7,249,243,57,110,1,1,1
1151,7,248,240,59,112,1,1,1
1152,7,249,240,60,110,1,1,1
1153,7,248,238,60,110,1,1,1
1154,7,248,235,62,108,1,1,1
1155,7,248,232,64,110,1,1,1
1156,7,247,231,65,110,1,1,1
1157,7,246,228,68,108,1,1,1
1158,7,244,226,70,108,1,1,1
1159,7,243,224,71,106,1,1,1
1160,7,244,223,72,106,1,1,1
1161,7,244,220,72,106,1,1,1
1162,7,243,218,74,106,1,1,1
1163,7,244,217,74,104,1,1,1
1164,7,246,214,74,104,1,1,1
1165,7,246,213,72,106,1,1,1
1166,7,248,210,72,106,1,1,1
1167,7,250,210,72,104,1,1,1
1168,7,251,208,72,104,1,1,1
1169,7,252,206,70,106,1,1,1
1170,7,253,204,71,106,1,1,1
1171,7,255,202,68,106,1,1,1
1172,7,255,201,68,106,1,1,1
1173,7,255,200,68,106,1,1,1
1174,7,256,197,68,106,1,1,1
1175,7,259,197,65,106,1,1,1
1176,7,259,194,67,108,1,1,1
1177,7,260,194,64,108,1,1,1
1178,7,260,192,64,108,1,1,1
1179,7,262,192,63,106,1,1,1
1180,7,262,191,63,106,1,1,1
1181,7,264,188,62,106,1,1,1
1182,7,266,188,60,106,1,1,1
1183,7,267,186,59,106,1,1,1
1184,7,266,186,60,106,1,1,1
1185,7,270,184,56,106,1,1,1
1186,7,271,184,55,108,1,1,1
1187,7,273,182,55,108,1,1,1
1188,7,273,182,54,110,1,1,1
1189,7,274,182,55,110,1,1,1
1190,7,276,180,52,112,1,1,1
1191,7,276,181,52,113,1,1,1
1192,7,280,179,49,113,1,1,1
1193,7,282,178,48,115,1,1,1
1194,7,285,178,47,115,1,1,1
1195,7,286,177,47,117,1,1,1
1196,7,288,175,44,119,1,1,1
1197,7,291,175,43,119,1,1,1
1198,7,292,174,42,120,1,1,1
1199,7,296,174,40,120,1,1,1
1200,7,296,173,40,122,1,1,1
1201,7,296,171,40,122,1,1,1
1202,7,297,170,40,124,1,1,1
1203,7,297,169,42,122,1,1,1
1204,7,296,168,43,122,1,1,1
1205,7,296,168,44,122,1,1,1
1206,7,296,166,44,122,1,1,1
1207,7,296,165,44,120,1,1,1
1208,7,294,166,47,119,1,1,1
1209,7,296,163,45,120,1,1,1
1210,7,294,164,47,122,1,1,1
1211,7,295,161,48,124,1,1,1
1212,7,294,161,48,124,1,1,1
1213,7,294,161,49,124,1,1,1
1214,7,294,160,49,124,1,1,1
1215,7,295,159,49,122,1,1,1
1216,7,295,159,49,122,1,1,1
1217,7,295,156,49,124,1,1,1
1218,7,295,156,49,124,1,1,1
1219,7,297,156,49,124,1,1,1
1220,7,296,154,51,124,1,1,1
1221,7,296,154,51,124,1,1,1
1222,7,296,153,52,122,1,1,1
1223,7,295,152,52,124,1,1,1
1224,7,295,152,52,124,1,1,1
1225,7,295,152,52,124,1,1,1
1226,7,296,150,54,126,1,1,1
1227,7,296,150,54,126,1,1,1
1228,7,298,150,52,126,1,1,1
1229,7,297,150,54,126,1,1,1
1230,7,297,149,54,124,1,1,1
1231,7,298,147,55,124,1,1,1
1232,7,296,147,56,124,1,1,1
1233,7,296,146,56,122,1,1,1
1234,7,297,146,56,122,1,1,1
1235,7,296,146,57,122,1,1,1
1236,7,296,145,57,120,1,1,1
1237,7,296,144,57,120,1,1,1
1238,7,294,144,60,120,1,1,1
1239,7,292,143,62,122,1,1,1
1240,7,292,144,62,120,1,1,1
1241,7,292,142,62,120,1,1,1
1242,7,291,142,63,120,1,1,1
1243,7,291,142,63,120,1,1,1
1244,7,291,142,64,120,1,1,1
1245,7,290,141,64,119,1,1,1
1246,7,290,141,65,119,1,1,1
1247,7,290,140,64,117,1,1,1
1248,7,290,140,64,117,1,1,1
1249,7,290,141,64,115,1,1,1
1250,7,290,139,64,115,1,1,1
1251,7,290,139,64,115,1,1,1
1252,7,291,140,65,113,1,1,1
1253,7,291,140,65,113,1,1,1
1254,7,292,138,64,113,1,1,1
1255,7,292,139,64,112,1,1,1
1256,7,294,137,63,113,1,1,1
1257,7,294,137,64,112,1,1,1
1258,7,294,137,63,112,1,1,1
1259,7,295,137,63,113,1,1,1
1260,7,297,136,63,113,1,1,1
1261,7,296,136,64,113,1,1,1
1262,7,298,136,63,113,1,1,1
1263,7,297,134,64,115,1,1,1
1264,7,298,135,63,115,1,1,1
1265,7,298,135,62,115,1,1,1
1266,7,300,133,62,117,1,1,1
1267,7,302,134,60,119,1,1,1
1268,7,302,134,60,119,1,1,1
1269,7,302,133,60,120,1,1,1
1270,7,304,132,57,122,1,1,1
1271,7,306,132,56,122,1,1,1
1272,7,306,132,56,122,1,1,1
1273,7,308,130,56,122,1,1,1
1274,7,309,130,54,122,1,1,1
1275,7,312,130,52,122,1,1,1
1276,7,313,130,52,122,1,1,1
1277,7,312,130,52,122,1,1,1
1278,7,314,130,52,122,1,1,1
1279,7,315,128,51,124,1,1,1
1280,7,316,128,51,124,1,1,1
1281,7,317,128,49,124,1,1,1
1282,7,317,128,49,124,1,1,1
1283,7,316,127,51,126,1,1,1
1284,7,316,127,51,126,1,1,1
1285,7,318,127,48,124,1,1,1
1286,7,319,125,49,126,1,1,1
1287,7,319,125,49,126,1,1,1
1288,7,319,125,51,126,1,1,1
1289,7,319,124,51,128,1,1,1
1290,7,319,124,51,128,1,1,1
1291,7,318,123,52,129,1,1,1
1292,7,320,123,52,126,1,1,1
1293,7,320,124,52,124,1,1,1
1294,7,318,123,55,122,1,1,1
1295,7,318,125,57,122,1,1,1
1296,7,317,124,59,120,1,1,1
1297,7,318,126,60,117,1,1,1
1298,7,318,126,63,117,1,1,1
1299,7,319,127,63,115,1,1,1
1300,7,326,129,60,113,1,1,1
1301,7,328,128,57,112,1,1,1
1302,7,328,129,60,110,1,1,1
1303,7,327,129,63,106,1,1,1
1304,7,326,129,64,103,1,1,1
1305,7,326,129,68,99,1,1,1
1306,7,324,129,72,99,1,1,1
1307,7,321,129,75,97,1,1,1
1308,7,322,129,76,96,1,1,1
1309,7,319,127,79,94,1,1,1
1310,7,320,126,80,94,1,1,1
1311,7,319,123,83,97,1,1,1
1312,7,320,122,83,96,1,1,1
1313,7,316,120,88,97,1,1,1
1314,7,314,118,92,97,1,1,1
1315,7,312,118,96,97,1,1,1
1316,7,311,116,99,94,1,1,1
1317,7,309,114,101,94,1,1,1
1318,7,309,113,103,92,1,1,1
1319,7,310,112,104,92,1,1,1
1320,7,310,109,104,90,1,1,1
1321,7,311,109,105,90,1,1,1
1322,7,312,108,107,88,1,1,1
1323,7,316,108,104,88,1,1,1
1324,7,318,106,105,88,1,1,1
1325,7,320,106,104,88,1,1,1
1326,7,326,104,100,88,1,1,1
1327,7,328,104,100,90,1,1,1
1328,7,331,101,99,92,1,1,1
1329,7,334,101,98,94,1,1,1
1330,7,338,100,96,94,1,1,1
1331,7,341,98,95,94,1,1,1
1332,7,342,96,95,97,1,1,1
1333,7,348,96,89,88,1,1,1
1334,7,349,95,91,90,1,1,1
1335,7,350,93,92,90,1,1,1
1336,7,349,92,94,92,1,1,1
1337,7,349,90,96,88,1,1,1
1338,7,350,90,96,88,1,1,1
1339,7,349,88,100,88,1,1,1
1340,7,349,87,101,85,1,1,1
1341,7,349,86,103,85,1,1,1
1342,7,347,85,105,85,1,1,1
1343,7,346,83,108,85,1,1,1
1344,7,347,82,110,83,1,1,1
1345,7,348,80,110,83,1,1,1
1346,7,349,80,111,81,1,1,1
1347,7,350,79,111,81,1,1,1
1348,7,350,78,111,81,1,1,1
1349,7,352,77,112,80,1,1,1
1350,7,352,76,112,81,1,1,1
1351,7,352,74,114,81,1,1,1
1352,7,356,73,112,80,1,1,1
1353,7,357,72,112,81,1,1,1
1354,7,360,72,112,80,1,1,1
1355,7,362,70,111,80,1,1,1
1356,7,363,69,112,81,1,1,1
1357,7,364,69,112,81,1,1,1
1358,7,367,67,110,81,1,1,1
1359,7,368,67,110,81,1,1,1
1360,7,369,66,110,81,1,1,1
1361,7,372,65,110,81,1,1,1
1362,7,375,65,108,81,1,1,1
1363,7,376,65,108,81,1,1,1
1364,7,378,64,108,81,1,1,1
1365,7,379,64,108,81,1,1,1
1366,7,380,64,108,81,1,1,1
1367,7,380,62,110,81,1,1,1
1368,7,384,63,108,80,1,1,1
1369,7,384,62,108,81,1,1,1
1370,7,384,61,110,80,1,1,1
1371,7,385,61,111,78,1,1,1
1372,7,384,60,112,78,1,1,1
1373,7,385,60,112,78,1,1,1
1374,7,386,59,114,76,1,1,1
1375,7,385,57,115,76,1,1,1
1376,7,386,58,116,74,1,1,1
1377,7,387,57,116,72,1,1,1
1378,7,387,55,118,72,1,1,1
1379,7,388,55,118,71,1,1,1
1380,7,387,55,120,71,1,1,1
1381,7,389,55,119,69,1,1,1
1382,7,389,54,120,69,1,1,1
1383,7,391,53,119,67,1,1,1
1384,7,393,54,119,65,1,1,1
1385,7,394,54,119,62,1,1,1
1386,7,395,54,120,62,1,1,1
1387,7,395,54,121,60,1,1,1
1388,7,396,54,121,58,1,1,1
1389,7,400,55,120,58,1,1,1
1390,7,402,56,120,58,1,1,1
1391,7,404,55,120,60,1,1,1
1392,7,408,56,118,60,1,1,1
1393,7,409,56,118,60,1,1,1
1394,7,410,56,119,62,1,1,1
1395,7,416,57,114,62,1,1,1
1396,7,418,57,114,62,1,1,1
1397,7,424,57,110,62,1,1,1
1398,7,426,57,112,62,1,1,1
1399,7,430,56,108,62,1,1,1
1400,7,431,56,110,58,1,1,1
1401,7,430,56,111,58,1,1,1
1402,7,428,55,116,56,1,1,1
1403,7,426,54,119,51,1,1,1
1404,7,425,53,123,49,1,1,1
1405,7,427,53,123,46,1,1,1
1406,7,425,53,127,42,1,1,1
1407,7,425,52,128,40,1,1,1
1408,7,428,50,128,37,1,1,1
1409,7,429,51,128,35,1,1,1
1410,7,430,49,129,35,1,1,1
1411,7,432,50,129,33,1,1,1
1412,7,445,49,119,33,1,1,1
1413,7,445,48,120,33,1,1,1
1414,7,444,48,124,33,1,1,1
1415,7,441,48,129,35,1,1,1
1416,7,441,49,132,35,1,1,1
1417,7,442,48,132,37,1,1,1
1418,7,443,48,132,39,1,1,1
1419,7,445,48,134,39,1,1,1
1420,7,450,48,129,39,1,1,1
1421,7,453,48,128,40,1,1,1
1422,7,454,48,128,40,1,1,1
1423,7,457,47,128,40,1,1,1
1424,7,461,47,127,40,1,1,1
1425,7,464,47,124,39,1,1,1
1426,7,466,45,125,40,1,1,1
1427,7,466,46,127,39,1,1,1
1428,7,469,46,127,39,1,1,1
1429,7,472,45,125,33,1,1,1
1430,7,471,45,127,33,1,1,1
1431,7,472,44,128,32,1,1,1
1432,7,472,43,129,30,1,1,1
1433,7,473,43,132,30,1,1,1
1434,7,474,41,132,30,1,1,1
1435,7,475,42,132,28,1,1,1
1436,7,476,42,132,28,1,1,1
1437,7,479,40,132,28,1,1,1
1438,7,480,40,132,28,1,1,1
1439,7,483,40,132,28,1,1,1
1440,7,485,40,132,30,1,1,1
1441,7,486,40,132,30,1,1,1
1442,7,489,40,131,30,1,1,1
1443,7,492,39,131,30,1,1,1
1444,7,494,39,128,30,1,1,1
1445,7,496,39,129,30,1,1,1
1446,7,496,39,132,30,1,1,1
1447,7,496,39,132,32,1,1,1
1448,7,498,38,135,33,1,1,1
1449,7,500,38,134,33,1,1,1
1450,7,502,38,132,33,1,1,1
1451,7,506,38,132,33,1,1,1
1452,7,508,38,129,33,1,1,1
1453,7,507,37,132,35,1,1,1
1454,7,510,38,132,35,1,1,1
1455,7,512,37,131,37,1,1,1
1456,7,514,37,132,37,1,1,1
1457,7,516,37,132,37,1,1,1
1458,7,518,37,132,39,1,1,1
1459,7,520,37,131,37,1,1,1
1460,7,522,36,128,37,1,1,1
1461,7,523,36,131,37,1,1,1
1462,7,524,36,132,37,1,1,1
1463,7,527,35,129,35,1,1,1
1464,7,528,34,129,37,1,1,1
1465,7,528,34,129,37,1,1,1
1466,7,530,34,128,37,1,1,1
1467,7,533,33,128,35,1,1,1
1468,7,532,32,129,37,1,1,1
1469,7,534,31,129,37,1,1,1
1470,7,536,30,128,37,1,1,1
1471,7,538,30,127,35,1,1,1
1472,7,539,30,128,35,1,1,1
1473,7,540,29,128,33,1,1,1
1474,7,540,29,128,33,1,1,1
1475,7,543,29,125,33,1,1,1
1476,7,542,29,127,33,1,1,1
1477,7,542,29,127,33,1,1,1
1478,7,543,29,128,33,1,1,1
1479,7,544,29,128,33,1,1,1
1480,7,544,29,128,33,1,1,1
1481,7,544,29,128,33,1,1,1
1482,7,545,29,128,33,1,1,1
1483,7,545,31,128,33,1,1,1
1484,7,546,31,127,33,1,1,1
1485,7,547,32,128,32,1,1,1
1486,7,548,32,128,30,1,1,1
1487,7,548,32,128,30,1,1,1
1488,7,549,32,128,30,1,1,1
1489,7,550,33,128,32,1,1,1
1490,7,552,34,128,30,1,1,1
1491,7,552,33,128,32,1,1,1
1492,7,553,35,128,32,1,1,1
1493,7,554,34,127,33,1,1,1
1494,7,557,34,127,33,1,1,1
1495,7,557,36,127,33,1,1,1
1496,7,558,36,127,33,1,1,1
1497,7,558,36,127,33,1,1,1
1498,7,559,36,127,33,1,1,1
1499,7,558,37,128,35,1,1,1
1500,7,562,38,128,37,1,1,1
1501,7,563,38,128,37,1,1,1
1502,7,564,38,128,37,1,1,1
1503,7,564,38,128,37,1,1,1
1504,7,566,38,128,37,1,1,1
1505,7,566,38,128,37,1,1,1
1506,7,568,38,128,37,1,1,1
1507,7,570,38,127,37,1,1,1
1508,7,574,38,124,37,1,1,1
1509,7,577,39,124,35,1,1,1
1510,7,578,37,124,35,1,1,1
1511,7,578,38,124,33,1,1,1
1512,7,578,37,124,32,1,1,1
1513,7,578,38,127,30,1,1,1
1514,7,578,38,128,28,1,1,1
1515,7,578,37,128,28,1,1,1
1516,7,580,38,128,26,1,1,1
1517,7,580,37,129,24,1,1,1
1518,7,580,37,129,24,1,1,1
1519,7,581,37,131,24,1,1,1
1520,7,582,37,132,24,1,1,1
1521,7,583,38,132,23,1,1,1
1522,7,582,38,134,23,1,1,1
1523,7,584,37,134,24,1,1,1
1524,7,586,37,132,24,1,1,1
1525,7,586,37,132,24,1,1,1
1526,7,588,37,132,24,1,1,1
1527,7,588,37,134,24,1,1,1
1528,7,590,37,132,24,1,1,1
1529,7,591,37,132,24,1,1,1
1530,7,592,37,132,24,1,1,1
1531,7,592,37,132,24,1,1,1
1532,7,592,37,134,24,1,1,1
1533,7,595,37,132,24,1,1,1
1534,7,596,37,134,24,1,1,1
1535,7,597,37,135,24,1,1,1
1536,7,600,38,132,26,1,1,1
1537,7,600,38,132,26,1,1,1
1538,7,602,37,132,28,1,1,1
1539,7,604,38,132,30,1,1,1
1540,7,605,38,131,30,1,1,1
1541,7,608,39,132,32,1,1,1
1542,7,609,39,132,32,1,1,1
1543,7,613,39,128,33,1,1,1
1544,7,617,39,125,35,1,1,1
1545,7,618,39,125,35,1,1,1
1546,7,621,39,124,35,1,1,1
1547,7,624,38,121,33,1,1,1
1548,7,625,38,124,33,1,1,1
1549,7,626,38,124,33,1,1,1
1550,7,626,38,124,30,1,1,1
1551,7,627,39,124,28,1,1,1
1552,7,626,39,125,28,1,1,1
1553,7,627,37,127,28,1,1,1
1554,7,628,38,128,26,1,1,1
1555,7,628,38,129,26,1,1,1
1556,7,630,38,129,26,1,1,1
1557,7,629,39,131,26,1,1,1
1558,7,631,39,131,26,1,1,1
1559,7,632,38,131,26,1,1,1
1560,7,633,37,132,28,1,1,1
1561,7,634,35,132,28,1,1,1
1562,7,634,34,132,30,1,1,1
1563,7,636,34,131,33,1,1,1
1564,7,637,34,132,33,1,1,1
1565,7,639,35,131,28,1,1,1
1566,7,639,35,129,28,1,1,1
1567,7,640,35,131,28,1,1,1
1568,7,640,35,131,28,1,1,1
1569,7,641,36,132,26,1,1,1
1570,7,642,35,132,28,1,1,1
1571,7,642,35,132,28,1,1,1
1572,7,644,38,131,26,1,1,1
1573,7,644,37,131,39,1,1,1
1574,7,646,37,129,28,1,1,1
1575,7,645,37,131,28,1,1,1
1576,7,644,37,132,28,1,1,1
1577,7,648,37,129,28,1,1,1
1578,7,649,37,129,28,1,1,1
1579,7,651,38,128,26,1,1,1
1580,7,652,37,128,28,1,1,1
1581,7,652,36,128,30,1,1,1
1582,7,653,36,128,30,1,1,1
1583,7,653,35,128,32,1,1,1
1584,7,655,34,128,33,1,1,1
1585,7,656,32,128,42,1,1,1
1586,7,656,31,128,37,1,1,1
1587,7,656,30,128,37,1,1,1
1588,7,656,30,128,37,1,1,1
1589,7,657,30,127,39,1,1,1
1590,7,658,30,127,39,1,1,1
1591,7,658,30,127,39,1,1,1
1592,7,660,30,125,39,1,1,1
1593,7,660,30,124,39,1,1,1
1594,7,660,29,124,40,1,1,1
1595,7,661,30,125,42,1,1,1
1596,7,661,30,125,42,1,1,1
1597,7,663,30,124,42,1,1,1
1598,7,663,30,124,46,1,1,1
1599,7,662,30,125,49,1,1,1
1600,7,665,30,124,49,1,1,1
1601,7,665,30,123,49,1,1,1
1602,7,666,31,124,44,1,1,1
1603,7,667,32,123,42,1,1,1
1604,7,668,32,123,40,1,1,1
1605,7,668,32,123,40,1,1,1
1606,7,668,32,121,40,1,1,1
1607,7,670,32,121,42,1,1,1
1608,7,670,32,120,40,1,1,1
1609,7,671,32,121,40,1,1,1
1610,7,672,32,120,44,1,1,1
1611,7,672,32,120,42,1,1,1
1612,7,673,34,120,44,1,1,1
1613,7,673,34,120,48,1,1,1
1614,7,672,33,121,49,1,1,1
1615,7,670,33,124,46,1,1,1
1616,7,670,35,124,42,1,1,1
1617,7,670,36,124,39,1,1,1
1618,7,671,36,124,40,1,1,1
1619,7,670,37,125,42,1,1,1
1620,7,670,38,125,39,1,1,1
1621,7,670,37,125,42,1,1,1
1622,7,669,39,127,49,1,1,1
1623,7,668,39,128,46,1,1,1
1624,7,669,39,128,42,1,1,1
1625,7,670,40,128,39,1,1,1
1626,7,670,39,128,39,1,1,1
1627,7,670,39,128,39,1,1,1
1628,7,670,39,128,39,1,1,1
1629,7,670,38,128,39,1,1,1
1630,7,672,38,128,39,1,1,1
1631,7,674,37,127,42,1,1,1
1632,7,674,37,125,42,1,1,1
1633,7,676,35,124,42,1,1,1
1634,7,676,34,124,44,1,1,1
1635,7,677,34,124,44,1,1,1
1636,7,679,34,121,44,1,1,1
1637,7,680,33,120,46,1,1,1
1638,7,682,30,119,49,1,1,1
1639,7,684,30,116,49,1,1,1
1640,7,685,30,116,49,1,1,1
1641,7,686,29,116,51,1,1,1
1642,7,687,29,115,51,1,1,1
1643,7,688,29,112,51,1,1,1
1644,7,690,29,111,51,1,1,1
1645,7,691,31,110,51,1,1,1
1646,7,692,31,108,51,1,1,1
1647,7,694,31,108,51,1,1,1
1648,7,695,31,107,51,1,1,1
1649,7,696,31,107,51,1,1,1
1650,7,696,33,108,49,1,1,1
1651,7,696,33,108,49,1,1,1
1652,7,696,34,108,48,1,1,1
1653,7,694,34,111,48,1,1,1
1654,7,692,35,112,46,1,1,1
1655,7,693,38,112,44,1,1,1
1656,7,692,40,115,42,1,1,1
1657,7,691,41,116,40,1,1,1
1658,7,689,41,118,40,1,1,1
1659,7,688,44,120,39,1,1,1
1660,7,689,47,120,37,1,1,1
1661,7,688,48,121,35,1,1,1
1662,7,686,50,124,33,1,1,1
1663,7,685,53,125,32,1,1,1
1664,7,684,54,128,30,1,1,1
1665,7,684,54,128,30,1,1,1
1666,7,683,56,131,30,1,1,1
1667,7,684,59,129,30,1,1,1
1668,7,682,61,132,33,1,1,1
1669,7,684,62,132,24,1,1,1
1670,7,684,63,132,23,1,1,1
1671,7,687,63,129,28,1,1,1
1672,7,688,62,129,24,1,1,1
1673,7,688,62,129,24,1,1,1
1674,7,687,62,131,24,1,1,1
1675,7,690,61,129,26,1,1,1
1676,7,690,61,128,26,1,1,1
1677,7,691,60,129,28,1,1,1
1678,7,693,59,128,30,1,1,1
1679,7,694,59,128,30,1,1,1
1680,7,694,58,128,32,1,1,1
1681,7,694,57,128,33,1,1,1
1682,7,697,56,127,33,1,1,1
1683,7,698,55,127,35,1,1,1
1684,7,699,55,128,35,1,1,1
1685,7,699,56,128,35,1,1,1
1686,7,700,57,128,33,1,1,1
1687,7,700,57,128,33,1,1,1
1688,7,701,57,128,33,1,1,1
1689,7,701,59,128,33,1,1,1
1690,7,702,59,127,33,1,1,1
1691,7,702,59,128,33,1,1,1
1692,7,704,61,128,33,1,1,1
1693,7,704,63,129,33,1,1,1
1694,7,704,64,131,33,1,1,1
1695,7,704,66,131,30,1,1,1
1696,7,704,68,131,26,1,1,1
1697,7,705,69,132,24,1,1,1
1698,7,706,71,132,24,1,1,1
1699,7,706,71,132,24,1,1,1
1700,7,708,73,131,23,1,1,1
1701,7,711,71,129,24,1,1,1
1702,7,712,71,129,24,1,1,1
1703,7,712,71,129,24,1,1,1
1704,7,711,71,132,24,1,1,1
1705,7,711,71,132,24,1,1,1
1706,7,712,70,132,26,1,1,1
1707,7,713,70,131,26,1,1,1
1708,7,714,69,132,28,1,1,1
1709,7,720,69,125,28,1,1,1
1710,7,717,69,129,28,1,1,1
1711,7,718,68,128,30,1,1,1
1712,7,719,70,129,30,1,1,1
1713,7,719,69,129,42,1,1,1
1714,7,721,68,128,37,1,1,1
1715,7,721,68,128,44,1,1,1
1716,7,721,67,128,46,1,1,1
1717,7,721,67,128,39,1,1,1
1718,7,720,67,129,35,1,1,1
1719,7,722,66,128,37,1,1,1
1720,7,723,66,128,37,1,1,1
1721,7,723,65,128,46,1,1,1
1722,7,723,64,128,42,1,1,1
1723,7,723,64,128,42,1,1,1
1724,7,724,63,125,40,1,1,1
1725,7,724,61,125,44,1,1,1
1726,7,724,59,124,44,1,1,1
1727,7,725,56,124,46,1,1,1
1728,7,727,55,121,49,1,1,1
1729,7,728,54,120,51,1,1,1
1730,7,730,51,116,53,1,1,1
1731,7,731,49,115,56,1,1,1
1732,7,735,48,110,58,1,1,1
1733,7,738,47,105,62,1,1,1
1734,7,741,45,103,65,1,1,1
1735,7,743,44,99,67,1,1,1
1736,7,746,43,95,69,1,1,1
1737,7,749,45,91,69,1,1,1
1738,7,753,45,87,69,1,1,1
1739,7,754,47,84,69,1,1,1
1740,7,757,47,80,69,1,1,1
1741,7,757,48,80,69,1,1,1
1742,7,757,49,80,67,1,1,1
1743,7,757,55,80,64,1,1,1
1744,7,756,58,81,60,1,1,1
1745,7,756,60,81,60,1,1,1
1746,7,754,60,84,60,1,1,1
1747,7,752,63,84,58,1,1,1
1748,7,752,64,85,58,1,1,1
1749,7,751,65,88,56,1,1,1
1750,7,750,65,88,56,1,1,1
1751,7,748,67,91,56,1,1,1
1752,7,748,69,92,56,1,1,1
1753,7,747,71,94,53,1,1,1
1754,7,746,71,96,53,1,1,1
1755,7,746,71,96,53,1,1,1
1756,7,744,74,99,49,1,1,1
1757,7,743,78,100,46,1,1,1
1758,7,742,78,103,46,1,1,1
1759,7,741,78,104,46,1,1,1
1760,7,739,80,107,44,1,1,1
1761,7,739,80,108,44,1,1,1
1762,7,737,81,111,42,1,1,1
1763,7,738,81,112,42,1,1,1
1764,7,737,82,114,40,1,1,1
1765,7,736,82,115,40,1,1,1
1766,7,736,83,116,39,1,1,1
1767,7,735,84,118,37,1,1,1
1768,7,735,84,118,37,1,1,1
1769,7,734,84,120,37,1,1,1
1770,7,734,85,120,35,1,1,1
1771,7,734,86,120,37,1,1,1
1772,7,734,85,121,35,1,1,1
1773,7,733,87,124,35,1,1,1
1774,7,733,86,124,33,1,1,1
1775,7,732,86,124,33,1,1,1
1776,7,734,86,124,33,1,1,1
1777,7,733,87,125,32,1,1,1
1778,7,733,87,127,32,1,1,1
1779,7,733,88,127,30,1,1,1
1780,7,732,88,128,30,1,1,1
1781,7,732,88,128,28,1,1,1
1782,7,732,90,128,28,1,1,1
1783,7,732,89,128,28,1,1,1
1784,7,733,89,128,28,1,1,1
1785,7,733,89,128,28,1,1,1
1786,7,731,91,131,26,1,1,1
1787,7,732,91,131,26,1,1,1
1788,7,732,91,129,26,1,1,1
1789,7,737,90,125,28,1,1,1
1790,7,735,90,127,28,1,1,1
1791,7,735,91,128,30,1,1,1
1792,7,735,91,128,30,1,1,1
1793,7,736,91,125,30,1,1,1
1794,7,736,89,125,33,1,1,1
1795,7,737,89,124,33,1,1,1
1796,7,737,88,123,35,1,1,1
1797,7,740,88,120,37,1,1,1
1798,7,741,87,118,39,1,1,1
1799,7,745,87,112,42,1,1,1
1800,7,748,86,108,44,1,1,1
1801,7,751,85,104,46,1,1,1
1802,7,754,83,100,49,1,1,1
1803,7,757,82,94,51,1,1,1
1804,7,761,84,88,51,1,1,1
1805,7,762,83,85,53,1,1,1
1806,7,766,84,81,55,1,1,1
1807,7,767,83,79,56,1,1,1
1808,7,768,85,76,56,1,1,1
1809,7,770,84,76,58,1,1,1
1810,7,770,85,76,60,1,1,1
1811,7,769,84,75,62,1,1,1
1812,7,769,84,76,62,1,1,1
1813,7,769,85,76,62,1,1,1
1814,7,769,84,76,65,1,1,1
1815,7,769,85,76,67,1,1,1
1816,7,766,85,77,67,1,1,1
1817,7,766,84,77,69,1,1,1
1818,7,766,85,77,69,1,1,1
1819,7,766,86,79,69,1,1,1
1820,7,764,85,80,71,1,1,1
1821,7,763,86,81,72,1,1,1
1822,7,763,86,83,72,1,1,1
1823,7,763,86,83,72,1,1,1
1824,7,762,85,84,74,1,1,1
1825,7,761,85,85,74,1,1,1
1826,7,761,86,85,76,1,1,1
1827,7,761,85,85,78,1,1,1
1828,7,761,85,85,78,1,1,1
1829,7,761,84,85,80,1,1,1
1830,7,759,85,87,81,1,1,1
1831,7,759,85,87,81,1,1,1
1832,7,759,85,88,81,1,1,1
1833,7,758,85,87,81,1,1,1
1834,7,758,84,88,83,1,1,1
1835,7,757,85,87,81,1,1,1
1836,7,757,85,85,81,1,1,1
1837,7,756,84,85,83,1,1,1
1838,7,756,85,85,81,1,1,1
1839,7,754,85,87,81,1,1,1
1840,7,754,85,87,81,1,1,1
1841,7,756,86,83,80,1,1,1
1842,7,756,86,83,80,1,1,1
1843,7,756,86,81,80,1,1,1
1844,7,758,86,79,80,1,1,1
1845,7,759,86,76,80,1,1,1
1846,7,760,85,75,81,1,1,1
1847,7,762,85,72,81,1,1,1
1848,7,764,87,70,81,1,1,1
1849,7,769,87,65,83,1,1,1
1850,7,770,87,64,85,1,1,1
1851,7,767,87,67,85,1,1,1
1852,7,774,87,60,88,1,1,1
1853,7,776,87,59,88,1,1,1
1854,7,778,86,56,90,1,1,1
1855,7,778,87,55,90,1,1,1
1856,7,780,87,52,92,1,1,1
1857,7,780,86,52,94,1,1,1
1858,7,783,86,51,94,1,1,1
1859,7,782,86,52,97,1,1,1
1860,7,784,86,49,97,1,1,1
1861,7,785,85,48,99,1,1,1
1862,7,785,85,48,99,1,1,1
1863,7,785,84,48,101,1,1,1
1864,7,788,85,45,103,1,1,1
1865,7,788,85,44,103,1,1,1
1866,7,788,83,44,106,1,1,1
1867,7,791,83,43,106,1,1,1
1868,7,791,84,43,108,1,1,1
1869,7,793,84,40,108,1,1,1
1870,7,794,83,40,110,1,1,1
1871,7,796,82,37,112,1,1,1
1872,7,796,81,36,113,1,1,1
1873,7,796,81,36,113,1,1,1
1874,7,798,81,36,113,1,1,1
1875,7,800,81,33,115,1,1,1
1876,7,800,80,33,115,1,1,1
1877,7,800,80,35,115,1,1,1
1878,7,800,80,35,117,1,1,1
1879,7,798,80,36,117,1,1,1
1880,7,798,81,36,117,1,1,1
1881,7,799,81,35,117,1,1,1
1882,7,799,80,35,120,1,1,1
1883,7,798,80,36,120,1,1,1
1884,7,797,78,35,120,1,1,1
1885,7,797,78,35,120,1,1,1
1886,7,797,78,35,120,1,1,1
1887,7,797,79,36,122,1,1,1
1888,7,797,77,36,122,1,1,1
1889,7,796,78,36,124,1,1,1
1890,7,797,78,37,124,1,1,1
1891,7,795,78,39,124,1,1,1
1892,7,796,76,37,124,1,1,1
1893,7,796,76,37,124,1,1,1
1894,7,796,77,37,126,1,1,1
1895,7,795,77,37,126,1,1,1
1896,7,795,75,36,126,1,1,1
1897,7,795,75,36,126,1,1,1
1898,7,795,75,36,126,1,1,1
1899,7,794,74,36,128,1,1,1
1900,7,794,75,36,126,1,1,1
1901,7,794,74,36,128,1,1,1
1902,7,794,74,36,128,1,1,1
1903,7,794,74,36,129,1,1,1
1904,7,794,74,36,129,1,1,1
1905,7,794,73,36,129,1,1,1
1906,7,793,73,35,129,1,1,1
1907,7,792,73,36,129,1,1,1
1908,7,792,72,36,131,1,1,1
1909,7,792,72,36,131,1,1,1
1910,7,793,72,36,131,1,1,1
1911,7,792,72,36,131,1,1,1
1912,7,792,72,36,131,1,1,1
1913,7,792,72,36,131,1,1,1
1914,7,792,71,36,131,1,1,1
1915,7,792,70,36,133,1,1,1
1916,7,792,70,36,133,1,1,1
1917,7,791,70,36,133,1,1,1
1918,7,791,71,36,131,1,1,1
1919,7,791,71,36,131,1,1,1
1920,7,791,71,36,131,1,1,1
1921,7,790,69,36,131,1,1,1
1922,7,790,70,36,133,1,1,1
1923,7,791,68,36,133,1,1,1
1924,7,791,68,36,133,1,1,1
1925,7,791,68,36,133,1,1,1
1926,7,791,68,36,133,1,1,1
1927,7,790,68,36,133,1,1,1
1928,7,790,68,36,133,1,1,1
1929,7,790,68,36,133,1,1,1
1930,7,790,67,36,131,1,1,1
1931,7,791,67,35,131,1,1,1
1932,7,791,67,35,131,1,1,1
1933,7,790,66,36,133,1,1,1
1934,7,791,66,35,133,1,1,1
1935,7,791,66,35,133,1,1,1
1936,7,789,67,35,131,1,1,1
1937,7,790,67,36,131,1,1,1
1938,7,791,66,33,133,1,1,1
1939,7,791,66,33,133,1,1,1
1940,7,792,65,33,131,1,1,1
1941,7,792,65,33,131,1,1,1
1942,7,791,65,36,131,1,1,1
1943,7,792,64,36,131,1,1,1
1944,7,789,65,40,131,1,1,1
1945,7,789,64,40,129,1,1,1
1946,7,788,65,43,128,1,1,1
1947,7,787,64,44,126,1,1,1
1948,7,784,64,49,126,1,1,1
1949,7,789,64,47,126,1,1,1
1950,7,795,65,42,124,1,1,1
1951,7,796,66,42,122,1,1,1
1952,7,797,67,44,120,1,1,1
1953,7,779,68,63,119,1,1,1
1954,7,779,69,63,117,1,1,1
1955,7,781,70,63,115,1,1,1
1956,7,784,72,62,113,1,1,1
1957,7,784,73,62,112,1,1,1
1958,7,785,75,63,108,1,1,1
1959,7,786,75,60,104,1,1,1
1960,7,787,78,60,99,1,1,1
1961,7,788,80,59,94,1,1,1
1962,7,788,81,59,92,1,1,1
1963,7,788,85,59,85,1,1,1
1964,7,788,87,57,81,1,1,1
1965,7,787,88,59,78,1,1,1
1966,7,785,90,59,74,1,1,1
1967,7,785,93,56,71,1,1,1
1968,7,784,94,56,71,1,1,1
1969,7,782,96,56,67,1,1,1
1970,7,783,96,57,67,1,1,1
1971,7,782,98,60,65,1,1,1
1972,7,780,100,60,65,1,1,1
1973,7,779,101,63,64,1,1,1
1974,7,780,100,64,65,1,1,1
1975,7,778,102,65,65,1,1,1
1976,7,775,102,68,65,1,1,1
1977,7,775,104,68,65,1,1,1
1978,7,774,104,71,65,1,1,1
1979,7,772,104,72,67,1,1,1
1980,7,771,104,74,67,1,1,1
1981,7,772,104,75,69,1,1,1
1982,7,770,105,76,69,1,1,1
1983,7,768,105,80,69,1,1,1
1984,7,768,106,80,71,1,1,1
1985,7,766,106,84,71,1,1,1
1986,7,765,105,87,76,1,1,1
1987,7,764,105,88,76,1,1,1
1988,7,765,105,88,55,1,1,1
1989,7,762,106,92,74,1,1,1
1990,7,761,105,94,72,1,1,1
1991,7,761,104,96,74,1,1,1
1992,7,762,104,96,53,1,1,1
1993,7,758,106,101,71,1,1,1
1994,7,756,105,104,74,1,1,1
1995,7,756,106,105,71,1,1,1
1996,7,753,106,110,71,1,1,1
1997,7,753,105,111,69,1,1,1
1998,7,752,105,112,67,1,1,1
1999,7,754,106,114,65,1,1,1
2000,7,754,106,112,65,1,1,1
2001,7,759,107,110,65,1,1,1
2002,7,764,107,105,62,1,1,1
2003,7,766,107,104,62,1,1,1
2004,7,766,107,104,62,1,1,1
2005,7,768,108,104,60,1,1,1
2006,7,770,108,103,60,1,1,1
2007,7,771,108,103,56,1,1,1
2008,7,772,109,104,55,1,1,1
2009,7,773,109,104,51,1,1,1
2010,7,770,110,108,49,1,1,1
2011,7,768,110,112,49,1,1,1
2012,7,768,110,115,46,1,1,1
2013,7,767,110,116,42,1,1,1
2014,7,765,108,120,39,1,1,1
2015,7,764,109,123,37,1,1,1
2016,7,763,109,124,33,1,1,1
2017,7,762,109,127,33,1,1,1
2018,7,762,108,129,32,1,1,1
2019,7,763,108,131,28,1,1,1
2020,7,764,109,131,26,1,1,1
2021,7,764,109,132,26,1,1,1
2022,7,767,109,131,26,1,1,1
2023,7,766,108,132,28,1,1,1
2024,7,767,110,132,30,1,1,1
2025,7,773,110,128,30,1,1,1
2026,7,772,110,129,32,1,1,1
2027,7,775,110,128,35,1,1,1
2028,7,779,109,125,37,1,1,1
2029,7,783,110,123,35,1,1,1
2030,7,786,110,120,35,1,1,1
2031,7,788,109,120,33,1,1,1
2032,7,790,108,119,35,1,1,1
2033,7,792,108,118,35,1,1,1
2034,7,796,108,116,35,1,1,1
2035,7,796,107,116,37,1,1,1
2036,7,798,106,114,39,1,1,1
2037,7,799,106,114,39,1,1,1
2038,7,800,106,115,39,1,1,1
2039,7,801,107,116,40,1,1,1
2040,7,802,106,116,42,1,1,1
2041,7,802,105,116,44,1,1,1
2042,7,803,105,118,44,1,1,1
2043,7,804,106,118,46,1,1,1
2044,7,803,107,119,44,1,1,1
2045,7,805,106,119,46,1,1,1
2046,7,804,104,120,49,1,1,1
2047,7,803,103,121,51,1,1,1
2048,7,804,102,123,55,1,1,1
2049,7,806,101,120,56,1,1,1
2050,7,808,99,121,60,1,1,1
2051,7,810,98,120,62,1,1,1
2052,7,811,100,119,62,1,1,1
2053,7,815,99,116,67,1,1,1
2054,7,818,99,114,67,1,1,1
2055,7,820,100,112,69,1,1,1
2056,7,822,104,111,67,1,1,1
2057,7,821,105,112,67,1,1,1
2058,7,822,110,112,64,1,1,1
2059,7,822,114,112,62,1,1,1
2060,7,822,116,112,62,1,1,1
2061,7,825,118,111,62,1,1,1
2062,7,828,117,108,64,1,1,1
2063,7,830,116,108,65,1,1,1
2064,7,831,116,108,69,1,1,1
2065,7,834,116,108,69,1,1,1
2066,7,834,115,108,71,1,1,1
2067,7,838,113,105,74,1,1,1
2068,7,840,112,105,76,1,1,1
2069,7,844,112,104,80,1,1,1
2070,7,846,111,103,81,1,1,1
2071,7,847,111,103,83,1,1,1
2072,7,849,110,103,85,1,1,1
2073,7,850,108,104,88,1,1,1
2074,7,851,108,103,88,1,1,1
2075,7,856,108,99,92,1,1,1
2076,7,859,108,98,92,1,1,1
2077,7,862,107,96,94,1,1,1
2078,7,862,109,96,94,1,1,1
2079,7,865,108,96,96,1,1,1
2080,7,867,110,96,94,1,1,1
2081,7,869,111,94,94,1,1,1
2082,7,870,112,95,94,1,1,1
2083,7,872,114,94,94,1,1,1
2084,7,871,114,95,94,1,1,1
1,8,538,599,89,57,1,1,1
2,8,538,598,84,55,1,1,1
3,8,538,598,84,55,1,1,1
4,8,538,598,84,55,1,1,1
5,8,538,597,84,56,1,1,1
6,8,536,597,84,56,1,1,1
7,8,536,597,84,56,1,1,1
8,8,536,597,84,56,1,1,1
9,8,536,596,84,58,1,1,1
10,8,537,596,84,58,1,1,1
11,8,537,596,84,58,1,1,1
12,8,537,596,84,58,1,1,1
13,8,536,596,84,58,1,1,1
14,8,536,595,84,60,1,1,1
15,8,536,595,84,60,1,1,1
16,8,536,593,84,60,1,1,1
17,8,536,593,84,60,1,1,1
18,8,535,593,84,60,1,1,1
19,8,535,593,84,60,1,1,1
20,8,535,593,84,60,1,1,1
21,8,535,593,84,60,1,1,1
22,8,534,592,84,62,1,1,1
23,8,534,592,84,62,1,1,1
24,8,534,592,84,62,1,1,1
25,8,533,592,83,62,1,1,1
26,8,534,592,81,62,1,1,1
27,8,534,590,81,64,1,1,1
28,8,532,590,83,64,1,1,1
29,8,532,589,81,65,1,1,1
30,8,534,589,80,65,1,1,1
31,8,532,589,81,65,1,1,1
32,8,533,589,80,65,1,1,1
33,8,532,589,81,65,1,1,1
34,8,533,588,80,67,1,1,1
35,8,533,588,80,67,1,1,1
36,8,532,588,80,67,1,1,1
37,8,532,588,80,67,1,1,1
38,8,530,588,80,67,1,1,1
39,8,531,587,80,69,1,1,1
40,8,531,589,80,69,1,1,1
41,8,531,588,80,71,1,1,1
42,8,530,588,79,71,1,1,1
43,8,530,588,79,71,1,1,1
44,8,530,586,77,71,1,1,1
45,8,531,587,76,72,1,1,1
46,8,531,586,76,71,1,1,1
47,8,530,585,76,72,1,1,1
48,8,530,585,76,72,1,1,1
49,8,530,585,76,74,1,1,1
50,8,530,585,76,74,1,1,1
51,8,530,584,76,76,1,1,1
52,8,528,584,75,76,1,1,1
53,8,528,584,75,76,1,1,1
54,8,528,583,75,78,1,1,1
55,8,528,583,76,78,1,1,1
56,8,528,583,75,78,1,1,1
57,8,528,584,75,78,1,1,1
58,8,528,582,75,80,1,1,1
59,8,528,582,75,80,1,1,1
60,8,527,582,74,80,1,1,1
61,8,528,583,72,78,1,1,1
62,8,528,583,72,78,1,1,1
63,8,526,582,74,80,1,1,1
64,8,526,582,74,80,1,1,1
65,8,526,582,72,80,1,1,1
66,8,526,581,72,81,1,1,1
67,8,527,580,72,80,1,1,1
68,8,526,580,72,80,1,1,1
69,8,526,580,72,80,1,1,1
70,8,526,580,72,80,1,1,1
71,8,526,579,72,81,1,1,1
72,8,526,580,72,80,1,1,1
73,8,526,580,72,80,1,1,1
74,8,525,580,72,80,1,1,1
75,8,524,580,72,80,1,1,1
76,8,524,580,72,80,1,1,1
77,8,524,578,72,81,1,1,1
78,8,524,578,72,81,1,1,1
79,8,524,578,72,81,1,1,1
80,8,524,577,72,81,1,1,1
81,8,524,577,72,81,1,1,1
82,8,524,578,72,80,1,1,1
83,8,524,576,72,81,1,1,1
84,8,522,577,71,78,1,1,1
85,8,523,577,72,78,1,1,1
86,8,522,577,71,78,1,1,1
87,8,523,575,72,80,1,1,1
88,8,523,575,72,80,1,1,1
89,8,523,576,72,78,1,1,1
90,8,523,576,72,78,1,1,1
91,8,523,576,72,78,1,1,1
92,8,522,575,71,78,1,1,1
93,8,522,574,71,78,1,1,1
94,8,521,574,72,78,1,1,1
95,8,522,574,71,78,1,1,1
96,8,522,574,71,78,1,1,1
97,8,521,574,72,78,1,1,1
98,8,522,573,71,78,1,1,1
99,8,522,573,71,76,1,1,1
100,8,522,573,71,76,1,1,1
101,8,521,572,72,78,1,1,1
102,8,520,572,72,78,1,1,1
103,8,521,570,72,78,1,1,1
104,8,520,570,72,78,1,1,1
105,8,520,570,72,78,1,1,1
106,8,520,571,72,76,1,1,1
107,8,521,571,72,76,1,1,1
108,8,521,570,72,78,1,1,1
109,8,520,569,72,76,1,1,1
110,8,520,569,72,76,1,1,1
111,8,521,569,72,76,1,1,1
112,8,520,569,72,76,1,1,1
113,8,520,569,72,76,1,1,1
114,8,520,569,72,76,1,1,1
115,8,520,568,72,76,1,1,1
116,8,520,568,72,76,1,1,1
117,8,520,568,72,76,1,1,1
118,8,520,568,72,76,1,1,1
119,8,520,568,72,76,1,1,1
120,8,520,567,72,78,1,1,1
121,8,518,567,74,78,1,1,1
122,8,518,567,74,78,1,1,1
123,8,518,566,72,78,1,1,1
124,8,519,566,72,78,1,1,1
125,8,519,564,72,80,1,1,1
126,8,519,564,72,80,1,1,1
127,8,519,564,72,80,1,1,1
128,8,518,564,71,80,1,1,1
129,8,518,563,71,81,1,1,1
130,8,518,563,71,81,1,1,1
131,8,518,563,71,81,1,1,1
132,8,518,563,71,81,1,1,1
133,8,518,563,70,81,1,1,1
134,8,519,563,68,81,1,1,1
135,8,518,563,70,81,1,1,1
136,8,517,563,70,81,1,1,1
137,8,517,563,70,81,1,1,1
138,8,518,563,68,81,1,1,1
139,8,516,561,70,83,1,1,1
140,8,516,561,68,83,1,1,1
141,8,516,561,68,83,1,1,1
142,8,516,561,68,83,1,1,1
143,8,517,561,68,83,1,1,1
144,8,517,560,68,83,1,1,1
145,8,517,560,68,85,1,1,1
146,8,517,560,68,85,1,1,1
147,8,516,560,67,85,1,1,1
148,8,516,560,67,85,1,1,1
149,8,517,560,65,85,1,1,1
150,8,515,560,67,85,1,1,1
151,8,516,559,68,87,1,1,1
152,8,515,559,67,87,1,1,1
153,8,516,559,65,87,1,1,1
154,8,516,560,65,85,1,1,1
155,8,516,559,64,87,1,1,1
156,8,516,559,64,87,1,1,1
157,8,514,559,64,87,1,1,1
158,8,515,559,64,87,1,1,1
159,8,514,559,63,87,1,1,1
160,8,514,559,64,87,1,1,1
161,8,514,559,63,87,1,1,1
162,8,514,558,63,88,1,1,1
163,8,512,558,64,88,1,1,1
164,8,513,558,63,88,1,1,1
165,8,513,558,63,88,1,1,1
166,8,512,558,62,88,1,1,1
167,8,512,558,62,88,1,1,1
168,8,511,558,63,88,1,1,1
169,8,511,558,63,88,1,1,1
170,8,512,558,62,88,1,1,1
171,8,512,556,62,88,1,1,1
172,8,511,556,60,88,1,1,1
173,8,511,556,60,88,1,1,1
174,8,511,556,60,88,1,1,1
175,8,511,555,60,90,1,1,1
176,8,511,556,60,88,1,1,1
177,8,510,555,60,90,1,1,1
178,8,510,556,60,88,1,1,1
179,8,511,555,59,87,1,1,1
180,8,511,553,59,88,1,1,1
181,8,511,553,59,88,1,1,1
182,8,510,553,60,87,1,1,1
183,8,509,553,59,87,1,1,1
184,8,509,553,60,87,1,1,1
185,8,509,552,60,88,1,1,1
186,8,509,552,60,88,1,1,1
187,8,509,553,60,87,1,1,1
188,8,509,553,60,87,1,1,1
189,8,508,552,59,85,1,1,1
190,8,509,552,60,85,1,1,1
191,8,508,552,59,85,1,1,1
192,8,507,552,60,87,1,1,1
193,8,507,552,60,87,1,1,1
194,8,508,552,59,87,1,1,1
195,8,508,552,59,87,1,1,1
196,8,507,552,60,85,1,1,1
197,8,507,552,60,87,1,1,1
198,8,507,552,60,85,1,1,1
199,8,507,552,60,85,1,1,1
200,8,507,551,60,88,1,1,1
201,8,507,550,60,87,1,1,1
202,8,507,550,60,87,1,1,1
203,8,507,549,60,88,1,1,1
204,8,507,549,60,88,1,1,1
205,8,507,550,60,87,1,1,1
206,8,507,550,60,87,1,1,1
207,8,507,549,60,88,1,1,1
208,8,507,549,60,88,1,1,1
209,8,507,549,60,88,1,1,1
210,8,507,549,60,88,1,1,1
211,8,507,548,60,87,1,1,1
212,8,507,549,60,88,1,1,1
213,8,507,549,60,88,1,1,1
214,8,507,548,60,87,1,1,1
215,8,507,548,60,87,1,1,1
216,8,506,549,63,88,1,1,1
217,8,505,547,63,88,1,1,1
218,8,505,547,63,88,1,1,1
219,8,504,547,64,88,1,1,1
220,8,504,547,64,88,1,1,1
221,8,504,546,64,88,1,1,1
222,8,504,547,64,88,1,1,1
223,8,504,546,64,87,1,1,1
224,8,504,545,64,88,1,1,1
225,8,504,545,64,88,1,1,1
226,8,504,545,64,88,1,1,1
227,8,504,546,64,87,1,1,1
228,8,502,544,64,88,1,1,1
229,8,503,544,65,87,1,1,1
230,8,504,544,64,87,1,1,1
231,8,504,544,64,87,1,1,1
232,8,503,545,65,85,1,1,1
233,8,503,545,65,85,1,1,1
234,8,503,543,65,87,1,1,1
235,8,503,544,65,85,1,1,1
236,8,502,544,64,85,1,1,1
237,8,502,544,64,85,1,1,1
238,8,502,543,64,85,1,1,1
239,8,502,543,64,85,1,1,1
240,8,502,543,64,85,1,1,1
241,8,502,543,64,85,1,1,1
242,8,502,543,64,85,1,1,1
243,8,503,543,65,85,1,1,1
244,8,503,541,65,87,1,1,1
245,8,502,542,64,85,1,1,1
246,8,502,542,64,85,1,1,1
247,8,503,542,65,85,1,1,1
248,8,502,542,65,85,1,1,1
249,8,502,540,64,85,1,1,1
250,8,501,540,67,85,1,1,1
251,8,503,541,65,87,1,1,1
252,8,502,540,65,85,1,1,1
253,8,502,539,65,87,1,1,1
254,8,501,540,67,85,1,1,1
255,8,502,539,65,87,1,1,1
256,8,502,539,65,87,1,1,1
257,8,502,539,65,87,1,1,1
258,8,502,539,65,87,1,1,1
259,8,502,538,65,88,1,1,1
260,8,502,538,65,88,1,1,1
261,8,502,539,65,87,1,1,1
262,8,500,538,67,88,1,1,1
263,8,502,539,65,87,1,1,1
264,8,501,538,64,88,1,1,1
265,8,500,538,65,88,1,1,1
266,8,500,538,67,88,1,1,1
267,8,501,537,64,88,1,1,1
268,8,500,539,65,87,1,1,1
269,8,501,537,64,88,1,1,1
270,8,501,537,64,88,1,1,1
271,8,500,537,64,87,1,1,1
272,8,500,537,64,87,1,1,1
273,8,500,537,64,87,1,1,1
274,8,500,536,64,88,1,1,1
275,8,500,536,64,88,1,1,1
276,8,500,536,64,88,1,1,1
277,8,500,536,64,88,1,1,1
278,8,500,536,64,88,1,1,1
279,8,499,536,65,90,1,1,1
280,8,498,536,64,88,1,1,1
281,8,498,536,64,88,1,1,1
282,8,499,535,64,88,1,1,1
283,8,499,535,64,88,1,1,1
284,8,499,535,64,88,1,1,1
285,8,499,534,64,90,1,1,1
286,8,498,535,64,88,1,1,1
287,8,498,535,64,90,1,1,1
288,8,498,535,64,88,1,1,1
289,8,497,535,64,88,1,1,1
290,8,497,535,64,88,1,1,1
291,8,497,533,63,88,1,1,1
292,8,496,533,64,88,1,1,1
293,8,496,533,64,88,1,1,1
294,8,497,534,63,87,1,1,1
295,8,497,534,63,87,1,1,1
296,8,497,534,63,87,1,1,1
297,8,497,534,63,87,1,1,1
298,8,497,534,63,87,1,1,1
299,8,497,533,63,88,1,1,1
300,8,497,533,63,88,1,1,1
301,8,497,533,63,88,1,1,1
302,8,496,533,64,88,1,1,1
303,8,496,531,64,88,1,1,1
304,8,496,531,64,88,1,1,1
305,8,495,531,63,88,1,1,1
306,8,495,531,63,88,1,1,1
307,8,495,531,63,88,1,1,1
308,8,495,531,63,88,1,1,1
309,8,495,530,63,90,1,1,1
310,8,495,531,64,88,1,1,1
311,8,495,531,63,88,1,1,1
312,8,495,531,64,88,1,1,1
313,8,495,530,64,90,1,1,1
314,8,494,529,63,88,1,1,1
315,8,494,529,63,88,1,1,1
316,8,495,529,62,88,1,1,1
317,8,495,529,62,88,1,1,1
318,8,495,528,60,88,1,1,1
319,8,495,528,60,88,1,1,1
320,8,493,529,62,88,1,1,1
321,8,494,528,63,90,1,1,1
322,8,494,528,63,90,1,1,1
323,8,494,528,63,90,1,1,1
324,8,494,528,60,88,1,1,1
325,8,493,528,62,92,1,1,1
326,8,492,528,64,92,1,1,1
327,8,494,528,63,94,1,1,1
328,8,492,528,64,94,1,1,1
329,8,492,527,64,94,1,1,1
330,8,493,528,63,92,1,1,1
331,8,493,527,63,92,1,1,1
332,8,492,527,62,90,1,1,1
333,8,492,527,62,90,1,1,1
334,8,492,527,62,90,1,1,1
335,8,492,526,60,88,1,1,1
336,8,492,527,60,90,1,1,1
337,8,492,526,62,88,1,1,1
338,8,491,526,60,88,1,1,1
339,8,492,526,62,88,1,1,1
340,8,491,526,60,88,1,1,1
341,8,491,526,60,88,1,1,1
342,8,491,525,60,90,1,1,1
343,8,491,524,60,88,1,1,1
344,8,491,524,60,88,1,1,1
345,8,491,524,62,88,1,1,1
346,8,491,524,62,88,1,1,1
347,8,492,526,59,83,1,1,1
348,8,491,524,62,88,1,1,1
349,8,491,524,62,88,1,1,1
350,8,491,523,60,87,1,1,1
351,8,491,523,60,87,1,1,1
352,8,491,525,59,83,1,1,1
353,8,491,522,62,91,1,1,1
354,8,490,523,67,94,1,1,1
355,8,491,524,60,85,1,1,1
356,8,491,523,60,83,1,1,1
357,8,491,522,60,85,1,1,1
358,8,489,520,67,89,1,1,1
359,8,489,521,62,83,1,1,1
360,8,489,521,62,83,1,1,1
361,8,489,520,62,85,1,1,1
362,8,488,521,64,87,1,1,1
363,8,489,521,62,83,1,1,1
364,8,489,520,64,88,1,1,1
365,8,490,521,63,83,1,1,1
366,8,489,519,64,88,1,1,1
367,8,489,520,64,90,1,1,1
368,8,488,520,67,92,1,1,1
369,8,489,518,64,90,1,1,1
370,8,488,519,64,85,1,1,1
371,8,489,519,63,85,1,1,1
372,8,489,518,63,85,1,1,1
373,8,488,518,64,87,1,1,1
374,8,488,518,64,85,1,1,1
375,8,488,517,64,85,1,1,1
376,8,489,518,65,87,1,1,1
377,8,489,518,65,85,1,1,1
378,8,488,516,67,87,1,1,1
379,8,488,516,68,87,1,1,1
380,8,488,516,67,87,1,1,1
381,8,488,516,68,87,1,1,1
382,8,487,515,68,88,1,1,1
383,8,487,516,68,87,1,1,1
384,8,488,515,68,85,1,1,1
385,8,489,516,65,83,1,1,1
386,8,488,515,67,85,1,1,1
387,8,488,515,67,85,1,1,1
388,8,488,513,68,85,1,1,1
389,8,488,513,67,85,1,1,1
390,8,489,513,68,85,1,1,1
391,8,489,513,68,85,1,1,1
392,8,488,512,67,83,1,1,1
393,8,489,513,64,83,1,1,1
394,8,488,512,67,83,1,1,1
395,8,489,512,65,83,1,1,1
396,8,488,512,65,83,1,1,1
397,8,488,512,67,83,1,1,1
398,8,488,512,65,83,1,1,1
399,8,488,511,65,83,1,1,1
400,8,488,511,64,83,1,1,1
401,8,488,511,64,83,1,1,1
402,8,488,511,64,83,1,1,1
403,8,488,511,64,83,1,1,1
404,8,488,511,64,83,1,1,1
405,8,488,511,64,83,1,1,1
406,8,488,511,64,83,1,1,1
407,8,488,511,64,83,1,1,1
408,8,488,511,64,83,1,1,1
409,8,488,510,64,85,1,1,1
410,8,488,510,64,85,1,1,1
411,8,486,510,64,85,1,1,1
412,8,486,510,64,85,1,1,1
413,8,486,508,64,85,1,1,1
414,8,487,508,65,85,1,1,1
415,8,486,507,64,87,1,1,1
416,8,487,507,64,87,1,1,1
417,8,485,507,64,87,1,1,1
418,8,485,507,64,88,1,1,1
419,8,485,507,64,87,1,1,1
420,8,485,506,64,88,1,1,1
421,8,486,506,63,88,1,1,1
422,8,486,506,63,88,1,1,1
423,8,485,506,62,88,1,1,1
424,8,485,506,62,90,1,1,1
425,8,486,506,60,90,1,1,1
426,8,486,506,60,88,1,1,1
427,8,486,506,60,88,1,1,1
428,8,485,506,62,88,1,1,1
429,8,484,505,62,90,1,1,1
430,8,484,506,60,90,1,1,1
431,8,484,505,60,90,1,1,1
432,8,485,505,60,90,1,1,1
433,8,485,505,60,90,1,1,1
434,8,485,505,60,92,1,1,1
435,8,485,505,60,92,1,1,1
436,8,484,504,59,92,1,1,1
437,8,484,504,59,92,1,1,1
438,8,485,504,56,92,1,1,1
439,8,484,504,57,92,1,1,1
440,8,484,504,57,92,1,1,1
441,8,484,503,57,94,1,1,1
442,8,484,503,57,94,1,1,1
443,8,483,503,59,94,1,1,1
444,8,484,503,56,94,1,1,1
445,8,482,503,56,94,1,1,1
446,8,482,503,56,94,1,1,1
447,8,483,503,56,94,1,1,1
448,8,483,502,56,94,1,1,1
449,8,482,503,56,94,1,1,1
450,8,482,503,56,94,1,1,1
451,8,482,502,56,94,1,1,1
452,8,482,503,56,94,1,1,1
453,8,482,502,56,94,1,1,1
454,8,482,502,55,94,1,1,1
455,8,482,502,55,94,1,1,1
456,8,481,502,54,94,1,1,1
457,8,482,502,52,94,1,1,1
458,8,481,501,54,96,1,1,1
459,8,482,500,52,94,1,1,1
460,8,482,500,52,94,1,1,1
461,8,480,501,52,94,1,1,1
462,8,480,500,52,94,1,1,1
463,8,480,500,52,94,1,1,1
464,8,480,500,52,94,1,1,1
465,8,480,500,52,94,1,1,1
466,8,480,500,52,94,1,1,1
467,8,481,499,52,92,1,1,1
468,8,480,498,52,94,1,1,1
469,8,480,498,52,94,1,1,1
470,8,480,499,52,92,1,1,1
471,8,480,498,52,94,1,1,1
472,8,480,498,52,94,1,1,1
473,8,480,498,52,94,1,1,1
474,8,480,498,52,94,1,1,1
475,8,480,498,52,94,1,1,1
476,8,480,498,52,94,1,1,1
477,8,480,497,52,92,1,1,1
478,8,480,497,52,92,1,1,1
479,8,480,496,52,94,1,1,1
480,8,479,497,54,92,1,1,1
481,8,479,496,54,94,1,1,1
482,8,479,497,54,92,1,1,1
483,8,479,496,54,94,1,1,1
484,8,479,497,54,92,1,1,1
485,8,479,497,54,92,1,1,1
486,8,479,495,54,94,1,1,1
487,8,479,495,52,92,1,1,1
488,8,479,495,52,92,1,1,1
489,8,479,496,54,92,1,1,1
490,8,479,496,54,92,1,1,1
491,8,479,495,54,92,1,1,1
492,8,480,495,54,94,1,1,1
493,8,478,495,55,94,1,1,1
494,8,480,495,54,94,1,1,1
495,8,478,493,55,94,1,1,1
496,8,479,494,55,94,1,1,1
497,8,479,493,55,94,1,1,1
498,8,479,492,55,96,1,1,1
499,8,479,493,55,94,1,1,1
500,8,479,492,55,92,1,1,1
501,8,479,492,55,92,1,1,1
502,8,479,492,55,92,1,1,1
503,8,479,492,55,92,1,1,1
504,8,479,490,55,92,1,1,1
505,8,479,490,55,92,1,1,1
506,8,479,490,55,92,1,1,1
507,8,479,490,55,92,1,1,1
508,8,480,490,56,92,1,1,1
509,8,480,491,56,90,1,1,1
510,8,480,490,56,92,1,1,1
511,8,480,490,56,92,1,1,1
512,8,480,488,56,92,1,1,1
513,8,480,489,56,90,1,1,1
514,8,480,488,56,90,1,1,1
515,8,480,488,56,90,1,1,1
516,8,480,488,56,90,1,1,1
517,8,480,488,56,90,1,1,1
518,8,480,488,56,90,1,1,1
519,8,480,487,56,92,1,1,1
520,8,480,487,56,92,1,1,1
521,8,480,487,56,92,1,1,1
522,8,480,487,56,92,1,1,1
523,8,480,487,57,92,1,1,1
524,8,480,486,56,92,1,1,1
525,8,480,486,56,92,1,1,1
526,8,480,486,56,92,1,1,1
527,8,480,486,56,92,1,1,1
528,8,479,485,55,92,1,1,1
529,8,479,485,56,92,1,1,1
530,8,479,486,55,92,1,1,1
531,8,478,486,55,92,1,1,1
532,8,478,485,55,92,1,1,1
533,8,478,484,55,94,1,1,1
534,8,478,484,55,94,1,1,1
535,8,478,484,55,94,1,1,1
536,8,478,484,55,94,1,1,1
537,8,479,484,54,94,1,1,1
538,8,479,484,54,94,1,1,1
539,8,477,483,54,96,1,1,1
540,8,477,482,54,94,1,1,1
541,8,477,482,54,94,1,1,1
542,8,477,482,54,94,1,1,1
543,8,478,481,52,97,1,1,1
544,8,478,481,52,96,1,1,1
545,8,478,481,52,96,1,1,1
546,8,478,480,52,97,1,1,1
547,8,477,481,52,96,1,1,1
548,8,477,480,52,97,1,1,1
549,8,477,480,52,97,1,1,1
550,8,476,481,51,96,1,1,1
551,8,476,480,51,97,1,1,1
552,8,477,481,49,96,1,1,1
553,8,476,480,51,97,1,1,1
554,8,476,480,51,97,1,1,1
555,8,476,480,51,97,1,1,1
556,8,477,480,49,97,1,1,1
557,8,476,480,52,97,1,1,1
558,8,476,479,51,97,1,1,1
559,8,476,479,51,97,1,1,1
560,8,475,479,49,97,1,1,1
561,8,475,479,49,97,1,1,1
562,8,475,479,49,97,1,1,1
563,8,476,477,48,97,1,1,1
564,8,475,479,49,97,1,1,1
565,8,475,477,49,97,1,1,1
566,8,475,477,49,97,1,1,1
567,8,474,477,48,97,1,1,1
568,8,474,477,48,97,1,1,1
569,8,474,477,48,97,1,1,1
570,8,475,476,49,99,1,1,1
571,8,475,476,49,99,1,1,1
572,8,474,477,48,97,1,1,1
573,8,474,477,48,97,1,1,1
574,8,474,477,48,97,1,1,1
575,8,474,476,48,99,1,1,1
576,8,474,476,48,99,1,1,1
577,8,474,475,48,97,1,1,1
578,8,474,475,48,97,1,1,1
579,8,473,475,48,97,1,1,1
580,8,473,475,48,97,1,1,1
581,8,473,475,48,97,1,1,1
582,8,473,475,48,97,1,1,1
583,8,474,475,48,97,1,1,1
584,8,474,475,48,97,1,1,1
585,8,473,475,48,97,1,1,1
586,8,473,475,48,97,1,1,1
587,8,474,474,47,97,1,1,1
588,8,472,473,48,97,1,1,1
589,8,472,473,48,97,1,1,1
590,8,472,473,48,97,1,1,1
591,8,472,472,48,97,1,1,1
592,8,472,472,48,96,1,1,1
593,8,473,473,47,94,1,1,1
594,8,473,473,47,94,1,1,1
595,8,473,473,47,94,1,1,1
596,8,472,471,48,96,1,1,1
597,8,472,471,48,96,1,1,1
598,8,472,471,48,96,1,1,1
599,8,472,471,48,96,1,1,1
600,8,472,470,48,97,1,1,1
601,8,470,471,48,96,1,1,1
602,8,472,470,48,97,1,1,1
603,8,470,470,48,97,1,1,1
604,8,470,471,48,96,1,1,1
605,8,470,470,48,97,1,1,1
606,8,472,470,48,97,1,1,1
607,8,470,470,48,97,1,1,1
608,8,470,470,48,97,1,1,1
609,8,470,470,48,97,1,1,1
610,8,471,469,48,96,1,1,1
611,8,470,469,48,96,1,1,1
612,8,471,469,48,96,1,1,1
613,8,471,470,48,97,1,1,1
614,8,470,469,48,96,1,1,1
615,8,470,468,49,97,1,1,1
616,8,470,468,48,97,1,1,1
617,8,470,468,49,97,1,1,1
618,8,470,469,48,96,1,1,1
619,8,470,467,48,96,1,1,1
620,8,470,469,48,94,1,1,1
621,8,470,468,49,97,1,1,1
622,8,471,468,48,97,1,1,1
623,8,470,468,48,97,1,1,1
624,8,470,468,48,97,1,1,1
625,8,471,467,48,96,1,1,1
626,8,471,467,48,96,1,1,1
627,8,471,467,48,96,1,1,1
628,8,471,467,48,96,1,1,1
629,8,471,466,48,94,1,1,1
630,8,471,467,48,96,1,1,1
631,8,471,467,48,96,1,1,1
632,8,471,465,48,97,1,1,1
633,8,471,466,48,97,1,1,1
634,8,471,465,48,97,1,1,1
635,8,470,466,47,94,1,1,1
636,8,470,466,47,94,1,1,1
637,8,470,465,47,96,1,1,1
638,8,470,466,47,94,1,1,1
639,8,470,466,47,94,1,1,1
640,8,470,466,47,94,1,1,1
641,8,470,466,45,94,1,1,1
642,8,470,464,45,94,1,1,1
643,8,470,465,45,96,1,1,1
644,8,470,464,45,94,1,1,1
645,8,470,463,45,97,1,1,1
646,8,470,464,45,96,1,1,1
647,8,470,464,47,96,1,1,1
648,8,470,462,45,96,1,1,1
649,8,470,462,45,96,1,1,1
650,8,470,463,47,97,1,1,1
651,8,470,461,47,97,1,1,1
652,8,469,463,48,97,1,1,1
653,8,469,461,47,97,1,1,1
654,8,469,461,48,97,1,1,1
655,8,469,461,47,97,1,1,1
656,8,470,461,47,97,1,1,1
657,8,469,461,47,97,1,1,1
658,8,470,461,45,97,1,1,1
659,8,470,461,47,97,1,1,1
660,8,470,460,45,96,1,1,1
661,8,470,461,45,97,1,1,1
662,8,470,460,45,96,1,1,1
663,8,470,460,45,96,1,1,1
664,8,470,459,45,97,1,1,1
665,8,470,459,45,97,1,1,1
666,8,470,459,45,97,1,1,1
667,8,470,459,45,97,1,1,1
668,8,470,459,45,97,1,1,1
669,8,470,459,45,97,1,1,1
670,8,470,459,45,97,1,1,1
671,8,470,459,45,97,1,1,1
672,8,470,459,45,97,1,1,1
673,8,470,458,45,99,1,1,1
674,8,469,458,47,99,1,1,1
675,8,468,458,48,99,1,1,1
676,8,469,459,47,97,1,1,1
677,8,469,457,47,99,1,1,1
678,8,469,458,47,99,1,1,1
679,8,469,457,47,99,1,1,1
680,8,469,457,47,99,1,1,1
681,8,470,457,45,99,1,1,1
682,8,470,457,45,99,1,1,1
683,8,470,457,44,97,1,1,1
684,8,469,457,47,97,1,1,1
685,8,469,456,47,99,1,1,1
686,8,469,457,45,97,1,1,1
687,8,469,457,45,97,1,1,1
688,8,469,456,45,99,1,1,1
689,8,469,457,45,97,1,1,1
690,8,469,456,45,99,1,1,1
691,8,469,456,45,99,1,1,1
692,8,469,456,45,99,1,1,1
693,8,469,456,45,99,1,1,1
694,8,469,456,45,99,1,1,1
695,8,469,455,45,99,1,1,1
696,8,469,455,45,99,1,1,1
697,8,467,455,47,99,1,1,1
698,8,467,455,47,99,1,1,1
699,8,467,456,47,97,1,1,1
700,8,468,456,45,97,1,1,1
701,8,468,455,45,99,1,1,1
702,8,468,455,45,97,1,1,1
703,8,468,455,45,99,1,1,1
704,8,468,455,45,97,1,1,1
705,8,468,455,45,99,1,1,1
706,8,468,454,44,97,1,1,1
707,8,468,454,44,97,1,1,1
708,8,468,453,44,99,1,1,1
709,8,468,453,44,99,1,1,1
710,8,468,453,44,99,1,1,1
711,8,468,453,44,99,1,1,1
712,8,468,454,44,97,1,1,1
713,8,468,453,44,99,1,1,1
714,8,468,453,44,99,1,1,1
715,8,468,453,44,99,1,1,1
716,8,468,452,44,101,1,1,1
717,8,466,453,45,99,1,1,1
718,8,466,453,45,99,1,1,1
719,8,466,453,45,99,1,1,1
720,8,467,452,44,97,1,1,1
721,8,467,451,44,99,1,1,1
722,8,467,451,44,99,1,1,1
723,8,467,451,44,99,1,1,1
724,8,467,451,44,99,1,1,1
725,8,467,451,44,99,1,1,1
726,8,466,451,45,99,1,1,1
727,8,466,451,45,99,1,1,1
728,8,466,451,45,99,1,1,1
729,8,466,451,45,99,1,1,1
730,8,465,451,47,99,1,1,1
731,8,465,451,45,99,1,1,1
732,8,465,450,47,101,1,1,1
733,8,465,450,47,101,1,1,1
734,8,465,450,47,101,1,1,1
735,8,465,449,47,99,1,1,1
736,8,464,449,48,99,1,1,1
737,8,465,449,47,99,1,1,1
738,8,465,448,47,101,1,1,1
739,8,464,448,48,101,1,1,1
740,8,465,448,47,101,1,1,1
741,8,465,448,45,101,1,1,1
742,8,465,449,45,99,1,1,1
743,8,465,448,45,101,1,1,1
744,8,465,448,47,101,1,1,1
745,8,465,449,45,99,1,1,1
746,8,465,447,45,101,1,1,1
747,8,465,447,45,101,1,1,1
748,8,466,448,44,99,1,1,1
749,8,465,448,45,99,1,1,1
750,8,465,448,45,99,1,1,1
751,8,465,448,45,99,1,1,1
752,8,465,448,45,99,1,1,1
753,8,466,447,44,99,1,1,1
754,8,465,446,45,99,1,1,1
755,8,466,446,44,99,1,1,1
756,8,465,447,45,97,1,1,1
757,8,465,447,45,97,1,1,1
758,8,464,447,44,97,1,1,1
759,8,464,446,44,99,1,1,1
760,8,464,446,45,99,1,1,1
761,8,465,446,45,99,1,1,1
762,8,465,446,45,99,1,1,1
763,8,463,446,47,99,1,1,1
764,8,463,446,47,99,1,1,1
765,8,463,444,47,99,1,1,1
766,8,464,444,45,99,1,1,1
767,8,464,444,45,99,1,1,1
768,8,464,445,45,97,1,1,1
769,8,464,444,45,99,1,1,1
770,8,464,444,45,99,1,1,1
771,8,462,444,47,99,1,1,1
772,8,462,444,47,99,1,1,1
773,8,463,444,45,99,1,1,1
774,8,462,444,47,99,1,1,1
775,8,462,444,47,99,1,1,1
776,8,464,444,44,99,1,1,1
777,8,464,444,44,99,1,1,1
778,8,464,442,44,99,1,1,1
779,8,464,443,44,101,1,1,1
780,8,465,443,44,101,1,1,1
781,8,465,443,44,101,1,1,1
782,8,465,442,44,99,1,1,1
783,8,465,441,44,101,1,1,1
784,8,465,442,43,99,1,1,1
785,8,466,442,42,99,1,1,1
786,8,466,442,42,99,1,1,1
787,8,465,440,43,101,1,1,1
788,8,465,440,43,101,1,1,1
789,8,465,440,43,101,1,1,1
790,8,465,440,43,101,1,1,1
791,8,466,440,42,101,1,1,1
792,8,466,440,42,99,1,1,1
793,8,466,440,42,101,1,1,1
794,8,466,440,42,101,1,1,1
795,8,466,440,42,99,1,1,1
796,8,466,439,42,99,1,1,1
797,8,466,440,40,97,1,1,1
798,8,466,440,40,97,1,1,1
799,8,466,439,40,99,1,1,1
800,8,466,439,40,99,1,1,1
801,8,466,439,42,99,1,1,1
802,8,466,439,42,99,1,1,1
803,8,466,438,40,97,1,1,1
804,8,466,437,40,99,1,1,1
805,8,466,438,40,97,1,1,1
806,8,466,437,40,99,1,1,1
807,8,466,437,40,99,1,1,1
808,8,466,437,40,99,1,1,1
809,8,466,436,42,101,1,1,1
810,8,466,436,42,101,1,1,1
811,8,466,435,42,103,1,1,1
812,8,466,436,42,101,1,1,1
813,8,466,436,42,101,1,1,1
814,8,466,436,40,101,1,1,1
815,8,466,435,40,99,1,1,1
816,8,466,435,40,99,1,1,1
817,8,466,435,40,99,1,1,1
818,8,466,434,40,101,1,1,1
819,8,466,434,40,101,1,1,1
820,8,466,435,40,99,1,1,1
821,8,466,435,40,99,1,1,1
822,8,466,434,40,101,1,1,1
823,8,466,434,40,101,1,1,1
824,8,466,434,40,101,1,1,1
825,8,466,434,40,101,1,1,1
826,8,465,434,40,101,1,1,1
827,8,465,434,40,101,1,1,1
828,8,464,434,40,101,1,1,1
829,8,464,434,40,101,1,1,1
830,8,465,433,39,99,1,1,1
831,8,465,433,39,99,1,1,1
832,8,465,433,39,99,1,1,1
833,8,465,432,39,101,1,1,1
834,8,465,432,39,101,1,1,1
835,8,465,433,37,99,1,1,1
836,8,465,432,37,101,1,1,1
837,8,465,433,37,99,1,1,1
838,8,465,432,37,101,1,1,1
839,8,463,431,39,101,1,1,1
840,8,464,432,36,101,1,1,1
841,8,464,431,36,101,1,1,1
842,8,464,432,37,101,1,1,1
843,8,464,432,37,101,1,1,1
844,8,464,432,37,101,1,1,1
845,8,464,432,37,101,1,1,1
846,8,464,432,37,101,1,1,1
847,8,463,431,36,101,1,1,1
848,8,464,431,37,101,1,1,1
849,8,463,431,36,101,1,1,1
850,8,463,431,36,101,1,1,1
851,8,463,431,36,101,1,1,1
852,8,463,431,37,101,1,1,1
853,8,463,431,36,101,1,1,1
854,8,463,431,36,101,1,1,1
855,8,463,431,36,101,1,1,1
856,8,463,431,36,101,1,1,1
857,8,463,431,37,99,1,1,1
858,8,463,430,36,101,1,1,1
859,8,463,429,36,101,1,1,1
860,8,463,429,36,101,1,1,1
861,8,463,430,36,101,1,1,1
862,8,461,430,37,101,1,1,1
863,8,462,430,36,101,1,1,1
864,8,462,429,36,101,1,1,1
865,8,462,429,36,101,1,1,1
866,8,462,430,36,99,1,1,1
867,8,461,430,35,99,1,1,1
868,8,461,428,36,99,1,1,1
869,8,460,430,35,99,1,1,1
870,8,460,429,35,101,1,1,1
871,8,459,429,36,101,1,1,1
872,8,459,429,36,101,1,1,1
873,8,459,428,36,99,1,1,1
874,8,459,428,36,99,1,1,1
875,8,458,429,37,97,1,1,1
876,8,458,430,37,99,1,1,1
877,8,456,429,40,97,1,1,1
878,8,456,431,40,97,1,1,1
879,8,456,431,40,97,1,1,1
880,8,455,431,43,94,1,1,1
881,8,454,431,44,94,1,1,1
882,8,452,432,44,92,1,1,1
883,8,453,432,45,92,1,1,1
884,8,451,432,47,92,1,1,1
885,8,452,432,48,90,1,1,1
886,8,452,432,48,88,1,1,1
887,8,452,432,48,85,1,1,1
888,8,452,432,48,83,1,1,1
889,8,452,432,48,83,1,1,1
890,8,451,432,49,83,1,1,1
891,8,451,432,51,83,1,1,1
892,8,450,432,52,83,1,1,1
893,8,450,432,52,83,1,1,1
894,8,451,432,52,83,1,1,1
895,8,451,432,52,83,1,1,1
896,8,451,432,52,83,1,1,1
897,8,450,432,54,83,1,1,1
898,8,450,432,54,83,1,1,1
899,8,450,431,55,83,1,1,1
900,8,449,431,56,83,1,1,1
901,8,450,431,56,83,1,1,1
902,8,450,430,56,85,1,1,1
903,8,448,430,57,85,1,1,1
904,8,448,430,59,85,1,1,1
905,8,448,430,59,85,1,1,1
906,8,447,428,60,85,1,1,1
907,8,448,428,60,85,1,1,1
908,8,448,428,62,85,1,1,1
909,8,448,428,62,85,1,1,1
910,8,447,426,63,85,1,1,1
911,8,448,425,64,87,1,1,1
912,8,448,426,64,85,1,1,1
913,8,448,426,64,85,1,1,1
914,8,447,425,65,83,1,1,1
915,8,447,425,65,83,1,1,1
916,8,447,424,65,81,1,1,1
917,8,448,424,67,83,1,1,1
918,8,447,424,68,83,1,1,1
919,8,446,425,71,83,1,1,1
920,8,444,424,72,83,1,1,1
921,8,444,424,72,83,1,1,1
922,8,443,424,75,83,1,1,1
923,8,443,424,75,83,1,1,1
924,8,441,424,75,81,1,1,1
925,8,441,424,76,81,1,1,1
926,8,440,426,77,81,1,1,1
927,8,439,426,76,78,1,1,1
928,8,438,427,76,76,1,1,1
929,8,436,429,75,76,1,1,1
930,8,436,429,74,76,1,1,1
931,8,436,429,72,76,1,1,1
932,8,434,430,72,76,1,1,1
933,8,435,430,70,74,1,1,1
934,8,433,432,70,74,1,1,1
935,8,434,433,68,71,1,1,1
936,8,432,433,67,67,1,1,1
937,8,432,432,67,67,1,1,1
938,8,433,432,65,65,1,1,1
939,8,433,434,65,65,1,1,1
940,8,433,433,65,64,1,1,1
941,8,433,434,65,62,1,1,1
942,8,433,433,65,60,1,1,1
943,8,433,433,65,56,1,1,1
944,8,432,433,67,56,1,1,1
945,8,432,433,67,53,1,1,1
946,8,432,433,67,53,1,1,1
947,8,432,432,67,53,1,1,1
948,8,433,432,68,51,1,1,1
949,8,433,432,67,51,1,1,1
950,8,432,433,68,49,1,1,1
951,8,432,432,68,49,1,1,1
952,8,432,431,68,48,1,1,1
953,8,432,432,70,46,1,1,1
954,8,433,430,71,46,1,1,1
955,8,432,431,72,44,1,1,1
956,8,432,430,72,42,1,1,1
957,8,430,430,72,39,1,1,1
958,8,430,429,74,39,1,1,1
959,8,430,429,76,39,1,1,1
960,8,430,429,76,39,1,1,1
961,8,429,427,77,40,1,1,1
962,8,427,427,79,40,1,1,1
963,8,427,426,80,42,1,1,1
964,8,426,426,80,42,1,1,1
965,8,425,425,83,44,1,1,1
966,8,425,425,84,44,1,1,1
967,8,424,425,85,44,1,1,1
968,8,424,424,84,46,1,1,1
969,8,422,424,87,46,1,1,1
970,8,422,424,87,46,1,1,1
971,8,422,424,88,48,1,1,1
972,8,422,423,88,49,1,1,1
973,8,422,424,87,49,1,1,1
974,8,420,422,88,51,1,1,1
975,8,420,423,88,51,1,1,1
976,8,420,421,88,53,1,1,1
977,8,418,422,88,53,1,1,1
978,8,418,421,88,56,1,1,1
979,8,417,421,88,56,1,1,1
980,8,418,420,88,58,1,1,1
981,8,418,420,88,58,1,1,1
982,8,417,419,88,60,1,1,1
983,8,416,419,88,60,1,1,1
984,8,417,420,87,62,1,1,1
985,8,416,421,88,60,1,1,1
986,8,414,421,88,60,1,1,1
987,8,415,422,88,60,1,1,1
988,8,414,423,87,60,1,1,1
989,8,414,424,87,60,1,1,1
990,8,414,424,87,60,1,1,1
991,8,414,424,87,60,1,1,1
992,8,414,426,84,60,1,1,1
993,8,413,427,83,58,1,1,1
994,8,414,429,84,58,1,1,1
995,8,414,429,84,58,1,1,1
996,8,414,430,81,60,1,1,1
997,8,414,431,80,58,1,1,1
998,8,412,430,81,60,1,1,1
999,8,412,432,81,58,1,1,1
1000,8,412,432,81,60,1,1,1
1001,8,412,432,81,60,1,1,1
1002,8,413,432,80,60,1,1,1
1003,8,413,432,80,60,1,1,1
1004,8,412,431,80,62,1,1,1
1005,8,412,431,80,62,1,1,1
1006,8,412,432,80,62,1,1,1
1007,8,410,432,80,62,1,1,1
1008,8,411,432,80,64,1,1,1
1009,8,410,432,79,64,1,1,1
1010,8,409,431,80,65,1,1,1
1011,8,409,430,80,67,1,1,1
1012,8,410,430,77,67,1,1,1
1013,8,410,431,77,67,1,1,1
1014,8,409,430,77,69,1,1,1
1015,8,408,430,76,69,1,1,1
1016,8,408,430,76,69,1,1,1
1017,8,408,429,76,71,1,1,1
1018,8,408,429,76,72,1,1,1
1019,8,407,429,76,72,1,1,1
1020,8,406,429,76,72,1,1,1
1021,8,407,428,75,74,1,1,1
1022,8,406,428,74,74,1,1,1
1023,8,406,427,74,76,1,1,1
1024,8,407,427,72,76,1,1,1
1025,8,405,426,72,78,1,1,1
1026,8,406,426,72,78,1,1,1
1027,8,406,426,71,78,1,1,1
1028,8,405,425,71,80,1,1,1
1029,8,404,424,72,81,1,1,1
1030,8,403,424,71,83,1,1,1
1031,8,403,424,71,83,1,1,1
1032,8,404,424,70,83,1,1,1
1033,8,404,423,68,85,1,1,1
1034,8,402,423,70,85,1,1,1
1035,8,402,424,68,85,1,1,1
1036,8,402,424,68,85,1,1,1
1037,8,403,424,67,87,1,1,1
1038,8,403,424,67,87,1,1,1
1039,8,402,424,65,87,1,1,1
1040,8,402,423,65,88,1,1,1
1041,8,400,423,67,88,1,1,1
1042,8,400,424,67,88,1,1,1
1043,8,399,424,67,88,1,1,1
1044,8,399,424,67,88,1,1,1
1045,8,400,424,65,90,1,1,1
1046,8,400,424,64,90,1,1,1
1047,8,400,424,64,90,1,1,1
1048,8,398,423,64,92,1,1,1
1049,8,399,423,64,92,1,1,1
1050,8,399,424,64,92,1,1,1
1051,8,398,424,63,92,1,1,1
1052,8,399,424,62,92,1,1,1
1053,8,399,424,62,92,1,1,1
1054,8,399,424,62,92,1,1,1
1055,8,398,424,63,92,1,1,1
1056,8,397,425,62,94,1,1,1
1057,8,397,426,62,92,1,1,1
1058,8,396,425,62,94,1,1,1
1059,8,396,426,62,92,1,1,1
1060,8,396,427,60,94,1,1,1
1061,8,396,427,62,94,1,1,1
1062,8,396,427,62,94,1,1,1
1063,8,396,427,62,94,1,1,1
1064,8,396,427,60,94,1,1,1
1065,8,396,427,60,94,1,1,1
1066,8,394,429,60,94,1,1,1
1067,8,395,429,59,94,1,1,1
1068,8,395,429,57,94,1,1,1
1069,8,394,429,56,94,1,1,1
1070,8,394,430,56,94,1,1,1
1071,8,394,430,56,94,1,1,1
1072,8,394,430,57,96,1,1,1
1073,8,393,431,56,94,1,1,1
1074,8,393,431,56,94,1,1,1
1075,8,393,430,56,96,1,1,1
1076,8,393,432,57,96,1,1,1
1077,8,393,432,57,94,1,1,1
1078,8,393,432,56,96,1,1,1
1079,8,391,432,57,96,1,1,1
1080,8,392,433,56,96,1,1,1
1081,8,392,433,56,96,1,1,1
1082,8,392,432,56,97,1,1,1
1083,8,390,433,56,96,1,1,1
1084,8,390,433,56,97,1,1,1
1085,8,391,433,57,97,1,1,1
1086,8,390,433,56,97,1,1,1
1087,8,391,433,56,97,1,1,1
1088,8,390,434,56,97,1,1,1
1089,8,390,435,55,96,1,1,1
1090,8,390,437,55,94,1,1,1
1091,8,389,438,54,94,1,1,1
1092,8,388,440,54,92,1,1,1
1093,8,388,438,54,94,1,1,1
1094,8,388,440,52,92,1,1,1
1095,8,388,440,54,92,1,1,1
1096,8,388,440,54,94,1,1,1
1097,8,388,440,52,94,1,1,1
1098,8,388,440,54,94,1,1,1
1099,8,388,440,52,94,1,1,1
1100,8,388,441,52,94,1,1,1
1101,8,386,441,54,94,1,1,1
1102,8,386,441,54,94,1,1,1
1103,8,386,440,54,96,1,1,1
1104,8,387,441,52,94,1,1,1
1105,8,387,443,52,94,1,1,1
1106,8,387,443,52,94,1,1,1
1107,8,385,443,54,94,1,1,1
1108,8,386,443,52,94,1,1,1
1109,8,386,445,52,94,1,1,1
1110,8,384,444,54,96,1,1,1
1111,8,386,445,52,94,1,1,1
1112,8,386,445,52,94,1,1,1
1113,8,384,444,54,96,1,1,1
1114,8,384,444,52,96,1,1,1
1115,8,384,444,54,96,1,1,1
1116,8,384,444,52,96,1,1,1
1117,8,384,446,52,94,1,1,1
1118,8,384,446,52,96,1,1,1
1119,8,385,447,52,94,1,1,1
1120,8,384,447,52,94,1,1,1
1121,8,383,448,52,94,1,1,1
1122,8,383,448,52,94,1,1,1
1123,8,383,446,52,96,1,1,1
1124,8,382,445,54,97,1,1,1
1125,8,382,448,52,94,1,1,1
1126,8,383,447,52,97,1,1,1
1127,8,382,449,52,96,1,1,1
1128,8,382,449,52,96,1,1,1
1129,8,383,450,51,94,1,1,1
1130,8,382,450,52,94,1,1,1
1131,8,382,450,52,94,1,1,1
1132,8,381,450,51,94,1,1,1
1133,8,381,450,52,94,1,1,1
1134,8,381,451,52,96,1,1,1
1135,8,381,451,52,96,1,1,1
1136,8,381,451,52,96,1,1,1
1137,8,381,451,52,96,1,1,1
1138,8,380,451,52,96,1,1,1
1139,8,380,452,52,97,1,1,1
1140,8,379,452,54,97,1,1,1
1141,8,377,452,54,97,1,1,1
1142,8,376,455,54,94,1,1,1
1143,8,376,452,56,97,1,1,1
1144,8,378,452,55,97,1,1,1
1145,8,376,454,59,97,1,1,1
1146,8,378,456,57,97,1,1,1
1147,8,380,456,56,97,1,1,1
1148,8,381,459,56,94,1,1,1
1149,8,383,460,55,92,1,1,1
1150,8,384,463,54,90,1,1,1
1151,8,385,463,55,90,1,1,1
1152,8,385,465,55,88,1,1,1
1153,8,385,466,55,88,1,1,1
1154,8,385,469,55,85,1,1,1
1155,8,384,469,54,85,1,1,1
1156,8,385,472,52,83,1,1,1
1157,8,384,472,51,83,1,1,1
1158,8,384,472,48,83,1,1,1
1159,8,385,472,47,83,1,1,1
1160,8,385,472,44,83,1,1,1
1161,8,385,473,45,83,1,1,1
1162,8,386,471,42,85,1,1,1
1163,8,385,472,42,85,1,1,1
1164,8,385,471,42,88,1,1,1
1165,8,385,471,42,88,1,1,1
1166,8,384,469,40,88,1,1,1
1167,8,385,469,39,88,1,1,1
1168,8,385,467,37,92,1,1,1
1169,8,384,467,35,92,1,1,1
1170,8,385,466,32,94,1,1,1
1171,8,384,466,32,94,1,1,1
1172,8,384,465,30,96,1,1,1
1173,8,384,464,30,97,1,1,1
1174,8,385,464,28,99,1,1,1
1175,8,384,464,26,99,1,1,1
1176,8,385,464,24,99,1,1,1
1177,8,384,463,24,101,1,1,1
1178,8,385,463,24,101,1,1,1
1179,8,385,462,24,103,1,1,1
1180,8,384,462,26,103,1,1,1
1181,8,385,462,24,103,1,1,1
1182,8,383,462,26,103,1,1,1
1183,8,385,462,24,103,1,1,1
1184,8,385,464,24,101,1,1,1
1185,8,385,464,24,101,1,1,1
1186,8,384,464,24,101,1,1,1
1187,8,384,464,24,101,1,1,1
1188,8,384,462,24,103,1,1,1
1189,8,384,464,24,101,1,1,1
1190,8,384,464,24,101,1,1,1
1191,8,384,464,24,101,1,1,1
1192,8,384,464,24,101,1,1,1
1193,8,384,466,24,101,1,1,1
1194,8,384,466,24,101,1,1,1
1195,8,384,466,24,101,1,1,1
1196,8,384,467,24,99,1,1,1
1197,8,384,467,24,99,1,1,1
1198,8,384,467,24,99,1,1,1
1199,8,384,467,24,99,1,1,1
1200,8,383,470,26,97,1,1,1
1201,8,383,470,27,97,1,1,1
1202,8,383,470,27,97,1,1,1
1203,8,383,470,26,97,1,1,1
1204,8,383,472,26,97,1,1,1
1205,8,383,472,26,97,1,1,1
1206,8,383,472,26,97,1,1,1
1207,8,383,472,27,97,1,1,1
1208,8,383,472,27,97,1,1,1
1209,8,382,472,28,97,1,1,1
1210,8,382,472,28,97,1,1,1
1211,8,382,474,28,96,1,1,1
1212,8,382,474,28,96,1,1,1
1213,8,382,474,28,96,1,1,1
1214,8,382,474,28,97,1,1,1
1215,8,382,475,28,97,1,1,1
1216,8,383,477,28,97,1,1,1
1217,8,383,477,28,97,1,1,1
1218,8,383,477,28,97,1,1,1
1219,8,384,479,28,97,1,1,1
1220,8,382,479,30,97,1,1,1
1221,8,382,479,30,97,1,1,1
1222,8,384,480,28,97,1,1,1
1223,8,384,480,30,99,1,1,1
1224,8,384,481,28,99,1,1,1
1225,8,384,483,28,99,1,1,1
1226,8,384,482,30,101,1,1,1
1227,8,384,482,28,101,1,1,1
1228,8,384,484,30,101,1,1,1
1229,8,383,483,31,103,1,1,1
1230,8,383,484,31,103,1,1,1
1231,8,384,484,30,104,1,1,1
1232,8,383,485,31,106,1,1,1
1233,8,384,483,30,106,1,1,1
1234,8,383,486,31,104,1,1,1
1235,8,383,488,31,103,1,1,1
1236,8,383,488,31,103,1,1,1
1237,8,383,488,31,103,1,1,1
1238,8,383,488,31,103,1,1,1
1239,8,384,490,32,103,1,1,1
1240,8,384,492,32,99,1,1,1
1241,8,384,491,32,101,1,1,1
1242,8,384,491,32,101,1,1,1
1243,8,383,493,31,101,1,1,1
1244,8,384,494,32,101,1,1,1
1245,8,385,494,31,101,1,1,1
1246,8,385,492,31,103,1,1,1
1247,8,385,493,31,103,1,1,1
1248,8,385,494,31,103,1,1,1
1249,8,385,494,31,103,1,1,1
1250,8,385,495,31,101,1,1,1
1251,8,385,496,31,101,1,1,1
1252,8,385,496,31,101,1,1,1
1253,8,384,496,32,103,1,1,1
1254,8,385,496,31,103,1,1,1
1255,8,385,496,31,101,1,1,1
1256,8,384,496,32,103,1,1,1
1257,8,384,495,32,103,1,1,1
1258,8,384,494,32,106,1,1,1
1259,8,384,496,32,104,1,1,1
1260,8,384,497,32,103,1,1,1
1261,8,386,498,31,101,1,1,1
1262,8,386,500,31,101,1,1,1
1263,8,386,500,32,101,1,1,1
1264,8,386,500,31,101,1,1,1
1265,8,386,502,31,101,1,1,1
1266,8,386,503,32,99,1,1,1
1267,8,386,503,32,99,1,1,1
1268,8,386,502,32,101,1,1,1
1269,8,386,501,32,103,1,1,1
1270,8,386,501,32,103,1,1,1
1271,8,386,501,32,103,1,1,1
1272,8,385,503,32,103,1,1,1
1273,8,385,504,32,101,1,1,1
1274,8,385,504,32,101,1,1,1
1275,8,385,504,32,101,1,1,1
1276,8,385,505,32,101,1,1,1
1277,8,386,505,33,101,1,1,1
1278,8,386,505,32,101,1,1,1
1279,8,386,508,33,99,1,1,1
1280,8,386,508,32,99,1,1,1
1281,8,386,508,33,99,1,1,1
1282,8,386,507,33,101,1,1,1
1283,8,386,507,33,101,1,1,1
1284,8,386,506,33,103,1,1,1
1285,8,386,507,33,101,1,1,1
1286,8,386,506,33,103,1,1,1
1287,8,385,508,35,103,1,1,1
1288,8,385,508,35,103,1,1,1
1289,8,385,508,35,103,1,1,1
1290,8,387,510,33,101,1,1,1
1291,8,385,511,35,101,1,1,1
1292,8,387,511,33,101,1,1,1
1293,8,386,511,36,101,1,1,1
1294,8,387,512,35,99,1,1,1
1295,8,387,512,35,99,1,1,1
1296,8,387,513,35,99,1,1,1
1297,8,386,512,36,101,1,1,1
1298,8,386,513,36,99,1,1,1
1299,8,386,513,36,99,1,1,1
1300,8,386,512,36,101,1,1,1
1301,8,386,514,36,101,1,1,1
1302,8,386,515,36,99,1,1,1
1303,8,386,516,36,97,1,1,1
1304,8,386,518,36,97,1,1,1
1305,8,386,520,36,96,1,1,1
1306,8,386,521,36,94,1,1,1
1307,8,387,521,36,94,1,1,1
1308,8,387,520,36,97,1,1,1
1309,8,387,521,36,94,1,1,1
1310,8,387,520,36,97,1,1,1
1311,8,387,523,36,94,1,1,1
1312,8,387,523,36,94,1,1,1
1313,8,387,523,37,94,1,1,1
1314,8,387,523,37,94,1,1,1
1315,8,387,522,37,96,1,1,1
1316,8,387,524,37,96,1,1,1
1317,8,387,524,37,96,1,1,1
1318,8,387,525,37,94,1,1,1
1319,8,386,523,39,97,1,1,1
1320,8,386,524,39,96,1,1,1
1321,8,386,523,39,97,1,1,1
1322,8,386,525,39,97,1,1,1
1323,8,388,523,37,97,1,1,1
1324,8,388,525,37,97,1,1,1
1325,8,387,523,40,97,1,1,1
1326,8,387,524,40,99,1,1,1
1327,8,387,524,40,99,1,1,1
1328,8,387,524,39,99,1,1,1
1329,8,387,525,39,97,1,1,1
1330,8,387,522,40,99,1,1,1
1331,8,387,523,39,101,1,1,1
1332,8,387,524,39,99,1,1,1
1333,8,387,524,39,99,1,1,1
1334,8,387,524,39,99,1,1,1
1335,8,387,524,39,99,1,1,1
1336,8,388,523,40,101,1,1,1
1337,8,388,523,40,101,1,1,1
1338,8,386,523,40,101,1,1,1
1339,8,388,523,40,101,1,1,1
1340,8,388,525,40,101,1,1,1
1341,8,388,523,40,101,1,1,1
1342,8,388,523,40,101,1,1,1
1343,8,386,524,42,103,1,1,1
1344,8,388,525,40,101,1,1,1
1345,8,388,524,40,103,1,1,1
1346,8,388,527,40,101,1,1,1
1347,8,388,524,40,103,1,1,1
1348,8,387,527,42,101,1,1,1
1349,8,387,528,42,99,1,1,1
1350,8,387,527,42,101,1,1,1
1351,8,387,527,42,101,1,1,1
1352,8,388,527,43,101,1,1,1
1353,8,388,527,43,101,1,1,1
1354,8,388,528,43,101,1,1,1
1355,8,388,528,43,103,1,1,1
1356,8,388,528,43,101,1,1,1
1357,8,386,528,44,101,1,1,1
1358,8,386,529,44,103,1,1,1
1359,8,386,530,44,101,1,1,1
1360,8,387,530,44,101,1,1,1
1361,8,387,530,44,101,1,1,1
1362,8,387,530,44,101,1,1,1
1363,8,387,530,44,101,1,1,1
1364,8,387,533,44,99,1,1,1
1365,8,387,533,44,99,1,1,1
1366,8,387,533,44,99,1,1,1
1367,8,388,532,44,101,1,1,1
1368,8,386,533,45,99,1,1,1
1369,8,388,533,44,99,1,1,1
1370,8,388,535,44,99,1,1,1
1371,8,388,533,45,99,1,1,1
1372,8,388,536,45,97,1,1,1
1373,8,387,536,47,97,1,1,1
1374,8,389,536,45,97,1,1,1
1375,8,390,534,45,97,1,1,1
1376,8,390,536,45,97,1,1,1
1377,8,392,538,44,96,1,1,1
1378,8,392,536,45,97,1,1,1
1379,8,392,535,44,99,1,1,1
1380,8,394,536,44,97,1,1,1
1381,8,395,540,44,92,1,1,1
1382,8,394,538,45,96,1,1,1
1383,8,394,538,47,96,1,1,1
1384,8,394,540,47,92,1,1,1
1385,8,395,540,48,92,1,1,1
1386,8,395,540,48,92,1,1,1
1387,8,394,543,48,90,1,1,1
1388,8,394,541,49,90,1,1,1
1389,8,393,541,51,90,1,1,1
1390,8,392,541,52,90,1,1,1
1391,8,392,542,54,88,1,1,1
1392,8,392,544,54,88,1,1,1
1393,8,390,547,55,85,1,1,1
1394,8,391,550,56,83,1,1,1
1395,8,391,549,56,81,1,1,1
1396,8,390,550,56,83,1,1,1
1397,8,390,551,57,81,1,1,1
1398,8,388,551,59,81,1,1,1
1399,8,388,551,60,81,1,1,1
1400,8,388,551,62,81,1,1,1
1401,8,388,551,62,81,1,1,1
1402,8,387,552,64,80,1,1,1
1403,8,386,552,63,80,1,1,1
1404,8,386,552,64,78,1,1,1
1405,8,386,552,64,78,1,1,1
1406,8,384,552,65,78,1,1,1
1407,8,384,554,65,78,1,1,1
1408,8,383,554,68,78,1,1,1
1409,8,383,554,68,78,1,1,1
1410,8,384,554,68,78,1,1,1
1411,8,382,554,70,78,1,1,1
1412,8,382,554,71,78,1,1,1
1413,8,382,557,71,76,1,1,1
1414,8,381,557,72,76,1,1,1
1415,8,381,557,72,76,1,1,1
1416,8,379,557,74,76,1,1,1
1417,8,380,560,75,72,1,1,1
1418,8,380,560,75,74,1,1,1
1419,8,378,561,76,71,1,1,1
1420,8,378,561,76,71,1,1,1
1421,8,378,563,76,71,1,1,1
1422,8,378,563,77,71,1,1,1
1423,8,376,563,80,71,1,1,1
1424,8,376,563,80,71,1,1,1
1425,8,376,563,80,71,1,1,1
1426,8,375,564,81,71,1,1,1
1427,8,375,565,83,71,1,1,1
1428,8,375,566,83,69,1,1,1
1429,8,374,566,84,69,1,1,1
1430,8,374,567,84,69,1,1,1
1431,8,373,567,85,69,1,1,1
1432,8,373,568,87,69,1,1,1
1433,8,373,568,87,69,1,1,1
1434,8,373,568,87,69,1,1,1
1435,8,372,568,88,69,1,1,1
1436,8,372,570,88,67,1,1,1
1437,8,372,570,88,67,1,1,1
1438,8,373,570,88,67,1,1,1
1439,8,373,572,88,67,1,1,1
1440,8,373,572,88,67,1,1,1
1441,8,373,572,88,67,1,1,1
1442,8,372,572,89,67,1,1,1
1443,8,372,572,89,67,1,1,1
1444,8,374,573,88,65,1,1,1
1445,8,374,573,88,65,1,1,1
1446,8,374,574,88,67,1,1,1
1447,8,373,572,91,67,1,1,1
1448,8,375,572,89,67,1,1,1
1449,8,376,574,88,67,1,1,1
1450,8,377,574,88,67,1,1,1
1451,8,378,574,88,67,1,1,1
1452,8,377,574,88,67,1,1,1
1453,8,379,574,87,67,1,1,1
1454,8,382,574,85,67,1,1,1
1455,8,383,575,84,67,1,1,1
1456,8,384,575,84,67,1,1,1
1457,8,385,575,84,67,1,1,1
1458,8,387,575,81,67,1,1,1
1459,8,387,575,83,67,1,1,1
1460,8,388,574,81,67,1,1,1
1461,8,388,574,81,67,1,1,1
1462,8,389,573,81,69,1,1,1
1463,8,390,573,80,69,1,1,1
1464,8,391,574,80,67,1,1,1
1465,8,392,574,80,67,1,1,1
1466,8,393,574,79,67,1,1,1
1467,8,392,574,80,67,1,1,1
1468,8,393,574,79,67,1,1,1
1469,8,393,573,80,69,1,1,1
1470,8,393,574,80,67,1,1,1
1471,8,395,574,80,67,1,1,1
1472,8,395,573,80,69,1,1,1
1473,8,396,574,80,67,1,1,1
1474,8,396,576,80,65,1,1,1
1475,8,397,576,79,65,1,1,1
1476,8,396,574,80,67,1,1,1
1477,8,397,576,79,65,1,1,1
1478,8,396,576,80,65,1,1,1
1479,8,398,578,79,62,1,1,1
1480,8,398,578,79,62,1,1,1
1481,8,397,578,80,62,1,1,1
1482,8,397,577,80,64,1,1,1
1483,8,397,578,80,62,1,1,1
1484,8,396,576,81,65,1,1,1
1485,8,396,578,81,62,1,1,1
1486,8,396,580,81,62,1,1,1
1487,8,396,580,83,62,1,1,1
1488,8,396,580,83,62,1,1,1
1489,8,395,580,84,62,1,1,1
1490,8,395,580,84,62,1,1,1
1491,8,394,582,85,60,1,1,1
1492,8,394,584,85,58,1,1,1
1493,8,394,584,85,58,1,1,1
1494,8,394,584,85,58,1,1,1
1495,8,393,586,88,56,1,1,1
1496,8,394,586,88,56,1,1,1
1497,8,392,586,89,56,1,1,1
1498,8,392,585,91,58,1,1,1
1499,8,392,586,91,56,1,1,1
1500,8,391,589,92,55,1,1,1
1501,8,391,589,92,55,1,1,1
1502,8,391,589,92,55,1,1,1
1503,8,390,590,94,53,1,1,1
1504,8,390,592,94,51,1,1,1
1505,8,390,592,95,51,1,1,1
1506,8,390,592,95,53,1,1,1
1507,8,389,592,96,51,1,1,1
1508,8,389,593,96,51,1,1,1
1509,8,388,593,98,51,1,1,1
1510,8,388,593,98,51,1,1,1
1511,8,388,595,99,49,1,1,1
1512,8,388,594,99,51,1,1,1
1513,8,388,595,99,49,1,1,1
1514,8,388,597,99,49,1,1,1
1515,8,388,597,99,49,1,1,1
1516,8,388,598,99,48,1,1,1
1517,8,389,598,100,48,1,1,1
1518,8,389,599,100,46,1,1,1
1519,8,389,599,100,46,1,1,1
1520,8,391,601,99,44,1,1,1
1521,8,391,600,99,46,1,1,1
1522,8,391,600,99,46,1,1,1
1523,8,390,600,100,46,1,1,1
1524,8,390,600,100,46,1,1,1
1525,8,390,602,100,46,1,1,1
1526,8,390,602,100,46,1,1,1
1527,8,392,603,100,44,1,1,1
1528,8,392,603,100,44,1,1,1
1529,8,392,603,100,44,1,1,1
1530,8,391,603,100,44,1,1,1
1531,8,393,603,100,44,1,1,1
1532,8,393,603,100,44,1,1,1
1533,8,393,603,100,44,1,1,1
1534,8,392,603,100,44,1,1,1
1535,8,394,603,100,44,1,1,1
1536,8,394,603,100,44,1,1,1
1537,8,394,603,100,44,1,1,1
1538,8,394,603,100,44,1,1,1
1539,8,394,604,100,46,1,1,1
1540,8,396,604,100,46,1,1,1
1541,8,396,604,100,46,1,1,1
1542,8,396,604,99,46,1,1,1
1543,8,396,604,100,46,1,1,1
1544,8,397,604,100,46,1,1,1
1545,8,397,604,100,46,1,1,1
1546,8,397,604,99,46,1,1,1
1547,8,398,604,100,46,1,1,1
1548,8,399,604,99,46,1,1,1
1549,8,398,604,100,46,1,1,1
1550,8,400,604,99,46,1,1,1
1551,8,399,603,100,48,1,1,1
1552,8,399,603,100,48,1,1,1
1553,8,399,603,100,48,1,1,1
1554,8,401,604,99,46,1,1,1
1555,8,401,603,100,48,1,1,1
1556,8,403,604,99,46,1,1,1
1557,8,403,604,98,46,1,1,1
1558,8,405,604,96,46,1,1,1
1559,8,404,602,98,46,1,1,1
1560,8,407,602,96,46,1,1,1
1561,8,407,602,96,46,1,1,1
1562,8,410,604,92,46,1,1,1
1563,8,409,601,94,48,1,1,1
1564,8,411,602,92,46,1,1,1
1565,8,413,602,92,46,1,1,1
1566,8,413,602,91,46,1,1,1
1567,8,413,601,91,48,1,1,1
1568,8,413,599,91,49,1,1,1
1569,8,413,599,91,49,1,1,1
1570,8,416,601,88,48,1,1,1
1571,8,415,599,89,49,1,1,1
1572,8,417,601,88,48,1,1,1
1573,8,417,601,89,48,1,1,1
1574,8,417,600,88,46,1,1,1
1575,8,419,603,88,44,1,1,1
1576,8,418,603,88,44,1,1,1
1577,8,420,603,88,44,1,1,1
1578,8,420,603,88,44,1,1,1
1579,8,420,603,88,44,1,1,1
1580,8,420,603,88,44,1,1,1
1581,8,420,603,88,44,1,1,1
1582,8,420,603,89,44,1,1,1
1583,8,420,603,89,44,1,1,1
1584,8,420,603,89,44,1,1,1
1585,8,420,603,89,44,1,1,1
1586,8,420,602,91,46,1,1,1
1587,8,420,602,91,46,1,1,1
1588,8,419,602,92,46,1,1,1
1589,8,419,602,92,46,1,1,1
1590,8,419,604,94,42,1,1,1
1591,8,418,605,95,44,1,1,1
1592,8,419,605,94,44,1,1,1
1593,8,419,607,94,40,1,1,1
1594,8,418,607,96,40,1,1,1
1595,8,418,608,96,40,1,1,1
1596,8,418,609,96,39,1,1,1
1597,8,418,609,96,39,1,1,1
1598,8,417,609,98,39,1,1,1
1599,8,417,610,98,37,1,1,1
1600,8,416,612,99,37,1,1,1
1601,8,416,612,100,37,1,1,1
1602,8,416,614,100,35,1,1,1
1603,8,414,614,103,37,1,1,1
1604,8,414,615,103,35,1,1,1
1605,8,414,616,103,35,1,1,1
1606,8,415,617,103,33,1,1,1
1607,8,415,618,103,33,1,1,1
1608,8,415,618,104,33,1,1,1
1609,8,416,619,104,33,1,1,1
1610,8,416,622,104,30,1,1,1
1611,8,416,622,104,32,1,1,1
1612,8,416,623,104,30,1,1,1
1613,8,416,623,104,30,1,1,1
1614,8,416,623,104,30,1,1,1
1615,8,416,623,104,30,1,1,1
1616,8,416,623,104,30,1,1,1
1617,8,417,623,104,30,1,1,1
1618,8,417,623,104,30,1,1,1
1619,8,418,623,104,30,1,1,1
1620,8,418,623,104,30,1,1,1
1621,8,419,623,104,30,1,1,1
1622,8,418,623,104,30,1,1,1
1623,8,419,624,105,32,1,1,1
1624,8,420,624,104,32,1,1,1
1625,8,421,624,104,30,1,1,1
1626,8,420,624,105,30,1,1,1
1627,8,421,622,104,32,1,1,1
1628,8,422,624,104,32,1,1,1
1629,8,422,622,104,32,1,1,1
1630,8,423,622,104,32,1,1,1
1631,8,422,622,104,32,1,1,1
1632,8,422,622,104,32,1,1,1
1633,8,423,622,105,32,1,1,1
1634,8,424,622,104,32,1,1,1
1635,8,426,622,103,32,1,1,1
1636,8,424,621,104,33,1,1,1
1637,8,426,621,101,33,1,1,1
1638,8,426,621,103,33,1,1,1
1639,8,426,621,103,33,1,1,1
1640,8,430,622,100,32,1,1,1
1641,8,430,621,100,33,1,1,1
1642,8,430,621,100,33,1,1,1
1643,8,431,619,100,33,1,1,1
1644,8,431,618,100,35,1,1,1
1645,8,430,618,103,35,1,1,1
1646,8,430,618,103,35,1,1,1
1647,8,430,618,104,35,1,1,1
1648,8,429,616,104,37,1,1,1
1649,8,431,618,103,35,1,1,1
1650,8,434,617,101,35,1,1,1
1651,8,435,618,100,35,1,1,1
1652,8,436,618,100,35,1,1,1
1653,8,436,617,100,35,1,1,1
1654,8,436,616,100,35,1,1,1
1655,8,436,616,100,37,1,1,1
1656,8,437,616,100,35,1,1,1
1657,8,439,618,99,35,1,1,1
1658,8,439,616,99,37,1,1,1
1659,8,439,616,99,37,1,1,1
1660,8,440,618,98,35,1,1,1
1661,8,440,617,99,35,1,1,1
1662,8,440,618,98,35,1,1,1
1663,8,442,618,96,35,1,1,1
1664,8,440,618,98,35,1,1,1
1665,8,440,617,99,35,1,1,1
1666,8,440,617,99,35,1,1,1
1667,8,440,616,99,35,1,1,1
1668,8,441,616,100,37,1,1,1
1669,8,441,618,99,35,1,1,1
1670,8,441,618,99,35,1,1,1
1671,8,443,618,99,35,1,1,1
1672,8,443,619,99,33,1,1,1
1673,8,443,620,99,32,1,1,1
1674,8,443,619,100,33,1,1,1
1675,8,443,620,100,32,1,1,1
1676,8,443,620,100,32,1,1,1
1677,8,443,621,100,33,1,1,1
1678,8,444,621,100,33,1,1,1
1679,8,444,622,100,30,1,1,1
1680,8,442,622,101,32,1,1,1
1681,8,444,623,100,30,1,1,1
1682,8,444,623,100,30,1,1,1
1683,8,444,623,101,30,1,1,1
1684,8,444,623,101,30,1,1,1
1685,8,444,624,101,28,1,1,1
1686,8,443,624,103,28,1,1,1
1687,8,445,624,101,28,1,1,1
1688,8,445,626,101,26,1,1,1
1689,8,445,626,101,26,1,1,1
1690,8,443,626,103,26,1,1,1
1691,8,444,626,104,26,1,1,1
1692,8,444,626,104,26,1,1,1
1693,8,445,628,103,26,1,1,1
1694,8,445,628,103,26,1,1,1
1695,8,444,628,104,26,1,1,1
1696,8,444,629,104,24,1,1,1
1697,8,445,630,104,26,1,1,1
1698,8,445,631,104,24,1,1,1
1699,8,444,631,105,24,1,1,1
1700,8,444,630,105,26,1,1,1
1701,8,444,631,107,24,1,1,1
1702,8,446,632,105,21,1,1,1
1703,8,446,632,105,21,1,1,1
1704,8,446,632,104,21,1,1,1
1705,8,447,632,105,23,1,1,1
1706,8,447,632,105,21,1,1,1
1707,8,447,632,105,24,1,1,1
1708,8,448,632,104,21,1,1,1
1709,8,447,632,105,21,1,1,1
1710,8,447,632,105,21,1,1,1
1711,8,447,632,105,24,1,1,1
1712,8,449,633,104,26,1,1,1
1713,8,449,632,105,24,1,1,1
1714,8,449,633,105,23,1,1,1
1715,8,449,633,105,23,1,1,1
1716,8,449,632,104,26,1,1,1
1717,8,448,632,107,28,1,1,1
1718,8,450,632,105,28,1,1,1
1719,8,450,632,105,24,1,1,1
1720,8,451,632,105,28,1,1,1
1721,8,451,632,105,26,1,1,1
1722,8,451,633,105,19,1,1,1
1723,8,451,634,105,28,1,1,1
1724,8,451,631,107,28,1,1,1
1725,8,451,632,107,28,1,1,1
1726,8,452,632,107,30,1,1,1
1727,8,452,631,107,24,1,1,1
1728,8,452,632,107,21,1,1,1
1729,8,453,632,105,21,1,1,1
1730,8,453,632,105,21,1,1,1
1731,8,452,633,107,23,1,1,1
1732,8,452,634,107,21,1,1,1
1733,8,454,632,105,28,1,1,1
1734,8,453,633,107,19,1,1,1
1735,8,455,630,105,33,1,1,1
1736,8,455,632,105,30,1,1,1
1737,8,456,630,105,33,1,1,1
1738,8,456,627,105,35,1,1,1
1739,8,457,629,105,35,1,1,1
1740,8,457,627,105,35,1,1,1
1741,8,459,629,104,32,1,1,1
1742,8,458,632,104,28,1,1,1
1743,8,458,627,104,35,1,1,1
1744,8,460,627,104,35,1,1,1
1745,8,462,630,100,26,1,1,1
1746,8,462,625,101,28,1,1,1
1747,8,463,626,100,26,1,1,1
1748,8,463,625,100,28,1,1,1
1749,8,461,625,103,28,1,1,1
1750,8,461,625,103,28,1,1,1
1751,8,465,625,100,28,1,1,1
1752,8,465,625,99,28,1,1,1
1753,8,464,628,100,26,1,1,1
1754,8,461,630,103,23,1,1,1
1755,8,462,629,103,24,1,1,1
1756,8,463,629,103,24,1,1,1
1757,8,465,629,101,24,1,1,1
1758,8,468,632,99,21,1,1,1
1759,8,467,629,100,24,1,1,1
1760,8,467,626,100,26,1,1,1
1761,8,467,629,100,24,1,1,1
1762,8,468,629,99,24,1,1,1
1763,8,469,629,100,24,1,1,1
1764,8,469,628,99,26,1,1,1
1765,8,470,626,100,26,1,1,1
1766,8,471,629,99,24,1,1,1
1767,8,471,629,99,24,1,1,1
1768,8,471,629,98,24,1,1,1
1769,8,473,629,96,24,1,1,1
1770,8,473,629,96,24,1,1,1
1771,8,472,628,99,26,1,1,1
1772,8,472,628,99,26,1,1,1
1773,8,472,628,99,26,1,1,1
1774,8,472,626,99,30,1,1,1
1775,8,472,628,100,26,1,1,1
1776,8,472,628,99,26,1,1,1
1777,8,472,626,99,30,1,1,1
1778,8,473,625,100,28,1,1,1
1779,8,473,627,99,28,1,1,1
1780,8,473,627,99,28,1,1,1
1781,8,474,628,100,26,1,1,1
1782,8,472,625,100,28,1,1,1
1783,8,474,629,100,24,1,1,1
1784,8,474,628,100,26,1,1,1
1785,8,474,628,100,26,1,1,1
1786,8,474,628,100,30,1,1,1
1787,8,475,627,99,28,1,1,1
1788,8,474,627,100,28,1,1,1
1789,8,474,623,100,33,1,1,1
1790,8,475,627,100,28,1,1,1
1791,8,475,624,100,35,1,1,1
1792,8,475,627,101,28,1,1,1
1793,8,474,628,103,30,1,1,1
1794,8,474,626,103,33,1,1,1
1795,8,474,627,103,32,1,1,1
1796,8,475,627,104,32,1,1,1
1797,8,475,626,104,33,1,1,1
1798,8,475,628,103,33,1,1,1
1799,8,475,626,104,33,1,1,1
1800,8,475,625,103,35,1,1,1
1801,8,475,626,103,33,1,1,1
1802,8,476,628,104,30,1,1,1
1803,8,476,626,104,30,1,1,1
1804,8,477,628,103,30,1,1,1
1805,8,476,627,104,32,1,1,1
1806,8,476,628,104,30,1,1,1
1807,8,476,628,104,30,1,1,1
1808,8,477,628,104,30,1,1,1
1809,8,478,628,103,30,1,1,1
1810,8,478,629,103,28,1,1,1
1811,8,478,629,103,28,1,1,1
1812,8,480,629,101,28,1,1,1
1813,8,480,628,101,30,1,1,1
1814,8,480,628,101,26,1,1,1
1815,8,479,630,103,26,1,1,1
1816,8,481,630,101,26,1,1,1
1817,8,482,628,100,26,1,1,1
1818,8,482,630,101,26,1,1,1
1819,8,483,628,100,26,1,1,1
1820,8,483,630,100,26,1,1,1
1821,8,482,628,101,26,1,1,1
1822,8,481,629,103,28,1,1,1
1823,8,482,629,103,28,1,1,1
1824,8,482,629,103,28,1,1,1
1825,8,482,630,103,28,1,1,1
1826,8,484,629,100,28,1,1,1
1827,8,484,629,100,28,1,1,1
1828,8,485,630,101,28,1,1,1
1829,8,485,628,101,30,1,1,1
1830,8,484,628,104,30,1,1,1
1831,8,484,629,104,30,1,1,1
1832,8,485,629,103,28,1,1,1
1833,8,485,629,103,28,1,1,1
1834,8,486,628,101,30,1,1,1
1835,8,486,627,101,28,1,1,1
1836,8,489,628,100,30,1,1,1
1837,8,489,627,100,28,1,1,1
1838,8,488,627,101,28,1,1,1
1839,8,488,627,101,28,1,1,1
1840,8,488,627,100,28,1,1,1
1841,8,490,627,100,28,1,1,1
1842,8,491,627,99,28,1,1,1
1843,8,490,627,100,28,1,1,1
1844,8,490,626,100,30,1,1,1
1845,8,490,626,100,30,1,1,1
1846,8,490,627,100,28,1,1,1
1847,8,490,626,100,30,1,1,1
1848,8,492,626,99,30,1,1,1
1849,8,492,626,100,30,1,1,1
1850,8,492,627,99,28,1,1,1
1851,8,493,627,100,28,1,1,1
1852,8,493,627,100,28,1,1,1
1853,8,493,627,99,28,1,1,1
1854,8,496,626,96,26,1,1,1
1855,8,495,626,99,26,1,1,1
1856,8,497,627,96,24,1,1,1
1857,8,498,627,96,24,1,1,1
1858,8,498,625,96,26,1,1,1
1859,8,497,625,98,26,1,1,1
1860,8,497,625,98,26,1,1,1
1861,8,496,624,99,26,1,1,1
1862,8,494,624,100,26,1,1,1
1863,8,498,624,98,26,1,1,1
1864,8,498,624,98,26,1,1,1
1865,8,498,625,96,26,1,1,1
1866,8,498,625,98,26,1,1,1
1867,8,500,624,96,26,1,1,1
1868,8,500,624,96,26,1,1,1
1869,8,500,624,96,28,1,1,1
1870,8,500,624,96,28,1,1,1
1871,8,498,624,98,26,1,1,1
1872,8,498,621,98,30,1,1,1
1873,8,500,624,96,28,1,1,1
1874,8,499,623,98,28,1,1,1
1875,8,498,624,100,28,1,1,1
1876,8,498,624,100,28,1,1,1
1877,8,498,623,100,28,1,1,1
1878,8,498,623,100,28,1,1,1
1879,8,498,624,100,28,1,1,1
1880,8,500,623,100,28,1,1,1
1881,8,500,622,99,28,1,1,1
1882,8,500,623,99,28,1,1,1
1883,8,500,622,100,28,1,1,1
1884,8,500,622,99,28,1,1,1
1885,8,500,622,100,28,1,1,1
1886,8,499,621,100,30,1,1,1
1887,8,500,622,100,28,1,1,1
1888,8,500,622,100,28,1,1,1
1889,8,500,621,100,30,1,1,1
1890,8,498,621,103,30,1,1,1
1891,8,500,621,100,30,1,1,1
1892,8,500,621,100,30,1,1,1
1893,8,502,620,100,32,1,1,1
1894,8,501,620,101,32,1,1,1
1895,8,499,619,104,33,1,1,1
1896,8,501,619,101,33,1,1,1
1897,8,501,619,101,33,1,1,1
1898,8,500,619,104,33,1,1,1
1899,8,500,620,104,32,1,1,1
1900,8,500,621,104,33,1,1,1
1901,8,501,620,103,32,1,1,1
1902,8,501,620,103,32,1,1,1
1903,8,501,620,103,32,1,1,1
1904,8,501,619,103,33,1,1,1
1905,8,501,619,103,33,1,1,1
1906,8,500,619,104,33,1,1,1
1907,8,501,619,104,33,1,1,1
1908,8,502,619,101,33,1,1,1
1909,8,502,616,101,35,1,1,1
1910,8,502,616,103,35,1,1,1
1911,8,504,616,101,35,1,1,1
1912,8,504,616,100,37,1,1,1
1913,8,504,616,101,37,1,1,1
1914,8,506,615,100,37,1,1,1
1915,8,506,615,100,37,1,1,1
1916,8,506,616,100,37,1,1,1
1917,8,506,616,101,35,1,1,1
1918,8,507,615,100,39,1,1,1
1919,8,507,615,100,39,1,1,1
1920,8,507,615,100,37,1,1,1
1921,8,507,616,100,37,1,1,1
1922,8,507,615,100,39,1,1,1
1923,8,508,616,99,37,1,1,1
1924,8,509,616,100,37,1,1,1
1925,8,509,616,100,35,1,1,1
1926,8,509,616,99,37,1,1,1
1927,8,509,616,100,37,1,1,1
1928,8,509,616,100,37,1,1,1
1929,8,510,618,100,35,1,1,1
1930,8,509,617,99,35,1,1,1
1931,8,510,618,100,35,1,1,1
1932,8,508,618,100,35,1,1,1
1933,8,508,618,100,35,1,1,1
1934,8,508,618,100,35,1,1,1
1935,8,510,618,100,35,1,1,1
1936,8,509,619,101,33,1,1,1
1937,8,509,620,103,35,1,1,1
1938,8,509,619,103,33,1,1,1
1939,8,510,620,101,35,1,1,1
1940,8,510,619,101,33,1,1,1
1941,8,510,620,101,35,1,1,1
1942,8,510,620,101,35,1,1,1
1943,8,510,620,101,35,1,1,1
1944,8,510,620,101,35,1,1,1
1945,8,511,620,100,35,1,1,1
1946,8,511,620,101,35,1,1,1
1947,8,511,620,101,35,1,1,1
1948,8,511,620,100,35,1,1,1
1949,8,513,620,100,35,1,1,1
1950,8,511,620,100,35,1,1,1
1951,8,511,620,101,35,1,1,1
1952,8,512,620,101,35,1,1,1
1953,8,513,620,100,35,1,1,1
1954,8,512,620,100,35,1,1,1
1955,8,514,620,100,35,1,1,1
1956,8,514,620,100,35,1,1,1
1957,8,512,620,100,35,1,1,1
1958,8,512,620,100,35,1,1,1
1959,8,513,620,101,35,1,1,1
1960,8,513,620,101,35,1,1,1
1961,8,514,619,100,37,1,1,1
1962,8,514,618,101,35,1,1,1
1963,8,515,618,100,35,1,1,1
1964,8,516,618,100,35,1,1,1
1965,8,516,618,100,35,1,1,1
1966,8,518,618,98,35,1,1,1
1967,8,516,618,99,35,1,1,1
1968,8,518,618,98,35,1,1,1
1969,8,518,618,98,35,1,1,1
1970,8,518,618,98,35,1,1,1
1971,8,518,618,98,35,1,1,1
1972,8,518,618,98,35,1,1,1
1973,8,518,618,98,35,1,1,1
1974,8,520,618,96,35,1,1,1
1975,8,520,618,96,35,1,1,1
1976,8,520,617,96,35,1,1,1
1977,8,521,617,96,35,1,1,1
1978,8,522,617,95,33,1,1,1
1979,8,522,617,95,33,1,1,1
1980,8,524,617,94,33,1,1,1
1981,8,523,617,95,33,1,1,1
1982,8,523,617,96,33,1,1,1
1983,8,523,617,95,33,1,1,1
1984,8,525,616,94,33,1,1,1
1985,8,525,616,95,33,1,1,1
1986,8,525,616,95,33,1,1,1
1987,8,524,616,96,33,1,1,1
1988,8,525,616,95,33,1,1,1
1989,8,524,615,96,33,1,1,1
1990,8,525,614,95,33,1,1,1
1991,8,524,614,96,33,1,1,1
1992,8,526,614,95,33,1,1,1
1993,8,526,614,95,33,1,1,1
1994,8,526,615,95,32,1,1,1
1995,8,526,614,95,33,1,1,1
1996,8,525,615,96,32,1,1,1
1997,8,525,614,96,33,1,1,1
1998,8,525,614,96,33,1,1,1
1999,8,525,614,96,33,1,1,1
2000,8,527,612,95,33,1,1,1
2001,8,527,612,95,33,1,1,1
2002,8,527,611,95,35,1,1,1
2003,8,527,612,95,33,1,1,1
2004,8,527,611,95,35,1,1,1
2005,8,527,611,96,35,1,1,1
2006,8,527,611,95,35,1,1,1
2007,8,527,611,96,35,1,1,1
2008,8,527,610,96,37,1,1,1
2009,8,527,611,96,35,1,1,1
2010,8,529,611,95,35,1,1,1
2011,8,529,611,95,35,1,1,1
2012,8,529,611,95,35,1,1,1
2013,8,529,611,95,35,1,1,1
2014,8,528,611,96,35,1,1,1
2015,8,529,611,95,35,1,1,1
2016,8,529,611,95,35,1,1,1
2017,8,528,611,96,35,1,1,1
2018,8,528,611,96,35,1,1,1
2019,8,528,611,96,35,1,1,1
2020,8,528,611,96,35,1,1,1
2021,8,528,611,96,35,1,1,1
2022,8,528,611,96,35,1,1,1
2023,8,527,611,98,35,1,1,1
2024,8,529,611,96,35,1,1,1
2025,8,528,610,98,37,1,1,1
2026,8,528,611,98,35,1,1,1
2027,8,528,610,98,37,1,1,1
2028,8,527,610,100,37,1,1,1
2029,8,528,610,99,37,1,1,1
2030,8,528,610,99,37,1,1,1
2031,8,528,610,99,37,1,1,1
2032,8,530,610,98,37,1,1,1
2033,8,530,610,98,37,1,1,1
2034,8,530,610,98,37,1,1,1
2035,8,529,609,99,39,1,1,1
2036,8,531,609,99,39,1,1,1
2037,8,531,609,99,39,1,1,1
2038,8,531,609,98,39,1,1,1
2039,8,531,609,98,39,1,1,1
2040,8,532,609,99,39,1,1,1
2041,8,532,609,99,39,1,1,1
2042,8,532,609,99,39,1,1,1
2043,8,532,609,99,39,1,1,1
2044,8,533,609,98,39,1,1,1
2045,8,533,608,98,40,1,1,1
2046,8,534,609,96,39,1,1,1
2047,8,534,608,96,40,1,1,1
2048,8,534,608,96,42,1,1,1
2049,8,534,608,96,42,1,1,1
2050,8,534,608,96,42,1,1,1
2051,8,534,608,96,42,1,1,1
2052,8,534,610,98,40,1,1,1
2053,8,534,610,98,40,1,1,1
2054,8,534,609,98,42,1,1,1
2055,8,536,609,96,42,1,1,1
2056,8,536,609,96,42,1,1,1
2057,8,535,609,98,42,1,1,1
2058,8,537,609,96,42,1,1,1
2059,8,535,609,98,42,1,1,1
2060,8,537,609,96,42,1,1,1
2061,8,537,609,96,42,1,1,1
2062,8,538,609,95,42,1,1,1
2063,8,540,609,94,42,1,1,1
2064,8,539,608,95,44,1,1,1
2065,8,540,609,94,42,1,1,1
2066,8,540,610,94,44,1,1,1
2067,8,542,609,92,42,1,1,1
2068,8,542,609,92,42,1,1,1
2069,8,543,609,91,42,1,1,1
2070,8,544,609,91,42,1,1,1
2071,8,544,609,92,42,1,1,1
2072,8,544,609,91,42,1,1,1
2073,8,544,609,92,42,1,1,1
2074,8,545,609,92,42,1,1,1
2075,8,545,608,92,44,1,1,1
2076,8,545,609,91,42,1,1,1
2077,8,545,609,92,42,1,1,1
2078,8,547,609,89,42,1,1,1
2079,8,546,609,92,42,1,1,1
2080,8,547,609,91,42,1,1,1
2081,8,546,609,92,42,1,1,1
2082,8,546,609,92,42,1,1,1
2083,8,546,609,92,42,1,1,1
2084,8,546,609,92,42,1,1,1
1,9,925,369,52,65,1,1,1
2,9,927,370,48,62,1,1,1
3,9,929,371,47,64,1,1,1
4,9,929,370,47,65,1,1,1
5,9,927,368,49,67,1,1,1
6,9,927,368,49,67,1,1,1
7,9,926,367,48,67,1,1,1
8,9,928,366,48,67,1,1,1
9,9,927,366,47,67,1,1,1
10,9,927,368,47,65,1,1,1
11,9,926,368,48,67,1,1,1
12,9,926,367,47,69,1,1,1
13,9,927,367,47,69,1,1,1
14,9,927,367,47,69,1,1,1
15,9,927,365,48,69,1,1,1
16,9,929,367,45,69,1,1,1
17,9,930,368,44,67,1,1,1
18,9,929,367,45,69,1,1,1
19,9,930,367,44,69,1,1,1
20,9,929,366,45,69,1,1,1
21,9,930,366,44,69,1,1,1
22,9,930,366,44,71,1,1,1
23,9,929,366,45,71,1,1,1
24,9,930,366,44,71,1,1,1
25,9,929,365,45,71,1,1,1
26,9,930,365,44,71,1,1,1
27,9,930,366,44,71,1,1,1
28,9,930,363,44,72,1,1,1
29,9,930,362,44,74,1,1,1
30,9,930,362,44,74,1,1,1
31,9,931,362,43,74,1,1,1
32,9,933,362,42,74,1,1,1
33,9,935,361,40,76,1,1,1
34,9,936,361,37,76,1,1,1
35,9,936,363,36,76,1,1,1
36,9,936,361,36,76,1,1,1
37,9,936,360,36,78,1,1,1
38,9,934,360,37,78,1,1,1
39,9,934,363,37,76,1,1,1
40,9,934,364,37,74,1,1,1
41,9,933,366,37,74,1,1,1
42,9,934,373,36,68,1,1,1
43,9,938,379,31,63,1,1,1
44,9,939,379,31,62,1,1,1
45,9,939,378,31,64,1,1,1
46,9,931,375,37,67,1,1,1
47,9,930,376,37,67,1,1,1
48,9,930,376,37,67,1,1,1
49,9,929,377,39,67,1,1,1
50,9,930,377,37,67,1,1,1
51,9,932,379,35,65,1,1,1
52,9,932,381,35,65,1,1,1
53,9,933,381,34,65,1,1,1
54,9,933,381,34,65,1,1,1
55,9,933,380,34,67,1,1,1
56,9,935,380,31,67,1,1,1
57,9,937,380,31,67,1,1,1
58,9,937,381,31,69,1,1,1
59,9,937,380,31,67,1,1,1
60,9,937,379,31,69,1,1,1
61,9,937,379,31,69,1,1,1
62,9,937,379,30,69,1,1,1
63,9,940,378,28,71,1,1,1
64,9,940,378,27,71,1,1,1
65,9,940,378,27,71,1,1,1
66,9,940,378,27,71,1,1,1
67,9,942,378,26,71,1,1,1
68,9,942,377,26,74,1,1,1
69,9,942,377,26,74,1,1,1
70,9,944,378,24,74,1,1,1
71,9,944,378,24,74,1,1,1
72,9,944,376,24,76,1,1,1
73,9,944,376,24,76,1,1,1
74,9,946,377,23,76,1,1,1
75,9,946,377,23,76,1,1,1
76,9,943,376,26,78,1,1,1
77,9,943,376,26,78,1,1,1
78,9,943,374,26,80,1,1,1
79,9,942,375,28,81,1,1,1
80,9,942,375,28,81,1,1,1
81,9,942,374,28,83,1,1,1
82,9,940,374,30,83,1,1,1
83,9,939,376,31,81,1,1,1
84,9,938,377,32,81,1,1,1
85,9,936,379,35,80,1,1,1
86,9,935,380,35,78,1,1,1
87,9,934,380,36,78,1,1,1
88,9,934,382,33,76,1,1,1
89,9,932,383,36,76,1,1,1
90,9,930,385,36,74,1,1,1
91,9,929,385,39,74,1,1,1
92,9,928,387,40,74,1,1,1
93,9,927,390,43,72,1,1,1
94,9,926,393,44,69,1,1,1
95,9,925,395,47,69,1,1,1
96,9,925,396,47,67,1,1,1
97,9,924,398,48,67,1,1,1
98,9,923,398,49,69,1,1,1
99,9,922,399,52,69,1,1,1
100,9,920,400,54,71,1,1,1
101,9,918,402,56,69,1,1,1
102,9,918,404,60,69,1,1,1
103,9,916,404,60,69,1,1,1
104,9,916,407,64,67,1,1,1
105,9,915,410,64,65,1,1,1
106,9,915,413,64,62,1,1,1
107,9,912,415,65,62,1,1,1
108,9,912,416,67,62,1,1,1
109,9,911,418,67,62,1,1,1
110,9,910,418,64,62,1,1,1
111,9,909,419,63,64,1,1,1
112,9,908,418,64,65,1,1,1
113,9,906,417,63,67,1,1,1
114,9,906,418,60,69,1,1,1
115,9,905,418,60,69,1,1,1
116,9,903,417,59,71,1,1,1
117,9,903,418,59,72,1,1,1
118,9,902,418,57,72,1,1,1
119,9,901,418,56,74,1,1,1
120,9,900,419,56,74,1,1,1
121,9,899,421,55,74,1,1,1
122,9,898,424,55,71,1,1,1
123,9,898,424,55,71,1,1,1
124,9,896,426,56,71,1,1,1
125,9,895,429,57,69,1,1,1
126,9,895,432,57,67,1,1,1
127,9,895,433,59,67,1,1,1
128,9,894,436,60,65,1,1,1
129,9,892,437,62,67,1,1,1
130,9,892,440,62,65,1,1,1
131,9,890,440,63,65,1,1,1
132,9,890,441,63,65,1,1,1
133,9,890,443,64,65,1,1,1
134,9,888,447,64,62,1,1,1
135,9,888,449,62,61,1,1,1
136,9,887,448,59,62,1,1,1
137,9,886,448,60,65,1,1,1
138,9,886,448,60,65,1,1,1
139,9,884,448,60,67,1,1,1
140,9,884,448,60,67,1,1,1
141,9,883,447,59,69,1,1,1
142,9,883,448,57,69,1,1,1
143,9,880,447,56,72,1,1,1
144,9,880,446,54,74,1,1,1
145,9,879,447,52,76,1,1,1
146,9,878,447,52,76,1,1,1
147,9,878,448,49,76,1,1,1
148,9,877,448,48,76,1,1,1
149,9,876,458,44,67,1,1,1
150,9,876,464,44,62,1,1,1
151,9,875,466,44,62,1,1,1
152,9,875,468,44,62,1,1,1
153,9,874,471,44,60,1,1,1
154,9,874,472,44,60,1,1,1
155,9,873,472,47,60,1,1,1
156,9,873,472,47,62,1,1,1
157,9,872,472,48,65,1,1,1
158,9,871,471,51,65,1,1,1
159,9,870,469,52,69,1,1,1
160,9,870,470,52,70,1,1,1
161,9,870,471,52,69,1,1,1
162,9,869,471,55,71,1,1,1
163,9,868,472,56,71,1,1,1
164,9,866,475,56,69,1,1,1
165,9,866,475,56,69,1,1,1
166,9,865,479,55,67,1,1,1
167,9,865,479,55,69,1,1,1
168,9,866,481,48,67,1,1,1
169,9,865,482,48,69,1,1,1
170,9,864,484,40,69,1,1,1
171,9,862,483,45,71,1,1,1
172,9,862,484,40,69,1,1,1
173,9,862,483,40,71,1,1,1
174,9,861,485,39,71,1,1,1
175,9,861,483,39,74,1,1,1
176,9,860,481,40,78,1,1,1
177,9,859,485,37,74,1,1,1
178,9,858,483,40,78,1,1,1
179,9,858,481,39,81,1,1,1
180,9,858,483,37,81,1,1,1
181,9,857,482,39,83,1,1,1
182,9,857,485,37,81,1,1,1
183,9,854,484,39,83,1,1,1
184,9,855,494,36,74,1,1,1
185,9,854,503,37,67,1,1,1
186,9,854,505,36,65,1,1,1
187,9,854,504,36,67,1,1,1
188,9,852,507,36,65,1,1,1
189,9,853,509,36,65,1,1,1
190,9,852,509,36,65,1,1,1
191,9,852,511,36,65,1,1,1
192,9,851,511,36,65,1,1,1
193,9,851,512,36,67,1,1,1
194,9,851,512,36,67,1,1,1
195,9,850,509,39,71,1,1,1
196,9,850,512,39,69,1,1,1
197,9,850,511,39,72,1,1,1
198,9,849,506,42,78,1,1,1
199,9,848,504,43,81,1,1,1
200,9,848,506,44,78,1,1,1
201,9,848,505,45,81,1,1,1
202,9,847,509,42,78,1,1,1
203,9,846,511,42,78,1,1,1
204,9,847,512,43,78,1,1,1
205,9,846,513,44,78,1,1,1
206,9,845,513,45,78,1,1,1
207,9,844,514,44,80,1,1,1
208,9,844,514,44,81,1,1,1
209,9,844,514,44,81,1,1,1
210,9,844,515,44,81,1,1,1
211,9,843,518,44,80,1,1,1
212,9,843,517,44,81,1,1,1
213,9,842,520,44,80,1,1,1
214,9,842,520,44,81,1,1,1
215,9,840,520,44,81,1,1,1
216,9,841,520,42,85,1,1,1
217,9,840,522,42,84,1,1,1
218,9,838,521,43,88,1,1,1
219,9,840,521,40,87,1,1,1
220,9,839,523,40,88,1,1,1
221,9,839,523,40,87,1,1,1
222,9,839,523,38,86,1,1,1
223,9,838,524,39,88,1,1,1
224,9,837,524,40,91,1,1,1
225,9,836,526,41,88,1,1,1
226,9,837,526,37,90,1,1,1
227,9,836,526,41,90,1,1,1
228,9,835,532,39,85,1,1,1
229,9,834,531,41,85,1,1,1
230,9,834,533,37,83,1,1,1
231,9,833,532,36,87,1,1,1
232,9,834,538,35,83,1,1,1
233,9,833,532,34,88,1,1,1
234,9,832,547,34,76,1,1,1
235,9,833,547,31,78,1,1,1
236,9,832,551,32,73,1,1,1
237,9,832,552,30,73,1,1,1
238,9,833,553,29,72,1,1,1
239,9,832,556,29,73,1,1,1
240,9,832,556,28,72,1,1,1
241,9,830,557,30,69,1,1,1
242,9,830,559,30,72,1,1,1
243,9,832,560,27,71,1,1,1
244,9,829,560,30,67,1,1,1
245,9,830,559,31,69,1,1,1
246,9,829,560,31,69,1,1,1
247,9,828,562,32,69,1,1,1
248,9,828,562,32,69,1,1,1
249,9,827,565,31,67,1,1,1
250,9,827,564,31,69,1,1,1
251,9,826,566,31,69,1,1,1
252,9,827,566,32,69,1,1,1
253,9,826,567,31,69,1,1,1
254,9,827,568,30,67,1,1,1
255,9,825,570,31,67,1,1,1
256,9,826,569,32,69,1,1,1
257,9,825,569,32,70,1,1,1
258,9,825,566,32,72,1,1,1
259,9,825,556,36,85,1,1,1
260,9,824,559,36,83,1,1,1
261,9,824,558,36,85,1,1,1
262,9,822,558,39,85,1,1,1
263,9,824,560,37,85,1,1,1
264,9,823,562,36,83,1,1,1
265,9,823,562,36,83,1,1,1
266,9,821,564,39,83,1,1,1
267,9,822,565,37,81,1,1,1
268,9,823,564,36,83,1,1,1
269,9,822,566,37,83,1,1,1
270,9,822,566,37,83,1,1,1
271,9,821,565,39,85,1,1,1
272,9,822,567,37,83,1,1,1
273,9,821,567,39,85,1,1,1
274,9,821,569,37,83,1,1,1
275,9,820,569,36,83,1,1,1
276,9,820,570,36,85,1,1,1
277,9,820,572,36,81,1,1,1
278,9,820,574,36,81,1,1,1
279,9,818,573,39,83,1,1,1
280,9,819,579,32,78,1,1,1
281,9,819,575,35,83,1,1,1
282,9,818,575,36,83,1,1,1
283,9,818,575,36,83,1,1,1
284,9,818,576,37,83,1,1,1
285,9,817,576,37,85,1,1,1
286,9,817,576,37,85,1,1,1
287,9,816,576,36,85,1,1,1
288,9,817,577,36,85,1,1,1
289,9,816,577,36,85,1,1,1
290,9,816,578,36,87,1,1,1
291,9,815,579,35,85,1,1,1
292,9,815,579,35,85,1,1,1
293,9,816,580,33,87,1,1,1
294,9,816,581,33,85,1,1,1
295,9,816,580,33,87,1,1,1
296,9,815,583,31,85,1,1,1
297,9,815,583,32,85,1,1,1
298,9,814,583,31,85,1,1,1
299,9,814,584,32,85,1,1,1
300,9,812,587,32,83,1,1,1
301,9,812,587,30,83,1,1,1
302,9,810,587,30,83,1,1,1
303,9,809,586,30,85,1,1,1
304,9,810,589,28,83,1,1,1
305,9,808,592,28,81,1,1,1
306,9,807,593,31,81,1,1,1
307,9,807,592,32,83,1,1,1
308,9,806,593,32,81,1,1,1
309,9,806,595,33,81,1,1,1
310,9,805,595,36,81,1,1,1
311,9,804,595,37,81,1,1,1
312,9,804,597,37,81,1,1,1
313,9,802,598,40,80,1,1,1
314,9,802,600,40,78,1,1,1
315,9,802,602,40,78,1,1,1
316,9,801,614,42,65,1,1,1
317,9,801,616,42,65,1,1,1
318,9,800,609,44,71,1,1,1
319,9,799,605,44,76,1,1,1
320,9,798,618,44,64,1,1,1
321,9,798,607,45,76,1,1,1
322,9,798,609,45,74,1,1,1
323,9,798,609,45,74,1,1,1
324,9,796,609,48,74,1,1,1
325,9,796,611,49,74,1,1,1
326,9,795,611,51,74,1,1,1
327,9,794,611,52,74,1,1,1
328,9,794,613,52,74,1,1,1
329,9,793,613,54,74,1,1,1
330,9,793,613,56,76,1,1,1
331,9,793,617,55,72,1,1,1
332,9,793,619,55,72,1,1,1
333,9,792,620,56,71,1,1,1
334,9,791,621,57,71,1,1,1
335,9,791,621,57,72,1,1,1
336,9,791,622,59,71,1,1,1
337,9,790,622,60,71,1,1,1
338,9,790,624,57,69,1,1,1
339,9,789,624,60,69,1,1,1
340,9,789,626,60,69,1,1,1
341,9,789,626,60,69,1,1,1
342,9,788,629,60,67,1,1,1
343,9,788,628,60,69,1,1,1
344,9,788,629,60,69,1,1,1
345,9,786,630,62,69,1,1,1
346,9,786,632,62,67,1,1,1
347,9,785,632,62,67,1,1,1
348,9,785,633,62,67,1,1,1
349,9,784,634,62,67,1,1,1
350,9,784,633,62,69,1,1,1
351,9,784,634,62,67,1,1,1
352,9,784,635,60,69,1,1,1
353,9,784,636,60,67,1,1,1
354,9,782,637,60,69,1,1,1
355,9,782,638,60,67,1,1,1
356,9,783,637,59,69,1,1,1
357,9,781,637,59,69,1,1,1
358,9,781,638,59,69,1,1,1
359,9,782,639,56,69,1,1,1
360,9,780,639,57,69,1,1,1
361,9,780,639,57,69,1,1,1
362,9,780,640,57,69,1,1,1
363,9,780,640,57,69,1,1,1
364,9,779,640,57,71,1,1,1
365,9,778,641,56,71,1,1,1
366,9,779,641,57,71,1,1,1
367,9,778,640,57,72,1,1,1
368,9,778,640,57,72,1,1,1
369,9,776,640,57,74,1,1,1
370,9,776,640,57,74,1,1,1
371,9,775,641,57,74,1,1,1
372,9,776,641,59,74,1,1,1
373,9,775,641,57,74,1,1,1
374,9,775,642,57,76,1,1,1
375,9,775,642,57,76,1,1,1
376,9,775,642,59,76,1,1,1
377,9,774,643,58,75,1,1,1
378,9,772,640,60,78,1,1,1
379,9,772,641,62,78,1,1,1
380,9,772,638,68,81,1,1,1
381,9,772,643,60,77,1,1,1
382,9,771,644,57,76,1,1,1
383,9,771,644,55,76,1,1,1
384,9,770,644,56,76,1,1,1
385,9,771,645,56,78,1,1,1
386,9,770,645,56,78,1,1,1
387,9,769,647,54,76,1,1,1
388,9,768,646,56,78,1,1,1
389,9,768,647,54,78,1,1,1
390,9,768,647,54,78,1,1,1
391,9,767,648,55,78,1,1,1
392,9,768,649,52,76,1,1,1
393,9,767,648,54,78,1,1,1
394,9,767,650,54,78,1,1,1
395,9,767,649,54,80,1,1,1
396,9,765,649,54,80,1,1,1
397,9,766,649,52,81,1,1,1
398,9,764,649,52,81,1,1,1
399,9,764,651,52,80,1,1,1
400,9,764,651,54,80,1,1,1
401,9,764,651,54,80,1,1,1
402,9,764,651,52,80,1,1,1
403,9,763,652,54,81,1,1,1
404,9,763,653,54,80,1,1,1
405,9,763,653,52,80,1,1,1
406,9,762,655,52,78,1,1,1
407,9,762,655,52,78,1,1,1
408,9,760,655,52,81,1,1,1
409,9,760,656,52,81,1,1,1
410,9,761,655,52,83,1,1,1
411,9,760,657,51,81,1,1,1
412,9,760,656,51,83,1,1,1
413,9,761,656,52,83,1,1,1
414,9,759,657,52,83,1,1,1
415,9,759,658,52,83,1,1,1
416,9,758,659,52,81,1,1,1
417,9,758,660,52,80,1,1,1
418,9,756,659,52,78,1,1,1
419,9,756,663,54,77,1,1,1
420,9,757,671,48,69,1,1,1
421,9,756,673,48,67,1,1,1
422,9,756,662,54,78,1,1,1
423,9,754,662,55,80,1,1,1
424,9,757,662,52,80,1,1,1
425,9,754,674,48,69,1,1,1
426,9,754,678,47,65,1,1,1
427,9,753,676,51,69,1,1,1
428,9,755,677,48,67,1,1,1
429,9,754,679,45,67,1,1,1
430,9,755,680,44,65,1,1,1
431,9,753,665,54,81,1,1,1
432,9,754,666,52,78,1,1,1
433,9,754,668,52,78,1,1,1
434,9,754,682,44,64,1,1,1
435,9,753,682,45,65,1,1,1
436,9,753,683,45,65,1,1,1
437,9,753,681,47,67,1,1,1
438,9,753,683,45,65,1,1,1
439,9,752,682,48,67,1,1,1
440,9,751,684,47,67,1,1,1
441,9,751,682,47,67,1,1,1
442,9,751,684,48,67,1,1,1
443,9,750,684,48,67,1,1,1
444,9,751,684,47,67,1,1,1
445,9,750,685,47,65,1,1,1
446,9,751,687,45,65,1,1,1
447,9,749,687,47,65,1,1,1
448,9,748,687,48,65,1,1,1
449,9,749,689,47,64,1,1,1
450,9,748,687,48,65,1,1,1
451,9,748,685,51,69,1,1,1
452,9,748,686,52,69,1,1,1
453,9,746,688,52,67,1,1,1
454,9,747,687,52,69,1,1,1
455,9,746,687,52,69,1,1,1
456,9,746,688,52,67,1,1,1
457,9,745,689,51,67,1,1,1
458,9,746,689,49,67,1,1,1
459,9,744,688,54,69,1,1,1
460,9,743,690,52,69,1,1,1
461,9,744,691,51,67,1,1,1
462,9,747,691,50,68,1,1,1
463,9,746,692,48,63,1,1,1
464,9,746,690,49,69,1,1,1
465,9,747,694,46,62,1,1,1
466,9,746,694,47,61,1,1,1
467,9,747,694,44,60,1,1,1
468,9,746,690,44,60,1,1,1
469,9,746,691,44,60,1,1,1
470,9,746,691,47,66,1,1,1
471,9,747,692,47,66,1,1,1
472,9,748,692,47,66,1,1,1
473,9,747,693,47,66,1,1,1
474,9,747,693,47,66,1,1,1
475,9,748,693,47,66,1,1,1
476,9,747,690,47,66,1,1,1
477,9,745,689,49,69,1,1,1
478,9,746,691,47,66,1,1,1
479,9,746,691,47,66,1,1,1
480,9,744,689,47,66,1,1,1
481,9,743,693,51,70,1,1,1
482,9,745,695,51,70,1,1,1
483,9,745,695,51,70,1,1,1
484,9,745,694,51,70,1,1,1
485,9,742,695,49,67,1,1,1
486,9,742,697,45,71,1,1,1
487,9,743,693,47,74,1,1,1
488,9,741,696,47,74,1,1,1
489,9,737,702,45,71,1,1,1
490,9,742,699,47,71,1,1,1
491,9,740,699,48,72,1,1,1
492,9,740,705,45,64,1,1,1
493,9,741,694,48,74,1,1,1
494,9,740,699,48,72,1,1,1
495,9,740,699,45,69,1,1,1
496,9,739,703,47,69,1,1,1
497,9,740,700,45,69,1,1,1
498,9,740,701,48,69,1,1,1
499,9,739,702,48,69,1,1,1
500,9,739,703,48,69,1,1,1
501,9,737,703,48,69,1,1,1
502,9,738,703,48,67,1,1,1
503,9,735,705,49,67,1,1,1
504,9,739,710,38,66,1,1,1
505,9,737,706,48,64,1,1,1
506,9,737,708,49,64,1,1,1
507,9,736,710,39,66,1,1,1
508,9,738,711,38,65,1,1,1
509,9,735,711,40,64,1,1,1
510,9,737,711,38,65,1,1,1
511,9,735,711,40,64,1,1,1
512,9,735,711,39,64,1,1,1
513,9,736,712,38,66,1,1,1
514,9,736,713,37,64,1,1,1
515,9,734,714,39,63,1,1,1
516,9,734,712,41,65,1,1,1
517,9,737,711,42,66,1,1,1
518,9,735,712,37,66,1,1,1
519,9,734,710,41,68,1,1,1
520,9,733,710,41,68,1,1,1
521,9,734,713,40,66,1,1,1
522,9,732,718,44,61,1,1,1
524,9,732,708,40,69,1,1,1
525,9,732,707,40,71,1,1,1
526,9,734,713,36,65,1,1,1
527,9,732,714,36,64,1,1,1
528,9,732,715,36,62,1,1,1
529,9,732,717,36,62,1,1,1
530,9,731,720,40,63,1,1,1
531,9,732,716,37,64,1,1,1
532,9,731,715,40,65,1,1,1
533,9,730,713,39,67,1,1,1
534,9,731,715,37,65,1,1,1
535,9,730,714,39,67,1,1,1
536,9,729,708,43,72,1,1,1
537,9,730,708,42,72,1,1,1
538,9,730,705,45,76,1,1,1
539,9,729,707,43,74,1,1,1
540,9,728,705,44,76,1,1,1
541,9,729,704,48,78,1,1,1
542,9,728,704,49,78,1,1,1
543,9,727,704,51,78,1,1,1
544,9,728,706,48,76,1,1,1
545,9,728,705,49,78,1,1,1
546,9,728,708,48,76,1,1,1
547,9,727,708,49,76,1,1,1
548,9,727,708,49,76,1,1,1
549,9,727,708,49,76,1,1,1
550,9,727,707,49,78,1,1,1
551,9,726,707,48,78,1,1,1
552,9,726,710,47,76,1,1,1
553,9,726,711,48,74,1,1,1
554,9,726,711,44,74,1,1,1
555,9,726,711,48,74,1,1,1
556,9,726,710,47,76,1,1,1
557,9,726,710,47,76,1,1,1
558,9,724,711,48,76,1,1,1
559,9,724,711,48,76,1,1,1
560,9,724,711,48,76,1,1,1
561,9,724,711,48,76,1,1,1
562,9,724,711,48,76,1,1,1
563,9,724,711,48,78,1,1,1
564,9,724,712,45,76,1,1,1
565,9,723,712,47,76,1,1,1
566,9,724,713,44,76,1,1,1
567,9,722,713,45,76,1,1,1
568,9,723,715,44,76,1,1,1
569,9,723,713,44,76,1,1,1
570,9,723,714,44,78,1,1,1
571,9,723,714,44,78,1,1,1
572,9,722,714,45,78,1,1,1
573,9,723,712,44,78,1,1,1
574,9,722,714,44,78,1,1,1
575,9,722,715,44,76,1,1,1
576,9,720,715,44,76,1,1,1
577,9,721,717,44,76,1,1,1
578,9,721,718,44,74,1,1,1
579,9,720,724,43,69,1,1,1
580,9,719,729,42,62,1,1,1
581,9,720,717,44,80,1,1,1
582,9,720,730,40,64,1,1,1
583,9,720,719,44,74,1,1,1
584,9,720,718,44,76,1,1,1
585,9,720,731,40,62,1,1,1
586,9,718,731,40,62,1,1,1
587,9,719,717,44,78,1,1,1
588,9,719,719,44,76,1,1,1
589,9,718,719,44,76,1,1,1
590,9,718,728,42,69,1,1,1
591,9,718,731,42,65,1,1,1
592,9,718,734,40,62,1,1,1
593,9,718,735,40,62,1,1,1
594,9,716,735,42,62,1,1,1
595,9,717,735,40,62,1,1,1
596,9,716,735,42,62,1,1,1
597,9,715,736,42,62,1,1,1
598,9,715,736,42,62,1,1,1
599,9,715,736,42,62,1,1,1
600,9,714,736,44,62,1,1,1
601,9,716,736,43,62,1,1,1
602,9,715,736,42,64,1,1,1
603,9,714,736,42,62,1,1,1
604,9,714,738,42,62,1,1,1
605,9,714,738,42,62,1,1,1
606,9,714,739,42,60,1,1,1
607,9,715,739,43,60,1,1,1
608,9,713,739,43,60,1,1,1
609,9,714,738,42,62,1,1,1
610,9,713,740,43,62,1,1,1
611,9,714,740,44,62,1,1,1
612,9,714,738,45,62,1,1,1
613,9,712,740,44,62,1,1,1
614,9,712,740,44,62,1,1,1
615,9,712,740,44,62,1,1,1
616,9,713,740,44,62,1,1,1
617,9,712,740,45,62,1,1,1
618,9,712,736,45,65,1,1,1
619,9,712,741,44,60,1,1,1
620,9,710,742,47,60,1,1,1
621,9,711,737,48,65,1,1,1
622,9,710,741,48,60,1,1,1
623,9,709,742,48,60,1,1,1
624,9,708,737,49,64,1,1,1
625,9,706,736,52,65,1,1,1
626,9,705,734,55,67,1,1,1
627,9,705,739,52,60,1,1,1
628,9,703,738,52,62,1,1,1
629,9,704,735,54,65,1,1,1
630,9,703,735,52,65,1,1,1
631,9,700,737,52,64,1,1,1
632,9,700,735,56,65,1,1,1
633,9,698,736,52,64,1,1,1
634,9,698,737,52,64,1,1,1
635,9,696,738,57,62,1,1,1
636,9,697,738,56,62,1,1,1
637,9,695,739,55,60,1,1,1
638,9,695,742,56,58,1,1,1
639,9,694,742,57,58,1,1,1
640,9,692,744,59,56,1,1,1
641,9,689,745,63,61,1,1,1
642,9,689,747,63,58,1,1,1
643,9,687,748,64,57,1,1,1
644,9,688,749,64,57,1,1,1
645,9,685,753,69,52,1,1,1
646,9,685,768,65,40,1,1,1
647,9,685,770,67,33,1,1,1
648,9,686,763,68,40,1,1,1
649,9,684,762,70,42,1,1,1
650,9,684,763,72,40,1,1,1
651,9,682,762,76,42,1,1,1
652,9,680,764,76,42,1,1,1
653,9,680,768,77,39,1,1,1
654,9,678,768,79,39,1,1,1
655,9,677,769,80,39,1,1,1
656,9,676,769,81,39,1,1,1
657,9,676,771,81,39,1,1,1
658,9,674,772,84,37,1,1,1
659,9,674,773,84,37,1,1,1
660,9,673,774,84,37,1,1,1
661,9,672,774,84,37,1,1,1
662,9,671,776,81,35,1,1,1
663,9,671,776,80,35,1,1,1
664,9,670,776,80,37,1,1,1
665,9,668,776,80,37,1,1,1
666,9,668,776,80,37,1,1,1
667,9,666,776,79,37,1,1,1
668,9,665,776,77,37,1,1,1
669,9,664,775,80,39,1,1,1
670,9,663,775,79,39,1,1,1
671,9,662,775,79,39,1,1,1
672,9,661,775,79,39,1,1,1
673,9,661,775,77,39,1,1,1
674,9,659,775,79,39,1,1,1
675,9,659,775,80,39,1,1,1
676,9,658,774,79,40,1,1,1
677,9,657,773,80,42,1,1,1
678,9,656,773,81,42,1,1,1
679,9,656,773,80,42,1,1,1
680,9,654,773,80,42,1,1,1
681,9,654,775,80,42,1,1,1
682,9,653,776,79,40,1,1,1
683,9,652,775,80,42,1,1,1
684,9,651,778,80,39,1,1,1
685,9,649,777,80,40,1,1,1
686,9,648,777,80,40,1,1,1
687,9,648,777,81,40,1,1,1
688,9,647,780,80,39,1,1,1
689,9,647,780,80,39,1,1,1
690,9,646,780,80,39,1,1,1
691,9,644,782,81,37,1,1,1
692,9,643,783,81,37,1,1,1
693,9,643,783,81,37,1,1,1
694,9,643,785,81,35,1,1,1
695,9,641,785,83,35,1,1,1
696,9,641,787,84,35,1,1,1
697,9,640,788,83,33,1,1,1
698,9,640,788,84,33,1,1,1
699,9,638,789,84,32,1,1,1
700,9,636,792,84,30,1,1,1
701,9,636,792,84,30,1,1,1
702,9,636,792,84,30,1,1,1
703,9,636,794,84,28,1,1,1
704,9,634,795,84,26,1,1,1
705,9,634,795,84,26,1,1,1
706,9,633,795,85,26,1,1,1
707,9,632,797,84,26,1,1,1
708,9,632,797,85,26,1,1,1
709,9,630,797,87,26,1,1,1
710,9,629,797,87,26,1,1,1
711,9,628,797,88,26,1,1,1
712,9,629,799,87,26,1,1,1
713,9,627,799,87,26,1,1,1
714,9,627,799,88,26,1,1,1
715,9,627,799,88,26,1,1,1
716,9,626,799,88,26,1,1,1
717,9,626,799,87,26,1,1,1
718,9,625,799,87,26,1,1,1
719,9,623,799,87,26,1,1,1
720,9,622,799,87,26,1,1,1
721,9,621,800,88,26,1,1,1
722,9,620,800,88,26,1,1,1
723,9,620,800,88,26,1,1,1
724,9,620,800,88,26,1,1,1
725,9,618,800,88,26,1,1,1
726,9,617,800,87,26,1,1,1
727,9,618,800,85,28,1,1,1
728,9,617,800,85,28,1,1,1
729,9,616,800,84,28,1,1,1
730,9,614,800,87,28,1,1,1
731,9,615,800,84,28,1,1,1
732,9,614,800,85,28,1,1,1
733,9,613,800,85,28,1,1,1
734,9,611,800,87,28,1,1,1
735,9,612,801,85,28,1,1,1
736,9,610,799,87,30,1,1,1
737,9,611,801,85,28,1,1,1
738,9,609,801,87,28,1,1,1
739,9,609,799,87,30,1,1,1
740,9,608,799,88,30,1,1,1
741,9,606,799,88,30,1,1,1
742,9,606,800,88,30,1,1,1
743,9,606,800,87,30,1,1,1
744,9,606,798,87,32,1,1,1
745,9,604,800,88,30,1,1,1
746,9,604,798,85,32,1,1,1
747,9,602,798,87,32,1,1,1
748,9,602,799,87,30,1,1,1
749,9,603,799,84,30,1,1,1
750,9,601,799,85,30,1,1,1
751,9,601,799,87,30,1,1,1
752,9,599,800,87,28,1,1,1
753,9,600,800,85,28,1,1,1
754,9,599,800,84,28,1,1,1
755,9,598,800,84,28,1,1,1
756,9,598,799,81,30,1,1,1
757,9,597,799,80,30,1,1,1
758,9,597,799,79,30,1,1,1
759,9,596,799,76,30,1,1,1
760,9,595,799,75,30,1,1,1
761,9,594,799,74,30,1,1,1
762,9,594,800,71,30,1,1,1
763,9,593,801,70,28,1,1,1
764,9,592,803,70,28,1,1,1
765,9,592,804,70,26,1,1,1
766,9,591,804,72,26,1,1,1
767,9,589,804,74,26,1,1,1
768,9,588,804,76,26,1,1,1
769,9,587,805,76,28,1,1,1
770,9,586,805,77,28,1,1,1
771,9,585,804,77,26,1,1,1
772,9,584,803,77,28,1,1,1
773,9,582,804,80,30,1,1,1
774,9,581,804,79,30,1,1,1
775,9,579,803,79,32,1,1,1
776,9,578,802,77,33,1,1,1
777,9,577,802,77,33,1,1,1
778,9,576,802,76,33,1,1,1
779,9,575,802,76,33,1,1,1
780,9,573,801,79,35,1,1,1
781,9,572,801,77,35,1,1,1
782,9,570,801,77,35,1,1,1
783,9,570,800,76,35,1,1,1
784,9,568,800,76,33,1,1,1
785,9,568,800,77,33,1,1,1
786,9,567,800,77,33,1,1,1
787,9,566,799,77,33,1,1,1
788,9,565,800,77,32,1,1,1
789,9,564,800,77,30,1,1,1
790,9,562,799,79,30,1,1,1
791,9,562,799,79,30,1,1,1
792,9,562,799,79,30,1,1,1
793,9,561,797,79,30,1,1,1
794,9,560,798,77,28,1,1,1
795,9,557,798,80,28,1,1,1
796,9,556,797,80,26,1,1,1
797,9,556,798,80,28,1,1,1
798,9,555,796,80,28,1,1,1
799,9,553,797,80,26,1,1,1
800,9,552,797,80,26,1,1,1
801,9,552,796,76,28,1,1,1
802,9,552,796,76,28,1,1,1
803,9,550,796,76,28,1,1,1
804,9,550,796,76,28,1,1,1
805,9,548,796,75,28,1,1,1
806,9,548,797,75,30,1,1,1
807,9,547,797,74,30,1,1,1
808,9,547,797,75,30,1,1,1
809,9,546,797,72,30,1,1,1
810,9,547,797,72,30,1,1,1
811,9,547,796,72,32,1,1,1
812,9,546,797,71,33,1,1,1
813,9,547,797,72,33,1,1,1
814,9,547,797,72,33,1,1,1
815,9,547,797,72,33,1,1,1
816,9,547,797,72,33,1,1,1
817,9,546,797,72,33,1,1,1
818,9,546,798,74,32,1,1,1
819,9,548,798,72,30,1,1,1
820,9,547,797,74,30,1,1,1
821,9,548,797,75,30,1,1,1
822,9,548,797,76,30,1,1,1
823,9,548,798,76,28,1,1,1
824,9,548,798,77,28,1,1,1
825,9,547,797,79,26,1,1,1
826,9,548,797,80,26,1,1,1
827,9,548,797,80,26,1,1,1
828,9,548,796,80,24,1,1,1
829,9,548,797,81,23,1,1,1
830,9,549,796,81,21,1,1,1
831,9,547,796,83,21,1,1,1
832,9,549,796,81,21,1,1,1
833,9,548,796,81,21,1,1,1
834,9,548,795,83,19,1,1,1
835,9,548,795,84,19,1,1,1
836,9,548,795,84,19,1,1,1
837,9,548,793,84,19,1,1,1
838,9,548,792,84,19,1,1,1
839,9,548,791,84,19,1,1,1
840,9,548,789,84,21,1,1,1
841,9,548,788,83,23,1,1,1
842,9,549,787,80,24,1,1,1
843,9,549,784,79,26,1,1,1
844,9,549,784,79,28,1,1,1
845,9,551,783,76,30,1,1,1
846,9,552,781,72,33,1,1,1
847,9,552,780,70,35,1,1,1
848,9,552,779,68,37,1,1,1
849,9,552,777,67,37,1,1,1
850,9,553,776,64,39,1,1,1
851,9,553,776,57,40,1,1,1
852,9,553,775,55,42,1,1,1
853,9,553,774,55,44,1,1,1
854,9,552,773,56,46,1,1,1
855,9,553,773,55,46,1,1,1
856,9,553,772,57,48,1,1,1
857,9,553,770,57,49,1,1,1
858,9,553,769,57,51,1,1,1
859,9,553,769,57,51,1,1,1
860,9,552,768,59,51,1,1,1
861,9,553,768,57,51,1,1,1
862,9,552,768,57,53,1,1,1
863,9,552,768,56,53,1,1,1
864,9,552,766,56,56,1,1,1
865,9,552,767,56,58,1,1,1
866,9,551,766,55,60,1,1,1
867,9,551,765,56,62,1,1,1
868,9,551,765,56,62,1,1,1
869,9,550,764,54,67,1,1,1
870,9,550,762,52,71,1,1,1
871,9,550,762,52,67,1,1,1
872,9,549,761,32,51,1,1,1
873,9,549,761,32,51,1,1,1
874,9,548,760,33,51,1,1,1
875,9,548,759,35,62,1,1,1
876,9,549,758,35,62,1,1,1
877,9,549,756,35,62,1,1,1
878,9,549,756,35,62,1,1,1
879,9,550,756,46,81,1,1,1
880,9,547,757,46,74,1,1,1
881,9,545,757,47,74,1,1,1
882,9,545,755,47,74,1,1,1
883,9,546,755,45,74,1,1,1
884,9,545,755,43,74,1,1,1
885,9,544,754,43,72,1,1,1
886,9,545,754,42,72,1,1,1
887,9,545,754,42,72,1,1,1
888,9,545,752,42,74,1,1,1
889,9,545,752,40,72,1,1,1
890,9,543,752,42,74,1,1,1
891,9,543,752,42,72,1,1,1
892,9,543,752,43,72,1,1,1
893,9,542,751,42,72,1,1,1
894,9,543,751,43,71,1,1,1
895,9,542,751,40,71,1,1,1
896,9,541,748,48,80,1,1,1
897,9,540,749,49,76,1,1,1
898,9,542,746,45,71,1,1,1
899,9,539,745,48,78,1,1,1
900,9,541,748,44,74,1,1,1
901,9,540,747,44,72,1,1,1
902,9,540,747,44,72,1,1,1
903,9,540,746,45,74,1,1,1
904,9,538,747,47,72,1,1,1
905,9,538,747,47,72,1,1,1
906,9,538,745,47,72,1,1,1
907,9,538,744,47,74,1,1,1
908,9,538,745,48,72,1,1,1
909,9,538,744,48,71,1,1,1
910,9,538,744,48,72,1,1,1
911,9,538,744,48,71,1,1,1
912,9,538,743,48,71,1,1,1
913,9,537,743,49,71,1,1,1
914,9,537,743,49,71,1,1,1
915,9,536,743,51,71,1,1,1
916,9,536,741,51,71,1,1,1
917,9,536,741,51,71,1,1,1
918,9,536,742,51,69,1,1,1
919,9,536,741,51,71,1,1,1
920,9,534,740,52,69,1,1,1
921,9,534,740,52,69,1,1,1
922,9,535,740,52,69,1,1,1
923,9,534,740,52,69,1,1,1
924,9,534,738,52,69,1,1,1
925,9,534,738,52,69,1,1,1
926,9,534,738,52,69,1,1,1
927,9,532,738,54,69,1,1,1
928,9,532,736,54,69,1,1,1
929,9,532,736,54,69,1,1,1
930,9,532,737,54,67,1,1,1
931,9,531,737,55,67,1,1,1
932,9,531,735,55,69,1,1,1
933,9,531,736,56,67,1,1,1
934,9,530,736,55,67,1,1,1
935,9,530,736,55,65,1,1,1
936,9,530,734,55,67,1,1,1
937,9,529,735,56,65,1,1,1
938,9,529,735,56,65,1,1,1
939,9,529,734,56,67,1,1,1
940,9,529,733,56,65,1,1,1
941,9,529,733,56,65,1,1,1
942,9,528,733,56,65,1,1,1
943,9,528,733,57,65,1,1,1
944,9,528,733,56,65,1,1,1
945,9,527,731,57,65,1,1,1
946,9,527,731,57,65,1,1,1
947,9,527,731,57,65,1,1,1
948,9,527,731,57,65,1,1,1
949,9,527,731,57,65,1,1,1
950,9,526,731,57,65,1,1,1
951,9,526,731,57,65,1,1,1
952,9,524,731,59,65,1,1,1
953,9,524,729,59,65,1,1,1
954,9,523,729,60,65,1,1,1
955,9,523,729,60,65,1,1,1
956,9,523,729,59,65,1,1,1
957,9,522,728,60,67,1,1,1
958,9,522,729,60,65,1,1,1
959,9,522,727,60,67,1,1,1
960,9,522,727,60,67,1,1,1
961,9,522,728,60,65,1,1,1
962,9,520,728,60,65,1,1,1
963,9,520,728,60,65,1,1,1
964,9,521,727,60,65,1,1,1
965,9,520,726,60,65,1,1,1
966,9,520,727,60,64,1,1,1
967,9,519,727,62,64,1,1,1
968,9,519,727,62,64,1,1,1
969,9,519,727,62,64,1,1,1
970,9,519,726,60,65,1,1,1
971,9,519,725,60,64,1,1,1
972,9,517,726,62,62,1,1,1
973,9,518,726,60,62,1,1,1
974,9,518,726,60,62,1,1,1
975,9,518,726,60,62,1,1,1
976,9,516,725,62,62,1,1,1
977,9,516,724,62,62,1,1,1
978,9,516,724,62,62,1,1,1
979,9,516,725,62,60,1,1,1
980,9,516,725,62,60,1,1,1
981,9,514,724,63,62,1,1,1
982,9,515,724,60,62,1,1,1
983,9,515,723,60,60,1,1,1
984,9,514,723,60,60,1,1,1
985,9,514,723,60,60,1,1,1
986,9,512,723,60,60,1,1,1
987,9,513,723,60,60,1,1,1
988,9,513,722,60,62,1,1,1
989,9,512,722,62,62,1,1,1
990,9,511,722,60,62,1,1,1
991,9,511,722,60,62,1,1,1
992,9,511,723,60,60,1,1,1
993,9,511,723,60,60,1,1,1
994,9,510,723,60,60,1,1,1
995,9,509,723,62,60,1,1,1
996,9,510,723,60,60,1,1,1
997,9,508,722,62,62,1,1,1
998,9,508,721,60,60,1,1,1
999,9,508,721,60,60,1,1,1
1000,9,509,721,60,60,1,1,1
1001,9,507,721,60,60,1,1,1
1002,9,507,721,60,60,1,1,1
1003,9,506,721,62,60,1,1,1
1004,9,506,720,62,60,1,1,1
1005,9,506,720,63,60,1,1,1
1006,9,504,720,64,60,1,1,1
1007,9,504,720,64,60,1,1,1
1008,9,504,720,64,60,1,1,1
1009,9,504,720,64,58,1,1,1
1010,9,504,720,64,58,1,1,1
1011,9,504,719,64,58,1,1,1
1012,9,502,719,64,58,1,1,1
1013,9,502,719,64,58,1,1,1
1014,9,502,719,64,58,1,1,1
1015,9,502,719,64,58,1,1,1
1016,9,502,719,65,58,1,1,1
1017,9,502,719,65,58,1,1,1
1018,9,500,717,67,58,1,1,1
1019,9,500,718,67,56,1,1,1
1020,9,500,718,67,56,1,1,1
1021,9,500,718,67,56,1,1,1
1022,9,500,717,65,55,1,1,1
1023,9,500,718,65,53,1,1,1
1024,9,499,718,67,53,1,1,1
1025,9,499,718,67,53,1,1,1
1026,9,499,717,67,55,1,1,1
1027,9,498,716,68,53,1,1,1
1028,9,498,716,68,53,1,1,1
1029,9,498,716,68,53,1,1,1
1030,9,498,716,68,53,1,1,1
1031,9,498,716,68,53,1,1,1
1032,9,498,716,68,53,1,1,1
1033,9,496,716,70,53,1,1,1
1034,9,496,716,70,53,1,1,1
1035,9,496,716,68,53,1,1,1
1036,9,496,716,68,53,1,1,1
1037,9,496,715,68,51,1,1,1
1038,9,496,714,70,53,1,1,1
1039,9,496,715,70,51,1,1,1
1040,9,496,715,70,51,1,1,1
1041,9,494,715,71,51,1,1,1
1042,9,494,715,71,51,1,1,1
1043,9,495,713,72,51,1,1,1
1044,9,494,713,72,51,1,1,1
1045,9,493,713,72,51,1,1,1
1046,9,493,714,71,49,1,1,1
1047,9,493,714,71,49,1,1,1
1048,9,493,714,72,49,1,1,1
1049,9,492,712,72,49,1,1,1
1050,9,492,712,72,49,1,1,1
1051,9,493,712,71,49,1,1,1
1052,9,493,712,71,49,1,1,1
1053,9,492,712,72,49,1,1,1
1054,9,492,712,72,49,1,1,1
1055,9,492,712,72,49,1,1,1
1056,9,490,713,72,48,1,1,1
1057,9,490,713,72,48,1,1,1
1058,9,491,711,72,49,1,1,1
1059,9,490,711,72,49,1,1,1
1060,9,490,711,72,49,1,1,1
1061,9,490,712,72,48,1,1,1
1062,9,489,712,72,48,1,1,1
1063,9,488,712,72,46,1,1,1
1064,9,488,712,72,46,1,1,1
1065,9,488,712,72,46,1,1,1
1066,9,488,712,72,46,1,1,1
1067,9,486,711,72,46,1,1,1
1068,9,486,711,72,46,1,1,1
1069,9,486,711,72,46,1,1,1
1070,9,486,711,74,46,1,1,1
1071,9,486,711,74,46,1,1,1
1072,9,485,710,72,48,1,1,1
1073,9,485,710,74,48,1,1,1
1074,9,485,710,72,46,1,1,1
1075,9,484,710,72,48,1,1,1
1076,9,484,710,72,46,1,1,1
1077,9,484,708,72,48,1,1,1
1078,9,484,709,72,49,1,1,1
1079,9,484,708,72,48,1,1,1
1080,9,482,709,72,49,1,1,1
1081,9,482,708,72,48,1,1,1
1082,9,482,708,72,48,1,1,1
1083,9,483,708,72,48,1,1,1
1084,9,483,707,72,49,1,1,1
1085,9,483,707,72,49,1,1,1
1086,9,481,707,72,49,1,1,1
1087,9,481,707,72,49,1,1,1
1088,9,481,707,72,49,1,1,1
1089,9,481,707,72,49,1,1,1
1090,9,481,707,72,49,1,1,1
1091,9,481,707,72,49,1,1,1
1092,9,481,708,72,48,1,1,1
1093,9,480,708,72,48,1,1,1
1094,9,480,708,72,48,1,1,1
1095,9,480,706,72,49,1,1,1
1096,9,479,706,72,49,1,1,1
1097,9,478,706,72,49,1,1,1
1098,9,479,707,72,49,1,1,1
1099,9,477,707,72,49,1,1,1
1100,9,477,707,72,49,1,1,1
1101,9,477,706,72,51,1,1,1
1102,9,477,705,70,51,1,1,1
1103,9,477,706,71,51,1,1,1
1104,9,477,706,71,51,1,1,1
1105,9,476,704,70,53,1,1,1
1106,9,476,704,70,53,1,1,1
1107,9,477,704,71,53,1,1,1
1108,9,477,704,71,53,1,1,1
1109,9,477,704,71,53,1,1,1
1110,9,476,704,70,53,1,1,1
1111,9,476,704,70,51,1,1,1
1112,9,474,704,71,51,1,1,1
1113,9,475,704,70,51,1,1,1
1114,9,475,704,70,53,1,1,1
1115,9,475,704,70,53,1,1,1
1116,9,475,704,70,53,1,1,1
1117,9,475,704,70,53,1,1,1
1118,9,475,704,70,53,1,1,1
1119,9,473,704,70,53,1,1,1
1120,9,473,704,70,53,1,1,1
1121,9,474,704,68,53,1,1,1
1122,9,472,703,70,53,1,1,1
1123,9,472,703,68,53,1,1,1
1124,9,473,703,68,53,1,1,1
1125,9,472,703,68,53,1,1,1
1126,9,472,703,68,53,1,1,1
1127,9,472,703,68,53,1,1,1
1128,9,471,703,68,53,1,1,1
1129,9,470,703,68,53,1,1,1
1130,9,470,703,68,53,1,1,1
1131,9,470,703,68,53,1,1,1
1132,9,470,703,68,53,1,1,1
1133,9,469,702,67,53,1,1,1
1134,9,469,702,67,53,1,1,1
1135,9,470,702,65,53,1,1,1
1136,9,470,702,65,53,1,1,1
1137,9,470,702,65,53,1,1,1
1138,9,468,702,67,53,1,1,1
1139,9,469,702,65,53,1,1,1
1140,9,469,702,65,53,1,1,1
1141,9,469,702,65,53,1,1,1
1142,9,468,702,67,53,1,1,1
1143,9,467,702,65,53,1,1,1
1144,9,468,702,67,53,1,1,1
1145,9,467,702,65,53,1,1,1
1146,9,467,701,65,55,1,1,1
1147,9,467,701,65,55,1,1,1
1148,9,467,701,67,55,1,1,1
1149,9,466,700,68,56,1,1,1
1150,9,466,700,68,56,1,1,1
1151,9,466,700,68,56,1,1,1
1152,9,466,699,68,55,1,1,1
1153,9,467,699,68,55,1,1,1
1154,9,467,699,68,55,1,1,1
1155,9,467,699,68,55,1,1,1
1156,9,467,698,68,53,1,1,1
1157,9,467,698,68,53,1,1,1
1158,9,465,698,70,53,1,1,1
1159,9,466,697,68,51,1,1,1
1160,9,466,697,68,51,1,1,1
1161,9,466,696,68,49,1,1,1
1162,9,466,696,68,49,1,1,1
1163,9,466,696,68,49,1,1,1
1164,9,466,696,68,51,1,1,1
1165,9,466,696,68,49,1,1,1
1166,9,466,695,68,49,1,1,1
1167,9,464,695,70,49,1,1,1
1168,9,464,695,68,49,1,1,1
1169,9,464,695,68,49,1,1,1
1170,9,464,695,68,49,1,1,1
1171,9,464,695,68,49,1,1,1
1172,9,464,695,68,49,1,1,1
1173,9,465,694,68,51,1,1,1
1174,9,464,694,68,51,1,1,1
1175,9,463,694,68,51,1,1,1
1176,9,464,694,67,51,1,1,1
1177,9,464,694,65,51,1,1,1
1178,9,464,693,64,53,1,1,1
1179,9,463,693,65,53,1,1,1
1180,9,463,693,65,53,1,1,1
1181,9,463,693,65,53,1,1,1
1182,9,463,692,65,55,1,1,1
1183,9,462,693,64,53,1,1,1
1184,9,462,692,64,55,1,1,1
1185,9,462,692,64,55,1,1,1
1186,9,462,692,64,55,1,1,1
1187,9,462,693,64,56,1,1,1
1188,9,463,692,64,58,1,1,1
1189,9,462,693,64,56,1,1,1
1190,9,461,692,63,58,1,1,1
1191,9,460,692,64,58,1,1,1
1192,9,460,692,64,58,1,1,1
1193,9,460,692,64,58,1,1,1
1194,9,460,692,64,58,1,1,1
1195,9,461,691,63,60,1,1,1
1196,9,459,691,63,60,1,1,1
1197,9,460,690,62,62,1,1,1
1198,9,460,690,62,62,1,1,1
1199,9,458,690,62,62,1,1,1
1200,9,458,690,62,62,1,1,1
1201,9,458,689,60,64,1,1,1
1202,9,458,689,60,64,1,1,1
1203,9,458,689,60,64,1,1,1
1204,9,459,689,59,65,1,1,1
1205,9,458,689,60,64,1,1,1
1206,9,457,689,59,65,1,1,1
1207,9,457,689,59,65,1,1,1
1208,9,457,689,59,65,1,1,1
1209,9,458,689,57,65,1,1,1
1210,9,456,690,59,65,1,1,1
1211,9,457,689,57,65,1,1,1
1212,9,457,689,56,65,1,1,1
1213,9,457,688,56,65,1,1,1
1214,9,456,688,57,65,1,1,1
1215,9,456,688,56,65,1,1,1
1216,9,456,688,56,65,1,1,1
1217,9,456,688,56,65,1,1,1
1218,9,456,688,56,65,1,1,1
1219,9,454,688,56,65,1,1,1
1220,9,455,688,56,65,1,1,1
1221,9,455,687,56,65,1,1,1
1222,9,455,687,56,65,1,1,1
1223,9,455,687,56,65,1,1,1
1224,9,454,687,56,65,1,1,1
1225,9,454,688,56,64,1,1,1
1226,9,453,687,56,65,1,1,1
1227,9,452,687,56,65,1,1,1
1228,9,452,687,56,65,1,1,1
1229,9,452,687,56,65,1,1,1
1230,9,452,686,56,64,1,1,1
1231,9,452,686,56,64,1,1,1
1232,9,452,686,56,64,1,1,1
1233,9,452,686,56,64,1,1,1
1234,9,452,686,56,64,1,1,1
1235,9,452,686,56,64,1,1,1
1236,9,452,686,56,64,1,1,1
1237,9,452,686,56,62,1,1,1
1238,9,450,686,56,62,1,1,1
1239,9,450,686,56,62,1,1,1
1240,9,450,686,56,62,1,1,1
1241,9,451,685,56,62,1,1,1
1242,9,450,685,56,62,1,1,1
1243,9,451,685,56,62,1,1,1
1244,9,450,685,56,62,1,1,1
1245,9,450,685,56,62,1,1,1
1246,9,450,685,56,62,1,1,1
1247,9,450,685,56,62,1,1,1
1248,9,448,686,57,60,1,1,1
1249,9,448,686,57,60,1,1,1
1250,9,448,685,57,62,1,1,1
1251,9,448,686,57,60,1,1,1
1252,9,448,686,57,60,1,1,1
1253,9,448,686,57,60,1,1,1
1254,9,448,684,57,60,1,1,1
1255,9,448,684,57,60,1,1,1
1256,9,448,684,57,60,1,1,1
1257,9,448,684,59,60,1,1,1
1258,9,448,684,59,60,1,1,1
1259,9,448,684,57,60,1,1,1
1260,9,448,684,59,60,1,1,1
1261,9,448,684,59,60,1,1,1
1262,9,448,684,59,60,1,1,1
1263,9,448,684,59,60,1,1,1
1264,9,448,684,59,60,1,1,1
1265,9,448,684,59,60,1,1,1
1266,9,448,684,59,60,1,1,1
1267,9,446,684,60,60,1,1,1
1268,9,446,684,60,60,1,1,1
1269,9,446,684,60,60,1,1,1
1270,9,446,684,60,60,1,1,1
1271,9,447,684,60,60,1,1,1
1272,9,446,684,60,60,1,1,1
1273,9,446,684,60,60,1,1,1
1274,9,446,684,60,60,1,1,1
1275,9,446,684,60,60,1,1,1
1276,9,446,684,60,60,1,1,1
1277,9,447,684,60,60,1,1,1
1278,9,447,684,60,60,1,1,1
1279,9,446,685,62,58,1,1,1
1280,9,446,684,62,60,1,1,1
1281,9,446,685,63,58,1,1,1
1282,9,446,685,63,58,1,1,1
1283,9,446,685,63,58,1,1,1
1284,9,446,685,63,58,1,1,1
1285,9,446,685,63,58,1,1,1
1286,9,445,685,64,58,1,1,1
1287,9,446,684,63,56,1,1,1
1288,9,445,684,62,56,1,1,1
1289,9,445,684,63,56,1,1,1
1290,9,445,684,63,56,1,1,1
1291,9,444,684,60,56,1,1,1
1292,9,444,684,60,56,1,1,1
1293,9,444,686,60,56,1,1,1
1294,9,443,686,60,56,1,1,1
1295,9,443,686,59,56,1,1,1
1296,9,444,685,57,58,1,1,1
1297,9,444,686,57,56,1,1,1
1298,9,443,686,57,56,1,1,1
1299,9,442,685,56,58,1,1,1
1300,9,442,685,56,58,1,1,1
1301,9,442,685,56,58,1,1,1
1302,9,442,685,56,58,1,1,1
1303,9,442,684,55,56,1,1,1
1304,9,441,684,55,56,1,1,1
1305,9,441,684,55,56,1,1,1
1306,9,441,684,55,56,1,1,1
1307,9,441,684,55,56,1,1,1
1308,9,440,684,56,53,1,1,1
1309,9,440,684,56,53,1,1,1
1310,9,440,685,56,51,1,1,1
1311,9,438,685,56,51,1,1,1
1312,9,439,685,57,51,1,1,1
1313,9,439,683,59,51,1,1,1
1314,9,438,683,60,51,1,1,1
1315,9,438,684,60,49,1,1,1
1316,9,438,684,60,49,1,1,1
1317,9,437,682,62,49,1,1,1
1318,9,437,682,63,49,1,1,1
1319,9,436,682,64,49,1,1,1
1320,9,436,681,64,49,1,1,1
1321,9,437,681,64,48,1,1,1
1322,9,436,682,65,46,1,1,1
1323,9,436,682,67,46,1,1,1
1324,9,436,680,68,46,1,1,1
1325,9,436,680,68,46,1,1,1
1326,9,436,681,68,44,1,1,1
1327,9,435,680,68,44,1,1,1
1328,9,435,680,68,44,1,1,1
1329,9,435,680,70,40,1,1,1
1330,9,435,678,70,40,1,1,1
1331,9,434,679,71,39,1,1,1
1332,9,434,679,71,39,1,1,1
1333,9,434,679,71,39,1,1,1
1334,9,434,677,71,39,1,1,1
1335,9,433,677,70,39,1,1,1
1336,9,433,678,71,39,1,1,1
1337,9,433,677,71,42,1,1,1
1338,9,432,676,70,40,1,1,1
1339,9,432,676,68,40,1,1,1
1340,9,432,677,68,42,1,1,1
1341,9,432,677,68,42,1,1,1
1342,9,432,677,68,42,1,1,1
1343,9,433,676,68,44,1,1,1
1344,9,433,676,68,44,1,1,1
1345,9,432,675,68,46,1,1,1
1346,9,432,675,68,46,1,1,1
1347,9,432,676,68,48,1,1,1
1348,9,432,676,68,48,1,1,1
1349,9,432,675,67,49,1,1,1
1350,9,430,675,68,49,1,1,1
1351,9,431,675,67,49,1,1,1
1352,9,431,676,67,51,1,1,1
1353,9,431,676,67,51,1,1,1
1354,9,431,676,65,51,1,1,1
1355,9,430,674,64,51,1,1,1
1356,9,431,675,64,53,1,1,1
1357,9,430,675,64,53,1,1,1
1358,9,430,675,64,53,1,1,1
1359,9,430,675,64,53,1,1,1
1360,9,430,675,63,53,1,1,1
1361,9,429,675,62,53,1,1,1
1362,9,429,675,63,53,1,1,1
1363,9,429,675,63,53,1,1,1
1364,9,428,674,62,51,1,1,1
1365,9,429,674,63,51,1,1,1
1366,9,428,674,62,51,1,1,1
1367,9,428,674,62,51,1,1,1
1368,9,428,674,62,51,1,1,1
1369,9,428,674,62,51,1,1,1
1370,9,429,674,63,51,1,1,1
1371,9,429,672,63,53,1,1,1
1372,9,429,672,63,51,1,1,1
1373,9,428,672,64,51,1,1,1
1374,9,428,672,64,51,1,1,1
1375,9,428,672,64,53,1,1,1
1376,9,428,672,64,53,1,1,1
1377,9,427,672,65,51,1,1,1
1378,9,427,671,65,51,1,1,1
1379,9,427,672,65,51,1,1,1
1380,9,427,671,67,51,1,1,1
1381,9,427,672,67,49,1,1,1
1382,9,426,671,68,51,1,1,1
1383,9,426,672,68,49,1,1,1
1384,9,426,671,68,49,1,1,1
1385,9,426,670,68,49,1,1,1
1386,9,426,671,68,48,1,1,1
1387,9,425,670,70,49,1,1,1
1388,9,425,671,70,48,1,1,1
1389,9,425,671,71,48,1,1,1
1390,9,425,671,71,48,1,1,1
1391,9,425,669,71,48,1,1,1
1392,9,425,669,71,48,1,1,1
1393,9,425,670,71,46,1,1,1
1394,9,425,670,71,46,1,1,1
1395,9,425,670,71,46,1,1,1
1396,9,425,670,71,46,1,1,1
1397,9,424,670,72,46,1,1,1
1398,9,424,670,72,46,1,1,1
1399,9,424,669,72,46,1,1,1
1400,9,424,668,72,46,1,1,1
1401,9,423,668,74,46,1,1,1
1402,9,423,669,74,44,1,1,1
1403,9,424,669,72,44,1,1,1
1404,9,424,669,72,44,1,1,1
1405,9,423,667,74,44,1,1,1
1406,9,424,668,72,42,1,1,1
1407,9,424,668,72,42,1,1,1
1408,9,422,668,72,42,1,1,1
1409,9,422,668,74,42,1,1,1
1410,9,422,668,74,42,1,1,1
1411,9,422,667,72,40,1,1,1
1412,9,422,667,72,40,1,1,1
1413,9,422,667,72,40,1,1,1
1414,9,422,667,72,40,1,1,1
1415,9,423,667,72,40,1,1,1
1416,9,422,666,72,42,1,1,1
1417,9,422,666,72,42,1,1,1
1418,9,421,666,72,42,1,1,1
1419,9,421,665,72,44,1,1,1
1420,9,421,667,72,44,1,1,1
1421,9,421,665,72,44,1,1,1
1422,9,421,665,72,44,1,1,1
1423,9,421,665,72,44,1,1,1
1424,9,420,666,72,46,1,1,1
1425,9,421,665,72,44,1,1,1
1426,9,420,665,72,44,1,1,1
1427,9,420,664,72,46,1,1,1
1428,9,420,664,72,46,1,1,1
1429,9,420,665,72,48,1,1,1
1430,9,420,665,72,48,1,1,1
1431,9,420,665,72,48,1,1,1
1432,9,418,666,72,46,1,1,1
1433,9,418,665,72,48,1,1,1
1434,9,418,666,74,46,1,1,1
1435,9,418,667,72,44,1,1,1
1436,9,418,668,72,42,1,1,1
1437,9,418,669,72,44,1,1,1
1438,9,418,669,72,44,1,1,1
1439,9,418,670,71,44,1,1,1
1440,9,417,671,70,44,1,1,1
1441,9,419,670,65,46,1,1,1
1442,9,419,672,64,44,1,1,1
1443,9,419,670,60,46,1,1,1
1444,9,418,672,60,46,1,1,1
1445,9,420,670,56,46,1,1,1
1446,9,418,670,55,46,1,1,1
1447,9,420,671,52,44,1,1,1
1448,9,420,670,52,42,1,1,1
1449,9,420,671,52,39,1,1,1
1450,9,419,671,52,37,1,1,1
1451,9,418,671,55,37,1,1,1
1452,9,418,671,55,35,1,1,1
1453,9,417,671,56,35,1,1,1
1454,9,416,670,57,35,1,1,1
1455,9,416,670,60,32,1,1,1
1456,9,414,671,60,30,1,1,1
1457,9,415,671,60,28,1,1,1
1458,9,414,670,63,28,1,1,1
1459,9,412,670,64,24,1,1,1
1460,9,412,671,64,23,1,1,1
1461,9,411,671,65,21,1,1,1
1462,9,409,671,68,19,1,1,1
1463,9,407,672,68,17,1,1,1
1464,9,407,672,68,17,1,1,1
1465,9,407,672,68,17,1,1,1
1466,9,406,671,68,16,1,1,1
1467,9,404,670,70,17,1,1,1
1468,9,403,670,71,17,1,1,1
1469,9,402,670,70,17,1,1,1
1470,9,401,670,70,17,1,1,1
1471,9,401,668,71,17,1,1,1
1472,9,400,668,72,17,1,1,1
1473,9,399,668,72,17,1,1,1
1474,9,400,668,70,17,1,1,1
1475,9,398,669,71,16,1,1,1
1476,9,397,670,72,17,1,1,1
1477,9,396,668,72,17,1,1,1
1478,9,396,668,72,17,1,1,1
1479,9,396,668,72,17,1,1,1
1480,9,396,668,72,17,1,1,1
1481,9,395,667,72,19,1,1,1
1482,9,394,667,71,19,1,1,1
1483,9,393,666,72,21,1,1,1
1484,9,393,666,72,21,1,1,1
1485,9,391,666,74,21,1,1,1
1486,9,391,666,74,21,1,1,1
1487,9,391,664,74,21,1,1,1
1488,9,390,664,74,21,1,1,1
1489,9,389,664,75,21,1,1,1
1490,9,388,664,75,23,1,1,1
1491,9,389,664,74,23,1,1,1
1492,9,389,664,74,23,1,1,1
1493,9,388,664,75,23,1,1,1
1494,9,388,664,75,23,1,1,1
1495,9,386,663,76,24,1,1,1
1496,9,386,663,76,24,1,1,1
1497,9,386,663,76,24,1,1,1
1498,9,386,662,76,26,1,1,1
1499,9,385,662,76,26,1,1,1
1500,9,385,662,76,26,1,1,1
1501,9,383,662,76,26,1,1,1
1502,9,383,661,76,28,1,1,1
1503,9,383,661,77,28,1,1,1
1504,9,383,661,77,28,1,1,1
1505,9,382,660,76,30,1,1,1
1506,9,381,660,77,30,1,1,1
1507,9,380,660,76,30,1,1,1
1508,9,381,660,76,30,1,1,1
1509,9,379,658,76,30,1,1,1
1510,9,380,658,76,30,1,1,1
1511,9,379,658,76,30,1,1,1
1512,9,379,658,76,30,1,1,1
1513,9,378,658,76,30,1,1,1
1514,9,378,657,76,28,1,1,1
1515,9,378,657,77,28,1,1,1
1516,9,377,656,77,28,1,1,1
1517,9,376,655,76,26,1,1,1
1518,9,376,653,76,26,1,1,1
1519,9,376,653,76,26,1,1,1
1520,9,375,653,76,26,1,1,1
1521,9,374,652,76,28,1,1,1
1522,9,375,652,75,28,1,1,1
1523,9,373,651,75,30,1,1,1
1524,9,373,651,75,30,1,1,1
1525,9,373,649,72,33,1,1,1
1526,9,372,649,72,33,1,1,1
1527,9,370,649,74,33,1,1,1
1528,9,370,648,72,35,1,1,1
1529,9,368,648,75,35,1,1,1
1530,9,368,648,75,37,1,1,1
1531,9,368,647,75,37,1,1,1
1532,9,367,647,75,39,1,1,1
1533,9,365,646,75,40,1,1,1
1534,9,365,646,75,40,1,1,1
1535,9,364,645,70,42,1,1,1
1536,9,363,644,71,44,1,1,1
1537,9,363,644,72,44,1,1,1
1538,9,362,643,71,46,1,1,1
1539,9,361,643,71,46,1,1,1
1540,9,360,643,70,46,1,1,1
1541,9,359,643,71,46,1,1,1
1542,9,359,642,72,44,1,1,1
1543,9,357,642,72,44,1,1,1
1544,9,355,642,74,44,1,1,1
1545,9,355,641,74,42,1,1,1
1546,9,355,640,75,40,1,1,1
1547,9,354,640,74,39,1,1,1
1548,9,354,640,76,37,1,1,1
1549,9,352,639,76,37,1,1,1
1550,9,352,638,77,35,1,1,1
1551,9,351,639,77,33,1,1,1
1552,9,350,638,79,32,1,1,1
1553,9,348,638,80,32,1,1,1
1554,9,348,637,80,30,1,1,1
1555,9,346,637,80,30,1,1,1
1556,9,347,635,80,30,1,1,1
1557,9,346,635,80,30,1,1,1
1558,9,346,635,80,30,1,1,1
1559,9,344,634,80,32,1,1,1
1560,9,344,634,80,32,1,1,1
1561,9,342,634,80,32,1,1,1
1562,9,343,633,80,33,1,1,1
1563,9,342,633,80,33,1,1,1
1564,9,340,633,80,33,1,1,1
1565,9,341,633,79,33,1,1,1
1566,9,339,633,79,33,1,1,1
1567,9,339,633,80,33,1,1,1
1568,9,338,632,79,35,1,1,1
1569,9,338,632,77,35,1,1,1
1570,9,338,632,79,35,1,1,1
1571,9,337,631,79,37,1,1,1
1572,9,337,631,77,37,1,1,1
1573,9,335,629,79,39,1,1,1
1574,9,336,629,77,39,1,1,1
1575,9,334,629,79,39,1,1,1
1576,9,333,629,79,39,1,1,1
1577,9,333,629,79,39,1,1,1
1578,9,333,629,77,39,1,1,1
1579,9,332,629,77,39,1,1,1
1580,9,330,627,77,39,1,1,1
1581,9,331,627,76,39,1,1,1
1582,9,330,627,77,39,1,1,1
1583,9,330,626,77,40,1,1,1
1584,9,329,626,77,40,1,1,1
1585,9,327,625,79,42,1,1,1
1586,9,327,626,79,40,1,1,1
1587,9,327,625,80,42,1,1,1
1588,9,327,624,80,42,1,1,1
1589,9,326,624,80,42,1,1,1
1590,9,326,624,80,42,1,1,1
1591,9,325,624,80,42,1,1,1
1592,9,325,624,80,40,1,1,1
1593,9,324,624,81,40,1,1,1
1594,9,323,623,83,40,1,1,1
1595,9,323,623,83,39,1,1,1
1596,9,323,623,83,39,1,1,1
1597,9,322,622,84,39,1,1,1
1598,9,321,622,83,39,1,1,1
1599,9,321,622,84,39,1,1,1
1600,9,320,622,83,37,1,1,1
1601,9,320,620,83,39,1,1,1
1602,9,320,621,83,37,1,1,1
1603,9,320,621,84,37,1,1,1
1604,9,320,620,84,39,1,1,1
1605,9,320,620,84,35,1,1,1
1606,9,318,619,84,37,1,1,1
1607,9,318,620,84,35,1,1,1
1608,9,316,620,84,35,1,1,1
1609,9,316,620,84,35,1,1,1
1610,9,316,618,85,35,1,1,1
1611,9,316,618,84,35,1,1,1
1612,9,316,618,84,35,1,1,1
1613,9,314,618,85,35,1,1,1
1614,9,314,617,85,35,1,1,1
1615,9,314,617,87,35,1,1,1
1616,9,314,616,85,35,1,1,1
1617,9,313,616,87,35,1,1,1
1618,9,313,617,87,33,1,1,1
1619,9,312,615,88,35,1,1,1
1620,9,311,616,87,33,1,1,1
1621,9,312,616,85,33,1,1,1
1622,9,312,616,85,33,1,1,1
1623,9,310,615,85,33,1,1,1
1624,9,310,615,85,33,1,1,1
1625,9,309,615,87,33,1,1,1
1626,9,310,614,85,33,1,1,1
1627,9,310,614,85,33,1,1,1
1628,9,309,614,87,33,1,1,1
1629,9,309,614,85,33,1,1,1
1630,9,309,614,85,33,1,1,1
1631,9,308,613,85,35,1,1,1
1632,9,308,613,85,35,1,1,1
1633,9,306,613,87,35,1,1,1
1634,9,307,612,85,33,1,1,1
1635,9,306,611,87,35,1,1,1
1636,9,306,611,85,35,1,1,1
1637,9,306,611,85,35,1,1,1
1638,9,306,611,85,35,1,1,1
1639,9,305,611,85,35,1,1,1
1640,9,305,611,85,35,1,1,1
1641,9,305,611,85,35,1,1,1
1642,9,305,611,85,35,1,1,1
1643,9,303,610,87,37,1,1,1
1644,9,303,610,87,37,1,1,1
1645,9,303,610,88,37,1,1,1
1646,9,302,610,87,37,1,1,1
1647,9,302,610,87,37,1,1,1
1648,9,302,610,88,37,1,1,1
1649,9,302,608,88,37,1,1,1
1650,9,300,608,88,37,1,1,1
1651,9,301,609,87,39,1,1,1
1652,9,301,609,87,39,1,1,1
1653,9,299,609,87,39,1,1,1
1654,9,300,608,85,39,1,1,1
1655,9,298,608,87,40,1,1,1
1656,9,298,608,87,39,1,1,1
1657,9,298,608,88,39,1,1,1
1658,9,298,606,88,42,1,1,1
1659,9,298,607,87,40,1,1,1
1660,9,298,607,87,40,1,1,1
1661,9,298,606,87,42,1,1,1
1662,9,297,606,87,42,1,1,1
1663,9,297,606,87,42,1,1,1
1664,9,297,606,85,42,1,1,1
1665,9,296,605,85,44,1,1,1
1666,9,296,605,85,44,1,1,1
1667,9,296,605,85,44,1,1,1
1668,9,294,605,87,44,1,1,1
1669,9,294,605,85,44,1,1,1
1670,9,294,604,87,46,1,1,1
1671,9,294,605,87,44,1,1,1
1672,9,294,605,85,44,1,1,1
1673,9,294,605,84,44,1,1,1
1674,9,292,605,84,44,1,1,1
1675,9,292,605,84,44,1,1,1
1676,9,292,605,84,44,1,1,1
1677,9,292,604,84,46,1,1,1
1678,9,291,603,84,44,1,1,1
1679,9,290,603,84,44,1,1,1
1680,9,291,603,84,44,1,1,1
1681,9,290,603,84,44,1,1,1
1682,9,290,603,84,44,1,1,1
1683,9,290,603,84,44,1,1,1
1684,9,290,603,84,44,1,1,1
1685,9,288,603,84,44,1,1,1
1686,9,289,603,84,44,1,1,1
1687,9,289,603,84,44,1,1,1
1688,9,288,603,83,44,1,1,1
1689,9,287,603,84,44,1,1,1
1690,9,288,601,83,44,1,1,1
1691,9,288,601,83,44,1,1,1
1692,9,286,601,84,44,1,1,1
1693,9,286,602,84,42,1,1,1
1694,9,286,601,84,42,1,1,1
1695,9,286,601,84,44,1,1,1
1696,9,286,602,84,42,1,1,1
1697,9,286,602,84,42,1,1,1
1698,9,286,602,84,42,1,1,1
1699,9,286,602,84,42,1,1,1
1700,9,286,600,84,44,1,1,1
1701,9,285,600,85,44,1,1,1
1702,9,285,600,85,44,1,1,1
1703,9,283,600,87,44,1,1,1
1704,9,284,600,85,42,1,1,1
1705,9,282,600,87,44,1,1,1
1706,9,283,600,88,44,1,1,1
1707,9,282,600,88,44,1,1,1
1708,9,282,600,88,44,1,1,1
1709,9,282,600,88,42,1,1,1
1710,9,282,600,88,42,1,1,1
1711,9,281,600,89,42,1,1,1
1712,9,281,600,88,42,1,1,1
1713,9,281,599,88,42,1,1,1
1714,9,281,599,88,42,1,1,1
1715,9,280,599,88,42,1,1,1
1716,9,280,598,88,40,1,1,1
1717,9,280,598,88,40,1,1,1
1718,9,280,599,88,39,1,1,1
1719,9,279,599,88,39,1,1,1
1720,9,278,599,88,37,1,1,1
1721,9,279,598,88,37,1,1,1
1722,9,279,598,88,37,1,1,1
1723,9,279,599,88,35,1,1,1
1724,9,277,598,88,33,1,1,1
1725,9,277,598,88,33,1,1,1
1726,9,276,599,88,32,1,1,1
1727,9,277,600,89,33,1,1,1
1728,9,277,600,88,33,1,1,1
1729,9,277,600,88,33,1,1,1
1730,9,277,601,88,33,1,1,1
1731,9,277,601,87,33,1,1,1
1732,9,277,600,87,35,1,1,1
1733,9,277,600,85,35,1,1,1
1734,9,277,600,83,35,1,1,1
1735,9,278,600,80,35,1,1,1
1736,9,278,600,77,37,1,1,1
1737,9,279,599,74,37,1,1,1
1738,9,281,599,70,37,1,1,1
1739,9,282,598,68,37,1,1,1
1740,9,284,598,64,37,1,1,1
1741,9,284,595,60,39,1,1,1
1742,9,285,595,59,39,1,1,1
1743,9,286,594,56,40,1,1,1
1744,9,286,593,55,42,1,1,1
1745,9,288,592,54,44,1,1,1
1746,9,288,592,52,44,1,1,1
1747,9,289,592,52,46,1,1,1
1748,9,290,591,49,46,1,1,1
1749,9,290,591,49,46,1,1,1
1750,9,290,590,48,49,1,1,1
1751,9,290,589,47,51,1,1,1
1752,9,290,588,47,53,1,1,1
1753,9,292,587,45,55,1,1,1
1754,9,292,587,44,55,1,1,1
1755,9,292,586,44,56,1,1,1
1756,9,292,585,43,58,1,1,1
1757,9,292,584,42,62,1,1,1
1758,9,292,583,42,64,1,1,1
1759,9,293,582,40,65,1,1,1
1760,9,292,581,40,67,1,1,1
1761,9,293,579,39,71,1,1,1
1762,9,294,578,36,72,1,1,1
1763,9,294,577,36,74,1,1,1
1764,9,294,576,33,76,1,1,1
1765,9,293,575,30,78,1,1,1
1766,9,293,574,30,81,1,1,1
1767,9,294,573,28,83,1,1,1
1768,9,293,572,27,85,1,1,1
1769,9,294,572,24,85,1,1,1
1770,9,293,572,22,85,1,1,1
1771,9,294,572,20,88,1,1,1
1772,9,294,572,18,88,1,1,1
1773,9,294,573,16,90,1,1,1
1774,9,294,573,15,90,1,1,1
1775,9,294,575,15,90,1,1,1
1776,9,294,576,15,90,1,1,1
1777,9,294,576,15,90,1,1,1
1778,9,294,576,15,92,1,1,1
1779,9,294,576,15,92,1,1,1
1780,9,294,576,15,92,1,1,1
1781,9,294,577,15,92,1,1,1
1782,9,294,578,15,94,1,1,1
1783,9,294,581,15,92,1,1,1
1784,9,294,581,15,92,1,1,1
1785,9,294,580,15,94,1,1,1
1786,9,294,579,15,96,1,1,1
1787,9,292,582,16,94,1,1,1
1788,9,294,584,15,92,1,1,1
1789,9,294,586,15,92,1,1,1
1790,9,294,586,15,92,1,1,1
1791,9,294,588,15,92,1,1,1
1792,9,294,588,15,92,1,1,1
1793,9,294,591,15,90,1,1,1
1794,9,294,604,15,78,1,1,1
1795,9,294,606,15,78,1,1,1
1796,9,294,602,15,81,1,1,1
1797,9,292,608,16,78,1,1,1
1798,9,294,610,15,76,1,1,1
1799,9,293,595,16,92,1,1,1
1800,9,292,595,18,92,1,1,1
1801,9,294,595,16,92,1,1,1
1802,9,293,596,16,94,1,1,1
1803,9,293,596,16,94,1,1,1
1804,9,292,596,18,94,1,1,1
1805,9,292,598,18,94,1,1,1
1806,9,294,598,16,94,1,1,1
1807,9,292,599,18,94,1,1,1
1808,9,292,600,18,94,1,1,1
1809,9,294,601,16,94,1,1,1
1810,9,294,601,16,94,1,1,1
1811,9,294,602,16,96,1,1,1
1812,9,293,603,16,94,1,1,1
1813,9,293,605,16,94,1,1,1
1814,9,293,605,16,94,1,1,1
1815,9,293,607,16,92,1,1,1
1816,9,293,607,16,94,1,1,1
1817,9,293,607,16,94,1,1,1
1818,9,292,610,16,94,1,1,1
1819,9,292,610,16,94,1,1,1
1820,9,292,611,16,92,1,1,1
1821,9,292,610,16,94,1,1,1
1822,9,292,612,16,94,1,1,1
1823,9,294,612,15,94,1,1,1
1824,9,294,613,15,94,1,1,1
1825,9,292,614,16,94,1,1,1
1826,9,292,614,16,94,1,1,1
1827,9,292,615,16,94,1,1,1
1828,9,292,615,16,94,1,1,1
1829,9,292,616,16,94,1,1,1
1830,9,292,616,16,92,1,1,1
1831,9,292,617,16,94,1,1,1
1832,9,293,617,15,94,1,1,1
1833,9,293,616,15,96,1,1,1
1834,9,292,616,16,97,1,1,1
1835,9,290,616,16,96,1,1,1
1836,9,289,617,20,94,1,1,1
1837,9,289,616,19,96,1,1,1
1838,9,289,616,20,96,1,1,1
1839,9,289,617,20,94,1,1,1
1840,9,288,618,20,92,1,1,1
1841,9,286,620,23,92,1,1,1
1842,9,286,621,24,90,1,1,1
1843,9,285,621,26,90,1,1,1
1844,9,282,625,28,85,1,1,1
1845,9,281,628,31,83,1,1,1
1846,9,278,629,32,81,1,1,1
1847,9,277,631,35,78,1,1,1
1848,9,276,632,36,76,1,1,1
1849,9,275,635,40,72,1,1,1
1850,9,274,637,42,69,1,1,1
1851,9,272,640,43,67,1,1,1
1852,9,272,640,45,65,1,1,1
1853,9,270,642,47,62,1,1,1
1854,9,271,643,48,60,1,1,1
1855,9,268,646,49,58,1,1,1
1856,9,267,647,52,56,1,1,1
1857,9,266,648,55,55,1,1,1
1858,9,266,648,55,53,1,1,1
1859,9,266,649,56,51,1,1,1
1860,9,263,649,60,51,1,1,1
1861,9,262,650,62,49,1,1,1
1862,9,262,649,63,51,1,1,1
1863,9,261,650,64,49,1,1,1
1864,9,260,650,65,49,1,1,1
1865,9,259,651,68,48,1,1,1
1866,9,258,651,70,48,1,1,1
1867,9,258,652,71,46,1,1,1
1868,9,256,654,75,44,1,1,1
1869,9,256,655,76,44,1,1,1
1870,9,256,655,77,44,1,1,1
1871,9,253,656,80,42,1,1,1
1872,9,252,656,81,42,1,1,1
1873,9,252,658,83,40,1,1,1
1874,9,252,659,84,39,1,1,1
1875,9,252,660,85,37,1,1,1
1876,9,250,662,87,37,1,1,1
1877,9,248,662,91,37,1,1,1
1878,9,248,665,91,33,1,1,1
1879,9,247,665,92,33,1,1,1
1880,9,248,667,92,30,1,1,1
1881,9,248,666,94,32,1,1,1
1882,9,246,667,95,30,1,1,1
1883,9,247,669,96,30,1,1,1
1884,9,247,669,96,30,1,1,1
1885,9,246,669,96,30,1,1,1
1886,9,246,670,96,30,1,1,1
1887,9,247,671,95,30,1,1,1
1888,9,247,673,95,28,1,1,1
1889,9,248,675,94,28,1,1,1
1890,9,248,674,94,30,1,1,1
1891,9,250,673,92,32,1,1,1
1892,9,251,672,91,35,1,1,1
1893,9,251,671,88,37,1,1,1
1894,9,251,670,87,39,1,1,1
1895,9,253,670,84,39,1,1,1
1896,9,255,668,80,42,1,1,1
1897,9,255,668,76,46,1,1,1
1898,9,256,667,72,48,1,1,1
1899,9,256,666,70,49,1,1,1
1900,9,258,664,65,51,1,1,1
1901,9,258,663,62,53,1,1,1
1902,9,260,662,59,55,1,1,1
1903,9,260,661,57,56,1,1,1
1904,9,260,661,56,56,1,1,1
1905,9,261,660,55,58,1,1,1
1906,9,260,659,54,60,1,1,1
1907,9,262,658,52,62,1,1,1
1908,9,261,657,51,64,1,1,1
1909,9,263,656,49,65,1,1,1
1910,9,263,656,49,67,1,1,1
1911,9,262,655,48,69,1,1,1
1912,9,262,654,47,71,1,1,1
1913,9,264,653,44,72,1,1,1
1914,9,264,652,45,74,1,1,1
1915,9,264,649,44,76,1,1,1
1916,9,264,649,43,76,1,1,1
1917,9,264,648,40,78,1,1,1
1918,9,264,646,40,83,1,1,1
1919,9,265,646,37,83,1,1,1
1920,9,265,645,36,85,1,1,1
1921,9,264,643,33,85,1,1,1
1922,9,265,643,32,88,1,1,1
1923,9,264,642,32,90,1,1,1
1924,9,264,641,30,92,1,1,1
1925,9,265,641,28,92,1,1,1
1926,9,266,641,24,92,1,1,1
1927,9,265,640,22,94,1,1,1
1928,9,267,640,19,94,1,1,1
1929,9,265,641,19,96,1,1,1
1930,9,267,640,16,97,1,1,1
1931,9,266,640,15,97,1,1,1
1932,9,266,640,15,97,1,1,1
1933,9,266,642,15,97,1,1,1
1934,9,266,642,15,97,1,1,1
1935,9,266,642,15,97,1,1,1
1936,9,266,643,15,99,1,1,1
1937,9,267,644,16,97,1,1,1
1938,9,267,646,16,97,1,1,1
1939,9,267,647,16,97,1,1,1
1940,9,267,647,16,99,1,1,1
1941,9,267,656,16,88,1,1,1
1942,9,266,648,16,97,1,1,1
1943,9,266,648,16,99,1,1,1
1944,9,266,649,16,97,1,1,1
1945,9,266,651,16,97,1,1,1
1946,9,266,651,16,97,1,1,1
1947,9,266,651,18,97,1,1,1
1948,9,266,653,18,97,1,1,1
1949,9,267,654,19,96,1,1,1
1950,9,266,653,20,97,1,1,1
1951,9,266,655,20,97,1,1,1
1952,9,266,655,20,97,1,1,1
1953,9,267,657,20,96,1,1,1
1954,9,267,657,20,96,1,1,1
1955,9,267,659,20,96,1,1,1
1956,9,267,660,22,94,1,1,1
1957,9,268,661,20,94,1,1,1
1958,9,268,662,20,94,1,1,1
1959,9,268,662,20,94,1,1,1
1960,9,267,662,22,94,1,1,1
1961,9,267,664,20,94,1,1,1
1962,9,267,664,20,94,1,1,1
1963,9,266,666,20,92,1,1,1
1964,9,267,666,19,92,1,1,1
1965,9,267,665,19,94,1,1,1
1966,9,267,667,19,94,1,1,1
1967,9,267,667,19,94,1,1,1
1968,9,267,667,19,94,1,1,1
1969,9,267,667,19,94,1,1,1
1970,9,267,667,19,94,1,1,1
1971,9,267,667,19,94,1,1,1
1972,9,267,666,19,96,1,1,1
1973,9,267,666,19,97,1,1,1
1974,9,267,668,19,96,1,1,1
1975,9,267,668,19,96,1,1,1
1976,9,266,667,20,97,1,1,1
1977,9,266,669,20,97,1,1,1
1978,9,266,669,20,97,1,1,1
1979,9,266,669,20,97,1,1,1
1980,9,266,669,20,97,1,1,1
1981,9,266,669,20,97,1,1,1
1982,9,266,670,20,99,1,1,1
1983,9,266,671,20,97,1,1,1
1984,9,266,671,20,97,1,1,1
1985,9,266,671,20,97,1,1,1
1986,9,266,671,20,97,1,1,1
1987,9,267,672,20,97,1,1,1
1988,9,266,672,20,97,1,1,1
1989,9,265,672,22,97,1,1,1
1990,9,267,672,20,99,1,1,1
1991,9,265,672,22,97,1,1,1
1992,9,265,672,22,97,1,1,1
1993,9,265,672,22,97,1,1,1
1994,9,265,672,22,99,1,1,1
1995,9,265,672,22,99,1,1,1
1996,9,265,673,22,99,1,1,1
1997,9,265,673,23,99,1,1,1
1998,9,265,673,23,99,1,1,1
1999,9,265,673,23,99,1,1,1
2000,9,265,673,23,99,1,1,1
2001,9,264,674,24,101,1,1,1
2002,9,264,675,24,99,1,1,1
2003,9,264,675,24,99,1,1,1
2004,9,264,675,24,99,1,1,1
2005,9,264,675,24,99,1,1,1
2006,9,264,675,24,99,1,1,1
2007,9,264,675,24,99,1,1,1
2008,9,264,677,24,99,1,1,1
2009,9,264,677,24,99,1,1,1
2010,9,264,677,24,99,1,1,1
2011,9,264,677,24,99,1,1,1
2012,9,265,677,24,99,1,1,1
2013,9,265,679,24,99,1,1,1
2014,9,264,679,24,99,1,1,1
2015,9,266,679,24,99,1,1,1
2016,9,266,680,24,97,1,1,1
2017,9,266,679,24,99,1,1,1
2018,9,266,679,24,99,1,1,1
2019,9,266,681,24,97,1,1,1
2020,9,266,680,24,99,1,1,1
2021,9,266,680,24,99,1,1,1
2022,9,266,680,24,99,1,1,1
2023,9,266,680,24,99,1,1,1
2024,9,266,680,24,99,1,1,1
2025,9,266,681,24,99,1,1,1
2026,9,266,681,24,99,1,1,1
2027,9,266,681,24,99,1,1,1
2028,9,266,681,23,99,1,1,1
2029,9,266,681,23,99,1,1,1
2030,9,267,682,24,99,1,1,1
2031,9,267,682,23,99,1,1,1
2032,9,267,682,23,99,1,1,1
2033,9,267,682,23,99,1,1,1
2034,9,267,682,23,99,1,1,1
2035,9,268,682,22,99,1,1,1
2036,9,268,682,22,99,1,1,1
2037,9,269,682,22,99,1,1,1
2038,9,269,682,22,99,1,1,1
2039,9,269,682,23,99,1,1,1
2040,9,269,682,23,99,1,1,1
2041,9,268,682,22,99,1,1,1
2042,9,267,681,23,99,1,1,1
2043,9,267,680,23,99,1,1,1
2044,9,268,680,22,99,1,1,1
2045,9,268,680,22,99,1,1,1
2046,9,268,680,22,99,1,1,1
2047,9,268,680,22,99,1,1,1
2048,9,270,681,20,97,1,1,1
2049,9,268,681,22,97,1,1,1
2050,9,268,681,20,97,1,1,1
2051,9,268,679,22,99,1,1,1
2052,9,267,679,23,99,1,1,1
2053,9,267,679,23,99,1,1,1
2054,9,268,678,20,99,1,1,1
2055,9,268,678,20,99,1,1,1
2056,9,268,677,20,99,1,1,1
2057,9,268,677,22,99,1,1,1
2058,9,267,677,23,99,1,1,1
2059,9,268,677,22,99,1,1,1
2060,9,266,677,23,99,1,1,1
2061,9,267,677,24,99,1,1,1
2062,9,266,677,24,99,1,1,1
2063,9,266,677,24,99,1,1,1
2064,9,266,678,24,97,1,1,1
2065,9,265,678,28,97,1,1,1
2066,9,265,678,26,97,1,1,1
2067,9,264,678,28,97,1,1,1
2068,9,264,678,28,97,1,1,1
2069,9,266,678,26,97,1,1,1
2070,9,268,678,24,97,1,1,1
2071,9,269,678,24,97,1,1,1
2072,9,270,678,23,97,1,1,1
2073,9,271,678,24,97,1,1,1
2074,9,270,678,24,97,1,1,1
2075,9,270,695,26,81,1,1,1
2076,9,270,698,26,78,1,1,1
2077,9,270,680,28,96,1,1,1
2078,9,270,681,28,94,1,1,1
2079,9,269,683,31,94,1,1,1
2080,9,269,684,31,92,1,1,1
2081,9,268,687,32,90,1,1,1
2082,9,268,688,33,90,1,1,1
2083,9,266,689,36,88,1,1,1
2084,9,266,691,36,88,1,1,1
1,10,794,678,93,64,1,1,1
2,10,794,678,92,62,1,1,1
3,10,794,678,92,62,1,1,1
4,10,794,677,92,62,1,1,1
5,10,795,678,91,62,1,1,1
6,10,794,678,92,62,1,1,1
7,10,795,677,91,62,1,1,1
8,10,794,677,92,62,1,1,1
9,10,792,678,92,62,1,1,1
10,10,792,678,92,62,1,1,1
11,10,793,677,92,64,1,1,1
12,10,793,678,92,62,1,1,1
13,10,793,678,92,62,1,1,1
14,10,793,678,92,62,1,1,1
15,10,792,678,92,62,1,1,1
16,10,792,678,92,62,1,1,1
17,10,792,678,92,62,1,1,1
18,10,791,678,92,62,1,1,1
19,10,791,676,92,65,1,1,1
20,10,791,678,92,62,1,1,1
21,10,791,677,92,64,1,1,1
22,10,790,677,92,64,1,1,1
23,10,790,677,92,64,1,1,1
24,10,790,679,92,62,1,1,1
25,10,790,677,92,64,1,1,1
26,10,790,677,92,64,1,1,1
27,10,790,679,92,62,1,1,1
28,10,790,679,92,62,1,1,1
29,10,790,679,92,62,1,1,1
30,10,790,679,92,62,1,1,1
31,10,790,679,92,64,1,1,1
32,10,790,679,92,64,1,1,1
33,10,790,679,92,64,1,1,1
34,10,788,679,94,64,1,1,1
35,10,788,679,92,64,1,1,1
36,10,790,679,92,64,1,1,1
37,10,790,679,92,64,1,1,1
38,10,788,679,92,64,1,1,1
39,10,788,679,92,64,1,1,1
40,10,788,679,92,64,1,1,1
41,10,789,679,92,64,1,1,1
42,10,789,679,92,64,1,1,1
43,10,788,679,91,64,1,1,1
44,10,788,679,91,64,1,1,1
45,10,788,679,91,64,1,1,1
46,10,788,679,92,64,1,1,1
47,10,787,680,91,62,1,1,1
48,10,788,678,92,65,1,1,1
49,10,788,679,92,64,1,1,1
50,10,788,679,92,64,1,1,1
51,10,787,679,91,64,1,1,1
52,10,787,679,91,64,1,1,1
53,10,786,679,92,64,1,1,1
54,10,788,678,89,65,1,1,1
55,10,787,678,91,65,1,1,1
56,10,788,678,89,65,1,1,1
57,10,786,677,92,67,1,1,1
58,10,787,677,91,67,1,1,1
59,10,787,677,89,67,1,1,1
60,10,786,677,88,67,1,1,1
61,10,786,680,87,65,1,1,1
62,10,787,685,75,58,1,1,1
63,10,786,685,76,58,1,1,1
64,10,786,686,76,60,1,1,1
65,10,786,683,79,62,1,1,1
66,10,785,680,84,65,1,1,1
67,10,785,680,87,65,1,1,1
68,10,784,682,84,64,1,1,1
69,10,784,679,88,67,1,1,1
70,10,784,680,88,65,1,1,1
71,10,784,679,89,67,1,1,1
72,10,784,680,89,65,1,1,1
73,10,784,682,88,64,1,1,1
74,10,784,683,88,62,1,1,1
75,10,784,683,88,62,1,1,1
76,10,784,684,89,64,1,1,1
77,10,782,682,92,64,1,1,1
78,10,782,682,92,65,1,1,1
79,10,784,682,91,65,1,1,1
80,10,784,684,91,64,1,1,1
81,10,783,683,92,65,1,1,1
82,10,782,683,92,65,1,1,1
83,10,783,684,91,64,1,1,1
84,10,783,685,91,62,1,1,1
85,10,782,686,92,62,1,1,1
86,10,783,686,91,62,1,1,1
87,10,783,686,91,62,1,1,1
88,10,783,686,91,62,1,1,1
89,10,783,686,91,62,1,1,1
90,10,783,686,91,62,1,1,1
91,10,782,686,92,64,1,1,1
92,10,783,687,91,62,1,1,1
93,10,783,687,91,62,1,1,1
94,10,782,687,92,62,1,1,1
95,10,781,687,91,62,1,1,1
96,10,781,687,91,62,1,1,1
97,10,781,687,91,62,1,1,1
98,10,781,687,92,62,1,1,1
99,10,780,688,91,62,1,1,1
100,10,781,686,92,64,1,1,1
101,10,781,686,92,64,1,1,1
102,10,780,686,92,64,1,1,1
103,10,781,686,92,64,1,1,1
104,10,779,686,92,64,1,1,1
105,10,779,686,92,64,1,1,1
106,10,779,686,92,64,1,1,1
107,10,779,686,92,64,1,1,1
108,10,779,686,92,64,1,1,1
109,10,778,686,92,64,1,1,1
110,10,779,686,91,64,1,1,1
111,10,779,685,89,65,1,1,1
112,10,778,685,88,65,1,1,1
113,10,778,685,88,65,1,1,1
114,10,779,685,88,65,1,1,1
115,10,778,685,88,65,1,1,1
116,10,778,685,88,65,1,1,1
117,10,778,685,88,65,1,1,1
118,10,777,685,87,65,1,1,1
119,10,777,684,87,67,1,1,1
120,10,777,684,87,67,1,1,1
121,10,777,684,87,67,1,1,1
122,10,776,684,84,67,1,1,1
123,10,775,684,87,67,1,1,1
124,10,775,683,87,69,1,1,1
125,10,776,681,85,69,1,1,1
126,10,776,682,85,67,1,1,1
127,10,776,683,84,69,1,1,1
128,10,775,683,84,69,1,1,1
129,10,775,683,84,69,1,1,1
130,10,776,681,83,69,1,1,1
131,10,775,681,84,69,1,1,1
132,10,776,680,84,71,1,1,1
133,10,776,680,83,71,1,1,1
134,10,775,681,84,69,1,1,1
135,10,774,681,85,69,1,1,1
136,10,775,681,84,69,1,1,1
137,10,774,680,85,71,1,1,1
138,10,774,680,85,71,1,1,1
139,10,774,680,84,71,1,1,1
140,10,774,680,84,71,1,1,1
141,10,774,680,84,71,1,1,1
142,10,774,680,84,71,1,1,1
143,10,772,680,84,71,1,1,1
144,10,773,679,84,74,1,1,1
145,10,773,694,71,58,1,1,1
146,10,773,695,71,56,1,1,1
147,10,772,697,72,55,1,1,1
148,10,772,695,72,56,1,1,1
149,10,772,695,72,56,1,1,1
150,10,773,695,71,56,1,1,1
151,10,772,698,72,53,1,1,1
152,10,773,695,71,56,1,1,1
153,10,773,695,71,56,1,1,1
154,10,773,695,71,56,1,1,1
155,10,772,695,72,56,1,1,1
156,10,772,696,72,56,1,1,1
157,10,772,695,72,56,1,1,1
158,10,772,696,72,56,1,1,1
159,10,772,696,72,56,1,1,1
160,10,772,694,72,58,1,1,1
161,10,771,693,74,60,1,1,1
162,10,771,694,74,58,1,1,1
163,10,770,694,74,58,1,1,1
164,10,770,689,79,64,1,1,1
165,10,770,690,77,62,1,1,1
166,10,771,690,76,62,1,1,1
167,10,770,688,79,65,1,1,1
168,10,770,687,80,65,1,1,1
169,10,771,686,83,67,1,1,1
170,10,770,686,84,67,1,1,1
171,10,770,686,84,67,1,1,1
172,10,770,686,84,67,1,1,1
173,10,770,686,84,67,1,1,1
174,10,770,686,84,67,1,1,1
175,10,768,686,84,67,1,1,1
176,10,769,685,87,69,1,1,1
177,10,769,685,85,69,1,1,1
178,10,769,685,87,69,1,1,1
179,10,769,685,87,69,1,1,1
180,10,769,687,87,67,1,1,1
181,10,769,687,87,67,1,1,1
182,10,769,687,85,67,1,1,1
183,10,769,687,87,67,1,1,1
184,10,768,687,88,69,1,1,1
185,10,769,687,88,67,1,1,1
186,10,769,688,89,67,1,1,1
187,10,769,688,88,67,1,1,1
188,10,769,688,89,67,1,1,1
189,10,768,690,88,65,1,1,1
190,10,768,690,89,65,1,1,1
191,10,768,690,89,65,1,1,1
192,10,767,690,91,65,1,1,1
193,10,767,690,91,65,1,1,1
194,10,767,690,91,65,1,1,1
195,10,767,691,91,64,1,1,1
196,10,766,691,92,64,1,1,1
197,10,767,692,91,65,1,1,1
198,10,766,693,92,64,1,1,1
199,10,768,692,92,65,1,1,1
200,10,767,692,91,65,1,1,1
201,10,766,692,92,65,1,1,1
202,10,766,692,92,65,1,1,1
203,10,767,693,91,64,1,1,1
204,10,767,692,94,65,1,1,1
205,10,766,693,92,64,1,1,1
206,10,767,693,91,64,1,1,1
207,10,768,695,88,62,1,1,1
208,10,768,696,88,62,1,1,1
209,10,767,696,89,62,1,1,1
210,10,766,696,88,62,1,1,1
211,10,766,696,88,62,1,1,1
212,10,766,697,87,62,1,1,1
213,10,766,697,88,62,1,1,1
214,10,765,697,88,62,1,1,1
215,10,765,696,88,62,1,1,1
216,10,766,696,85,64,1,1,1
217,10,766,694,87,65,1,1,1
218,10,766,695,85,64,1,1,1
219,10,766,694,85,65,1,1,1
220,10,765,694,87,65,1,1,1
221,10,765,694,87,65,1,1,1
222,10,765,694,87,65,1,1,1
223,10,765,694,85,65,1,1,1
224,10,765,694,85,65,1,1,1
225,10,765,694,85,65,1,1,1
226,10,765,694,85,65,1,1,1
227,10,763,694,87,65,1,1,1
228,10,765,694,85,65,1,1,1
229,10,765,694,85,65,1,1,1
230,10,763,694,87,65,1,1,1
231,10,764,694,84,65,1,1,1
232,10,763,694,87,65,1,1,1
233,10,763,693,87,67,1,1,1
234,10,763,693,87,67,1,1,1
235,10,764,693,85,67,1,1,1
236,10,764,693,85,67,1,1,1
237,10,764,693,85,67,1,1,1
238,10,764,693,85,67,1,1,1
239,10,764,692,84,69,1,1,1
240,10,764,692,84,69,1,1,1
241,10,764,692,84,69,1,1,1
242,10,764,690,85,69,1,1,1
243,10,764,690,85,69,1,1,1
244,10,762,692,87,69,1,1,1
245,10,762,692,85,69,1,1,1
246,10,763,690,84,69,1,1,1
247,10,763,691,84,71,1,1,1
248,10,763,691,84,71,1,1,1
249,10,761,691,85,71,1,1,1
250,10,762,689,84,71,1,1,1
251,10,762,689,84,71,1,1,1
252,10,762,689,84,71,1,1,1
253,10,762,689,84,71,1,1,1
254,10,762,689,84,71,1,1,1
255,10,762,689,84,71,1,1,1
256,10,760,689,84,71,1,1,1
257,10,761,688,84,74,1,1,1
258,10,761,688,84,72,1,1,1
259,10,760,688,84,74,1,1,1
260,10,761,688,84,74,1,1,1
261,10,761,688,84,74,1,1,1
262,10,761,688,84,74,1,1,1
263,10,761,688,84,74,1,1,1
264,10,760,688,84,74,1,1,1
265,10,760,688,83,74,1,1,1
266,10,759,688,83,74,1,1,1
267,10,759,688,83,74,1,1,1
268,10,761,688,81,74,1,1,1
269,10,759,688,83,74,1,1,1
270,10,759,687,83,76,1,1,1
271,10,760,687,80,76,1,1,1
272,10,760,687,80,76,1,1,1
273,10,760,687,80,76,1,1,1
274,10,759,687,81,76,1,1,1
275,10,759,687,81,76,1,1,1
276,10,759,687,81,76,1,1,1
277,10,759,687,81,76,1,1,1
278,10,759,687,80,76,1,1,1
279,10,759,687,80,76,1,1,1
280,10,759,687,80,76,1,1,1
281,10,758,687,79,76,1,1,1
282,10,758,687,79,76,1,1,1
283,10,758,687,79,76,1,1,1
284,10,758,687,79,76,1,1,1
285,10,758,687,79,76,1,1,1
286,10,758,687,79,76,1,1,1
287,10,758,687,79,76,1,1,1
288,10,758,687,79,76,1,1,1
289,10,758,686,79,78,1,1,1
290,10,758,687,77,76,1,1,1
291,10,758,687,77,76,1,1,1
292,10,758,686,77,78,1,1,1
293,10,758,687,76,76,1,1,1
294,10,757,687,77,76,1,1,1
295,10,757,687,77,76,1,1,1
296,10,757,687,77,76,1,1,1
297,10,757,687,77,76,1,1,1
298,10,757,687,77,76,1,1,1
299,10,757,687,77,76,1,1,1
300,10,756,687,76,76,1,1,1
301,10,756,686,76,78,1,1,1
302,10,756,686,76,78,1,1,1
303,10,756,686,76,78,1,1,1
304,10,756,686,76,78,1,1,1
305,10,756,686,76,78,1,1,1
306,10,756,686,76,78,1,1,1
307,10,756,686,76,78,1,1,1
308,10,756,686,76,78,1,1,1
309,10,756,686,77,78,1,1,1
310,10,756,686,77,78,1,1,1
311,10,756,685,77,80,1,1,1
312,10,756,685,77,80,1,1,1
313,10,756,686,77,78,1,1,1
314,10,754,688,79,76,1,1,1
315,10,754,686,79,78,1,1,1
316,10,754,688,79,76,1,1,1
317,10,754,688,79,78,1,1,1
318,10,754,686,79,78,1,1,1
319,10,755,686,77,78,1,1,1
320,10,754,686,79,78,1,1,1
321,10,754,688,80,76,1,1,1
322,10,753,688,79,76,1,1,1
323,10,754,688,80,76,1,1,1
324,10,754,688,80,76,1,1,1
325,10,753,688,79,76,1,1,1
326,10,753,688,79,76,1,1,1
327,10,753,688,79,76,1,1,1
328,10,753,690,79,76,1,1,1
329,10,753,691,79,74,1,1,1
330,10,753,691,79,74,1,1,1
331,10,752,691,80,74,1,1,1
332,10,752,691,80,74,1,1,1
333,10,752,691,80,74,1,1,1
334,10,753,692,79,72,1,1,1
335,10,753,692,79,72,1,1,1
336,10,753,692,79,72,1,1,1
337,10,753,692,79,72,1,1,1
338,10,753,691,79,74,1,1,1
339,10,753,692,79,72,1,1,1
340,10,752,691,80,74,1,1,1
341,10,752,693,80,74,1,1,1
342,10,752,693,80,74,1,1,1
343,10,752,691,80,74,1,1,1
344,10,752,691,80,74,1,1,1
345,10,752,691,80,74,1,1,1
346,10,752,691,80,74,1,1,1
347,10,752,693,80,74,1,1,1
348,10,752,693,80,74,1,1,1
349,10,750,693,80,74,1,1,1
350,10,750,693,80,74,1,1,1
351,10,750,693,80,74,1,1,1
352,10,750,693,80,74,1,1,1
353,10,750,693,80,74,1,1,1
354,10,750,693,80,74,1,1,1
355,10,751,693,81,74,1,1,1
356,10,751,693,81,74,1,1,1
357,10,751,692,81,76,1,1,1
358,10,749,693,83,74,1,1,1
359,10,750,693,80,74,1,1,1
360,10,750,693,80,74,1,1,1
361,10,750,693,81,74,1,1,1
362,10,750,693,81,74,1,1,1
363,10,750,692,81,76,1,1,1
364,10,750,692,81,76,1,1,1
365,10,750,692,81,76,1,1,1
366,10,750,692,81,76,1,1,1
367,10,750,692,81,76,1,1,1
368,10,750,692,81,76,1,1,1
369,10,749,692,83,76,1,1,1
370,10,748,693,83,74,1,1,1
371,10,748,693,83,74,1,1,1
372,10,748,692,83,76,1,1,1
373,10,748,692,83,76,1,1,1
374,10,748,694,83,76,1,1,1
375,10,748,693,83,74,1,1,1
376,10,748,694,83,76,1,1,1
377,10,749,695,81,74,1,1,1
378,10,749,695,81,74,1,1,1
379,10,749,695,81,74,1,1,1
380,10,748,693,83,74,1,1,1
381,10,748,694,83,76,1,1,1
382,10,748,695,83,74,1,1,1
383,10,748,694,83,76,1,1,1
384,10,748,695,83,74,1,1,1
385,10,748,695,83,74,1,1,1
386,10,748,695,84,74,1,1,1
387,10,748,694,83,76,1,1,1
388,10,748,696,83,74,1,1,1
389,10,748,696,83,74,1,1,1
390,10,748,697,81,72,1,1,1
391,10,748,697,81,72,1,1,1
392,10,748,697,81,72,1,1,1
393,10,747,696,83,74,1,1,1
394,10,747,696,83,74,1,1,1
395,10,747,697,83,72,1,1,1
396,10,747,696,83,74,1,1,1
397,10,747,696,83,74,1,1,1
398,10,747,697,81,72,1,1,1
399,10,746,697,84,72,1,1,1
400,10,746,696,84,74,1,1,1
401,10,746,696,84,74,1,1,1
402,10,746,696,84,74,1,1,1
403,10,746,696,84,74,1,1,1
404,10,744,697,84,72,1,1,1
405,10,746,697,84,72,1,1,1
406,10,746,697,84,72,1,1,1
407,10,746,697,84,72,1,1,1
408,10,744,698,84,71,1,1,1
409,10,744,699,84,72,1,1,1
410,10,744,697,84,74,1,1,1
411,10,745,697,84,74,1,1,1
412,10,745,697,84,74,1,1,1
413,10,745,697,84,74,1,1,1
414,10,744,697,84,74,1,1,1
415,10,743,697,84,74,1,1,1
416,10,744,697,84,74,1,1,1
417,10,744,697,84,74,1,1,1
418,10,744,698,84,74,1,1,1
419,10,744,699,84,72,1,1,1
420,10,744,699,84,72,1,1,1
421,10,744,699,84,72,1,1,1
422,10,744,699,84,72,1,1,1
423,10,744,697,84,74,1,1,1
424,10,743,699,84,72,1,1,1
425,10,743,699,84,72,1,1,1
426,10,743,700,84,71,1,1,1
427,10,742,698,84,74,1,1,1
428,10,742,699,84,72,1,1,1
429,10,742,698,84,74,1,1,1
430,10,742,699,84,72,1,1,1
431,10,741,698,85,74,1,1,1
432,10,741,698,85,74,1,1,1
433,10,741,698,85,74,1,1,1
434,10,742,698,84,74,1,1,1
435,10,742,698,84,74,1,1,1
436,10,742,699,84,72,1,1,1
437,10,741,699,83,72,1,1,1
438,10,741,699,83,72,1,1,1
439,10,741,699,84,72,1,1,1
440,10,740,699,83,72,1,1,1
441,10,740,699,83,72,1,1,1
442,10,741,699,84,72,1,1,1
443,10,740,699,84,72,1,1,1
444,10,740,699,83,72,1,1,1
445,10,739,699,83,72,1,1,1
446,10,739,698,83,74,1,1,1
447,10,739,698,83,74,1,1,1
448,10,740,700,81,74,1,1,1
449,10,740,700,81,74,1,1,1
450,10,740,698,81,74,1,1,1
451,10,740,698,81,74,1,1,1
452,10,740,697,81,76,1,1,1
453,10,740,697,81,76,1,1,1
454,10,739,697,83,76,1,1,1
455,10,740,697,81,76,1,1,1
456,10,739,697,83,76,1,1,1
457,10,739,697,81,76,1,1,1
458,10,739,697,83,76,1,1,1
459,10,739,697,83,76,1,1,1
460,10,739,697,81,76,1,1,1
461,10,738,697,80,76,1,1,1
462,10,738,697,80,76,1,1,1
463,10,739,697,81,76,1,1,1
464,10,738,697,80,76,1,1,1
465,10,738,697,80,76,1,1,1
466,10,739,697,81,76,1,1,1
467,10,739,697,81,76,1,1,1
468,10,738,697,80,76,1,1,1
469,10,739,697,80,76,1,1,1
470,10,739,697,80,76,1,1,1
471,10,739,697,80,76,1,1,1
472,10,737,697,80,76,1,1,1
473,10,738,697,79,76,1,1,1
474,10,738,697,79,76,1,1,1
475,10,738,697,79,76,1,1,1
476,10,738,695,79,78,1,1,1
477,10,738,695,79,78,1,1,1
478,10,737,695,79,78,1,1,1
479,10,736,695,80,78,1,1,1
480,10,737,697,79,76,1,1,1
481,10,738,697,77,76,1,1,1
482,10,738,696,76,78,1,1,1
483,10,738,697,76,76,1,1,1
484,10,738,699,76,76,1,1,1
485,10,738,699,76,76,1,1,1
486,10,737,697,77,76,1,1,1
487,10,738,703,76,72,1,1,1
488,10,737,700,79,74,1,1,1
489,10,736,704,80,71,1,1,1
490,10,737,706,80,69,1,1,1
491,10,736,708,81,69,1,1,1
492,10,735,705,84,71,1,1,1
493,10,735,710,84,65,1,1,1
494,10,734,712,87,65,1,1,1
495,10,734,715,87,62,1,1,1
496,10,734,715,87,62,1,1,1
497,10,735,715,89,62,1,1,1
498,10,733,716,92,60,1,1,1
499,10,733,718,92,60,1,1,1
500,10,733,717,88,58,1,1,1
501,10,733,717,88,58,1,1,1
502,10,733,717,84,58,1,1,1
503,10,727,718,83,60,1,1,1
504,10,727,717,81,59,1,1,1
505,10,725,714,85,64,1,1,1
506,10,725,716,79,61,1,1,1
507,10,723,711,89,65,1,1,1
508,10,722,709,90,68,1,1,1
509,10,721,710,86,67,1,1,1
510,10,722,709,85,70,1,1,1
511,10,720,709,84,68,1,1,1
512,10,718,709,84,68,1,1,1
513,10,718,710,84,66,1,1,1
514,10,718,710,81,66,1,1,1
515,10,716,711,82,66,1,1,1
516,10,715,710,83,68,1,1,1
517,10,716,711,83,68,1,1,1
518,10,714,712,84,65,1,1,1
519,10,715,713,83,63,1,1,1
520,10,715,715,83,62,1,1,1
521,10,714,717,82,58,1,1,1
522,10,713,719,83,57,1,1,1
523,10,712,720,85,58,1,1,1
524,10,712,716,84,60,1,1,1
525,10,712,719,87,56,1,1,1
526,10,712,721,84,56,1,1,1
527,10,710,721,85,56,1,1,1
528,10,709,721,87,56,1,1,1
529,10,708,721,88,56,1,1,1
530,10,708,722,88,55,1,1,1
531,10,706,727,93,49,1,1,1
532,10,705,729,92,46,1,1,1
533,10,707,734,92,46,1,1,1
534,10,705,735,93,41,1,1,1
535,10,705,731,93,44,1,1,1
536,10,704,733,92,44,1,1,1
537,10,703,734,96,42,1,1,1
538,10,702,734,96,42,1,1,1
539,10,700,737,96,39,1,1,1
540,10,699,739,98,39,1,1,1
541,10,699,737,98,39,1,1,1
542,10,697,736,103,41,1,1,1
543,10,699,737,103,41,1,1,1
544,10,696,743,102,35,1,1,1
545,10,697,743,100,35,1,1,1
546,10,695,738,106,41,1,1,1
547,10,695,738,106,41,1,1,1
548,10,694,744,102,34,1,1,1
549,10,695,744,105,35,1,1,1
550,10,691,749,105,30,1,1,1
551,10,694,744,107,35,1,1,1
552,10,691,743,109,34,1,1,1
553,10,691,743,107,36,1,1,1
554,10,690,749,107,28,1,1,1
555,10,688,750,109,27,1,1,1
556,10,688,750,109,27,1,1,1
557,10,688,750,109,29,1,1,1
558,10,688,749,109,28,1,1,1
559,10,688,750,109,27,1,1,1
560,10,687,751,109,26,1,1,1
561,10,686,751,109,26,1,1,1
562,10,686,750,110,27,1,1,1
563,10,684,751,111,27,1,1,1
564,10,685,753,110,24,1,1,1
565,10,684,753,108,24,1,1,1
566,10,682,752,113,25,1,1,1
567,10,682,754,109,23,1,1,1
568,10,682,756,111,23,1,1,1
569,10,680,756,111,23,1,1,1
570,10,680,757,111,22,1,1,1
571,10,680,755,109,22,1,1,1
572,10,682,757,105,24,1,1,1
573,10,677,755,112,27,1,1,1
574,10,681,759,104,23,1,1,1
575,10,677,756,112,27,1,1,1
576,10,675,757,112,24,1,1,1
577,10,676,759,112,21,1,1,1
578,10,675,759,114,23,1,1,1
579,10,675,759,111,22,1,1,1
580,10,675,757,112,24,1,1,1
581,10,673,758,112,25,1,1,1
582,10,673,756,110,25,1,1,1
583,10,673,760,113,22,1,1,1
584,10,672,759,113,24,1,1,1
585,10,671,759,114,22,1,1,1
586,10,671,759,113,24,1,1,1
587,10,671,758,115,25,1,1,1
588,10,671,758,109,25,1,1,1
589,10,670,760,113,21,1,1,1
590,10,670,760,111,22,1,1,1
591,10,667,760,111,20,1,1,1
592,10,666,759,113,22,1,1,1
593,10,667,757,107,25,1,1,1
594,10,667,759,110,22,1,1,1
595,10,667,760,108,22,1,1,1
596,10,666,759,110,23,1,1,1
597,10,664,760,108,22,1,1,1
598,10,664,760,112,23,1,1,1
599,10,664,758,107,25,1,1,1
600,10,663,760,107,23,1,1,1
601,10,663,761,107,21,1,1,1
602,10,663,759,111,24,1,1,1
603,10,661,761,112,20,1,1,1
604,10,661,761,110,22,1,1,1
605,10,660,762,113,21,1,1,1
606,10,661,762,112,22,1,1,1
607,10,660,762,112,22,1,1,1
608,10,660,762,116,22,1,1,1
609,10,659,762,115,22,1,1,1
610,10,659,762,113,21,1,1,1
611,10,658,762,114,21,1,1,1
612,10,656,762,112,21,1,1,1
613,10,657,762,115,23,1,1,1
614,10,657,762,110,21,1,1,1
615,10,657,761,109,21,1,1,1
616,10,656,761,107,21,1,1,1
617,10,656,761,113,21,1,1,1
618,10,654,761,113,23,1,1,1
619,10,654,762,116,21,1,1,1
620,10,654,762,118,22,1,1,1
621,10,653,762,113,21,1,1,1
622,10,652,762,110,21,1,1,1
623,10,653,762,113,21,1,1,1
624,10,651,762,112,22,1,1,1
625,10,652,762,111,22,1,1,1
626,10,650,762,114,23,1,1,1
627,10,651,761,110,24,1,1,1
628,10,651,761,109,22,1,1,1
629,10,650,762,112,22,1,1,1
630,10,648,763,111,21,1,1,1
631,10,648,761,109,23,1,1,1
632,10,647,761,112,24,1,1,1
633,10,648,761,103,24,1,1,1
634,10,648,762,100,21,1,1,1
635,10,648,761,98,22,1,1,1
636,10,647,761,100,23,1,1,1
637,10,647,761,101,24,1,1,1
638,10,647,761,102,24,1,1,1
639,10,645,761,102,23,1,1,1
640,10,646,761,101,24,1,1,1
641,10,646,761,102,23,1,1,1
642,10,644,761,100,23,1,1,1
643,10,644,761,96,23,1,1,1
644,10,644,761,96,22,1,1,1
645,10,644,763,100,20,1,1,1
646,10,644,760,99,21,1,1,1
647,10,643,760,101,21,1,1,1
648,10,641,758,103,23,1,1,1
649,10,642,758,101,23,1,1,1
650,10,640,760,104,21,1,1,1
651,10,640,760,107,21,1,1,1
652,10,640,760,107,21,1,1,1
653,10,641,761,105,19,1,1,1
654,10,640,761,108,19,1,1,1
655,10,640,761,108,19,1,1,1
656,10,640,761,108,19,1,1,1
657,10,638,761,108,19,1,1,1
658,10,638,761,108,19,1,1,1
659,10,638,761,108,19,1,1,1
660,10,638,763,105,19,1,1,1
661,10,638,761,108,19,1,1,1
662,10,638,761,105,19,1,1,1
663,10,636,761,107,19,1,1,1
664,10,636,763,105,19,1,1,1
665,10,636,763,107,19,1,1,1
666,10,636,763,107,19,1,1,1
667,10,636,763,105,19,1,1,1
668,10,636,763,105,19,1,1,1
669,10,634,763,108,19,1,1,1
670,10,634,763,108,19,1,1,1
671,10,634,763,108,19,1,1,1
672,10,633,763,107,19,1,1,1
673,10,633,762,107,21,1,1,1
674,10,633,763,107,19,1,1,1
675,10,632,762,107,21,1,1,1
676,10,632,762,107,21,1,1,1
677,10,632,762,107,21,1,1,1
678,10,632,763,107,23,1,1,1
679,10,631,762,108,21,1,1,1
680,10,631,763,108,23,1,1,1
681,10,630,762,108,21,1,1,1
682,10,630,762,108,21,1,1,1
683,10,631,762,108,21,1,1,1
684,10,629,762,107,21,1,1,1
685,10,629,762,107,21,1,1,1
686,10,630,761,108,23,1,1,1
687,10,629,760,107,24,1,1,1
688,10,629,760,107,24,1,1,1
689,10,630,760,105,24,1,1,1
690,10,629,760,108,24,1,1,1
691,10,629,759,105,24,1,1,1
692,10,629,762,105,21,1,1,1
693,10,629,760,105,24,1,1,1
694,10,628,760,108,24,1,1,1
695,10,627,760,107,24,1,1,1
696,10,627,762,107,21,1,1,1
697,10,627,762,107,21,1,1,1
698,10,627,762,107,21,1,1,1
699,10,627,761,107,24,1,1,1
700,10,626,762,108,21,1,1,1
701,10,626,762,108,21,1,1,1
702,10,625,761,107,23,1,1,1
703,10,626,762,105,21,1,1,1
704,10,624,760,107,26,1,1,1
705,10,624,761,107,24,1,1,1
706,10,624,761,107,24,1,1,1
707,10,623,760,108,26,1,1,1
708,10,623,761,108,23,1,1,1
709,10,623,760,108,24,1,1,1
710,10,623,762,108,21,1,1,1
711,10,622,758,108,26,1,1,1
712,10,623,758,107,26,1,1,1
713,10,622,760,108,24,1,1,1
714,10,622,758,108,26,1,1,1
715,10,621,758,107,26,1,1,1
716,10,621,758,107,26,1,1,1
717,10,622,760,105,24,1,1,1
718,10,622,759,105,24,1,1,1
719,10,622,757,105,28,1,1,1
720,10,621,760,105,24,1,1,1
721,10,621,760,105,24,1,1,1
722,10,621,760,105,24,1,1,1
723,10,621,762,105,21,1,1,1
724,10,619,762,107,21,1,1,1
725,10,619,762,107,21,1,1,1
726,10,620,763,105,23,1,1,1
727,10,620,761,105,23,1,1,1
728,10,620,762,105,24,1,1,1
729,10,619,760,107,26,1,1,1
730,10,619,760,105,26,1,1,1
731,10,618,761,104,26,1,1,1
732,10,617,760,107,26,1,1,1
733,10,618,759,105,28,1,1,1
734,10,618,758,105,30,1,1,1
735,10,618,758,105,28,1,1,1
736,10,618,759,105,28,1,1,1
737,10,618,759,105,28,1,1,1
738,10,616,758,107,30,1,1,1
739,10,616,759,107,28,1,1,1
740,10,616,759,107,28,1,1,1
741,10,616,760,105,26,1,1,1
742,10,616,760,105,24,1,1,1
743,10,615,759,107,28,1,1,1
744,10,615,759,107,28,1,1,1
745,10,615,760,105,26,1,1,1
746,10,615,758,105,30,1,1,1
747,10,615,758,105,30,1,1,1
748,10,614,759,105,28,1,1,1
749,10,614,760,105,26,1,1,1
750,10,612,760,107,26,1,1,1
751,10,612,760,105,26,1,1,1
752,10,612,762,105,24,1,1,1
753,10,612,762,105,24,1,1,1
754,10,612,759,105,28,1,1,1
755,10,612,759,107,28,1,1,1
756,10,612,760,107,26,1,1,1
757,10,611,760,105,26,1,1,1
758,10,611,760,105,26,1,1,1
759,10,611,760,105,26,1,1,1
760,10,611,760,105,26,1,1,1
761,10,611,760,107,26,1,1,1
762,10,611,759,107,28,1,1,1
763,10,611,760,107,26,1,1,1
764,10,611,760,107,26,1,1,1
765,10,611,759,105,26,1,1,1
766,10,609,759,107,26,1,1,1
767,10,610,759,108,26,1,1,1
768,10,609,759,107,26,1,1,1
769,10,609,760,107,26,1,1,1
770,10,609,760,107,26,1,1,1
771,10,609,760,108,26,1,1,1
772,10,609,758,108,30,1,1,1
773,10,609,757,108,32,1,1,1
774,10,608,758,108,30,1,1,1
775,10,608,760,108,28,1,1,1
776,10,608,759,108,28,1,1,1
777,10,607,759,107,28,1,1,1
778,10,607,756,107,30,1,1,1
779,10,606,759,108,28,1,1,1
780,10,606,758,108,28,1,1,1
781,10,606,757,108,30,1,1,1
782,10,606,760,108,26,1,1,1
783,10,606,758,108,30,1,1,1
784,10,606,759,108,28,1,1,1
785,10,604,759,110,28,1,1,1
786,10,606,758,108,30,1,1,1
787,10,604,760,108,28,1,1,1
788,10,604,760,108,28,1,1,1
789,10,605,760,108,28,1,1,1
790,10,604,761,108,26,1,1,1
791,10,604,760,108,28,1,1,1
792,10,604,760,108,28,1,1,1
793,10,604,760,108,28,1,1,1
794,10,604,761,108,26,1,1,1
795,10,603,760,108,28,1,1,1
796,10,603,761,108,26,1,1,1
797,10,603,761,108,26,1,1,1
798,10,603,760,108,26,1,1,1
799,10,603,760,108,26,1,1,1
800,10,602,761,108,26,1,1,1
801,10,602,759,108,28,1,1,1
802,10,603,759,107,28,1,1,1
803,10,602,761,108,26,1,1,1
804,10,602,760,108,26,1,1,1
805,10,602,760,108,26,1,1,1
806,10,602,760,108,26,1,1,1
807,10,602,759,108,28,1,1,1
808,10,602,759,108,28,1,1,1
809,10,602,757,108,30,1,1,1
810,10,600,758,108,30,1,1,1
811,10,601,759,108,28,1,1,1
812,10,601,759,108,28,1,1,1
813,10,600,759,107,28,1,1,1
814,10,600,757,108,32,1,1,1
815,10,600,756,108,33,1,1,1
816,10,600,756,108,33,1,1,1
817,10,600,756,108,33,1,1,1
818,10,600,758,108,33,1,1,1
819,10,600,756,108,33,1,1,1
820,10,600,759,108,30,1,1,1
821,10,599,758,107,33,1,1,1
822,10,599,759,107,30,1,1,1
823,10,598,759,108,28,1,1,1
824,10,598,760,108,28,1,1,1
825,10,598,758,108,33,1,1,1
826,10,598,757,108,32,1,1,1
827,10,598,758,108,30,1,1,1
828,10,598,757,108,35,1,1,1
829,10,598,757,108,35,1,1,1
830,10,596,757,110,35,1,1,1
831,10,596,757,110,35,1,1,1
832,10,596,756,108,33,1,1,1
833,10,596,758,110,33,1,1,1
834,10,596,758,108,33,1,1,1
835,10,596,758,110,33,1,1,1
836,10,596,756,110,33,1,1,1
837,10,596,759,110,30,1,1,1
838,10,596,759,108,30,1,1,1
839,10,597,761,108,28,1,1,1
840,10,597,760,108,30,1,1,1
841,10,597,760,108,28,1,1,1
842,10,598,762,105,28,1,1,1
843,10,598,764,104,28,1,1,1
844,10,598,763,104,30,1,1,1
845,10,599,763,103,30,1,1,1
846,10,600,761,100,33,1,1,1
847,10,600,761,99,33,1,1,1
848,10,602,760,96,35,1,1,1
849,10,603,760,96,37,1,1,1
850,10,605,758,92,40,1,1,1
851,10,604,757,91,42,1,1,1
852,10,605,757,88,46,1,1,1
853,10,606,755,85,46,1,1,1
854,10,608,755,80,46,1,1,1
855,10,604,754,83,49,1,1,1
856,10,606,753,79,51,1,1,1
857,10,608,752,75,53,1,1,1
858,10,610,751,71,53,1,1,1
859,10,612,751,65,55,1,1,1
860,10,612,750,64,56,1,1,1
861,10,612,748,60,56,1,1,1
862,10,614,747,56,58,1,1,1
863,10,616,746,54,58,1,1,1
864,10,616,745,52,60,1,1,1
865,10,616,745,49,60,1,1,1
866,10,616,745,49,58,1,1,1
867,10,617,744,47,60,1,1,1
868,10,617,743,47,60,1,1,1
869,10,616,743,44,60,1,1,1
870,10,616,743,44,60,1,1,1
871,10,615,742,44,62,1,1,1
872,10,615,741,44,64,1,1,1
873,10,615,741,42,64,1,1,1
874,10,616,740,40,65,1,1,1
875,10,616,737,40,67,1,1,1
876,10,616,736,37,69,1,1,1
877,10,614,736,39,71,1,1,1
878,10,614,735,37,71,1,1,1
879,10,614,733,39,72,1,1,1
880,10,613,732,40,74,1,1,1
881,10,614,732,40,74,1,1,1
882,10,612,732,43,74,1,1,1
883,10,612,732,44,74,1,1,1
884,10,612,732,44,74,1,1,1
885,10,613,730,45,74,1,1,1
886,10,614,732,47,74,1,1,1
887,10,614,733,47,71,1,1,1
888,10,616,731,48,72,1,1,1
889,10,616,732,48,71,1,1,1
890,10,616,723,48,78,1,1,1
891,10,616,721,49,81,1,1,1
892,10,615,722,51,80,1,1,1
893,10,614,722,52,80,1,1,1
894,10,613,723,54,78,1,1,1
895,10,613,725,56,79,1,1,1
896,10,613,732,59,70,1,1,1
897,10,613,733,59,69,1,1,1
898,10,611,734,62,68,1,1,1
899,10,610,731,62,68,1,1,1
900,10,609,737,63,64,1,1,1
901,10,608,738,64,62,1,1,1
902,10,607,741,67,60,1,1,1
903,10,607,742,68,58,1,1,1
904,10,607,745,70,55,1,1,1
905,10,606,746,72,53,1,1,1
906,10,605,750,74,49,1,1,1
907,10,604,750,75,49,1,1,1
908,10,604,751,76,48,1,1,1
909,10,602,753,79,46,1,1,1
910,10,602,753,80,46,1,1,1
911,10,602,756,81,44,1,1,1
912,10,600,757,84,42,1,1,1
913,10,598,757,87,42,1,1,1
914,10,598,760,89,39,1,1,1
915,10,596,761,91,37,1,1,1
916,10,596,765,94,33,1,1,1
917,10,595,767,96,33,1,1,1
918,10,594,770,96,30,1,1,1
919,10,593,772,99,26,1,1,1
920,10,592,772,100,26,1,1,1
921,10,593,775,101,24,1,1,1
922,10,593,777,103,23,1,1,1
923,10,593,778,104,21,1,1,1
924,10,594,778,104,21,1,1,1
925,10,594,778,104,21,1,1,1
926,10,594,778,105,21,1,1,1
927,10,596,778,105,21,1,1,1
928,10,597,777,104,23,1,1,1
929,10,599,776,104,24,1,1,1
930,10,599,776,103,24,1,1,1
931,10,601,776,104,24,1,1,1
932,10,602,776,104,24,1,1,1
933,10,603,774,103,26,1,1,1
934,10,604,774,104,26,1,1,1
935,10,604,774,104,26,1,1,1
936,10,606,774,103,26,1,1,1
937,10,608,774,100,26,1,1,1
938,10,610,773,100,28,1,1,1
939,10,611,773,100,28,1,1,1
940,10,612,773,100,28,1,1,1
941,10,612,773,100,28,1,1,1
942,10,616,773,99,28,1,1,1
943,10,616,772,99,30,1,1,1
944,10,617,772,100,30,1,1,1
945,10,618,771,100,32,1,1,1
946,10,618,772,100,30,1,1,1
947,10,619,770,100,33,1,1,1
948,10,619,770,101,33,1,1,1
949,10,620,770,101,33,1,1,1
950,10,621,770,103,33,1,1,1
951,10,621,769,103,35,1,1,1
952,10,620,769,104,35,1,1,1
953,10,622,769,103,35,1,1,1
954,10,623,769,103,35,1,1,1
955,10,625,768,103,37,1,1,1
956,10,624,768,104,37,1,1,1
957,10,625,768,104,37,1,1,1
958,10,626,768,104,39,1,1,1
959,10,627,768,105,39,1,1,1
960,10,628,767,104,40,1,1,1
961,10,628,767,104,39,1,1,1
962,10,630,767,104,40,1,1,1
963,10,630,766,104,42,1,1,1
964,10,632,766,104,42,1,1,1
965,10,633,767,103,40,1,1,1
966,10,634,766,103,42,1,1,1
967,10,635,764,104,42,1,1,1
968,10,636,764,104,42,1,1,1
969,10,636,763,104,44,1,1,1
970,10,636,763,104,44,1,1,1
971,10,637,763,104,44,1,1,1
972,10,638,763,104,44,1,1,1
973,10,641,764,103,42,1,1,1
974,10,641,763,103,44,1,1,1
975,10,641,763,103,44,1,1,1
976,10,642,763,104,44,1,1,1
977,10,643,762,103,42,1,1,1
978,10,644,761,104,44,1,1,1
979,10,646,762,103,42,1,1,1
980,10,645,762,104,42,1,1,1
981,10,647,760,104,44,1,1,1
982,10,647,760,103,44,1,1,1
983,10,649,760,103,42,1,1,1
984,10,649,759,103,42,1,1,1
985,10,650,758,101,40,1,1,1
986,10,651,758,101,40,1,1,1
987,10,652,758,100,40,1,1,1
988,10,653,758,101,39,1,1,1
989,10,653,757,101,39,1,1,1
990,10,653,757,101,39,1,1,1
991,10,654,757,101,39,1,1,1
992,10,654,755,103,39,1,1,1
993,10,656,755,101,39,1,1,1
994,10,657,754,101,40,1,1,1
995,10,660,754,99,40,1,1,1
996,10,658,753,101,42,1,1,1
997,10,659,752,100,42,1,1,1
998,10,660,753,100,42,1,1,1
999,10,660,752,100,42,1,1,1
1000,10,660,751,100,44,1,1,1
1001,10,663,752,98,42,1,1,1
1002,10,664,752,99,42,1,1,1
1003,10,664,751,100,44,1,1,1
1004,10,666,751,96,44,1,1,1
1005,10,665,750,99,46,1,1,1
1006,10,667,750,99,46,1,1,1
1007,10,668,749,96,46,1,1,1
1008,10,669,747,96,48,1,1,1
1009,10,669,747,96,48,1,1,1
1010,10,670,746,96,49,1,1,1
1011,10,671,746,96,49,1,1,1
1012,10,671,745,95,51,1,1,1
1013,10,672,745,94,51,1,1,1
1014,10,673,745,94,51,1,1,1
1015,10,673,745,94,51,1,1,1
1016,10,675,744,96,53,1,1,1
1017,10,674,744,95,53,1,1,1
1018,10,674,744,95,53,1,1,1
1019,10,675,744,95,55,1,1,1
1020,10,678,744,92,55,1,1,1
1021,10,678,743,92,56,1,1,1
1022,10,678,743,92,56,1,1,1
1023,10,678,743,92,56,1,1,1
1024,10,679,741,92,56,1,1,1
1025,10,680,742,91,58,1,1,1
1026,10,679,742,92,58,1,1,1
1027,10,680,742,91,58,1,1,1
1028,10,681,740,92,58,1,1,1
1029,10,681,740,91,58,1,1,1
1030,10,682,740,92,58,1,1,1
1031,10,684,739,91,60,1,1,1
1032,10,684,739,92,60,1,1,1
1033,10,684,738,94,62,1,1,1
1034,10,684,738,94,62,1,1,1
1035,10,684,738,94,62,1,1,1
1036,10,684,737,94,64,1,1,1
1037,10,684,737,92,65,1,1,1
1038,10,684,737,92,65,1,1,1
1039,10,686,737,92,64,1,1,1
1040,10,687,736,91,65,1,1,1
1041,10,687,736,91,65,1,1,1
1042,10,687,736,91,65,1,1,1
1043,10,687,736,91,67,1,1,1
1044,10,689,736,89,67,1,1,1
1045,10,689,736,89,67,1,1,1
1046,10,690,736,89,67,1,1,1
1047,10,690,736,89,67,1,1,1
1048,10,690,735,89,69,1,1,1
1049,10,689,735,91,69,1,1,1
1050,10,691,734,89,69,1,1,1
1051,10,691,734,91,69,1,1,1
1052,10,692,734,91,69,1,1,1
1053,10,693,734,88,69,1,1,1
1054,10,692,734,89,69,1,1,1
1055,10,694,734,88,69,1,1,1
1056,10,695,733,88,69,1,1,1
1057,10,695,733,88,69,1,1,1
1058,10,695,733,87,69,1,1,1
1059,10,696,732,88,71,1,1,1
1060,10,696,732,88,71,1,1,1
1061,10,696,732,88,71,1,1,1
1062,10,697,732,87,71,1,1,1
1063,10,697,732,87,71,1,1,1
1064,10,697,732,87,71,1,1,1
1065,10,697,730,87,71,1,1,1
1066,10,697,730,87,71,1,1,1
1067,10,698,730,88,71,1,1,1
1068,10,698,729,87,72,1,1,1
1069,10,698,729,87,72,1,1,1
1070,10,700,729,85,72,1,1,1
1071,10,700,729,85,72,1,1,1
1072,10,699,728,87,74,1,1,1
1073,10,699,728,87,74,1,1,1
1074,10,702,729,84,72,1,1,1
1075,10,702,729,84,72,1,1,1
1076,10,702,727,84,74,1,1,1
1077,10,703,727,84,74,1,1,1
1078,10,703,728,84,72,1,1,1
1079,10,703,728,84,72,1,1,1
1080,10,703,728,84,72,1,1,1
1081,10,704,727,84,74,1,1,1
1082,10,704,727,84,74,1,1,1
1083,10,704,725,84,74,1,1,1
1084,10,704,725,84,74,1,1,1
1085,10,704,725,85,74,1,1,1
1086,10,704,725,84,74,1,1,1
1087,10,706,725,84,74,1,1,1
1088,10,706,725,84,74,1,1,1
1089,10,706,725,84,74,1,1,1
1090,10,706,725,84,74,1,1,1
1091,10,707,725,84,74,1,1,1
1092,10,708,723,84,74,1,1,1
1093,10,708,723,84,74,1,1,1
1094,10,708,723,84,74,1,1,1
1095,10,708,723,83,74,1,1,1
1096,10,708,723,83,74,1,1,1
1097,10,709,723,84,74,1,1,1
1098,10,709,723,84,74,1,1,1
1099,10,709,723,84,74,1,1,1
1100,10,709,723,83,74,1,1,1
1101,10,710,721,84,74,1,1,1
1102,10,710,721,84,74,1,1,1
1103,10,710,721,84,74,1,1,1
1104,10,710,721,84,74,1,1,1
1105,10,710,721,84,74,1,1,1
1106,10,710,721,84,74,1,1,1
1107,10,711,721,84,74,1,1,1
1108,10,711,720,84,74,1,1,1
1109,10,711,720,84,72,1,1,1
1110,10,712,721,84,71,1,1,1
1111,10,712,721,84,71,1,1,1
1112,10,712,720,84,72,1,1,1
1113,10,712,720,84,71,1,1,1
1114,10,712,720,84,71,1,1,1
1115,10,712,720,84,71,1,1,1
1116,10,712,719,84,71,1,1,1
1117,10,712,719,84,72,1,1,1
1118,10,712,718,84,74,1,1,1
1119,10,712,718,84,74,1,1,1
1120,10,712,717,84,72,1,1,1
1121,10,712,717,84,72,1,1,1
1122,10,712,717,85,72,1,1,1
1123,10,712,717,84,72,1,1,1
1124,10,712,717,85,72,1,1,1
1125,10,712,717,84,72,1,1,1
1126,10,712,716,84,74,1,1,1
1127,10,712,716,85,74,1,1,1
1128,10,712,716,84,74,1,1,1
1129,10,713,716,85,74,1,1,1
1130,10,713,716,85,74,1,1,1
1131,10,713,714,87,74,1,1,1
1132,10,713,715,87,72,1,1,1
1133,10,714,715,85,72,1,1,1
1134,10,714,715,85,72,1,1,1
1135,10,713,713,87,74,1,1,1
1136,10,714,713,85,72,1,1,1
1137,10,714,713,87,72,1,1,1
1138,10,714,713,85,72,1,1,1
1139,10,716,714,84,71,1,1,1
1140,10,714,713,85,72,1,1,1
1141,10,714,713,85,72,1,1,1
1142,10,714,713,85,72,1,1,1
1143,10,714,713,85,72,1,1,1
1144,10,714,711,85,74,1,1,1
1145,10,714,711,85,74,1,1,1
1146,10,714,712,85,72,1,1,1
1147,10,716,712,85,72,1,1,1
1148,10,716,712,85,71,1,1,1
1149,10,716,712,84,72,1,1,1
1150,10,716,712,84,72,1,1,1
1151,10,716,711,84,74,1,1,1
1152,10,718,710,84,72,1,1,1
1153,10,718,710,84,72,1,1,1
1154,10,718,710,84,72,1,1,1
1155,10,718,710,84,72,1,1,1
1156,10,718,710,84,72,1,1,1
1157,10,719,710,83,72,1,1,1
1158,10,721,710,81,72,1,1,1
1159,10,721,710,81,72,1,1,1
1160,10,721,709,81,74,1,1,1
1161,10,722,709,80,74,1,1,1
1162,10,721,707,81,74,1,1,1
1163,10,720,707,83,74,1,1,1
1164,10,722,707,81,74,1,1,1
1165,10,722,707,81,74,1,1,1
1166,10,722,707,81,74,1,1,1
1167,10,722,707,81,74,1,1,1
1168,10,724,706,80,76,1,1,1
1169,10,723,706,81,76,1,1,1
1170,10,723,706,81,76,1,1,1
1171,10,723,706,81,76,1,1,1
1172,10,723,706,81,76,1,1,1
1173,10,723,706,81,76,1,1,1
1174,10,723,705,81,78,1,1,1
1175,10,723,706,81,76,1,1,1
1176,10,724,706,80,76,1,1,1
1177,10,726,706,79,76,1,1,1
1178,10,724,704,80,78,1,1,1
1179,10,726,704,79,78,1,1,1
1180,10,725,705,80,78,1,1,1
1181,10,726,705,79,78,1,1,1
1182,10,727,705,80,78,1,1,1
1183,10,726,703,79,80,1,1,1
1184,10,726,703,79,80,1,1,1
1185,10,727,703,80,80,1,1,1
1186,10,727,704,79,78,1,1,1
1187,10,727,704,79,78,1,1,1
1188,10,727,703,79,80,1,1,1
1189,10,727,703,79,80,1,1,1
1190,10,727,702,79,81,1,1,1
1191,10,729,702,77,81,1,1,1
1192,10,729,702,77,81,1,1,1
1193,10,729,702,79,81,1,1,1
1194,10,729,702,77,81,1,1,1
1195,10,729,702,79,81,1,1,1
1196,10,729,702,79,81,1,1,1
1197,10,730,702,77,81,1,1,1
1198,10,730,702,77,81,1,1,1
1199,10,731,702,76,81,1,1,1
1200,10,730,702,77,81,1,1,1
1201,10,731,702,76,81,1,1,1
1202,10,731,701,76,83,1,1,1
1203,10,732,701,76,83,1,1,1
1204,10,734,701,74,83,1,1,1
1205,10,733,701,75,83,1,1,1
1206,10,733,701,75,83,1,1,1
1207,10,733,701,75,83,1,1,1
1208,10,733,701,75,83,1,1,1
1209,10,734,701,74,83,1,1,1
1210,10,734,701,74,83,1,1,1
1211,10,734,701,74,83,1,1,1
1212,10,734,700,74,85,1,1,1
1213,10,736,700,72,85,1,1,1
1214,10,736,700,72,85,1,1,1
1215,10,735,699,74,83,1,1,1
1216,10,737,699,72,83,1,1,1
1217,10,738,699,72,83,1,1,1
1218,10,738,698,72,85,1,1,1
1219,10,738,698,72,85,1,1,1
1220,10,738,698,71,85,1,1,1
1221,10,738,698,71,85,1,1,1
1222,10,738,698,71,85,1,1,1
1223,10,738,698,71,85,1,1,1
1224,10,740,697,70,87,1,1,1
1225,10,739,697,72,87,1,1,1
1226,10,739,697,71,87,1,1,1
1227,10,739,697,71,87,1,1,1
1228,10,740,697,72,87,1,1,1
1229,10,740,696,72,88,1,1,1
1230,10,741,697,71,87,1,1,1
1231,10,740,697,72,87,1,1,1
1232,10,741,697,71,87,1,1,1
1233,10,741,695,70,88,1,1,1
1234,10,741,695,70,88,1,1,1
1235,10,743,695,68,88,1,1,1
1236,10,743,696,68,87,1,1,1
1237,10,743,695,68,88,1,1,1
1238,10,743,695,68,88,1,1,1
1239,10,743,696,68,87,1,1,1
1240,10,743,696,68,87,1,1,1
1241,10,744,695,67,88,1,1,1
1242,10,745,695,68,88,1,1,1
1243,10,744,695,67,88,1,1,1
1244,10,745,695,68,88,1,1,1
1245,10,745,695,68,88,1,1,1
1246,10,745,694,67,87,1,1,1
1247,10,745,694,67,87,1,1,1
1248,10,745,694,67,87,1,1,1
1249,10,746,694,68,87,1,1,1
1250,10,746,694,68,87,1,1,1
1251,10,746,694,68,87,1,1,1
1252,10,746,693,68,88,1,1,1
1253,10,746,694,68,87,1,1,1
1254,10,746,694,68,87,1,1,1
1255,10,746,694,68,87,1,1,1
1256,10,746,694,68,87,1,1,1
1257,10,746,694,68,87,1,1,1
1258,10,746,694,68,87,1,1,1
1259,10,746,694,68,87,1,1,1
1260,10,746,692,68,87,1,1,1
1261,10,746,692,68,87,1,1,1
1262,10,746,692,68,87,1,1,1
1263,10,746,692,68,87,1,1,1
1264,10,746,692,68,87,1,1,1
1265,10,746,692,68,87,1,1,1
1266,10,748,692,68,87,1,1,1
1267,10,748,692,68,87,1,1,1
1268,10,748,692,68,87,1,1,1
1269,10,748,692,67,87,1,1,1
1270,10,748,692,67,87,1,1,1
1271,10,748,692,67,87,1,1,1
1272,10,748,691,67,85,1,1,1
1273,10,748,691,67,85,1,1,1
1274,10,748,690,67,87,1,1,1
1275,10,749,690,68,88,1,1,1
1276,10,748,690,67,88,1,1,1
1277,10,748,690,67,87,1,1,1
1278,10,749,690,68,87,1,1,1
1279,10,749,691,68,85,1,1,1
1280,10,748,690,67,87,1,1,1
1281,10,748,691,67,85,1,1,1
1282,10,749,691,68,85,1,1,1
1283,10,749,690,68,87,1,1,1
1284,10,749,690,68,87,1,1,1
1285,10,749,691,68,85,1,1,1
1286,10,749,690,68,87,1,1,1
1287,10,749,690,68,87,1,1,1
1288,10,749,690,68,87,1,1,1
1289,10,748,689,68,85,1,1,1
1290,10,748,689,68,85,1,1,1
1291,10,748,689,68,85,1,1,1
1292,10,748,689,68,85,1,1,1
1293,10,748,689,68,85,1,1,1
1294,10,748,689,70,85,1,1,1
1295,10,748,689,68,85,1,1,1
1296,10,748,688,70,87,1,1,1
1297,10,748,688,70,87,1,1,1
1298,10,748,688,70,87,1,1,1
1299,10,748,688,70,85,1,1,1
1300,10,748,689,70,85,1,1,1
1301,10,748,688,70,85,1,1,1
1302,10,748,688,70,85,1,1,1
1303,10,748,688,68,85,1,1,1
1304,10,748,688,68,85,1,1,1
1305,10,748,687,70,85,1,1,1
1306,10,747,687,71,85,1,1,1
1307,10,747,687,71,85,1,1,1
1308,10,747,686,71,85,1,1,1
1309,10,747,687,72,83,1,1,1
1310,10,747,686,71,85,1,1,1
1311,10,747,686,71,85,1,1,1
1312,10,748,686,72,85,1,1,1
1313,10,747,686,71,85,1,1,1
1314,10,747,686,72,85,1,1,1
1315,10,747,686,71,85,1,1,1
1316,10,746,686,72,85,1,1,1
1317,10,746,685,72,85,1,1,1
1318,10,746,685,72,85,1,1,1
1319,10,746,685,72,85,1,1,1
1320,10,746,684,72,85,1,1,1
1321,10,746,685,72,83,1,1,1
1322,10,746,684,72,85,1,1,1
1323,10,746,684,72,85,1,1,1
1324,10,746,685,72,83,1,1,1
1325,10,746,685,72,83,1,1,1
1326,10,746,684,72,85,1,1,1
1327,10,746,684,72,85,1,1,1
1328,10,746,684,74,85,1,1,1
1329,10,746,685,74,83,1,1,1
1330,10,746,684,72,85,1,1,1
1331,10,746,684,74,85,1,1,1
1332,10,745,685,75,83,1,1,1
1333,10,745,683,75,83,1,1,1
1334,10,745,683,75,83,1,1,1
1335,10,745,683,75,83,1,1,1
1336,10,745,683,75,83,1,1,1
1337,10,745,683,75,83,1,1,1
1338,10,745,683,75,83,1,1,1
1339,10,745,683,75,83,1,1,1
1340,10,746,683,74,83,1,1,1
1341,10,745,683,75,83,1,1,1
1342,10,745,683,75,83,1,1,1
1343,10,745,683,75,83,1,1,1
1344,10,745,682,75,81,1,1,1
1345,10,746,682,74,81,1,1,1
1346,10,746,682,74,81,1,1,1
1347,10,746,682,74,81,1,1,1
1348,10,746,682,74,81,1,1,1
1349,10,746,682,74,81,1,1,1
1350,10,746,682,74,81,1,1,1
1351,10,746,682,76,81,1,1,1
1352,10,746,682,76,81,1,1,1
1353,10,746,682,76,81,1,1,1
1354,10,747,682,75,81,1,1,1
1355,10,746,682,76,81,1,1,1
1356,10,746,680,76,83,1,1,1
1357,10,746,681,76,81,1,1,1
1358,10,746,680,76,81,1,1,1
1359,10,746,680,76,81,1,1,1
1360,10,746,680,76,81,1,1,1
1361,10,746,680,76,81,1,1,1
1362,10,746,680,76,81,1,1,1
1363,10,746,680,76,81,1,1,1
1364,10,746,680,76,81,1,1,1
1365,10,746,680,76,81,1,1,1
1366,10,746,679,76,81,1,1,1
1367,10,747,680,76,80,1,1,1
1368,10,747,679,76,81,1,1,1
1369,10,747,679,76,81,1,1,1
1370,10,747,679,76,81,1,1,1
1371,10,747,679,76,81,1,1,1
1372,10,747,679,76,81,1,1,1
1373,10,747,679,76,81,1,1,1
1374,10,747,679,76,81,1,1,1
1375,10,747,680,76,81,1,1,1
1376,10,748,680,76,81,1,1,1
1377,10,748,680,76,81,1,1,1
1378,10,749,680,76,83,1,1,1
1379,10,749,680,75,83,1,1,1
1380,10,750,680,76,83,1,1,1
1381,10,751,679,75,85,1,1,1
1382,10,751,680,74,83,1,1,1
1383,10,751,679,75,85,1,1,1
1384,10,753,679,72,85,1,1,1
1385,10,753,679,72,85,1,1,1
1386,10,753,679,72,85,1,1,1
1387,10,754,679,72,83,1,1,1
1388,10,755,679,72,85,1,1,1
1389,10,755,679,72,83,1,1,1
1390,10,755,679,71,83,1,1,1
1391,10,756,679,70,83,1,1,1
1392,10,756,679,70,83,1,1,1
1393,10,758,679,68,83,1,1,1
1394,10,758,679,68,83,1,1,1
1395,10,758,677,68,85,1,1,1
1396,10,759,677,68,85,1,1,1
1397,10,760,678,68,83,1,1,1
1398,10,760,678,68,83,1,1,1
1399,10,760,677,68,85,1,1,1
1400,10,760,678,68,83,1,1,1
1401,10,760,678,68,83,1,1,1
1402,10,760,678,68,83,1,1,1
1403,10,761,678,68,83,1,1,1
1404,10,760,678,68,83,1,1,1
1405,10,761,678,68,83,1,1,1
1406,10,761,677,68,81,1,1,1
1407,10,761,677,68,81,1,1,1
1408,10,761,677,68,81,1,1,1
1409,10,761,677,68,81,1,1,1
1410,10,760,677,68,81,1,1,1
1411,10,760,677,68,81,1,1,1
1412,10,760,677,68,81,1,1,1
1413,10,760,677,68,81,1,1,1
1414,10,760,677,68,81,1,1,1
1415,10,760,678,68,80,1,1,1
1416,10,760,677,70,81,1,1,1
1417,10,759,677,71,81,1,1,1
1418,10,759,677,71,81,1,1,1
1419,10,759,677,71,81,1,1,1
1420,10,759,676,71,80,1,1,1
1421,10,759,676,71,80,1,1,1
1422,10,759,676,71,80,1,1,1
1423,10,759,676,72,80,1,1,1
1424,10,759,677,72,81,1,1,1
1425,10,758,675,72,81,1,1,1
1426,10,758,675,72,81,1,1,1
1427,10,758,675,72,78,1,1,1
1428,10,758,675,72,78,1,1,1
1429,10,758,675,74,78,1,1,1
1430,10,758,675,74,78,1,1,1
1431,10,757,675,75,78,1,1,1
1432,10,756,676,75,76,1,1,1
1433,10,756,676,75,76,1,1,1
1434,10,756,676,75,76,1,1,1
1435,10,756,676,75,76,1,1,1
1436,10,756,676,75,76,1,1,1
1437,10,756,674,75,76,1,1,1
1438,10,756,674,75,76,1,1,1
1439,10,756,674,76,76,1,1,1
1440,10,756,674,76,76,1,1,1
1441,10,756,674,76,76,1,1,1
1442,10,756,674,76,76,1,1,1
1443,10,756,674,76,76,1,1,1
1444,10,756,674,76,76,1,1,1
1445,10,756,673,76,78,1,1,1
1446,10,755,674,77,76,1,1,1
1447,10,754,674,79,76,1,1,1
1448,10,754,674,79,76,1,1,1
1449,10,754,674,80,76,1,1,1
1450,10,754,673,80,76,1,1,1
1451,10,754,674,80,76,1,1,1
1452,10,754,673,80,76,1,1,1
1453,10,754,673,80,74,1,1,1
1454,10,754,672,80,76,1,1,1
1455,10,753,672,81,76,1,1,1
1456,10,753,672,81,76,1,1,1
1457,10,753,672,81,76,1,1,1
1458,10,753,672,81,76,1,1,1
1459,10,753,672,81,76,1,1,1
1460,10,753,672,81,76,1,1,1
1461,10,753,673,81,74,1,1,1
1462,10,751,672,83,74,1,1,1
1463,10,751,671,83,76,1,1,1
1464,10,751,672,83,74,1,1,1
1465,10,751,672,83,74,1,1,1
1466,10,753,672,81,74,1,1,1
1467,10,751,672,83,74,1,1,1
1468,10,751,672,83,74,1,1,1
1469,10,751,672,83,74,1,1,1
1470,10,752,672,84,74,1,1,1
1471,10,752,672,84,72,1,1,1
1472,10,751,672,83,71,1,1,1
1473,10,751,671,83,72,1,1,1
1474,10,752,671,84,72,1,1,1
1475,10,752,671,84,72,1,1,1
1476,10,752,671,84,71,1,1,1
1477,10,752,671,84,71,1,1,1
1478,10,751,671,84,71,1,1,1
1479,10,751,671,84,71,1,1,1
1480,10,751,671,85,71,1,1,1
1481,10,752,670,84,71,1,1,1
1482,10,751,670,85,71,1,1,1
1483,10,751,670,85,71,1,1,1
1484,10,751,670,85,71,1,1,1
1485,10,751,670,85,71,1,1,1
1486,10,751,670,85,71,1,1,1
1487,10,751,670,85,71,1,1,1
1488,10,751,670,85,71,1,1,1
1489,10,750,670,87,69,1,1,1
1490,10,750,670,87,71,1,1,1
1491,10,752,670,85,69,1,1,1
1492,10,752,668,85,71,1,1,1
1493,10,752,668,85,71,1,1,1
1494,10,750,668,87,71,1,1,1
1495,10,752,668,85,71,1,1,1
1496,10,752,668,85,71,1,1,1
1497,10,752,668,85,71,1,1,1
1498,10,752,668,85,71,1,1,1
1499,10,752,669,85,69,1,1,1
1500,10,752,669,85,69,1,1,1
1501,10,751,669,87,69,1,1,1
1502,10,751,669,87,69,1,1,1
1503,10,752,669,85,69,1,1,1
1504,10,751,669,87,69,1,1,1
1505,10,752,669,85,69,1,1,1
1506,10,751,669,87,69,1,1,1
1507,10,753,669,85,69,1,1,1
1508,10,753,669,85,69,1,1,1
1509,10,753,669,85,69,1,1,1
1510,10,753,668,85,71,1,1,1
1511,10,753,668,85,71,1,1,1
1512,10,753,668,85,71,1,1,1
1513,10,753,668,85,71,1,1,1
1514,10,753,668,85,71,1,1,1
1515,10,753,668,85,71,1,1,1
1516,10,753,668,85,71,1,1,1
1517,10,753,668,85,71,1,1,1
1518,10,751,668,87,71,1,1,1
1519,10,753,668,85,71,1,1,1
1520,10,753,668,87,71,1,1,1
1521,10,753,668,87,71,1,1,1
1522,10,753,668,87,71,1,1,1
1523,10,753,667,87,72,1,1,1
1524,10,753,668,87,71,1,1,1
1525,10,754,667,85,72,1,1,1
1526,10,754,667,85,72,1,1,1
1527,10,754,667,85,72,1,1,1
1528,10,754,667,85,72,1,1,1
1529,10,754,667,85,72,1,1,1
1530,10,754,666,87,71,1,1,1
1531,10,754,666,85,71,1,1,1
1532,10,754,667,85,72,1,1,1
1533,10,754,666,85,71,1,1,1
1534,10,754,666,85,71,1,1,1
1535,10,756,666,84,71,1,1,1
1536,10,756,666,84,71,1,1,1
1537,10,754,667,85,72,1,1,1
1538,10,756,667,84,72,1,1,1
1539,10,754,667,87,72,1,1,1
1540,10,756,667,85,72,1,1,1
1541,10,756,667,85,72,1,1,1
1542,10,756,667,84,72,1,1,1
1543,10,756,665,84,74,1,1,1
1544,10,758,665,84,74,1,1,1
1545,10,758,665,84,74,1,1,1
1546,10,758,665,84,74,1,1,1
1547,10,758,665,84,74,1,1,1
1548,10,758,665,84,72,1,1,1
1549,10,758,666,84,71,1,1,1
1550,10,758,666,84,71,1,1,1
1551,10,758,666,84,71,1,1,1
1552,10,758,665,84,72,1,1,1
1553,10,758,665,84,72,1,1,1
1554,10,758,665,84,72,1,1,1
1555,10,759,666,83,71,1,1,1
1556,10,759,666,83,71,1,1,1
1557,10,759,665,83,72,1,1,1
1558,10,759,666,83,71,1,1,1
1559,10,759,666,83,71,1,1,1
1560,10,759,666,83,71,1,1,1
1561,10,759,666,83,71,1,1,1
1562,10,759,666,83,71,1,1,1
1563,10,759,666,83,71,1,1,1
1564,10,759,666,83,71,1,1,1
1565,10,759,666,83,71,1,1,1
1566,10,761,665,81,69,1,1,1
1567,10,761,666,81,71,1,1,1
1568,10,760,666,83,71,1,1,1
1569,10,762,666,81,71,1,1,1
1570,10,762,665,81,69,1,1,1
1571,10,762,665,80,69,1,1,1
1572,10,762,665,80,69,1,1,1
1573,10,762,665,80,69,1,1,1
1574,10,762,665,81,69,1,1,1
1575,10,762,664,81,71,1,1,1
1576,10,762,665,81,69,1,1,1
1577,10,762,664,81,69,1,1,1
1578,10,762,665,81,69,1,1,1
1579,10,762,664,81,69,1,1,1
1580,10,762,664,81,67,1,1,1
1581,10,762,664,81,69,1,1,1
1582,10,762,664,80,69,1,1,1
1583,10,762,664,80,69,1,1,1
1584,10,762,664,80,67,1,1,1
1585,10,762,664,81,67,1,1,1
1586,10,764,665,80,65,1,1,1
1587,10,762,664,80,67,1,1,1
1588,10,763,664,81,67,1,1,1
1589,10,763,664,81,67,1,1,1
1590,10,763,664,81,67,1,1,1
1591,10,763,664,81,67,1,1,1
1592,10,763,665,81,65,1,1,1
1593,10,761,664,83,67,1,1,1
1594,10,761,664,84,67,1,1,1
1595,10,760,664,84,67,1,1,1
1596,10,760,664,84,69,1,1,1
1597,10,760,664,84,69,1,1,1
1598,10,760,664,84,67,1,1,1
1599,10,760,664,84,67,1,1,1
1600,10,760,663,84,67,1,1,1
1601,10,760,663,84,67,1,1,1
1602,10,760,663,84,67,1,1,1
1603,10,760,664,85,67,1,1,1
1604,10,760,663,85,67,1,1,1
1605,10,760,664,85,67,1,1,1
1606,10,760,664,85,65,1,1,1
1607,10,760,664,85,65,1,1,1
1608,10,760,664,85,65,1,1,1
1609,10,760,664,85,65,1,1,1
1610,10,760,664,85,64,1,1,1
1611,10,760,662,85,65,1,1,1
1612,10,760,663,85,65,1,1,1
1613,10,760,662,85,65,1,1,1
1614,10,758,662,87,65,1,1,1
1615,10,758,662,87,65,1,1,1
1616,10,758,663,87,65,1,1,1
1617,10,758,663,88,65,1,1,1
1618,10,758,662,88,65,1,1,1
1619,10,758,662,88,65,1,1,1
1620,10,758,662,88,65,1,1,1
1621,10,758,663,88,64,1,1,1
1622,10,757,662,88,65,1,1,1
1623,10,757,662,88,65,1,1,1
1624,10,756,662,89,65,1,1,1
1625,10,756,662,89,65,1,1,1
1626,10,756,662,89,65,1,1,1
1627,10,757,661,89,64,1,1,1
1628,10,757,662,88,65,1,1,1
1629,10,755,662,91,62,1,1,1
1630,10,757,662,89,62,1,1,1
1631,10,757,662,89,62,1,1,1
1632,10,755,662,91,62,1,1,1
1633,10,755,662,91,60,1,1,1
1634,10,755,662,91,62,1,1,1
1635,10,755,662,91,62,1,1,1
1636,10,755,662,91,60,1,1,1
1637,10,755,662,91,60,1,1,1
1638,10,754,662,92,60,1,1,1
1639,10,755,661,91,60,1,1,1
1640,10,755,662,91,58,1,1,1
1641,10,754,662,92,58,1,1,1
1642,10,754,662,92,58,1,1,1
1643,10,754,662,92,58,1,1,1
1644,10,754,662,92,58,1,1,1
1645,10,753,662,95,58,1,1,1
1646,10,753,660,95,58,1,1,1
1647,10,753,660,94,58,1,1,1
1648,10,753,660,94,58,1,1,1
1649,10,753,660,94,58,1,1,1
1650,10,753,661,94,56,1,1,1
1651,10,753,661,94,56,1,1,1
1652,10,753,661,95,56,1,1,1
1653,10,753,660,95,58,1,1,1
1654,10,753,660,94,58,1,1,1
1655,10,753,659,94,56,1,1,1
1656,10,753,660,94,58,1,1,1
1657,10,754,659,95,56,1,1,1
1658,10,753,659,94,56,1,1,1
1659,10,753,659,95,56,1,1,1
1660,10,752,659,96,56,1,1,1
1661,10,752,659,96,56,1,1,1
1662,10,752,659,96,56,1,1,1
1663,10,752,659,96,56,1,1,1
1664,10,752,659,96,56,1,1,1
1665,10,752,659,96,56,1,1,1
1666,10,753,659,95,56,1,1,1
1667,10,753,660,95,58,1,1,1
1668,10,755,660,92,58,1,1,1
1669,10,755,660,92,58,1,1,1
1670,10,755,660,92,58,1,1,1
1671,10,755,660,92,58,1,1,1
1672,10,755,660,92,58,1,1,1
1673,10,755,660,92,58,1,1,1
1674,10,755,658,94,58,1,1,1
1675,10,755,659,94,60,1,1,1
1676,10,756,658,94,58,1,1,1
1677,10,756,659,92,60,1,1,1
1678,10,756,658,92,58,1,1,1
1679,10,756,659,94,60,1,1,1
1680,10,756,658,94,58,1,1,1
1681,10,754,659,95,60,1,1,1
1682,10,754,659,95,60,1,1,1
1683,10,756,659,94,60,1,1,1
1684,10,756,659,94,60,1,1,1
1685,10,756,659,94,60,1,1,1
1686,10,756,659,92,60,1,1,1
1687,10,758,659,92,60,1,1,1
1688,10,758,659,92,60,1,1,1
1689,10,758,659,92,60,1,1,1
1690,10,758,658,92,62,1,1,1
1691,10,758,658,92,62,1,1,1
1692,10,758,658,92,62,1,1,1
1693,10,758,658,92,62,1,1,1
1694,10,758,658,92,62,1,1,1
1695,10,758,658,92,62,1,1,1
1696,10,758,658,92,62,1,1,1
1697,10,758,659,92,64,1,1,1
1698,10,760,659,91,64,1,1,1
1699,10,760,658,91,65,1,1,1
1700,10,760,658,91,65,1,1,1
1701,10,760,658,91,65,1,1,1
1702,10,760,658,89,65,1,1,1
1703,10,760,658,89,65,1,1,1
1704,10,762,658,88,65,1,1,1
1705,10,762,658,89,65,1,1,1
1706,10,763,658,88,65,1,1,1
1707,10,762,658,88,65,1,1,1
1708,10,764,658,88,65,1,1,1
1709,10,764,658,88,65,1,1,1
1710,10,765,658,87,65,1,1,1
1711,10,765,658,87,65,1,1,1
1712,10,765,658,87,65,1,1,1
1713,10,765,658,87,65,1,1,1
1714,10,765,658,87,65,1,1,1
1715,10,765,658,87,65,1,1,1
1716,10,765,659,87,64,1,1,1
1717,10,764,658,88,65,1,1,1
1718,10,764,659,88,64,1,1,1
1719,10,764,658,88,65,1,1,1
1720,10,764,659,88,64,1,1,1
1721,10,764,659,88,64,1,1,1
1722,10,764,657,88,65,1,1,1
1723,10,764,657,88,64,1,1,1
1724,10,764,658,88,62,1,1,1
1725,10,764,658,88,62,1,1,1
1726,10,764,657,88,60,1,1,1
1727,10,764,657,88,60,1,1,1
1728,10,764,657,88,60,1,1,1
1729,10,764,657,88,60,1,1,1
1730,10,764,657,88,60,1,1,1
1731,10,764,657,89,60,1,1,1
1732,10,764,658,88,58,1,1,1
1733,10,764,658,89,58,1,1,1
1734,10,762,656,92,58,1,1,1
1735,10,763,657,91,58,1,1,1
1736,10,762,656,92,60,1,1,1
1737,10,762,656,92,58,1,1,1
1738,10,762,656,92,58,1,1,1
1739,10,760,656,92,60,1,1,1
1740,10,760,656,92,60,1,1,1
1741,10,759,656,94,60,1,1,1
1742,10,759,656,94,60,1,1,1
1743,10,759,656,94,60,1,1,1
1744,10,760,656,92,60,1,1,1
1745,10,760,656,92,58,1,1,1
1746,10,760,656,92,58,1,1,1
1747,10,759,655,94,58,1,1,1
1748,10,759,655,94,58,1,1,1
1749,10,759,655,94,58,1,1,1
1750,10,759,656,94,56,1,1,1
1751,10,760,656,94,56,1,1,1
1752,10,759,654,95,56,1,1,1
1753,10,759,654,95,56,1,1,1
1754,10,759,654,95,56,1,1,1
1755,10,759,654,95,56,1,1,1
1756,10,759,654,95,56,1,1,1
1757,10,759,654,96,56,1,1,1
1758,10,759,654,95,56,1,1,1
1759,10,759,655,95,55,1,1,1
1760,10,759,655,95,53,1,1,1
1761,10,760,655,94,53,1,1,1
1762,10,760,654,94,53,1,1,1
1763,10,760,654,94,53,1,1,1
1764,10,761,654,95,53,1,1,1
1765,10,761,654,95,53,1,1,1
1766,10,761,654,95,53,1,1,1
1767,10,761,654,95,53,1,1,1
1768,10,761,654,95,53,1,1,1
1769,10,761,654,95,53,1,1,1
1770,10,761,654,95,53,1,1,1
1771,10,761,654,94,53,1,1,1
1772,10,761,654,94,53,1,1,1
1773,10,761,654,94,53,1,1,1
1774,10,761,654,94,53,1,1,1
1775,10,761,654,94,53,1,1,1
1776,10,761,654,94,53,1,1,1
1777,10,761,654,94,53,1,1,1
1778,10,761,654,94,53,1,1,1
1779,10,761,653,94,55,1,1,1
1780,10,762,653,95,55,1,1,1
1781,10,762,653,94,55,1,1,1
1782,10,762,652,95,56,1,1,1
1783,10,762,652,94,56,1,1,1
1784,10,762,653,94,55,1,1,1
1785,10,762,652,94,56,1,1,1
1786,10,762,652,95,56,1,1,1
1787,10,764,652,94,56,1,1,1
1788,10,762,652,95,56,1,1,1
1789,10,764,652,94,56,1,1,1
1790,10,764,652,94,56,1,1,1
1791,10,764,652,92,56,1,1,1
1792,10,764,652,94,56,1,1,1
1793,10,764,652,92,56,1,1,1
1794,10,764,651,94,58,1,1,1
1795,10,764,651,94,58,1,1,1
1796,10,764,652,94,56,1,1,1
1797,10,764,651,94,58,1,1,1
1798,10,764,651,94,58,1,1,1
1799,10,764,651,94,58,1,1,1
1800,10,764,651,94,58,1,1,1
1801,10,764,651,94,58,1,1,1
1802,10,762,651,95,58,1,1,1
1803,10,763,651,95,58,1,1,1
1804,10,764,651,94,58,1,1,1
1805,10,763,651,95,58,1,1,1
1806,10,763,651,95,58,1,1,1
1807,10,764,651,94,58,1,1,1
1808,10,764,651,94,58,1,1,1
1809,10,764,652,94,60,1,1,1
1810,10,763,651,95,58,1,1,1
1811,10,764,652,94,60,1,1,1
1812,10,765,652,95,60,1,1,1
1813,10,765,652,95,60,1,1,1
1814,10,765,652,94,60,1,1,1
1815,10,765,652,94,60,1,1,1
1816,10,765,652,94,60,1,1,1
1817,10,765,652,94,60,1,1,1
1818,10,766,652,95,60,1,1,1
1819,10,765,652,94,60,1,1,1
1820,10,766,652,95,60,1,1,1
1821,10,766,652,95,60,1,1,1
1822,10,766,652,95,60,1,1,1
1823,10,767,652,94,60,1,1,1
1824,10,767,652,94,60,1,1,1
1825,10,766,651,95,62,1,1,1
1826,10,766,651,95,62,1,1,1
1827,10,767,651,94,62,1,1,1
1828,10,767,651,94,62,1,1,1
1829,10,767,651,94,62,1,1,1
1830,10,768,651,92,62,1,1,1
1831,10,767,651,94,62,1,1,1
1832,10,768,651,92,62,1,1,1
1833,10,768,651,92,62,1,1,1
1834,10,767,651,94,62,1,1,1
1835,10,768,651,92,62,1,1,1
1836,10,768,651,92,62,1,1,1
1837,10,768,651,92,62,1,1,1
1838,10,769,651,92,62,1,1,1
1839,10,768,651,92,62,1,1,1
1840,10,768,651,94,62,1,1,1
1841,10,768,651,92,62,1,1,1
1842,10,768,651,92,62,1,1,1
1843,10,768,651,92,62,1,1,1
1844,10,768,651,92,62,1,1,1
1845,10,768,651,92,62,1,1,1
1846,10,768,651,92,62,1,1,1
1847,10,768,651,92,62,1,1,1
1848,10,771,651,91,62,1,1,1
1849,10,771,651,91,62,1,1,1
1850,10,772,651,89,62,1,1,1
1851,10,772,651,91,62,1,1,1
1852,10,772,651,91,62,1,1,1
1853,10,772,651,89,62,1,1,1
1854,10,772,651,89,62,1,1,1
1855,10,772,651,89,62,1,1,1
1856,10,772,651,89,62,1,1,1
1857,10,772,651,89,62,1,1,1
1858,10,772,651,89,62,1,1,1
1859,10,774,651,88,62,1,1,1
1860,10,774,650,89,60,1,1,1
1861,10,772,650,91,60,1,1,1
1862,10,774,650,89,60,1,1,1
1863,10,774,651,89,62,1,1,1
1864,10,774,649,89,62,1,1,1
1865,10,774,649,89,62,1,1,1
1866,10,774,651,89,62,1,1,1
1867,10,772,651,91,62,1,1,1
1868,10,772,650,91,60,1,1,1
1869,10,772,649,91,62,1,1,1
1870,10,773,649,92,62,1,1,1
1871,10,772,651,91,62,1,1,1
1872,10,771,649,92,62,1,1,1
1873,10,772,649,91,62,1,1,1
1874,10,772,649,91,62,1,1,1
1875,10,772,650,91,60,1,1,1
1876,10,772,650,91,60,1,1,1
1877,10,772,650,91,60,1,1,1
1878,10,774,649,89,60,1,1,1
1879,10,773,649,92,60,1,1,1
1880,10,773,649,92,60,1,1,1
1881,10,773,649,91,60,1,1,1
1882,10,773,649,92,60,1,1,1
1883,10,773,649,92,60,1,1,1
1884,10,773,649,92,60,1,1,1
1885,10,773,649,92,58,1,1,1
1886,10,773,649,92,58,1,1,1
1887,10,772,649,92,58,1,1,1
1888,10,773,649,92,58,1,1,1
1889,10,772,649,92,56,1,1,1
1890,10,773,649,92,55,1,1,1
1891,10,772,649,92,56,1,1,1
1892,10,772,649,92,55,1,1,1
1893,10,772,649,92,55,1,1,1
1894,10,772,650,94,53,1,1,1
1895,10,772,649,94,55,1,1,1
1896,10,771,650,95,53,1,1,1
1897,10,772,649,94,55,1,1,1
1898,10,771,648,95,56,1,1,1
1899,10,772,649,94,55,1,1,1
1900,10,771,649,95,55,1,1,1
1901,10,771,649,95,55,1,1,1
1902,10,771,649,95,55,1,1,1
1903,10,771,649,95,55,1,1,1
1904,10,771,649,95,55,1,1,1
1905,10,771,648,95,53,1,1,1
1906,10,771,648,95,53,1,1,1
1907,10,772,648,96,53,1,1,1
1908,10,770,648,96,53,1,1,1
1909,10,770,648,96,53,1,1,1
1910,10,770,648,96,53,1,1,1
1911,10,770,648,96,53,1,1,1
1912,10,770,648,96,53,1,1,1
1913,10,770,648,96,53,1,1,1
1914,10,770,648,96,53,1,1,1
1915,10,770,648,98,53,1,1,1
1916,10,769,648,99,53,1,1,1
1917,10,769,647,99,53,1,1,1
1918,10,769,647,99,53,1,1,1
1919,10,769,648,99,51,1,1,1
1920,10,769,648,99,51,1,1,1
1921,10,770,648,98,51,1,1,1
1922,10,769,648,99,51,1,1,1
1923,10,769,648,99,51,1,1,1
1924,10,769,648,100,51,1,1,1
1925,10,769,648,99,49,1,1,1
1926,10,769,648,100,51,1,1,1
1927,10,769,648,99,49,1,1,1
1928,10,769,648,99,49,1,1,1
1929,10,769,648,99,49,1,1,1
1930,10,769,648,99,49,1,1,1
1931,10,769,647,99,49,1,1,1
1932,10,769,647,99,49,1,1,1
1933,10,770,647,98,49,1,1,1
1934,10,770,647,98,49,1,1,1
1935,10,770,647,98,49,1,1,1
1936,10,770,647,98,49,1,1,1
1937,10,770,647,98,49,1,1,1
1938,10,770,647,98,49,1,1,1
1939,10,770,647,98,49,1,1,1
1940,10,770,647,98,49,1,1,1
1941,10,770,647,98,49,1,1,1
1942,10,770,647,98,49,1,1,1
1943,10,770,647,98,49,1,1,1
1944,10,772,647,96,49,1,1,1
1945,10,771,647,98,49,1,1,1
1946,10,772,647,96,49,1,1,1
1947,10,771,645,98,49,1,1,1
1948,10,771,645,98,49,1,1,1
1949,10,771,645,98,49,1,1,1
1950,10,773,645,96,49,1,1,1
1951,10,773,645,96,49,1,1,1
1952,10,773,645,96,49,1,1,1
1953,10,773,645,96,49,1,1,1
1954,10,773,645,96,49,1,1,1
1955,10,773,647,96,49,1,1,1
1956,10,773,645,96,49,1,1,1
1957,10,773,645,96,49,1,1,1
1958,10,773,645,96,49,1,1,1
1959,10,774,645,95,49,1,1,1
1960,10,774,645,95,49,1,1,1
1961,10,774,645,95,49,1,1,1
1962,10,774,645,95,49,1,1,1
1963,10,774,644,95,51,1,1,1
1964,10,774,644,95,51,1,1,1
1965,10,774,644,95,51,1,1,1
1966,10,775,644,96,51,1,1,1
1967,10,774,645,95,49,1,1,1
1968,10,775,644,96,51,1,1,1
1969,10,775,644,95,51,1,1,1
1970,10,775,644,95,51,1,1,1
1971,10,775,644,95,51,1,1,1
1972,10,775,645,95,49,1,1,1
1973,10,775,644,95,51,1,1,1
1974,10,775,645,95,49,1,1,1
1975,10,775,645,95,49,1,1,1
1976,10,776,645,96,49,1,1,1
1977,10,776,645,96,49,1,1,1
1978,10,776,644,96,51,1,1,1
1979,10,776,644,96,51,1,1,1
1980,10,774,644,96,51,1,1,1
1981,10,774,644,96,51,1,1,1
1982,10,774,644,96,51,1,1,1
1983,10,776,644,96,51,1,1,1
1984,10,777,644,95,51,1,1,1
1985,10,777,644,95,51,1,1,1
1986,10,777,644,95,51,1,1,1
1987,10,777,644,95,51,1,1,1
1988,10,777,644,95,51,1,1,1
1989,10,777,644,95,51,1,1,1
1990,10,776,644,96,51,1,1,1
1991,10,776,644,96,51,1,1,1
1992,10,776,644,96,51,1,1,1
1993,10,777,644,95,51,1,1,1
1994,10,777,644,95,51,1,1,1
1995,10,776,644,96,51,1,1,1
1996,10,776,644,96,51,1,1,1
1997,10,776,644,96,51,1,1,1
1998,10,776,644,96,51,1,1,1
1999,10,776,644,96,51,1,1,1
2000,10,776,644,96,51,1,1,1
2001,10,776,645,96,53,1,1,1
2002,10,776,645,96,53,1,1,1
2003,10,776,645,96,53,1,1,1
2004,10,776,645,96,53,1,1,1
2005,10,776,645,96,53,1,1,1
2006,10,776,645,96,53,1,1,1
2007,10,776,645,96,53,1,1,1
2008,10,778,645,95,53,1,1,1
2009,10,776,645,96,53,1,1,1
2010,10,776,644,96,51,1,1,1
2011,10,777,645,96,53,1,1,1
2012,10,777,645,96,53,1,1,1
2013,10,777,645,96,53,1,1,1
2014,10,777,645,96,53,1,1,1
2015,10,777,645,96,53,1,1,1
2016,10,777,645,96,53,1,1,1
2017,10,777,645,96,53,1,1,1
2018,10,777,645,96,53,1,1,1
2019,10,777,645,96,53,1,1,1
2020,10,776,645,98,53,1,1,1
2021,10,776,645,98,53,1,1,1
2022,10,777,646,96,51,1,1,1
2023,10,776,645,98,53,1,1,1
2024,10,777,645,96,53,1,1,1
2025,10,777,645,96,53,1,1,1
2026,10,777,645,96,53,1,1,1
2027,10,777,645,96,53,1,1,1
2028,10,777,645,96,53,1,1,1
2029,10,778,645,96,53,1,1,1
2030,10,778,645,96,53,1,1,1
2031,10,778,645,96,53,1,1,1
2032,10,777,645,96,53,1,1,1
2033,10,776,645,98,53,1,1,1
2034,10,776,645,98,53,1,1,1
2035,10,776,645,98,53,1,1,1
2036,10,776,645,98,53,1,1,1
2037,10,776,645,99,53,1,1,1
2038,10,776,645,99,53,1,1,1
2039,10,776,644,99,55,1,1,1
2040,10,778,645,96,53,1,1,1
2041,10,778,645,96,53,1,1,1
2042,10,778,645,96,53,1,1,1
2043,10,778,644,96,55,1,1,1
2044,10,778,645,96,53,1,1,1
2045,10,778,646,96,53,1,1,1
2046,10,778,644,96,55,1,1,1
2047,10,780,644,96,55,1,1,1
2048,10,778,644,96,55,1,1,1
2049,10,780,644,96,55,1,1,1
2050,10,778,643,96,56,1,1,1
2051,10,780,644,96,55,1,1,1
2052,10,780,644,96,55,1,1,1
2053,10,780,644,96,55,1,1,1
2054,10,780,644,96,55,1,1,1
2055,10,780,644,96,55,1,1,1
2056,10,780,643,96,56,1,1,1
2057,10,780,643,96,56,1,1,1
2058,10,780,644,96,55,1,1,1
2059,10,780,643,96,56,1,1,1
2060,10,780,643,96,56,1,1,1
2061,10,780,643,96,56,1,1,1
2062,10,780,643,96,56,1,1,1
2063,10,780,643,96,56,1,1,1
2064,10,780,644,96,55,1,1,1
2065,10,780,644,96,55,1,1,1
2066,10,780,644,96,55,1,1,1
2067,10,780,644,96,55,1,1,1
2068,10,780,643,96,56,1,1,1
2069,10,780,643,96,56,1,1,1
2070,10,780,643,96,56,1,1,1
2071,10,780,643,96,56,1,1,1
2072,10,780,643,96,56,1,1,1
2073,10,780,643,96,56,1,1,1
2074,10,780,644,96,55,1,1,1
2075,10,781,644,96,55,1,1,1
2076,10,781,643,96,56,1,1,1
2077,10,779,643,98,56,1,1,1
2078,10,781,644,96,55,1,1,1
2079,10,781,643,96,56,1,1,1
2080,10,781,644,96,55,1,1,1
2081,10,781,643,96,56,1,1,1
2082,10,781,643,96,56,1,1,1
2083,10,781,644,96,55,1,1,1
2084,10,781,644,96,55,1,1,1
1,11,326,378,61,105,1,1,1
2,11,324,379,60,101,1,1,1
3,11,324,379,62,101,1,1,1
4,11,323,377,64,101,1,1,1
5,11,323,378,64,99,1,1,1
6,11,322,376,65,99,1,1,1
7,11,321,377,68,97,1,1,1
8,11,320,376,68,97,1,1,1
9,11,319,375,71,96,1,1,1
10,11,319,375,71,94,1,1,1
11,11,318,374,72,94,1,1,1
12,11,318,373,74,92,1,1,1
13,11,319,372,75,94,1,1,1
14,11,318,372,76,87,1,1,1
15,11,318,371,76,81,1,1,1
16,11,317,369,77,90,1,1,1
17,11,315,369,79,85,1,1,1
18,11,316,368,80,83,1,1,1
19,11,315,367,81,81,1,1,1
20,11,315,366,83,76,1,1,1
21,11,314,366,84,74,1,1,1
22,11,313,364,85,74,1,1,1
23,11,313,364,87,71,1,1,1
24,11,312,361,88,74,1,1,1
25,11,311,362,89,74,1,1,1
26,11,309,360,92,78,1,1,1
27,11,308,359,94,81,1,1,1
28,11,308,357,94,81,1,1,1
29,11,307,356,95,80,1,1,1
30,11,308,355,94,78,1,1,1
31,11,307,355,95,78,1,1,1
32,11,306,355,96,78,1,1,1
33,11,305,354,99,80,1,1,1
34,11,306,353,100,78,1,1,1
35,11,306,352,100,80,1,1,1
36,11,305,352,101,81,1,1,1
37,11,307,352,100,78,1,1,1
38,11,306,351,101,78,1,1,1
39,11,305,350,104,78,1,1,1
40,11,305,349,104,80,1,1,1
41,11,307,349,104,78,1,1,1
42,11,307,348,104,78,1,1,1
43,11,307,347,103,80,1,1,1
44,11,308,345,104,81,1,1,1
45,11,308,345,104,81,1,1,1
46,11,312,343,100,81,1,1,1
47,11,311,343,100,81,1,1,1
48,11,312,343,100,81,1,1,1
49,11,312,341,100,81,1,1,1
50,11,313,341,103,81,1,1,1
51,11,314,340,101,83,1,1,1
52,11,315,340,101,83,1,1,1
53,11,316,340,100,83,1,1,1
54,11,316,340,101,83,1,1,1
55,11,318,339,100,85,1,1,1
56,11,319,338,100,83,1,1,1
57,11,319,337,100,85,1,1,1
58,11,320,337,99,85,1,1,1
59,11,321,337,99,85,1,1,1
60,11,323,335,98,87,1,1,1
61,11,323,334,99,88,1,1,1
62,11,324,334,98,88,1,1,1
63,11,324,334,99,88,1,1,1
64,11,326,332,98,88,1,1,1
65,11,328,332,96,88,1,1,1
66,11,329,332,96,88,1,1,1
67,11,329,332,96,88,1,1,1
68,11,331,331,96,90,1,1,1
69,11,331,329,96,90,1,1,1
70,11,332,329,96,90,1,1,1
71,11,333,328,95,90,1,1,1
72,11,333,328,95,90,1,1,1
73,11,334,328,95,90,1,1,1
74,11,334,328,96,90,1,1,1
75,11,335,327,95,90,1,1,1
76,11,337,326,95,90,1,1,1
77,11,337,325,95,92,1,1,1
78,11,338,323,95,92,1,1,1
79,11,339,323,94,92,1,1,1
80,11,340,323,94,92,1,1,1
81,11,340,323,94,92,1,1,1
82,11,339,322,95,94,1,1,1
83,11,342,320,92,94,1,1,1
84,11,344,321,92,92,1,1,1
85,11,343,319,92,94,1,1,1
86,11,345,320,92,92,1,1,1
87,11,347,318,89,92,1,1,1
88,11,347,318,91,92,1,1,1
89,11,347,319,91,90,1,1,1
90,11,346,318,92,92,1,1,1
91,11,347,318,92,92,1,1,1
92,11,348,316,91,92,1,1,1
93,11,349,316,92,92,1,1,1
94,11,348,316,92,92,1,1,1
95,11,350,313,92,94,1,1,1
96,11,350,313,92,94,1,1,1
97,11,350,312,92,94,1,1,1
98,11,352,312,91,92,1,1,1
99,11,356,312,88,90,1,1,1
100,11,354,313,88,90,1,1,1
101,11,356,312,88,90,1,1,1
102,11,358,310,91,91,1,1,1
103,11,368,310,77,76,1,1,1
104,11,373,310,72,71,1,1,1
105,11,375,310,71,69,1,1,1
106,11,374,309,72,69,1,1,1
107,11,376,308,72,69,1,1,1
108,11,378,307,70,67,1,1,1
109,11,375,307,75,71,1,1,1
110,11,376,306,74,69,1,1,1
111,11,378,305,72,67,1,1,1
112,11,378,304,72,69,1,1,1
113,11,378,305,72,67,1,1,1
114,11,378,303,72,69,1,1,1
115,11,380,303,72,69,1,1,1
116,11,380,303,72,69,1,1,1
117,11,379,303,74,69,1,1,1
118,11,379,303,74,69,1,1,1
119,11,380,302,74,69,1,1,1
120,11,380,302,74,71,1,1,1
121,11,380,300,74,71,1,1,1
122,11,382,300,74,71,1,1,1
123,11,382,299,74,72,1,1,1
124,11,382,299,74,72,1,1,1
125,11,381,299,76,72,1,1,1
126,11,382,299,76,72,1,1,1
127,11,382,297,76,74,1,1,1
128,11,382,297,76,72,1,1,1
129,11,384,296,75,71,1,1,1
130,11,383,295,76,74,1,1,1
131,11,384,296,76,72,1,1,1
132,11,385,296,76,71,1,1,1
133,11,385,296,75,69,1,1,1
134,11,385,295,75,71,1,1,1
135,11,387,294,75,71,1,1,1
136,11,386,293,76,74,1,1,1
137,11,386,292,76,72,1,1,1
138,11,386,292,76,72,1,1,1
139,11,386,292,77,72,1,1,1
140,11,386,291,77,74,1,1,1
141,11,387,292,76,72,1,1,1
142,11,387,291,77,74,1,1,1
143,11,386,291,79,74,1,1,1
144,11,385,290,80,76,1,1,1
145,11,386,288,80,76,1,1,1
146,11,387,288,80,76,1,1,1
147,11,386,288,80,74,1,1,1
148,11,388,287,80,74,1,1,1
149,11,386,287,84,74,1,1,1
150,11,388,285,84,76,1,1,1
151,11,388,286,83,74,1,1,1
152,11,389,285,81,76,1,1,1
153,11,388,285,83,76,1,1,1
154,11,388,284,83,74,1,1,1
155,11,390,284,81,74,1,1,1
156,11,389,284,83,74,1,1,1
157,11,391,283,83,76,1,1,1
158,11,390,282,84,74,1,1,1
159,11,390,282,84,74,1,1,1
160,11,392,282,84,74,1,1,1
161,11,391,282,84,74,1,1,1
162,11,391,280,84,76,1,1,1
163,11,390,280,85,76,1,1,1
164,11,392,280,84,74,1,1,1
165,11,392,280,84,74,1,1,1
166,11,392,280,88,74,1,1,1
167,11,390,280,88,76,1,1,1
168,11,393,278,85,76,1,1,1
169,11,390,277,88,78,1,1,1
170,11,391,278,87,76,1,1,1
171,11,394,276,85,76,1,1,1
172,11,392,276,88,76,1,1,1
173,11,391,277,89,78,1,1,1
174,11,391,276,89,80,1,1,1
175,11,389,276,91,80,1,1,1
176,11,390,274,92,81,1,1,1
177,11,391,274,91,80,1,1,1
178,11,390,274,92,81,1,1,1
179,11,390,273,92,81,1,1,1
180,11,391,274,92,80,1,1,1
181,11,394,273,89,78,1,1,1
182,11,393,273,92,78,1,1,1
183,11,393,273,91,78,1,1,1
184,11,396,272,88,76,1,1,1
185,11,390,272,94,81,1,1,1
186,11,392,272,92,80,1,1,1
187,11,390,272,95,81,1,1,1
188,11,391,271,95,81,1,1,1
189,11,391,271,95,83,1,1,1
190,11,392,271,96,83,1,1,1
191,11,394,269,95,80,1,1,1
192,11,394,268,95,81,1,1,1
193,11,395,268,94,81,1,1,1
194,11,397,269,92,78,1,1,1
195,11,394,268,96,81,1,1,1
196,11,394,268,96,81,1,1,1
197,11,393,268,96,81,1,1,1
198,11,396,267,94,80,1,1,1
199,11,398,267,92,80,1,1,1
200,11,400,265,92,80,1,1,1
201,11,399,265,92,80,1,1,1
202,11,400,264,92,81,1,1,1
203,11,408,264,84,74,1,1,1
204,11,400,264,92,83,1,1,1
205,11,411,264,83,72,1,1,1
206,11,408,264,85,74,1,1,1
207,11,410,264,84,72,1,1,1
208,11,411,262,83,72,1,1,1
209,11,410,263,84,74,1,1,1
210,11,411,262,84,72,1,1,1
211,11,411,262,84,72,1,1,1
212,11,403,261,92,81,1,1,1
213,11,403,261,92,81,1,1,1
214,11,406,261,89,78,1,1,1
215,11,402,261,95,81,1,1,1
216,11,400,259,96,85,1,1,1
217,11,401,260,96,83,1,1,1
218,11,401,260,96,83,1,1,1
219,11,403,259,96,81,1,1,1
220,11,402,258,96,83,1,1,1
221,11,400,258,99,83,1,1,1
222,11,404,258,96,83,1,1,1
223,11,404,257,96,81,1,1,1
224,11,405,257,95,81,1,1,1
225,11,405,257,96,81,1,1,1
226,11,407,256,96,81,1,1,1
227,11,410,256,92,78,1,1,1
228,11,408,256,94,78,1,1,1
229,11,410,256,92,76,1,1,1
230,11,409,256,94,78,1,1,1
231,11,409,255,94,80,1,1,1
232,11,411,254,92,78,1,1,1
233,11,410,253,94,80,1,1,1
234,11,412,254,92,78,1,1,1
235,11,412,254,94,78,1,1,1
236,11,412,254,94,78,1,1,1
237,11,412,253,94,80,1,1,1
238,11,411,253,95,78,1,1,1
239,11,411,253,96,80,1,1,1
240,11,410,252,96,81,1,1,1
241,11,411,254,98,78,1,1,1
242,11,413,254,98,76,1,1,1
243,11,413,255,98,76,1,1,1
244,11,414,255,98,76,1,1,1
245,11,412,256,100,74,1,1,1
246,11,414,256,100,72,1,1,1
247,11,413,258,101,72,1,1,1
248,11,414,259,100,71,1,1,1
249,11,418,261,98,71,1,1,1
250,11,419,261,98,71,1,1,1
251,11,422,262,96,71,1,1,1
252,11,426,262,92,71,1,1,1
253,11,427,262,92,72,1,1,1
254,11,430,262,89,71,1,1,1
255,11,433,263,88,71,1,1,1
256,11,434,263,87,69,1,1,1
257,11,438,263,84,67,1,1,1
258,11,439,262,84,65,1,1,1
259,11,439,262,85,65,1,1,1
260,11,439,263,88,64,1,1,1
261,11,439,262,88,62,1,1,1
262,11,438,263,89,60,1,1,1
263,11,438,263,89,56,1,1,1
264,11,438,263,92,56,1,1,1
265,11,436,263,92,53,1,1,1
266,11,435,262,96,40,1,1,1
267,11,434,262,98,44,1,1,1
268,11,432,260,100,44,1,1,1
269,11,431,260,103,44,1,1,1
270,11,430,259,105,42,1,1,1
271,11,429,258,108,37,1,1,1
272,11,428,259,110,35,1,1,1
273,11,426,257,114,35,1,1,1
274,11,426,257,112,32,1,1,1
275,11,428,256,112,30,1,1,1
276,11,430,256,112,30,1,1,1
277,11,432,256,112,32,1,1,1
278,11,428,254,116,32,1,1,1
279,11,433,254,112,32,1,1,1
280,11,429,254,118,32,1,1,1
281,11,431,254,116,32,1,1,1
282,11,432,253,118,33,1,1,1
283,11,432,254,118,32,1,1,1
284,11,432,254,120,32,1,1,1
285,11,433,254,120,32,1,1,1
286,11,432,254,121,32,1,1,1
287,11,434,254,120,32,1,1,1
288,11,438,254,119,32,1,1,1
289,11,438,254,119,32,1,1,1
290,11,442,255,116,30,1,1,1
291,11,443,254,116,32,1,1,1
292,11,442,254,120,32,1,1,1
293,11,443,254,119,32,1,1,1
294,11,445,254,118,32,1,1,1
295,11,447,254,118,32,1,1,1
296,11,448,255,116,30,1,1,1
297,11,449,254,118,32,1,1,1
298,11,450,254,119,32,1,1,1
299,11,462,254,108,30,1,1,1
300,11,461,255,111,30,1,1,1
301,11,460,254,112,32,1,1,1
302,11,461,253,112,33,1,1,1
303,11,462,254,111,32,1,1,1
304,11,463,254,111,32,1,1,1
305,11,461,254,115,32,1,1,1
306,11,462,253,116,33,1,1,1
307,11,462,254,116,32,1,1,1
308,11,461,253,118,33,1,1,1
309,11,462,253,119,33,1,1,1
310,11,464,254,118,32,1,1,1
311,11,463,254,119,32,1,1,1
312,11,466,254,119,30,1,1,1
313,11,467,253,120,30,1,1,1
314,11,466,253,120,30,1,1,1
315,11,466,254,120,28,1,1,1
316,11,468,254,120,28,1,1,1
317,11,480,252,108,24,1,1,1
318,11,475,253,114,23,1,1,1
319,11,477,254,112,24,1,1,1
320,11,480,252,112,21,1,1,1
321,11,482,252,111,21,1,1,1
322,11,478,252,116,21,1,1,1
323,11,478,253,119,23,1,1,1
324,11,478,252,119,21,1,1,1
325,11,477,253,120,19,1,1,1
326,11,478,253,119,19,1,1,1
327,11,481,253,119,19,1,1,1
328,11,486,253,114,19,1,1,1
329,11,490,252,111,21,1,1,1
330,11,484,252,118,17,1,1,1
331,11,498,251,104,19,1,1,1
332,11,493,251,110,19,1,1,1
333,11,500,251,104,19,1,1,1
334,11,503,251,104,19,1,1,1
335,11,506,251,101,19,1,1,1
336,11,502,251,104,19,1,1,1
337,11,506,251,103,19,1,1,1
338,11,504,251,105,19,1,1,1
339,11,506,251,105,19,1,1,1
340,11,505,251,107,19,1,1,1
341,11,502,251,110,19,1,1,1
342,11,508,251,104,19,1,1,1
343,11,509,251,104,19,1,1,1
344,11,509,251,104,19,1,1,1
345,11,508,251,107,19,1,1,1
346,11,509,252,107,17,1,1,1
347,11,510,251,108,19,1,1,1
348,11,510,251,108,19,1,1,1
349,11,512,251,108,19,1,1,1
350,11,512,251,108,19,1,1,1
351,11,512,251,108,19,1,1,1
352,11,515,251,107,19,1,1,1
353,11,515,251,107,19,1,1,1
354,11,514,250,108,17,1,1,1
355,11,515,250,108,17,1,1,1
356,11,520,250,104,17,1,1,1
357,11,523,250,104,17,1,1,1
358,11,522,250,105,17,1,1,1
359,11,524,249,104,19,1,1,1
360,11,523,249,105,19,1,1,1
361,11,525,249,104,19,1,1,1
362,11,524,250,107,17,1,1,1
363,11,526,250,104,17,1,1,1
364,11,523,249,108,19,1,1,1
365,11,522,250,111,17,1,1,1
366,11,524,249,110,19,1,1,1
367,11,526,249,108,19,1,1,1
368,11,527,249,108,19,1,1,1
369,11,528,249,108,19,1,1,1
370,11,528,249,108,19,1,1,1
371,11,528,249,108,19,1,1,1
372,11,528,249,108,19,1,1,1
373,11,528,249,110,19,1,1,1
374,11,528,250,112,17,1,1,1
375,11,528,250,112,17,1,1,1
376,11,529,250,112,17,1,1,1
377,11,529,250,112,17,1,1,1
378,11,530,250,114,17,1,1,1
379,11,529,249,116,19,1,1,1
380,11,528,249,116,19,1,1,1
381,11,528,250,118,17,1,1,1
382,11,530,250,116,17,1,1,1
383,11,530,249,116,19,1,1,1
384,11,529,249,118,19,1,1,1
385,11,532,249,116,19,1,1,1
386,11,533,250,116,17,1,1,1
387,11,532,249,116,19,1,1,1
388,11,534,250,116,17,1,1,1
389,11,535,250,116,17,1,1,1
390,11,534,249,118,19,1,1,1
391,11,534,249,119,19,1,1,1
392,11,536,249,118,19,1,1,1
393,11,536,248,118,21,1,1,1
394,11,537,249,118,19,1,1,1
395,11,540,248,116,19,1,1,1
396,11,540,250,116,17,1,1,1
397,11,540,250,116,17,1,1,1
398,11,542,250,116,17,1,1,1
399,11,541,250,118,17,1,1,1
400,11,544,250,116,17,1,1,1
401,11,545,250,116,17,1,1,1
402,11,547,249,115,17,1,1,1
403,11,546,250,116,17,1,1,1
404,11,545,248,118,19,1,1,1
405,11,548,248,116,19,1,1,1
406,11,549,248,116,19,1,1,1
407,11,548,248,116,19,1,1,1
408,11,550,250,116,17,1,1,1
409,11,552,250,114,17,1,1,1
410,11,552,250,114,17,1,1,1
411,11,564,248,104,19,1,1,1
412,11,564,248,104,19,1,1,1
413,11,560,248,110,19,1,1,1
414,11,561,249,111,19,1,1,1
415,11,561,248,110,19,1,1,1
416,11,561,249,110,19,1,1,1
417,11,561,249,110,19,1,1,1
418,11,562,249,110,19,1,1,1
419,11,561,249,112,19,1,1,1
420,11,563,249,112,19,1,1,1
421,11,571,250,104,17,1,1,1
422,11,571,250,103,17,1,1,1
423,11,573,250,103,17,1,1,1
424,11,583,250,92,17,1,1,1
425,11,582,249,95,17,1,1,1
426,11,582,250,95,17,1,1,1
427,11,580,250,99,17,1,1,1
428,11,580,250,99,17,1,1,1
429,11,584,250,96,17,1,1,1
430,11,582,250,100,17,1,1,1
431,11,578,249,103,19,1,1,1
432,11,577,250,105,17,1,1,1
433,11,579,250,103,17,1,1,1
434,11,580,250,104,17,1,1,1
435,11,578,250,104,17,1,1,1
436,11,580,250,104,17,1,1,1
437,11,580,250,104,17,1,1,1
438,11,571,250,114,17,1,1,1
439,11,574,250,112,17,1,1,1
440,11,579,250,108,17,1,1,1
441,11,576,249,112,19,1,1,1
442,11,574,248,114,19,1,1,1
443,11,575,250,115,17,1,1,1
444,11,577,249,112,19,1,1,1
445,11,579,249,112,19,1,1,1
446,11,579,249,111,19,1,1,1
447,11,579,249,111,19,1,1,1
448,11,581,249,111,19,1,1,1
449,11,581,248,111,21,1,1,1
450,11,581,248,111,21,1,1,1
451,11,581,248,111,24,1,1,1
452,11,581,248,110,26,1,1,1
453,11,583,247,108,28,1,1,1
454,11,584,245,107,32,1,1,1
455,11,589,246,103,33,1,1,1
456,11,593,245,98,35,1,1,1
457,11,596,244,94,40,1,1,1
458,11,599,243,89,42,1,1,1
459,11,595,242,94,44,1,1,1
460,11,595,242,92,44,1,1,1
461,11,600,241,88,46,1,1,1
462,11,601,240,87,49,1,1,1
463,11,606,240,80,51,1,1,1
464,11,607,239,80,53,1,1,1
465,11,609,238,77,56,1,1,1
466,11,612,237,75,58,1,1,1
467,11,615,237,72,58,1,1,1
468,11,614,235,72,62,1,1,1
469,11,616,234,72,64,1,1,1
470,11,617,233,71,65,1,1,1
471,11,617,232,70,67,1,1,1
472,11,619,232,70,69,1,1,1
473,11,619,231,70,71,1,1,1
474,11,619,229,71,74,1,1,1
475,11,621,228,71,76,1,1,1
476,11,620,226,72,80,1,1,1
477,11,619,224,74,81,1,1,1
478,11,622,223,71,83,1,1,1
479,11,645,224,49,83,1,1,1
480,11,646,224,49,83,1,1,1
481,11,648,223,48,85,1,1,1
482,11,649,225,47,85,1,1,1
483,11,648,222,49,88,1,1,1
484,11,651,223,48,90,1,1,1
485,11,651,222,48,92,1,1,1
486,11,652,219,48,94,1,1,1
487,11,648,217,51,99,1,1,1
488,11,650,219,48,97,1,1,1
489,11,652,219,48,97,1,1,1
490,11,652,220,48,99,1,1,1
491,11,650,218,52,103,1,1,1
492,11,652,219,49,101,1,1,1
493,11,650,216,52,106,1,1,1
494,11,651,216,51,108,1,1,1
495,11,651,217,51,108,1,1,1
496,11,652,217,49,108,1,1,1
497,11,653,218,48,110,1,1,1
498,11,653,218,48,110,1,1,1
499,11,654,227,47,103,1,1,1
500,11,654,229,47,103,1,1,1
501,11,654,228,47,104,1,1,1
502,11,654,229,47,106,1,1,1
503,11,656,237,44,97,1,1,1
504,11,654,233,47,101,1,1,1
505,11,654,227,48,110,1,1,1
506,11,654,232,48,106,1,1,1
507,11,651,229,51,110,1,1,1
508,11,653,234,48,106,1,1,1
509,11,653,233,48,108,1,1,1
510,11,652,232,49,110,1,1,1
511,11,654,235,47,108,1,1,1
512,11,655,235,48,108,1,1,1
513,11,654,237,47,108,1,1,1
514,11,657,240,45,104,1,1,1
515,11,658,243,44,103,1,1,1
516,11,661,244,42,104,1,1,1
517,11,661,243,42,106,1,1,1
518,11,659,242,43,108,1,1,1
519,11,674,256,28,94,1,1,1
520,11,670,252,32,99,1,1,1
521,11,665,247,37,106,1,1,1
522,11,670,248,33,106,1,1,1
523,11,668,248,35,106,1,1,1
524,11,670,251,32,104,1,1,1
525,11,682,262,21,94,1,1,1
526,11,681,260,22,97,1,1,1
527,11,681,260,23,97,1,1,1
528,11,681,262,23,97,1,1,1
529,11,681,257,23,103,1,1,1
530,11,681,260,23,101,1,1,1
531,11,681,258,23,104,1,1,1
532,11,681,256,23,106,1,1,1
533,11,680,257,24,106,1,1,1
534,11,680,256,24,110,1,1,1
535,11,680,259,24,106,1,1,1
536,11,680,258,24,108,1,1,1
537,11,680,261,24,106,1,1,1
538,11,678,260,24,108,1,1,1
539,11,678,263,26,106,1,1,1
540,11,678,263,26,106,1,1,1
541,11,678,264,26,106,1,1,1
542,11,678,261,26,110,1,1,1
543,11,678,265,26,106,1,1,1
544,11,678,265,28,108,1,1,1
545,11,678,264,28,110,1,1,1
546,11,678,264,28,110,1,1,1
547,11,678,264,28,110,1,1,1
548,11,678,266,28,110,1,1,1
549,11,676,269,30,108,1,1,1
550,11,677,269,31,108,1,1,1
551,11,676,268,30,110,1,1,1
552,11,677,270,31,110,1,1,1
553,11,677,269,31,112,1,1,1
554,11,676,272,32,110,1,1,1
555,11,676,271,32,112,1,1,1
556,11,676,271,32,112,1,1,1
557,11,676,270,33,113,1,1,1
558,11,676,269,33,115,1,1,1
559,11,676,272,32,113,1,1,1
560,11,676,273,33,113,1,1,1
561,11,675,273,35,113,1,1,1
562,11,675,274,35,113,1,1,1
563,11,674,274,36,113,1,1,1
564,11,674,275,36,113,1,1,1
565,11,674,274,36,115,1,1,1
566,11,674,274,36,115,1,1,1
567,11,674,277,36,113,1,1,1
568,11,674,277,36,113,1,1,1
569,11,674,279,36,113,1,1,1
570,11,673,278,39,115,1,1,1
571,11,673,281,37,113,1,1,1
572,11,673,280,39,115,1,1,1
573,11,673,282,39,113,1,1,1
574,11,673,284,39,113,1,1,1
575,11,672,283,40,115,1,1,1
576,11,672,284,40,113,1,1,1
577,11,672,284,40,113,1,1,1
578,11,670,286,42,113,1,1,1
579,11,670,286,42,113,1,1,1
580,11,670,285,42,115,1,1,1
581,11,670,285,42,115,1,1,1
582,11,669,287,43,115,1,1,1
583,11,669,287,43,115,1,1,1
584,11,669,289,43,113,1,1,1
585,11,669,292,43,112,1,1,1
586,11,670,291,42,113,1,1,1
587,11,670,291,42,113,1,1,1
588,11,669,293,43,113,1,1,1
589,11,669,293,44,113,1,1,1
590,11,669,296,44,112,1,1,1
591,11,669,295,44,113,1,1,1
592,11,668,297,44,112,1,1,1
593,11,669,297,44,112,1,1,1
594,11,669,298,44,110,1,1,1
595,11,669,299,44,112,1,1,1
596,11,667,302,44,110,1,1,1
597,11,667,302,44,110,1,1,1
598,11,667,304,44,108,1,1,1
599,11,666,304,44,108,1,1,1
600,11,666,304,44,108,1,1,1
601,11,666,304,44,110,1,1,1
602,11,666,306,44,108,1,1,1
603,11,666,305,44,110,1,1,1
604,11,666,306,44,108,1,1,1
605,11,666,308,44,108,1,1,1
606,11,666,307,44,110,1,1,1
607,11,666,307,44,110,1,1,1
608,11,665,310,44,108,1,1,1
609,11,665,310,44,108,1,1,1
610,11,665,309,44,110,1,1,1
611,11,664,311,44,110,1,1,1
612,11,664,311,45,110,1,1,1
613,11,663,310,47,112,1,1,1
614,11,662,311,47,110,1,1,1
615,11,663,310,48,112,1,1,1
616,11,662,312,47,110,1,1,1
617,11,662,315,47,108,1,1,1
618,11,662,315,47,108,1,1,1
619,11,662,315,47,108,1,1,1
620,11,662,315,47,108,1,1,1
621,11,662,316,47,110,1,1,1
622,11,661,316,47,110,1,1,1
623,11,660,316,48,110,1,1,1
624,11,661,317,47,110,1,1,1
625,11,661,318,47,110,1,1,1
626,11,661,318,47,110,1,1,1
627,11,659,320,47,108,1,1,1
628,11,659,320,47,108,1,1,1
629,11,659,320,47,110,1,1,1
630,11,660,322,45,108,1,1,1
631,11,659,321,47,110,1,1,1
632,11,658,322,47,108,1,1,1
633,11,659,323,48,110,1,1,1
634,11,659,324,48,108,1,1,1
635,11,659,323,48,110,1,1,1
636,11,659,326,48,108,1,1,1
637,11,658,326,48,108,1,1,1
638,11,658,326,48,108,1,1,1
639,11,657,327,48,108,1,1,1
640,11,657,325,49,110,1,1,1
641,11,657,327,49,110,1,1,1
642,11,656,328,49,108,1,1,1
643,11,656,329,49,108,1,1,1
644,11,656,329,49,108,1,1,1
645,11,656,329,49,108,1,1,1
646,11,655,329,51,108,1,1,1
647,11,655,330,51,110,1,1,1
648,11,655,331,49,108,1,1,1
649,11,655,331,49,108,1,1,1
650,11,655,330,49,110,1,1,1
651,11,655,332,49,110,1,1,1
652,11,655,333,49,108,1,1,1
653,11,654,335,49,106,1,1,1
654,11,654,335,49,108,1,1,1
655,11,652,335,51,108,1,1,1
656,11,652,335,51,108,1,1,1
657,11,652,337,51,106,1,1,1
658,11,652,336,51,108,1,1,1
659,11,652,336,51,110,1,1,1
660,11,651,337,52,108,1,1,1
661,11,651,337,52,108,1,1,1
662,11,651,339,52,106,1,1,1
663,11,651,341,52,106,1,1,1
664,11,651,342,52,104,1,1,1
665,11,651,345,52,101,1,1,1
666,11,651,346,52,103,1,1,1
667,11,651,347,52,101,1,1,1
668,11,650,350,54,99,1,1,1
669,11,650,349,55,101,1,1,1
670,11,650,349,55,101,1,1,1
671,11,648,351,56,99,1,1,1
672,11,648,351,56,101,1,1,1
673,11,648,352,56,99,1,1,1
674,11,648,352,56,99,1,1,1
675,11,649,352,56,99,1,1,1
676,11,648,351,56,101,1,1,1
677,11,648,350,57,103,1,1,1
678,11,648,350,57,103,1,1,1
679,11,647,352,59,103,1,1,1
680,11,647,351,59,103,1,1,1
681,11,647,352,59,103,1,1,1
682,11,647,352,59,104,1,1,1
683,11,647,353,59,103,1,1,1
684,11,645,354,59,101,1,1,1
685,11,645,354,59,101,1,1,1
686,11,645,356,59,101,1,1,1
687,11,644,355,60,103,1,1,1
688,11,644,354,60,104,1,1,1
689,11,644,354,60,104,1,1,1
690,11,644,355,60,103,1,1,1
691,11,644,355,60,103,1,1,1
692,11,644,356,62,103,1,1,1
693,11,643,357,63,103,1,1,1
694,11,643,357,63,103,1,1,1
695,11,643,357,63,103,1,1,1
696,11,643,359,64,103,1,1,1
697,11,643,360,64,101,1,1,1
698,11,643,359,64,103,1,1,1
699,11,643,361,64,101,1,1,1
700,11,643,361,64,101,1,1,1
701,11,643,361,64,101,1,1,1
702,11,642,363,64,101,1,1,1
703,11,642,364,64,99,1,1,1
704,11,642,363,64,101,1,1,1
705,11,642,364,64,99,1,1,1
706,11,641,364,65,99,1,1,1
707,11,641,366,64,99,1,1,1
708,11,641,365,64,101,1,1,1
709,11,641,367,64,99,1,1,1
710,11,641,368,64,99,1,1,1
711,11,640,369,65,99,1,1,1
712,11,640,369,65,99,1,1,1
713,11,640,369,65,99,1,1,1
714,11,640,369,65,99,1,1,1
715,11,640,369,65,99,1,1,1
716,11,639,369,67,99,1,1,1
717,11,639,371,67,99,1,1,1
718,11,638,370,68,101,1,1,1
719,11,638,370,68,101,1,1,1
720,11,636,371,68,99,1,1,1
721,11,637,370,68,101,1,1,1
722,11,636,370,68,101,1,1,1
723,11,636,371,68,99,1,1,1
724,11,637,373,68,99,1,1,1
725,11,637,373,68,99,1,1,1
726,11,637,373,68,99,1,1,1
727,11,636,375,70,99,1,1,1
728,11,636,376,68,97,1,1,1
729,11,636,376,70,97,1,1,1
730,11,636,376,68,97,1,1,1
731,11,636,377,68,97,1,1,1
732,11,636,377,68,97,1,1,1
733,11,635,378,68,96,1,1,1
734,11,633,378,70,96,1,1,1
735,11,633,379,70,94,1,1,1
736,11,632,381,72,94,1,1,1
737,11,632,381,72,94,1,1,1
738,11,630,382,74,92,1,1,1
739,11,629,382,74,92,1,1,1
740,11,628,384,75,90,1,1,1
741,11,628,384,75,90,1,1,1
742,11,627,384,74,90,1,1,1
743,11,626,383,74,90,1,1,1
744,11,626,383,72,90,1,1,1
745,11,626,385,68,88,1,1,1
746,11,625,385,68,88,1,1,1
747,11,623,383,68,90,1,1,1
748,11,623,383,65,90,1,1,1
749,11,622,385,65,88,1,1,1
750,11,622,385,64,88,1,1,1
751,11,620,385,64,88,1,1,1
752,11,620,386,64,88,1,1,1
753,11,620,388,64,87,1,1,1
754,11,620,388,64,87,1,1,1
755,11,620,388,65,87,1,1,1
756,11,619,393,67,83,1,1,1
757,11,618,393,68,83,1,1,1
758,11,619,407,68,71,1,1,1
759,11,617,401,71,78,1,1,1
760,11,617,400,71,80,1,1,1
761,11,617,399,72,83,1,1,1
762,11,617,401,74,81,1,1,1
763,11,617,402,76,81,1,1,1
764,11,616,404,76,80,1,1,1
765,11,615,407,79,78,1,1,1
766,11,616,408,80,78,1,1,1
767,11,615,408,81,78,1,1,1
768,11,614,410,84,78,1,1,1
769,11,615,410,84,78,1,1,1
770,11,614,416,85,74,1,1,1
771,11,612,417,88,74,1,1,1
772,11,613,417,88,74,1,1,1
773,11,612,419,89,71,1,1,1
774,11,610,421,92,71,1,1,1
775,11,610,423,92,71,1,1,1
776,11,610,424,92,69,1,1,1
777,11,608,425,92,69,1,1,1
778,11,609,425,92,69,1,1,1
779,11,607,428,92,67,1,1,1
780,11,606,428,92,67,1,1,1
781,11,605,429,94,69,1,1,1
782,11,604,429,94,69,1,1,1
783,11,604,429,92,69,1,1,1
784,11,603,429,91,69,1,1,1
785,11,602,428,88,71,1,1,1
786,11,602,428,89,71,1,1,1
787,11,600,427,88,72,1,1,1
788,11,600,426,88,74,1,1,1
789,11,598,426,88,74,1,1,1
790,11,599,425,89,76,1,1,1
791,11,597,425,88,76,1,1,1
792,11,595,424,87,78,1,1,1
793,11,596,424,89,78,1,1,1
794,11,594,424,87,80,1,1,1
795,11,594,423,87,81,1,1,1
796,11,592,423,88,81,1,1,1
797,11,592,423,88,81,1,1,1
798,11,591,424,87,81,1,1,1
799,11,591,424,87,81,1,1,1
800,11,590,424,85,81,1,1,1
801,11,590,424,85,81,1,1,1
802,11,588,424,83,81,1,1,1
803,11,588,424,84,83,1,1,1
804,11,587,424,84,83,1,1,1
805,11,586,426,84,81,1,1,1
806,11,586,425,84,83,1,1,1
807,11,585,426,84,81,1,1,1
808,11,584,428,84,81,1,1,1
809,11,584,428,83,81,1,1,1
810,11,582,428,84,81,1,1,1
811,11,583,431,83,78,1,1,1
812,11,582,430,84,81,1,1,1
813,11,580,431,84,80,1,1,1
814,11,580,430,85,81,1,1,1
815,11,580,433,84,78,1,1,1
816,11,578,432,87,81,1,1,1
817,11,578,436,85,76,1,1,1
818,11,577,437,87,74,1,1,1
819,11,577,439,85,74,1,1,1
820,11,575,438,87,76,1,1,1
821,11,575,440,87,74,1,1,1
822,11,575,442,87,71,1,1,1
823,11,574,443,88,72,1,1,1
824,11,572,443,89,72,1,1,1
825,11,572,442,91,74,1,1,1
826,11,572,445,91,71,1,1,1
827,11,570,445,92,72,1,1,1
828,11,570,445,92,72,1,1,1
829,11,570,448,92,69,1,1,1
830,11,568,450,92,69,1,1,1
831,11,569,450,92,69,1,1,1
832,11,569,450,92,69,1,1,1
833,11,568,450,94,69,1,1,1
834,11,568,451,92,67,1,1,1
835,11,566,453,94,67,1,1,1
836,11,566,453,94,67,1,1,1
837,11,566,453,95,67,1,1,1
838,11,564,455,96,67,1,1,1
839,11,564,455,96,67,1,1,1
840,11,564,456,96,67,1,1,1
841,11,564,457,94,65,1,1,1
842,11,563,456,96,67,1,1,1
843,11,562,456,98,67,1,1,1
844,11,561,459,96,65,1,1,1
845,11,561,458,96,67,1,1,1
846,11,560,458,96,67,1,1,1
847,11,560,458,96,67,1,1,1
848,11,559,458,99,67,1,1,1
849,11,558,461,96,65,1,1,1
850,11,558,461,98,65,1,1,1
851,11,556,464,96,64,1,1,1
852,11,556,463,96,65,1,1,1
853,11,556,463,96,65,1,1,1
854,11,556,463,96,65,1,1,1
855,11,554,464,98,65,1,1,1
856,11,554,464,100,65,1,1,1
857,11,554,464,100,65,1,1,1
858,11,552,464,99,65,1,1,1
859,11,553,464,100,65,1,1,1
860,11,552,464,100,67,1,1,1
861,11,551,464,98,67,1,1,1
862,11,550,466,96,65,1,1,1
863,11,550,464,98,67,1,1,1
864,11,551,464,99,67,1,1,1
865,11,550,464,100,67,1,1,1
866,11,548,465,98,67,1,1,1
867,11,547,465,100,67,1,1,1
868,11,547,465,100,67,1,1,1
869,11,546,465,100,67,1,1,1
870,11,547,467,99,67,1,1,1
871,11,547,467,99,67,1,1,1
872,11,545,467,99,67,1,1,1
873,11,545,467,99,67,1,1,1
874,11,545,467,100,67,1,1,1
875,11,544,467,100,67,1,1,1
876,11,543,467,100,67,1,1,1
877,11,542,468,101,69,1,1,1
878,11,542,469,100,67,1,1,1
879,11,541,469,99,67,1,1,1
880,11,541,469,99,67,1,1,1
881,11,540,470,99,67,1,1,1
882,11,541,470,100,67,1,1,1
883,11,540,470,100,67,1,1,1
884,11,540,470,100,69,1,1,1
885,11,538,470,100,69,1,1,1
886,11,538,471,100,67,1,1,1
887,11,538,470,100,69,1,1,1
888,11,536,470,100,69,1,1,1
889,11,536,470,100,69,1,1,1
890,11,536,472,100,67,1,1,1
891,11,535,472,100,69,1,1,1
892,11,535,472,100,69,1,1,1
893,11,534,472,100,69,1,1,1
894,11,534,472,100,69,1,1,1
895,11,534,472,100,69,1,1,1
896,11,533,472,99,69,1,1,1
897,11,533,472,100,69,1,1,1
898,11,532,472,100,69,1,1,1
899,11,532,474,100,67,1,1,1
900,11,532,473,100,69,1,1,1
901,11,531,473,100,69,1,1,1
902,11,530,473,100,69,1,1,1
903,11,530,473,100,69,1,1,1
904,11,529,475,100,69,1,1,1
905,11,529,475,100,69,1,1,1
906,11,527,475,100,69,1,1,1
907,11,528,475,99,69,1,1,1
908,11,528,475,99,69,1,1,1
909,11,527,475,99,69,1,1,1
910,11,526,475,98,69,1,1,1
911,11,526,475,98,69,1,1,1
912,11,525,475,99,69,1,1,1
913,11,524,477,99,69,1,1,1
914,11,524,477,98,69,1,1,1
915,11,524,477,98,69,1,1,1
916,11,524,477,99,69,1,1,1
917,11,524,477,99,69,1,1,1
918,11,523,478,99,69,1,1,1
919,11,523,478,99,69,1,1,1
920,11,522,478,100,69,1,1,1
921,11,521,479,100,69,1,1,1
922,11,521,479,100,69,1,1,1
923,11,519,479,100,69,1,1,1
924,11,520,479,99,69,1,1,1
925,11,520,481,99,67,1,1,1
926,11,519,480,99,69,1,1,1
927,11,519,480,99,69,1,1,1
928,11,517,480,99,69,1,1,1
929,11,518,481,98,67,1,1,1
930,11,516,482,99,69,1,1,1
931,11,517,482,98,69,1,1,1
932,11,517,482,98,69,1,1,1
933,11,515,483,98,67,1,1,1
934,11,515,482,98,69,1,1,1
935,11,515,482,99,69,1,1,1
936,11,514,483,100,67,1,1,1
937,11,514,483,100,67,1,1,1
938,11,512,484,99,69,1,1,1
939,11,512,484,99,69,1,1,1
940,11,512,485,100,67,1,1,1
941,11,512,484,99,69,1,1,1
942,11,512,484,99,69,1,1,1
943,11,510,484,100,69,1,1,1
944,11,511,485,99,67,1,1,1
945,11,510,485,100,67,1,1,1
946,11,509,486,100,69,1,1,1
947,11,508,487,99,67,1,1,1
948,11,508,487,99,67,1,1,1
949,11,508,487,98,67,1,1,1
950,11,508,487,99,67,1,1,1
951,11,508,488,99,67,1,1,1
952,11,507,488,99,67,1,1,1
953,11,506,488,98,67,1,1,1
954,11,505,488,99,67,1,1,1
955,11,505,489,100,67,1,1,1
956,11,505,489,100,67,1,1,1
957,11,503,489,100,67,1,1,1
958,11,503,489,100,67,1,1,1
959,11,503,490,100,67,1,1,1
960,11,503,490,100,67,1,1,1
961,11,502,490,100,67,1,1,1
962,11,503,490,100,67,1,1,1
963,11,503,490,100,67,1,1,1
964,11,502,489,101,69,1,1,1
965,11,502,490,101,67,1,1,1
966,11,501,490,103,67,1,1,1
967,11,501,490,103,67,1,1,1
968,11,500,492,100,67,1,1,1
969,11,500,492,100,67,1,1,1
970,11,500,492,100,67,1,1,1
971,11,500,492,100,67,1,1,1
972,11,499,492,100,67,1,1,1
973,11,498,494,100,67,1,1,1
974,11,498,494,100,67,1,1,1
975,11,498,495,100,65,1,1,1
976,11,498,494,100,67,1,1,1
977,11,498,494,100,67,1,1,1
978,11,496,495,100,65,1,1,1
979,11,497,496,100,65,1,1,1
980,11,496,496,100,65,1,1,1
981,11,495,496,101,65,1,1,1
982,11,495,496,100,65,1,1,1
983,11,495,496,100,65,1,1,1
984,11,494,496,100,65,1,1,1
985,11,494,497,100,65,1,1,1
986,11,493,497,101,65,1,1,1
987,11,493,497,101,65,1,1,1
988,11,493,498,101,65,1,1,1
989,11,492,499,100,64,1,1,1
990,11,492,498,101,65,1,1,1
991,11,492,499,101,64,1,1,1
992,11,490,499,103,64,1,1,1
993,11,491,501,101,62,1,1,1
994,11,490,501,103,64,1,1,1
995,11,490,501,103,64,1,1,1
996,11,490,501,101,64,1,1,1
997,11,489,502,103,62,1,1,1
998,11,489,501,101,64,1,1,1
999,11,489,503,101,62,1,1,1
1000,11,488,503,100,62,1,1,1
1001,11,488,503,101,62,1,1,1
1002,11,488,503,101,62,1,1,1
1003,11,486,503,103,64,1,1,1
1004,11,486,504,103,62,1,1,1
1005,11,486,504,103,62,1,1,1
1006,11,486,504,103,62,1,1,1
1007,11,486,504,103,62,1,1,1
1008,11,484,504,104,62,1,1,1
1009,11,485,505,103,62,1,1,1
1010,11,484,505,104,62,1,1,1
1011,11,484,505,104,62,1,1,1
1012,11,483,505,103,62,1,1,1
1013,11,482,507,103,62,1,1,1
1014,11,482,505,103,62,1,1,1
1015,11,482,507,103,62,1,1,1
1016,11,482,507,101,62,1,1,1
1017,11,483,508,100,60,1,1,1
1018,11,481,507,103,62,1,1,1
1019,11,482,507,101,62,1,1,1
1020,11,482,508,101,60,1,1,1
1021,11,482,508,101,60,1,1,1
1022,11,481,508,101,60,1,1,1
1023,11,480,510,101,60,1,1,1
1024,11,480,510,101,60,1,1,1
1025,11,480,510,101,60,1,1,1
1026,11,478,510,103,60,1,1,1
1027,11,478,510,101,60,1,1,1
1028,11,478,510,101,60,1,1,1
1029,11,478,510,101,60,1,1,1
1030,11,477,510,103,60,1,1,1
1031,11,476,511,104,60,1,1,1
1032,11,476,511,104,60,1,1,1
1033,11,477,512,103,60,1,1,1
1034,11,476,512,104,60,1,1,1
1035,11,475,512,103,60,1,1,1
1036,11,475,511,104,60,1,1,1
1037,11,475,511,104,60,1,1,1
1038,11,475,512,104,60,1,1,1
1039,11,474,512,103,60,1,1,1
1040,11,474,512,103,60,1,1,1
1041,11,474,512,104,60,1,1,1
1042,11,474,512,104,60,1,1,1
1043,11,474,513,103,60,1,1,1
1044,11,473,513,103,60,1,1,1
1045,11,473,513,103,60,1,1,1
1046,11,473,513,103,60,1,1,1
1047,11,471,513,103,60,1,1,1
1048,11,471,513,103,60,1,1,1
1049,11,471,513,103,60,1,1,1
1050,11,470,515,103,60,1,1,1
1051,11,471,515,101,60,1,1,1
1052,11,470,515,103,60,1,1,1
1053,11,471,515,101,60,1,1,1
1054,11,470,515,103,60,1,1,1
1055,11,470,515,101,60,1,1,1
1056,11,469,515,103,60,1,1,1
1057,11,470,515,101,60,1,1,1
1058,11,469,515,103,60,1,1,1
1059,11,469,515,101,60,1,1,1
1060,11,467,515,103,60,1,1,1
1061,11,467,515,103,60,1,1,1
1062,11,468,515,101,60,1,1,1
1063,11,466,515,103,60,1,1,1
1064,11,466,517,101,60,1,1,1
1065,11,466,517,101,60,1,1,1
1066,11,467,517,100,60,1,1,1
1067,11,466,517,101,60,1,1,1
1068,11,466,517,101,60,1,1,1
1069,11,466,517,101,60,1,1,1
1070,11,465,517,103,60,1,1,1
1071,11,465,518,101,58,1,1,1
1072,11,465,517,101,60,1,1,1
1073,11,465,517,101,60,1,1,1
1074,11,463,519,100,58,1,1,1
1075,11,463,519,100,58,1,1,1
1076,11,463,519,100,58,1,1,1
1077,11,463,520,100,58,1,1,1
1078,11,462,518,101,58,1,1,1
1079,11,461,519,103,56,1,1,1
1080,11,460,519,104,56,1,1,1
1081,11,459,520,103,53,1,1,1
1082,11,459,520,104,53,1,1,1
1083,11,458,520,103,53,1,1,1
1084,11,457,519,100,53,1,1,1
1085,11,457,519,96,53,1,1,1
1086,11,456,518,94,55,1,1,1
1087,11,454,517,95,56,1,1,1
1088,11,454,514,96,58,1,1,1
1089,11,453,514,95,58,1,1,1
1090,11,452,514,94,58,1,1,1
1091,11,452,521,87,51,1,1,1
1092,11,450,519,92,53,1,1,1
1093,11,450,520,93,51,1,1,1
1094,11,448,522,93,49,1,1,1
1095,11,448,549,80,24,1,1,1
1096,11,448,549,80,24,1,1,1
1097,11,448,549,83,24,1,1,1
1098,11,446,549,85,24,1,1,1
1099,11,445,549,88,24,1,1,1
1100,11,444,549,91,24,1,1,1
1101,11,442,549,92,24,1,1,1
1102,11,443,550,92,26,1,1,1
1103,11,441,548,95,26,1,1,1
1104,11,440,550,96,26,1,1,1
1105,11,439,549,98,28,1,1,1
1106,11,438,549,100,28,1,1,1
1107,11,438,549,100,28,1,1,1
1108,11,437,549,103,28,1,1,1
1109,11,436,550,104,28,1,1,1
1110,11,435,550,105,28,1,1,1
1111,11,434,550,105,30,1,1,1
1112,11,433,550,108,30,1,1,1
1113,11,432,550,108,30,1,1,1
1114,11,431,549,108,32,1,1,1
1115,11,430,549,111,32,1,1,1
1116,11,428,549,112,32,1,1,1
1117,11,428,549,112,32,1,1,1
1118,11,426,548,114,33,1,1,1
1119,11,426,549,116,32,1,1,1
1120,11,424,548,115,33,1,1,1
1121,11,424,548,112,33,1,1,1
1122,11,422,548,114,33,1,1,1
1123,11,422,548,104,33,1,1,1
1124,11,420,548,104,33,1,1,1
1125,11,420,547,101,35,1,1,1
1126,11,419,547,107,35,1,1,1
1127,11,418,547,103,35,1,1,1
1128,11,417,547,104,35,1,1,1
1129,11,414,547,108,35,1,1,1
1130,11,415,546,110,37,1,1,1
1131,11,413,546,110,37,1,1,1
1132,11,412,546,108,37,1,1,1
1133,11,412,544,108,37,1,1,1
1134,11,410,544,108,37,1,1,1
1135,11,411,544,110,39,1,1,1
1136,11,410,544,108,39,1,1,1
1137,11,408,544,110,39,1,1,1
1138,11,407,543,112,40,1,1,1
1139,11,407,543,110,40,1,1,1
1140,11,404,543,112,40,1,1,1
1141,11,404,543,112,40,1,1,1
1142,11,402,544,110,39,1,1,1
1143,11,402,544,110,39,1,1,1
1144,11,401,544,110,39,1,1,1
1145,11,401,544,111,39,1,1,1
1146,11,399,543,111,40,1,1,1
1147,11,399,544,112,39,1,1,1
1148,11,397,549,107,35,1,1,1
1149,11,397,557,94,26,1,1,1
1150,11,397,558,95,24,1,1,1
1151,11,396,557,96,26,1,1,1
1152,11,396,559,94,26,1,1,1
1153,11,394,556,98,28,1,1,1
1154,11,392,556,99,28,1,1,1
1155,11,392,557,99,26,1,1,1
1156,11,390,557,100,26,1,1,1
1157,11,391,559,100,26,1,1,1
1158,11,389,559,103,26,1,1,1
1159,11,389,559,101,26,1,1,1
1160,11,387,559,103,26,1,1,1
1161,11,387,559,104,26,1,1,1
1162,11,386,559,104,26,1,1,1
1163,11,386,559,104,26,1,1,1
1164,11,384,561,105,24,1,1,1
1165,11,384,561,107,24,1,1,1
1166,11,384,561,105,24,1,1,1
1167,11,380,561,108,24,1,1,1
1168,11,381,561,108,24,1,1,1
1169,11,380,561,108,24,1,1,1
1170,11,380,561,108,24,1,1,1
1171,11,379,561,108,24,1,1,1
1172,11,378,561,108,24,1,1,1
1173,11,378,561,108,24,1,1,1
1174,11,376,562,110,23,1,1,1
1175,11,375,562,111,23,1,1,1
1176,11,375,562,110,23,1,1,1
1177,11,374,562,111,23,1,1,1
1178,11,373,562,110,23,1,1,1
1179,11,373,563,111,21,1,1,1
1180,11,372,563,112,21,1,1,1
1181,11,370,563,114,21,1,1,1
1182,11,370,562,114,23,1,1,1
1183,11,370,562,114,23,1,1,1
1184,11,368,563,115,21,1,1,1
1185,11,368,563,115,21,1,1,1
1186,11,368,563,115,21,1,1,1
1187,11,367,563,116,21,1,1,1
1188,11,366,562,119,23,1,1,1
1189,11,365,563,119,21,1,1,1
1190,11,364,563,118,21,1,1,1
1191,11,363,565,116,21,1,1,1
1192,11,362,564,119,19,1,1,1
1193,11,363,565,118,21,1,1,1
1194,11,362,565,119,21,1,1,1
1195,11,362,566,116,19,1,1,1
1196,11,360,566,116,19,1,1,1
1197,11,360,566,118,19,1,1,1
1198,11,358,566,119,19,1,1,1
1199,11,358,566,118,19,1,1,1
1200,11,356,566,120,19,1,1,1
1201,11,356,566,120,19,1,1,1
1202,11,356,566,120,19,1,1,1
1203,11,354,565,120,21,1,1,1
1204,11,355,566,120,19,1,1,1
1205,11,354,566,120,19,1,1,1
1206,11,354,566,120,19,1,1,1
1207,11,352,566,120,19,1,1,1
1208,11,352,566,120,19,1,1,1
1209,11,351,566,119,19,1,1,1
1210,11,350,566,121,19,1,1,1
1211,11,350,566,120,19,1,1,1
1212,11,349,566,120,19,1,1,1
1213,11,349,566,119,19,1,1,1
1214,11,347,563,119,21,1,1,1
1215,11,347,561,119,24,1,1,1
1216,11,348,560,118,26,1,1,1
1217,11,348,558,115,28,1,1,1
1218,11,348,558,115,28,1,1,1
1219,11,347,557,111,30,1,1,1
1220,11,348,552,107,35,1,1,1
1221,11,347,552,105,37,1,1,1
1222,11,348,550,100,39,1,1,1
1223,11,347,548,103,40,1,1,1
1224,11,348,547,100,42,1,1,1
1225,11,348,546,100,44,1,1,1
1226,11,348,545,96,46,1,1,1
1227,11,348,544,96,48,1,1,1
1228,11,346,544,94,49,1,1,1
1229,11,347,543,91,49,1,1,1
1230,11,346,542,88,51,1,1,1
1231,11,346,541,87,53,1,1,1
1232,11,345,540,87,56,1,1,1
1233,11,344,540,88,56,1,1,1
1234,11,343,539,87,58,1,1,1
1235,11,342,539,88,58,1,1,1
1236,11,341,538,89,60,1,1,1
1237,11,340,537,89,62,1,1,1
1238,11,339,536,91,65,1,1,1
1239,11,337,537,91,65,1,1,1
1240,11,336,537,91,65,1,1,1
1241,11,335,536,92,67,1,1,1
1242,11,335,535,91,69,1,1,1
1243,11,332,535,94,71,1,1,1
1244,11,330,533,94,74,1,1,1
1245,11,329,532,88,76,1,1,1
1246,11,329,531,88,78,1,1,1
1247,11,328,532,88,80,1,1,1
1248,11,326,530,87,81,1,1,1
1249,11,326,529,87,83,1,1,1
1250,11,325,528,85,83,1,1,1
1251,11,324,528,84,85,1,1,1
1252,11,323,527,81,85,1,1,1
1253,11,322,525,81,87,1,1,1
1254,11,321,524,81,88,1,1,1
1255,11,320,521,80,90,1,1,1
1256,11,320,521,80,90,1,1,1
1257,11,320,520,80,90,1,1,1
1258,11,318,519,79,88,1,1,1
1259,11,319,517,80,88,1,1,1
1260,11,318,517,80,88,1,1,1
1261,11,316,515,81,85,1,1,1
1262,11,316,514,81,83,1,1,1
1263,11,314,513,84,81,1,1,1
1264,11,314,511,84,83,1,1,1
1265,11,314,510,84,81,1,1,1
1266,11,314,508,84,81,1,1,1
1267,11,313,508,83,78,1,1,1
1268,11,312,506,84,78,1,1,1
1269,11,311,505,83,76,1,1,1
1270,11,310,504,84,78,1,1,1
1271,11,310,503,84,78,1,1,1
1272,11,310,502,84,78,1,1,1
1273,11,309,500,83,80,1,1,1
1274,11,308,500,83,80,1,1,1
1275,11,308,498,81,81,1,1,1
1276,11,308,499,84,81,1,1,1
1277,11,307,497,84,81,1,1,1
1278,11,306,496,84,83,1,1,1
1279,11,304,496,80,83,1,1,1
1280,11,305,494,80,85,1,1,1
1281,11,303,492,79,88,1,1,1
1282,11,302,492,79,88,1,1,1
1283,11,303,491,80,90,1,1,1
1284,11,302,489,79,90,1,1,1
1285,11,300,488,77,92,1,1,1
1286,11,299,488,76,92,1,1,1
1287,11,299,486,75,94,1,1,1
1288,11,297,486,75,94,1,1,1
1289,11,297,486,75,94,1,1,1
1290,11,297,485,72,96,1,1,1
1291,11,296,484,72,97,1,1,1
1292,11,295,481,71,99,1,1,1
1293,11,294,481,71,99,1,1,1
1294,11,293,480,70,99,1,1,1
1295,11,293,480,70,99,1,1,1
1296,11,292,479,70,101,1,1,1
1297,11,292,477,67,101,1,1,1
1298,11,290,477,68,101,1,1,1
1299,11,290,475,65,101,1,1,1
1300,11,290,475,65,101,1,1,1
1301,11,289,474,65,103,1,1,1
1302,11,289,472,64,103,1,1,1
1303,11,288,471,64,103,1,1,1
1304,11,287,469,65,106,1,1,1
1305,11,289,469,60,103,1,1,1
1306,11,288,467,59,103,1,1,1
1307,11,290,466,56,101,1,1,1
1308,11,290,464,56,101,1,1,1
1309,11,290,463,55,103,1,1,1
1310,11,291,461,56,101,1,1,1
1311,11,292,460,56,99,1,1,1
1312,11,291,457,57,97,1,1,1
1313,11,293,457,57,101,1,1,1
1314,11,292,456,59,101,1,1,1
1315,11,292,455,59,97,1,1,1
1316,11,292,452,59,97,1,1,1
1317,11,292,452,59,97,1,1,1
1318,11,292,450,59,97,1,1,1
1319,11,293,449,57,96,1,1,1
1320,11,293,448,56,96,1,1,1
1321,11,292,446,56,96,1,1,1
1322,11,292,444,54,96,1,1,1
1323,11,292,443,52,97,1,1,1
1324,11,292,441,49,99,1,1,1
1325,11,292,440,48,101,1,1,1
1326,11,291,439,48,101,1,1,1
1327,11,290,438,44,103,1,1,1
1328,11,290,437,40,106,1,1,1
1329,11,290,435,39,106,1,1,1
1330,11,288,434,35,108,1,1,1
1331,11,288,432,32,110,1,1,1
1332,11,288,431,30,112,1,1,1
1333,11,286,430,28,113,1,1,1
1334,11,286,427,24,115,1,1,1
1335,11,286,426,24,117,1,1,1
1336,11,286,425,24,115,1,1,1
1337,11,286,422,23,119,1,1,1
1338,11,286,422,23,117,1,1,1
1339,11,286,421,23,113,1,1,1
1340,11,284,418,24,115,1,1,1
1341,11,284,416,24,115,1,1,1
1342,11,284,415,24,115,1,1,1
1343,11,284,414,24,115,1,1,1
1344,11,284,412,24,113,1,1,1
1345,11,284,410,24,117,1,1,1
1346,11,284,408,24,117,1,1,1
1347,11,284,408,24,117,1,1,1
1348,11,284,407,24,117,1,1,1
1349,11,284,405,24,117,1,1,1
1350,11,284,404,24,119,1,1,1
1351,11,283,402,26,119,1,1,1
1352,11,283,399,26,115,1,1,1
1353,11,283,398,26,113,1,1,1
1354,11,283,398,26,113,1,1,1
1355,11,283,396,26,113,1,1,1
1356,11,284,395,27,115,1,1,1
1357,11,283,393,26,108,1,1,1
1358,11,282,392,28,112,1,1,1
1359,11,282,390,28,112,1,1,1
1360,11,282,389,28,113,1,1,1
1361,11,282,387,28,113,1,1,1
1362,11,283,385,27,113,1,1,1
1363,11,283,383,27,115,1,1,1
1364,11,282,382,26,113,1,1,1
1365,11,282,381,26,112,1,1,1
1366,11,282,380,24,113,1,1,1
1367,11,283,380,24,113,1,1,1
1368,11,282,377,22,113,1,1,1
1369,11,284,376,20,113,1,1,1
1370,11,282,376,22,115,1,1,1
1371,11,282,374,22,115,1,1,1
1372,11,282,373,22,117,1,1,1
1373,11,282,370,22,120,1,1,1
1374,11,282,369,22,120,1,1,1
1375,11,283,367,20,122,1,1,1
1376,11,283,365,20,122,1,1,1
1377,11,283,366,20,120,1,1,1
1378,11,283,365,20,115,1,1,1
1379,11,282,364,20,113,1,1,1
1380,11,282,362,20,113,1,1,1
1381,11,283,360,20,113,1,1,1
1382,11,281,359,22,117,1,1,1
1383,11,281,358,22,112,1,1,1
1384,11,281,356,22,115,1,1,1
1385,11,281,356,22,112,1,1,1
1386,11,281,354,22,113,1,1,1
1387,11,281,355,22,113,1,1,1
1388,11,281,353,22,117,1,1,1
1389,11,282,352,23,117,1,1,1
1390,11,280,351,24,117,1,1,1
1391,11,280,349,24,119,1,1,1
1392,11,280,348,24,120,1,1,1
1393,11,280,347,24,119,1,1,1
1394,11,280,346,24,120,1,1,1
1395,11,280,345,24,119,1,1,1
1396,11,280,344,24,117,1,1,1
1397,11,279,344,26,117,1,1,1
1398,11,280,342,24,119,1,1,1
1399,11,279,340,26,119,1,1,1
1400,11,279,339,26,120,1,1,1
1401,11,278,337,28,120,1,1,1
1402,11,278,336,28,120,1,1,1
1403,11,278,336,28,120,1,1,1
1404,11,278,335,28,119,1,1,1
1405,11,279,334,28,120,1,1,1
1406,11,279,332,28,120,1,1,1
1407,11,279,331,28,120,1,1,1
1408,11,279,329,28,120,1,1,1
1409,11,279,329,28,119,1,1,1
1410,11,279,328,28,119,1,1,1
1411,11,280,327,28,117,1,1,1
1412,11,280,327,28,117,1,1,1
1413,11,280,324,30,115,1,1,1
1414,11,279,324,31,115,1,1,1
1415,11,280,324,30,115,1,1,1
1416,11,280,323,32,117,1,1,1
1417,11,282,323,32,117,1,1,1
1418,11,283,321,32,117,1,1,1
1419,11,284,321,32,117,1,1,1
1420,11,286,320,31,117,1,1,1
1421,11,285,320,32,112,1,1,1
1422,11,284,319,33,115,1,1,1
1423,11,284,317,33,112,1,1,1
1424,11,283,318,36,110,1,1,1
1425,11,284,316,37,113,1,1,1
1426,11,282,316,39,113,1,1,1
1427,11,283,315,40,115,1,1,1
1428,11,282,314,40,113,1,1,1
1429,11,280,312,43,113,1,1,1
1430,11,279,311,44,113,1,1,1
1431,11,278,311,45,113,1,1,1
1432,11,278,309,47,113,1,1,1
1433,11,277,308,48,115,1,1,1
1434,11,277,306,48,115,1,1,1
1435,11,277,305,48,113,1,1,1
1436,11,276,305,49,110,1,1,1
1437,11,276,304,49,110,1,1,1
1438,11,276,302,51,110,1,1,1
1439,11,276,302,52,110,1,1,1
1440,11,276,301,52,108,1,1,1
1441,11,276,300,51,110,1,1,1
1442,11,276,298,52,110,1,1,1
1443,11,276,297,54,104,1,1,1
1444,11,276,296,54,106,1,1,1
1445,11,276,296,54,101,1,1,1
1446,11,274,295,55,106,1,1,1
1447,11,275,294,56,108,1,1,1
1448,11,274,294,56,108,1,1,1
1449,11,272,292,57,108,1,1,1
1450,11,272,291,59,110,1,1,1
1451,11,273,291,60,103,1,1,1
1452,11,272,289,60,103,1,1,1
1453,11,272,288,62,106,1,1,1
1454,11,272,288,62,103,1,1,1
1455,11,271,286,63,103,1,1,1
1456,11,271,286,64,106,1,1,1
1457,11,270,284,64,106,1,1,1
1458,11,272,284,64,103,1,1,1
1459,11,272,284,64,103,1,1,1
1460,11,272,282,64,103,1,1,1
1461,11,271,281,67,106,1,1,1
1462,11,271,280,67,106,1,1,1
1463,11,273,279,64,106,1,1,1
1464,11,283,279,55,96,1,1,1
1465,11,285,278,55,94,1,1,1
1466,11,278,278,63,103,1,1,1
1467,11,275,278,65,104,1,1,1
1468,11,273,276,67,108,1,1,1
1469,11,275,276,67,108,1,1,1
1470,11,275,274,67,108,1,1,1
1471,11,274,274,68,108,1,1,1
1472,11,276,272,67,110,1,1,1
1473,11,278,273,65,106,1,1,1
1474,11,279,271,65,108,1,1,1
1475,11,280,271,64,106,1,1,1
1476,11,281,269,64,108,1,1,1
1477,11,281,269,64,108,1,1,1
1478,11,283,269,64,108,1,1,1
1479,11,283,267,64,108,1,1,1
1480,11,284,267,64,108,1,1,1
1481,11,284,267,64,108,1,1,1
1482,11,284,265,64,108,1,1,1
1483,11,286,265,63,108,1,1,1
1484,11,286,265,63,108,1,1,1
1485,11,286,263,64,110,1,1,1
1486,11,288,263,62,110,1,1,1
1487,11,288,263,60,110,1,1,1
1488,11,288,262,62,110,1,1,1
1489,11,289,262,62,110,1,1,1
1490,11,291,261,60,110,1,1,1
1491,11,291,260,60,112,1,1,1
1492,11,291,259,60,110,1,1,1
1493,11,291,259,60,110,1,1,1
1494,11,293,257,60,110,1,1,1
1495,11,294,257,60,110,1,1,1
1496,11,294,257,60,110,1,1,1
1497,11,294,256,60,112,1,1,1
1498,11,295,255,60,112,1,1,1
1499,11,296,255,60,110,1,1,1
1500,11,296,254,59,110,1,1,1
1501,11,296,254,59,110,1,1,1
1502,11,297,253,60,112,1,1,1
1503,11,297,253,60,110,1,1,1
1504,11,298,251,60,112,1,1,1
1505,11,298,252,60,110,1,1,1
1506,11,298,250,60,110,1,1,1
1507,11,298,249,60,112,1,1,1
1508,11,299,250,60,110,1,1,1
1509,11,299,248,60,110,1,1,1
1510,11,300,248,60,110,1,1,1
1511,11,300,248,60,110,1,1,1
1512,11,301,247,60,110,1,1,1
1513,11,300,247,62,110,1,1,1
1514,11,300,246,60,110,1,1,1
1515,11,300,245,62,110,1,1,1
1516,11,300,245,62,110,1,1,1
1517,11,300,243,62,110,1,1,1
1518,11,301,243,63,110,1,1,1
1519,11,301,242,63,112,1,1,1
1520,11,300,242,64,112,1,1,1
1521,11,300,241,64,110,1,1,1
1522,11,300,241,64,110,1,1,1
1523,11,301,242,63,108,1,1,1
1524,11,301,240,64,110,1,1,1
1525,11,301,240,64,110,1,1,1
1526,11,301,240,64,110,1,1,1
1527,11,301,240,64,110,1,1,1
1528,11,302,237,65,112,1,1,1
1529,11,302,238,65,110,1,1,1
1530,11,302,238,65,110,1,1,1
1531,11,302,236,64,110,1,1,1
1532,11,302,236,64,110,1,1,1
1533,11,303,236,65,110,1,1,1
1534,11,303,234,65,110,1,1,1
1535,11,303,234,67,110,1,1,1
1536,11,303,234,67,110,1,1,1
1537,11,303,232,67,110,1,1,1
1538,11,302,232,68,110,1,1,1
1539,11,302,232,68,110,1,1,1
1540,11,303,231,68,110,1,1,1
1541,11,303,232,68,110,1,1,1
1542,11,303,231,68,110,1,1,1
1543,11,306,231,65,108,1,1,1
1544,11,304,229,67,110,1,1,1
1545,11,305,229,67,110,1,1,1
1546,11,305,229,67,110,1,1,1
1547,11,305,229,67,110,1,1,1
1548,11,312,228,60,94,1,1,1
1549,11,309,228,64,108,1,1,1
1550,11,307,227,67,110,1,1,1
1551,11,307,227,65,110,1,1,1
1552,11,309,226,65,108,1,1,1
1553,11,309,225,65,110,1,1,1
1554,11,311,224,63,101,1,1,1
1555,11,310,224,64,106,1,1,1
1556,11,310,224,64,106,1,1,1
1557,11,313,223,63,101,1,1,1
1558,11,313,223,62,99,1,1,1
1559,11,316,222,60,96,1,1,1
1560,11,314,222,63,99,1,1,1
1561,11,316,222,60,96,1,1,1
1562,11,319,221,59,94,1,1,1
1563,11,318,220,60,96,1,1,1
1564,11,318,219,60,97,1,1,1
1565,11,315,219,63,101,1,1,1
1566,11,315,220,63,99,1,1,1
1567,11,315,219,64,101,1,1,1
1568,11,315,218,64,103,1,1,1
1569,11,314,219,64,101,1,1,1
1570,11,314,218,64,103,1,1,1
1571,11,314,218,64,103,1,1,1
1572,11,314,216,64,103,1,1,1
1573,11,316,216,64,103,1,1,1
1574,11,315,216,65,103,1,1,1
1575,11,315,215,65,106,1,1,1
1576,11,315,215,65,106,1,1,1
1577,11,315,215,67,106,1,1,1
1578,11,315,214,67,108,1,1,1
1579,11,314,213,68,106,1,1,1
1580,11,314,213,68,106,1,1,1
1581,11,314,212,68,108,1,1,1
1582,11,316,212,67,108,1,1,1
1583,11,316,212,67,108,1,1,1
1584,11,317,211,65,106,1,1,1
1585,11,317,212,65,108,1,1,1
1586,11,318,211,65,106,1,1,1
1587,11,318,210,64,106,1,1,1
1588,11,318,209,64,106,1,1,1
1589,11,320,209,64,106,1,1,1
1590,11,320,208,64,106,1,1,1
1591,11,320,209,65,106,1,1,1
1592,11,322,208,63,104,1,1,1
1593,11,320,208,65,106,1,1,1
1594,11,322,208,64,106,1,1,1
1595,11,320,208,65,106,1,1,1
1596,11,323,207,64,106,1,1,1
1597,11,323,207,64,106,1,1,1
1598,11,323,206,64,106,1,1,1
1599,11,322,205,64,108,1,1,1
1600,11,322,205,65,108,1,1,1
1601,11,322,205,64,108,1,1,1
1602,11,322,205,64,108,1,1,1
1603,11,324,204,64,110,1,1,1
1604,11,324,204,64,110,1,1,1
1605,11,324,203,64,108,1,1,1
1606,11,324,202,64,110,1,1,1
1607,11,326,203,63,108,1,1,1
1608,11,325,202,64,110,1,1,1
1609,11,325,202,64,110,1,1,1
1610,11,325,202,64,110,1,1,1
1611,11,325,201,64,112,1,1,1
1612,11,325,201,64,112,1,1,1
1613,11,327,200,64,110,1,1,1
1614,11,326,199,63,113,1,1,1
1615,11,327,200,63,112,1,1,1
1616,11,327,200,63,112,1,1,1
1617,11,328,199,62,113,1,1,1
1618,11,329,199,62,113,1,1,1
1619,11,331,197,60,113,1,1,1
1620,11,331,197,60,113,1,1,1
1621,11,332,197,60,113,1,1,1
1622,11,332,196,60,115,1,1,1
1623,11,332,197,59,113,1,1,1
1624,11,333,196,59,115,1,1,1
1625,11,334,196,60,115,1,1,1
1626,11,334,194,60,115,1,1,1
1627,11,335,194,59,115,1,1,1
1628,11,336,194,57,115,1,1,1
1629,11,336,194,57,115,1,1,1
1630,11,336,193,57,115,1,1,1
1631,11,337,193,57,115,1,1,1
1632,11,337,192,57,115,1,1,1
1633,11,336,192,59,115,1,1,1
1634,11,336,192,59,117,1,1,1
1635,11,338,192,57,117,1,1,1
1636,11,338,191,57,115,1,1,1
1637,11,338,192,56,115,1,1,1
1638,11,339,190,57,117,1,1,1
1639,11,339,191,57,117,1,1,1
1640,11,340,190,56,117,1,1,1
1641,11,340,191,56,115,1,1,1
1642,11,341,189,56,115,1,1,1
1643,11,341,189,56,115,1,1,1
1644,11,341,189,56,115,1,1,1
1645,11,341,189,56,115,1,1,1
1646,11,341,187,56,115,1,1,1
1647,11,342,188,56,113,1,1,1
1648,11,342,188,56,113,1,1,1
1649,11,343,187,56,115,1,1,1
1650,11,343,187,56,115,1,1,1
1651,11,344,186,56,113,1,1,1
1652,11,345,185,55,106,1,1,1
1653,11,345,186,54,99,1,1,1
1654,11,345,186,54,103,1,1,1
1655,11,346,184,54,101,1,1,1
1656,11,346,184,54,99,1,1,1
1657,11,346,184,54,103,1,1,1
1658,11,346,184,54,108,1,1,1
1659,11,346,184,55,104,1,1,1
1660,11,345,183,56,110,1,1,1
1661,11,345,183,56,113,1,1,1
1662,11,347,183,56,110,1,1,1
1663,11,347,181,55,99,1,1,1
1664,11,347,181,55,99,1,1,1
1665,11,347,181,55,99,1,1,1
1666,11,348,180,54,97,1,1,1
1667,11,348,180,54,97,1,1,1
1668,11,349,179,55,99,1,1,1
1669,11,349,179,55,99,1,1,1
1670,11,348,180,56,108,1,1,1
1671,11,348,180,56,108,1,1,1
1672,11,349,178,54,97,1,1,1
1673,11,350,179,55,96,1,1,1
1674,11,348,178,56,97,1,1,1
1675,11,348,177,56,97,1,1,1
1676,11,348,177,56,97,1,1,1
1677,11,348,177,56,99,1,1,1
1678,11,349,176,56,99,1,1,1
1679,11,349,176,56,99,1,1,1
1680,11,349,176,56,99,1,1,1
1681,11,349,176,56,99,1,1,1
1682,11,349,175,56,97,1,1,1
1683,11,349,175,56,97,1,1,1
1684,11,350,175,56,97,1,1,1
1685,11,350,176,56,97,1,1,1
1686,11,348,175,57,101,1,1,1
1687,11,348,174,59,103,1,1,1
1688,11,350,174,57,103,1,1,1
1689,11,350,173,57,101,1,1,1
1690,11,350,172,57,103,1,1,1
1691,11,350,172,56,99,1,1,1
1692,11,349,172,59,99,1,1,1
1693,11,351,172,57,99,1,1,1
1694,11,352,172,56,96,1,1,1
1695,11,351,172,57,96,1,1,1
1696,11,351,171,57,97,1,1,1
1697,11,350,170,60,106,1,1,1
1698,11,350,170,60,103,1,1,1
1699,11,350,170,60,106,1,1,1
1700,11,350,170,60,106,1,1,1
1701,11,350,169,60,104,1,1,1
1702,11,350,169,60,104,1,1,1
1703,11,350,169,60,104,1,1,1
1704,11,350,169,60,104,1,1,1
1705,11,350,168,60,103,1,1,1
1706,11,351,168,60,103,1,1,1
1707,11,349,167,62,103,1,1,1
1708,11,351,167,60,103,1,1,1
1709,11,351,167,62,103,1,1,1
1710,11,351,167,62,103,1,1,1
1711,11,350,168,63,103,1,1,1
1712,11,350,168,63,103,1,1,1
1713,11,350,168,65,101,1,1,1
1714,11,351,168,65,101,1,1,1
1715,11,351,170,67,99,1,1,1
1716,11,352,169,67,99,1,1,1
1717,11,353,169,68,99,1,1,1
1718,11,353,170,68,99,1,1,1
1719,11,352,172,70,99,1,1,1
1720,11,350,171,74,101,1,1,1
1721,11,352,173,72,101,1,1,1
1722,11,356,172,70,99,1,1,1
1723,11,356,172,70,99,1,1,1
1724,11,360,173,67,97,1,1,1
1725,11,365,173,63,97,1,1,1
1726,11,364,173,64,97,1,1,1
1727,11,365,175,64,94,1,1,1
1728,11,364,175,67,92,1,1,1
1729,11,364,175,67,90,1,1,1
1730,11,363,174,68,85,1,1,1
1731,11,362,174,71,88,1,1,1
1732,11,360,173,72,87,1,1,1
1733,11,361,173,72,87,1,1,1
1734,11,360,171,74,87,1,1,1
1735,11,359,171,76,83,1,1,1
1736,11,358,170,77,85,1,1,1
1737,11,358,168,77,81,1,1,1
1738,11,356,168,80,72,1,1,1
1739,11,356,168,80,80,1,1,1
1740,11,355,166,83,83,1,1,1
1741,11,355,165,83,81,1,1,1
1742,11,354,164,84,69,1,1,1
1743,11,353,162,87,72,1,1,1
1744,11,351,161,89,74,1,1,1
1745,11,351,160,89,74,1,1,1
1746,11,350,160,92,71,1,1,1
1747,11,347,158,95,74,1,1,1
1748,11,347,158,96,71,1,1,1
1749,11,346,156,96,67,1,1,1
1750,11,344,157,100,72,1,1,1
1751,11,344,154,101,71,1,1,1
1752,11,343,155,104,69,1,1,1
1753,11,342,154,104,67,1,1,1
1754,11,343,154,105,67,1,1,1
1755,11,342,153,108,65,1,1,1
1756,11,341,153,110,65,1,1,1
1757,11,342,154,110,64,1,1,1
1758,11,344,153,108,62,1,1,1
1759,11,346,153,108,62,1,1,1
1760,11,347,153,108,62,1,1,1
1761,11,358,153,100,62,1,1,1
1762,11,355,152,104,65,1,1,1
1763,11,352,153,107,65,1,1,1
1764,11,355,153,107,65,1,1,1
1765,11,356,152,105,69,1,1,1
1766,11,355,152,108,67,1,1,1
1767,11,357,152,107,69,1,1,1
1768,11,361,152,104,71,1,1,1
1769,11,362,152,104,71,1,1,1
1770,11,366,152,103,71,1,1,1
1771,11,366,150,103,72,1,1,1
1772,11,368,150,100,72,1,1,1
1773,11,371,149,100,74,1,1,1
1774,11,371,149,101,74,1,1,1
1775,11,374,149,100,74,1,1,1
1776,11,375,149,100,74,1,1,1
1777,11,376,148,100,72,1,1,1
1778,11,377,148,100,72,1,1,1
1779,11,378,147,100,71,1,1,1
1780,11,378,146,101,72,1,1,1
1781,11,379,145,100,71,1,1,1
1782,11,378,145,103,71,1,1,1
1783,11,379,146,101,69,1,1,1
1784,11,379,146,103,65,1,1,1
1785,11,379,144,105,65,1,1,1
1786,11,379,144,105,65,1,1,1
1787,11,379,144,107,64,1,1,1
1788,11,378,143,108,62,1,1,1
1789,11,378,141,110,62,1,1,1
1790,11,380,141,108,58,1,1,1
1791,11,378,141,111,58,1,1,1
1792,11,379,141,111,58,1,1,1
1793,11,378,140,112,56,1,1,1
1794,11,380,139,112,56,1,1,1
1795,11,379,139,115,55,1,1,1
1796,11,380,138,115,53,1,1,1
1797,11,379,139,116,51,1,1,1
1798,11,379,138,116,53,1,1,1
1799,11,381,136,116,53,1,1,1
1800,11,380,137,116,51,1,1,1
1801,11,380,137,118,51,1,1,1
1802,11,381,136,118,51,1,1,1
1803,11,383,136,118,49,1,1,1
1804,11,382,136,119,49,1,1,1
1805,11,383,135,120,49,1,1,1
1806,11,385,133,119,49,1,1,1
1807,11,385,133,119,49,1,1,1
1808,11,387,133,118,49,1,1,1
1809,11,386,131,119,49,1,1,1
1810,11,387,131,119,49,1,1,1
1811,11,389,131,119,49,1,1,1
1812,11,390,130,119,49,1,1,1
1813,11,390,130,119,49,1,1,1
1814,11,391,129,119,49,1,1,1
1815,11,392,129,118,49,1,1,1
1816,11,393,129,118,49,1,1,1
1817,11,393,128,119,49,1,1,1
1818,11,395,128,120,49,1,1,1
1819,11,395,128,119,49,1,1,1
1820,11,396,127,120,49,1,1,1
1821,11,399,127,116,49,1,1,1
1822,11,398,127,119,51,1,1,1
1823,11,399,127,120,51,1,1,1
1824,11,399,127,120,51,1,1,1
1825,11,398,127,120,51,1,1,1
1826,11,400,127,120,51,1,1,1
1827,11,401,125,120,51,1,1,1
1828,11,401,125,120,51,1,1,1
1829,11,401,125,120,51,1,1,1
1830,11,404,125,120,51,1,1,1
1831,11,406,125,119,51,1,1,1
1832,11,409,124,116,49,1,1,1
1833,11,410,124,116,49,1,1,1
1834,11,410,123,116,51,1,1,1
1835,11,411,123,116,51,1,1,1
1836,11,413,124,116,49,1,1,1
1837,11,412,123,116,51,1,1,1
1838,11,412,123,116,51,1,1,1
1839,11,412,122,118,53,1,1,1
1840,11,414,123,116,51,1,1,1
1841,11,415,121,116,51,1,1,1
1842,11,422,122,111,49,1,1,1
1843,11,420,120,114,51,1,1,1
1844,11,422,120,114,51,1,1,1
1845,11,420,121,116,51,1,1,1
1846,11,421,121,116,51,1,1,1
1847,11,423,119,115,53,1,1,1
1848,11,424,119,115,53,1,1,1
1849,11,424,119,115,53,1,1,1
1850,11,425,119,115,53,1,1,1
1851,11,425,119,115,51,1,1,1
1852,11,424,119,116,53,1,1,1
1853,11,426,117,116,53,1,1,1
1854,11,429,118,115,51,1,1,1
1855,11,429,118,116,51,1,1,1
1856,11,430,118,114,51,1,1,1
1857,11,431,118,115,51,1,1,1
1858,11,430,116,116,51,1,1,1
1859,11,432,116,115,51,1,1,1
1860,11,432,116,116,51,1,1,1
1861,11,433,116,116,51,1,1,1
1862,11,433,116,115,51,1,1,1
1863,11,434,116,116,51,1,1,1
1864,11,434,116,116,51,1,1,1
1865,11,435,116,116,51,1,1,1
1866,11,436,116,116,51,1,1,1
1867,11,437,114,115,51,1,1,1
1868,11,436,115,118,53,1,1,1
1869,11,438,115,116,53,1,1,1
1870,11,439,113,116,53,1,1,1
1871,11,439,114,116,51,1,1,1
1872,11,441,113,115,49,1,1,1
1873,11,442,113,114,49,1,1,1
1874,11,443,113,115,49,1,1,1
1875,11,442,113,116,49,1,1,1
1876,11,444,113,115,49,1,1,1
1877,11,444,113,116,49,1,1,1
1878,11,445,111,115,49,1,1,1
1879,11,447,112,115,49,1,1,1
1880,11,449,111,114,48,1,1,1
1881,11,448,111,115,48,1,1,1
1882,11,448,110,116,49,1,1,1
1883,11,449,110,116,49,1,1,1
1884,11,449,110,116,49,1,1,1
1885,11,448,111,116,48,1,1,1
1886,11,450,111,116,48,1,1,1
1887,11,449,110,118,49,1,1,1
1888,11,451,109,116,48,1,1,1
1889,11,452,109,116,48,1,1,1
1890,11,454,110,116,46,1,1,1
1891,11,454,110,116,46,1,1,1
1892,11,455,109,116,48,1,1,1
1893,11,455,109,116,46,1,1,1
1894,11,455,109,116,46,1,1,1
1895,11,456,109,118,46,1,1,1
1896,11,456,108,116,46,1,1,1
1897,11,455,107,119,48,1,1,1
1898,11,455,108,119,46,1,1,1
1899,11,459,107,116,44,1,1,1
1900,11,459,107,116,44,1,1,1
1901,11,459,107,116,44,1,1,1
1902,11,460,107,118,44,1,1,1
1903,11,460,107,118,44,1,1,1
1904,11,461,107,119,44,1,1,1
1905,11,462,107,119,44,1,1,1
1906,11,462,107,119,44,1,1,1
1907,11,464,106,118,42,1,1,1
1908,11,463,106,119,42,1,1,1
1909,11,464,105,118,44,1,1,1
1910,11,463,105,120,44,1,1,1
1911,11,463,105,119,44,1,1,1
1912,11,465,105,119,44,1,1,1
1913,11,465,105,118,44,1,1,1
1914,11,466,105,119,44,1,1,1
1915,11,466,105,120,44,1,1,1
1916,11,466,104,120,44,1,1,1
1917,11,468,104,120,42,1,1,1
1918,11,466,104,120,44,1,1,1
1919,11,469,104,118,42,1,1,1
1920,11,469,104,119,42,1,1,1
1921,11,469,104,120,42,1,1,1
1922,11,472,103,116,42,1,1,1
1923,11,474,104,116,40,1,1,1
1924,11,473,103,118,42,1,1,1
1925,11,475,102,116,40,1,1,1
1926,11,474,103,118,42,1,1,1
1927,11,476,102,118,40,1,1,1
1928,11,476,103,116,39,1,1,1
1929,11,476,103,116,39,1,1,1
1930,11,476,103,118,39,1,1,1
1931,11,476,103,120,39,1,1,1
1932,11,478,103,118,39,1,1,1
1933,11,477,104,120,37,1,1,1
1934,11,482,104,116,37,1,1,1
1935,11,482,104,116,35,1,1,1
1936,11,481,104,118,35,1,1,1
1937,11,483,105,116,33,1,1,1
1938,11,484,105,118,33,1,1,1
1939,11,484,105,118,33,1,1,1
1940,11,489,105,115,33,1,1,1
1941,11,488,106,116,35,1,1,1
1942,11,489,105,116,37,1,1,1
1943,11,491,107,114,37,1,1,1
1944,11,494,106,111,39,1,1,1
1945,11,496,106,110,39,1,1,1
1946,11,496,105,110,40,1,1,1
1947,11,497,105,111,42,1,1,1
1948,11,497,105,110,42,1,1,1
1949,11,499,106,108,42,1,1,1
1950,11,503,106,105,42,1,1,1
1951,11,503,105,107,44,1,1,1
1952,11,504,105,107,44,1,1,1
1953,11,505,106,107,42,1,1,1
1954,11,508,105,104,42,1,1,1
1955,11,509,105,104,42,1,1,1
1956,11,509,105,104,42,1,1,1
1957,11,510,105,105,42,1,1,1
1958,11,509,106,107,39,1,1,1
1959,11,512,106,105,39,1,1,1
1960,11,512,104,105,35,1,1,1
1961,11,512,104,107,35,1,1,1
1962,11,512,104,108,35,1,1,1
1963,11,512,103,108,35,1,1,1
1964,11,512,102,108,33,1,1,1
1965,11,512,101,110,32,1,1,1
1966,11,512,103,110,28,1,1,1
1967,11,513,102,111,30,1,1,1
1968,11,513,102,111,30,1,1,1
1969,11,513,102,112,30,1,1,1
1970,11,514,100,114,30,1,1,1
1971,11,514,100,114,30,1,1,1
1972,11,514,100,116,30,1,1,1
1973,11,514,100,116,30,1,1,1
1974,11,515,102,116,28,1,1,1
1975,11,516,100,115,30,1,1,1
1976,11,519,100,115,30,1,1,1
1977,11,521,100,112,30,1,1,1
1978,11,520,98,115,30,1,1,1
1979,11,522,98,116,30,1,1,1
1980,11,523,98,114,30,1,1,1
1981,11,526,98,112,30,1,1,1
1982,11,526,98,112,30,1,1,1
1983,11,528,98,112,30,1,1,1
1984,11,530,97,112,32,1,1,1
1985,11,530,99,112,32,1,1,1
1986,11,532,99,112,32,1,1,1
1987,11,532,99,112,32,1,1,1
1988,11,533,102,114,30,1,1,1
1989,11,532,103,115,28,1,1,1
1990,11,534,106,114,24,1,1,1
1991,11,534,107,114,26,1,1,1
1992,11,536,108,112,24,1,1,1
1993,11,535,107,115,26,1,1,1
1994,11,535,107,115,26,1,1,1
1995,11,538,107,112,26,1,1,1
1996,11,545,107,108,26,1,1,1
1997,11,542,107,111,26,1,1,1
1998,11,542,108,112,28,1,1,1
1999,11,542,108,112,28,1,1,1
2000,11,544,108,112,28,1,1,1
2001,11,545,108,112,28,1,1,1
2002,11,546,107,112,30,1,1,1
2003,11,546,107,114,30,1,1,1
2004,11,546,107,114,30,1,1,1
2005,11,547,107,114,30,1,1,1
2006,11,548,105,115,33,1,1,1
2007,11,550,105,114,33,1,1,1
2008,11,550,105,114,33,1,1,1
2009,11,553,105,112,33,1,1,1
2010,11,554,104,112,35,1,1,1
2011,11,556,104,112,35,1,1,1
2012,11,556,104,112,35,1,1,1
2013,11,557,104,112,35,1,1,1
2014,11,558,104,114,35,1,1,1
2015,11,558,104,114,37,1,1,1
2016,11,561,104,112,37,1,1,1
2017,11,561,104,112,37,1,1,1
2018,11,562,103,112,39,1,1,1
2019,11,562,103,112,39,1,1,1
2020,11,564,103,112,39,1,1,1
2021,11,566,103,111,39,1,1,1
2022,11,566,102,111,40,1,1,1
2023,11,567,101,112,42,1,1,1
2024,11,568,101,112,42,1,1,1
2025,11,569,101,112,42,1,1,1
2026,11,570,100,114,44,1,1,1
2027,11,570,99,114,46,1,1,1
2028,11,571,100,114,44,1,1,1
2029,11,573,99,111,46,1,1,1
2030,11,573,98,111,48,1,1,1
2031,11,576,98,110,49,1,1,1
2032,11,578,98,108,49,1,1,1
2033,11,577,97,111,49,1,1,1
2034,11,579,98,112,49,1,1,1
2035,11,581,100,111,48,1,1,1
2036,11,581,100,110,48,1,1,1
2037,11,583,101,108,46,1,1,1
2038,11,581,101,110,46,1,1,1
2039,11,584,100,108,48,1,1,1
2040,11,583,101,111,49,1,1,1
2041,11,585,101,111,49,1,1,1
2042,11,585,101,112,49,1,1,1
2043,11,586,100,112,48,1,1,1
2044,11,587,102,112,46,1,1,1
2045,11,587,102,112,46,1,1,1
2046,11,586,102,112,48,1,1,1
2047,11,588,102,112,48,1,1,1
2048,11,589,102,112,46,1,1,1
2049,11,592,103,110,46,1,1,1
2050,11,592,105,110,44,1,1,1
2051,11,594,104,108,46,1,1,1
2052,11,593,105,110,44,1,1,1
2053,11,594,104,111,46,1,1,1
2054,11,596,106,112,46,1,1,1
2055,11,594,106,112,46,1,1,1
2056,11,597,106,111,46,1,1,1
2057,11,597,106,111,46,1,1,1
2058,11,597,107,110,48,1,1,1
2059,11,602,107,105,48,1,1,1
2060,11,602,108,104,49,1,1,1
2061,11,605,111,103,48,1,1,1
2062,11,607,112,100,48,1,1,1
2063,11,608,116,99,44,1,1,1
2064,11,607,116,100,48,1,1,1
2065,11,607,119,100,46,1,1,1
2066,11,607,119,100,49,1,1,1
2067,11,608,119,99,49,1,1,1
2068,11,612,119,94,51,1,1,1
2069,11,614,119,92,53,1,1,1
2070,11,615,118,91,55,1,1,1
2071,11,616,117,88,56,1,1,1
2072,11,619,116,85,58,1,1,1
2073,11,620,115,84,60,1,1,1
2074,11,623,114,81,62,1,1,1
2075,11,625,114,80,62,1,1,1
2076,11,627,113,80,65,1,1,1
2077,11,627,113,79,67,1,1,1
2078,11,629,112,79,69,1,1,1
2079,11,631,111,76,71,1,1,1
2080,11,632,111,76,71,1,1,1
2081,11,633,110,76,74,1,1,1
2082,11,635,109,75,76,1,1,1
2083,11,634,108,76,78,1,1,1
2084,11,636,109,76,78,1,1,1
1,12,618,628,77,111,1,1,1
2,12,616,628,76,112,1,1,1
3,12,616,628,76,112,1,1,1
4,12,618,628,76,112,1,1,1
5,12,618,628,76,112,1,1,1
6,12,617,627,75,113,1,1,1
7,12,618,627,76,113,1,1,1
8,12,617,627,75,113,1,1,1
9,12,619,627,75,113,1,1,1
10,12,619,626,75,113,1,1,1
11,12,619,626,75,113,1,1,1
12,12,619,626,74,113,1,1,1
13,12,619,626,74,113,1,1,1
14,12,619,626,74,113,1,1,1
15,12,619,627,74,113,1,1,1
16,12,619,626,74,113,1,1,1
17,12,621,626,72,113,1,1,1
18,12,619,625,74,113,1,1,1
19,12,621,625,72,113,1,1,1
20,12,621,626,72,112,1,1,1
21,12,621,625,72,113,1,1,1
22,12,621,624,72,113,1,1,1
23,12,621,624,72,113,1,1,1
24,12,622,624,72,113,1,1,1
25,12,623,624,72,112,1,1,1
26,12,623,624,72,113,1,1,1
27,12,623,623,72,112,1,1,1
28,12,623,624,71,110,1,1,1
29,12,623,624,71,110,1,1,1
30,12,623,623,71,112,1,1,1
31,12,623,624,72,110,1,1,1
32,12,623,623,71,112,1,1,1
33,12,623,623,72,112,1,1,1
34,12,623,624,72,110,1,1,1
35,12,623,624,72,110,1,1,1
36,12,622,623,72,112,1,1,1
37,12,623,623,72,110,1,1,1
38,12,623,623,72,110,1,1,1
39,12,623,623,72,110,1,1,1
40,12,623,622,71,110,1,1,1
41,12,622,623,72,112,1,1,1
42,12,622,622,74,113,1,1,1
43,12,622,621,74,112,1,1,1
44,12,620,621,75,112,1,1,1
45,12,620,621,74,112,1,1,1
46,12,620,621,74,112,1,1,1
47,12,620,621,74,112,1,1,1
48,12,620,622,74,110,1,1,1
49,12,620,622,74,110,1,1,1
50,12,622,620,72,110,1,1,1
51,12,622,621,72,110,1,1,1
52,12,622,620,74,110,1,1,1
53,12,620,620,75,110,1,1,1
54,12,620,620,75,110,1,1,1
55,12,620,621,75,108,1,1,1
56,12,622,621,74,108,1,1,1
57,12,620,621,74,108,1,1,1
58,12,620,619,74,108,1,1,1
59,12,622,620,72,106,1,1,1
60,12,620,619,74,108,1,1,1
61,12,620,619,75,108,1,1,1
62,12,622,619,74,108,1,1,1
63,12,622,619,72,108,1,1,1
64,12,620,619,74,108,1,1,1
65,12,620,619,74,108,1,1,1
66,12,620,619,74,108,1,1,1
67,12,620,619,74,108,1,1,1
68,12,620,619,74,108,1,1,1
69,12,620,619,74,108,1,1,1
70,12,622,619,72,108,1,1,1
71,12,620,619,74,108,1,1,1
72,12,622,619,72,108,1,1,1
73,12,620,619,74,108,1,1,1
74,12,620,619,74,108,1,1,1
75,12,620,619,75,108,1,1,1
76,12,620,617,74,108,1,1,1
77,12,620,617,75,108,1,1,1
78,12,620,617,74,108,1,1,1
79,12,622,617,72,108,1,1,1
80,12,620,617,74,108,1,1,1
81,12,620,617,74,108,1,1,1
82,12,620,617,74,108,1,1,1
83,12,620,616,74,110,1,1,1
84,12,620,617,74,108,1,1,1
85,12,620,617,74,108,1,1,1
86,12,620,616,74,110,1,1,1
87,12,620,617,74,108,1,1,1
88,12,620,615,74,110,1,1,1
89,12,620,615,74,110,1,1,1
90,12,620,615,74,110,1,1,1
91,12,620,615,74,110,1,1,1
92,12,622,615,72,110,1,1,1
93,12,620,615,74,110,1,1,1
94,12,620,614,74,112,1,1,1
95,12,620,615,74,110,1,1,1
96,12,620,615,74,110,1,1,1
97,12,622,613,72,113,1,1,1
98,12,620,614,74,112,1,1,1
99,12,622,614,74,112,1,1,1
100,12,622,614,74,112,1,1,1
101,12,622,614,74,112,1,1,1
102,12,622,614,74,112,1,1,1
103,12,622,614,72,112,1,1,1
104,12,622,614,74,112,1,1,1
105,12,622,614,72,112,1,1,1
106,12,622,614,72,112,1,1,1
107,12,622,614,72,112,1,1,1
108,12,622,613,72,113,1,1,1
109,12,622,613,72,113,1,1,1
110,12,622,613,72,113,1,1,1
111,12,622,613,72,113,1,1,1
112,12,622,613,72,113,1,1,1
113,12,622,612,72,115,1,1,1
114,12,624,613,72,113,1,1,1
115,12,624,612,72,115,1,1,1
116,12,624,612,72,115,1,1,1
117,12,624,612,72,115,1,1,1
118,12,625,613,71,113,1,1,1
119,12,624,612,72,115,1,1,1
120,12,625,612,71,115,1,1,1
121,12,625,612,70,115,1,1,1
122,12,625,612,70,115,1,1,1
123,12,625,612,70,115,1,1,1
124,12,625,612,70,115,1,1,1
125,12,627,611,68,117,1,1,1
126,12,627,611,68,117,1,1,1
127,12,627,612,68,115,1,1,1
128,12,628,611,68,117,1,1,1
129,12,628,611,67,117,1,1,1
130,12,628,611,67,117,1,1,1
131,12,628,611,67,117,1,1,1
132,12,628,611,67,117,1,1,1
133,12,628,611,67,117,1,1,1
134,12,630,611,64,117,1,1,1
135,12,630,611,64,117,1,1,1
136,12,630,611,64,117,1,1,1
137,12,632,611,64,117,1,1,1
138,12,632,611,64,117,1,1,1
139,12,632,611,64,117,1,1,1
140,12,632,611,64,117,1,1,1
141,12,632,609,64,117,1,1,1
142,12,632,610,64,119,1,1,1
143,12,634,610,63,119,1,1,1
144,12,634,610,63,119,1,1,1
145,12,634,610,63,119,1,1,1
146,12,634,610,62,119,1,1,1
147,12,636,610,60,119,1,1,1
148,12,636,610,60,119,1,1,1
149,12,636,608,60,120,1,1,1
150,12,636,608,60,120,1,1,1
151,12,637,610,60,119,1,1,1
152,12,637,608,60,119,1,1,1
153,12,637,608,60,119,1,1,1
154,12,637,608,60,119,1,1,1
155,12,637,609,60,117,1,1,1
157,12,639,608,59,117,1,1,1
158,12,640,608,57,117,1,1,1
159,12,640,608,57,115,1,1,1
161,12,640,608,57,115,1,1,1
162,12,641,608,56,115,1,1,1
163,12,641,608,56,115,1,1,1
164,12,640,607,57,117,1,1,1
165,12,640,607,57,117,1,1,1
166,12,641,607,56,119,1,1,1
167,12,639,606,58,123,1,1,1
168,12,640,607,57,117,1,1,1
169,12,640,607,57,117,1,1,1
170,12,640,607,57,119,1,1,1
171,12,640,607,57,119,1,1,1
172,12,640,606,57,120,1,1,1
173,12,639,606,59,120,1,1,1
174,12,639,606,59,120,1,1,1
175,12,639,607,59,119,1,1,1
176,12,638,605,60,119,1,1,1
177,12,638,606,60,120,1,1,1
178,12,636,606,62,120,1,1,1
179,12,638,605,60,118,1,1,1
180,12,639,605,59,119,1,1,1
181,12,638,605,60,121,1,1,1
182,12,638,605,60,122,1,1,1
183,12,636,605,62,119,1,1,1
184,12,639,603,59,123,1,1,1
185,12,640,604,58,121,1,1,1
186,12,640,603,59,122,1,1,1
187,12,639,603,59,115,1,1,1
188,12,638,604,61,118,1,1,1
189,12,640,604,58,115,1,1,1
190,12,639,604,60,117,1,1,1
191,12,641,602,58,115,1,1,1
192,12,640,602,59,118,1,1,1
193,12,638,602,59,120,1,1,1
194,12,638,602,61,117,1,1,1
195,12,639,602,59,119,1,1,1
196,12,636,603,61,121,1,1,1
197,12,639,602,58,119,1,1,1
198,12,637,602,60,121,1,1,1
199,12,638,603,59,116,1,1,1
200,12,638,601,59,119,1,1,1
201,12,639,601,58,115,1,1,1
202,12,636,601,60,116,1,1,1
203,12,639,601,57,116,1,1,1
204,12,640,601,56,114,1,1,1
205,12,642,600,54,112,1,1,1
206,12,642,600,54,116,1,1,1
207,12,642,600,54,114,1,1,1
208,12,632,600,65,120,1,1,1
209,12,634,600,63,117,1,1,1
210,12,635,600,62,119,1,1,1
211,12,633,600,64,117,1,1,1
212,12,634,600,63,115,1,1,1
213,12,632,600,64,117,1,1,1
214,12,637,600,59,114,1,1,1
215,12,633,600,63,117,1,1,1
216,12,635,600,62,118,1,1,1
217,12,634,600,63,117,1,1,1
218,12,634,600,63,114,1,1,1
219,12,635,600,62,114,1,1,1
220,12,634,600,62,118,1,1,1
221,12,631,600,65,117,1,1,1
222,12,631,599,66,117,1,1,1
223,12,631,599,65,120,1,1,1
224,12,633,599,64,117,1,1,1
225,12,631,598,64,120,1,1,1
226,12,634,598,63,122,1,1,1
227,12,631,598,64,121,1,1,1
228,12,633,599,62,117,1,1,1
229,12,632,599,63,119,1,1,1
230,12,633,599,62,121,1,1,1
231,12,628,598,72,120,1,1,1
232,12,634,599,61,120,1,1,1
233,12,629,596,71,123,1,1,1
234,12,632,597,65,124,1,1,1
235,12,631,598,66,125,1,1,1
236,12,632,598,65,120,1,1,1
237,12,634,598,63,123,1,1,1
238,12,631,596,66,124,1,1,1
239,12,629,596,68,125,1,1,1
240,12,631,596,66,122,1,1,1
241,12,630,596,67,122,1,1,1
242,12,633,596,64,125,1,1,1
243,12,631,596,66,126,1,1,1
244,12,631,595,66,125,1,1,1
245,12,631,597,66,126,1,1,1
246,12,633,595,64,123,1,1,1
247,12,631,595,66,125,1,1,1
248,12,632,595,65,126,1,1,1
249,12,635,595,62,125,1,1,1
250,12,633,595,64,125,1,1,1
251,12,630,595,67,125,1,1,1
252,12,637,595,60,124,1,1,1
253,12,637,595,60,127,1,1,1
254,12,633,595,64,126,1,1,1
255,12,636,595,61,126,1,1,1
256,12,635,594,62,125,1,1,1
257,12,636,594,61,127,1,1,1
258,12,635,595,62,127,1,1,1
259,12,637,594,60,126,1,1,1
260,12,635,594,62,127,1,1,1
261,12,634,594,64,127,1,1,1
262,12,637,594,61,126,1,1,1
263,12,636,593,62,129,1,1,1
264,12,638,594,60,126,1,1,1
265,12,636,594,62,130,1,1,1
266,12,636,593,62,130,1,1,1
267,12,639,593,59,131,1,1,1
268,12,638,593,60,132,1,1,1
269,12,637,593,61,129,1,1,1
270,12,638,593,60,130,1,1,1
271,12,640,593,58,131,1,1,1
272,12,638,593,60,130,1,1,1
273,12,642,593,56,129,1,1,1
274,12,642,593,56,129,1,1,1
275,12,643,592,55,130,1,1,1
276,12,644,592,54,132,1,1,1
277,12,643,593,55,126,1,1,1
278,12,642,592,57,125,1,1,1
279,12,642,592,57,129,1,1,1
280,12,643,592,56,130,1,1,1
281,12,643,592,56,130,1,1,1
282,12,644,592,55,128,1,1,1
283,12,645,592,54,126,1,1,1
284,12,641,592,58,130,1,1,1
285,12,646,592,53,128,1,1,1
286,12,646,592,55,125,1,1,1
287,12,643,592,58,130,1,1,1
288,12,643,592,58,131,1,1,1
289,12,646,592,54,128,1,1,1
290,12,647,592,53,130,1,1,1
291,12,644,590,56,133,1,1,1
292,12,643,591,57,129,1,1,1
293,12,646,590,54,129,1,1,1
294,12,646,590,55,131,1,1,1
295,12,646,591,55,129,1,1,1
296,12,646,591,55,131,1,1,1
297,12,646,591,56,131,1,1,1
298,12,646,591,55,129,1,1,1
299,12,646,591,55,128,1,1,1
300,12,647,590,54,129,1,1,1
301,12,646,590,55,128,1,1,1
302,12,648,591,52,124,1,1,1
303,12,648,591,52,124,1,1,1
304,12,648,590,54,124,1,1,1
305,12,648,591,54,126,1,1,1
306,12,648,591,54,124,1,1,1
307,12,647,591,55,126,1,1,1
308,12,648,590,52,126,1,1,1
309,12,648,590,52,126,1,1,1
310,12,648,590,54,126,1,1,1
311,12,648,590,52,128,1,1,1
312,12,648,590,52,126,1,1,1
313,12,648,589,52,126,1,1,1
314,12,648,590,54,124,1,1,1
315,12,650,590,52,124,1,1,1
316,12,649,589,53,131,1,1,1
317,12,646,589,56,124,1,1,1
318,12,649,588,53,127,1,1,1
319,12,649,589,55,127,1,1,1
320,12,650,589,52,127,1,1,1
321,12,648,589,54,129,1,1,1
322,12,648,589,56,127,1,1,1
323,12,648,588,54,128,1,1,1
324,12,647,588,56,132,1,1,1
325,12,649,587,54,130,1,1,1
326,12,648,587,54,131,1,1,1
327,12,649,587,54,133,1,1,1
328,12,648,587,55,128,1,1,1
329,12,649,588,54,124,1,1,1
330,12,647,587,56,126,1,1,1
331,12,647,587,56,129,1,1,1
332,12,648,587,55,130,1,1,1
333,12,647,587,56,131,1,1,1
334,12,646,587,57,129,1,1,1
335,12,646,586,57,130,1,1,1
336,12,648,586,55,135,1,1,1
337,12,647,586,56,130,1,1,1
338,12,648,587,55,126,1,1,1
339,12,647,587,56,131,1,1,1
340,12,647,587,56,127,1,1,1
341,12,647,587,56,126,1,1,1
342,12,647,586,56,126,1,1,1
343,12,646,586,57,125,1,1,1
344,12,648,585,55,128,1,1,1
345,12,647,585,57,129,1,1,1
346,12,648,586,55,127,1,1,1
347,12,647,585,56,130,1,1,1
348,12,646,585,58,132,1,1,1
349,12,646,585,57,131,1,1,1
350,12,647,585,56,128,1,1,1
351,12,646,585,57,122,1,1,1
352,12,647,584,58,126,1,1,1
353,12,647,584,57,125,1,1,1
354,12,646,584,58,124,1,1,1
355,12,646,584,59,128,1,1,1
356,12,644,584,61,129,1,1,1
357,12,645,584,59,126,1,1,1
358,12,643,584,62,129,1,1,1
359,12,643,583,61,130,1,1,1
360,12,645,584,58,126,1,1,1
361,12,642,583,62,127,1,1,1
362,12,643,584,60,124,1,1,1
363,12,645,583,59,127,1,1,1
364,12,644,583,58,130,1,1,1
365,12,642,583,60,125,1,1,1
366,12,642,584,58,126,1,1,1
367,12,645,584,57,127,1,1,1
368,12,645,583,55,128,1,1,1
369,12,642,583,60,131,1,1,1
370,12,645,583,57,128,1,1,1
371,12,644,583,60,129,1,1,1
372,12,642,583,62,132,1,1,1
373,12,643,583,61,128,1,1,1
374,12,645,583,59,127,1,1,1
375,12,646,583,58,120,1,1,1
376,12,645,582,59,121,1,1,1
377,12,646,582,58,123,1,1,1
378,12,644,581,60,123,1,1,1
379,12,643,583,61,121,1,1,1
380,12,643,583,61,120,1,1,1
381,12,648,582,56,112,1,1,1
382,12,649,582,55,110,1,1,1
383,12,648,581,54,110,1,1,1
384,12,648,581,54,110,1,1,1
385,12,648,581,54,110,1,1,1
386,12,648,582,54,108,1,1,1
387,12,648,581,54,110,1,1,1
388,12,648,581,54,110,1,1,1
389,12,649,581,55,110,1,1,1
390,12,648,581,56,113,1,1,1
391,12,649,581,55,110,1,1,1
392,12,649,580,55,112,1,1,1
393,12,649,581,55,110,1,1,1
394,12,649,581,55,110,1,1,1
395,12,648,581,54,110,1,1,1
396,12,647,579,55,113,1,1,1
397,12,647,579,55,113,1,1,1
398,12,647,579,55,113,1,1,1
399,12,647,579,55,113,1,1,1
400,12,648,580,54,112,1,1,1
401,12,648,580,54,112,1,1,1
402,12,648,579,52,113,1,1,1
403,12,650,580,52,112,1,1,1
404,12,648,579,54,113,1,1,1
405,12,648,580,54,112,1,1,1
406,12,648,579,54,113,1,1,1
407,12,648,579,54,113,1,1,1
408,12,648,580,52,112,1,1,1
409,12,648,580,52,112,1,1,1
410,12,648,580,52,112,1,1,1
411,12,648,579,52,110,1,1,1
412,12,650,580,52,108,1,1,1
413,12,650,578,52,108,1,1,1
414,12,648,578,54,115,1,1,1
415,12,642,579,60,124,1,1,1
416,12,642,579,60,124,1,1,1
417,12,643,579,59,120,1,1,1
418,12,643,579,59,120,1,1,1
419,12,645,578,57,119,1,1,1
420,12,644,578,57,122,1,1,1
421,12,643,578,59,126,1,1,1
422,12,644,578,57,122,1,1,1
423,12,643,577,59,124,1,1,1
424,12,645,577,55,120,1,1,1
425,12,644,577,57,124,1,1,1
426,12,644,578,57,122,1,1,1
427,12,645,577,56,122,1,1,1
428,12,645,577,56,122,1,1,1
429,12,643,578,59,122,1,1,1
430,12,644,578,57,122,1,1,1
431,12,645,578,56,122,1,1,1
432,12,645,577,56,122,1,1,1
433,12,645,577,57,120,1,1,1
434,12,646,577,56,122,1,1,1
435,12,646,577,56,120,1,1,1
436,12,646,577,56,122,1,1,1
437,12,645,577,56,122,1,1,1
438,12,646,576,55,119,1,1,1
439,12,647,576,56,120,1,1,1
440,12,645,576,56,122,1,1,1
441,12,643,576,59,124,1,1,1
442,12,643,576,59,124,1,1,1
443,12,645,576,56,122,1,1,1
444,12,643,577,59,124,1,1,1
445,12,642,576,60,126,1,1,1
446,12,645,577,56,124,1,1,1
447,12,645,576,56,124,1,1,1
448,12,645,577,56,124,1,1,1
449,12,645,576,56,124,1,1,1
450,12,645,575,56,126,1,1,1
451,12,645,575,56,126,1,1,1
452,12,646,576,56,124,1,1,1
453,12,645,576,57,124,1,1,1
454,12,645,575,56,126,1,1,1
455,12,645,575,56,126,1,1,1
456,12,645,575,56,126,1,1,1
457,12,645,575,56,126,1,1,1
458,12,645,575,56,126,1,1,1
459,12,645,575,57,126,1,1,1
460,12,645,575,56,126,1,1,1
461,12,644,574,57,128,1,1,1
462,12,645,575,57,126,1,1,1
463,12,645,575,57,126,1,1,1
464,12,645,575,56,126,1,1,1
465,12,645,575,57,126,1,1,1
466,12,645,575,56,126,1,1,1
467,12,646,574,56,126,1,1,1
468,12,646,573,55,122,1,1,1
469,12,646,573,55,122,1,1,1
470,12,646,573,55,122,1,1,1
471,12,648,573,54,122,1,1,1
472,12,646,573,55,122,1,1,1
473,12,648,573,54,122,1,1,1
474,12,646,574,55,124,1,1,1
475,12,647,573,55,122,1,1,1
476,12,648,573,54,122,1,1,1
477,12,648,573,54,122,1,1,1
478,12,648,573,54,122,1,1,1
479,12,648,573,54,122,1,1,1
480,12,648,573,54,122,1,1,1
481,12,648,573,54,122,1,1,1
482,12,648,573,52,122,1,1,1
483,12,648,572,54,120,1,1,1
484,12,647,572,55,124,1,1,1
485,12,648,573,54,122,1,1,1
486,12,647,573,55,122,1,1,1
487,12,648,572,54,120,1,1,1
488,12,648,572,52,120,1,1,1
489,12,650,573,52,119,1,1,1
490,12,650,573,52,119,1,1,1
491,12,650,572,52,120,1,1,1
492,12,650,572,52,120,1,1,1
493,12,650,573,52,119,1,1,1
494,12,650,572,52,120,1,1,1
495,12,650,572,52,120,1,1,1
496,12,650,572,52,120,1,1,1
497,12,651,571,51,119,1,1,1
498,12,650,571,52,119,1,1,1
499,12,650,572,52,120,1,1,1
500,12,650,572,52,120,1,1,1
501,12,650,570,52,120,1,1,1
502,12,650,570,52,120,1,1,1
503,12,651,570,51,120,1,1,1
504,12,650,570,52,120,1,1,1
505,12,650,570,52,120,1,1,1
506,12,650,570,52,120,1,1,1
507,12,650,570,52,120,1,1,1
508,12,650,570,52,120,1,1,1
509,12,650,570,52,120,1,1,1
510,12,650,570,52,120,1,1,1
511,12,650,570,52,120,1,1,1
512,12,650,570,52,120,1,1,1
513,12,651,570,51,120,1,1,1
514,12,648,571,52,122,1,1,1
515,12,650,570,52,120,1,1,1
516,12,650,569,52,122,1,1,1
517,12,650,570,52,120,1,1,1
518,12,650,570,52,120,1,1,1
519,12,650,569,52,122,1,1,1
520,12,650,570,52,120,1,1,1
521,12,651,569,51,120,1,1,1
522,12,650,570,52,120,1,1,1
523,12,650,570,52,120,1,1,1
524,12,650,569,52,122,1,1,1
525,12,648,570,52,124,1,1,1
526,12,651,569,51,122,1,1,1
527,12,651,569,51,122,1,1,1
528,12,650,569,52,122,1,1,1
529,12,651,569,51,122,1,1,1
530,12,650,570,52,120,1,1,1
531,12,651,570,51,120,1,1,1
532,12,651,569,51,122,1,1,1
533,12,651,568,51,122,1,1,1
534,12,651,569,51,122,1,1,1
535,12,650,569,52,122,1,1,1
536,12,651,569,51,122,1,1,1
537,12,651,568,51,122,1,1,1
538,12,651,568,51,122,1,1,1
539,12,651,567,51,124,1,1,1
540,12,651,567,51,124,1,1,1
541,12,650,568,52,126,1,1,1
542,12,650,568,52,126,1,1,1
543,12,650,568,52,126,1,1,1
544,12,649,567,51,124,1,1,1
545,12,649,567,51,124,1,1,1
546,12,650,567,52,124,1,1,1
547,12,649,567,51,124,1,1,1
548,12,651,568,49,122,1,1,1
549,12,650,567,52,124,1,1,1
550,12,649,567,51,124,1,1,1
551,12,651,567,49,124,1,1,1
552,12,651,567,51,122,1,1,1
553,12,649,566,51,126,1,1,1
554,12,651,567,49,122,1,1,1
555,12,649,567,51,124,1,1,1
556,12,651,567,49,124,1,1,1
557,12,651,567,49,124,1,1,1
558,12,651,567,51,124,1,1,1
559,12,650,566,52,126,1,1,1
560,12,650,566,52,126,1,1,1
561,12,651,567,49,124,1,1,1
562,12,651,567,49,124,1,1,1
563,12,649,566,51,126,1,1,1
564,12,649,566,51,126,1,1,1
565,12,649,566,52,129,1,1,1
566,12,648,567,51,128,1,1,1
567,12,650,565,49,128,1,1,1
568,12,650,565,49,128,1,1,1
569,12,650,566,49,129,1,1,1
570,12,650,565,49,128,1,1,1
571,12,650,565,49,128,1,1,1
572,12,650,565,49,128,1,1,1
573,12,650,564,48,129,1,1,1
574,12,650,564,48,129,1,1,1
575,12,650,564,48,129,1,1,1
576,12,650,564,48,129,1,1,1
577,12,650,564,48,129,1,1,1
578,12,650,564,48,129,1,1,1
579,12,650,564,48,129,1,1,1
580,12,650,564,48,129,1,1,1
581,12,650,564,48,129,1,1,1
582,12,652,564,48,129,1,1,1
583,12,652,564,48,129,1,1,1
584,12,652,563,48,131,1,1,1
585,12,652,563,48,131,1,1,1
586,12,652,563,48,131,1,1,1
587,12,652,564,48,129,1,1,1
588,12,653,564,47,129,1,1,1
589,12,653,564,47,129,1,1,1
590,12,653,564,47,129,1,1,1
591,12,653,564,47,129,1,1,1
592,12,653,563,47,131,1,1,1
593,12,653,563,47,131,1,1,1
594,12,653,563,47,131,1,1,1
595,12,654,562,45,129,1,1,1
596,12,654,563,45,131,1,1,1
597,12,654,562,45,129,1,1,1
598,12,654,563,45,131,1,1,1
599,12,654,562,45,129,1,1,1
600,12,654,562,45,129,1,1,1
601,12,654,562,45,129,1,1,1
602,12,655,563,44,128,1,1,1
603,12,655,563,44,128,1,1,1
604,12,655,562,44,126,1,1,1
605,12,655,562,44,126,1,1,1
606,12,655,562,44,126,1,1,1
607,12,655,562,44,126,1,1,1
608,12,655,562,44,126,1,1,1
609,12,655,562,44,126,1,1,1
610,12,655,562,44,126,1,1,1
611,12,655,562,44,126,1,1,1
612,12,655,562,44,126,1,1,1
613,12,655,562,44,126,1,1,1
614,12,655,561,44,128,1,1,1
615,12,655,561,44,128,1,1,1
616,12,655,562,44,126,1,1,1
617,12,655,562,44,126,1,1,1
618,12,655,562,44,126,1,1,1
619,12,655,561,44,124,1,1,1
620,12,655,561,44,124,1,1,1
621,12,655,562,44,126,1,1,1
622,12,655,562,44,126,1,1,1
623,12,655,561,44,124,1,1,1
624,12,655,561,44,128,1,1,1
625,12,655,560,44,126,1,1,1
626,12,655,560,44,126,1,1,1
627,12,655,560,44,126,1,1,1
628,12,655,561,44,128,1,1,1
629,12,655,560,44,126,1,1,1
630,12,655,561,44,128,1,1,1
631,12,655,560,44,126,1,1,1
632,12,654,560,45,126,1,1,1
633,12,656,560,44,126,1,1,1
634,12,655,561,44,128,1,1,1
635,12,655,561,44,128,1,1,1
636,12,655,560,44,129,1,1,1
637,12,655,561,44,128,1,1,1
638,12,655,561,44,128,1,1,1
639,12,655,559,44,129,1,1,1
640,12,656,559,44,129,1,1,1
641,12,656,560,44,128,1,1,1
642,12,654,560,45,129,1,1,1
643,12,655,559,44,129,1,1,1
644,12,655,559,44,129,1,1,1
645,12,654,559,45,129,1,1,1
646,12,654,559,45,129,1,1,1
647,12,654,559,45,129,1,1,1
648,12,654,559,45,129,1,1,1
649,12,654,559,45,129,1,1,1
650,12,654,559,47,129,1,1,1
651,12,654,559,47,129,1,1,1
652,12,653,559,48,129,1,1,1
653,12,654,559,47,129,1,1,1
654,12,654,559,47,129,1,1,1
655,12,653,559,48,129,1,1,1
656,12,654,559,47,129,1,1,1
657,12,654,559,47,129,1,1,1
658,12,653,558,48,128,1,1,1
659,12,653,559,48,129,1,1,1
660,12,653,559,48,129,1,1,1
661,12,654,558,47,128,1,1,1
662,12,653,557,48,129,1,1,1
663,12,653,557,48,129,1,1,1
664,12,652,557,48,129,1,1,1
665,12,652,557,49,129,1,1,1
666,12,653,557,48,129,1,1,1
667,12,652,557,51,129,1,1,1
668,12,652,557,49,129,1,1,1
669,12,652,557,48,129,1,1,1
670,12,651,557,49,129,1,1,1
671,12,651,557,49,129,1,1,1
672,12,651,557,51,129,1,1,1
673,12,651,557,51,129,1,1,1
674,12,651,557,51,129,1,1,1
675,12,651,557,51,129,1,1,1
676,12,651,557,51,129,1,1,1
677,12,651,556,51,131,1,1,1
678,12,651,557,51,129,1,1,1
679,12,650,557,52,129,1,1,1
680,12,650,557,52,129,1,1,1
681,12,650,557,52,129,1,1,1
682,12,651,557,51,129,1,1,1
683,12,651,557,51,129,1,1,1
684,12,651,557,51,129,1,1,1
685,12,651,557,51,129,1,1,1
686,12,651,555,51,129,1,1,1
687,12,650,555,52,129,1,1,1
688,12,651,555,49,129,1,1,1
689,12,649,555,51,129,1,1,1
690,12,650,554,52,131,1,1,1
691,12,651,555,49,129,1,1,1
692,12,651,555,49,129,1,1,1
693,12,651,555,51,129,1,1,1
694,12,651,555,51,129,1,1,1
695,12,651,555,49,129,1,1,1
696,12,651,554,49,131,1,1,1
697,12,650,554,52,131,1,1,1
698,12,649,554,51,131,1,1,1
699,12,649,554,51,131,1,1,1
700,12,650,554,49,131,1,1,1
701,12,649,554,51,131,1,1,1
702,12,650,555,49,129,1,1,1
703,12,649,554,51,131,1,1,1
704,12,651,555,49,129,1,1,1
705,12,650,553,52,131,1,1,1
706,12,651,553,49,131,1,1,1
707,12,651,553,49,129,1,1,1
708,12,650,553,52,131,1,1,1
709,12,650,554,52,131,1,1,1
710,12,649,553,51,131,1,1,1
711,12,650,554,52,131,1,1,1
712,12,650,554,52,131,1,1,1
713,12,650,553,52,131,1,1,1
714,12,650,554,52,131,1,1,1
715,12,649,554,51,131,1,1,1
716,12,650,554,52,131,1,1,1
717,12,651,552,51,131,1,1,1
718,12,651,552,49,131,1,1,1
719,12,650,552,48,131,1,1,1
720,12,652,552,48,131,1,1,1
721,12,652,552,48,131,1,1,1
722,12,650,552,48,131,1,1,1
723,12,650,552,48,131,1,1,1
724,12,650,552,48,131,1,1,1
725,12,651,552,47,131,1,1,1
726,12,651,552,48,131,1,1,1
727,12,651,552,47,131,1,1,1
728,12,650,552,48,131,1,1,1
729,12,650,552,48,131,1,1,1
730,12,652,552,48,131,1,1,1
731,12,652,552,48,131,1,1,1
732,12,652,552,49,131,1,1,1
733,12,652,551,48,131,1,1,1
734,12,652,552,48,131,1,1,1
735,12,652,552,48,131,1,1,1
736,12,652,552,48,131,1,1,1
737,12,652,552,48,131,1,1,1
738,12,652,552,48,131,1,1,1
739,12,654,552,47,129,1,1,1
740,12,652,552,48,129,1,1,1
741,12,654,552,47,129,1,1,1
742,12,654,552,47,129,1,1,1
743,12,654,550,47,129,1,1,1
744,12,654,552,47,129,1,1,1
745,12,654,550,47,129,1,1,1
746,12,654,550,47,129,1,1,1
747,12,654,551,47,128,1,1,1
748,12,654,551,47,126,1,1,1
749,12,654,551,45,128,1,1,1
750,12,654,551,45,128,1,1,1
751,12,654,551,45,128,1,1,1
752,12,655,551,44,128,1,1,1
753,12,655,551,44,128,1,1,1
754,12,655,551,44,126,1,1,1
755,12,655,551,44,126,1,1,1
756,12,656,551,44,126,1,1,1
757,12,656,551,44,126,1,1,1
758,12,654,551,45,128,1,1,1
759,12,654,551,45,128,1,1,1
760,12,654,551,45,128,1,1,1
761,12,656,551,44,126,1,1,1
762,12,656,551,44,128,1,1,1
763,12,656,550,44,129,1,1,1
764,12,656,550,44,129,1,1,1
765,12,656,550,44,126,1,1,1
766,12,656,551,44,128,1,1,1
767,12,656,551,44,126,1,1,1
768,12,656,549,45,128,1,1,1
769,12,656,551,44,128,1,1,1
770,12,657,550,44,126,1,1,1
771,12,657,549,44,128,1,1,1
772,12,657,549,44,128,1,1,1
773,12,657,549,44,128,1,1,1
774,12,657,549,44,128,1,1,1
775,12,657,550,44,126,1,1,1
776,12,657,550,44,126,1,1,1
777,12,656,550,43,126,1,1,1
778,12,656,549,43,128,1,1,1
779,12,656,550,43,129,1,1,1
780,12,657,549,44,128,1,1,1
781,12,656,549,43,128,1,1,1
782,12,657,550,44,126,1,1,1
783,12,657,549,44,131,1,1,1
784,12,657,548,44,129,1,1,1
785,12,657,548,44,129,1,1,1
786,12,658,549,42,126,1,1,1
787,12,657,549,44,128,1,1,1
788,12,657,549,43,126,1,1,1
789,12,657,549,44,128,1,1,1
790,12,656,549,44,126,1,1,1
791,12,656,549,44,128,1,1,1
792,12,656,549,43,126,1,1,1
793,12,657,549,44,128,1,1,1
794,12,657,549,43,126,1,1,1
795,12,657,549,43,126,1,1,1
796,12,657,549,43,126,1,1,1
797,12,657,549,43,126,1,1,1
798,12,657,547,43,128,1,1,1
799,12,657,548,43,129,1,1,1
800,12,658,549,42,128,1,1,1
801,12,658,549,42,126,1,1,1
802,12,658,549,42,126,1,1,1
803,12,658,547,42,128,1,1,1
804,12,657,547,43,128,1,1,1
805,12,658,547,42,128,1,1,1
806,12,658,547,42,128,1,1,1
807,12,657,547,43,128,1,1,1
808,12,658,546,42,129,1,1,1
809,12,657,546,43,129,1,1,1
810,12,657,547,43,128,1,1,1
811,12,657,547,43,128,1,1,1
812,12,657,546,43,126,1,1,1
813,12,657,546,43,126,1,1,1
814,12,658,547,39,131,1,1,1
815,12,656,547,40,131,1,1,1
816,12,658,547,39,131,1,1,1
817,12,658,546,39,129,1,1,1
818,12,657,546,40,129,1,1,1
819,12,658,546,40,129,1,1,1
820,12,658,546,40,129,1,1,1
821,12,658,546,42,129,1,1,1
822,12,658,546,42,129,1,1,1
823,12,658,545,39,131,1,1,1
824,12,657,546,40,129,1,1,1
825,12,658,546,40,129,1,1,1
826,12,658,545,40,129,1,1,1
827,12,658,545,42,129,1,1,1
828,12,658,546,44,129,1,1,1
829,12,658,544,44,131,1,1,1
830,12,657,546,43,129,1,1,1
831,12,657,544,43,129,1,1,1
832,12,658,544,40,129,1,1,1
833,12,658,544,42,131,1,1,1
834,12,658,544,40,129,1,1,1
835,12,658,544,42,129,1,1,1
836,12,658,544,40,129,1,1,1
837,12,658,544,40,131,1,1,1
838,12,657,544,43,131,1,1,1
839,12,658,544,42,129,1,1,1
840,12,658,544,40,129,1,1,1
841,12,658,544,39,129,1,1,1
842,12,658,544,40,129,1,1,1
843,12,658,544,39,129,1,1,1
844,12,657,544,43,129,1,1,1
845,12,657,544,43,129,1,1,1
846,12,657,544,43,131,1,1,1
847,12,657,544,43,131,1,1,1
848,12,658,544,44,131,1,1,1
849,12,658,544,42,131,1,1,1
850,12,657,544,43,131,1,1,1
851,12,658,544,42,129,1,1,1
852,12,658,543,42,129,1,1,1
853,12,658,544,40,129,1,1,1
854,12,657,544,43,129,1,1,1
855,12,658,544,42,129,1,1,1
856,12,658,544,40,129,1,1,1
857,12,658,544,42,131,1,1,1
858,12,657,544,43,131,1,1,1
859,12,658,543,42,133,1,1,1
860,12,658,544,42,131,1,1,1
861,12,658,544,42,129,1,1,1
862,12,657,543,43,131,1,1,1
863,12,659,543,36,129,1,1,1
864,12,658,543,36,129,1,1,1
865,12,657,543,40,131,1,1,1
866,12,658,543,39,131,1,1,1
867,12,658,543,40,129,1,1,1
868,12,659,543,40,129,1,1,1
869,12,657,543,35,126,1,1,1
870,12,658,542,40,128,1,1,1
871,12,658,543,40,129,1,1,1
872,12,658,543,40,129,1,1,1
873,12,659,543,40,131,1,1,1
874,12,658,543,42,131,1,1,1
875,12,658,543,42,133,1,1,1
876,12,658,543,40,133,1,1,1
877,12,658,543,40,131,1,1,1
878,12,658,543,39,131,1,1,1
879,12,658,543,39,131,1,1,1
880,12,658,542,37,133,1,1,1
881,12,658,541,36,133,1,1,1
882,12,658,541,36,133,1,1,1
883,12,657,541,35,133,1,1,1
884,12,657,542,35,131,1,1,1
885,12,657,541,35,129,1,1,1
886,12,657,541,35,129,1,1,1
887,12,658,541,36,133,1,1,1
888,12,658,542,36,131,1,1,1
889,12,658,541,36,133,1,1,1
890,12,658,542,36,133,1,1,1
891,12,658,542,36,133,1,1,1
892,12,658,543,37,133,1,1,1
893,12,658,543,37,133,1,1,1
894,12,659,543,36,133,1,1,1
895,12,658,543,37,133,1,1,1
896,12,660,544,37,131,1,1,1
897,12,660,544,36,131,1,1,1
898,12,661,544,37,131,1,1,1
899,12,661,544,39,131,1,1,1
900,12,660,544,40,131,1,1,1
901,12,660,544,40,131,1,1,1
902,12,659,544,42,131,1,1,1
903,12,659,544,43,131,1,1,1
904,12,659,544,43,129,1,1,1
905,12,658,545,44,128,1,1,1
906,12,658,546,44,126,1,1,1
907,12,657,545,45,124,1,1,1
908,12,657,545,45,124,1,1,1
909,12,655,545,47,124,1,1,1
910,12,654,545,48,124,1,1,1
911,12,654,546,49,122,1,1,1
912,12,654,545,49,120,1,1,1
913,12,654,545,49,120,1,1,1
914,12,652,547,51,117,1,1,1
915,12,652,546,52,119,1,1,1
916,12,650,545,54,117,1,1,1
917,12,650,545,54,117,1,1,1
918,12,650,545,54,117,1,1,1
919,12,649,546,56,115,1,1,1
920,12,649,545,56,113,1,1,1
921,12,648,544,57,115,1,1,1
922,12,648,544,57,115,1,1,1
923,12,647,544,59,115,1,1,1
924,12,647,544,59,115,1,1,1
925,12,647,544,59,115,1,1,1
926,12,646,543,60,115,1,1,1
927,12,646,542,60,117,1,1,1
928,12,646,542,60,117,1,1,1
929,12,644,543,60,115,1,1,1
930,12,643,542,63,117,1,1,1
931,12,643,542,63,117,1,1,1
932,12,643,542,63,117,1,1,1
933,12,643,542,64,117,1,1,1
934,12,643,542,64,117,1,1,1
935,12,643,541,64,117,1,1,1
936,12,642,540,64,117,1,1,1
937,12,642,540,65,117,1,1,1
938,12,642,540,64,117,1,1,1
939,12,641,540,65,117,1,1,1
940,12,641,540,65,117,1,1,1
941,12,640,540,68,117,1,1,1
942,12,640,538,68,117,1,1,1
943,12,640,538,68,117,1,1,1
944,12,639,538,68,117,1,1,1
945,12,639,539,68,115,1,1,1
946,12,637,539,70,115,1,1,1
947,12,636,538,72,117,1,1,1
948,12,636,538,72,117,1,1,1
949,12,636,537,72,115,1,1,1
950,12,636,537,72,115,1,1,1
951,12,634,537,74,115,1,1,1
952,12,633,537,75,115,1,1,1
953,12,632,536,76,115,1,1,1
954,12,632,536,76,115,1,1,1
955,12,632,536,76,115,1,1,1
956,12,632,536,77,115,1,1,1
957,12,630,535,79,115,1,1,1
958,12,632,534,77,115,1,1,1
959,12,632,535,77,113,1,1,1
960,12,630,535,79,113,1,1,1
961,12,630,533,80,113,1,1,1
962,12,630,533,80,113,1,1,1
963,12,629,533,81,113,1,1,1
964,12,629,533,80,113,1,1,1
965,12,629,533,80,113,1,1,1
966,12,628,533,83,113,1,1,1
967,12,628,532,81,112,1,1,1
968,12,628,531,81,113,1,1,1
969,12,628,531,83,113,1,1,1
970,12,628,532,81,112,1,1,1
971,12,626,530,84,113,1,1,1
972,12,626,530,84,113,1,1,1
973,12,626,530,84,112,1,1,1
974,12,629,531,81,110,1,1,1
975,12,628,530,83,112,1,1,1
976,12,628,529,84,113,1,1,1
977,12,628,530,83,112,1,1,1
978,12,628,530,83,112,1,1,1
979,12,628,528,83,113,1,1,1
980,12,628,528,83,113,1,1,1
981,12,628,528,83,113,1,1,1
982,12,630,528,81,113,1,1,1
983,12,630,528,81,113,1,1,1
984,12,630,528,80,112,1,1,1
985,12,630,528,80,113,1,1,1
986,12,630,528,80,113,1,1,1
987,12,632,528,80,113,1,1,1
988,12,632,526,80,113,1,1,1
989,12,632,527,80,115,1,1,1
990,12,632,527,80,115,1,1,1
991,12,632,526,80,113,1,1,1
992,12,633,526,80,113,1,1,1
993,12,633,527,80,115,1,1,1
994,12,634,526,79,113,1,1,1
995,12,634,526,80,113,1,1,1
996,12,633,526,80,113,1,1,1
997,12,632,526,81,113,1,1,1
998,12,631,526,83,113,1,1,1
999,12,630,525,84,115,1,1,1
1000,12,631,525,83,115,1,1,1
1001,12,634,525,80,115,1,1,1
1002,12,634,525,79,115,1,1,1
1003,12,635,524,80,117,1,1,1
1004,12,635,524,79,117,1,1,1
1005,12,637,524,77,117,1,1,1
1006,12,638,524,76,117,1,1,1
1007,12,640,524,75,117,1,1,1
1008,12,640,524,75,117,1,1,1
1009,12,640,524,75,117,1,1,1
1010,12,640,524,74,117,1,1,1
1011,12,640,523,75,119,1,1,1
1012,12,640,523,75,119,1,1,1
1013,12,642,522,74,117,1,1,1
1014,12,642,523,74,119,1,1,1
1015,12,642,521,74,119,1,1,1
1016,12,642,522,74,117,1,1,1
1017,12,642,522,72,117,1,1,1
1018,12,641,521,75,119,1,1,1
1019,12,642,522,74,117,1,1,1
1020,12,642,522,74,117,1,1,1
1021,12,644,522,72,117,1,1,1
1022,12,643,522,74,117,1,1,1
1023,12,643,522,74,117,1,1,1
1024,12,643,521,74,119,1,1,1
1025,12,643,521,74,119,1,1,1
1026,12,645,520,72,117,1,1,1
1027,12,645,520,72,117,1,1,1
1028,12,645,520,72,117,1,1,1
1029,12,645,520,72,117,1,1,1
1030,12,645,520,72,119,1,1,1
1031,12,643,520,74,119,1,1,1
1032,12,645,520,72,117,1,1,1
1033,12,645,520,72,117,1,1,1
1034,12,643,520,75,117,1,1,1
1035,12,643,519,75,117,1,1,1
1036,12,643,519,75,117,1,1,1
1037,12,643,519,75,117,1,1,1
1038,12,643,519,75,117,1,1,1
1039,12,643,519,75,117,1,1,1
1040,12,643,519,75,115,1,1,1
1041,12,643,517,75,117,1,1,1
1042,12,644,518,76,115,1,1,1
1043,12,644,517,76,117,1,1,1
1044,12,644,517,76,117,1,1,1
1045,12,644,517,76,117,1,1,1
1046,12,644,517,76,117,1,1,1
1047,12,644,517,76,117,1,1,1
1048,12,644,517,76,117,1,1,1
1049,12,644,516,76,115,1,1,1
1050,12,644,516,76,115,1,1,1
1051,12,644,516,76,115,1,1,1
1052,12,644,516,76,115,1,1,1
1053,12,643,515,77,117,1,1,1
1054,12,643,516,77,115,1,1,1
1055,12,643,516,77,115,1,1,1
1056,12,644,516,77,115,1,1,1
1057,12,643,516,77,115,1,1,1
1058,12,642,516,79,115,1,1,1
1059,12,642,515,79,117,1,1,1
1060,12,642,515,79,117,1,1,1
1061,12,642,515,80,117,1,1,1
1062,12,642,515,80,117,1,1,1
1063,12,642,515,80,117,1,1,1
1064,12,642,513,80,117,1,1,1
1065,12,642,514,80,115,1,1,1
1066,12,642,514,80,115,1,1,1
1067,12,642,514,80,115,1,1,1
1068,12,642,513,80,115,1,1,1
1069,12,642,512,80,115,1,1,1
1070,12,641,512,81,115,1,1,1
1071,12,641,512,81,115,1,1,1
1072,12,641,512,81,115,1,1,1
1073,12,641,512,81,115,1,1,1
1074,12,641,512,81,115,1,1,1
1075,12,641,511,81,115,1,1,1
1076,12,640,510,83,117,1,1,1
1077,12,640,511,83,115,1,1,1
1078,12,640,511,83,115,1,1,1
1079,12,640,511,83,115,1,1,1
1080,12,640,511,83,115,1,1,1
1081,12,642,511,81,115,1,1,1
1082,12,640,511,83,115,1,1,1
1083,12,640,511,83,115,1,1,1
1084,12,640,511,83,113,1,1,1
1085,12,641,511,84,113,1,1,1
1086,12,641,511,83,113,1,1,1
1087,12,641,511,84,113,1,1,1
1088,12,641,511,84,113,1,1,1
1089,12,641,510,84,113,1,1,1
1090,12,641,510,84,113,1,1,1
1091,12,641,510,84,113,1,1,1
1092,12,641,510,84,113,1,1,1
1093,12,641,509,84,115,1,1,1
1094,12,641,509,84,115,1,1,1
1095,12,641,509,84,115,1,1,1
1096,12,641,509,84,115,1,1,1
1097,12,640,509,84,115,1,1,1
1098,12,640,508,84,113,1,1,1
1099,12,642,508,84,113,1,1,1
1100,12,640,507,84,115,1,1,1
1101,12,640,507,84,115,1,1,1
1102,12,640,507,84,115,1,1,1
1103,12,640,507,84,115,1,1,1
1104,12,642,507,84,115,1,1,1
1105,12,640,507,84,115,1,1,1
1106,12,640,508,84,113,1,1,1
1107,12,640,508,84,113,1,1,1
1108,12,640,507,84,115,1,1,1
1109,12,640,508,84,113,1,1,1
1110,12,642,507,84,115,1,1,1
1111,12,642,507,84,115,1,1,1
1112,12,642,507,84,115,1,1,1
1113,12,642,506,84,113,1,1,1
1114,12,642,505,84,115,1,1,1
1115,12,642,505,84,115,1,1,1
1116,12,642,505,84,115,1,1,1
1117,12,642,505,84,115,1,1,1
1118,12,642,505,84,115,1,1,1
1119,12,642,506,84,113,1,1,1
1120,12,642,506,84,113,1,1,1
1121,12,642,504,84,115,1,1,1
1122,12,642,504,84,113,1,1,1
1123,12,642,504,84,113,1,1,1
1124,12,642,504,84,113,1,1,1
1125,12,641,504,85,113,1,1,1
1126,12,641,504,85,115,1,1,1
1127,12,641,504,85,113,1,1,1
1128,12,641,504,85,115,1,1,1
1129,12,641,504,85,115,1,1,1
1130,12,641,504,85,113,1,1,1
1131,12,641,504,85,113,1,1,1
1132,12,641,504,85,113,1,1,1
1133,12,642,504,87,113,1,1,1
1134,12,642,502,87,115,1,1,1
1135,12,642,502,87,115,1,1,1
1136,12,642,503,85,113,1,1,1
1137,12,642,503,85,113,1,1,1
1138,12,642,503,85,113,1,1,1
1139,12,644,502,84,112,1,1,1
1140,12,644,501,84,113,1,1,1
1141,12,642,501,85,113,1,1,1
1142,12,642,501,85,113,1,1,1
1143,12,642,501,85,113,1,1,1
1144,12,642,502,85,112,1,1,1
1145,12,644,502,84,112,1,1,1
1146,12,644,501,85,113,1,1,1
1147,12,642,502,87,112,1,1,1
1148,12,642,501,87,113,1,1,1
1149,12,642,501,87,113,1,1,1
1150,12,642,500,87,112,1,1,1
1151,12,644,500,85,112,1,1,1
1152,12,643,499,88,113,1,1,1
1153,12,642,499,87,113,1,1,1
1154,12,642,499,87,113,1,1,1
1155,12,642,499,87,113,1,1,1
1156,12,644,500,85,112,1,1,1
1157,12,644,499,85,110,1,1,1
1158,12,644,500,85,112,1,1,1
1159,12,643,498,87,112,1,1,1
1160,12,643,498,87,112,1,1,1
1161,12,645,498,85,112,1,1,1
1162,12,644,498,85,112,1,1,1
1163,12,645,499,85,110,1,1,1
1164,12,645,499,85,110,1,1,1
1165,12,645,499,85,110,1,1,1
1166,12,645,499,85,110,1,1,1
1167,12,645,499,85,110,1,1,1
1168,12,645,499,85,110,1,1,1
1169,12,645,497,85,110,1,1,1
1170,12,643,498,87,112,1,1,1
1171,12,643,497,87,110,1,1,1
1172,12,643,497,87,110,1,1,1
1173,12,645,497,85,110,1,1,1
1174,12,645,498,85,108,1,1,1
1175,12,645,498,85,108,1,1,1
1176,12,646,498,85,108,1,1,1
1177,12,647,497,84,108,1,1,1
1178,12,646,497,85,108,1,1,1
1179,12,647,496,84,108,1,1,1
1180,12,647,496,84,108,1,1,1
1181,12,645,496,87,110,1,1,1
1182,12,645,496,87,110,1,1,1
1183,12,646,496,85,108,1,1,1
1184,12,645,496,87,110,1,1,1
1185,12,647,495,84,110,1,1,1
1186,12,647,496,84,108,1,1,1
1187,12,647,496,84,108,1,1,1
1188,12,647,496,84,108,1,1,1
1189,12,648,495,83,108,1,1,1
1190,12,647,495,84,108,1,1,1
1191,12,647,496,84,108,1,1,1
1192,12,647,494,84,110,1,1,1
1193,12,647,494,84,110,1,1,1
1194,12,647,495,84,108,1,1,1
1195,12,647,495,84,108,1,1,1
1196,12,647,495,84,108,1,1,1
1197,12,649,495,84,108,1,1,1
1198,12,647,495,84,108,1,1,1
1199,12,648,495,84,108,1,1,1
1200,12,648,495,84,108,1,1,1
1201,12,649,494,84,108,1,1,1
1202,12,649,493,84,108,1,1,1
1203,12,649,494,84,108,1,1,1
1204,12,649,494,84,108,1,1,1
1205,12,649,493,83,108,1,1,1
1206,12,650,493,81,108,1,1,1
1207,12,649,493,83,108,1,1,1
1208,12,649,493,83,108,1,1,1
1209,12,649,493,84,108,1,1,1
1210,12,649,493,84,108,1,1,1
1211,12,649,493,83,108,1,1,1
1212,12,649,493,83,108,1,1,1
1213,12,649,493,83,108,1,1,1
1214,12,650,493,84,108,1,1,1
1215,12,650,493,84,108,1,1,1
1216,12,650,491,84,108,1,1,1
1217,12,650,492,84,110,1,1,1
1218,12,650,492,84,110,1,1,1
1219,12,650,492,84,110,1,1,1
1220,12,650,492,84,110,1,1,1
1221,12,650,492,84,110,1,1,1
1222,12,650,492,84,110,1,1,1
1223,12,650,490,84,110,1,1,1
1224,12,650,490,84,110,1,1,1
1225,12,650,490,84,110,1,1,1
1226,12,650,490,84,110,1,1,1
1227,12,650,490,84,110,1,1,1
1228,12,650,490,84,110,1,1,1
1229,12,650,490,84,110,1,1,1
1230,12,651,490,83,110,1,1,1
1231,12,650,490,84,110,1,1,1
1232,12,650,490,84,110,1,1,1
1233,12,650,490,84,110,1,1,1
1234,12,650,489,84,112,1,1,1
1235,12,650,490,84,110,1,1,1
1236,12,650,490,84,110,1,1,1
1237,12,650,490,84,110,1,1,1
1238,12,650,490,84,110,1,1,1
1239,12,650,490,84,110,1,1,1
1240,12,650,489,84,112,1,1,1
1241,12,650,489,84,112,1,1,1
1242,12,651,489,84,112,1,1,1
1243,12,651,489,84,112,1,1,1
1244,12,652,489,84,112,1,1,1
1245,12,652,489,83,112,1,1,1
1246,12,652,489,84,112,1,1,1
1247,12,652,489,84,112,1,1,1
1248,12,652,489,84,112,1,1,1
1249,12,652,489,84,112,1,1,1
1250,12,652,488,84,110,1,1,1
1251,12,652,488,83,110,1,1,1
1252,12,652,488,84,112,1,1,1
1253,12,652,487,84,113,1,1,1
1254,12,653,488,84,112,1,1,1
1255,12,654,488,81,112,1,1,1
1256,12,654,488,81,112,1,1,1
1257,12,653,488,83,112,1,1,1
1258,12,654,488,81,112,1,1,1
1259,12,653,487,83,113,1,1,1
1260,12,653,487,83,113,1,1,1
1261,12,653,487,83,113,1,1,1
1262,12,653,487,83,113,1,1,1
1263,12,653,487,83,113,1,1,1
1264,12,653,487,83,113,1,1,1
1265,12,655,487,81,113,1,1,1
1266,12,655,487,81,113,1,1,1
1267,12,655,485,81,113,1,1,1
1268,12,655,485,81,113,1,1,1
1269,12,656,485,80,113,1,1,1
1270,12,656,485,80,113,1,1,1
1271,12,656,485,80,113,1,1,1
1272,12,656,485,80,113,1,1,1
1273,12,656,485,80,113,1,1,1
1274,12,656,485,81,113,1,1,1
1275,12,656,485,81,113,1,1,1
1276,12,656,485,81,113,1,1,1
1277,12,657,485,80,113,1,1,1
1278,12,657,485,80,113,1,1,1
1279,12,657,485,80,113,1,1,1
1280,12,657,485,80,113,1,1,1
1281,12,657,485,80,113,1,1,1
1282,12,656,484,81,115,1,1,1
1283,12,656,484,81,115,1,1,1
1284,12,657,485,80,113,1,1,1
1285,12,657,484,80,115,1,1,1
1286,12,657,484,80,115,1,1,1
1287,12,657,484,80,115,1,1,1
1288,12,657,484,80,115,1,1,1
1289,12,657,484,80,115,1,1,1
1290,12,657,484,80,115,1,1,1
1291,12,657,482,80,115,1,1,1
1292,12,657,482,80,115,1,1,1
1293,12,657,482,80,115,1,1,1
1294,12,658,482,80,115,1,1,1
1295,12,658,482,80,115,1,1,1
1296,12,658,482,80,115,1,1,1
1297,12,659,482,80,115,1,1,1
1298,12,658,482,80,115,1,1,1
1299,12,658,481,80,117,1,1,1
1300,12,659,482,80,115,1,1,1
1301,12,659,482,79,115,1,1,1
1302,12,659,482,79,115,1,1,1
1303,12,659,482,79,115,1,1,1
1304,12,659,482,80,115,1,1,1
1305,12,659,482,80,115,1,1,1
1306,12,659,481,80,117,1,1,1
1307,12,659,481,80,117,1,1,1
1308,12,659,481,80,117,1,1,1
1309,12,659,480,79,117,1,1,1
1310,12,659,480,79,117,1,1,1
1311,12,659,481,79,117,1,1,1
1312,12,659,480,80,117,1,1,1
1313,12,659,480,80,117,1,1,1
1314,12,659,480,79,117,1,1,1
1315,12,659,480,79,117,1,1,1
1316,12,660,480,80,117,1,1,1
1317,12,660,480,80,117,1,1,1
1318,12,660,480,80,117,1,1,1
1319,12,660,480,80,117,1,1,1
1320,12,660,480,80,117,1,1,1
1321,12,661,480,79,117,1,1,1
1322,12,660,480,80,117,1,1,1
1323,12,661,480,79,117,1,1,1
1324,12,661,479,79,117,1,1,1
1325,12,661,479,79,117,1,1,1
1326,12,660,479,80,119,1,1,1
1327,12,661,479,79,119,1,1,1
1328,12,662,479,77,117,1,1,1
1329,12,662,479,77,117,1,1,1
1330,12,662,479,77,117,1,1,1
1331,12,662,479,77,117,1,1,1
1332,12,662,479,77,117,1,1,1
1333,12,662,479,77,117,1,1,1
1334,12,663,478,77,117,1,1,1
1335,12,663,479,77,117,1,1,1
1336,12,663,479,77,117,1,1,1
1337,12,661,479,79,117,1,1,1
1338,12,661,477,79,119,1,1,1
1339,12,663,479,77,117,1,1,1
1340,12,663,479,77,117,1,1,1
1341,12,663,477,77,119,1,1,1
1342,12,663,477,77,119,1,1,1
1343,12,663,477,77,119,1,1,1
1344,12,664,477,76,119,1,1,1
1345,12,664,477,76,119,1,1,1
1346,12,664,478,76,117,1,1,1
1347,12,664,478,76,117,1,1,1
1348,12,664,478,76,117,1,1,1
1349,12,664,477,76,119,1,1,1
1350,12,664,477,76,119,1,1,1
1351,12,665,477,76,117,1,1,1
1352,12,665,477,76,119,1,1,1
1353,12,665,477,76,117,1,1,1
1354,12,665,477,75,119,1,1,1
1355,12,665,477,75,117,1,1,1
1356,12,665,477,75,119,1,1,1
1357,12,665,475,75,119,1,1,1
1358,12,665,477,75,117,1,1,1
1359,12,665,476,75,117,1,1,1
1360,12,665,476,75,117,1,1,1
1361,12,665,475,75,119,1,1,1
1362,12,665,476,75,120,1,1,1
1363,12,665,476,76,120,1,1,1
1364,12,665,475,75,119,1,1,1
1365,12,665,476,75,117,1,1,1
1366,12,666,476,74,117,1,1,1
1367,12,666,476,74,117,1,1,1
1368,12,666,476,74,117,1,1,1
1369,12,666,476,74,117,1,1,1
1370,12,668,476,72,117,1,1,1
1371,12,667,474,74,117,1,1,1
1372,12,669,474,72,117,1,1,1
1373,12,668,474,74,117,1,1,1
1374,12,668,474,75,117,1,1,1
1375,12,669,474,74,117,1,1,1
1376,12,669,474,74,117,1,1,1
1377,12,670,474,72,117,1,1,1
1378,12,670,476,72,117,1,1,1
1379,12,672,475,72,119,1,1,1
1380,12,674,475,71,119,1,1,1
1381,12,675,476,70,120,1,1,1
1382,12,676,476,68,120,1,1,1
1383,12,676,476,70,120,1,1,1
1384,12,678,476,68,120,1,1,1
1385,12,679,476,67,120,1,1,1
1386,12,679,476,67,120,1,1,1
1387,12,681,475,64,122,1,1,1
1388,12,682,476,64,120,1,1,1
1389,12,683,475,64,122,1,1,1
1390,12,683,475,64,122,1,1,1
1391,12,683,474,64,120,1,1,1
1392,12,683,474,63,120,1,1,1
1393,12,683,474,63,120,1,1,1
1394,12,683,474,63,120,1,1,1
1395,12,684,474,64,120,1,1,1
1396,12,682,473,64,120,1,1,1
1397,12,682,472,64,120,1,1,1
1398,12,682,472,64,120,1,1,1
1399,12,682,472,65,120,1,1,1
1400,12,682,472,65,122,1,1,1
1401,12,680,471,67,120,1,1,1
1402,12,680,472,67,119,1,1,1
1403,12,680,471,67,117,1,1,1
1404,12,680,471,68,115,1,1,1
1405,12,679,471,70,117,1,1,1
1406,12,679,471,70,115,1,1,1
1407,12,679,469,70,113,1,1,1
1408,12,677,470,71,115,1,1,1
1409,12,676,470,72,115,1,1,1
1410,12,676,470,72,115,1,1,1
1411,12,676,468,72,115,1,1,1
1412,12,674,468,74,115,1,1,1
1413,12,673,468,75,115,1,1,1
1414,12,673,468,76,115,1,1,1
1415,12,672,468,76,115,1,1,1
1416,12,671,468,77,115,1,1,1
1417,12,670,467,79,113,1,1,1
1418,12,668,467,80,113,1,1,1
1419,12,669,467,80,113,1,1,1
1420,12,668,467,81,113,1,1,1
1421,12,667,465,83,113,1,1,1
1422,12,667,465,83,113,1,1,1
1423,12,667,465,83,113,1,1,1
1424,12,667,466,83,112,1,1,1
1425,12,667,465,83,110,1,1,1
1426,12,666,465,84,110,1,1,1
1427,12,666,465,84,110,1,1,1
1428,12,664,465,84,110,1,1,1
1429,12,666,464,84,108,1,1,1
1430,12,666,464,84,110,1,1,1
1431,12,666,463,84,110,1,1,1
1432,12,666,462,84,110,1,1,1
1433,12,666,462,84,110,1,1,1
1434,12,666,462,84,110,1,1,1
1435,12,668,462,83,108,1,1,1
1436,12,668,462,84,110,1,1,1
1437,12,668,462,84,110,1,1,1
1438,12,668,462,83,108,1,1,1
1439,12,670,461,81,110,1,1,1
1440,12,670,461,81,110,1,1,1
1441,12,668,461,83,112,1,1,1
1442,12,668,460,83,113,1,1,1
1443,12,671,460,81,113,1,1,1
1444,12,672,460,80,113,1,1,1
1445,12,672,459,80,115,1,1,1
1446,12,674,459,80,115,1,1,1
1447,12,674,459,79,115,1,1,1
1448,12,676,459,77,115,1,1,1
1449,12,677,460,77,117,1,1,1
1450,12,678,460,76,117,1,1,1
1451,12,678,460,76,117,1,1,1
1452,12,679,459,76,119,1,1,1
1453,12,682,458,74,120,1,1,1
1454,12,682,458,74,120,1,1,1
1455,12,684,458,72,120,1,1,1
1456,12,685,458,71,120,1,1,1
1457,12,687,458,70,120,1,1,1
1458,12,688,457,70,122,1,1,1
1459,12,688,458,68,120,1,1,1
1460,12,690,458,68,120,1,1,1
1461,12,690,458,68,120,1,1,1
1462,12,690,457,68,120,1,1,1
1463,12,690,457,68,120,1,1,1
1464,12,691,457,68,119,1,1,1
1465,12,691,456,68,120,1,1,1
1466,12,692,457,68,119,1,1,1
1467,12,692,457,68,119,1,1,1
1468,12,690,457,70,119,1,1,1
1469,12,690,456,71,117,1,1,1
1470,12,690,456,71,117,1,1,1
1471,12,690,456,71,117,1,1,1
1472,12,690,456,71,117,1,1,1
1473,12,689,456,72,117,1,1,1
1474,12,689,456,72,117,1,1,1
1475,12,689,456,72,117,1,1,1
1476,12,688,455,74,117,1,1,1
1477,12,688,456,74,115,1,1,1
1478,12,688,456,74,115,1,1,1
1479,12,688,456,74,115,1,1,1
1480,12,687,456,76,115,1,1,1
1481,12,687,456,76,115,1,1,1
1482,12,686,456,77,113,1,1,1
1483,12,686,455,77,113,1,1,1
1484,12,686,455,77,113,1,1,1
1485,12,686,456,79,112,1,1,1
1486,12,685,455,80,113,1,1,1
1487,12,685,455,80,113,1,1,1
1488,12,684,453,81,113,1,1,1
1489,12,685,454,80,112,1,1,1
1490,12,683,453,81,113,1,1,1
1491,12,683,454,81,112,1,1,1
1492,12,682,454,84,110,1,1,1
1493,12,682,452,84,112,1,1,1
1494,12,682,452,84,112,1,1,1
1495,12,682,453,84,110,1,1,1
1496,12,683,453,84,110,1,1,1
1497,12,683,453,84,110,1,1,1
1498,12,683,453,84,110,1,1,1
1499,12,682,451,85,110,1,1,1
1500,12,682,451,87,110,1,1,1
1501,12,681,451,88,110,1,1,1
1502,12,681,452,88,108,1,1,1
1503,12,681,451,88,110,1,1,1
1504,12,681,450,88,108,1,1,1
1505,12,681,450,88,108,1,1,1
1506,12,681,450,88,108,1,1,1
1507,12,681,449,88,110,1,1,1
1508,12,681,450,88,108,1,1,1
1509,12,680,450,89,108,1,1,1
1510,12,680,450,89,108,1,1,1
1511,12,680,450,89,108,1,1,1
1512,12,680,450,91,108,1,1,1
1513,12,680,450,91,108,1,1,1
1514,12,680,449,91,106,1,1,1
1515,12,680,448,91,108,1,1,1
1516,12,681,449,92,106,1,1,1
1517,12,681,449,92,106,1,1,1
1518,12,680,449,92,106,1,1,1
1519,12,682,449,92,106,1,1,1
1520,12,680,447,92,108,1,1,1
1521,12,682,448,92,106,1,1,1
1522,12,682,448,92,104,1,1,1
1523,12,680,448,94,106,1,1,1
1524,12,680,448,94,106,1,1,1
1525,12,680,448,94,104,1,1,1
1526,12,681,448,94,103,1,1,1
1527,12,681,448,95,104,1,1,1
1528,12,681,448,94,103,1,1,1
1529,12,681,447,94,103,1,1,1
1530,12,681,447,94,103,1,1,1
1531,12,682,447,95,103,1,1,1
1532,12,682,446,94,103,1,1,1
1533,12,682,446,94,103,1,1,1
1534,12,682,447,94,101,1,1,1
1535,12,682,447,95,101,1,1,1
1536,12,681,447,96,101,1,1,1
1537,12,682,447,95,101,1,1,1
1538,12,681,446,96,101,1,1,1
1539,12,681,446,96,101,1,1,1
1540,12,681,446,96,101,1,1,1
1541,12,682,445,95,101,1,1,1
1542,12,683,445,96,101,1,1,1
1543,12,683,445,96,101,1,1,1
1544,12,683,445,96,101,1,1,1
1545,12,682,445,96,101,1,1,1
1546,12,682,445,96,101,1,1,1
1547,12,682,444,96,99,1,1,1
1548,12,682,443,96,101,1,1,1
1549,12,682,444,96,99,1,1,1
1550,12,682,444,96,99,1,1,1
1551,12,682,444,96,99,1,1,1
1552,12,682,444,96,99,1,1,1
1553,12,682,444,98,99,1,1,1
1554,12,682,444,98,99,1,1,1
1555,12,684,443,96,97,1,1,1
1556,12,682,442,98,99,1,1,1
1557,12,683,443,99,97,1,1,1
1558,12,683,443,98,97,1,1,1
1559,12,683,443,99,97,1,1,1
1560,12,684,441,99,99,1,1,1
1561,12,683,443,98,97,1,1,1
1562,12,684,441,99,99,1,1,1
1563,12,684,441,99,97,1,1,1
1564,12,682,441,100,99,1,1,1
1565,12,684,441,100,97,1,1,1
1566,12,684,441,100,97,1,1,1
1567,12,684,440,99,99,1,1,1
1568,12,684,440,99,99,1,1,1
1569,12,684,441,99,97,1,1,1
1570,12,684,441,99,97,1,1,1
1571,12,686,439,98,99,1,1,1
1572,12,685,440,99,97,1,1,1
1573,12,686,440,98,97,1,1,1
1574,12,686,440,98,97,1,1,1
1575,12,686,440,98,97,1,1,1
1576,12,687,440,99,97,1,1,1
1577,12,687,438,99,97,1,1,1
1578,12,687,438,99,97,1,1,1
1579,12,687,438,98,97,1,1,1
1580,12,687,438,98,97,1,1,1
1581,12,687,438,98,97,1,1,1
1582,12,687,438,98,97,1,1,1
1583,12,688,438,98,97,1,1,1
1584,12,688,438,98,97,1,1,1
1585,12,688,439,98,96,1,1,1
1586,12,688,439,98,96,1,1,1
1587,12,688,439,99,96,1,1,1
1588,12,690,438,98,97,1,1,1
1589,12,690,438,98,97,1,1,1
1590,12,690,438,98,97,1,1,1
1591,12,690,438,98,97,1,1,1
1592,12,690,438,98,97,1,1,1
1593,12,689,436,100,97,1,1,1
1594,12,689,438,99,97,1,1,1
1595,12,690,436,100,97,1,1,1
1596,12,690,436,100,97,1,1,1
1597,12,690,436,100,97,1,1,1
1598,12,691,436,99,97,1,1,1
1599,12,691,436,99,97,1,1,1
1600,12,691,436,98,97,1,1,1
1601,12,691,436,98,97,1,1,1
1602,12,693,436,98,97,1,1,1
1603,12,693,436,98,97,1,1,1
1604,12,693,436,98,97,1,1,1
1605,12,694,436,98,97,1,1,1
1606,12,694,436,98,97,1,1,1
1607,12,694,436,98,97,1,1,1
1608,12,694,436,96,97,1,1,1
1609,12,694,436,98,97,1,1,1
1610,12,694,436,98,97,1,1,1
1611,12,696,436,96,97,1,1,1
1612,12,696,436,96,97,1,1,1
1613,12,695,435,98,96,1,1,1
1614,12,697,434,96,97,1,1,1
1615,12,697,434,96,97,1,1,1
1616,12,697,434,96,97,1,1,1
1617,12,697,434,96,97,1,1,1
1618,12,697,433,96,99,1,1,1
1619,12,699,433,96,99,1,1,1
1620,12,699,433,96,99,1,1,1
1621,12,699,434,95,97,1,1,1
1622,12,699,434,95,97,1,1,1
1623,12,699,434,95,97,1,1,1
1624,12,700,433,96,97,1,1,1
1625,12,701,433,95,97,1,1,1
1626,12,701,433,95,96,1,1,1
1627,12,701,433,95,96,1,1,1
1628,12,701,433,95,96,1,1,1
1629,12,701,433,95,96,1,1,1
1630,12,701,433,95,96,1,1,1
1631,12,700,433,96,96,1,1,1
1632,12,700,433,96,96,1,1,1
1633,12,700,432,96,94,1,1,1
1634,12,700,432,96,96,1,1,1
1635,12,701,432,96,94,1,1,1
1636,12,701,432,96,94,1,1,1
1637,12,701,432,96,96,1,1,1
1638,12,701,432,96,94,1,1,1
1639,12,701,431,96,94,1,1,1
1640,12,700,433,99,92,1,1,1
1641,12,700,431,99,94,1,1,1
1642,12,700,432,99,92,1,1,1
1643,12,700,432,99,92,1,1,1
1644,12,700,431,99,92,1,1,1
1645,12,698,431,100,92,1,1,1
1646,12,699,430,100,92,1,1,1
1647,12,699,430,100,92,1,1,1
1648,12,698,429,101,90,1,1,1
1649,12,698,429,101,90,1,1,1
1650,12,698,430,101,88,1,1,1
1651,12,696,430,104,88,1,1,1
1652,12,698,430,103,88,1,1,1
1653,12,696,430,104,88,1,1,1
1654,12,696,428,104,88,1,1,1
1655,12,696,428,104,88,1,1,1
1656,12,696,429,104,87,1,1,1
1657,12,696,429,104,85,1,1,1
1658,12,696,428,104,85,1,1,1
1659,12,696,428,104,85,1,1,1
1660,12,696,428,104,85,1,1,1
1661,12,696,427,104,83,1,1,1
1662,12,696,427,105,83,1,1,1
1663,12,696,427,105,83,1,1,1
1664,12,697,425,104,83,1,1,1
1665,12,697,425,104,83,1,1,1
1666,12,698,425,104,83,1,1,1
1667,12,698,425,104,83,1,1,1
1668,12,698,425,104,83,1,1,1
1669,12,698,425,104,83,1,1,1
1670,12,698,425,104,83,1,1,1
1671,12,699,425,104,83,1,1,1
1672,12,700,425,104,83,1,1,1
1673,12,700,426,104,81,1,1,1
1674,12,700,425,104,83,1,1,1
1675,12,698,425,104,83,1,1,1
1676,12,700,425,104,83,1,1,1
1677,12,700,425,104,83,1,1,1
1678,12,699,425,105,83,1,1,1
1679,12,699,425,105,83,1,1,1
1680,12,700,425,104,83,1,1,1
1681,12,700,424,104,85,1,1,1
1682,12,699,424,105,85,1,1,1
1683,12,700,424,104,85,1,1,1
1684,12,700,424,104,85,1,1,1
1685,12,700,424,105,85,1,1,1
1686,12,700,424,104,85,1,1,1
1687,12,701,424,104,87,1,1,1
1688,12,702,425,104,87,1,1,1
1689,12,702,423,104,88,1,1,1
1690,12,703,424,104,88,1,1,1
1691,12,702,424,104,88,1,1,1
1692,12,703,424,104,90,1,1,1
1693,12,704,424,104,88,1,1,1
1694,12,704,424,104,90,1,1,1
1695,12,704,424,104,90,1,1,1
1696,12,705,424,103,90,1,1,1
1697,12,705,424,103,90,1,1,1
1698,12,705,424,103,90,1,1,1
1699,12,706,424,103,90,1,1,1
1700,12,706,423,103,92,1,1,1
1701,12,706,423,103,92,1,1,1
1702,12,706,423,101,92,1,1,1
1703,12,706,423,103,92,1,1,1
1704,12,706,423,103,92,1,1,1
1705,12,706,423,103,92,1,1,1
1706,12,706,423,103,92,1,1,1
1707,12,707,422,103,94,1,1,1
1708,12,709,422,101,92,1,1,1
1709,12,709,422,101,94,1,1,1
1710,12,709,422,103,94,1,1,1
1711,12,709,422,103,94,1,1,1
1712,12,710,421,101,94,1,1,1
1713,12,709,422,103,94,1,1,1
1714,12,710,421,101,94,1,1,1
1715,12,711,421,100,94,1,1,1
1716,12,711,421,100,94,1,1,1
1717,12,711,421,100,96,1,1,1
1718,12,711,421,100,94,1,1,1
1719,12,711,422,100,94,1,1,1
1720,12,712,422,100,94,1,1,1
1721,12,712,422,100,94,1,1,1
1722,12,712,422,100,94,1,1,1
1723,12,712,421,100,94,1,1,1
1724,12,713,421,99,92,1,1,1
1725,12,713,421,99,92,1,1,1
1726,12,714,420,100,94,1,1,1
1727,12,714,421,100,92,1,1,1
1728,12,714,421,100,92,1,1,1
1729,12,714,421,100,92,1,1,1
1730,12,713,421,101,92,1,1,1
1731,12,714,420,100,94,1,1,1
1732,12,714,420,100,94,1,1,1
1733,12,714,420,100,94,1,1,1
1734,12,714,420,100,94,1,1,1
1735,12,715,420,100,94,1,1,1
1736,12,715,420,100,94,1,1,1
1737,12,715,419,100,92,1,1,1
1738,12,715,420,100,94,1,1,1
1739,12,715,419,100,92,1,1,1
1740,12,715,419,100,92,1,1,1
1741,12,716,419,99,92,1,1,1
1742,12,715,419,100,92,1,1,1
1743,12,715,419,100,92,1,1,1
1744,12,716,419,100,92,1,1,1
1745,12,717,419,100,92,1,1,1
1746,12,717,417,99,92,1,1,1
1747,12,717,417,99,92,1,1,1
1748,12,716,417,100,92,1,1,1
1749,12,718,417,100,92,1,1,1
1750,12,718,417,100,92,1,1,1
1751,12,718,417,100,92,1,1,1
1752,12,719,417,99,92,1,1,1
1753,12,718,417,100,92,1,1,1
1754,12,718,417,100,92,1,1,1
1755,12,718,417,100,92,1,1,1
1756,12,718,417,100,92,1,1,1
1757,12,718,417,100,92,1,1,1
1758,12,718,417,100,92,1,1,1
1759,12,718,417,100,92,1,1,1
1760,12,719,416,100,92,1,1,1
1761,12,719,416,100,92,1,1,1
1762,12,720,416,98,90,1,1,1
1763,12,720,416,98,90,1,1,1
1764,12,720,415,98,90,1,1,1
1765,12,720,416,99,88,1,1,1
1766,12,720,414,99,88,1,1,1
1767,12,718,415,100,87,1,1,1
1768,12,719,415,99,85,1,1,1
1769,12,719,414,99,85,1,1,1
1770,12,718,412,100,85,1,1,1
1771,12,716,413,100,83,1,1,1
1772,12,716,412,101,81,1,1,1
1773,12,714,412,103,81,1,1,1
1774,12,714,412,103,81,1,1,1
1775,12,713,412,104,78,1,1,1
1776,12,713,412,104,78,1,1,1
1777,12,713,411,104,80,1,1,1
1778,12,714,410,103,78,1,1,1
1779,12,715,409,103,80,1,1,1
1780,12,717,409,103,80,1,1,1
1781,12,717,409,103,80,1,1,1
1782,12,719,409,100,80,1,1,1
1783,12,719,409,100,81,1,1,1
1784,12,718,410,101,81,1,1,1
1785,12,721,409,100,83,1,1,1
1786,12,722,408,100,85,1,1,1
1787,12,723,408,98,85,1,1,1
1788,12,727,410,96,85,1,1,1
1789,12,729,408,95,88,1,1,1
1790,12,729,408,94,88,1,1,1
1791,12,730,408,95,90,1,1,1
1792,12,732,409,94,90,1,1,1
1793,12,732,408,94,92,1,1,1
1794,12,732,409,94,94,1,1,1
1795,12,733,408,94,97,1,1,1
1796,12,735,409,94,97,1,1,1
1797,12,735,408,94,99,1,1,1
1798,12,738,408,92,99,1,1,1
1799,12,739,408,89,101,1,1,1
1800,12,740,408,89,101,1,1,1
1801,12,742,407,88,103,1,1,1
1802,12,744,407,88,103,1,1,1
1803,12,745,407,87,103,1,1,1
1804,12,745,407,88,103,1,1,1
1805,12,746,407,88,103,1,1,1
1806,12,747,407,88,103,1,1,1
1807,12,747,406,88,103,1,1,1
1808,12,747,405,87,103,1,1,1
1809,12,748,405,88,103,1,1,1
1810,12,748,406,88,101,1,1,1
1811,12,748,406,88,101,1,1,1
1812,12,748,405,88,99,1,1,1
1813,12,748,405,89,99,1,1,1
1814,12,747,404,91,97,1,1,1
1815,12,747,404,91,97,1,1,1
1816,12,746,402,92,97,1,1,1
1817,12,746,403,92,96,1,1,1
1818,12,747,401,92,97,1,1,1
1819,12,745,402,94,94,1,1,1
1820,12,746,402,95,94,1,1,1
1821,12,746,401,95,92,1,1,1
1822,12,745,400,96,92,1,1,1
1823,12,745,400,96,90,1,1,1
1824,12,745,400,96,90,1,1,1
1825,12,745,399,98,90,1,1,1
1826,12,745,400,98,88,1,1,1
1827,12,745,398,98,88,1,1,1
1828,12,744,400,99,85,1,1,1
1829,12,744,399,100,87,1,1,1
1830,12,743,399,101,85,1,1,1
1831,12,744,398,101,83,1,1,1
1832,12,744,396,101,85,1,1,1
1833,12,742,397,104,85,1,1,1
1834,12,742,396,104,85,1,1,1
1835,12,742,395,104,83,1,1,1
1836,12,741,395,105,83,1,1,1
1837,12,742,394,104,85,1,1,1
1838,12,740,394,107,85,1,1,1
1839,12,740,393,107,83,1,1,1
1840,12,742,393,104,83,1,1,1
1841,12,742,393,104,83,1,1,1
1842,12,743,392,107,83,1,1,1
1843,12,743,392,107,83,1,1,1
1844,12,744,392,107,83,1,1,1
1845,12,744,392,107,83,1,1,1
1846,12,744,392,107,83,1,1,1
1847,12,744,391,107,83,1,1,1
1848,12,743,389,108,85,1,1,1
1849,12,744,389,107,85,1,1,1
1850,12,746,388,105,83,1,1,1
1851,12,746,388,104,83,1,1,1
1852,12,746,388,104,83,1,1,1
1853,12,748,388,104,83,1,1,1
1854,12,748,386,104,83,1,1,1
1855,12,748,386,104,83,1,1,1
1856,12,748,386,104,83,1,1,1
1857,12,749,386,104,83,1,1,1
1858,12,750,386,103,83,1,1,1
1859,12,751,386,103,83,1,1,1
1860,12,751,386,104,83,1,1,1
1861,12,750,386,104,83,1,1,1
1862,12,752,386,104,83,1,1,1
1863,12,753,384,103,83,1,1,1
1864,12,752,384,104,85,1,1,1
1865,12,754,384,103,85,1,1,1
1866,12,754,384,101,85,1,1,1
1867,12,754,382,103,85,1,1,1
1868,12,756,381,101,87,1,1,1
1869,12,756,382,100,85,1,1,1
1870,12,758,382,100,85,1,1,1
1871,12,758,381,100,87,1,1,1
1872,12,758,379,100,88,1,1,1
1873,12,759,379,100,88,1,1,1
1874,12,761,379,100,88,1,1,1
1875,12,761,379,100,88,1,1,1
1876,12,761,378,100,88,1,1,1
1877,12,762,378,98,88,1,1,1
1878,12,761,378,99,88,1,1,1
1879,12,762,378,100,88,1,1,1
1880,12,763,377,98,90,1,1,1
1881,12,765,378,96,88,1,1,1
1882,12,767,376,96,90,1,1,1
1883,12,767,376,96,90,1,1,1
1884,12,768,376,96,90,1,1,1
1885,12,769,376,95,90,1,1,1
1886,12,768,376,96,90,1,1,1
1887,12,768,376,96,90,1,1,1
1888,12,770,376,95,90,1,1,1
1889,12,768,376,96,90,1,1,1
1890,12,768,375,96,92,1,1,1
1891,12,768,375,96,92,1,1,1
1892,12,769,374,96,94,1,1,1
1893,12,770,373,95,94,1,1,1
1894,12,773,372,92,94,1,1,1
1895,12,773,372,91,94,1,1,1
1896,12,776,371,88,96,1,1,1
1897,12,776,369,88,97,1,1,1
1898,12,776,369,88,97,1,1,1
1899,12,777,368,87,97,1,1,1
1900,12,779,368,85,99,1,1,1
1901,12,779,368,85,99,1,1,1
1902,12,779,368,85,97,1,1,1
1903,12,779,367,84,97,1,1,1
1904,12,779,367,84,97,1,1,1
1905,12,779,365,84,97,1,1,1
1906,12,777,366,87,96,1,1,1
1907,12,777,364,87,96,1,1,1
1908,12,778,365,85,94,1,1,1
1909,12,777,363,87,94,1,1,1
1910,12,776,363,88,94,1,1,1
1911,12,776,362,88,92,1,1,1
1912,12,777,362,87,92,1,1,1
1913,12,776,362,88,92,1,1,1
1914,12,777,360,87,92,1,1,1
1915,12,778,361,85,90,1,1,1
1916,12,779,361,84,90,1,1,1
1917,12,779,359,84,92,1,1,1
1918,12,780,359,84,92,1,1,1
1919,12,781,359,81,92,1,1,1
1920,12,782,358,80,94,1,1,1
1921,12,782,358,80,94,1,1,1
1922,12,782,357,80,94,1,1,1
1923,12,783,357,79,96,1,1,1
1924,12,785,357,77,96,1,1,1
1925,12,786,356,76,97,1,1,1
1926,12,787,356,76,97,1,1,1
1927,12,787,355,76,99,1,1,1
1928,12,789,355,74,99,1,1,1
1929,12,790,354,72,101,1,1,1
1930,12,790,354,72,101,1,1,1
1931,12,792,353,72,103,1,1,1
1932,12,797,353,67,103,1,1,1
1933,12,798,353,65,103,1,1,1
1934,12,800,353,64,103,1,1,1
1935,12,801,352,63,104,1,1,1
1936,12,800,352,64,106,1,1,1
1937,12,800,351,64,108,1,1,1
1938,12,801,351,63,108,1,1,1
1939,12,800,349,64,112,1,1,1
1940,12,800,348,64,113,1,1,1
1941,12,803,347,62,115,1,1,1
1942,12,804,348,60,113,1,1,1
1943,12,805,347,60,115,1,1,1
1944,12,804,346,60,117,1,1,1
1945,12,805,347,60,119,1,1,1
1946,12,804,345,60,120,1,1,1
1947,12,804,346,60,120,1,1,1
1948,12,804,346,60,120,1,1,1
1949,12,806,344,60,120,1,1,1
1950,12,806,344,60,122,1,1,1
1951,12,808,344,57,122,1,1,1
1952,12,809,344,56,122,1,1,1
1953,12,809,343,56,122,1,1,1
1954,12,810,343,55,124,1,1,1
1955,12,809,343,56,124,1,1,1
1956,12,808,342,57,126,1,1,1
1957,12,811,342,56,124,1,1,1
1958,12,808,341,57,126,1,1,1
1959,12,817,341,49,124,1,1,1
1960,12,818,340,48,122,1,1,1
1961,12,819,339,48,124,1,1,1
1962,12,819,339,48,124,1,1,1
1963,12,819,338,48,126,1,1,1
1964,12,819,338,47,126,1,1,1
1965,12,819,338,47,126,1,1,1
1966,12,821,338,45,126,1,1,1
1967,12,821,336,47,126,1,1,1
1968,12,822,336,44,126,1,1,1
1969,12,822,336,44,128,1,1,1
1970,12,822,336,44,126,1,1,1
1971,12,824,334,43,128,1,1,1
1972,12,824,334,43,128,1,1,1
1973,12,824,335,43,126,1,1,1
1974,12,824,332,43,128,1,1,1
1975,12,825,333,40,126,1,1,1
1976,12,824,331,43,126,1,1,1
1977,12,823,332,42,124,1,1,1
1978,12,824,330,43,124,1,1,1
1979,12,824,330,43,122,1,1,1
1980,12,824,330,43,120,1,1,1
1981,12,822,330,44,120,1,1,1
1982,12,822,330,44,120,1,1,1
1983,12,822,329,44,119,1,1,1
1984,12,821,330,45,117,1,1,1
1985,12,819,329,47,119,1,1,1
1986,12,819,329,47,119,1,1,1
1987,12,819,329,47,119,1,1,1
1988,12,819,328,47,117,1,1,1
1989,12,819,328,48,117,1,1,1
1990,12,819,327,48,117,1,1,1
1991,12,819,327,48,117,1,1,1
1992,12,819,327,47,115,1,1,1
1993,12,819,327,48,115,1,1,1
1994,12,819,327,47,115,1,1,1
1995,12,819,325,47,117,1,1,1
1996,12,821,326,45,115,1,1,1
1997,12,821,325,47,117,1,1,1
1998,12,824,324,43,115,1,1,1
1999,12,827,324,39,115,1,1,1
2000,12,828,323,40,117,1,1,1
2001,12,829,323,39,117,1,1,1
2002,12,829,322,39,119,1,1,1
2003,12,829,322,39,119,1,1,1
2004,12,829,323,39,117,1,1,1
2005,12,831,321,36,120,1,1,1
2006,12,830,322,37,119,1,1,1
2007,12,831,321,36,120,1,1,1
2008,12,831,321,36,120,1,1,1
2009,12,832,320,35,122,1,1,1
2010,12,833,320,35,122,1,1,1
2011,12,835,320,33,122,1,1,1
2012,12,833,320,35,122,1,1,1
2013,12,833,320,35,124,1,1,1
2014,12,835,319,33,124,1,1,1
2015,12,835,317,33,126,1,1,1
2016,12,835,317,33,126,1,1,1
2017,12,833,317,35,126,1,1,1
2018,12,835,317,33,126,1,1,1
2019,12,836,317,32,126,1,1,1
2020,12,836,316,32,128,1,1,1
2021,12,836,316,32,128,1,1,1
2022,12,836,314,32,129,1,1,1
2023,12,836,315,32,129,1,1,1
2024,12,836,313,32,131,1,1,1
2025,12,836,313,32,131,1,1,1
2026,12,836,313,32,129,1,1,1
2027,12,835,312,33,131,1,1,1
2028,12,835,313,33,129,1,1,1
2029,12,836,313,33,129,1,1,1
2030,12,835,313,35,129,1,1,1
2031,12,835,313,35,129,1,1,1
2032,12,835,314,35,128,1,1,1
2033,12,835,311,35,131,1,1,1
2034,12,835,312,35,129,1,1,1
2035,12,835,311,35,131,1,1,1
2036,12,835,310,35,129,1,1,1
2037,12,834,309,36,131,1,1,1
2038,12,834,308,36,133,1,1,1
2039,12,834,308,36,133,1,1,1
2040,12,834,308,36,133,1,1,1
2041,12,834,309,36,131,1,1,1
2042,12,834,308,36,133,1,1,1
2043,12,834,309,36,131,1,1,1
2044,12,833,307,37,131,1,1,1
2045,12,833,307,37,131,1,1,1
2046,12,833,307,37,131,1,1,1
2047,12,831,307,39,131,1,1,1
2048,12,831,308,39,129,1,1,1
2049,12,831,305,39,131,1,1,1
2050,12,831,304,39,131,1,1,1
2051,12,831,304,39,131,1,1,1
2052,12,831,304,39,131,1,1,1
2053,12,832,305,40,128,1,1,1
2054,12,832,305,40,128,1,1,1
2055,12,832,305,40,128,1,1,1
2056,12,831,304,40,129,1,1,1
2057,12,831,304,40,128,1,1,1
2058,12,830,304,40,128,1,1,1
2059,12,830,302,40,128,1,1,1
2060,12,828,303,42,122,1,1,1
2061,12,828,302,42,120,1,1,1
2062,12,828,303,42,126,1,1,1
2063,12,828,303,43,126,1,1,1
2064,12,827,302,42,128,1,1,1
2065,12,827,303,43,124,1,1,1
2066,12,827,302,43,128,1,1,1
2067,12,827,302,43,124,1,1,1
2068,12,826,300,44,120,1,1,1
2069,12,826,301,44,115,1,1,1
2070,12,826,302,44,113,1,1,1
2071,12,825,301,45,110,1,1,1
2072,12,825,301,47,110,1,1,1
2073,12,825,300,47,110,1,1,1
2074,12,825,300,47,110,1,1,1
2075,12,824,301,48,110,1,1,1
2076,12,824,301,48,110,1,1,1
2077,12,822,301,48,110,1,1,1
2078,12,823,302,49,110,1,1,1
2079,12,823,302,51,108,1,1,1
2080,12,822,301,52,108,1,1,1
2081,12,820,302,52,108,1,1,1
2082,12,820,302,52,108,1,1,1
2083,12,820,302,52,108,1,1,1
2084,12,820,301,54,108,1,1,1
1,13,834,636,48,72,1,1,1
2,13,835,638,44,64,1,1,1
3,13,836,638,44,64,1,1,1
4,13,834,637,45,65,1,1,1
5,13,834,637,45,65,1,1,1
6,13,836,635,44,65,1,1,1
7,13,836,635,44,65,1,1,1
8,13,836,635,44,65,1,1,1
9,13,836,636,44,64,1,1,1
10,13,838,635,44,65,1,1,1
11,13,838,634,44,64,1,1,1
12,13,836,635,44,65,1,1,1
13,13,838,634,44,65,1,1,1
14,13,839,634,43,64,1,1,1
15,13,837,633,45,65,1,1,1
16,13,838,634,44,64,1,1,1
17,13,838,633,44,62,1,1,1
18,13,839,633,43,62,1,1,1
19,13,839,634,44,64,1,1,1
20,13,838,633,45,65,1,1,1
21,13,837,633,47,67,1,1,1
22,13,838,632,45,65,1,1,1
23,13,838,633,45,65,1,1,1
24,13,838,633,45,65,1,1,1
25,13,838,631,45,67,1,1,1
26,13,838,631,45,67,1,1,1
27,13,837,632,47,67,1,1,1
28,13,837,631,47,67,1,1,1
29,13,839,632,45,65,1,1,1
30,13,837,631,47,67,1,1,1
31,13,837,632,47,67,1,1,1
32,13,838,632,48,67,1,1,1
33,13,837,632,47,67,1,1,1
34,13,838,631,47,67,1,1,1
35,13,838,631,47,67,1,1,1
36,13,838,631,47,67,1,1,1
37,13,838,631,47,67,1,1,1
38,13,838,631,48,67,1,1,1
39,13,838,631,47,67,1,1,1
40,13,838,630,47,69,1,1,1
41,13,838,630,47,69,1,1,1
42,13,839,630,48,69,1,1,1
43,13,838,629,48,71,1,1,1
44,13,839,630,48,69,1,1,1
45,13,838,628,47,69,1,1,1
46,13,839,628,48,69,1,1,1
47,13,838,628,48,69,1,1,1
48,13,839,628,48,69,1,1,1
49,13,839,628,48,69,1,1,1
50,13,838,628,48,69,1,1,1
51,13,839,629,48,69,1,1,1
52,13,838,628,49,69,1,1,1
53,13,838,628,48,69,1,1,1
54,13,838,627,49,71,1,1,1
55,13,838,627,48,71,1,1,1
56,13,838,627,48,71,1,1,1
57,13,838,627,48,71,1,1,1
58,13,838,627,48,71,1,1,1
59,13,838,627,48,71,1,1,1
60,13,838,627,48,71,1,1,1
61,13,840,627,48,71,1,1,1
62,13,839,627,49,71,1,1,1
63,13,839,625,49,71,1,1,1
64,13,839,625,49,71,1,1,1
65,13,839,625,49,71,1,1,1
66,13,839,624,49,72,1,1,1
67,13,839,625,49,71,1,1,1
68,13,840,625,48,71,1,1,1
69,13,840,625,48,71,1,1,1
70,13,840,624,48,72,1,1,1
71,13,840,624,48,72,1,1,1
72,13,839,624,49,72,1,1,1
73,13,839,624,49,74,1,1,1
74,13,839,624,49,72,1,1,1
75,13,839,624,49,72,1,1,1
76,13,841,624,48,72,1,1,1
77,13,841,622,48,74,1,1,1
78,13,841,623,48,74,1,1,1
79,13,841,623,48,74,1,1,1
80,13,840,623,49,74,1,1,1
81,13,840,622,49,74,1,1,1
82,13,840,622,49,74,1,1,1
83,13,842,622,48,74,1,1,1
84,13,840,622,49,74,1,1,1
85,13,842,622,48,74,1,1,1
86,13,842,622,48,74,1,1,1
87,13,840,622,49,74,1,1,1
88,13,842,622,48,74,1,1,1
89,13,842,622,49,74,1,1,1
90,13,840,622,51,74,1,1,1
91,13,840,622,51,74,1,1,1
92,13,840,620,51,74,1,1,1
93,13,842,620,49,74,1,1,1
94,13,842,620,49,74,1,1,1
95,13,842,620,49,74,1,1,1
96,13,842,620,49,74,1,1,1
97,13,842,620,49,74,1,1,1
98,13,842,620,49,74,1,1,1
99,13,842,620,48,74,1,1,1
100,13,842,619,48,76,1,1,1
101,13,842,620,48,74,1,1,1
102,13,842,620,48,74,1,1,1
103,13,843,620,49,74,1,1,1
104,13,843,620,49,74,1,1,1
105,13,843,620,49,74,1,1,1
106,13,843,618,49,74,1,1,1
107,13,844,618,49,74,1,1,1
108,13,843,619,51,72,1,1,1
109,13,844,619,49,72,1,1,1
110,13,844,618,49,74,1,1,1
111,13,844,617,49,74,1,1,1
112,13,845,617,48,72,1,1,1
113,13,845,617,48,72,1,1,1
114,13,845,618,48,71,1,1,1
115,13,846,618,48,71,1,1,1
116,13,845,617,48,72,1,1,1
117,13,845,617,48,72,1,1,1
118,13,845,618,48,71,1,1,1
119,13,844,617,49,74,1,1,1
120,13,844,616,49,74,1,1,1
121,13,844,616,49,74,1,1,1
122,13,844,616,51,74,1,1,1
123,13,842,616,52,76,1,1,1
124,13,842,617,52,76,1,1,1
125,13,842,617,52,76,1,1,1
126,13,844,616,51,76,1,1,1
127,13,844,616,51,76,1,1,1
128,13,844,616,51,76,1,1,1
129,13,841,616,54,78,1,1,1
130,13,841,615,54,78,1,1,1
131,13,840,615,54,81,1,1,1
132,13,840,615,54,81,1,1,1
133,13,841,615,55,81,1,1,1
134,13,841,615,54,81,1,1,1
135,13,838,615,56,83,1,1,1
136,13,844,614,52,80,1,1,1
137,13,844,614,51,78,1,1,1
138,13,844,614,51,78,1,1,1
139,13,841,613,54,81,1,1,1
140,13,843,613,52,81,1,1,1
141,13,840,614,56,83,1,1,1
142,13,838,613,56,85,1,1,1
143,13,840,614,56,83,1,1,1
144,13,838,614,57,85,1,1,1
145,13,835,613,60,88,1,1,1
146,13,835,613,60,88,1,1,1
147,13,836,613,59,88,1,1,1
148,13,836,613,59,88,1,1,1
149,13,838,613,57,88,1,1,1
150,13,836,612,60,90,1,1,1
151,13,836,613,60,88,1,1,1
152,13,837,613,60,88,1,1,1
153,13,839,611,59,88,1,1,1
154,13,838,611,60,88,1,1,1
155,13,841,612,56,87,1,1,1
156,13,842,611,55,85,1,1,1
157,13,841,611,56,88,1,1,1
158,13,841,611,56,88,1,1,1
159,13,840,611,57,88,1,1,1
160,13,840,610,57,90,1,1,1
161,13,841,611,57,88,1,1,1
162,13,841,611,57,88,1,1,1
163,13,840,610,57,90,1,1,1
164,13,848,611,49,78,1,1,1
165,13,844,611,54,85,1,1,1
166,13,850,611,47,74,1,1,1
167,13,849,609,48,78,1,1,1
168,13,848,609,49,78,1,1,1
169,13,848,609,49,78,1,1,1
170,13,848,610,49,76,1,1,1
171,13,848,610,49,76,1,1,1
172,13,848,609,49,74,1,1,1
173,13,846,609,52,76,1,1,1
174,13,844,608,52,76,1,1,1
175,13,844,608,54,76,1,1,1
176,13,844,609,54,74,1,1,1
177,13,844,608,52,74,1,1,1
178,13,845,608,52,72,1,1,1
179,13,844,608,52,74,1,1,1
180,13,844,608,52,74,1,1,1
181,13,844,608,52,74,1,1,1
182,13,843,606,54,74,1,1,1
183,13,843,606,52,74,1,1,1
184,13,844,607,52,72,1,1,1
185,13,844,607,52,72,1,1,1
186,13,843,607,52,72,1,1,1
187,13,843,607,52,72,1,1,1
188,13,844,605,52,72,1,1,1
189,13,844,605,51,72,1,1,1
190,13,844,606,51,71,1,1,1
191,13,844,605,51,72,1,1,1
192,13,844,604,51,74,1,1,1
193,13,844,604,51,74,1,1,1
194,13,844,603,51,72,1,1,1
195,13,846,603,48,72,1,1,1
196,13,844,603,51,72,1,1,1
197,13,845,603,49,72,1,1,1
198,13,845,602,49,74,1,1,1
199,13,845,603,49,72,1,1,1
200,13,845,603,49,72,1,1,1
201,13,845,602,49,74,1,1,1
202,13,846,603,48,72,1,1,1
203,13,846,603,48,72,1,1,1
204,13,847,603,48,72,1,1,1
205,13,847,603,48,72,1,1,1
206,13,847,601,48,74,1,1,1
207,13,847,601,47,74,1,1,1
208,13,849,600,45,74,1,1,1
209,13,847,601,48,74,1,1,1
210,13,847,600,47,74,1,1,1
211,13,849,600,45,74,1,1,1
212,13,849,600,45,74,1,1,1
213,13,850,600,44,74,1,1,1
214,13,850,600,44,74,1,1,1
215,13,850,600,44,76,1,1,1
216,13,850,600,44,76,1,1,1
217,13,851,600,43,76,1,1,1
218,13,851,600,43,76,1,1,1
219,13,851,600,43,76,1,1,1
220,13,851,600,43,76,1,1,1
221,13,853,599,42,78,1,1,1
222,13,853,599,42,78,1,1,1
223,13,854,599,40,76,1,1,1
224,13,855,599,40,78,1,1,1
225,13,855,599,39,78,1,1,1
226,13,855,599,39,78,1,1,1
227,13,855,599,40,78,1,1,1
228,13,855,599,39,78,1,1,1
229,13,855,598,39,80,1,1,1
230,13,857,598,37,80,1,1,1
231,13,855,598,39,80,1,1,1
232,13,855,597,39,81,1,1,1
233,13,855,597,39,81,1,1,1
234,13,855,597,39,81,1,1,1
235,13,857,597,37,81,1,1,1
236,13,857,597,37,81,1,1,1
237,13,858,596,36,83,1,1,1
238,13,858,594,36,83,1,1,1
239,13,858,594,36,83,1,1,1
240,13,860,594,35,83,1,1,1
241,13,860,594,35,83,1,1,1
242,13,860,594,35,83,1,1,1
243,13,858,594,36,83,1,1,1
244,13,858,593,36,85,1,1,1
245,13,860,593,33,85,1,1,1
246,13,862,593,32,85,1,1,1
247,13,863,593,32,85,1,1,1
248,13,863,593,32,85,1,1,1
249,13,863,593,32,85,1,1,1
250,13,863,593,32,85,1,1,1
251,13,863,593,32,85,1,1,1
252,13,863,593,31,85,1,1,1
253,13,863,592,31,87,1,1,1
254,13,863,592,31,87,1,1,1
255,13,864,592,30,87,1,1,1
256,13,864,593,30,85,1,1,1
257,13,864,593,30,85,1,1,1
258,13,864,593,30,85,1,1,1
259,13,866,593,28,85,1,1,1
260,13,866,593,28,85,1,1,1
261,13,866,593,28,85,1,1,1
262,13,869,592,26,85,1,1,1
263,13,867,591,27,87,1,1,1
264,13,867,591,27,87,1,1,1
265,13,869,592,26,85,1,1,1
266,13,869,591,26,87,1,1,1
267,13,869,590,26,88,1,1,1
268,13,870,590,24,88,1,1,1
269,13,870,590,24,88,1,1,1
270,13,870,590,24,88,1,1,1
271,13,870,590,24,88,1,1,1
272,13,870,590,24,88,1,1,1
273,13,869,590,24,88,1,1,1
274,13,869,590,24,88,1,1,1
275,13,870,590,24,88,1,1,1
276,13,870,590,24,88,1,1,1
277,13,870,590,23,88,1,1,1
278,13,870,590,24,88,1,1,1
279,13,870,590,23,88,1,1,1
280,13,870,590,23,88,1,1,1
281,13,872,590,22,88,1,1,1
282,13,872,588,22,88,1,1,1
283,13,871,589,23,90,1,1,1
284,13,871,589,23,90,1,1,1
285,13,871,589,23,90,1,1,1
286,13,871,589,23,90,1,1,1
287,13,872,587,22,90,1,1,1
288,13,872,587,22,90,1,1,1
289,13,872,587,22,90,1,1,1
290,13,872,589,22,90,1,1,1
291,13,872,589,22,90,1,1,1
292,13,872,589,22,90,1,1,1
293,13,872,588,22,88,1,1,1
294,13,872,587,22,90,1,1,1
295,13,872,587,22,90,1,1,1
296,13,872,587,22,90,1,1,1
297,13,872,587,22,90,1,1,1
298,13,872,587,22,90,1,1,1
299,13,872,587,22,90,1,1,1
300,13,872,587,20,90,1,1,1
301,13,872,587,20,90,1,1,1
302,13,872,586,22,92,1,1,1
303,13,872,586,22,92,1,1,1
304,13,874,586,20,92,1,1,1
305,13,874,586,20,92,1,1,1
306,13,873,586,22,92,1,1,1
307,13,873,584,22,92,1,1,1
308,13,873,585,22,90,1,1,1
309,13,874,586,20,92,1,1,1
310,13,874,584,20,92,1,1,1
311,13,874,585,20,90,1,1,1
312,13,874,584,20,92,1,1,1
313,13,874,584,20,92,1,1,1
314,13,874,584,20,92,1,1,1
315,13,874,584,20,92,1,1,1
316,13,874,585,20,90,1,1,1
317,13,876,585,19,90,1,1,1
318,13,876,583,19,92,1,1,1
319,13,875,583,20,92,1,1,1
320,13,876,584,19,90,1,1,1
321,13,876,584,19,90,1,1,1
322,13,876,583,19,92,1,1,1
323,13,876,584,19,92,1,1,1
324,13,876,584,19,92,1,1,1
325,13,876,583,19,92,1,1,1
326,13,875,582,18,94,1,1,1
327,13,877,583,16,92,1,1,1
328,13,876,583,18,92,1,1,1
329,13,877,583,16,92,1,1,1
330,13,878,583,16,92,1,1,1
331,13,876,583,18,92,1,1,1
332,13,877,583,18,92,1,1,1
333,13,877,583,18,92,1,1,1
334,13,876,583,19,92,1,1,1
335,13,878,581,16,92,1,1,1
336,13,878,581,16,92,1,1,1
337,13,876,581,18,92,1,1,1
338,13,878,581,16,92,1,1,1
339,13,878,581,16,92,1,1,1
340,13,878,581,16,92,1,1,1
341,13,878,581,16,92,1,1,1
342,13,878,581,16,92,1,1,1
343,13,879,580,16,90,1,1,1
344,13,879,580,16,90,1,1,1
345,13,879,580,16,90,1,1,1
346,13,879,580,16,90,1,1,1
347,13,879,580,16,90,1,1,1
348,13,879,580,16,90,1,1,1
349,13,879,580,16,90,1,1,1
350,13,879,580,16,90,1,1,1
351,13,878,580,16,90,1,1,1
352,13,879,581,16,88,1,1,1
353,13,879,580,16,90,1,1,1
354,13,879,581,16,88,1,1,1
355,13,879,580,16,90,1,1,1
356,13,879,581,15,88,1,1,1
357,13,879,579,15,88,1,1,1
358,13,879,579,15,88,1,1,1
359,13,879,579,15,88,1,1,1
360,13,879,579,15,88,1,1,1
361,13,879,579,16,88,1,1,1
362,13,879,578,15,88,1,1,1
363,13,879,578,16,88,1,1,1
364,13,879,578,15,88,1,1,1
365,13,879,578,15,88,1,1,1
366,13,879,578,15,88,1,1,1
367,13,879,579,15,88,1,1,1
368,13,880,578,13,88,1,1,1
369,13,879,578,15,88,1,1,1
370,13,879,578,15,88,1,1,1
371,13,879,578,15,87,1,1,1
372,13,879,577,15,85,1,1,1
373,13,879,577,15,85,1,1,1
374,13,881,577,13,85,1,1,1
375,13,879,577,15,85,1,1,1
376,13,879,577,15,85,1,1,1
377,13,879,577,15,85,1,1,1
378,13,879,577,15,85,1,1,1
379,13,879,577,15,85,1,1,1
380,13,881,577,13,85,1,1,1
381,13,879,577,15,85,1,1,1
382,13,879,577,15,85,1,1,1
383,13,879,577,15,85,1,1,1
384,13,881,576,13,87,1,1,1
385,13,880,576,12,87,1,1,1
386,13,880,576,13,87,1,1,1
387,13,879,576,15,88,1,1,1
388,13,879,577,15,88,1,1,1
389,13,880,576,13,87,1,1,1
390,13,881,576,13,87,1,1,1
391,13,881,576,13,88,1,1,1
392,13,881,576,15,88,1,1,1
393,13,881,576,15,88,1,1,1
394,13,881,576,15,88,1,1,1
395,13,881,576,15,88,1,1,1
396,13,881,576,15,88,1,1,1
397,13,881,576,13,88,1,1,1
398,13,881,576,15,88,1,1,1
399,13,881,576,13,88,1,1,1
400,13,879,576,15,88,1,1,1
401,13,879,576,15,88,1,1,1
402,13,880,576,16,88,1,1,1
403,13,880,576,16,88,1,1,1
404,13,880,576,16,88,1,1,1
405,13,881,574,15,88,1,1,1
406,13,879,576,15,88,1,1,1
407,13,872,575,24,90,1,1,1
408,13,881,574,14,88,1,1,1
409,13,881,574,15,88,1,1,1
410,13,881,574,15,88,1,1,1
411,13,880,574,16,88,1,1,1
412,13,880,574,16,88,1,1,1
413,13,880,574,16,88,1,1,1
414,13,880,574,16,88,1,1,1
415,13,880,574,16,88,1,1,1
416,13,880,574,16,88,1,1,1
417,13,880,574,16,88,1,1,1
418,13,881,574,15,88,1,1,1
419,13,880,574,16,88,1,1,1
420,13,880,574,16,88,1,1,1
421,13,880,574,16,88,1,1,1
422,13,880,573,16,90,1,1,1
423,13,880,574,16,88,1,1,1
424,13,881,574,15,88,1,1,1
425,13,881,573,15,90,1,1,1
426,13,881,574,15,88,1,1,1
427,13,880,572,16,88,1,1,1
428,13,881,572,15,88,1,1,1
429,13,880,573,16,90,1,1,1
430,13,881,572,15,88,1,1,1
431,13,881,572,15,88,1,1,1
432,13,881,572,15,88,1,1,1
433,13,881,572,15,88,1,1,1
434,13,881,572,15,88,1,1,1
435,13,881,573,15,90,1,1,1
436,13,881,572,15,88,1,1,1
437,13,881,573,15,90,1,1,1
438,13,881,573,15,87,1,1,1
439,13,881,572,15,88,1,1,1
440,13,880,572,16,88,1,1,1
441,13,881,573,15,87,1,1,1
442,13,881,572,15,88,1,1,1
443,13,881,572,15,88,1,1,1
444,13,881,572,15,88,1,1,1
445,13,881,572,15,88,1,1,1
446,13,881,571,15,88,1,1,1
447,13,881,571,15,87,1,1,1
448,13,881,571,15,88,1,1,1
449,13,881,571,15,87,1,1,1
450,13,881,571,15,88,1,1,1
451,13,880,572,16,88,1,1,1
452,13,880,572,16,88,1,1,1
453,13,880,572,16,88,1,1,1
454,13,881,572,16,88,1,1,1
455,13,881,572,16,88,1,1,1
456,13,881,572,16,88,1,1,1
457,13,881,572,16,88,1,1,1
458,13,881,572,16,88,1,1,1
459,13,880,570,16,90,1,1,1
460,13,881,570,16,90,1,1,1
461,13,881,571,16,88,1,1,1
462,13,880,571,16,87,1,1,1
463,13,881,570,16,88,1,1,1
464,13,880,570,16,88,1,1,1
465,13,880,570,16,88,1,1,1
466,13,880,570,16,88,1,1,1
467,13,880,570,16,88,1,1,1
468,13,880,570,16,88,1,1,1
469,13,880,570,16,88,1,1,1
470,13,880,570,16,88,1,1,1
471,13,880,570,16,88,1,1,1
472,13,880,570,16,88,1,1,1
473,13,880,570,16,88,1,1,1
474,13,881,570,16,88,1,1,1
475,13,881,570,16,88,1,1,1
476,13,880,570,16,88,1,1,1
477,13,881,571,16,87,1,1,1
478,13,881,570,16,88,1,1,1
479,13,881,571,16,87,1,1,1
480,13,881,570,16,88,1,1,1
481,13,881,570,16,88,1,1,1
482,13,881,570,16,88,1,1,1
483,13,881,570,16,88,1,1,1
484,13,881,570,16,88,1,1,1
485,13,881,569,16,88,1,1,1
486,13,881,570,16,88,1,1,1
487,13,881,569,16,88,1,1,1
488,13,881,568,16,88,1,1,1
489,13,881,569,16,87,1,1,1
490,13,881,568,16,88,1,1,1
491,13,882,568,15,88,1,1,1
492,13,882,568,15,88,1,1,1
493,13,881,568,16,88,1,1,1
494,13,881,568,16,88,1,1,1
495,13,881,568,16,88,1,1,1
496,13,881,568,16,88,1,1,1
497,13,881,568,16,88,1,1,1
498,13,881,568,16,88,1,1,1
499,13,881,568,16,88,1,1,1
500,13,881,568,16,88,1,1,1
501,13,881,568,16,88,1,1,1
502,13,881,568,16,88,1,1,1
503,13,881,568,16,88,1,1,1
504,13,881,568,16,88,1,1,1
505,13,881,567,16,88,1,1,1
506,13,882,567,15,88,1,1,1
507,13,881,567,16,88,1,1,1
508,13,881,567,16,88,1,1,1
509,13,881,567,16,88,1,1,1
510,13,881,568,16,88,1,1,1
511,13,881,568,16,88,1,1,1
512,13,881,568,16,88,1,1,1
513,13,881,568,16,88,1,1,1
514,13,881,568,16,88,1,1,1
515,13,881,567,16,88,1,1,1
516,13,881,568,16,88,1,1,1
517,13,882,567,15,88,1,1,1
518,13,882,567,15,88,1,1,1
519,13,882,567,15,88,1,1,1
520,13,880,567,16,88,1,1,1
521,13,880,567,16,88,1,1,1
522,13,880,567,16,88,1,1,1
523,13,880,567,16,88,1,1,1
524,13,879,566,19,87,1,1,1
525,13,878,566,20,87,1,1,1
526,13,878,567,20,85,1,1,1
527,13,876,567,22,83,1,1,1
528,13,876,567,22,83,1,1,1
529,13,875,567,23,83,1,1,1
530,13,875,566,23,83,1,1,1
531,13,874,567,24,83,1,1,1
532,13,872,566,26,83,1,1,1
533,13,871,566,28,83,1,1,1
534,13,871,566,28,83,1,1,1
535,13,871,565,28,81,1,1,1
536,13,871,566,28,80,1,1,1
537,13,871,565,28,81,1,1,1
538,13,871,565,28,81,1,1,1
539,13,871,565,28,81,1,1,1
540,13,871,564,28,80,1,1,1
541,13,871,563,28,81,1,1,1
542,13,871,564,28,80,1,1,1
543,13,871,564,28,80,1,1,1
544,13,872,564,27,80,1,1,1
545,13,872,563,27,78,1,1,1
546,13,873,563,26,78,1,1,1
547,13,873,563,27,78,1,1,1
548,13,874,563,26,78,1,1,1
549,13,874,563,26,78,1,1,1
550,13,874,563,26,78,1,1,1
551,13,875,563,27,78,1,1,1
552,13,875,563,27,78,1,1,1
553,13,875,563,27,78,1,1,1
554,13,875,563,27,78,1,1,1
555,13,875,563,27,78,1,1,1
556,13,875,562,27,80,1,1,1
557,13,875,562,27,80,1,1,1
558,13,874,562,28,80,1,1,1
559,13,874,561,28,81,1,1,1
560,13,874,561,28,81,1,1,1
561,13,874,562,28,80,1,1,1
562,13,874,562,28,80,1,1,1
563,13,873,560,31,81,1,1,1
564,13,873,562,31,80,1,1,1
565,13,873,561,31,81,1,1,1
566,13,873,560,31,81,1,1,1
567,13,873,560,31,81,1,1,1
568,13,873,560,31,81,1,1,1
569,13,873,560,31,81,1,1,1
570,13,872,561,32,81,1,1,1
571,13,872,560,32,81,1,1,1
572,13,872,560,32,81,1,1,1
573,13,872,560,33,81,1,1,1
574,13,872,560,33,81,1,1,1
575,13,872,560,33,81,1,1,1
576,13,872,560,33,81,1,1,1
577,13,872,559,33,83,1,1,1
578,13,872,559,33,83,1,1,1
579,13,871,559,35,83,1,1,1
580,13,870,559,36,83,1,1,1
581,13,870,559,36,83,1,1,1
582,13,870,559,36,83,1,1,1
583,13,870,558,36,83,1,1,1
584,13,870,558,36,83,1,1,1
585,13,871,557,36,83,1,1,1
586,13,871,558,36,83,1,1,1
587,13,871,558,36,85,1,1,1
588,13,870,558,37,83,1,1,1
589,13,870,557,39,83,1,1,1
590,13,870,558,39,81,1,1,1
591,13,870,557,37,83,1,1,1
592,13,870,558,39,81,1,1,1
593,13,870,558,39,81,1,1,1
594,13,870,556,39,81,1,1,1
595,13,870,556,39,81,1,1,1
596,13,869,556,40,81,1,1,1
597,13,868,556,40,81,1,1,1
598,13,869,556,40,81,1,1,1
599,13,869,556,40,81,1,1,1
600,13,869,556,40,81,1,1,1
601,13,869,556,40,81,1,1,1
602,13,869,556,40,81,1,1,1
603,13,869,556,40,81,1,1,1
604,13,868,556,42,81,1,1,1
605,13,868,556,42,81,1,1,1
606,13,868,555,42,83,1,1,1
607,13,868,554,42,81,1,1,1
608,13,868,554,43,81,1,1,1
609,13,868,554,43,81,1,1,1
610,13,868,554,43,81,1,1,1
611,13,868,554,43,81,1,1,1
612,13,867,553,44,83,1,1,1
613,13,867,554,44,81,1,1,1
614,13,867,554,44,81,1,1,1
615,13,867,554,44,81,1,1,1
616,13,867,554,44,81,1,1,1
617,13,867,554,44,81,1,1,1
618,13,867,554,44,81,1,1,1
619,13,867,553,44,81,1,1,1
620,13,867,554,44,81,1,1,1
621,13,867,554,44,81,1,1,1
622,13,867,553,44,81,1,1,1
623,13,867,553,44,81,1,1,1
624,13,867,552,44,81,1,1,1
625,13,867,552,44,81,1,1,1
626,13,866,552,45,81,1,1,1
627,13,866,552,45,81,1,1,1
628,13,866,552,45,81,1,1,1
629,13,866,552,45,81,1,1,1
630,13,866,552,45,81,1,1,1
631,13,866,553,45,80,1,1,1
632,13,866,553,45,80,1,1,1
633,13,866,552,45,81,1,1,1
634,13,866,553,45,80,1,1,1
635,13,866,551,45,81,1,1,1
636,13,866,551,45,81,1,1,1
637,13,866,551,45,81,1,1,1
638,13,865,551,47,81,1,1,1
639,13,865,552,45,78,1,1,1
640,13,865,551,47,81,1,1,1
641,13,865,551,47,81,1,1,1
642,13,865,551,47,81,1,1,1
643,13,865,551,47,81,1,1,1
644,13,865,551,47,81,1,1,1
645,13,865,552,45,78,1,1,1
646,13,865,551,45,78,1,1,1
647,13,863,551,47,78,1,1,1
648,13,863,551,47,78,1,1,1
649,13,864,551,48,78,1,1,1
650,13,863,551,47,78,1,1,1
651,13,863,551,48,78,1,1,1
652,13,864,550,45,76,1,1,1
653,13,863,551,48,78,1,1,1
654,13,863,551,48,76,1,1,1
655,13,863,551,48,76,1,1,1
656,13,863,550,48,76,1,1,1
657,13,863,550,48,76,1,1,1
658,13,863,550,48,76,1,1,1
659,13,863,550,48,76,1,1,1
660,13,863,550,48,76,1,1,1
661,13,862,550,47,76,1,1,1
662,13,863,550,48,76,1,1,1
663,13,862,550,48,76,1,1,1
664,13,863,550,48,76,1,1,1
665,13,861,550,48,76,1,1,1
666,13,861,550,48,76,1,1,1
667,13,861,550,48,76,1,1,1
668,13,862,550,47,76,1,1,1
669,13,861,548,48,76,1,1,1
670,13,862,549,48,78,1,1,1
671,13,862,549,48,78,1,1,1
672,13,861,548,48,76,1,1,1
673,13,861,549,48,78,1,1,1
674,13,861,548,48,76,1,1,1
675,13,861,548,48,76,1,1,1
676,13,861,548,48,76,1,1,1
677,13,861,548,48,76,1,1,1
678,13,861,548,48,76,1,1,1
679,13,861,548,48,76,1,1,1
680,13,861,548,48,76,1,1,1
681,13,861,547,48,78,1,1,1
682,13,861,548,48,76,1,1,1
683,13,861,547,48,78,1,1,1
684,13,861,547,48,78,1,1,1
685,13,860,549,49,78,1,1,1
686,13,862,549,48,78,1,1,1
687,13,860,549,49,78,1,1,1
688,13,861,548,48,76,1,1,1
689,13,860,549,49,78,1,1,1
690,13,861,547,48,78,1,1,1
691,13,861,548,48,76,1,1,1
692,13,861,547,48,78,1,1,1
693,13,861,548,48,76,1,1,1
694,13,860,548,48,76,1,1,1
695,13,860,548,48,76,1,1,1
696,13,860,548,48,76,1,1,1
697,13,860,548,48,76,1,1,1
698,13,860,548,48,76,1,1,1
699,13,859,548,49,76,1,1,1
700,13,860,548,48,76,1,1,1
701,13,860,548,48,76,1,1,1
702,13,860,546,48,76,1,1,1
703,13,860,548,48,76,1,1,1
704,13,859,548,49,76,1,1,1
705,13,860,546,48,76,1,1,1
706,13,859,546,49,76,1,1,1
707,13,859,546,51,76,1,1,1
708,13,859,546,49,76,1,1,1
709,13,858,546,48,76,1,1,1
710,13,859,546,49,76,1,1,1
711,13,859,546,49,76,1,1,1
712,13,859,546,49,76,1,1,1
713,13,857,546,51,76,1,1,1
714,13,859,546,49,76,1,1,1
715,13,857,546,51,76,1,1,1
716,13,857,545,51,76,1,1,1
717,13,857,545,51,76,1,1,1
718,13,858,545,49,76,1,1,1
719,13,857,546,51,76,1,1,1
720,13,858,545,49,76,1,1,1
721,13,858,545,49,76,1,1,1
722,13,858,545,48,76,1,1,1
723,13,858,544,48,76,1,1,1
724,13,858,544,49,76,1,1,1
725,13,858,545,48,74,1,1,1
726,13,858,545,49,74,1,1,1
727,13,858,544,49,76,1,1,1
728,13,858,544,49,76,1,1,1
729,13,858,545,49,74,1,1,1
730,13,858,545,49,74,1,1,1
731,13,858,544,49,76,1,1,1
732,13,858,544,49,76,1,1,1
733,13,856,544,51,76,1,1,1
734,13,857,545,49,74,1,1,1
735,13,856,545,51,74,1,1,1
736,13,857,544,49,76,1,1,1
737,13,855,543,51,76,1,1,1
738,13,855,544,51,76,1,1,1
739,13,856,544,48,76,1,1,1
740,13,856,545,48,74,1,1,1
741,13,854,544,48,72,1,1,1
742,13,854,544,48,74,1,1,1
743,13,854,544,49,74,1,1,1
744,13,854,544,48,74,1,1,1
745,13,853,545,48,71,1,1,1
746,13,853,544,48,72,1,1,1
747,13,853,545,48,71,1,1,1
748,13,853,545,48,71,1,1,1
749,13,854,544,45,72,1,1,1
750,13,854,544,45,72,1,1,1
751,13,854,545,45,71,1,1,1
752,13,854,544,45,69,1,1,1
753,13,854,544,45,69,1,1,1
754,13,853,544,47,69,1,1,1
755,13,853,544,45,69,1,1,1
756,13,853,543,45,69,1,1,1
757,13,853,543,45,69,1,1,1
758,13,853,544,47,69,1,1,1
759,13,853,544,47,71,1,1,1
760,13,852,544,48,71,1,1,1
761,13,852,544,48,69,1,1,1
762,13,852,544,48,69,1,1,1
763,13,852,542,48,71,1,1,1
764,13,852,543,48,67,1,1,1
765,13,852,543,48,69,1,1,1
766,13,850,543,48,69,1,1,1
767,13,850,543,48,69,1,1,1
768,13,850,543,48,69,1,1,1
769,13,851,542,49,71,1,1,1
770,13,850,542,48,71,1,1,1
771,13,851,542,49,71,1,1,1
772,13,851,543,49,69,1,1,1
773,13,851,542,49,71,1,1,1
774,13,851,542,49,71,1,1,1
775,13,851,542,49,71,1,1,1
776,13,851,543,49,69,1,1,1
777,13,851,542,51,71,1,1,1
778,13,851,542,51,71,1,1,1
779,13,850,542,52,71,1,1,1
780,13,850,542,52,71,1,1,1
781,13,850,542,52,71,1,1,1
782,13,850,542,52,71,1,1,1
783,13,850,542,52,71,1,1,1
784,13,849,541,55,71,1,1,1
785,13,848,541,54,71,1,1,1
786,13,849,540,55,71,1,1,1
787,13,849,540,55,71,1,1,1
788,13,848,540,56,71,1,1,1
789,13,848,540,56,71,1,1,1
790,13,848,541,56,69,1,1,1
791,13,848,541,56,69,1,1,1
792,13,848,540,56,71,1,1,1
793,13,848,541,56,69,1,1,1
794,13,848,540,56,71,1,1,1
795,13,848,539,56,69,1,1,1
796,13,848,539,56,69,1,1,1
797,13,848,539,56,69,1,1,1
798,13,848,540,56,67,1,1,1
799,13,848,540,56,67,1,1,1
800,13,848,540,56,67,1,1,1
801,13,848,539,57,69,1,1,1
802,13,848,540,56,67,1,1,1
803,13,847,540,59,67,1,1,1
804,13,847,540,59,67,1,1,1
805,13,847,540,59,67,1,1,1
806,13,847,539,59,65,1,1,1
807,13,847,538,59,67,1,1,1
808,13,847,538,59,67,1,1,1
809,13,847,538,59,67,1,1,1
810,13,846,538,60,67,1,1,1
811,13,846,538,60,67,1,1,1
812,13,846,538,60,67,1,1,1
813,13,846,538,60,67,1,1,1
814,13,844,538,60,67,1,1,1
815,13,844,538,60,67,1,1,1
816,13,844,538,62,67,1,1,1
817,13,844,538,60,67,1,1,1
818,13,844,538,62,67,1,1,1
819,13,844,539,60,65,1,1,1
820,13,844,539,62,65,1,1,1
821,13,844,539,62,65,1,1,1
822,13,845,538,63,67,1,1,1
823,13,844,539,60,65,1,1,1
824,13,844,538,62,65,1,1,1
825,13,844,537,62,65,1,1,1
826,13,844,537,62,65,1,1,1
827,13,844,537,62,65,1,1,1
828,13,844,537,60,65,1,1,1
829,13,844,537,60,65,1,1,1
830,13,844,537,60,65,1,1,1
831,13,844,537,60,65,1,1,1
832,13,844,537,60,65,1,1,1
833,13,843,538,60,64,1,1,1
834,13,842,538,60,64,1,1,1
835,13,842,537,60,62,1,1,1
836,13,842,536,60,65,1,1,1
837,13,842,536,60,65,1,1,1
838,13,843,536,59,65,1,1,1
839,13,843,536,59,65,1,1,1
840,13,843,536,59,65,1,1,1
841,13,842,536,60,65,1,1,1
842,13,842,536,60,65,1,1,1
843,13,842,537,60,65,1,1,1
844,13,842,536,60,65,1,1,1
845,13,842,537,60,65,1,1,1
846,13,841,537,59,65,1,1,1
847,13,842,536,60,67,1,1,1
848,13,841,537,59,65,1,1,1
849,13,840,537,59,65,1,1,1
850,13,840,537,59,65,1,1,1
851,13,841,537,57,65,1,1,1
852,13,841,537,57,65,1,1,1
853,13,840,537,59,65,1,1,1
854,13,841,537,57,65,1,1,1
855,13,840,537,59,65,1,1,1
856,13,840,536,59,67,1,1,1
857,13,838,537,60,65,1,1,1
858,13,838,536,60,67,1,1,1
859,13,839,536,59,67,1,1,1
860,13,839,536,59,67,1,1,1
861,13,839,536,59,67,1,1,1
862,13,839,536,57,67,1,1,1
863,13,839,537,59,65,1,1,1
864,13,839,537,57,65,1,1,1
865,13,838,537,60,65,1,1,1
866,13,837,537,59,65,1,1,1
867,13,837,537,59,65,1,1,1
868,13,838,537,56,62,1,1,1
869,13,838,536,56,62,1,1,1
870,13,838,536,56,62,1,1,1
871,13,838,536,57,64,1,1,1
872,13,836,536,59,62,1,1,1
873,13,836,536,59,62,1,1,1
874,13,836,536,57,64,1,1,1
875,13,836,536,57,62,1,1,1
876,13,836,536,59,64,1,1,1
877,13,835,536,60,64,1,1,1
878,13,835,536,60,64,1,1,1
879,13,836,536,59,62,1,1,1
880,13,835,536,60,62,1,1,1
881,13,836,536,59,62,1,1,1
882,13,836,536,59,62,1,1,1
883,13,834,536,60,62,1,1,1
884,13,836,536,59,62,1,1,1
885,13,834,536,60,62,1,1,1
886,13,834,536,60,62,1,1,1
887,13,834,535,60,64,1,1,1
888,13,834,535,60,62,1,1,1
889,13,834,535,60,62,1,1,1
890,13,834,535,60,64,1,1,1
891,13,834,535,60,64,1,1,1
892,13,835,535,60,64,1,1,1
893,13,835,535,60,62,1,1,1
894,13,835,535,60,64,1,1,1
895,13,835,534,60,65,1,1,1
896,13,835,534,60,65,1,1,1
897,13,835,534,60,65,1,1,1
898,13,835,534,60,65,1,1,1
899,13,835,534,60,65,1,1,1
900,13,834,534,62,65,1,1,1
901,13,834,532,62,65,1,1,1
902,13,834,533,62,62,1,1,1
903,13,834,532,62,62,1,1,1
904,13,834,533,63,60,1,1,1
905,13,834,533,63,60,1,1,1
906,13,834,531,63,60,1,1,1
907,13,834,531,63,60,1,1,1
908,13,835,531,64,60,1,1,1
909,13,835,531,64,60,1,1,1
910,13,834,531,64,60,1,1,1
911,13,834,532,64,58,1,1,1
912,13,835,530,64,58,1,1,1
913,13,834,530,64,58,1,1,1
914,13,834,530,64,58,1,1,1
915,13,834,530,65,58,1,1,1
916,13,834,530,65,58,1,1,1
917,13,834,530,65,58,1,1,1
918,13,832,530,65,58,1,1,1
919,13,832,530,67,58,1,1,1
920,13,832,530,65,58,1,1,1
921,13,833,530,64,58,1,1,1
922,13,831,530,65,58,1,1,1
923,13,831,530,65,58,1,1,1
924,13,832,530,64,58,1,1,1
925,13,832,530,64,58,1,1,1
926,13,831,530,64,58,1,1,1
927,13,831,530,64,58,1,1,1
928,13,830,530,64,58,1,1,1
929,13,829,530,64,58,1,1,1
930,13,828,530,64,58,1,1,1
931,13,829,530,63,58,1,1,1
932,13,829,530,63,58,1,1,1
933,13,828,531,64,60,1,1,1
934,13,827,531,63,60,1,1,1
935,13,827,530,64,62,1,1,1
936,13,826,531,63,60,1,1,1
937,13,826,531,62,60,1,1,1
938,13,827,531,60,60,1,1,1
939,13,825,531,62,60,1,1,1
940,13,826,532,60,58,1,1,1
941,13,824,532,62,58,1,1,1
942,13,824,532,62,58,1,1,1
943,13,824,532,60,58,1,1,1
944,13,824,531,60,60,1,1,1
945,13,824,531,60,60,1,1,1
946,13,824,531,60,60,1,1,1
947,13,824,532,60,58,1,1,1
948,13,823,531,62,60,1,1,1
949,13,823,531,62,60,1,1,1
950,13,823,531,62,60,1,1,1
951,13,823,531,62,60,1,1,1
952,13,821,531,63,60,1,1,1
953,13,821,532,63,58,1,1,1
954,13,821,533,63,56,1,1,1
955,13,820,533,64,56,1,1,1
956,13,820,533,64,56,1,1,1
957,13,820,533,64,56,1,1,1
958,13,820,532,64,55,1,1,1
959,13,821,533,64,56,1,1,1
960,13,821,533,64,56,1,1,1
961,13,821,532,64,58,1,1,1
962,13,820,532,65,58,1,1,1
963,13,818,532,68,58,1,1,1
964,13,818,532,68,58,1,1,1
965,13,818,533,68,56,1,1,1
966,13,818,533,68,56,1,1,1
967,13,818,532,68,55,1,1,1
968,13,817,532,70,55,1,1,1
969,13,817,532,70,55,1,1,1
970,13,817,533,70,53,1,1,1
971,13,817,531,70,53,1,1,1
972,13,817,531,70,53,1,1,1
973,13,817,531,71,53,1,1,1
974,13,817,531,71,53,1,1,1
975,13,817,532,71,51,1,1,1
976,13,816,532,72,51,1,1,1
977,13,816,532,72,51,1,1,1
978,13,816,531,72,49,1,1,1
979,13,817,531,72,49,1,1,1
980,13,815,531,74,49,1,1,1
981,13,816,531,72,49,1,1,1
982,13,815,531,74,49,1,1,1
983,13,816,532,72,48,1,1,1
984,13,815,532,74,48,1,1,1
985,13,815,533,75,46,1,1,1
986,13,815,532,75,48,1,1,1
987,13,815,531,75,49,1,1,1
988,13,815,533,75,46,1,1,1
989,13,815,533,75,46,1,1,1
990,13,815,531,75,46,1,1,1
991,13,814,532,76,44,1,1,1
992,13,814,532,76,44,1,1,1
993,13,814,532,76,44,1,1,1
994,13,814,532,76,44,1,1,1
995,13,812,531,76,46,1,1,1
996,13,813,532,77,44,1,1,1
997,13,812,532,76,44,1,1,1
998,13,812,531,76,42,1,1,1
999,13,812,531,77,42,1,1,1
1000,13,812,531,77,42,1,1,1
1001,13,810,532,77,40,1,1,1
1002,13,810,532,79,40,1,1,1
1003,13,810,532,79,40,1,1,1
1004,13,810,531,79,42,1,1,1
1005,13,809,532,80,40,1,1,1
1006,13,809,532,80,40,1,1,1
1007,13,810,532,79,40,1,1,1
1008,13,809,531,80,39,1,1,1
1009,13,810,531,79,39,1,1,1
1010,13,809,531,80,39,1,1,1
1011,13,809,531,80,39,1,1,1
1012,13,809,531,80,39,1,1,1
1013,13,808,531,80,39,1,1,1
1014,13,808,531,80,39,1,1,1
1015,13,808,531,80,39,1,1,1
1016,13,808,532,80,37,1,1,1
1017,13,808,531,80,39,1,1,1
1018,13,808,532,80,37,1,1,1
1019,13,809,531,80,39,1,1,1
1020,13,808,532,80,37,1,1,1
1021,13,808,532,80,37,1,1,1
1022,13,808,532,80,37,1,1,1
1023,13,807,532,81,37,1,1,1
1024,13,807,532,81,37,1,1,1
1025,13,807,532,81,37,1,1,1
1026,13,807,532,83,37,1,1,1
1027,13,807,532,81,37,1,1,1
1028,13,805,532,83,37,1,1,1
1029,13,805,532,83,37,1,1,1
1030,13,805,532,83,37,1,1,1
1031,13,806,531,81,35,1,1,1
1032,13,804,531,83,35,1,1,1
1033,13,804,533,83,35,1,1,1
1034,13,804,533,83,35,1,1,1
1035,13,804,531,81,35,1,1,1
1036,13,804,531,81,35,1,1,1
1037,13,804,531,83,35,1,1,1
1038,13,804,531,83,35,1,1,1
1039,13,804,531,83,35,1,1,1
1040,13,802,531,84,35,1,1,1
1041,13,802,531,84,35,1,1,1
1042,13,803,531,83,35,1,1,1
1043,13,803,531,83,35,1,1,1
1044,13,803,531,83,35,1,1,1
1045,13,803,531,83,35,1,1,1
1046,13,802,531,84,35,1,1,1
1047,13,802,532,84,33,1,1,1
1048,13,802,531,84,35,1,1,1
1049,13,802,532,84,33,1,1,1
1050,13,802,531,84,35,1,1,1
1051,13,800,531,84,35,1,1,1
1052,13,800,531,84,35,1,1,1
1053,13,800,531,84,35,1,1,1
1054,13,800,531,84,35,1,1,1
1055,13,800,531,84,35,1,1,1
1056,13,801,532,84,33,1,1,1
1057,13,801,532,84,33,1,1,1
1058,13,800,532,84,33,1,1,1
1059,13,800,532,84,33,1,1,1
1060,13,800,532,84,33,1,1,1
1061,13,800,532,84,33,1,1,1
1062,13,800,532,84,33,1,1,1
1063,13,800,532,84,33,1,1,1
1064,13,799,532,83,33,1,1,1
1065,13,799,532,84,33,1,1,1
1066,13,799,532,84,33,1,1,1
1067,13,799,532,85,33,1,1,1
1068,13,799,532,85,33,1,1,1
1069,13,799,532,84,33,1,1,1
1070,13,799,533,83,32,1,1,1
1071,13,799,533,83,32,1,1,1
1072,13,799,533,81,32,1,1,1
1073,13,798,533,80,32,1,1,1
1074,13,798,533,79,30,1,1,1
1075,13,797,533,80,30,1,1,1
1076,13,797,533,80,30,1,1,1
1077,13,797,533,80,30,1,1,1
1078,13,797,533,80,30,1,1,1
1079,13,797,533,80,30,1,1,1
1080,13,797,533,80,30,1,1,1
1081,13,797,533,80,30,1,1,1
1082,13,797,533,80,30,1,1,1
1083,13,796,533,80,30,1,1,1
1084,13,797,533,80,30,1,1,1
1085,13,796,533,80,30,1,1,1
1086,13,796,533,80,30,1,1,1
1087,13,796,533,80,30,1,1,1
1088,13,794,533,80,30,1,1,1
1089,13,794,533,80,30,1,1,1
1090,13,794,533,80,30,1,1,1
1091,13,795,533,81,30,1,1,1
1092,13,795,533,81,32,1,1,1
1093,13,795,533,81,30,1,1,1
1094,13,793,533,83,30,1,1,1
1095,13,793,533,83,30,1,1,1
1096,13,793,533,83,30,1,1,1
1097,13,793,533,83,30,1,1,1
1098,13,794,533,81,30,1,1,1
1099,13,794,533,81,30,1,1,1
1100,13,793,533,83,30,1,1,1
1101,13,792,533,84,30,1,1,1
1102,13,792,533,84,30,1,1,1
1103,13,792,533,83,30,1,1,1
1104,13,792,533,83,30,1,1,1
1105,13,793,533,84,30,1,1,1
1106,13,792,533,83,30,1,1,1
1107,13,792,533,84,30,1,1,1
1108,13,792,531,84,32,1,1,1
1109,13,792,533,84,30,1,1,1
1110,13,792,533,84,30,1,1,1
1111,13,792,533,84,30,1,1,1
1112,13,791,533,85,30,1,1,1
1113,13,791,533,85,30,1,1,1
1114,13,791,533,84,30,1,1,1
1115,13,791,533,84,30,1,1,1
1116,13,791,533,84,30,1,1,1
1117,13,791,533,84,30,1,1,1
1118,13,791,533,84,30,1,1,1
1119,13,790,533,84,30,1,1,1
1120,13,790,533,84,30,1,1,1
1121,13,791,533,84,30,1,1,1
1122,13,791,533,84,30,1,1,1
1123,13,790,532,84,30,1,1,1
1124,13,790,532,84,30,1,1,1
1125,13,790,533,84,30,1,1,1
1126,13,789,533,85,30,1,1,1
1127,13,789,532,85,30,1,1,1
1128,13,789,533,87,30,1,1,1
1129,13,789,534,85,30,1,1,1
1130,13,789,534,85,28,1,1,1
1131,13,788,532,84,30,1,1,1
1132,13,789,532,85,30,1,1,1
1133,13,789,534,84,28,1,1,1
1134,13,788,534,84,28,1,1,1
1135,13,789,534,84,28,1,1,1
1136,13,788,534,85,28,1,1,1
1137,13,788,534,85,28,1,1,1
1138,13,788,534,84,28,1,1,1
1139,13,788,532,81,30,1,1,1
1140,13,788,532,81,30,1,1,1
1141,13,787,532,83,30,1,1,1
1142,13,786,534,84,30,1,1,1
1143,13,787,534,83,30,1,1,1
1144,13,787,532,83,30,1,1,1
1145,13,787,532,83,30,1,1,1
1146,13,786,533,84,30,1,1,1
1147,13,786,534,84,30,1,1,1
1148,13,786,532,84,30,1,1,1
1149,13,787,534,83,28,1,1,1
1150,13,786,534,84,28,1,1,1
1151,13,785,534,83,28,1,1,1
1152,13,784,534,83,28,1,1,1
1153,13,785,534,84,28,1,1,1
1154,13,784,534,83,28,1,1,1
1155,13,784,534,83,28,1,1,1
1156,13,784,534,83,28,1,1,1
1157,13,784,534,83,28,1,1,1
1158,13,784,532,83,30,1,1,1
1159,13,784,532,83,30,1,1,1
1160,13,785,534,84,28,1,1,1
1161,13,783,534,84,30,1,1,1
1162,13,783,534,84,28,1,1,1
1163,13,783,534,84,28,1,1,1
1164,13,783,534,84,28,1,1,1
1165,13,784,534,84,28,1,1,1
1166,13,784,534,84,28,1,1,1
1167,13,784,534,83,28,1,1,1
1168,13,784,534,83,28,1,1,1
1169,13,783,534,81,28,1,1,1
1170,13,783,534,81,28,1,1,1
1171,13,784,534,83,28,1,1,1
1172,13,783,534,81,28,1,1,1
1173,13,783,534,83,28,1,1,1
1174,13,783,534,83,28,1,1,1
1175,13,783,534,83,28,1,1,1
1176,13,783,534,83,28,1,1,1
1177,13,783,534,83,28,1,1,1
1178,13,783,534,84,28,1,1,1
1179,13,783,534,81,28,1,1,1
1180,13,783,534,81,28,1,1,1
1181,13,783,534,83,28,1,1,1
1182,13,783,534,81,28,1,1,1
1183,13,781,534,83,28,1,1,1
1184,13,781,534,83,28,1,1,1
1185,13,782,535,81,28,1,1,1
1186,13,782,535,81,28,1,1,1
1187,13,782,535,80,28,1,1,1
1188,13,781,535,81,28,1,1,1
1189,13,782,535,80,28,1,1,1
1190,13,781,535,81,28,1,1,1
1191,13,780,535,83,28,1,1,1
1192,13,781,535,81,28,1,1,1
1193,13,779,535,83,28,1,1,1
1194,13,780,535,84,28,1,1,1
1195,13,779,536,83,26,1,1,1
1196,13,779,535,83,28,1,1,1
1197,13,779,535,83,28,1,1,1
1198,13,779,535,83,28,1,1,1
1199,13,779,535,81,28,1,1,1
1200,13,778,536,80,28,1,1,1
1201,13,778,536,80,28,1,1,1
1202,13,778,536,80,28,1,1,1
1203,13,778,536,80,28,1,1,1
1204,13,778,536,81,30,1,1,1
1205,13,778,536,81,28,1,1,1
1206,13,776,536,81,28,1,1,1
1207,13,776,538,83,28,1,1,1
1208,13,776,538,81,28,1,1,1
1209,13,776,538,81,28,1,1,1
1210,13,776,537,83,30,1,1,1
1211,13,776,537,83,30,1,1,1
1212,13,776,538,81,28,1,1,1
1213,13,775,537,83,30,1,1,1
1214,13,775,537,81,30,1,1,1
1215,13,774,537,80,30,1,1,1
1216,13,774,537,80,30,1,1,1
1217,13,774,537,80,30,1,1,1
1218,13,774,537,80,30,1,1,1
1219,13,774,537,80,30,1,1,1
1220,13,774,537,80,30,1,1,1
1221,13,774,538,80,28,1,1,1
1222,13,774,538,80,28,1,1,1
1223,13,773,538,80,28,1,1,1
1224,13,773,538,80,28,1,1,1
1225,13,773,538,81,28,1,1,1
1226,13,773,537,81,30,1,1,1
1227,13,773,538,81,28,1,1,1
1228,13,773,537,81,30,1,1,1
1229,13,771,537,83,30,1,1,1
1230,13,772,537,84,30,1,1,1
1231,13,772,537,84,30,1,1,1
1232,13,771,538,84,28,1,1,1
1233,13,771,538,84,28,1,1,1
1234,13,771,538,84,28,1,1,1
1235,13,771,538,84,28,1,1,1
1236,13,770,539,85,26,1,1,1
1237,13,769,538,87,28,1,1,1
1238,13,769,539,87,26,1,1,1
1239,13,769,539,87,26,1,1,1
1240,13,769,538,85,26,1,1,1
1241,13,769,538,85,24,1,1,1
1242,13,769,538,85,24,1,1,1
1243,13,769,538,87,24,1,1,1
1244,13,767,538,87,24,1,1,1
1245,13,767,538,87,24,1,1,1
1246,13,767,539,87,23,1,1,1
1247,13,768,539,85,23,1,1,1
1248,13,768,539,85,23,1,1,1
1249,13,767,538,88,21,1,1,1
1250,13,766,538,87,21,1,1,1
1251,13,766,538,87,21,1,1,1
1252,13,765,539,88,19,1,1,1
1253,13,765,538,88,21,1,1,1
1254,13,766,538,88,21,1,1,1
1255,13,766,539,87,19,1,1,1
1256,13,765,539,88,19,1,1,1
1257,13,764,539,88,19,1,1,1
1258,13,764,538,88,17,1,1,1
1259,13,764,538,88,17,1,1,1
1260,13,764,538,88,17,1,1,1
1261,13,764,538,88,17,1,1,1
1262,13,764,538,88,17,1,1,1
1263,13,764,537,88,19,1,1,1
1264,13,764,537,88,19,1,1,1
1265,13,764,537,88,19,1,1,1
1266,13,764,538,88,17,1,1,1
1267,13,763,538,89,17,1,1,1
1268,13,763,538,89,17,1,1,1
1269,13,763,538,89,17,1,1,1
1270,13,761,538,91,17,1,1,1
1271,13,761,538,91,17,1,1,1
1272,13,761,538,91,17,1,1,1
1273,13,761,538,92,17,1,1,1
1274,13,761,538,92,17,1,1,1
1275,13,761,538,92,17,1,1,1
1276,13,761,538,92,17,1,1,1
1277,13,761,537,92,19,1,1,1
1278,13,760,538,91,17,1,1,1
1279,13,760,537,92,19,1,1,1
1280,13,759,537,94,19,1,1,1
1281,13,759,537,94,19,1,1,1
1282,13,760,537,92,19,1,1,1
1283,13,760,537,91,19,1,1,1
1284,13,759,537,92,19,1,1,1
1285,13,759,537,92,19,1,1,1
1286,13,759,537,92,19,1,1,1
1287,13,758,537,94,19,1,1,1
1288,13,757,537,91,19,1,1,1
1289,13,758,537,92,19,1,1,1
1290,13,758,539,89,19,1,1,1
1291,13,758,537,88,19,1,1,1
1292,13,758,537,92,19,1,1,1
1293,13,758,539,95,19,1,1,1
1294,13,758,539,95,19,1,1,1
1295,13,758,537,95,19,1,1,1
1296,13,758,537,95,19,1,1,1
1297,13,756,537,92,19,1,1,1
1298,13,756,537,92,19,1,1,1
1299,13,756,537,92,19,1,1,1
1300,13,756,537,94,19,1,1,1
1301,13,756,537,92,19,1,1,1
1302,13,756,537,94,19,1,1,1
1303,13,756,537,96,19,1,1,1
1304,13,755,537,87,19,1,1,1
1305,13,754,538,95,21,1,1,1
1306,13,754,538,85,21,1,1,1
1307,13,754,539,87,19,1,1,1
1308,13,754,539,87,19,1,1,1
1309,13,754,537,87,19,1,1,1
1310,13,754,539,88,19,1,1,1
1311,13,754,538,88,21,1,1,1
1312,13,754,538,88,21,1,1,1
1313,13,754,536,88,21,1,1,1
1314,13,754,536,88,21,1,1,1
1315,13,752,536,89,21,1,1,1
1316,13,753,536,88,21,1,1,1
1317,13,754,536,88,23,1,1,1
1318,13,752,536,88,23,1,1,1
1319,13,753,536,88,21,1,1,1
1320,13,753,536,88,21,1,1,1
1321,13,752,536,89,21,1,1,1
1322,13,752,536,89,21,1,1,1
1323,13,751,537,87,23,1,1,1
1324,13,752,536,88,21,1,1,1
1325,13,750,537,88,23,1,1,1
1326,13,750,536,87,21,1,1,1
1327,13,750,538,87,21,1,1,1
1328,13,751,538,85,21,1,1,1
1329,13,750,538,87,21,1,1,1
1330,13,750,537,89,23,1,1,1
1331,13,750,537,88,23,1,1,1
1332,13,750,536,89,23,1,1,1
1333,13,750,537,88,23,1,1,1
1334,13,750,538,84,21,1,1,1
1335,13,750,539,84,19,1,1,1
1336,13,750,538,85,21,1,1,1
1337,13,750,538,85,21,1,1,1
1338,13,750,536,85,21,1,1,1
1339,13,748,537,88,23,1,1,1
1340,13,748,537,88,23,1,1,1
1341,13,749,537,87,23,1,1,1
1342,13,749,537,85,23,1,1,1
1343,13,748,535,84,24,1,1,1
1344,13,749,537,84,23,1,1,1
1345,13,748,537,84,23,1,1,1
1346,13,748,537,85,23,1,1,1
1347,13,748,537,85,23,1,1,1
1348,13,747,537,87,23,1,1,1
1349,13,748,537,85,23,1,1,1
1350,13,748,537,84,23,1,1,1
1351,13,748,536,84,24,1,1,1
1352,13,746,536,87,24,1,1,1
1353,13,747,536,84,24,1,1,1
1354,13,747,536,85,24,1,1,1
1355,13,747,536,84,24,1,1,1
1356,13,746,536,85,24,1,1,1
1357,13,746,536,85,24,1,1,1
1358,13,746,536,85,24,1,1,1
1359,13,746,536,85,24,1,1,1
1360,13,746,536,85,24,1,1,1
1361,13,746,536,85,24,1,1,1
1362,13,745,536,87,24,1,1,1
1363,13,745,536,87,24,1,1,1
1364,13,745,536,87,24,1,1,1
1365,13,744,537,88,23,1,1,1
1366,13,744,536,88,24,1,1,1
1367,13,744,537,88,24,1,1,1
1368,13,744,536,88,24,1,1,1
1369,13,742,536,88,24,1,1,1
1370,13,743,537,89,23,1,1,1
1371,13,742,536,88,26,1,1,1
1372,13,742,538,85,24,1,1,1
1373,13,743,536,88,26,1,1,1
1374,13,743,536,88,26,1,1,1
1375,13,743,537,88,24,1,1,1
1376,13,742,536,88,26,1,1,1
1377,13,742,536,88,24,1,1,1
1378,13,742,537,89,24,1,1,1
1379,13,742,537,84,24,1,1,1
1380,13,740,537,88,24,1,1,1
1381,13,740,536,88,24,1,1,1
1382,13,740,536,88,24,1,1,1
1383,13,741,537,87,24,1,1,1
1384,13,740,537,88,23,1,1,1
1385,13,740,537,88,24,1,1,1
1386,13,741,537,87,24,1,1,1
1387,13,740,539,84,23,1,1,1
1388,13,740,539,84,23,1,1,1
1389,13,740,539,84,23,1,1,1
1390,13,740,538,84,24,1,1,1
1391,13,740,538,84,24,1,1,1
1392,13,740,538,84,24,1,1,1
1393,13,740,539,84,23,1,1,1
1394,13,740,539,85,23,1,1,1
1395,13,738,538,87,24,1,1,1
1396,13,740,539,85,23,1,1,1
1397,13,740,539,85,23,1,1,1
1398,13,740,539,85,24,1,1,1
1399,13,738,540,87,21,1,1,1
1400,13,740,538,85,24,1,1,1
1401,13,739,539,85,23,1,1,1
1402,13,739,538,85,24,1,1,1
1403,13,739,538,85,24,1,1,1
1404,13,739,538,85,24,1,1,1
1405,13,738,536,87,26,1,1,1
1406,13,739,538,85,24,1,1,1
1407,13,737,538,87,24,1,1,1
1408,13,737,538,87,24,1,1,1
1409,13,737,538,87,24,1,1,1
1410,13,737,537,87,26,1,1,1
1411,13,736,537,88,26,1,1,1
1412,13,738,538,88,24,1,1,1
1413,13,736,538,88,24,1,1,1
1414,13,737,539,87,24,1,1,1
1415,13,737,538,87,24,1,1,1
1416,13,736,539,88,24,1,1,1
1417,13,735,538,89,26,1,1,1
1418,13,736,538,88,26,1,1,1
1419,13,734,538,88,24,1,1,1
1420,13,734,538,85,26,1,1,1
1421,13,734,538,87,26,1,1,1
1422,13,734,539,85,26,1,1,1
1423,13,735,539,88,26,1,1,1
1424,13,735,538,84,28,1,1,1
1425,13,734,539,85,26,1,1,1
1426,13,734,538,85,26,1,1,1
1427,13,735,538,84,26,1,1,1
1428,13,734,540,84,24,1,1,1
1429,13,734,539,87,26,1,1,1
1430,13,733,540,87,24,1,1,1
1431,13,734,540,85,24,1,1,1
1432,13,734,540,85,24,1,1,1
1433,13,732,540,88,24,1,1,1
1434,13,733,540,87,24,1,1,1
1435,13,733,540,87,24,1,1,1
1436,13,733,539,85,24,1,1,1
1437,13,732,540,84,24,1,1,1
1438,13,732,539,84,24,1,1,1
1439,13,732,539,84,24,1,1,1
1440,13,732,539,84,24,1,1,1
1441,13,732,539,84,24,1,1,1
1442,13,732,539,85,24,1,1,1
1443,13,732,539,84,24,1,1,1
1444,13,732,539,85,24,1,1,1
1445,13,732,538,84,24,1,1,1
1446,13,732,538,84,24,1,1,1
1447,13,732,537,84,26,1,1,1
1448,13,731,538,85,26,1,1,1
1449,13,731,540,85,24,1,1,1
1450,13,731,539,85,24,1,1,1
1451,13,731,538,85,26,1,1,1
1452,13,731,537,85,26,1,1,1
1453,13,731,540,84,24,1,1,1
1454,13,730,540,87,24,1,1,1
1455,13,731,539,85,24,1,1,1
1456,13,731,541,85,23,1,1,1
1457,13,731,541,85,23,1,1,1
1458,13,730,541,87,23,1,1,1
1459,13,730,541,88,23,1,1,1
1460,13,730,540,88,24,1,1,1
1461,13,730,540,88,24,1,1,1
1462,13,729,539,87,24,1,1,1
1463,13,730,541,88,23,1,1,1
1464,13,730,541,88,23,1,1,1
1465,13,729,541,87,23,1,1,1
1466,13,730,542,88,21,1,1,1
1467,13,729,542,88,21,1,1,1
1468,13,729,541,88,23,1,1,1
1469,13,729,541,89,23,1,1,1
1470,13,729,542,88,21,1,1,1
1471,13,728,542,88,21,1,1,1
1472,13,728,542,88,21,1,1,1
1473,13,728,542,88,21,1,1,1
1474,13,727,542,89,21,1,1,1
1475,13,727,542,89,21,1,1,1
1476,13,727,542,89,21,1,1,1
1477,13,727,542,89,21,1,1,1
1478,13,726,542,89,21,1,1,1
1479,13,725,542,91,21,1,1,1
1480,13,725,541,92,23,1,1,1
1481,13,724,541,91,23,1,1,1
1482,13,724,541,91,23,1,1,1
1483,13,724,541,89,23,1,1,1
1484,13,724,541,89,23,1,1,1
1485,13,724,541,91,23,1,1,1
1486,13,725,541,88,23,1,1,1
1487,13,724,541,89,23,1,1,1
1488,13,724,541,88,23,1,1,1
1489,13,724,541,89,23,1,1,1
1490,13,724,541,89,23,1,1,1
1491,13,724,541,88,23,1,1,1
1492,13,722,541,88,23,1,1,1
1493,13,722,541,88,23,1,1,1
1494,13,722,541,88,23,1,1,1
1495,13,722,541,88,23,1,1,1
1496,13,722,541,88,23,1,1,1
1497,13,722,541,88,23,1,1,1
1498,13,722,542,89,24,1,1,1
1499,13,722,541,89,23,1,1,1
1500,13,722,541,89,23,1,1,1
1501,13,722,541,88,23,1,1,1
1502,13,722,541,88,23,1,1,1
1503,13,722,541,88,23,1,1,1
1504,13,722,541,89,23,1,1,1
1505,13,720,541,89,23,1,1,1
1506,13,720,541,89,23,1,1,1
1507,13,721,542,88,21,1,1,1
1508,13,719,541,89,23,1,1,1
1509,13,719,541,89,23,1,1,1
1510,13,720,542,88,21,1,1,1
1511,13,720,541,88,23,1,1,1
1512,13,719,541,91,23,1,1,1
1513,13,719,542,91,21,1,1,1
1514,13,719,542,89,21,1,1,1
1515,13,718,542,88,21,1,1,1
1516,13,719,542,89,21,1,1,1
1517,13,718,542,88,21,1,1,1
1518,13,717,542,91,21,1,1,1
1519,13,718,541,89,23,1,1,1
1520,13,718,541,89,23,1,1,1
1521,13,716,541,91,23,1,1,1
1522,13,716,542,91,21,1,1,1
1523,13,716,542,91,21,1,1,1
1524,13,717,541,89,23,1,1,1
1525,13,717,541,88,23,1,1,1
1526,13,717,541,88,23,1,1,1
1527,13,716,541,89,23,1,1,1
1528,13,716,541,89,23,1,1,1
1529,13,716,541,88,23,1,1,1
1530,13,716,541,88,23,1,1,1
1531,13,716,540,88,21,1,1,1
1532,13,716,541,88,23,1,1,1
1533,13,716,541,88,23,1,1,1
1534,13,716,541,88,23,1,1,1
1535,13,716,541,88,23,1,1,1
1536,13,716,541,88,23,1,1,1
1537,13,715,541,89,23,1,1,1
1538,13,715,541,89,23,1,1,1
1539,13,715,541,89,23,1,1,1
1540,13,715,541,89,23,1,1,1
1541,13,713,539,91,24,1,1,1
1542,13,714,541,89,23,1,1,1
1543,13,714,540,89,21,1,1,1
1544,13,714,540,89,21,1,1,1
1545,13,714,540,89,21,1,1,1
1546,13,714,540,89,21,1,1,1
1547,13,714,540,89,21,1,1,1
1548,13,712,540,91,21,1,1,1
1549,13,712,541,89,23,1,1,1
1550,13,712,540,89,21,1,1,1
1551,13,712,540,89,21,1,1,1
1552,13,713,540,88,21,1,1,1
1553,13,712,541,89,23,1,1,1
1554,13,712,541,89,23,1,1,1
1555,13,712,541,89,23,1,1,1
1556,13,712,540,88,21,1,1,1
1557,13,712,540,89,21,1,1,1
1558,13,711,540,89,21,1,1,1
1559,13,712,540,88,21,1,1,1
1560,13,711,540,89,21,1,1,1
1561,13,710,540,88,21,1,1,1
1562,13,710,540,88,21,1,1,1
1563,13,710,540,88,21,1,1,1
1564,13,710,539,89,23,1,1,1
1565,13,710,539,89,23,1,1,1
1566,13,710,539,89,23,1,1,1
1567,13,710,540,89,21,1,1,1
1568,13,708,539,91,23,1,1,1
1569,13,709,539,89,23,1,1,1
1570,13,709,539,89,23,1,1,1
1571,13,709,539,88,23,1,1,1
1572,13,708,540,88,21,1,1,1
1573,13,708,539,88,23,1,1,1
1574,13,708,539,88,23,1,1,1
1575,13,708,539,88,24,1,1,1
1576,13,708,539,88,24,1,1,1
1577,13,708,539,88,23,1,1,1
1578,13,708,539,88,24,1,1,1
1579,13,708,539,85,24,1,1,1
1580,13,708,539,84,24,1,1,1
1581,13,708,539,84,24,1,1,1
1582,13,708,539,84,24,1,1,1
1583,13,708,539,84,24,1,1,1
1584,13,707,539,85,24,1,1,1
1585,13,708,539,84,24,1,1,1
1586,13,707,539,84,24,1,1,1
1587,13,707,539,84,24,1,1,1
1588,13,707,541,84,23,1,1,1
1589,13,707,539,85,24,1,1,1
1590,13,706,541,85,23,1,1,1
1591,13,706,539,87,24,1,1,1
1592,13,706,539,88,24,1,1,1
1593,13,706,541,88,23,1,1,1
1594,13,706,539,87,24,1,1,1
1595,13,705,539,88,24,1,1,1
1596,13,706,539,88,24,1,1,1
1597,13,705,541,88,23,1,1,1
1598,13,706,539,88,24,1,1,1
1599,13,704,541,88,23,1,1,1
1600,13,704,541,88,23,1,1,1
1601,13,704,541,88,23,1,1,1
1602,13,704,541,88,23,1,1,1
1603,13,704,541,88,23,1,1,1
1604,13,704,541,88,23,1,1,1
1605,13,705,541,87,23,1,1,1
1606,13,705,540,87,24,1,1,1
1607,13,705,541,87,23,1,1,1
1608,13,704,541,88,23,1,1,1
1609,13,704,541,88,23,1,1,1
1610,13,703,541,87,23,1,1,1
1611,13,704,541,88,23,1,1,1
1612,13,704,540,88,24,1,1,1
1613,13,704,540,88,24,1,1,1
1614,13,702,540,88,24,1,1,1
1615,13,702,540,88,24,1,1,1
1616,13,703,541,88,23,1,1,1
1617,13,702,540,89,24,1,1,1
1618,13,702,540,89,24,1,1,1
1619,13,702,540,88,24,1,1,1
1620,13,702,540,88,24,1,1,1
1621,13,700,540,89,24,1,1,1
1622,13,700,540,89,24,1,1,1
1623,13,701,540,88,24,1,1,1
1624,13,701,540,88,24,1,1,1
1625,13,700,540,88,24,1,1,1
1626,13,700,540,88,24,1,1,1
1627,13,700,540,88,24,1,1,1
1628,13,700,540,88,24,1,1,1
1629,13,700,540,88,24,1,1,1
1630,13,700,540,88,24,1,1,1
1631,13,700,538,88,26,1,1,1
1632,13,700,538,88,26,1,1,1
1633,13,700,538,88,26,1,1,1
1634,13,700,538,88,26,1,1,1
1635,13,699,538,87,26,1,1,1
1636,13,699,538,87,26,1,1,1
1637,13,698,538,88,26,1,1,1
1638,13,698,540,87,24,1,1,1
1639,13,699,538,88,26,1,1,1
1640,13,699,538,88,26,1,1,1
1641,13,699,538,88,26,1,1,1
1642,13,698,539,87,26,1,1,1
1643,13,698,540,87,24,1,1,1
1644,13,697,540,87,24,1,1,1
1645,13,698,539,88,26,1,1,1
1646,13,698,539,88,26,1,1,1
1647,13,698,539,88,26,1,1,1
1648,13,697,539,87,26,1,1,1
1649,13,698,539,88,26,1,1,1
1650,13,698,539,88,26,1,1,1
1651,13,698,539,88,26,1,1,1
1652,13,698,539,88,26,1,1,1
1653,13,698,539,88,26,1,1,1
1654,13,697,539,88,26,1,1,1
1655,13,697,539,88,26,1,1,1
1656,13,697,539,88,26,1,1,1
1657,13,696,539,88,26,1,1,1
1658,13,696,539,88,26,1,1,1
1659,13,697,539,87,26,1,1,1
1660,13,696,539,88,26,1,1,1
1661,13,696,539,88,26,1,1,1
1662,13,696,538,88,28,1,1,1
1663,13,696,538,88,28,1,1,1
1664,13,696,538,88,28,1,1,1
1665,13,696,539,88,26,1,1,1
1666,13,696,539,88,26,1,1,1
1667,13,696,538,88,28,1,1,1
1668,13,696,538,88,28,1,1,1
1669,13,694,538,88,28,1,1,1
1670,13,694,538,88,28,1,1,1
1671,13,694,538,88,28,1,1,1
1672,13,694,538,88,28,1,1,1
1673,13,694,538,88,28,1,1,1
1674,13,694,539,88,26,1,1,1
1675,13,694,539,88,26,1,1,1
1676,13,694,539,88,26,1,1,1
1677,13,694,539,88,26,1,1,1
1678,13,693,539,88,26,1,1,1
1679,13,694,539,88,26,1,1,1
1680,13,694,539,88,26,1,1,1
1681,13,693,539,88,26,1,1,1
1682,13,693,538,88,28,1,1,1
1683,13,693,539,88,26,1,1,1
1684,13,693,538,88,28,1,1,1
1685,13,693,539,88,26,1,1,1
1686,13,693,538,88,28,1,1,1
1687,13,693,538,88,28,1,1,1
1688,13,693,538,88,28,1,1,1
1689,13,693,538,88,28,1,1,1
1690,13,692,538,88,28,1,1,1
1691,13,692,539,88,26,1,1,1
1692,13,692,538,88,28,1,1,1
1693,13,693,539,87,26,1,1,1
1694,13,691,539,87,26,1,1,1
1695,13,691,539,87,26,1,1,1
1696,13,692,538,85,28,1,1,1
1697,13,692,538,85,28,1,1,1
1698,13,692,538,88,28,1,1,1
1699,13,690,539,87,26,1,1,1
1700,13,691,538,88,28,1,1,1
1701,13,691,539,88,26,1,1,1
1702,13,690,539,88,26,1,1,1
1703,13,691,538,88,28,1,1,1
1704,13,691,538,88,28,1,1,1
1705,13,690,538,88,28,1,1,1
1706,13,690,539,85,26,1,1,1
1707,13,690,539,85,26,1,1,1
1708,13,690,539,85,26,1,1,1
1709,13,690,538,85,28,1,1,1
1710,13,690,538,85,28,1,1,1
1711,13,690,538,85,28,1,1,1
1712,13,690,538,85,28,1,1,1
1713,13,690,538,85,28,1,1,1
1714,13,690,538,85,28,1,1,1
1715,13,690,538,84,28,1,1,1
1716,13,690,538,84,28,1,1,1
1717,13,690,538,84,28,1,1,1
1718,13,690,538,84,28,1,1,1
1719,13,690,537,84,28,1,1,1
1720,13,690,537,84,28,1,1,1
1721,13,689,538,84,28,1,1,1
1722,13,689,538,85,28,1,1,1
1723,13,688,538,84,28,1,1,1
1724,13,688,538,84,28,1,1,1
1725,13,688,538,84,28,1,1,1
1726,13,688,538,84,28,1,1,1
1727,13,688,538,84,28,1,1,1
1728,13,688,538,84,28,1,1,1
1729,13,689,539,84,26,1,1,1
1730,13,688,539,84,26,1,1,1
1731,13,689,539,84,26,1,1,1
1732,13,687,539,84,26,1,1,1
1733,13,687,538,84,28,1,1,1
1734,13,688,538,84,28,1,1,1
1735,13,686,539,85,26,1,1,1
1736,13,686,540,85,28,1,1,1
1737,13,686,540,87,28,1,1,1
1738,13,685,540,88,28,1,1,1
1739,13,685,540,88,28,1,1,1
1740,13,685,540,88,28,1,1,1
1741,13,684,540,88,28,1,1,1
1742,13,685,540,87,28,1,1,1
1743,13,684,539,88,30,1,1,1
1744,13,684,542,83,28,1,1,1
1745,13,685,542,84,30,1,1,1
1746,13,684,542,83,30,1,1,1
1747,13,685,540,80,32,1,1,1
1748,13,683,541,81,33,1,1,1
1749,13,683,541,81,33,1,1,1
1750,13,684,540,80,35,1,1,1
1751,13,684,540,80,35,1,1,1
1752,13,682,540,80,35,1,1,1
1753,13,683,540,80,35,1,1,1
1754,13,682,540,79,35,1,1,1
1755,13,681,541,79,33,1,1,1
1756,13,681,541,79,33,1,1,1
1757,13,682,542,77,32,1,1,1
1758,13,681,542,79,30,1,1,1
1759,13,681,541,77,30,1,1,1
1760,13,681,541,79,30,1,1,1
1761,13,679,543,79,28,1,1,1
1762,13,679,543,79,28,1,1,1
1763,13,679,542,80,28,1,1,1
1764,13,678,543,80,26,1,1,1
1765,13,678,543,81,26,1,1,1
1766,13,678,543,81,26,1,1,1
1767,13,678,543,81,26,1,1,1
1768,13,676,542,83,24,1,1,1
1769,13,676,543,83,23,1,1,1
1770,13,675,543,84,21,1,1,1
1771,13,676,543,84,21,1,1,1
1772,13,675,543,84,21,1,1,1
1773,13,674,542,85,21,1,1,1
1774,13,674,543,87,19,1,1,1
1775,13,674,542,87,21,1,1,1
1776,13,673,542,88,21,1,1,1
1777,13,672,542,88,21,1,1,1
1778,13,672,542,88,21,1,1,1
1779,13,672,543,88,19,1,1,1
1780,13,672,542,88,21,1,1,1
1781,13,670,542,88,21,1,1,1
1782,13,670,542,88,21,1,1,1
1783,13,671,542,88,21,1,1,1
1784,13,670,542,87,21,1,1,1
1785,13,670,542,88,21,1,1,1
1786,13,670,540,88,21,1,1,1
1787,13,669,540,87,21,1,1,1
1788,13,669,540,87,21,1,1,1
1789,13,668,540,88,21,1,1,1
1790,13,666,540,88,21,1,1,1
1791,13,667,540,88,21,1,1,1
1792,13,666,540,87,21,1,1,1
1793,13,666,540,87,21,1,1,1
1794,13,666,540,87,21,1,1,1
1795,13,666,540,85,21,1,1,1
1796,13,664,542,88,21,1,1,1
1797,13,664,542,88,21,1,1,1
1798,13,663,542,87,21,1,1,1
1799,13,662,543,87,19,1,1,1
1800,13,663,543,88,19,1,1,1
1801,13,663,543,88,19,1,1,1
1802,13,663,543,88,19,1,1,1
1803,13,661,544,88,17,1,1,1
1804,13,661,544,88,17,1,1,1
1805,13,661,543,87,19,1,1,1
1806,13,661,543,85,19,1,1,1
1807,13,660,543,88,19,1,1,1
1808,13,659,543,87,19,1,1,1
1809,13,660,543,88,19,1,1,1
1810,13,658,543,88,19,1,1,1
1811,13,658,543,88,19,1,1,1
1812,13,658,543,89,19,1,1,1
1813,13,658,543,88,19,1,1,1
1814,13,658,543,88,19,1,1,1
1815,13,657,544,88,19,1,1,1
1816,13,656,543,89,19,1,1,1
1817,13,656,544,88,19,1,1,1
1818,13,656,544,88,19,1,1,1
1819,13,656,543,88,19,1,1,1
1820,13,654,543,88,19,1,1,1
1821,13,655,543,88,19,1,1,1
1822,13,655,543,88,19,1,1,1
1823,13,654,543,88,19,1,1,1
1824,13,653,543,88,19,1,1,1
1825,13,652,543,88,19,1,1,1
1826,13,653,545,87,17,1,1,1
1827,13,653,545,87,17,1,1,1
1828,13,652,544,88,19,1,1,1
1829,13,652,544,88,21,1,1,1
1830,13,652,544,88,19,1,1,1
1831,13,650,544,88,19,1,1,1
1832,13,651,544,88,19,1,1,1
1833,13,650,544,87,19,1,1,1
1834,13,651,544,85,19,1,1,1
1835,13,649,544,87,19,1,1,1
1836,13,649,544,85,19,1,1,1
1837,13,649,544,85,19,1,1,1
1838,13,648,544,85,19,1,1,1
1839,13,648,544,85,19,1,1,1
1840,13,648,544,85,19,1,1,1
1841,13,648,544,85,19,1,1,1
1842,13,648,544,84,19,1,1,1
1843,13,646,544,87,21,1,1,1
1844,13,646,544,87,19,1,1,1
1845,13,645,544,88,19,1,1,1
1846,13,646,544,87,21,1,1,1
1847,13,646,544,87,19,1,1,1
1848,13,645,544,87,19,1,1,1
1849,13,645,545,87,17,1,1,1
1850,13,645,544,87,19,1,1,1
1851,13,645,544,85,19,1,1,1
1852,13,644,544,88,19,1,1,1
1853,13,644,544,88,19,1,1,1
1854,13,643,544,88,21,1,1,1
1855,13,643,544,88,19,1,1,1
1856,13,643,545,88,17,1,1,1
1857,13,642,545,88,19,1,1,1
1858,13,642,545,88,19,1,1,1
1859,13,642,544,88,19,1,1,1
1860,13,640,545,89,17,1,1,1
1861,13,641,545,88,17,1,1,1
1862,13,641,545,88,17,1,1,1
1863,13,641,545,88,17,1,1,1
1864,13,639,545,89,19,1,1,1
1865,13,639,545,89,19,1,1,1
1866,13,640,545,88,19,1,1,1
1867,13,640,544,88,19,1,1,1
1868,13,638,544,88,19,1,1,1
1869,13,638,544,89,19,1,1,1
1870,13,637,546,91,19,1,1,1
1871,13,637,545,89,19,1,1,1
1872,13,637,545,89,17,1,1,1
1873,13,637,545,89,19,1,1,1
1874,13,637,545,89,19,1,1,1
1875,13,637,545,88,17,1,1,1
1876,13,636,545,88,17,1,1,1
1877,13,636,545,89,19,1,1,1
1878,13,636,545,89,19,1,1,1
1879,13,636,545,88,19,1,1,1
1880,13,636,545,88,19,1,1,1
1881,13,635,545,89,19,1,1,1
1882,13,635,545,89,19,1,1,1
1883,13,634,545,89,19,1,1,1
1884,13,634,545,89,19,1,1,1
1885,13,634,544,89,19,1,1,1
1886,13,634,544,88,19,1,1,1
1887,13,632,544,91,19,1,1,1
1888,13,632,545,89,17,1,1,1
1889,13,632,544,89,19,1,1,1
1890,13,633,545,88,17,1,1,1
1891,13,632,544,89,19,1,1,1
1892,13,632,545,89,17,1,1,1
1893,13,632,545,89,17,1,1,1
1894,13,631,544,91,19,1,1,1
1895,13,631,545,91,17,1,1,1
1896,13,631,545,89,17,1,1,1
1897,13,631,545,89,17,1,1,1
1898,13,630,545,88,17,1,1,1
1899,13,630,545,89,17,1,1,1
1900,13,630,545,89,17,1,1,1
1901,13,630,545,89,19,1,1,1
1902,13,630,545,88,19,1,1,1
1903,13,630,545,88,19,1,1,1
1904,13,629,545,89,19,1,1,1
1905,13,629,545,88,17,1,1,1
1906,13,629,545,88,17,1,1,1
1907,13,629,545,88,19,1,1,1
1908,13,629,545,88,17,1,1,1
1909,13,628,545,88,17,1,1,1
1910,13,628,545,88,19,1,1,1
1911,13,628,545,88,19,1,1,1
1912,13,627,545,89,17,1,1,1
1913,13,627,545,89,17,1,1,1
1914,13,626,545,88,17,1,1,1
1915,13,626,544,89,21,1,1,1
1916,13,626,544,89,19,1,1,1
1917,13,626,544,89,19,1,1,1
1918,13,626,544,88,19,1,1,1
1919,13,626,542,88,21,1,1,1
1920,13,625,544,89,21,1,1,1
1921,13,625,542,89,21,1,1,1
1922,13,625,544,89,19,1,1,1
1923,13,624,542,91,21,1,1,1
1924,13,624,544,91,19,1,1,1
1925,13,624,544,89,19,1,1,1
1926,13,624,544,89,19,1,1,1
1927,13,623,545,91,17,1,1,1
1928,13,623,545,89,17,1,1,1
1929,13,623,545,89,19,1,1,1
1930,13,623,545,91,19,1,1,1
1931,13,622,545,89,17,1,1,1
1932,13,622,545,89,17,1,1,1
1933,13,621,545,91,17,1,1,1
1934,13,622,545,89,17,1,1,1
1935,13,622,545,89,17,1,1,1
1936,13,622,545,89,19,1,1,1
1937,13,620,545,91,17,1,1,1
1938,13,620,545,89,19,1,1,1
1939,13,620,545,89,19,1,1,1
1940,13,621,545,88,19,1,1,1
1941,13,621,545,88,19,1,1,1
1942,13,619,545,89,19,1,1,1
1943,13,620,547,88,17,1,1,1
1944,13,619,545,89,19,1,1,1
1945,13,619,545,89,19,1,1,1
1946,13,619,545,89,19,1,1,1
1947,13,617,545,91,19,1,1,1
1948,13,617,545,91,19,1,1,1
1949,13,618,545,89,19,1,1,1
1950,13,618,545,89,19,1,1,1
1951,13,618,545,89,19,1,1,1
1952,13,618,545,89,19,1,1,1
1953,13,617,547,89,17,1,1,1
1954,13,617,545,89,17,1,1,1
1955,13,617,545,89,19,1,1,1
1956,13,617,545,89,19,1,1,1
1957,13,616,544,88,19,1,1,1
1958,13,616,545,88,19,1,1,1
1959,13,616,545,88,19,1,1,1
1960,13,616,545,88,19,1,1,1
1961,13,616,545,88,19,1,1,1
1962,13,616,545,88,19,1,1,1
1963,13,614,545,87,19,1,1,1
1964,13,615,545,88,19,1,1,1
1965,13,614,545,88,19,1,1,1
1966,13,614,547,88,17,1,1,1
1967,13,614,547,89,17,1,1,1
1968,13,614,547,89,17,1,1,1
1969,13,613,545,91,19,1,1,1
1970,13,613,545,91,19,1,1,1
1971,13,612,545,91,19,1,1,1
1972,13,613,545,92,19,1,1,1
1973,13,613,545,88,19,1,1,1
1974,13,612,545,89,19,1,1,1
1975,13,612,547,88,17,1,1,1
1976,13,612,545,88,19,1,1,1
1977,13,612,546,88,17,1,1,1
1978,13,610,545,88,19,1,1,1
1979,13,612,545,88,19,1,1,1
1980,13,610,547,88,17,1,1,1
1981,13,610,547,88,17,1,1,1
1982,13,610,547,87,17,1,1,1
1983,13,610,547,87,17,1,1,1
1984,13,610,545,88,17,1,1,1
1985,13,610,544,88,19,1,1,1
1986,13,610,544,88,19,1,1,1
1987,13,610,545,88,17,1,1,1
1988,13,610,545,88,17,1,1,1
1989,13,609,544,89,19,1,1,1
1990,13,609,545,88,17,1,1,1
1991,13,609,545,88,17,1,1,1
1992,13,609,544,89,19,1,1,1
1993,13,607,544,91,19,1,1,1
1994,13,608,544,89,19,1,1,1
1995,13,607,544,91,19,1,1,1
1996,13,607,544,91,19,1,1,1
1997,13,607,544,89,21,1,1,1
1998,13,607,544,89,19,1,1,1
1999,13,606,544,88,21,1,1,1
2000,13,606,544,88,19,1,1,1
2001,13,607,544,89,19,1,1,1
2002,13,607,544,89,19,1,1,1
2003,13,605,544,91,19,1,1,1
2004,13,606,544,89,19,1,1,1
2005,13,606,544,89,19,1,1,1
2006,13,606,544,89,19,1,1,1
2007,13,605,542,88,21,1,1,1
2008,13,604,544,91,19,1,1,1
2009,13,605,543,92,19,1,1,1
2010,13,604,544,89,19,1,1,1
2011,13,603,544,92,19,1,1,1
2012,13,603,544,92,19,1,1,1
2013,13,602,545,92,17,1,1,1
2014,13,603,545,92,17,1,1,1
2015,13,602,545,92,17,1,1,1
2016,13,602,545,88,17,1,1,1
2017,13,602,545,88,17,1,1,1
2018,13,603,545,89,17,1,1,1
2019,13,603,545,89,17,1,1,1
2020,13,602,545,89,17,1,1,1
2021,13,601,545,91,17,1,1,1
2022,13,600,545,89,17,1,1,1
2023,13,602,545,88,17,1,1,1
2024,13,601,545,92,17,1,1,1
2025,13,600,545,91,17,1,1,1
2026,13,600,545,89,17,1,1,1
2027,13,600,545,91,17,1,1,1
2028,13,599,545,89,17,1,1,1
2029,13,600,545,91,17,1,1,1
2030,13,599,544,89,19,1,1,1
2031,13,600,545,88,17,1,1,1
2032,13,599,545,91,17,1,1,1
2033,13,599,544,89,19,1,1,1
2034,13,599,544,89,19,1,1,1
2035,13,598,545,88,17,1,1,1
2036,13,598,545,89,17,1,1,1
2037,13,598,544,89,19,1,1,1
2038,13,598,545,89,17,1,1,1
2039,13,596,545,91,17,1,1,1
2040,13,596,544,91,19,1,1,1
2041,13,596,544,91,19,1,1,1
2042,13,596,544,91,19,1,1,1
2043,13,595,544,91,19,1,1,1
2044,13,595,544,91,19,1,1,1
2045,13,596,544,92,19,1,1,1
2046,13,596,544,92,19,1,1,1
2047,13,595,545,91,17,1,1,1
2048,13,594,545,92,17,1,1,1
2049,13,595,545,89,17,1,1,1
2050,13,595,545,89,17,1,1,1
2051,13,595,545,89,17,1,1,1
2052,13,594,545,88,17,1,1,1
2053,13,594,545,89,17,1,1,1
2054,13,594,544,89,19,1,1,1
2055,13,592,544,91,19,1,1,1
2056,13,592,544,91,19,1,1,1
2057,13,592,544,91,19,1,1,1
2058,13,592,544,89,19,1,1,1
2059,13,592,544,89,19,1,1,1
2060,13,592,544,91,19,1,1,1
2061,13,592,544,91,19,1,1,1
2062,13,592,544,91,19,1,1,1
2063,13,592,544,91,19,1,1,1
2064,13,592,544,89,19,1,1,1
2065,13,592,544,89,19,1,1,1
2066,13,592,544,89,19,1,1,1
2067,13,591,544,91,19,1,1,1
2068,13,590,544,88,19,1,1,1
2069,13,591,545,89,17,1,1,1
2070,13,589,545,91,17,1,1,1
2071,13,589,544,91,19,1,1,1
2072,13,588,544,91,19,1,1,1
2073,13,588,544,91,19,1,1,1
2074,13,588,544,91,19,1,1,1
2075,13,587,545,92,17,1,1,1
2076,13,587,545,91,17,1,1,1
2077,13,587,545,91,17,1,1,1
2078,13,587,545,92,17,1,1,1
2079,13,587,543,91,19,1,1,1
2080,13,587,545,91,17,1,1,1
2081,13,586,545,92,17,1,1,1
2082,13,587,545,91,17,1,1,1
2083,13,586,543,92,19,1,1,1
2084,13,587,545,92,17,1,1,1
1,14,602,600,60,85,1,1,1
2,14,599,594,59,88,1,1,1
3,14,601,595,57,85,1,1,1
4,14,599,596,59,87,1,1,1
5,14,601,596,57,87,1,1,1
6,14,599,596,59,87,1,1,1
7,14,599,596,59,87,1,1,1
8,14,599,597,59,85,1,1,1
9,14,599,596,59,87,1,1,1
10,14,598,597,60,85,1,1,1
11,14,599,597,59,85,1,1,1
12,14,598,595,60,88,1,1,1
13,14,598,594,60,88,1,1,1
14,14,598,596,60,87,1,1,1
15,14,598,595,60,88,1,1,1
16,14,598,595,60,88,1,1,1
17,14,598,595,60,88,1,1,1
18,14,599,596,59,87,1,1,1
19,14,598,595,60,88,1,1,1
20,14,598,595,60,88,1,1,1
21,14,598,596,60,87,1,1,1
22,14,598,598,60,85,1,1,1
23,14,598,598,60,85,1,1,1
24,14,599,598,59,85,1,1,1
25,14,598,599,60,85,1,1,1
26,14,598,598,60,87,1,1,1
27,14,598,598,60,87,1,1,1
28,14,598,599,60,85,1,1,1
29,14,599,599,59,85,1,1,1
30,14,599,599,59,85,1,1,1
31,14,599,599,59,85,1,1,1
32,14,599,601,59,83,1,1,1
33,14,601,601,57,83,1,1,1
34,14,601,601,57,83,1,1,1
35,14,599,600,59,85,1,1,1
36,14,601,601,56,83,1,1,1
37,14,601,600,57,85,1,1,1
38,14,599,601,59,83,1,1,1
39,14,601,601,57,83,1,1,1
40,14,601,601,56,83,1,1,1
41,14,599,601,59,83,1,1,1
42,14,601,600,57,85,1,1,1
43,14,599,602,59,85,1,1,1
44,14,600,602,60,85,1,1,1
45,14,599,602,59,85,1,1,1
46,14,599,602,59,85,1,1,1
47,14,600,602,60,85,1,1,1
48,14,600,602,59,85,1,1,1
49,14,600,603,60,83,1,1,1
50,14,599,602,59,85,1,1,1
51,14,599,602,59,85,1,1,1
52,14,602,605,57,83,1,1,1
53,14,600,605,59,83,1,1,1
54,14,600,603,59,83,1,1,1
55,14,602,605,57,83,1,1,1
56,14,600,602,60,85,1,1,1
57,14,600,605,59,83,1,1,1
58,14,600,605,59,83,1,1,1
59,14,600,603,60,83,1,1,1
60,14,602,606,57,81,1,1,1
61,14,602,606,57,81,1,1,1
62,14,602,605,56,83,1,1,1
63,14,602,606,56,81,1,1,1
64,14,603,605,57,83,1,1,1
65,14,601,605,59,83,1,1,1
66,14,602,604,60,85,1,1,1
67,14,604,605,56,83,1,1,1
68,14,605,605,56,83,1,1,1
69,14,605,606,56,81,1,1,1
70,14,606,606,55,81,1,1,1
71,14,606,606,55,81,1,1,1
72,14,610,606,52,81,1,1,1
73,14,612,610,51,76,1,1,1
74,14,612,613,49,74,1,1,1
75,14,614,613,48,74,1,1,1
76,14,614,608,48,78,1,1,1
77,14,614,607,48,78,1,1,1
78,14,614,606,48,81,1,1,1
79,14,615,606,48,81,1,1,1
80,14,614,604,49,81,1,1,1
81,14,614,604,49,81,1,1,1
82,14,613,606,51,81,1,1,1
83,14,613,604,52,81,1,1,1
84,14,612,604,52,81,1,1,1
85,14,612,606,52,81,1,1,1
86,14,612,606,52,81,1,1,1
87,14,612,606,54,81,1,1,1
88,14,612,606,54,81,1,1,1
89,14,610,607,54,80,1,1,1
90,14,610,607,55,80,1,1,1
91,14,610,607,54,80,1,1,1
92,14,609,607,56,80,1,1,1
93,14,609,607,56,80,1,1,1
94,14,609,607,56,80,1,1,1
95,14,609,608,56,78,1,1,1
96,14,609,608,56,78,1,1,1
97,14,609,609,56,78,1,1,1
98,14,608,608,57,78,1,1,1
99,14,608,609,59,78,1,1,1
100,14,608,610,59,76,1,1,1
101,14,608,609,59,78,1,1,1
102,14,608,609,59,78,1,1,1
103,14,606,610,60,76,1,1,1
104,14,606,610,60,76,1,1,1
105,14,605,612,62,76,1,1,1
106,14,605,611,62,78,1,1,1
107,14,605,612,63,76,1,1,1
108,14,604,611,64,78,1,1,1
109,14,604,612,64,76,1,1,1
110,14,602,612,64,76,1,1,1
111,14,602,614,65,76,1,1,1
112,14,602,614,65,76,1,1,1
113,14,600,616,67,74,1,1,1
114,14,600,616,68,76,1,1,1
115,14,599,616,68,76,1,1,1
116,14,598,616,70,76,1,1,1
117,14,598,616,70,76,1,1,1
118,14,597,618,71,74,1,1,1
119,14,596,618,72,74,1,1,1
120,14,596,618,72,74,1,1,1
121,14,596,618,72,74,1,1,1
122,14,594,618,74,74,1,1,1
123,14,594,620,74,74,1,1,1
124,14,594,621,74,72,1,1,1
125,14,595,622,75,71,1,1,1
126,14,595,623,75,71,1,1,1
127,14,595,623,75,71,1,1,1
128,14,595,624,75,71,1,1,1
129,14,594,624,76,71,1,1,1
130,14,594,625,76,71,1,1,1
131,14,594,625,76,71,1,1,1
132,14,595,625,75,71,1,1,1
133,14,595,624,76,72,1,1,1
134,14,775,697,67,55,1,1,1
135,14,595,624,76,72,1,1,1
136,14,596,627,75,71,1,1,1
137,14,596,625,75,71,1,1,1
138,14,596,625,75,71,1,1,1
139,14,596,625,75,71,1,1,1
140,14,598,626,74,72,1,1,1
141,14,598,624,74,74,1,1,1
142,14,598,624,74,74,1,1,1
143,14,597,625,75,74,1,1,1
144,14,598,624,74,74,1,1,1
145,14,598,624,74,74,1,1,1
146,14,600,624,72,74,1,1,1
147,14,601,624,72,74,1,1,1
148,14,602,623,71,76,1,1,1
149,14,601,623,72,76,1,1,1
150,14,603,623,71,76,1,1,1
151,14,604,623,70,76,1,1,1
152,14,605,623,70,76,1,1,1
153,14,606,624,68,74,1,1,1
154,14,607,623,68,76,1,1,1
155,14,608,623,68,76,1,1,1
157,14,610,622,65,99,1,1,1
158,14,609,623,68,101,1,1,1
159,14,609,623,67,99,1,1,1
160,14,609,622,67,99,1,1,1
161,14,610,622,68,101,1,1,1
162,14,610,622,68,99,1,1,1
163,14,611,621,67,101,1,1,1
164,14,610,622,68,103,1,1,1
165,14,610,622,68,103,1,1,1
166,14,610,622,68,103,1,1,1
167,14,610,622,68,101,1,1,1
168,14,609,623,70,101,1,1,1
169,14,609,623,70,101,1,1,1
170,14,609,622,70,103,1,1,1
171,14,609,623,70,101,1,1,1
172,14,609,624,71,103,1,1,1
173,14,609,624,71,101,1,1,1
174,14,608,624,72,101,1,1,1
175,14,608,625,72,99,1,1,1
176,14,608,625,72,99,1,1,1
177,14,606,625,72,99,1,1,1
178,14,606,625,74,99,1,1,1
179,14,605,626,75,97,1,1,1
180,14,605,626,75,97,1,1,1
181,14,605,626,75,97,1,1,1
182,14,605,628,76,97,1,1,1
183,14,605,628,76,94,1,1,1
184,14,605,627,76,96,1,1,1
185,14,604,629,76,94,1,1,1
186,14,604,629,76,94,1,1,1
187,14,603,629,77,94,1,1,1
188,14,603,630,77,92,1,1,1
189,14,601,630,79,92,1,1,1
190,14,601,631,79,92,1,1,1
191,14,600,631,80,92,1,1,1
192,14,600,631,81,92,1,1,1
193,14,600,632,81,90,1,1,1
194,14,599,632,83,90,1,1,1
195,14,599,632,83,88,1,1,1
196,14,599,633,83,87,1,1,1
197,14,599,633,83,87,1,1,1
198,14,599,635,83,83,1,1,1
199,14,599,637,83,83,1,1,1
200,14,599,637,83,83,1,1,1
201,14,598,638,84,81,1,1,1
202,14,597,637,85,80,1,1,1
203,14,597,637,85,80,1,1,1
204,14,595,639,87,76,1,1,1
205,14,595,638,87,66,1,1,1
206,14,595,640,91,65,1,1,1
207,14,595,640,92,65,1,1,1
208,14,595,639,91,66,1,1,1
209,14,595,640,92,67,1,1,1
210,14,595,640,92,66,1,1,1
211,14,595,641,93,65,1,1,1
212,14,595,642,91,64,1,1,1
213,14,595,642,92,63,1,1,1
214,14,595,642,93,65,1,1,1
215,14,595,642,91,64,1,1,1
216,14,595,643,90,62,1,1,1
217,14,595,644,91,63,1,1,1
218,14,594,643,94,63,1,1,1
219,14,596,643,91,62,1,1,1
220,14,594,643,93,65,1,1,1
221,14,596,643,91,65,1,1,1
222,14,596,644,91,64,1,1,1
223,14,596,644,92,63,1,1,1
224,14,596,644,93,63,1,1,1
225,14,596,644,91,63,1,1,1
226,14,596,644,92,65,1,1,1
227,14,596,644,91,63,1,1,1
228,14,596,644,90,64,1,1,1
229,14,596,646,93,64,1,1,1
230,14,598,646,92,63,1,1,1
231,14,598,646,90,62,1,1,1
232,14,597,644,91,63,1,1,1
233,14,598,646,90,63,1,1,1
234,14,598,646,90,63,1,1,1
235,14,598,646,89,62,1,1,1
236,14,598,646,92,64,1,1,1
237,14,598,646,89,63,1,1,1
238,14,599,646,90,62,1,1,1
239,14,599,646,89,64,1,1,1
240,14,598,646,91,64,1,1,1
241,14,599,645,90,62,1,1,1
242,14,599,646,91,62,1,1,1
243,14,598,646,91,63,1,1,1
244,14,598,646,90,62,1,1,1
245,14,599,646,88,63,1,1,1
246,14,600,646,90,66,1,1,1
247,14,598,645,90,64,1,1,1
248,14,598,645,92,66,1,1,1
249,14,600,645,91,66,1,1,1
250,14,598,644,91,64,1,1,1
251,14,600,645,89,64,1,1,1
252,14,600,645,92,67,1,1,1
253,14,600,645,91,65,1,1,1
254,14,601,646,89,64,1,1,1
255,14,601,645,88,64,1,1,1
256,14,603,643,88,67,1,1,1
257,14,600,645,92,64,1,1,1
258,14,602,645,87,64,1,1,1
259,14,602,644,89,64,1,1,1
260,14,602,645,90,64,1,1,1
261,14,601,645,92,66,1,1,1
262,14,601,645,91,67,1,1,1
263,14,604,645,89,66,1,1,1
264,14,604,645,85,65,1,1,1
265,14,604,645,85,66,1,1,1
266,14,604,645,91,65,1,1,1
267,14,603,645,89,67,1,1,1
268,14,605,644,89,68,1,1,1
269,14,605,645,88,67,1,1,1
270,14,606,645,87,65,1,1,1
271,14,606,646,87,63,1,1,1
272,14,606,645,87,65,1,1,1
273,14,606,645,89,65,1,1,1
274,14,606,644,87,66,1,1,1
275,14,606,646,86,62,1,1,1
276,14,606,647,88,65,1,1,1
277,14,607,647,88,69,1,1,1
278,14,607,646,88,66,1,1,1
279,14,607,647,87,63,1,1,1
280,14,607,646,86,66,1,1,1
281,14,607,648,89,65,1,1,1
282,14,607,646,86,65,1,1,1
283,14,607,648,87,66,1,1,1
284,14,607,648,89,64,1,1,1
285,14,607,649,84,64,1,1,1
286,14,607,648,84,65,1,1,1
287,14,607,648,84,67,1,1,1
288,14,607,648,88,65,1,1,1
289,14,608,650,88,64,1,1,1
290,14,607,648,88,64,1,1,1
291,14,607,649,87,64,1,1,1
292,14,607,651,88,64,1,1,1
293,14,606,649,88,61,1,1,1
294,14,607,651,88,63,1,1,1
295,14,607,651,86,63,1,1,1
296,14,607,653,88,63,1,1,1
297,14,606,652,85,64,1,1,1
298,14,605,654,85,62,1,1,1
299,14,605,655,89,62,1,1,1
300,14,603,655,89,62,1,1,1
301,14,604,657,85,60,1,1,1
302,14,601,657,88,60,1,1,1
303,14,601,658,88,58,1,1,1
304,14,600,660,88,58,1,1,1
305,14,602,662,87,55,1,1,1
306,14,600,662,88,55,1,1,1
307,14,601,664,87,53,1,1,1
308,14,601,666,87,53,1,1,1
309,14,601,666,87,53,1,1,1
310,14,602,666,84,53,1,1,1
311,14,601,666,85,53,1,1,1
312,14,603,666,84,53,1,1,1
313,14,602,666,84,53,1,1,1
314,14,603,665,84,55,1,1,1
315,14,603,665,84,55,1,1,1
316,14,604,664,83,56,1,1,1
317,14,605,664,84,56,1,1,1
318,14,605,664,83,58,1,1,1
319,14,607,664,81,58,1,1,1
320,14,607,663,83,60,1,1,1
321,14,607,662,83,60,1,1,1
322,14,608,662,81,62,1,1,1
323,14,608,661,83,62,1,1,1
324,14,608,659,81,64,1,1,1
325,14,610,658,81,65,1,1,1
326,14,612,658,80,65,1,1,1
327,14,612,657,80,67,1,1,1
328,14,612,657,80,67,1,1,1
329,14,613,655,79,69,1,1,1
330,14,614,655,80,69,1,1,1
331,14,615,654,80,71,1,1,1
332,14,615,654,79,71,1,1,1
333,14,616,653,80,71,1,1,1
334,14,618,651,77,72,1,1,1
335,14,620,650,76,74,1,1,1
336,14,622,651,76,72,1,1,1
337,14,622,650,76,74,1,1,1
338,14,623,651,75,72,1,1,1
339,14,623,651,75,72,1,1,1
340,14,625,651,74,72,1,1,1
341,14,628,652,74,74,1,1,1
342,14,626,650,74,74,1,1,1
343,14,625,650,75,74,1,1,1
344,14,626,650,74,74,1,1,1
345,14,626,650,74,74,1,1,1
346,14,626,650,74,74,1,1,1
347,14,627,650,75,74,1,1,1
348,14,627,650,75,74,1,1,1
349,14,627,652,75,74,1,1,1
350,14,627,652,75,74,1,1,1
351,14,626,653,76,72,1,1,1
352,14,626,653,76,72,1,1,1
353,14,626,653,76,72,1,1,1
354,14,629,656,76,71,1,1,1
355,14,626,655,77,71,1,1,1
356,14,626,653,77,72,1,1,1
357,14,625,653,80,72,1,1,1
358,14,628,656,77,69,1,1,1
359,14,626,658,79,69,1,1,1
360,14,626,656,79,69,1,1,1
361,14,627,658,80,69,1,1,1
362,14,626,658,80,69,1,1,1
363,14,626,658,80,69,1,1,1
364,14,626,658,80,69,1,1,1
365,14,626,658,80,69,1,1,1
366,14,626,659,81,67,1,1,1
367,14,626,661,80,67,1,1,1
368,14,625,659,84,67,1,1,1
369,14,625,661,83,67,1,1,1
370,14,625,662,83,65,1,1,1
371,14,625,662,83,65,1,1,1
372,14,626,664,84,64,1,1,1
373,14,626,665,84,62,1,1,1
374,14,626,665,84,62,1,1,1
375,14,626,665,84,62,1,1,1
376,14,624,665,84,62,1,1,1
377,14,626,665,84,62,1,1,1
378,14,626,667,84,62,1,1,1
379,14,626,667,84,62,1,1,1
380,14,626,667,85,62,1,1,1
381,14,626,667,85,62,1,1,1
382,14,627,668,84,60,1,1,1
383,14,627,668,84,60,1,1,1
384,14,627,669,85,58,1,1,1
385,14,626,668,87,60,1,1,1
386,14,626,668,87,60,1,1,1
387,14,626,668,87,60,1,1,1
388,14,627,671,85,58,1,1,1
389,14,626,673,87,56,1,1,1
390,14,626,671,88,58,1,1,1
391,14,628,673,85,56,1,1,1
392,14,627,673,88,56,1,1,1
393,14,626,673,88,56,1,1,1
394,14,625,673,89,56,1,1,1
395,14,626,673,88,56,1,1,1
396,14,624,673,91,56,1,1,1
397,14,624,673,91,56,1,1,1
398,14,625,674,91,56,1,1,1
399,14,626,674,89,56,1,1,1
400,14,627,676,89,55,1,1,1
401,14,625,676,91,55,1,1,1
402,14,627,677,91,53,1,1,1
403,14,629,677,88,53,1,1,1
404,14,627,677,91,53,1,1,1
405,14,627,677,91,53,1,1,1
406,14,628,677,89,53,1,1,1
407,14,629,679,88,51,1,1,1
408,14,634,682,84,49,1,1,1
409,14,631,680,87,51,1,1,1
410,14,631,680,87,51,1,1,1
411,14,631,681,87,49,1,1,1
412,14,633,681,87,48,1,1,1
413,14,633,681,88,48,1,1,1
414,14,636,676,84,51,1,1,1
415,14,648,679,72,49,1,1,1
416,14,654,683,65,44,1,1,1
417,14,655,683,62,44,1,1,1
418,14,655,678,62,51,1,1,1
419,14,656,680,60,49,1,1,1
420,14,655,678,62,51,1,1,1
421,14,656,673,64,56,1,1,1
422,14,655,671,65,58,1,1,1
423,14,654,667,68,62,1,1,1
424,14,649,664,75,65,1,1,1
425,14,652,662,75,67,1,1,1
426,14,653,659,76,71,1,1,1
427,14,655,656,75,72,1,1,1
428,14,657,652,75,78,1,1,1
429,14,662,649,71,81,1,1,1
430,14,665,648,71,83,1,1,1
431,14,668,645,70,85,1,1,1
432,14,671,641,68,85,1,1,1
433,14,672,640,68,85,1,1,1
434,14,675,638,68,85,1,1,1
435,14,676,635,68,87,1,1,1
436,14,679,632,68,87,1,1,1
437,14,680,630,70,87,1,1,1
438,14,682,625,68,88,1,1,1
439,14,685,623,68,87,1,1,1
440,14,686,621,68,87,1,1,1
441,14,688,618,67,85,1,1,1
442,14,690,616,68,87,1,1,1
443,14,691,614,68,87,1,1,1
444,14,691,611,70,88,1,1,1
445,14,694,608,68,88,1,1,1
446,14,694,607,70,90,1,1,1
447,14,695,604,72,92,1,1,1
448,14,700,603,67,87,1,1,1
449,14,704,599,65,85,1,1,1
450,14,706,598,64,87,1,1,1
451,14,707,595,65,85,1,1,1
452,14,707,593,67,88,1,1,1
453,14,710,591,64,87,1,1,1
454,14,712,589,64,87,1,1,1
455,14,713,585,64,87,1,1,1
456,14,714,584,64,88,1,1,1
457,14,716,580,64,90,1,1,1
458,14,717,579,64,88,1,1,1
459,14,718,575,64,90,1,1,1
460,14,720,574,62,88,1,1,1
461,14,719,571,64,90,1,1,1
462,14,720,568,62,88,1,1,1
463,14,723,565,60,88,1,1,1
464,14,724,562,59,87,1,1,1
465,14,726,560,56,87,1,1,1
466,14,728,559,56,87,1,1,1
467,14,729,556,55,88,1,1,1
468,14,730,552,55,90,1,1,1
469,14,732,551,52,90,1,1,1
470,14,736,549,48,92,1,1,1
471,14,736,546,49,94,1,1,1
472,14,738,544,48,94,1,1,1
473,14,740,541,44,97,1,1,1
474,14,743,540,42,99,1,1,1
475,14,748,537,37,99,1,1,1
476,14,748,536,36,101,1,1,1
477,14,753,532,32,101,1,1,1
478,14,754,530,31,101,1,1,1
479,14,758,529,28,103,1,1,1
480,14,761,528,24,101,1,1,1
481,14,762,524,24,103,1,1,1
482,14,764,522,20,103,1,1,1
483,14,767,521,19,104,1,1,1
484,14,767,518,18,104,1,1,1
485,14,769,517,16,106,1,1,1
486,14,769,515,16,106,1,1,1
487,14,769,512,16,106,1,1,1
488,14,769,511,16,106,1,1,1
489,14,769,508,16,106,1,1,1
490,14,769,506,16,106,1,1,1
491,14,769,504,16,106,1,1,1
492,14,770,503,15,106,1,1,1
493,14,769,501,16,106,1,1,1
494,14,769,499,16,106,1,1,1
495,14,769,497,16,106,1,1,1
496,14,769,496,16,106,1,1,1
497,14,769,493,16,108,1,1,1
498,14,769,492,16,106,1,1,1
499,14,769,489,16,106,1,1,1
500,14,769,488,16,106,1,1,1
501,14,769,487,16,106,1,1,1
502,14,770,485,16,106,1,1,1
503,14,769,482,16,108,1,1,1
504,14,769,480,16,108,1,1,1
505,14,769,479,16,108,1,1,1
506,14,769,478,16,108,1,1,1
507,14,769,476,16,106,1,1,1
508,14,769,473,16,108,1,1,1
509,14,769,472,16,106,1,1,1
510,14,769,469,16,106,1,1,1
511,14,769,470,16,104,1,1,1
512,14,769,469,16,103,1,1,1
513,14,769,466,16,106,1,1,1
514,14,769,464,16,106,1,1,1
515,14,769,463,16,108,1,1,1
516,14,767,460,18,106,1,1,1
517,14,769,458,16,106,1,1,1
518,14,769,457,16,104,1,1,1
519,14,768,457,16,104,1,1,1
520,14,769,456,16,108,1,1,1
521,14,768,453,16,106,1,1,1
522,14,768,452,16,103,1,1,1
523,14,768,449,16,103,1,1,1
524,14,768,449,16,103,1,1,1
525,14,768,448,16,103,1,1,1
526,14,768,447,16,97,1,1,1
527,14,768,445,16,104,1,1,1
528,14,768,443,16,101,1,1,1
529,14,768,441,16,101,1,1,1
530,14,768,440,16,99,1,1,1
531,14,767,439,15,103,1,1,1
532,14,767,438,15,101,1,1,1
533,14,767,436,15,97,1,1,1
534,14,767,434,16,97,1,1,1
535,14,767,432,16,99,1,1,1
536,14,767,432,16,99,1,1,1
537,14,767,430,16,99,1,1,1
538,14,767,429,16,101,1,1,1
539,14,767,428,16,99,1,1,1
540,14,767,427,16,101,1,1,1
541,14,766,425,16,101,1,1,1
542,14,766,423,16,103,1,1,1
543,14,766,422,16,104,1,1,1
544,14,765,421,18,103,1,1,1
545,14,765,420,16,104,1,1,1
546,14,765,418,16,104,1,1,1
547,14,765,418,16,104,1,1,1
548,14,765,417,16,103,1,1,1
549,14,765,415,16,104,1,1,1
550,14,765,414,16,101,1,1,1
551,14,765,412,16,103,1,1,1
552,14,763,410,18,103,1,1,1
553,14,763,410,18,103,1,1,1
554,14,763,409,18,101,1,1,1
555,14,764,408,16,101,1,1,1
556,14,764,407,16,103,1,1,1
557,14,764,405,16,103,1,1,1
558,14,764,404,16,101,1,1,1
559,14,764,403,16,103,1,1,1
560,14,764,401,16,103,1,1,1
561,14,764,401,16,103,1,1,1
562,14,764,400,16,103,1,1,1
563,14,764,399,16,103,1,1,1
564,14,762,396,18,106,1,1,1
565,14,764,397,16,103,1,1,1
566,14,764,395,16,104,1,1,1
567,14,762,393,18,104,1,1,1
568,14,762,392,18,103,1,1,1
569,14,762,390,18,104,1,1,1
570,14,762,390,16,103,1,1,1
571,14,762,389,16,103,1,1,1
572,14,762,388,16,104,1,1,1
573,14,762,387,18,103,1,1,1
574,14,762,385,18,103,1,1,1
575,14,762,384,18,104,1,1,1
576,14,762,384,18,101,1,1,1
577,14,762,382,18,103,1,1,1
578,14,762,381,18,103,1,1,1
579,14,762,379,18,104,1,1,1
580,14,760,379,18,104,1,1,1
581,14,760,377,19,104,1,1,1
582,14,760,376,18,103,1,1,1
583,14,760,375,18,103,1,1,1
584,14,760,375,18,103,1,1,1
585,14,760,375,18,101,1,1,1
586,14,760,373,18,103,1,1,1
587,14,760,373,18,103,1,1,1
588,14,760,371,18,103,1,1,1
589,14,760,371,19,103,1,1,1
590,14,760,369,19,103,1,1,1
591,14,760,368,19,103,1,1,1
592,14,760,368,19,103,1,1,1
593,14,760,367,19,103,1,1,1
594,14,760,366,19,101,1,1,1
595,14,760,365,19,103,1,1,1
596,14,758,363,20,101,1,1,1
597,14,758,362,20,103,1,1,1
598,14,758,361,20,101,1,1,1
599,14,758,360,20,101,1,1,1
600,14,758,360,20,101,1,1,1
601,14,759,359,19,101,1,1,1
602,14,759,357,19,103,1,1,1
603,14,759,357,19,103,1,1,1
604,14,758,355,20,103,1,1,1
605,14,758,355,20,103,1,1,1
606,14,758,353,20,103,1,1,1
607,14,758,353,20,103,1,1,1
608,14,757,352,19,101,1,1,1
609,14,757,351,19,101,1,1,1
610,14,757,351,20,101,1,1,1
611,14,757,348,19,103,1,1,1
612,14,757,348,20,103,1,1,1
613,14,757,348,20,99,1,1,1
614,14,757,347,20,101,1,1,1
615,14,757,345,20,101,1,1,1
616,14,757,344,20,101,1,1,1
617,14,757,344,20,101,1,1,1
618,14,757,343,20,101,1,1,1
619,14,756,342,19,101,1,1,1
620,14,756,341,19,103,1,1,1
621,14,756,340,19,101,1,1,1
622,14,755,338,20,101,1,1,1
623,14,755,338,20,101,1,1,1
624,14,755,337,20,103,1,1,1
625,14,755,338,20,101,1,1,1
626,14,755,336,20,101,1,1,1
627,14,755,335,20,101,1,1,1
628,14,755,335,20,101,1,1,1
629,14,755,334,20,101,1,1,1
630,14,755,333,20,101,1,1,1
631,14,755,332,20,99,1,1,1
632,14,754,332,20,99,1,1,1
633,14,755,330,20,99,1,1,1
634,14,754,329,20,101,1,1,1
635,14,754,328,20,101,1,1,1
636,14,754,328,20,101,1,1,1
637,14,754,327,20,101,1,1,1
638,14,754,327,20,101,1,1,1
639,14,753,326,22,101,1,1,1
640,14,753,326,22,101,1,1,1
641,14,754,325,20,101,1,1,1
642,14,753,323,22,99,1,1,1
643,14,754,323,20,99,1,1,1
644,14,754,322,20,97,1,1,1
645,14,754,321,20,99,1,1,1
646,14,753,320,23,99,1,1,1
647,14,753,320,22,99,1,1,1
648,14,752,320,22,99,1,1,1
649,14,752,319,22,99,1,1,1
650,14,752,317,22,101,1,1,1
651,14,752,317,22,101,1,1,1
652,14,752,315,22,101,1,1,1
653,14,752,315,22,101,1,1,1
654,14,752,315,22,101,1,1,1
655,14,752,314,22,99,1,1,1
656,14,751,313,23,99,1,1,1
657,14,751,312,23,99,1,1,1
658,14,752,313,22,97,1,1,1
659,14,750,311,23,99,1,1,1
660,14,749,311,23,99,1,1,1
661,14,749,309,23,99,1,1,1
662,14,748,310,24,92,1,1,1
663,14,748,309,24,94,1,1,1
664,14,748,309,24,88,1,1,1
665,14,746,308,26,87,1,1,1
666,14,745,308,27,87,1,1,1
667,14,744,306,28,88,1,1,1
668,14,744,307,28,88,1,1,1
669,14,744,305,30,92,1,1,1
670,14,742,307,31,92,1,1,1
671,14,743,306,32,90,1,1,1
672,14,742,305,32,92,1,1,1
673,14,740,304,35,90,1,1,1
674,14,740,304,35,90,1,1,1
675,14,740,304,36,88,1,1,1
676,14,740,304,36,88,1,1,1
677,14,738,304,37,88,1,1,1
678,14,738,304,39,88,1,1,1
679,14,738,302,39,88,1,1,1
680,14,737,302,40,88,1,1,1
681,14,738,302,40,88,1,1,1
682,14,736,301,42,87,1,1,1
683,14,736,301,43,80,1,1,1
684,14,735,300,44,81,1,1,1
685,14,735,299,44,80,1,1,1
686,14,735,298,44,81,1,1,1
687,14,734,298,45,78,1,1,1
688,14,734,298,45,78,1,1,1
689,14,734,296,45,81,1,1,1
690,14,734,295,47,85,1,1,1
691,14,734,296,47,83,1,1,1
692,14,732,295,48,85,1,1,1
693,14,733,295,48,83,1,1,1
694,14,733,295,48,85,1,1,1
695,14,733,293,48,85,1,1,1
696,14,732,293,49,85,1,1,1
697,14,731,292,51,87,1,1,1
698,14,731,293,51,85,1,1,1
699,14,730,292,52,87,1,1,1
700,14,730,291,52,85,1,1,1
701,14,731,291,51,81,1,1,1
702,14,730,289,52,85,1,1,1
703,14,730,289,52,85,1,1,1
704,14,730,288,52,85,1,1,1
705,14,730,288,52,83,1,1,1
706,14,729,286,55,85,1,1,1
707,14,728,287,56,83,1,1,1
708,14,728,286,56,85,1,1,1
709,14,728,286,56,85,1,1,1
710,14,726,286,56,85,1,1,1
711,14,726,284,56,81,1,1,1
712,14,726,284,56,81,1,1,1
713,14,726,283,56,83,1,1,1
714,14,726,283,56,83,1,1,1
715,14,727,282,56,81,1,1,1
716,14,726,283,57,83,1,1,1
717,14,726,281,56,83,1,1,1
718,14,725,281,57,83,1,1,1
719,14,723,281,59,83,1,1,1
720,14,723,281,59,83,1,1,1
721,14,722,281,60,83,1,1,1
722,14,722,281,60,81,1,1,1
723,14,721,280,57,78,1,1,1
724,14,719,281,55,72,1,1,1
725,14,719,282,54,71,1,1,1
726,14,719,282,52,71,1,1,1
727,14,717,283,54,69,1,1,1
728,14,718,282,52,67,1,1,1
729,14,715,282,55,67,1,1,1
730,14,714,283,55,65,1,1,1
731,14,715,282,56,71,1,1,1
732,14,715,284,56,71,1,1,1
733,14,714,284,56,71,1,1,1
734,14,713,283,56,69,1,1,1
735,14,712,284,57,67,1,1,1
736,14,711,284,59,67,1,1,1
737,14,710,284,60,67,1,1,1
738,14,710,283,60,65,1,1,1
739,14,710,283,60,58,1,1,1
740,14,709,284,62,56,1,1,1
741,14,709,282,63,56,1,1,1
742,14,709,284,63,56,1,1,1
743,14,708,284,64,60,1,1,1
744,14,707,282,65,53,1,1,1
745,14,707,282,67,56,1,1,1
746,14,706,282,68,53,1,1,1
747,14,706,282,68,53,1,1,1
748,14,706,282,68,53,1,1,1
749,14,704,282,70,49,1,1,1
750,14,704,282,70,49,1,1,1
751,14,703,282,71,49,1,1,1
752,14,702,281,72,49,1,1,1
753,14,702,280,74,49,1,1,1
754,14,700,281,75,48,1,1,1
755,14,700,280,75,46,1,1,1
756,14,700,280,75,46,1,1,1
757,14,700,280,75,46,1,1,1
758,14,699,280,76,48,1,1,1
759,14,698,280,76,44,1,1,1
760,14,698,280,76,44,1,1,1
761,14,698,279,76,42,1,1,1
762,14,697,279,77,42,1,1,1
763,14,697,279,77,42,1,1,1
764,14,697,279,77,42,1,1,1
765,14,696,277,77,42,1,1,1
766,14,695,277,79,42,1,1,1
767,14,695,277,80,42,1,1,1
768,14,694,277,80,42,1,1,1
769,14,693,277,80,42,1,1,1
770,14,693,277,81,42,1,1,1
771,14,693,277,80,42,1,1,1
772,14,691,277,83,42,1,1,1
773,14,691,276,84,44,1,1,1
774,14,691,275,81,42,1,1,1
775,14,690,275,80,42,1,1,1
776,14,691,275,81,42,1,1,1
777,14,691,275,81,42,1,1,1
778,14,690,274,81,42,1,1,1
779,14,690,274,84,44,1,1,1
780,14,689,274,83,42,1,1,1
781,14,689,275,84,42,1,1,1
782,14,689,274,84,42,1,1,1
783,14,688,273,84,42,1,1,1
784,14,688,273,81,42,1,1,1
785,14,687,273,84,42,1,1,1
786,14,687,273,81,42,1,1,1
787,14,685,274,83,40,1,1,1
788,14,686,274,81,40,1,1,1
789,14,685,272,80,40,1,1,1
790,14,685,273,80,39,1,1,1
791,14,683,273,81,39,1,1,1
792,14,684,272,80,40,1,1,1
793,14,683,273,81,39,1,1,1
794,14,682,273,81,39,1,1,1
795,14,682,272,81,40,1,1,1
796,14,682,272,81,39,1,1,1
797,14,681,272,84,40,1,1,1
798,14,681,272,81,39,1,1,1
799,14,680,270,83,42,1,1,1
800,14,680,271,84,40,1,1,1
801,14,680,271,84,40,1,1,1
802,14,679,270,85,42,1,1,1
803,14,678,271,84,40,1,1,1
804,14,678,271,84,40,1,1,1
805,14,678,271,84,40,1,1,1
806,14,677,271,83,39,1,1,1
807,14,677,269,84,40,1,1,1
808,14,675,270,87,42,1,1,1
809,14,676,270,84,42,1,1,1
810,14,674,270,85,42,1,1,1
811,14,675,269,84,40,1,1,1
812,14,674,270,85,42,1,1,1
813,14,674,268,84,42,1,1,1
814,14,674,269,80,40,1,1,1
815,14,674,269,81,40,1,1,1
816,14,674,269,80,40,1,1,1
817,14,673,269,81,39,1,1,1
818,14,673,269,81,40,1,1,1
819,14,671,268,83,42,1,1,1
820,14,671,267,83,40,1,1,1
821,14,672,267,84,40,1,1,1
822,14,671,268,83,39,1,1,1
823,14,671,268,81,39,1,1,1
824,14,671,268,81,39,1,1,1
825,14,670,268,80,39,1,1,1
826,14,670,266,81,39,1,1,1
827,14,668,266,83,39,1,1,1
828,14,669,266,81,39,1,1,1
829,14,668,266,83,39,1,1,1
830,14,668,266,81,39,1,1,1
831,14,668,266,81,39,1,1,1
832,14,667,266,83,39,1,1,1
833,14,667,266,81,39,1,1,1
834,14,667,266,81,39,1,1,1
835,14,666,266,80,39,1,1,1
836,14,666,264,81,39,1,1,1
837,14,666,264,81,39,1,1,1
838,14,666,264,81,39,1,1,1
839,14,664,264,81,39,1,1,1
840,14,664,264,81,39,1,1,1
841,14,664,264,83,39,1,1,1
842,14,663,264,84,39,1,1,1
843,14,664,265,83,37,1,1,1
844,14,662,265,84,37,1,1,1
845,14,662,263,84,39,1,1,1
846,14,663,263,83,39,1,1,1
847,14,662,263,84,39,1,1,1
848,14,662,264,84,37,1,1,1
849,14,661,264,84,37,1,1,1
850,14,660,264,83,37,1,1,1
851,14,661,264,84,37,1,1,1
852,14,660,264,84,37,1,1,1
853,14,660,264,84,37,1,1,1
854,14,659,264,85,37,1,1,1
855,14,658,263,84,37,1,1,1
856,14,658,263,84,37,1,1,1
857,14,658,263,84,37,1,1,1
858,14,658,262,84,37,1,1,1
859,14,658,262,84,37,1,1,1
860,14,657,263,83,35,1,1,1
861,14,656,263,83,35,1,1,1
862,14,656,263,83,35,1,1,1
863,14,657,262,84,37,1,1,1
864,14,656,262,85,37,1,1,1
865,14,655,261,87,39,1,1,1
866,14,656,261,85,39,1,1,1
867,14,656,262,85,37,1,1,1
868,14,655,261,87,39,1,1,1
869,14,656,262,84,37,1,1,1
870,14,654,262,87,37,1,1,1
871,14,654,261,87,39,1,1,1
872,14,655,261,88,39,1,1,1
873,14,654,261,89,39,1,1,1
874,14,654,261,80,35,1,1,1
875,14,653,260,81,37,1,1,1
876,14,653,261,81,35,1,1,1
877,14,651,260,83,37,1,1,1
878,14,651,260,83,37,1,1,1
879,14,650,261,84,35,1,1,1
880,14,651,261,83,35,1,1,1
881,14,651,261,83,35,1,1,1
882,14,651,261,83,35,1,1,1
883,14,650,260,84,37,1,1,1
884,14,650,260,84,37,1,1,1
885,14,650,260,84,37,1,1,1
886,14,648,259,84,35,1,1,1
887,14,649,260,85,37,1,1,1
888,14,649,260,85,37,1,1,1
889,14,647,260,87,37,1,1,1
890,14,648,258,88,37,1,1,1
891,14,647,258,88,37,1,1,1
892,14,646,258,87,37,1,1,1
893,14,646,258,87,37,1,1,1
894,14,646,258,85,37,1,1,1
895,14,647,258,88,37,1,1,1
896,14,645,258,88,37,1,1,1
897,14,646,259,87,35,1,1,1
898,14,646,258,87,37,1,1,1
899,14,644,258,88,37,1,1,1
900,14,644,258,88,37,1,1,1
901,14,644,258,88,37,1,1,1
902,14,644,258,88,37,1,1,1
903,14,644,258,88,37,1,1,1
904,14,644,256,88,37,1,1,1
905,14,644,258,88,37,1,1,1
906,14,644,258,88,37,1,1,1
907,14,642,256,88,37,1,1,1
908,14,642,256,89,37,1,1,1
909,14,642,256,88,37,1,1,1
910,14,642,257,87,35,1,1,1
911,14,641,257,85,35,1,1,1
912,14,641,256,84,35,1,1,1
913,14,641,256,84,35,1,1,1
914,14,641,256,84,35,1,1,1
915,14,640,256,84,35,1,1,1
916,14,640,256,84,33,1,1,1
917,14,640,256,84,35,1,1,1
918,14,640,255,85,35,1,1,1
919,14,640,255,85,35,1,1,1
920,14,640,256,84,35,1,1,1
921,14,639,256,85,35,1,1,1
922,14,637,256,87,35,1,1,1
923,14,638,256,85,35,1,1,1
924,14,638,256,85,35,1,1,1
925,14,638,256,84,33,1,1,1
926,14,637,254,85,35,1,1,1
927,14,636,254,84,35,1,1,1
928,14,636,254,84,35,1,1,1
929,14,636,254,84,35,1,1,1
930,14,637,255,85,35,1,1,1
931,14,637,254,84,35,1,1,1
932,14,636,254,84,35,1,1,1
933,14,636,255,85,35,1,1,1
934,14,635,254,87,39,1,1,1
935,14,636,255,84,33,1,1,1
936,14,634,254,85,35,1,1,1
937,14,634,255,84,33,1,1,1
938,14,634,254,85,35,1,1,1
939,14,632,254,88,35,1,1,1
940,14,633,253,87,37,1,1,1
941,14,633,254,87,35,1,1,1
942,14,633,255,85,33,1,1,1
943,14,632,254,84,32,1,1,1
944,14,632,254,84,32,1,1,1
945,14,632,254,84,32,1,1,1
946,14,633,254,85,32,1,1,1
947,14,631,254,87,32,1,1,1
948,14,632,254,85,32,1,1,1
949,14,631,253,85,33,1,1,1
950,14,630,253,87,33,1,1,1
951,14,630,253,87,33,1,1,1
952,14,630,253,87,33,1,1,1
953,14,631,253,89,33,1,1,1
954,14,630,254,85,32,1,1,1
955,14,629,254,87,32,1,1,1
956,14,630,254,85,30,1,1,1
957,14,630,253,85,33,1,1,1
958,14,630,252,85,32,1,1,1
959,14,630,252,85,32,1,1,1
960,14,629,252,87,32,1,1,1
961,14,629,253,85,30,1,1,1
962,14,629,253,85,30,1,1,1
963,14,627,253,87,30,1,1,1
964,14,627,253,87,30,1,1,1
965,14,628,253,85,30,1,1,1
966,14,628,253,85,30,1,1,1
967,14,626,253,87,30,1,1,1
968,14,627,252,88,32,1,1,1
969,14,627,252,88,32,1,1,1
970,14,627,252,84,28,1,1,1
971,14,626,252,85,28,1,1,1
972,14,626,251,87,30,1,1,1
973,14,626,251,88,30,1,1,1
974,14,626,251,88,30,1,1,1
975,14,625,251,88,30,1,1,1
976,14,624,251,88,30,1,1,1
977,14,626,251,87,30,1,1,1
978,14,624,251,88,30,1,1,1
979,14,625,252,85,28,1,1,1
980,14,625,252,85,28,1,1,1
981,14,625,252,85,28,1,1,1
982,14,623,252,84,28,1,1,1
983,14,623,252,84,28,1,1,1
984,14,622,252,85,28,1,1,1
985,14,622,252,85,28,1,1,1
986,14,623,252,84,28,1,1,1
987,14,623,250,84,28,1,1,1
988,14,623,250,84,28,1,1,1
989,14,621,250,85,28,1,1,1
990,14,621,250,85,28,1,1,1
991,14,621,250,85,28,1,1,1
992,14,622,250,84,28,1,1,1
993,14,622,250,84,28,1,1,1
994,14,622,250,84,28,1,1,1
995,14,621,250,85,28,1,1,1
996,14,621,250,85,28,1,1,1
997,14,621,250,85,28,1,1,1
998,14,620,250,84,28,1,1,1
999,14,621,249,84,28,1,1,1
1000,14,620,249,84,28,1,1,1
1001,14,620,249,84,28,1,1,1
1002,14,620,249,84,28,1,1,1
1003,14,620,249,84,28,1,1,1
1004,14,620,249,85,28,1,1,1
1005,14,620,249,84,28,1,1,1
1006,14,619,249,85,28,1,1,1
1007,14,619,249,85,28,1,1,1
1008,14,618,250,88,28,1,1,1
1009,14,618,249,84,26,1,1,1
1010,14,618,249,84,28,1,1,1
1011,14,618,249,84,26,1,1,1
1012,14,618,249,84,26,1,1,1
1013,14,618,249,84,28,1,1,1
1014,14,618,249,84,28,1,1,1
1015,14,618,249,84,28,1,1,1
1016,14,618,249,84,26,1,1,1
1017,14,617,248,85,28,1,1,1
1018,14,616,248,84,28,1,1,1
1019,14,617,248,84,28,1,1,1
1020,14,617,248,84,28,1,1,1
1021,14,616,248,84,28,1,1,1
1022,14,616,248,84,28,1,1,1
1023,14,616,248,84,28,1,1,1
1024,14,615,248,84,28,1,1,1
1025,14,615,248,84,28,1,1,1
1026,14,615,248,84,28,1,1,1
1027,14,615,248,84,28,1,1,1
1028,14,615,248,84,28,1,1,1
1029,14,615,248,84,28,1,1,1
1030,14,615,249,84,26,1,1,1
1031,14,614,248,85,28,1,1,1
1032,14,614,248,85,28,1,1,1
1033,14,614,248,85,28,1,1,1
1034,14,614,247,85,28,1,1,1
1035,14,614,247,84,28,1,1,1
1036,14,614,247,85,28,1,1,1
1037,14,614,247,84,28,1,1,1
1038,14,614,247,84,28,1,1,1
1039,14,613,247,87,28,1,1,1
1040,14,613,247,85,28,1,1,1
1041,14,613,247,87,28,1,1,1
1042,14,612,247,88,28,1,1,1
1043,14,612,247,89,28,1,1,1
1044,14,612,247,88,28,1,1,1
1045,14,612,247,88,28,1,1,1
1046,14,612,247,88,28,1,1,1
1047,14,612,247,88,28,1,1,1
1048,14,612,247,88,28,1,1,1
1049,14,612,247,88,28,1,1,1
1050,14,612,247,88,28,1,1,1
1051,14,611,247,87,28,1,1,1
1052,14,612,247,85,28,1,1,1
1053,14,612,247,85,28,1,1,1
1054,14,610,247,87,28,1,1,1
1055,14,610,247,87,28,1,1,1
1056,14,610,247,87,28,1,1,1
1057,14,611,247,88,28,1,1,1
1058,14,610,247,87,28,1,1,1
1059,14,610,247,87,28,1,1,1
1060,14,610,247,88,28,1,1,1
1061,14,609,246,87,28,1,1,1
1062,14,609,247,87,28,1,1,1
1063,14,610,246,88,30,1,1,1
1064,14,608,246,88,28,1,1,1
1065,14,609,246,88,28,1,1,1
1066,14,608,246,88,28,1,1,1
1067,14,608,246,88,28,1,1,1
1068,14,607,246,87,28,1,1,1
1069,14,607,246,87,28,1,1,1
1070,14,608,246,88,28,1,1,1
1071,14,608,246,89,28,1,1,1
1072,14,608,246,89,28,1,1,1
1073,14,608,246,89,28,1,1,1
1074,14,608,245,85,28,1,1,1
1075,14,608,245,85,28,1,1,1
1076,14,608,245,85,28,1,1,1
1077,14,608,245,85,28,1,1,1
1078,14,606,245,85,28,1,1,1
1079,14,606,246,85,26,1,1,1
1080,14,606,246,85,26,1,1,1
1081,14,607,246,84,26,1,1,1
1082,14,607,246,84,26,1,1,1
1083,14,606,246,85,26,1,1,1
1084,14,606,246,84,26,1,1,1
1085,14,606,245,85,28,1,1,1
1086,14,606,245,85,28,1,1,1
1087,14,606,245,85,28,1,1,1
1088,14,606,245,84,28,1,1,1
1089,14,605,244,85,26,1,1,1
1090,14,605,245,85,28,1,1,1
1091,14,606,245,87,28,1,1,1
1092,14,606,245,87,28,1,1,1
1093,14,605,244,87,26,1,1,1
1094,14,605,244,87,26,1,1,1
1095,14,604,244,91,26,1,1,1
1096,14,604,243,89,28,1,1,1
1097,14,604,244,88,26,1,1,1
1098,14,603,243,87,28,1,1,1
1099,14,603,243,87,28,1,1,1
1100,14,602,244,87,26,1,1,1
1101,14,604,243,89,28,1,1,1
1102,14,603,243,91,28,1,1,1
1103,14,602,244,85,26,1,1,1
1104,14,603,244,84,26,1,1,1
1105,14,602,243,87,28,1,1,1
1106,14,603,244,84,26,1,1,1
1107,14,602,244,85,26,1,1,1
1108,14,602,244,85,26,1,1,1
1109,14,602,244,87,26,1,1,1
1110,14,603,243,88,28,1,1,1
1111,14,603,243,88,28,1,1,1
1112,14,602,243,88,28,1,1,1
1113,14,601,243,91,28,1,1,1
1114,14,602,244,85,26,1,1,1
1115,14,602,243,87,28,1,1,1
1116,14,601,244,85,26,1,1,1
1117,14,601,245,88,28,1,1,1
1118,14,602,245,84,28,1,1,1
1119,14,600,245,88,30,1,1,1
1120,14,601,244,87,30,1,1,1
1121,14,601,245,81,28,1,1,1
1122,14,601,245,81,28,1,1,1
1123,14,600,245,84,28,1,1,1
1124,14,599,245,83,28,1,1,1
1125,14,600,244,84,30,1,1,1
1126,14,600,245,84,30,1,1,1
1127,14,600,245,81,28,1,1,1
1128,14,598,246,84,28,1,1,1
1129,14,599,245,81,28,1,1,1
1130,14,599,245,81,28,1,1,1
1131,14,599,245,81,28,1,1,1
1132,14,599,245,81,28,1,1,1
1133,14,599,245,81,28,1,1,1
1134,14,598,245,81,28,1,1,1
1135,14,597,245,83,28,1,1,1
1136,14,598,246,80,26,1,1,1
1137,14,598,246,80,26,1,1,1
1138,14,598,246,80,26,1,1,1
1139,14,596,245,81,24,1,1,1
1140,14,597,245,80,24,1,1,1
1141,14,597,245,80,24,1,1,1
1142,14,597,245,80,24,1,1,1
1143,14,596,246,80,23,1,1,1
1144,14,596,247,80,21,1,1,1
1145,14,596,246,80,21,1,1,1
1146,14,596,246,80,23,1,1,1
1147,14,596,247,80,21,1,1,1
1148,14,596,245,80,21,1,1,1
1149,14,596,246,81,23,1,1,1
1150,14,596,246,80,21,1,1,1
1151,14,594,246,84,23,1,1,1
1152,14,594,245,80,21,1,1,1
1153,14,594,246,81,19,1,1,1
1154,14,595,246,81,19,1,1,1
1155,14,595,246,81,19,1,1,1
1156,14,594,246,81,19,1,1,1
1157,14,593,246,83,19,1,1,1
1158,14,593,245,85,21,1,1,1
1159,14,593,246,84,19,1,1,1
1160,14,593,246,84,19,1,1,1
1161,14,593,246,84,19,1,1,1
1162,14,593,246,84,19,1,1,1
1163,14,593,246,84,19,1,1,1
1164,14,593,246,84,19,1,1,1
1165,14,592,246,84,19,1,1,1
1166,14,592,246,84,19,1,1,1
1167,14,592,245,84,17,1,1,1
1168,14,592,245,85,17,1,1,1
1169,14,592,245,85,17,1,1,1
1170,14,591,245,88,17,1,1,1
1171,14,590,245,85,17,1,1,1
1172,14,590,245,87,17,1,1,1
1173,14,590,245,87,17,1,1,1
1174,14,589,245,88,17,1,1,1
1175,14,589,245,87,17,1,1,1
1176,14,589,245,88,17,1,1,1
1177,14,589,245,88,17,1,1,1
1178,14,589,245,88,17,1,1,1
1179,14,588,245,88,17,1,1,1
1180,14,589,245,85,17,1,1,1
1181,14,587,244,87,16,1,1,1
1182,14,587,244,87,16,1,1,1
1183,14,589,244,85,16,1,1,1
1184,14,589,244,84,16,1,1,1
1185,14,588,244,85,16,1,1,1
1186,14,588,244,85,16,1,1,1
1187,14,588,244,85,16,1,1,1
1188,14,588,244,85,16,1,1,1
1189,14,588,244,85,16,1,1,1
1190,14,588,244,84,16,1,1,1
1191,14,588,244,84,16,1,1,1
1192,14,587,244,85,16,1,1,1
1193,14,587,244,85,16,1,1,1
1194,14,587,244,85,16,1,1,1
1195,14,587,244,85,16,1,1,1
1196,14,587,244,85,16,1,1,1
1197,14,587,244,85,16,1,1,1
1198,14,585,244,87,16,1,1,1
1199,14,585,244,87,16,1,1,1
1200,14,586,245,88,14,1,1,1
1201,14,585,245,87,14,1,1,1
1202,14,586,245,85,14,1,1,1
1203,14,585,245,85,14,1,1,1
1204,14,585,244,85,16,1,1,1
1205,14,585,244,85,16,1,1,1
1206,14,585,244,85,16,1,1,1
1207,14,585,244,85,16,1,1,1
1208,14,583,244,87,16,1,1,1
1209,14,583,245,87,14,1,1,1
1210,14,583,244,87,16,1,1,1
1211,14,583,244,87,16,1,1,1
1212,14,583,244,87,16,1,1,1
1213,14,583,245,87,14,1,1,1
1214,14,583,245,87,14,1,1,1
1215,14,583,244,87,16,1,1,1
1216,14,583,245,88,14,1,1,1
1217,14,582,244,88,16,1,1,1
1218,14,582,245,88,14,1,1,1
1219,14,582,245,88,14,1,1,1
1220,14,582,245,89,14,1,1,1
1221,14,582,244,89,16,1,1,1
1222,14,582,244,89,16,1,1,1
1223,14,582,244,89,16,1,1,1
1224,14,582,243,89,14,1,1,1
1225,14,582,243,89,14,1,1,1
1226,14,582,243,89,14,1,1,1
1227,14,580,244,91,16,1,1,1
1228,14,580,243,91,14,1,1,1
1229,14,581,243,89,14,1,1,1
1230,14,580,243,88,14,1,1,1
1231,14,580,243,88,14,1,1,1
1232,14,581,243,88,14,1,1,1
1233,14,581,243,87,14,1,1,1
1234,14,580,243,88,14,1,1,1
1235,14,581,243,87,14,1,1,1
1236,14,581,242,87,16,1,1,1
1237,14,580,243,88,14,1,1,1
1238,14,580,243,88,14,1,1,1
1239,14,580,243,88,14,1,1,1
1240,14,580,243,88,14,1,1,1
1241,14,580,243,88,14,1,1,1
1242,14,580,243,88,14,1,1,1
1243,14,580,243,88,14,1,1,1
1244,14,578,242,88,16,1,1,1
1245,14,579,242,89,17,1,1,1
1246,14,579,242,89,16,1,1,1
1247,14,578,242,88,16,1,1,1
1248,14,577,242,91,16,1,1,1
1249,14,578,242,89,16,1,1,1
1250,14,578,242,88,16,1,1,1
1251,14,578,242,89,16,1,1,1
1252,14,578,242,88,16,1,1,1
1253,14,578,242,88,16,1,1,1
1254,14,578,242,89,16,1,1,1
1255,14,578,242,88,16,1,1,1
1256,14,576,242,91,16,1,1,1
1257,14,577,242,89,16,1,1,1
1258,14,576,242,91,16,1,1,1
1259,14,577,242,89,16,1,1,1
1260,14,576,242,88,16,1,1,1
1261,14,576,242,88,16,1,1,1
1262,14,577,242,88,16,1,1,1
1263,14,576,242,88,16,1,1,1
1264,14,576,242,88,16,1,1,1
1265,14,577,242,88,16,1,1,1
1266,14,576,242,88,16,1,1,1
1267,14,577,242,88,16,1,1,1
1268,14,576,243,88,14,1,1,1
1269,14,576,242,84,16,1,1,1
1270,14,577,242,85,16,1,1,1
1271,14,576,242,85,16,1,1,1
1272,14,576,241,85,17,1,1,1
1273,14,575,241,87,17,1,1,1
1274,14,575,242,87,16,1,1,1
1275,14,575,242,87,16,1,1,1
1276,14,574,243,87,14,1,1,1
1277,14,574,241,87,17,1,1,1
1278,14,575,241,88,17,1,1,1
1279,14,575,241,88,17,1,1,1
1280,14,573,242,88,16,1,1,1
1281,14,573,241,88,17,1,1,1
1282,14,573,241,88,17,1,1,1
1283,14,574,241,88,17,1,1,1
1284,14,574,241,88,17,1,1,1
1285,14,574,241,88,17,1,1,1
1286,14,574,242,89,16,1,1,1
1287,14,572,242,91,16,1,1,1
1288,14,572,242,88,16,1,1,1
1289,14,573,242,88,16,1,1,1
1290,14,573,242,88,16,1,1,1
1291,14,573,242,88,16,1,1,1
1292,14,572,242,88,16,1,1,1
1293,14,573,242,88,16,1,1,1
1294,14,572,242,88,16,1,1,1
1295,14,572,242,89,16,1,1,1
1296,14,572,242,89,16,1,1,1
1297,14,572,242,89,16,1,1,1
1298,14,572,242,89,16,1,1,1
1299,14,572,242,88,16,1,1,1
1300,14,572,242,88,16,1,1,1
1301,14,572,242,89,16,1,1,1
1302,14,572,242,89,16,1,1,1
1303,14,572,242,89,16,1,1,1
1304,14,573,242,88,16,1,1,1
1305,14,572,240,89,16,1,1,1
1306,14,572,240,88,17,1,1,1
1307,14,572,240,88,16,1,1,1
1308,14,572,240,89,16,1,1,1
1309,14,572,240,89,16,1,1,1
1310,14,572,240,89,16,1,1,1
1311,14,572,240,91,17,1,1,1
1312,14,572,240,89,17,1,1,1
1313,14,572,240,89,16,1,1,1
1314,14,571,240,89,16,1,1,1
1315,14,571,240,91,16,1,1,1
1316,14,570,240,92,16,1,1,1
1317,14,571,240,89,16,1,1,1
1318,14,571,240,91,16,1,1,1
1319,14,571,240,92,16,1,1,1
1320,14,570,240,92,16,1,1,1
1321,14,570,240,88,16,1,1,1
1322,14,569,240,91,16,1,1,1
1323,14,569,240,91,16,1,1,1
1324,14,569,240,91,16,1,1,1
1325,14,570,240,92,16,1,1,1
1326,14,569,240,94,16,1,1,1
1327,14,569,240,94,16,1,1,1
1328,14,570,240,92,16,1,1,1
1329,14,570,240,92,17,1,1,1
1330,14,569,240,88,17,1,1,1
1331,14,569,240,88,17,1,1,1
1332,14,569,240,88,17,1,1,1
1333,14,569,240,88,17,1,1,1
1334,14,569,240,88,16,1,1,1
1335,14,569,240,88,17,1,1,1
1336,14,569,240,88,16,1,1,1
1337,14,569,240,87,16,1,1,1
1338,14,568,240,88,16,1,1,1
1339,14,568,240,88,16,1,1,1
1340,14,570,240,85,16,1,1,1
1341,14,569,240,87,16,1,1,1
1342,14,568,240,88,16,1,1,1
1343,14,568,240,88,16,1,1,1
1344,14,568,240,88,16,1,1,1
1345,14,568,240,88,16,1,1,1
1346,14,568,240,88,16,1,1,1
1347,14,569,240,87,16,1,1,1
1348,14,569,240,87,17,1,1,1
1349,14,568,240,88,17,1,1,1
1350,14,568,240,88,17,1,1,1
1351,14,568,240,88,16,1,1,1
1352,14,568,240,88,17,1,1,1
1353,14,568,240,88,17,1,1,1
1354,14,567,240,89,17,1,1,1
1355,14,567,239,88,17,1,1,1
1356,14,568,239,88,17,1,1,1
1357,14,566,239,88,17,1,1,1
1358,14,568,239,88,17,1,1,1
1359,14,566,239,88,17,1,1,1
1360,14,567,238,89,17,1,1,1
1361,14,567,240,89,16,1,1,1
1362,14,566,238,88,17,1,1,1
1363,14,566,238,88,17,1,1,1
1364,14,566,239,88,17,1,1,1
1365,14,565,240,91,16,1,1,1
1366,14,565,238,91,17,1,1,1
1367,14,566,238,92,17,1,1,1
1368,14,565,240,91,16,1,1,1
1369,14,566,240,89,16,1,1,1
1370,14,565,238,91,17,1,1,1
1371,14,565,238,92,17,1,1,1
1372,14,565,238,92,17,1,1,1
1373,14,564,238,92,17,1,1,1
1374,14,564,238,94,17,1,1,1
1375,14,564,238,92,17,1,1,1
1376,14,564,238,94,17,1,1,1
1377,14,564,238,92,17,1,1,1
1378,14,564,238,89,17,1,1,1
1379,14,566,238,88,17,1,1,1
1380,14,566,238,88,17,1,1,1
1381,14,566,238,88,17,1,1,1
1382,14,566,238,88,17,1,1,1
1383,14,566,239,88,16,1,1,1
1384,14,566,239,88,16,1,1,1
1385,14,564,238,91,17,1,1,1
1386,14,564,238,91,17,1,1,1
1387,14,564,239,91,16,1,1,1
1388,14,563,239,91,16,1,1,1
1389,14,563,236,91,17,1,1,1
1390,14,563,236,91,17,1,1,1
1391,14,563,238,91,17,1,1,1
1392,14,564,238,89,17,1,1,1
1393,14,563,238,91,17,1,1,1
1394,14,565,238,88,17,1,1,1
1395,14,564,238,89,17,1,1,1
1396,14,566,238,88,17,1,1,1
1397,14,564,238,89,17,1,1,1
1398,14,565,238,88,17,1,1,1
1399,14,563,238,91,17,1,1,1
1400,14,563,238,91,17,1,1,1
1401,14,563,238,91,17,1,1,1
1402,14,563,238,92,17,1,1,1
1403,14,564,236,89,17,1,1,1
1404,14,564,238,89,17,1,1,1
1405,14,563,236,91,17,1,1,1
1406,14,562,236,92,17,1,1,1
1407,14,563,238,91,17,1,1,1
1408,14,563,238,91,17,1,1,1
1409,14,563,238,91,17,1,1,1
1410,14,563,238,91,17,1,1,1
1411,14,563,238,92,17,1,1,1
1412,14,563,236,91,17,1,1,1
1413,14,563,236,91,17,1,1,1
1414,14,564,236,89,17,1,1,1
1415,14,563,237,91,16,1,1,1
1416,14,562,238,92,17,1,1,1
1417,14,563,238,92,17,1,1,1
1418,14,563,238,92,17,1,1,1
1419,14,563,238,92,17,1,1,1
1420,14,562,238,92,17,1,1,1
1421,14,562,236,92,17,1,1,1
1422,14,562,236,92,17,1,1,1
1423,14,562,238,92,17,1,1,1
1424,14,562,236,92,17,1,1,1
1425,14,562,238,89,17,1,1,1
1426,14,562,236,89,17,1,1,1
1427,14,560,238,88,17,1,1,1
1428,14,562,236,87,17,1,1,1
1429,14,562,236,85,17,1,1,1
1430,14,562,236,84,17,1,1,1
1431,14,562,237,84,19,1,1,1
1432,14,563,237,83,19,1,1,1
1433,14,562,237,84,19,1,1,1
1434,14,563,237,81,19,1,1,1
1435,14,561,237,83,19,1,1,1
1436,14,561,236,83,21,1,1,1
1437,14,562,236,81,21,1,1,1
1438,14,562,236,81,21,1,1,1
1439,14,562,234,81,21,1,1,1
1440,14,562,234,81,21,1,1,1
1441,14,562,235,81,23,1,1,1
1442,14,562,235,80,23,1,1,1
1443,14,562,235,80,23,1,1,1
1444,14,562,235,81,23,1,1,1
1445,14,562,233,81,24,1,1,1
1446,14,562,234,80,24,1,1,1
1447,14,562,234,80,24,1,1,1
1448,14,562,234,80,24,1,1,1
1449,14,562,234,80,24,1,1,1
1450,14,562,234,80,24,1,1,1
1451,14,562,232,80,26,1,1,1
1452,14,562,234,81,24,1,1,1
1453,14,562,234,81,24,1,1,1
1454,14,562,233,81,26,1,1,1
1455,14,562,232,80,26,1,1,1
1456,14,562,233,80,26,1,1,1
1457,14,562,233,80,26,1,1,1
1458,14,561,233,81,26,1,1,1
1459,14,562,231,80,28,1,1,1
1460,14,561,232,81,28,1,1,1
1461,14,561,231,80,28,1,1,1
1462,14,560,231,83,28,1,1,1
1463,14,561,231,80,28,1,1,1
1464,14,561,231,80,28,1,1,1
1465,14,560,232,81,28,1,1,1
1466,14,561,231,80,28,1,1,1
1467,14,560,231,81,28,1,1,1
1468,14,560,231,80,28,1,1,1
1469,14,560,231,80,28,1,1,1
1470,14,560,232,81,28,1,1,1
1471,14,560,232,80,28,1,1,1
1472,14,560,232,81,28,1,1,1
1473,14,560,230,80,30,1,1,1
1474,14,560,230,83,30,1,1,1
1475,14,560,230,81,30,1,1,1
1476,14,560,230,84,30,1,1,1
1477,14,559,230,83,30,1,1,1
1478,14,559,230,84,30,1,1,1
1479,14,559,230,83,30,1,1,1
1480,14,559,230,81,30,1,1,1
1481,14,559,230,81,30,1,1,1
1482,14,558,230,80,30,1,1,1
1483,14,559,230,81,30,1,1,1
1484,14,559,230,81,30,1,1,1
1485,14,558,230,84,30,1,1,1
1486,14,558,230,84,30,1,1,1
1487,14,556,230,84,30,1,1,1
1488,14,556,230,88,30,1,1,1
1489,14,558,230,84,30,1,1,1
1490,14,557,230,84,30,1,1,1
1491,14,556,230,81,30,1,1,1
1492,14,557,230,85,30,1,1,1
1493,14,556,230,83,30,1,1,1
1494,14,556,230,81,30,1,1,1
1495,14,557,229,85,32,1,1,1
1496,14,557,231,85,30,1,1,1
1497,14,556,229,81,32,1,1,1
1498,14,555,229,84,32,1,1,1
1499,14,556,229,88,32,1,1,1
1500,14,556,229,85,32,1,1,1
1501,14,554,230,85,30,1,1,1
1502,14,555,229,84,32,1,1,1
1503,14,554,229,84,32,1,1,1
1504,14,555,229,84,32,1,1,1
1505,14,555,229,84,32,1,1,1
1506,14,555,229,88,32,1,1,1
1507,14,555,229,84,32,1,1,1
1508,14,555,229,89,32,1,1,1
1509,14,554,229,88,32,1,1,1
1510,14,554,228,85,33,1,1,1
1511,14,554,228,84,33,1,1,1
1512,14,554,228,87,33,1,1,1
1513,14,554,228,87,33,1,1,1
1514,14,555,228,84,33,1,1,1
1515,14,554,228,84,33,1,1,1
1516,14,554,228,84,33,1,1,1
1517,14,554,228,85,33,1,1,1
1518,14,554,228,85,33,1,1,1
1519,14,554,228,87,33,1,1,1
1520,14,554,228,87,33,1,1,1
1521,14,554,228,85,33,1,1,1
1522,14,553,228,83,33,1,1,1
1523,14,554,228,84,33,1,1,1
1524,14,553,228,83,33,1,1,1
1525,14,552,228,84,33,1,1,1
1526,14,554,228,84,33,1,1,1
1527,14,552,228,84,33,1,1,1
1528,14,552,228,84,33,1,1,1
1529,14,553,228,84,33,1,1,1
1530,14,553,228,84,33,1,1,1
1531,14,552,228,83,33,1,1,1
1532,14,552,228,81,33,1,1,1
1533,14,552,228,81,33,1,1,1
1534,14,552,228,81,33,1,1,1
1535,14,553,228,85,33,1,1,1
1536,14,552,227,83,35,1,1,1
1537,14,553,225,88,35,1,1,1
1538,14,552,225,89,35,1,1,1
1539,14,552,227,85,35,1,1,1
1540,14,552,228,85,33,1,1,1
1541,14,552,227,88,35,1,1,1
1542,14,551,227,83,35,1,1,1
1543,14,552,227,84,35,1,1,1
1544,14,552,227,84,35,1,1,1
1545,14,552,227,81,35,1,1,1
1546,14,551,227,84,35,1,1,1
1547,14,551,227,83,35,1,1,1
1548,14,552,228,81,33,1,1,1
1549,14,551,228,83,33,1,1,1
1550,14,551,228,83,33,1,1,1
1551,14,552,228,81,33,1,1,1
1552,14,552,227,80,35,1,1,1
1553,14,551,227,83,35,1,1,1
1554,14,551,227,81,35,1,1,1
1555,14,552,227,80,35,1,1,1
1556,14,551,227,84,35,1,1,1
1557,14,551,228,84,33,1,1,1
1558,14,551,227,84,35,1,1,1
1559,14,551,228,81,33,1,1,1
1560,14,551,228,81,33,1,1,1
1561,14,551,228,83,33,1,1,1
1562,14,551,228,81,33,1,1,1
1563,14,551,228,81,33,1,1,1
1564,14,551,228,81,33,1,1,1
1565,14,550,228,80,33,1,1,1
1566,14,550,227,80,35,1,1,1
1567,14,550,227,81,35,1,1,1
1568,14,551,228,84,33,1,1,1
1569,14,551,228,81,33,1,1,1
1570,14,550,228,81,33,1,1,1
1571,14,550,230,84,33,1,1,1
1572,14,550,230,81,33,1,1,1
1573,14,550,230,80,33,1,1,1
1574,14,551,231,81,32,1,1,1
1575,14,550,230,80,33,1,1,1
1576,14,550,230,81,33,1,1,1
1577,14,550,231,81,33,1,1,1
1578,14,550,231,80,33,1,1,1
1579,14,550,231,81,33,1,1,1
1580,14,550,231,80,35,1,1,1
1581,14,550,231,80,35,1,1,1
1582,14,550,231,80,35,1,1,1
1583,14,550,231,80,35,1,1,1
1584,14,550,231,80,33,1,1,1
1585,14,550,229,80,35,1,1,1
1586,14,549,231,79,35,1,1,1
1587,14,550,231,80,35,1,1,1
1588,14,550,231,80,35,1,1,1
1589,14,549,231,80,35,1,1,1
1590,14,548,231,80,35,1,1,1
1591,14,550,230,80,37,1,1,1
1592,14,550,230,80,37,1,1,1
1593,14,549,230,80,37,1,1,1
1594,14,549,231,79,35,1,1,1
1595,14,549,230,79,37,1,1,1
1596,14,550,230,77,37,1,1,1
1597,14,550,230,77,37,1,1,1
1598,14,549,230,79,37,1,1,1
1599,14,550,230,77,37,1,1,1
1600,14,549,230,77,37,1,1,1
1601,14,548,230,80,37,1,1,1
1602,14,549,230,79,37,1,1,1
1603,14,549,230,79,37,1,1,1
1604,14,549,230,79,37,1,1,1
1605,14,549,230,77,37,1,1,1
1606,14,549,230,79,37,1,1,1
1607,14,548,230,76,37,1,1,1
1608,14,549,230,77,37,1,1,1
1609,14,549,230,77,37,1,1,1
1610,14,549,230,77,37,1,1,1
1611,14,547,230,79,37,1,1,1
1612,14,547,230,79,37,1,1,1
1613,14,547,230,81,37,1,1,1
1614,14,546,229,80,39,1,1,1
1615,14,546,229,80,39,1,1,1
1616,14,546,229,80,39,1,1,1
1617,14,547,229,76,39,1,1,1
1618,14,547,229,80,39,1,1,1
1619,14,546,229,80,39,1,1,1
1620,14,547,229,81,39,1,1,1
1621,14,547,229,83,39,1,1,1
1622,14,547,229,83,39,1,1,1
1623,14,546,229,81,39,1,1,1
1624,14,546,229,80,39,1,1,1
1625,14,547,229,80,39,1,1,1
1626,14,546,229,79,39,1,1,1
1627,14,546,229,80,39,1,1,1
1628,14,546,228,81,40,1,1,1
1629,14,546,228,84,40,1,1,1
1630,14,545,228,83,40,1,1,1
1631,14,545,228,83,40,1,1,1
1632,14,546,228,80,40,1,1,1
1633,14,545,227,83,42,1,1,1
1634,14,545,227,83,42,1,1,1
1635,14,544,227,84,42,1,1,1
1636,14,544,227,84,42,1,1,1
1637,14,545,226,87,44,1,1,1
1638,14,545,226,87,44,1,1,1
1639,14,545,226,87,44,1,1,1
1640,14,544,225,88,42,1,1,1
1641,14,545,225,85,42,1,1,1
1642,14,544,224,84,44,1,1,1
1643,14,545,224,80,44,1,1,1
1644,14,544,224,83,44,1,1,1
1645,14,544,224,84,46,1,1,1
1646,14,543,224,87,46,1,1,1
1647,14,542,224,88,46,1,1,1
1648,14,542,223,96,46,1,1,1
1649,14,543,223,84,48,1,1,1
1650,14,543,224,83,46,1,1,1
1651,14,543,224,83,46,1,1,1
1652,14,543,224,81,46,1,1,1
1653,14,543,224,83,46,1,1,1
1654,14,543,224,81,46,1,1,1
1655,14,543,224,81,46,1,1,1
1656,14,543,224,83,46,1,1,1
1657,14,542,224,84,46,1,1,1
1658,14,543,223,84,46,1,1,1
1659,14,543,223,88,46,1,1,1
1660,14,543,224,85,46,1,1,1
1661,14,543,224,81,46,1,1,1
1662,14,542,224,80,44,1,1,1
1663,14,543,224,81,46,1,1,1
1664,14,543,223,84,46,1,1,1
1665,14,543,223,85,46,1,1,1
1666,14,542,223,84,46,1,1,1
1667,14,543,223,83,46,1,1,1
1668,14,543,220,88,49,1,1,1
1669,14,542,220,87,49,1,1,1
1670,14,543,221,81,48,1,1,1
1671,14,543,223,83,46,1,1,1
1672,14,543,224,81,46,1,1,1
1673,14,542,224,80,44,1,1,1
1674,14,542,224,80,44,1,1,1
1675,14,543,224,80,44,1,1,1
1676,14,543,224,80,44,1,1,1
1677,14,543,225,80,46,1,1,1
1678,14,542,224,79,44,1,1,1
1679,14,542,225,79,46,1,1,1
1680,14,542,224,79,44,1,1,1
1681,14,543,224,80,44,1,1,1
1682,14,542,224,79,44,1,1,1
1683,14,542,226,80,44,1,1,1
1684,14,543,225,80,46,1,1,1
1685,14,542,225,80,46,1,1,1
1686,14,542,226,80,44,1,1,1
1687,14,542,226,79,44,1,1,1
1688,14,542,226,77,44,1,1,1
1689,14,542,225,79,46,1,1,1
1690,14,542,225,80,46,1,1,1
1691,14,542,224,81,46,1,1,1
1692,14,542,226,77,44,1,1,1
1693,14,542,226,79,44,1,1,1
1694,14,542,226,77,44,1,1,1
1695,14,542,226,77,44,1,1,1
1696,14,542,226,77,44,1,1,1
1697,14,542,226,77,44,1,1,1
1698,14,542,226,77,44,1,1,1
1699,14,542,226,77,44,1,1,1
1700,14,542,226,77,44,1,1,1
1701,14,542,227,77,42,1,1,1
1702,14,542,226,79,44,1,1,1
1703,14,540,226,80,44,1,1,1
1704,14,540,226,80,44,1,1,1
1705,14,540,226,80,44,1,1,1
1706,14,540,226,80,44,1,1,1
1707,14,540,226,80,44,1,1,1
1708,14,540,226,80,44,1,1,1
1709,14,540,226,80,44,1,1,1
1710,14,540,226,80,44,1,1,1
1711,14,541,226,79,44,1,1,1
1712,14,540,226,80,44,1,1,1
1713,14,540,226,80,44,1,1,1
1714,14,541,226,80,44,1,1,1
1715,14,541,225,80,46,1,1,1
1716,14,540,225,80,46,1,1,1
1717,14,540,225,80,46,1,1,1
1718,14,540,226,80,44,1,1,1
1719,14,541,225,81,46,1,1,1
1720,14,540,226,80,44,1,1,1
1721,14,541,226,79,44,1,1,1
1722,14,540,228,80,44,1,1,1
1723,14,541,228,79,44,1,1,1
1724,14,540,227,83,46,1,1,1
1725,14,540,228,80,44,1,1,1
1726,14,540,228,80,44,1,1,1
1727,14,540,228,80,44,1,1,1
1728,14,538,227,80,46,1,1,1
1729,14,539,225,81,46,1,1,1
1730,14,538,224,87,49,1,1,1
1731,14,539,225,81,46,1,1,1
1732,14,538,227,80,46,1,1,1
1733,14,539,227,81,46,1,1,1
1734,14,539,225,81,46,1,1,1
1735,14,538,227,80,46,1,1,1
1736,14,540,227,80,46,1,1,1
1737,14,538,227,80,46,1,1,1
1738,14,539,227,81,46,1,1,1
1739,14,538,227,80,46,1,1,1
1740,14,539,227,81,46,1,1,1
1741,14,539,227,81,46,1,1,1
1742,14,539,225,83,46,1,1,1
1743,14,538,227,80,46,1,1,1
1744,14,539,227,81,46,1,1,1
1745,14,538,227,80,46,1,1,1
1746,14,539,227,80,46,1,1,1
1747,14,538,225,80,46,1,1,1
1748,14,539,227,81,46,1,1,1
1749,14,537,226,83,48,1,1,1
1750,14,538,226,84,48,1,1,1
1751,14,539,224,83,49,1,1,1
1752,14,538,226,80,48,1,1,1
1753,14,539,225,81,49,1,1,1
1754,14,537,226,83,48,1,1,1
1755,14,538,225,84,49,1,1,1
1756,14,538,225,84,49,1,1,1
1757,14,538,225,84,49,1,1,1
1758,14,538,225,84,49,1,1,1
1759,14,539,224,83,49,1,1,1
1760,14,537,226,83,48,1,1,1
1761,14,538,226,81,48,1,1,1
1762,14,538,226,81,48,1,1,1
1763,14,538,224,85,49,1,1,1
1764,14,537,225,83,49,1,1,1
1765,14,538,225,81,49,1,1,1
1766,14,537,224,83,49,1,1,1
1767,14,538,224,84,49,1,1,1
1768,14,537,224,84,49,1,1,1
1769,14,537,225,83,49,1,1,1
1770,14,537,226,83,48,1,1,1
1771,14,538,227,81,46,1,1,1
1772,14,537,224,84,49,1,1,1
1773,14,538,224,81,49,1,1,1
1774,14,537,227,80,46,1,1,1
1775,14,538,226,79,48,1,1,1
1776,14,538,226,79,48,1,1,1
1777,14,537,224,83,49,1,1,1
1778,14,537,224,83,49,1,1,1
1779,14,538,223,84,51,1,1,1
1780,14,538,223,84,51,1,1,1
1781,14,538,223,84,51,1,1,1
1782,14,538,224,84,49,1,1,1
1783,14,538,223,84,51,1,1,1
1784,14,538,225,84,49,1,1,1
1785,14,536,225,84,49,1,1,1
1786,14,538,226,81,48,1,1,1
1787,14,536,225,81,49,1,1,1
1788,14,536,226,80,48,1,1,1
1789,14,538,226,76,48,1,1,1
1790,14,538,225,76,49,1,1,1
1791,14,536,224,80,51,1,1,1
1792,14,536,223,84,51,1,1,1
1793,14,538,223,84,51,1,1,1
1794,14,536,225,84,49,1,1,1
1795,14,537,224,84,51,1,1,1
1796,14,536,224,84,51,1,1,1
1797,14,537,225,83,49,1,1,1
1798,14,537,224,84,51,1,1,1
1799,14,537,225,84,49,1,1,1
1800,14,535,224,84,51,1,1,1
1801,14,536,224,85,51,1,1,1
1802,14,538,224,84,51,1,1,1
1803,14,537,224,84,51,1,1,1
1804,14,537,225,80,49,1,1,1
1805,14,537,225,80,49,1,1,1
1806,14,536,224,81,51,1,1,1
1807,14,537,226,77,49,1,1,1
1808,14,538,226,76,49,1,1,1
1809,14,538,228,76,48,1,1,1
1810,14,538,226,77,49,1,1,1
1811,14,537,226,75,49,1,1,1
1812,14,538,226,76,49,1,1,1
1813,14,538,226,79,49,1,1,1
1814,14,538,228,80,48,1,1,1
1815,14,537,227,80,49,1,1,1
1816,14,538,227,79,49,1,1,1
1817,14,538,228,79,48,1,1,1
1818,14,538,230,77,46,1,1,1
1819,14,538,231,76,46,1,1,1
1820,14,539,231,75,46,1,1,1
1821,14,538,231,76,46,1,1,1
1822,14,539,230,75,48,1,1,1
1823,14,538,231,76,46,1,1,1
1824,14,538,231,76,46,1,1,1
1825,14,539,231,75,46,1,1,1
1826,14,539,230,74,48,1,1,1
1827,14,539,230,75,48,1,1,1
1828,14,538,232,74,48,1,1,1
1829,14,540,232,72,48,1,1,1
1830,14,540,232,72,46,1,1,1
1831,14,540,232,72,46,1,1,1
1832,14,539,232,71,46,1,1,1
1833,14,540,233,70,48,1,1,1
1834,14,539,233,71,48,1,1,1
1835,14,540,233,72,48,1,1,1
1836,14,540,231,70,49,1,1,1
1837,14,540,231,68,49,1,1,1
1838,14,540,231,68,49,1,1,1
1839,14,540,230,68,51,1,1,1
1840,14,542,230,68,51,1,1,1
1841,14,542,230,68,51,1,1,1
1842,14,540,230,68,51,1,1,1
1843,14,540,231,68,51,1,1,1
1844,14,540,231,70,51,1,1,1
1845,14,541,231,70,51,1,1,1
1846,14,542,231,71,51,1,1,1
1847,14,540,231,72,53,1,1,1
1848,14,541,231,71,53,1,1,1
1849,14,540,231,70,53,1,1,1
1850,14,540,231,67,53,1,1,1
1851,14,540,231,75,53,1,1,1
1852,14,540,231,75,53,1,1,1
1853,14,541,230,72,55,1,1,1
1854,14,540,229,72,56,1,1,1
1855,14,541,229,72,56,1,1,1
1856,14,542,229,68,56,1,1,1
1857,14,541,229,68,56,1,1,1
1858,14,542,229,72,56,1,1,1
1859,14,540,230,70,55,1,1,1
1860,14,542,230,72,55,1,1,1
1861,14,542,229,71,56,1,1,1
1862,14,541,229,71,56,1,1,1
1863,14,540,228,67,58,1,1,1
1864,14,540,228,65,58,1,1,1
1865,14,540,228,65,58,1,1,1
1866,14,539,228,68,58,1,1,1
1867,14,539,228,67,58,1,1,1
1868,14,539,227,67,60,1,1,1
1869,14,540,227,67,60,1,1,1
1870,14,540,227,70,60,1,1,1
1871,14,540,227,67,60,1,1,1
1872,14,541,226,68,62,1,1,1
1873,14,539,227,68,60,1,1,1
1874,14,540,227,65,60,1,1,1
1875,14,540,223,70,65,1,1,1
1876,14,540,222,70,67,1,1,1
1877,14,540,223,70,65,1,1,1
1878,14,538,222,71,67,1,1,1
1879,14,538,222,71,67,1,1,1
1880,14,540,223,70,65,1,1,1
1881,14,540,223,70,65,1,1,1
1882,14,540,222,70,67,1,1,1
1883,14,540,222,70,67,1,1,1
1884,14,540,222,70,67,1,1,1
1885,14,538,222,70,67,1,1,1
1886,14,538,222,71,67,1,1,1
1887,14,538,222,71,67,1,1,1
1888,14,539,221,72,69,1,1,1
1889,14,538,222,70,67,1,1,1
1890,14,538,221,71,69,1,1,1
1891,14,538,221,70,69,1,1,1
1892,14,538,222,71,67,1,1,1
1893,14,538,222,71,67,1,1,1
1894,14,538,222,70,67,1,1,1
1895,14,537,221,70,69,1,1,1
1896,14,539,221,68,69,1,1,1
1897,14,539,222,68,67,1,1,1
1898,14,539,222,65,67,1,1,1
1899,14,538,221,68,69,1,1,1
1900,14,537,221,67,69,1,1,1
1901,14,538,221,65,69,1,1,1
1902,14,538,220,68,71,1,1,1
1903,14,538,220,68,71,1,1,1
1904,14,539,220,68,71,1,1,1
1905,14,538,220,70,71,1,1,1
1906,14,538,220,68,71,1,1,1
1907,14,539,223,60,69,1,1,1
1908,14,539,223,60,69,1,1,1
1909,14,539,224,60,69,1,1,1
1910,14,540,227,57,67,1,1,1
1911,14,539,227,59,67,1,1,1
1912,14,539,227,59,67,1,1,1
1913,14,539,227,59,67,1,1,1
1914,14,540,229,59,67,1,1,1
1915,14,542,230,56,65,1,1,1
1916,14,541,230,56,65,1,1,1
1917,14,540,230,57,65,1,1,1
1918,14,541,232,56,65,1,1,1
1919,14,541,232,55,64,1,1,1
1920,14,542,232,54,65,1,1,1
1921,14,543,234,52,64,1,1,1
1922,14,542,233,54,65,1,1,1
1923,14,543,233,51,65,1,1,1
1924,14,543,234,51,64,1,1,1
1925,14,544,233,49,65,1,1,1
1926,14,544,233,49,65,1,1,1
1927,14,544,233,48,65,1,1,1
1928,14,544,233,48,65,1,1,1
1929,14,544,233,49,65,1,1,1
1930,14,545,232,48,67,1,1,1
1931,14,545,232,48,67,1,1,1
1932,14,544,232,49,67,1,1,1
1933,14,544,232,52,69,1,1,1
1934,14,545,232,52,67,1,1,1
1935,14,544,231,54,69,1,1,1
1936,14,545,231,51,69,1,1,1
1937,14,546,231,52,69,1,1,1
1938,14,546,231,52,71,1,1,1
1939,14,545,230,52,71,1,1,1
1940,14,545,228,52,72,1,1,1
1941,14,545,229,52,74,1,1,1
1942,14,544,229,51,74,1,1,1
1943,14,544,227,51,74,1,1,1
1944,14,544,228,51,76,1,1,1
1945,14,544,226,51,76,1,1,1
1946,14,544,225,51,78,1,1,1
1947,14,545,224,48,80,1,1,1
1948,14,545,224,47,80,1,1,1
1949,14,545,224,47,80,1,1,1
1950,14,544,224,48,81,1,1,1
1951,14,546,224,44,81,1,1,1
1952,14,546,224,44,81,1,1,1
1953,14,546,221,45,83,1,1,1
1954,14,545,221,45,83,1,1,1
1955,14,545,221,47,83,1,1,1
1956,14,544,220,44,85,1,1,1
1957,14,544,220,43,85,1,1,1
1958,14,545,219,42,87,1,1,1
1959,14,545,218,42,88,1,1,1
1960,14,545,219,40,87,1,1,1
1961,14,545,219,40,88,1,1,1
1962,14,544,218,40,88,1,1,1
1963,14,544,219,40,88,1,1,1
1964,14,544,218,36,88,1,1,1
1965,14,544,217,36,90,1,1,1
1966,14,545,217,36,90,1,1,1
1967,14,544,217,35,90,1,1,1
1968,14,544,222,32,85,1,1,1
1969,14,545,220,32,88,1,1,1
1970,14,545,220,33,88,1,1,1
1971,14,545,216,36,92,1,1,1
1972,14,545,216,36,92,1,1,1
1973,14,544,218,35,90,1,1,1
1974,14,544,217,35,90,1,1,1
1975,14,545,220,32,88,1,1,1
1976,14,545,219,33,90,1,1,1
1977,14,544,222,33,88,1,1,1
1978,14,544,219,33,90,1,1,1
1979,14,544,216,36,94,1,1,1
1980,14,544,216,35,92,1,1,1
1981,14,544,216,36,94,1,1,1
1982,14,544,228,32,83,1,1,1
1983,14,544,227,32,85,1,1,1
1984,14,544,228,32,83,1,1,1
1985,14,544,228,32,83,1,1,1
1986,14,544,228,32,83,1,1,1
1987,14,543,228,31,83,1,1,1
1988,14,543,230,31,83,1,1,1
1989,14,544,230,30,83,1,1,1
1990,14,545,230,31,83,1,1,1
1991,14,545,230,31,83,1,1,1
1992,14,545,230,31,83,1,1,1
1993,14,545,230,31,83,1,1,1
1994,14,545,230,31,83,1,1,1
1995,14,544,230,32,83,1,1,1
1996,14,545,229,31,85,1,1,1
1997,14,544,231,32,83,1,1,1
1998,14,544,231,32,83,1,1,1
1999,14,544,231,32,83,1,1,1
2000,14,545,231,31,83,1,1,1
2001,14,545,230,31,85,1,1,1
2002,14,545,231,31,85,1,1,1
2003,14,545,231,31,85,1,1,1
2004,14,544,231,32,83,1,1,1
2005,14,545,231,31,83,1,1,1
2006,14,545,231,31,85,1,1,1
2007,14,544,231,32,85,1,1,1
2008,14,545,231,31,85,1,1,1
2009,14,544,231,32,85,1,1,1
2010,14,545,232,31,85,1,1,1
2011,14,544,232,32,85,1,1,1
2012,14,545,233,31,83,1,1,1
2013,14,545,235,31,83,1,1,1
2014,14,545,235,31,83,1,1,1
2015,14,545,235,30,83,1,1,1
2016,14,545,235,30,83,1,1,1
2017,14,546,234,31,85,1,1,1
2018,14,545,234,30,85,1,1,1
2019,14,545,235,30,83,1,1,1
2020,14,545,235,30,83,1,1,1
2021,14,545,235,30,83,1,1,1
2022,14,545,235,30,83,1,1,1
2023,14,545,235,30,83,1,1,1
2024,14,545,235,30,83,1,1,1
2025,14,545,235,30,83,1,1,1
2026,14,545,235,30,83,1,1,1
2027,14,545,236,30,81,1,1,1
2028,14,547,238,28,81,1,1,1
2029,14,547,237,28,83,1,1,1
2030,14,546,238,28,81,1,1,1
2031,14,546,237,28,83,1,1,1
2032,14,546,237,28,83,1,1,1
2033,14,547,237,28,83,1,1,1
2034,14,547,236,28,85,1,1,1
2035,14,546,237,28,83,1,1,1
2036,14,547,234,28,85,1,1,1
2037,14,547,237,28,83,1,1,1
2038,14,547,236,28,85,1,1,1
2039,14,547,237,28,83,1,1,1
2040,14,548,234,28,85,1,1,1
2041,14,548,235,28,87,1,1,1
2042,14,548,234,28,85,1,1,1
2043,14,548,233,28,88,1,1,1
2044,14,548,233,28,88,1,1,1
2045,14,549,233,28,88,1,1,1
2046,14,548,234,28,88,1,1,1
2047,14,548,232,30,90,1,1,1
2048,14,548,234,28,88,1,1,1
2049,14,548,237,24,85,1,1,1
2050,14,547,235,26,87,1,1,1
2051,14,549,234,26,88,1,1,1
2052,14,549,236,26,88,1,1,1
2053,14,549,234,26,88,1,1,1
2054,14,549,234,24,88,1,1,1
2055,14,549,234,24,88,1,1,1
2056,14,549,236,24,88,1,1,1
2057,14,549,236,24,88,1,1,1
2058,14,549,232,26,92,1,1,1
2059,14,548,233,27,90,1,1,1
2060,14,549,233,26,90,1,1,1
2061,14,549,232,26,92,1,1,1
2062,14,548,235,24,90,1,1,1
2063,14,548,235,24,90,1,1,1
2064,14,549,235,23,90,1,1,1
2065,14,549,234,23,92,1,1,1
2066,14,549,234,23,92,1,1,1
2067,14,548,234,24,92,1,1,1
2068,14,550,234,23,92,1,1,1
2069,14,548,232,24,92,1,1,1
2070,14,550,229,24,96,1,1,1
2071,14,548,232,24,94,1,1,1
2072,14,548,233,24,94,1,1,1
2073,14,549,232,23,92,1,1,1
2074,14,549,232,22,92,1,1,1
2075,14,549,233,23,94,1,1,1
2076,14,549,234,23,92,1,1,1
2077,14,549,232,23,94,1,1,1
2078,14,549,233,23,94,1,1,1
2079,14,549,233,23,94,1,1,1
2080,14,548,234,22,92,1,1,1
2081,14,550,233,20,94,1,1,1
2082,14,550,233,20,94,1,1,1
2083,14,550,233,20,94,1,1,1
2084,14,550,233,20,94,1,1,1
1,15,441,579,84,53,1,1,1
2,15,442,580,80,48,1,1,1
3,15,442,580,80,48,1,1,1
4,15,441,580,80,48,1,1,1
5,15,443,581,80,49,1,1,1
6,15,443,581,80,49,1,1,1
7,15,443,581,80,49,1,1,1
8,15,443,581,80,49,1,1,1
9,15,443,581,80,49,1,1,1
10,15,443,581,80,49,1,1,1
11,15,443,581,80,49,1,1,1
12,15,442,581,80,49,1,1,1
13,15,442,581,80,49,1,1,1
14,15,444,582,80,48,1,1,1
15,15,444,581,80,49,1,1,1
16,15,444,581,80,49,1,1,1
17,15,444,581,80,49,1,1,1
18,15,444,581,80,49,1,1,1
19,15,444,582,80,48,1,1,1
20,15,444,582,80,48,1,1,1
21,15,444,582,81,48,1,1,1
22,15,444,581,81,49,1,1,1
23,15,444,581,81,49,1,1,1
24,15,445,582,80,48,1,1,1
25,15,444,582,81,48,1,1,1
26,15,445,582,80,48,1,1,1
27,15,444,582,81,48,1,1,1
28,15,444,581,81,49,1,1,1
29,15,445,581,80,49,1,1,1
30,15,445,581,80,49,1,1,1
31,15,446,581,80,49,1,1,1
32,15,446,581,80,49,1,1,1
33,15,446,581,80,49,1,1,1
34,15,447,583,80,49,1,1,1
35,15,447,583,80,49,1,1,1
36,15,446,583,79,49,1,1,1
37,15,447,582,80,48,1,1,1
38,15,447,583,80,49,1,1,1
39,15,447,583,80,49,1,1,1
40,15,447,583,80,49,1,1,1
41,15,446,583,80,49,1,1,1
42,15,447,582,80,48,1,1,1
43,15,447,583,80,49,1,1,1
44,15,446,583,80,49,1,1,1
45,15,447,583,80,49,1,1,1
46,15,446,583,80,49,1,1,1
47,15,448,583,80,49,1,1,1
48,15,448,583,80,49,1,1,1
49,15,449,583,79,49,1,1,1
50,15,449,583,79,49,1,1,1
51,15,448,583,80,49,1,1,1
52,15,448,583,80,49,1,1,1
53,15,448,583,80,49,1,1,1
54,15,448,583,80,49,1,1,1
55,15,448,583,80,49,1,1,1
56,15,448,583,80,49,1,1,1
57,15,448,583,80,49,1,1,1
58,15,448,583,80,49,1,1,1
59,15,448,583,80,49,1,1,1
60,15,448,583,80,49,1,1,1
61,15,448,583,80,49,1,1,1
62,15,448,583,80,49,1,1,1
63,15,448,583,80,49,1,1,1
64,15,449,583,80,49,1,1,1
65,15,449,583,80,49,1,1,1
66,15,449,583,80,49,1,1,1
67,15,448,583,80,49,1,1,1
68,15,449,583,80,49,1,1,1
69,15,449,583,80,49,1,1,1
70,15,449,583,80,49,1,1,1
71,15,449,583,80,49,1,1,1
72,15,449,583,80,49,1,1,1
73,15,450,583,80,49,1,1,1
74,15,450,583,80,49,1,1,1
75,15,451,584,80,49,1,1,1
76,15,451,583,80,49,1,1,1
77,15,451,584,80,49,1,1,1
78,15,451,584,80,49,1,1,1
79,15,451,584,80,49,1,1,1
80,15,451,584,80,49,1,1,1
81,15,451,584,79,49,1,1,1
82,15,451,584,80,49,1,1,1
83,15,450,584,80,49,1,1,1
84,15,450,584,80,49,1,1,1
85,15,450,585,80,48,1,1,1
86,15,450,585,80,48,1,1,1
87,15,450,584,80,49,1,1,1
88,15,452,585,80,48,1,1,1
89,15,452,585,80,48,1,1,1
90,15,452,585,80,48,1,1,1
91,15,452,585,80,48,1,1,1
92,15,452,584,80,49,1,1,1
93,15,452,584,80,49,1,1,1
94,15,452,585,80,48,1,1,1
95,15,452,585,80,48,1,1,1
96,15,452,585,80,48,1,1,1
97,15,452,585,80,48,1,1,1
98,15,452,586,80,46,1,1,1
99,15,452,586,80,46,1,1,1
100,15,452,586,80,46,1,1,1
101,15,453,587,80,48,1,1,1
102,15,453,587,79,48,1,1,1
103,15,454,587,77,48,1,1,1
104,15,456,587,76,48,1,1,1
105,15,456,585,76,49,1,1,1
106,15,457,586,75,49,1,1,1
107,15,458,590,74,46,1,1,1
108,15,454,587,77,48,1,1,1
109,15,457,589,76,46,1,1,1
110,15,457,590,76,46,1,1,1
111,15,458,593,74,42,1,1,1
112,15,456,591,75,44,1,1,1
113,15,456,593,75,42,1,1,1
114,15,455,592,76,44,1,1,1
115,15,455,593,76,44,1,1,1
116,15,455,593,76,44,1,1,1
117,15,455,594,76,44,1,1,1
118,15,456,595,75,42,1,1,1
119,15,457,595,76,42,1,1,1
120,15,456,594,76,44,1,1,1
121,15,456,594,76,44,1,1,1
122,15,456,594,76,44,1,1,1
123,15,457,593,76,46,1,1,1
124,15,457,593,76,46,1,1,1
125,15,457,593,75,46,1,1,1
126,15,458,592,76,48,1,1,1
127,15,459,592,75,48,1,1,1
128,15,459,592,74,48,1,1,1
129,15,461,592,72,49,1,1,1
130,15,461,592,72,49,1,1,1
131,15,461,592,72,49,1,1,1
132,15,463,592,72,49,1,1,1
133,15,463,591,71,51,1,1,1
134,15,463,591,72,51,1,1,1
135,15,464,591,70,51,1,1,1
136,15,464,590,70,53,1,1,1
137,15,464,590,72,53,1,1,1
138,15,466,590,68,53,1,1,1
139,15,465,589,71,55,1,1,1
140,15,464,587,72,56,1,1,1
141,15,465,587,71,56,1,1,1
142,15,464,588,72,56,1,1,1
143,15,467,588,70,56,1,1,1
144,15,467,586,68,58,1,1,1
145,15,467,585,68,58,1,1,1
146,15,467,585,68,60,1,1,1
147,15,468,585,70,60,1,1,1
148,15,468,585,68,60,1,1,1
149,15,470,584,68,60,1,1,1
150,15,470,584,68,60,1,1,1
151,15,470,584,68,60,1,1,1
152,15,470,584,68,62,1,1,1
153,15,470,584,68,62,1,1,1
154,15,470,583,68,62,1,1,1
155,15,472,583,67,64,1,1,1
156,15,473,583,65,62,1,1,1
157,15,474,582,64,65,1,1,1
158,15,472,582,67,65,1,1,1
159,15,474,582,64,65,1,1,1
160,15,475,580,65,65,1,1,1
161,15,475,579,65,67,1,1,1
162,15,475,580,65,65,1,1,1
163,15,476,580,64,65,1,1,1
164,15,477,581,64,67,1,1,1
165,15,477,581,64,67,1,1,1
166,15,478,581,64,67,1,1,1
167,15,478,581,64,67,1,1,1
168,15,479,581,64,67,1,1,1
169,15,478,581,64,67,1,1,1
170,15,478,581,64,67,1,1,1
171,15,478,581,64,67,1,1,1
172,15,480,581,64,67,1,1,1
173,15,480,581,64,67,1,1,1
174,15,480,581,64,67,1,1,1
175,15,480,581,64,67,1,1,1
176,15,480,581,64,67,1,1,1
177,15,480,581,64,67,1,1,1
178,15,480,583,64,67,1,1,1
179,15,480,583,64,67,1,1,1
180,15,480,584,64,65,1,1,1
181,15,480,584,64,65,1,1,1
182,15,481,583,64,67,1,1,1
183,15,481,583,64,67,1,1,1
184,15,481,583,64,67,1,1,1
185,15,481,583,64,67,1,1,1
186,15,481,585,64,65,1,1,1
187,15,481,584,64,67,1,1,1
188,15,481,584,64,67,1,1,1
189,15,481,584,64,67,1,1,1
190,15,481,585,64,65,1,1,1
191,15,481,585,64,65,1,1,1
192,15,481,585,64,65,1,1,1
193,15,482,585,65,65,1,1,1
194,15,482,586,64,65,1,1,1
195,15,482,586,65,65,1,1,1
196,15,482,587,64,65,1,1,1
197,15,482,587,65,65,1,1,1
198,15,482,587,64,65,1,1,1
199,15,483,588,65,64,1,1,1
200,15,483,589,65,65,1,1,1
201,15,483,589,65,65,1,1,1
202,15,483,590,65,64,1,1,1
203,15,483,590,65,64,1,1,1
204,15,483,591,65,62,1,1,1
205,15,483,591,65,62,1,1,1
206,15,483,591,67,62,1,1,1
207,15,483,593,67,60,1,1,1
208,15,483,592,67,62,1,1,1
209,15,483,592,67,62,1,1,1
210,15,483,592,67,62,1,1,1
211,15,484,592,67,62,1,1,1
212,15,482,592,68,62,1,1,1
213,15,484,593,65,60,1,1,1
214,15,484,593,67,60,1,1,1
215,15,484,593,67,60,1,1,1
216,15,484,593,67,60,1,1,1
217,15,483,592,68,62,1,1,1
218,15,483,592,68,62,1,1,1
219,15,484,594,67,62,1,1,1
220,15,482,594,68,62,1,1,1
221,15,484,594,67,62,1,1,1
222,15,484,594,67,62,1,1,1
223,15,482,594,68,62,1,1,1
224,15,484,594,65,62,1,1,1
225,15,485,593,64,65,1,1,1
226,15,486,594,63,65,1,1,1
227,15,486,593,62,67,1,1,1
228,15,489,594,60,65,1,1,1
229,15,490,597,56,64,1,1,1
230,15,490,596,57,65,1,1,1
231,15,488,599,59,64,1,1,1
232,15,489,602,56,60,1,1,1
233,15,488,604,57,60,1,1,1
234,15,489,607,56,58,1,1,1
235,15,488,607,57,58,1,1,1
236,15,488,607,57,58,1,1,1
237,15,489,609,56,56,1,1,1
238,15,490,611,55,56,1,1,1
239,15,492,611,54,56,1,1,1
240,15,492,610,52,58,1,1,1
241,15,492,610,52,58,1,1,1
242,15,492,610,52,58,1,1,1
243,15,494,609,52,60,1,1,1
244,15,496,608,48,62,1,1,1
245,15,497,608,48,62,1,1,1
246,15,498,608,47,62,1,1,1
247,15,500,607,44,65,1,1,1
248,15,500,606,44,67,1,1,1
249,15,502,606,44,67,1,1,1
250,15,502,607,44,67,1,1,1
251,15,503,605,43,69,1,1,1
252,15,503,606,43,69,1,1,1
253,15,503,605,42,71,1,1,1
254,15,505,603,40,72,1,1,1
255,15,506,603,39,72,1,1,1
256,15,508,602,37,74,1,1,1
257,15,508,603,36,76,1,1,1
258,15,511,601,35,76,1,1,1
259,15,511,600,35,78,1,1,1
260,15,513,600,32,80,1,1,1
261,15,513,599,32,81,1,1,1
262,15,514,600,32,81,1,1,1
263,15,516,600,30,81,1,1,1
264,15,518,598,28,83,1,1,1
265,15,518,599,28,83,1,1,1
266,15,520,599,26,83,1,1,1
267,15,522,599,24,85,1,1,1
268,15,523,599,24,85,1,1,1
269,15,523,599,23,85,1,1,1
270,15,526,600,20,85,1,1,1
271,15,526,600,20,85,1,1,1
272,15,528,600,19,85,1,1,1
273,15,528,602,19,85,1,1,1
274,15,528,601,19,87,1,1,1
275,15,528,600,19,88,1,1,1
276,15,528,601,19,87,1,1,1
277,15,530,602,18,85,1,1,1
278,15,530,604,18,85,1,1,1
279,15,530,605,18,83,1,1,1
280,15,530,606,18,85,1,1,1
281,15,530,606,16,85,1,1,1
282,15,530,606,16,85,1,1,1
283,15,530,606,16,85,1,1,1
284,15,530,607,16,85,1,1,1
285,15,530,607,18,85,1,1,1
286,15,530,610,18,83,1,1,1
287,15,530,608,18,85,1,1,1
288,15,532,609,16,85,1,1,1
289,15,532,609,16,85,1,1,1
290,15,532,611,16,85,1,1,1
291,15,532,611,16,85,1,1,1
292,15,532,614,16,83,1,1,1
293,15,532,614,16,83,1,1,1
294,15,530,613,18,85,1,1,1
295,15,532,613,16,85,1,1,1
296,15,531,611,18,88,1,1,1
297,15,531,612,18,87,1,1,1
298,15,531,614,18,85,1,1,1
299,15,531,614,18,87,1,1,1
300,15,531,614,18,87,1,1,1
301,15,531,613,18,88,1,1,1
302,15,531,614,18,87,1,1,1
303,15,531,616,18,87,1,1,1
304,15,531,616,18,87,1,1,1
305,15,531,616,19,87,1,1,1
306,15,531,615,19,88,1,1,1
307,15,531,617,18,87,1,1,1
308,15,531,617,19,87,1,1,1
309,15,532,616,19,88,1,1,1
310,15,532,616,19,88,1,1,1
311,15,532,617,19,88,1,1,1
312,15,532,618,19,88,1,1,1
313,15,532,618,19,88,1,1,1
314,15,532,620,19,88,1,1,1
315,15,532,622,19,85,1,1,1
316,15,532,621,19,87,1,1,1
317,15,532,620,19,88,1,1,1
318,15,532,621,19,87,1,1,1
319,15,532,622,20,88,1,1,1
320,15,532,623,20,87,1,1,1
321,15,532,623,20,87,1,1,1
322,15,532,622,20,88,1,1,1
323,15,532,623,20,87,1,1,1
324,15,532,623,20,87,1,1,1
325,15,532,624,20,87,1,1,1
326,15,532,624,20,87,1,1,1
327,15,532,624,20,88,1,1,1
328,15,532,626,20,87,1,1,1
329,15,532,626,20,87,1,1,1
330,15,532,627,20,85,1,1,1
331,15,532,626,20,87,1,1,1
332,15,532,626,20,88,1,1,1
333,15,532,626,20,88,1,1,1
334,15,532,628,22,87,1,1,1
335,15,532,627,20,88,1,1,1
336,15,532,628,22,87,1,1,1
337,15,532,628,22,87,1,1,1
338,15,532,630,20,87,1,1,1
339,15,532,629,20,88,1,1,1
340,15,532,631,20,85,1,1,1
341,15,532,631,20,85,1,1,1
342,15,532,632,20,85,1,1,1
343,15,532,632,20,85,1,1,1
344,15,532,632,22,85,1,1,1
345,15,532,632,22,85,1,1,1
346,15,532,632,22,85,1,1,1
347,15,532,634,22,85,1,1,1
348,15,532,634,22,85,1,1,1
349,15,531,634,23,85,1,1,1
350,15,531,634,23,85,1,1,1
351,15,531,634,23,85,1,1,1
352,15,531,635,23,87,1,1,1
353,15,532,635,24,87,1,1,1
354,15,532,635,24,87,1,1,1
355,15,532,635,24,87,1,1,1
356,15,532,636,24,85,1,1,1
357,15,532,637,24,87,1,1,1
358,15,532,637,24,87,1,1,1
359,15,532,638,24,85,1,1,1
360,15,530,637,24,87,1,1,1
361,15,532,637,24,87,1,1,1
362,15,532,637,24,87,1,1,1
363,15,532,639,24,85,1,1,1
364,15,532,639,24,85,1,1,1
365,15,532,640,24,85,1,1,1
366,15,532,640,24,85,1,1,1
367,15,532,640,24,85,1,1,1
368,15,532,641,24,85,1,1,1
369,15,532,641,24,85,1,1,1
370,15,532,641,24,85,1,1,1
371,15,532,641,24,85,1,1,1
372,15,532,641,24,85,1,1,1
373,15,532,643,24,85,1,1,1
374,15,531,643,26,85,1,1,1
375,15,531,643,26,85,1,1,1
376,15,531,643,26,85,1,1,1
377,15,531,643,26,85,1,1,1
378,15,532,643,27,85,1,1,1
379,15,531,645,26,85,1,1,1
380,15,531,645,26,85,1,1,1
381,15,532,645,27,85,1,1,1
382,15,532,645,27,85,1,1,1
383,15,532,645,27,85,1,1,1
384,15,532,646,27,85,1,1,1
385,15,530,646,28,85,1,1,1
386,15,530,646,28,85,1,1,1
387,15,532,647,27,85,1,1,1
388,15,532,647,27,85,1,1,1
389,15,532,646,27,87,1,1,1
390,15,532,646,28,87,1,1,1
391,15,532,648,28,85,1,1,1
392,15,531,648,28,85,1,1,1
393,15,531,648,28,85,1,1,1
394,15,531,648,28,85,1,1,1
395,15,531,650,28,85,1,1,1
396,15,531,650,28,85,1,1,1
397,15,531,650,28,85,1,1,1
398,15,531,650,28,85,1,1,1
399,15,531,650,28,85,1,1,1
400,15,531,650,30,85,1,1,1
401,15,531,651,30,83,1,1,1
402,15,531,652,30,85,1,1,1
403,15,531,653,30,83,1,1,1
404,15,531,653,30,83,1,1,1
405,15,530,653,31,83,1,1,1
406,15,530,653,32,83,1,1,1
407,15,529,653,32,83,1,1,1
408,15,529,655,33,81,1,1,1
409,15,529,655,33,81,1,1,1
410,15,528,656,35,81,1,1,1
411,15,530,656,33,81,1,1,1
412,15,530,656,33,81,1,1,1
413,15,529,656,35,81,1,1,1
414,15,529,656,35,81,1,1,1
415,15,530,656,36,81,1,1,1
416,15,531,658,35,80,1,1,1
417,15,530,658,36,80,1,1,1
418,15,530,658,36,80,1,1,1
419,15,532,659,36,78,1,1,1
420,15,532,659,35,78,1,1,1
421,15,532,660,35,76,1,1,1
422,15,532,660,36,76,1,1,1
423,15,532,660,36,76,1,1,1
424,15,532,662,37,76,1,1,1
425,15,530,662,39,76,1,1,1
426,15,530,662,39,76,1,1,1
427,15,530,662,40,76,1,1,1
428,15,530,664,40,74,1,1,1
429,15,528,664,43,74,1,1,1
430,15,528,667,43,72,1,1,1
431,15,528,668,43,71,1,1,1
432,15,528,668,44,71,1,1,1
433,15,528,670,45,69,1,1,1
434,15,526,668,47,71,1,1,1
435,15,526,671,47,69,1,1,1
436,15,526,671,47,69,1,1,1
437,15,526,672,47,67,1,1,1
438,15,526,672,48,67,1,1,1
439,15,526,672,48,67,1,1,1
440,15,526,672,48,67,1,1,1
441,15,526,674,48,65,1,1,1
442,15,526,672,48,67,1,1,1
443,15,524,674,51,65,1,1,1
444,15,525,674,52,65,1,1,1
445,15,525,674,52,65,1,1,1
446,15,524,674,54,65,1,1,1
447,15,523,674,55,65,1,1,1
448,15,522,676,55,65,1,1,1
449,15,523,677,56,64,1,1,1
450,15,522,676,56,65,1,1,1
451,15,522,677,56,64,1,1,1
452,15,522,677,56,64,1,1,1
453,15,520,677,59,64,1,1,1
454,15,520,677,59,64,1,1,1
455,15,520,679,59,62,1,1,1
456,15,520,677,60,64,1,1,1
457,15,520,679,60,62,1,1,1
458,15,520,679,62,64,1,1,1
459,15,520,680,62,62,1,1,1
460,15,519,680,63,62,1,1,1
461,15,519,682,63,60,1,1,1
462,15,519,681,63,62,1,1,1
463,15,520,682,64,60,1,1,1
464,15,518,682,64,60,1,1,1
465,15,518,682,64,60,1,1,1
466,15,518,683,64,58,1,1,1
467,15,518,685,64,58,1,1,1
468,15,519,686,65,56,1,1,1
469,15,517,686,67,56,1,1,1
470,15,517,686,67,56,1,1,1
471,15,517,685,67,58,1,1,1
472,15,518,686,68,56,1,1,1
473,15,518,688,68,56,1,1,1
474,15,518,688,68,56,1,1,1
475,15,518,688,68,56,1,1,1
476,15,516,688,68,56,1,1,1
477,15,515,689,71,56,1,1,1
478,15,516,690,70,55,1,1,1
479,15,516,690,70,55,1,1,1
480,15,517,692,71,55,1,1,1
481,15,517,692,71,55,1,1,1
482,15,517,692,71,55,1,1,1
483,15,516,693,72,53,1,1,1
484,15,516,693,72,53,1,1,1
485,15,516,693,72,53,1,1,1
486,15,516,695,72,51,1,1,1
487,15,516,695,72,51,1,1,1
488,15,517,695,72,51,1,1,1
489,15,517,696,72,49,1,1,1
490,15,517,697,72,49,1,1,1
491,15,517,697,72,49,1,1,1
492,15,517,698,72,49,1,1,1
493,15,517,697,72,49,1,1,1
494,15,518,699,71,48,1,1,1
495,15,518,699,71,48,1,1,1
496,15,518,698,71,49,1,1,1
497,15,519,698,72,49,1,1,1
498,15,519,698,72,49,1,1,1
499,15,519,698,72,49,1,1,1
500,15,519,697,72,51,1,1,1
501,15,519,698,72,49,1,1,1
502,15,518,698,72,49,1,1,1
503,15,518,696,72,51,1,1,1
504,15,518,697,74,51,1,1,1
505,15,518,697,74,51,1,1,1
506,15,518,697,74,51,1,1,1
507,15,518,697,74,51,1,1,1
508,15,520,697,72,51,1,1,1
509,15,519,697,74,51,1,1,1
510,15,519,697,74,51,1,1,1
511,15,519,697,74,51,1,1,1
512,15,519,697,74,51,1,1,1
513,15,519,697,74,51,1,1,1
514,15,519,697,74,51,1,1,1
515,15,520,697,74,51,1,1,1
516,15,520,697,74,51,1,1,1
517,15,520,699,74,51,1,1,1
518,15,520,699,74,51,1,1,1
519,15,520,699,74,51,1,1,1
520,15,522,699,74,51,1,1,1
521,15,522,699,74,51,1,1,1
522,15,522,699,74,51,1,1,1
523,15,522,699,74,51,1,1,1
524,15,522,699,74,51,1,1,1
525,15,522,698,74,53,1,1,1
526,15,522,698,74,53,1,1,1
527,15,522,698,74,53,1,1,1
528,15,523,698,74,53,1,1,1
529,15,523,698,74,53,1,1,1
530,15,523,698,74,53,1,1,1
531,15,525,698,72,53,1,1,1
532,15,525,698,72,53,1,1,1
533,15,525,698,72,53,1,1,1
534,15,526,698,72,53,1,1,1
535,15,526,698,72,53,1,1,1
536,15,526,698,72,53,1,1,1
537,15,527,698,72,53,1,1,1
538,15,527,698,72,53,1,1,1
539,15,527,698,72,53,1,1,1
540,15,527,698,72,53,1,1,1
541,15,528,698,72,53,1,1,1
542,15,529,698,71,53,1,1,1
543,15,529,699,71,55,1,1,1
544,15,529,699,71,55,1,1,1
545,15,528,699,72,55,1,1,1
546,15,528,699,72,55,1,1,1
547,15,528,699,72,55,1,1,1
548,15,530,699,71,55,1,1,1
549,15,528,699,72,55,1,1,1
550,15,530,699,72,55,1,1,1
551,15,530,699,72,55,1,1,1
552,15,530,699,72,55,1,1,1
553,15,530,700,72,53,1,1,1
554,15,530,700,71,53,1,1,1
555,15,531,700,72,53,1,1,1
556,15,531,699,72,55,1,1,1
557,15,531,700,71,53,1,1,1
558,15,532,699,72,55,1,1,1
559,15,533,701,71,53,1,1,1
560,15,533,701,71,53,1,1,1
561,15,533,702,71,53,1,1,1
562,15,533,703,70,51,1,1,1
563,15,533,703,70,51,1,1,1
564,15,534,703,70,51,1,1,1
565,15,535,703,68,51,1,1,1
566,15,536,704,68,51,1,1,1
567,15,536,702,68,53,1,1,1
568,15,536,704,68,51,1,1,1
569,15,536,704,67,51,1,1,1
570,15,537,704,68,51,1,1,1
571,15,537,704,68,51,1,1,1
572,15,537,704,68,51,1,1,1
573,15,537,704,67,51,1,1,1
574,15,538,704,68,51,1,1,1
575,15,538,702,68,53,1,1,1
576,15,538,701,68,55,1,1,1
577,15,538,702,68,53,1,1,1
578,15,538,702,68,53,1,1,1
579,15,538,702,68,53,1,1,1
580,15,538,701,68,55,1,1,1
581,15,538,701,68,55,1,1,1
582,15,538,701,68,55,1,1,1
583,15,539,700,68,56,1,1,1
584,15,539,700,68,56,1,1,1
585,15,539,701,68,55,1,1,1
586,15,539,700,68,56,1,1,1
587,15,539,701,68,55,1,1,1
588,15,539,703,68,53,1,1,1
589,15,540,703,67,53,1,1,1
590,15,540,701,67,55,1,1,1
591,15,540,703,67,53,1,1,1
592,15,540,703,67,53,1,1,1
593,15,541,703,67,53,1,1,1
594,15,541,703,67,53,1,1,1
595,15,541,703,67,53,1,1,1
596,15,542,701,68,55,1,1,1
597,15,542,701,68,55,1,1,1
598,15,543,703,67,53,1,1,1
599,15,542,703,68,53,1,1,1
600,15,542,703,68,53,1,1,1
601,15,543,703,67,53,1,1,1
602,15,543,703,67,53,1,1,1
603,15,542,703,68,53,1,1,1
604,15,542,703,68,53,1,1,1
605,15,542,704,68,53,1,1,1
606,15,543,703,68,53,1,1,1
607,15,543,704,68,53,1,1,1
608,15,543,704,68,53,1,1,1
609,15,543,704,68,53,1,1,1
610,15,543,704,68,53,1,1,1
611,15,543,704,68,53,1,1,1
612,15,543,704,68,53,1,1,1
613,15,543,704,68,53,1,1,1
614,15,542,703,70,55,1,1,1
615,15,542,704,70,53,1,1,1
616,15,543,703,68,55,1,1,1
617,15,542,704,70,53,1,1,1
618,15,543,704,68,53,1,1,1
619,15,542,704,70,53,1,1,1
620,15,542,704,70,53,1,1,1
621,15,542,704,70,53,1,1,1
622,15,542,704,70,53,1,1,1
623,15,542,704,71,53,1,1,1
624,15,542,704,70,53,1,1,1
625,15,542,705,71,51,1,1,1
626,15,542,705,71,51,1,1,1
627,15,542,707,71,49,1,1,1
628,15,543,707,72,49,1,1,1
629,15,543,707,72,49,1,1,1
630,15,543,709,72,46,1,1,1
631,15,543,711,72,44,1,1,1
632,15,543,710,72,44,1,1,1
633,15,542,710,72,44,1,1,1
634,15,542,711,72,42,1,1,1
635,15,542,711,74,42,1,1,1
636,15,542,710,74,44,1,1,1
637,15,545,708,72,44,1,1,1
638,15,546,708,72,44,1,1,1
639,15,546,708,71,44,1,1,1
640,15,547,707,71,46,1,1,1
641,15,550,708,68,44,1,1,1
642,15,550,708,68,44,1,1,1
643,15,553,707,65,46,1,1,1
644,15,554,709,64,42,1,1,1
645,15,554,709,65,42,1,1,1
646,15,556,709,64,42,1,1,1
647,15,556,710,64,40,1,1,1
648,15,557,710,63,40,1,1,1
649,15,556,712,64,39,1,1,1
650,15,556,713,64,37,1,1,1
651,15,556,714,64,35,1,1,1
652,15,556,716,64,35,1,1,1
653,15,557,716,64,35,1,1,1
654,15,557,716,64,35,1,1,1
655,15,557,716,64,35,1,1,1
656,15,557,719,65,33,1,1,1
657,15,557,720,65,32,1,1,1
658,15,555,722,67,30,1,1,1
659,15,555,723,67,28,1,1,1
660,15,554,724,68,26,1,1,1
661,15,554,726,68,26,1,1,1
662,15,553,726,70,26,1,1,1
663,15,553,727,71,24,1,1,1
664,15,552,726,72,26,1,1,1
665,15,553,726,72,26,1,1,1
666,15,551,726,74,26,1,1,1
667,15,550,726,76,26,1,1,1
668,15,551,726,76,26,1,1,1
669,15,551,726,76,26,1,1,1
670,15,552,726,76,26,1,1,1
671,15,551,725,77,28,1,1,1
672,15,549,725,79,28,1,1,1
673,15,550,725,80,28,1,1,1
674,15,550,725,80,28,1,1,1
675,15,550,723,80,28,1,1,1
676,15,550,724,80,30,1,1,1
677,15,550,724,80,30,1,1,1
678,15,550,724,80,30,1,1,1
679,15,552,724,80,30,1,1,1
680,15,552,722,80,30,1,1,1
681,15,551,723,81,32,1,1,1
682,15,552,722,81,33,1,1,1
683,15,553,722,80,33,1,1,1
684,15,553,722,80,33,1,1,1
685,15,553,722,80,33,1,1,1
686,15,555,722,79,33,1,1,1
687,15,555,722,79,33,1,1,1
688,15,557,721,77,35,1,1,1
689,15,558,721,77,35,1,1,1
690,15,558,721,77,35,1,1,1
691,15,560,721,76,35,1,1,1
692,15,560,721,76,35,1,1,1
693,15,560,721,76,35,1,1,1
694,15,560,721,76,35,1,1,1
695,15,561,720,77,37,1,1,1
696,15,562,720,76,37,1,1,1
697,15,561,720,77,37,1,1,1
698,15,561,721,77,35,1,1,1
699,15,562,721,77,35,1,1,1
700,15,562,721,79,35,1,1,1
701,15,563,720,77,35,1,1,1
702,15,562,720,79,35,1,1,1
703,15,564,720,77,35,1,1,1
704,15,564,720,77,35,1,1,1
705,15,564,720,76,35,1,1,1
706,15,564,720,77,35,1,1,1
707,15,565,720,77,35,1,1,1
708,15,565,720,79,33,1,1,1
709,15,565,720,79,33,1,1,1
710,15,566,720,77,33,1,1,1
711,15,564,718,80,35,1,1,1
712,15,565,719,80,33,1,1,1
713,15,566,719,80,33,1,1,1
714,15,566,719,80,33,1,1,1
715,15,565,718,81,35,1,1,1
716,15,566,719,80,33,1,1,1
717,15,566,717,80,33,1,1,1
718,15,566,717,80,33,1,1,1
719,15,566,717,80,33,1,1,1
720,15,566,717,81,33,1,1,1
721,15,566,717,81,33,1,1,1
722,15,566,717,80,33,1,1,1
723,15,567,718,81,32,1,1,1
724,15,567,718,81,32,1,1,1
725,15,567,718,81,32,1,1,1
726,15,567,718,81,32,1,1,1
727,15,567,718,81,32,1,1,1
728,15,567,718,83,30,1,1,1
729,15,567,718,83,30,1,1,1
730,15,567,717,83,30,1,1,1
731,15,567,717,83,30,1,1,1
732,15,567,716,83,28,1,1,1
733,15,567,716,83,28,1,1,1
734,15,567,716,84,28,1,1,1
735,15,567,716,84,28,1,1,1
736,15,569,716,84,28,1,1,1
737,15,569,716,84,28,1,1,1
738,15,569,716,84,28,1,1,1
739,15,570,716,84,28,1,1,1
740,15,570,716,84,28,1,1,1
741,15,568,716,84,28,1,1,1
742,15,570,715,84,26,1,1,1
743,15,570,715,84,26,1,1,1
744,15,570,715,84,26,1,1,1
745,15,570,715,84,26,1,1,1
746,15,571,715,84,26,1,1,1
747,15,571,716,84,24,1,1,1
748,15,572,716,83,24,1,1,1
749,15,574,716,81,24,1,1,1
750,15,574,715,81,23,1,1,1
751,15,573,714,83,24,1,1,1
752,15,573,715,83,23,1,1,1
753,15,575,715,81,23,1,1,1
754,15,575,714,81,24,1,1,1
755,15,575,714,83,24,1,1,1
756,15,575,714,83,24,1,1,1
757,15,575,715,81,23,1,1,1
758,15,574,715,84,23,1,1,1
759,15,575,715,83,23,1,1,1
760,15,574,715,84,23,1,1,1
761,15,574,715,84,23,1,1,1
762,15,574,715,84,23,1,1,1
763,15,574,715,84,23,1,1,1
764,15,574,715,85,23,1,1,1
765,15,574,714,85,21,1,1,1
766,15,574,713,85,23,1,1,1
767,15,574,714,85,21,1,1,1
768,15,574,714,85,21,1,1,1
769,15,574,714,85,21,1,1,1
770,15,576,714,84,21,1,1,1
771,15,576,714,84,21,1,1,1
772,15,576,714,85,21,1,1,1
773,15,574,714,87,21,1,1,1
774,15,576,713,84,19,1,1,1
775,15,576,713,85,19,1,1,1
776,15,576,714,85,21,1,1,1
777,15,576,715,85,19,1,1,1
778,15,577,713,85,19,1,1,1
779,15,575,713,87,19,1,1,1
780,15,577,713,85,19,1,1,1
781,15,577,713,87,19,1,1,1
782,15,577,713,87,19,1,1,1
783,15,578,713,85,19,1,1,1
784,15,578,713,85,19,1,1,1
785,15,578,713,85,19,1,1,1
786,15,578,713,85,19,1,1,1
787,15,578,713,87,19,1,1,1
788,15,578,713,87,19,1,1,1
789,15,578,713,87,19,1,1,1
790,15,578,713,87,19,1,1,1
791,15,578,713,87,19,1,1,1
792,15,578,713,87,19,1,1,1
793,15,578,714,87,17,1,1,1
794,15,580,714,85,17,1,1,1
795,15,580,714,85,17,1,1,1
796,15,578,714,87,17,1,1,1
797,15,580,714,85,17,1,1,1
798,15,580,713,85,17,1,1,1
799,15,579,713,87,17,1,1,1
800,15,579,713,87,17,1,1,1
801,15,579,713,87,17,1,1,1
802,15,581,713,87,17,1,1,1
803,15,582,713,85,17,1,1,1
804,15,582,713,85,17,1,1,1
805,15,582,713,85,16,1,1,1
806,15,582,712,85,17,1,1,1
807,15,583,712,84,17,1,1,1
808,15,582,712,85,17,1,1,1
809,15,582,712,85,17,1,1,1
810,15,582,712,85,17,1,1,1
811,15,582,712,85,17,1,1,1
812,15,582,712,87,17,1,1,1
813,15,582,712,87,17,1,1,1
814,15,584,712,85,17,1,1,1
815,15,584,712,85,17,1,1,1
816,15,584,712,85,17,1,1,1
817,15,582,712,87,17,1,1,1
818,15,584,712,85,17,1,1,1
819,15,585,712,85,17,1,1,1
820,15,583,712,87,17,1,1,1
821,15,583,712,87,17,1,1,1
822,15,583,712,87,17,1,1,1
823,15,585,712,87,17,1,1,1
824,15,585,712,87,17,1,1,1
825,15,584,712,88,17,1,1,1
826,15,585,712,87,17,1,1,1
827,15,585,712,87,17,1,1,1
828,15,585,712,87,17,1,1,1
829,15,584,712,88,17,1,1,1
830,15,584,712,88,17,1,1,1
831,15,585,712,87,17,1,1,1
832,15,585,712,87,17,1,1,1
833,15,585,712,87,17,1,1,1
834,15,585,712,87,17,1,1,1
835,15,585,712,87,17,1,1,1
836,15,585,713,87,16,1,1,1
837,15,584,712,88,17,1,1,1
838,15,584,712,88,17,1,1,1
839,15,585,712,87,17,1,1,1
840,15,585,712,87,17,1,1,1
841,15,585,712,87,17,1,1,1
842,15,588,711,84,17,1,1,1
843,15,589,713,84,16,1,1,1
844,15,588,713,84,16,1,1,1
845,15,588,713,85,16,1,1,1
846,15,588,713,85,16,1,1,1
847,15,588,713,84,16,1,1,1
848,15,588,713,84,16,1,1,1
849,15,589,713,85,16,1,1,1
850,15,589,713,85,16,1,1,1
851,15,589,713,85,16,1,1,1
852,15,590,713,84,16,1,1,1
853,15,590,713,84,16,1,1,1
854,15,590,713,84,16,1,1,1
855,15,591,712,84,16,1,1,1
856,15,591,712,84,16,1,1,1
857,15,591,711,84,17,1,1,1
858,15,592,711,83,17,1,1,1
859,15,592,711,83,17,1,1,1
860,15,594,709,81,17,1,1,1
861,15,594,709,80,17,1,1,1
862,15,594,708,80,19,1,1,1
863,15,596,706,80,19,1,1,1
864,15,594,705,80,21,1,1,1
865,15,596,704,80,23,1,1,1
866,15,598,704,77,24,1,1,1
867,15,598,703,77,26,1,1,1
868,15,601,703,76,26,1,1,1
869,15,601,701,76,26,1,1,1
870,15,604,700,72,28,1,1,1
871,15,604,700,72,28,1,1,1
872,15,607,699,70,30,1,1,1
873,15,608,699,70,30,1,1,1
874,15,610,697,68,33,1,1,1
875,15,610,697,68,33,1,1,1
876,15,612,697,67,33,1,1,1
877,15,613,696,67,35,1,1,1
878,15,613,696,68,37,1,1,1
879,15,612,696,70,35,1,1,1
880,15,613,695,71,39,1,1,1
881,15,612,695,72,39,1,1,1
882,15,613,695,72,39,1,1,1
883,15,612,694,74,40,1,1,1
884,15,614,694,72,40,1,1,1
885,15,614,693,74,42,1,1,1
886,15,615,693,75,46,1,1,1
887,15,615,693,75,42,1,1,1
888,15,618,692,72,44,1,1,1
889,15,621,691,71,42,1,1,1
890,15,622,691,70,42,1,1,1
891,15,630,690,64,40,1,1,1
892,15,632,690,64,37,1,1,1
893,15,632,691,64,39,1,1,1
894,15,633,690,64,37,1,1,1
895,15,631,690,67,40,1,1,1
896,15,630,689,72,33,1,1,1
897,15,636,691,65,33,1,1,1
898,15,637,690,65,33,1,1,1
899,15,638,689,65,33,1,1,1
900,15,628,688,74,44,1,1,1
901,15,630,688,72,42,1,1,1
902,15,629,689,75,42,1,1,1
903,15,631,688,75,40,1,1,1
904,15,632,688,75,37,1,1,1
905,15,632,687,76,37,1,1,1
906,15,632,687,76,37,1,1,1
907,15,632,687,76,37,1,1,1
908,15,632,687,76,35,1,1,1
909,15,633,687,77,33,1,1,1
910,15,633,687,79,33,1,1,1
911,15,633,687,79,33,1,1,1
912,15,634,685,80,33,1,1,1
913,15,634,685,80,30,1,1,1
914,15,635,686,80,28,1,1,1
915,15,634,684,80,28,1,1,1
916,15,636,684,80,28,1,1,1
917,15,636,684,80,28,1,1,1
918,15,636,682,80,28,1,1,1
919,15,637,682,80,28,1,1,1
920,15,636,681,81,30,1,1,1
921,15,637,680,80,28,1,1,1
922,15,637,678,80,30,1,1,1
923,15,637,677,80,30,1,1,1
924,15,637,673,80,33,1,1,1
925,15,642,671,74,33,1,1,1
926,15,642,671,72,33,1,1,1
927,15,645,668,70,35,1,1,1
928,15,649,667,65,37,1,1,1
929,15,652,666,60,39,1,1,1
930,15,653,664,60,42,1,1,1
931,15,656,663,56,44,1,1,1
932,15,657,663,54,44,1,1,1
933,15,660,659,51,49,1,1,1
934,15,662,659,48,49,1,1,1
935,15,666,658,44,51,1,1,1
936,15,668,657,42,53,1,1,1
937,15,670,654,39,56,1,1,1
938,15,672,654,36,56,1,1,1
939,15,673,653,35,58,1,1,1
940,15,675,652,33,60,1,1,1
941,15,677,650,31,64,1,1,1
942,15,677,649,30,65,1,1,1
943,15,680,648,28,67,1,1,1
944,15,682,647,26,69,1,1,1
945,15,684,646,24,71,1,1,1
946,15,686,645,20,74,1,1,1
947,15,688,643,19,74,1,1,1
948,15,688,642,19,76,1,1,1
949,15,688,640,19,78,1,1,1
950,15,689,640,20,78,1,1,1
951,15,688,639,20,78,1,1,1
952,15,688,636,20,81,1,1,1
953,15,686,634,22,81,1,1,1
954,15,686,634,23,81,1,1,1
955,15,685,632,24,81,1,1,1
956,15,686,632,23,81,1,1,1
957,15,685,630,24,80,1,1,1
958,15,685,630,24,80,1,1,1
959,15,685,628,24,80,1,1,1
960,15,683,626,26,81,1,1,1
961,15,683,625,26,81,1,1,1
962,15,683,623,27,83,1,1,1
963,15,682,623,24,83,1,1,1
964,15,682,621,26,83,1,1,1
965,15,682,622,26,81,1,1,1
966,15,682,620,24,81,1,1,1
967,15,681,619,24,80,1,1,1
968,15,679,618,26,81,1,1,1
969,15,679,619,26,80,1,1,1
970,15,677,616,27,81,1,1,1
971,15,676,616,28,81,1,1,1
972,15,674,616,31,80,1,1,1
973,15,673,616,31,76,1,1,1
974,15,671,615,31,74,1,1,1
975,15,670,616,31,72,1,1,1
976,15,668,617,32,69,1,1,1
977,15,664,617,36,69,1,1,1
978,15,664,619,37,65,1,1,1
979,15,663,618,40,65,1,1,1
980,15,661,620,42,60,1,1,1
981,15,658,619,44,58,1,1,1
982,15,656,620,48,53,1,1,1
983,15,655,619,51,51,1,1,1
984,15,654,621,52,48,1,1,1
985,15,653,621,54,44,1,1,1
986,15,652,620,56,42,1,1,1
987,15,649,620,60,42,1,1,1
988,15,648,618,60,42,1,1,1
989,15,648,618,62,39,1,1,1
990,15,643,618,68,39,1,1,1
991,15,635,617,77,37,1,1,1
992,15,633,615,80,35,1,1,1
993,15,633,615,81,32,1,1,1
994,15,634,614,81,28,1,1,1
995,15,633,613,80,28,1,1,1
996,15,633,610,80,30,1,1,1
997,15,631,610,77,30,1,1,1
998,15,630,609,80,32,1,1,1
999,15,628,609,80,32,1,1,1
1000,15,626,607,79,33,1,1,1
1001,15,624,607,76,33,1,1,1
1002,15,622,606,76,35,1,1,1
1003,15,621,606,77,35,1,1,1
1004,15,618,605,76,37,1,1,1
1005,15,616,605,76,37,1,1,1
1006,15,615,604,76,39,1,1,1
1007,15,612,602,76,39,1,1,1
1008,15,611,602,76,39,1,1,1
1009,15,609,601,75,40,1,1,1
1010,15,606,600,76,42,1,1,1
1011,15,605,600,75,42,1,1,1
1012,15,603,599,74,42,1,1,1
1013,15,602,598,72,44,1,1,1
1014,15,600,598,74,44,1,1,1
1015,15,598,596,74,44,1,1,1
1016,15,598,596,72,44,1,1,1
1017,15,595,595,75,46,1,1,1
1018,15,595,595,75,46,1,1,1
1019,15,592,593,76,46,1,1,1
1020,15,592,593,76,46,1,1,1
1021,15,590,592,76,46,1,1,1
1022,15,588,592,77,46,1,1,1
1023,15,587,591,77,44,1,1,1
1024,15,586,590,76,39,1,1,1
1025,15,585,588,74,39,1,1,1
1026,15,581,587,67,37,1,1,1
1027,15,580,587,67,37,1,1,1
1028,15,578,585,68,37,1,1,1
1029,15,577,585,70,37,1,1,1
1030,15,576,584,70,37,1,1,1
1031,15,576,584,68,37,1,1,1
1032,15,573,584,72,35,1,1,1
1033,15,572,582,68,37,1,1,1
1034,15,570,582,74,37,1,1,1
1035,15,569,581,71,39,1,1,1
1036,15,568,579,70,39,1,1,1
1037,15,566,579,72,39,1,1,1
1038,15,566,579,74,39,1,1,1
1039,15,565,577,72,39,1,1,1
1040,15,564,576,75,42,1,1,1
1041,15,563,576,75,42,1,1,1
1042,15,561,575,75,44,1,1,1
1043,15,560,573,75,44,1,1,1
1044,15,558,573,72,44,1,1,1
1045,15,558,571,74,44,1,1,1
1046,15,556,571,74,44,1,1,1
1047,15,555,571,74,44,1,1,1
1048,15,555,570,75,46,1,1,1
1049,15,554,568,72,46,1,1,1
1050,15,552,568,72,46,1,1,1
1051,15,551,566,71,48,1,1,1
1052,15,551,565,72,49,1,1,1
1053,15,551,565,72,49,1,1,1
1054,15,550,563,71,49,1,1,1
1055,15,548,561,72,51,1,1,1
1056,15,549,561,71,51,1,1,1
1057,15,549,560,71,53,1,1,1
1058,15,548,560,68,53,1,1,1
1059,15,548,559,68,53,1,1,1
1060,15,547,557,68,55,1,1,1
1061,15,546,556,68,56,1,1,1
1062,15,545,554,67,58,1,1,1
1063,15,546,553,65,58,1,1,1
1064,15,545,552,64,58,1,1,1
1065,15,544,552,64,56,1,1,1
1066,15,543,551,63,56,1,1,1
1067,15,543,549,64,56,1,1,1
1068,15,542,550,63,53,1,1,1
1069,15,542,548,63,55,1,1,1
1070,15,541,548,63,55,1,1,1
1071,15,541,548,63,55,1,1,1
1072,15,540,545,62,56,1,1,1
1073,15,538,545,60,56,1,1,1
1074,15,538,544,57,56,1,1,1
1075,15,537,543,60,58,1,1,1
1076,15,536,543,59,58,1,1,1
1077,15,536,542,60,60,1,1,1
1078,15,534,542,60,60,1,1,1
1079,15,535,541,59,62,1,1,1
1080,15,534,541,57,62,1,1,1
1081,15,532,540,56,64,1,1,1
1082,15,531,538,55,65,1,1,1
1083,15,532,538,52,65,1,1,1
1084,15,530,539,54,65,1,1,1
1085,15,530,538,52,65,1,1,1
1086,15,527,537,52,67,1,1,1
1087,15,527,536,51,67,1,1,1
1088,15,527,534,49,69,1,1,1
1089,15,526,533,48,69,1,1,1
1090,15,523,519,51,81,1,1,1
1091,15,524,522,49,78,1,1,1
1092,15,523,518,49,80,1,1,1
1093,15,521,517,51,81,1,1,1
1094,15,521,527,51,69,1,1,1
1095,15,521,529,52,65,1,1,1
1096,15,520,530,54,62,1,1,1
1097,15,518,530,55,62,1,1,1
1098,15,518,530,55,62,1,1,1
1099,15,518,528,55,62,1,1,1
1100,15,518,529,56,60,1,1,1
1101,15,517,529,57,60,1,1,1
1102,15,516,528,59,60,1,1,1
1103,15,515,528,60,58,1,1,1
1104,15,515,527,62,58,1,1,1
1105,15,512,528,64,56,1,1,1
1106,15,513,526,64,56,1,1,1
1107,15,512,526,65,56,1,1,1
1108,15,512,525,67,55,1,1,1
1109,15,510,524,68,53,1,1,1
1110,15,510,524,68,53,1,1,1
1111,15,508,523,68,51,1,1,1
1112,15,508,522,70,53,1,1,1
1113,15,507,521,71,51,1,1,1
1114,15,506,520,71,51,1,1,1
1115,15,506,520,72,51,1,1,1
1116,15,505,520,72,51,1,1,1
1117,15,504,519,72,49,1,1,1
1118,15,504,519,72,49,1,1,1
1119,15,502,519,72,49,1,1,1
1120,15,502,517,72,49,1,1,1
1121,15,501,517,72,49,1,1,1
1122,15,500,517,72,49,1,1,1
1123,15,500,515,72,49,1,1,1
1124,15,501,515,71,49,1,1,1
1125,15,498,514,71,51,1,1,1
1126,15,498,514,71,51,1,1,1
1127,15,497,514,71,51,1,1,1
1128,15,497,513,71,53,1,1,1
1129,15,495,513,71,53,1,1,1
1130,15,496,512,70,55,1,1,1
1131,15,494,512,70,56,1,1,1
1132,15,493,512,71,56,1,1,1
1133,15,494,510,68,56,1,1,1
1134,15,492,511,70,58,1,1,1
1135,15,492,511,68,58,1,1,1
1136,15,492,509,68,58,1,1,1
1137,15,489,509,70,58,1,1,1
1138,15,490,509,68,58,1,1,1
1139,15,489,507,68,58,1,1,1
1140,15,488,507,67,58,1,1,1
1141,15,488,506,68,60,1,1,1
1142,15,488,507,68,58,1,1,1
1143,15,487,506,67,56,1,1,1
1144,15,486,505,68,58,1,1,1
1145,15,485,506,68,56,1,1,1
1146,15,483,504,68,56,1,1,1
1147,15,483,504,68,56,1,1,1
1148,15,483,504,68,56,1,1,1
1149,15,483,504,68,56,1,1,1
1150,15,481,503,70,56,1,1,1
1151,15,480,503,70,56,1,1,1
1152,15,479,501,71,56,1,1,1
1153,15,479,501,71,56,1,1,1
1154,15,478,502,71,55,1,1,1
1155,15,477,500,72,55,1,1,1
1156,15,477,501,72,53,1,1,1
1157,15,477,500,72,55,1,1,1
1158,15,476,499,72,53,1,1,1
1159,15,476,499,72,53,1,1,1
1160,15,474,499,74,53,1,1,1
1161,15,474,497,72,53,1,1,1
1162,15,474,498,72,51,1,1,1
1163,15,474,496,74,51,1,1,1
1164,15,472,496,75,51,1,1,1
1165,15,472,496,75,51,1,1,1
1166,15,472,496,76,51,1,1,1
1167,15,470,494,76,53,1,1,1
1168,15,470,495,76,51,1,1,1
1169,15,470,494,76,53,1,1,1
1170,15,470,493,76,51,1,1,1
1171,15,470,493,76,51,1,1,1
1172,15,469,493,77,51,1,1,1
1173,15,468,491,77,51,1,1,1
1174,15,468,492,76,49,1,1,1
1175,15,467,492,77,49,1,1,1
1176,15,467,491,76,51,1,1,1
1177,15,467,490,76,49,1,1,1
1178,15,466,490,76,49,1,1,1
1179,15,464,489,76,49,1,1,1
1180,15,465,489,76,49,1,1,1
1181,15,463,489,76,48,1,1,1
1182,15,464,489,75,48,1,1,1
1183,15,463,487,75,49,1,1,1
1184,15,461,487,75,49,1,1,1
1185,15,462,488,72,48,1,1,1
1186,15,462,488,72,48,1,1,1
1187,15,461,487,72,49,1,1,1
1188,15,460,487,74,49,1,1,1
1189,15,459,485,74,49,1,1,1
1190,15,460,485,72,49,1,1,1
1191,15,458,484,74,51,1,1,1
1192,15,458,484,74,51,1,1,1
1193,15,458,484,74,51,1,1,1
1194,15,458,484,74,51,1,1,1
1195,15,458,484,74,51,1,1,1
1196,15,457,484,72,51,1,1,1
1197,15,455,483,74,53,1,1,1
1198,15,455,483,74,53,1,1,1
1199,15,454,481,74,53,1,1,1
1200,15,454,481,74,53,1,1,1
1201,15,454,480,74,55,1,1,1
1202,15,452,480,74,55,1,1,1
1203,15,451,480,74,55,1,1,1
1204,15,451,480,74,55,1,1,1
1205,15,452,480,72,56,1,1,1
1206,15,452,480,72,56,1,1,1
1207,15,451,480,72,56,1,1,1
1208,15,451,480,72,56,1,1,1
1209,15,450,480,72,56,1,1,1
1210,15,448,480,72,56,1,1,1
1211,15,448,478,72,56,1,1,1
1212,15,449,478,71,56,1,1,1
1213,15,448,478,72,56,1,1,1
1214,15,447,478,71,56,1,1,1
1215,15,448,478,70,56,1,1,1
1216,15,446,477,71,55,1,1,1
1217,15,445,477,70,55,1,1,1
1218,15,444,478,70,53,1,1,1
1219,15,444,476,70,53,1,1,1
1220,15,444,476,70,53,1,1,1
1221,15,442,476,70,53,1,1,1
1222,15,442,476,70,53,1,1,1
1223,15,442,476,70,53,1,1,1
1224,15,441,474,70,53,1,1,1
1225,15,442,475,68,51,1,1,1
1226,15,440,475,70,51,1,1,1
1227,15,441,475,71,51,1,1,1
1228,15,440,475,70,51,1,1,1
1229,15,439,473,71,51,1,1,1
1230,15,439,473,71,51,1,1,1
1231,15,439,474,72,49,1,1,1
1232,15,438,472,72,51,1,1,1
1233,15,438,472,74,51,1,1,1
1234,15,438,472,74,51,1,1,1
1235,15,436,471,75,49,1,1,1
1236,15,436,472,75,48,1,1,1
1237,15,435,472,76,48,1,1,1
1238,15,435,471,76,46,1,1,1
1239,15,435,470,76,48,1,1,1
1240,15,435,470,76,46,1,1,1
1241,15,434,469,76,46,1,1,1
1242,15,434,469,77,46,1,1,1
1243,15,434,469,77,46,1,1,1
1244,15,433,468,79,44,1,1,1
1245,15,433,468,77,44,1,1,1
1246,15,433,467,77,42,1,1,1
1247,15,433,467,77,42,1,1,1
1248,15,432,467,77,42,1,1,1
1249,15,432,467,76,42,1,1,1
1250,15,431,467,76,42,1,1,1
1251,15,430,467,76,42,1,1,1
1252,15,430,466,76,42,1,1,1
1253,15,429,465,79,42,1,1,1
1254,15,428,465,76,42,1,1,1
1255,15,428,465,75,42,1,1,1
1256,15,428,465,76,42,1,1,1
1257,15,428,464,76,44,1,1,1
1258,15,428,464,76,44,1,1,1
1259,15,427,464,76,44,1,1,1
1260,15,426,464,76,44,1,1,1
1261,15,426,464,76,44,1,1,1
1262,15,425,462,77,46,1,1,1
1263,15,424,462,76,46,1,1,1
1264,15,424,462,76,46,1,1,1
1265,15,424,461,77,48,1,1,1
1266,15,424,461,76,48,1,1,1
1267,15,422,462,76,46,1,1,1
1268,15,422,461,76,48,1,1,1
1269,15,422,460,74,49,1,1,1
1270,15,422,460,74,49,1,1,1
1271,15,421,460,76,49,1,1,1
1272,15,420,461,75,48,1,1,1
1273,15,420,460,75,49,1,1,1
1274,15,419,460,76,49,1,1,1
1275,15,420,460,75,49,1,1,1
1276,15,418,460,74,49,1,1,1
1277,15,418,459,76,51,1,1,1
1278,15,417,459,75,51,1,1,1
1279,15,417,459,75,51,1,1,1
1280,15,417,458,75,53,1,1,1
1281,15,418,458,74,53,1,1,1
1282,15,416,458,75,53,1,1,1
1283,15,416,458,75,53,1,1,1
1284,15,415,458,75,53,1,1,1
1285,15,415,458,75,53,1,1,1
1286,15,415,458,75,53,1,1,1
1287,15,414,456,76,53,1,1,1
1288,15,414,456,76,53,1,1,1
1289,15,414,456,76,53,1,1,1
1290,15,414,456,76,55,1,1,1
1291,15,413,456,75,55,1,1,1
1292,15,412,456,75,55,1,1,1
1293,15,412,456,75,55,1,1,1
1294,15,412,456,75,55,1,1,1
1295,15,412,456,75,53,1,1,1
1296,15,410,456,76,53,1,1,1
1297,15,411,455,75,53,1,1,1
1298,15,410,455,76,53,1,1,1
1299,15,409,455,75,53,1,1,1
1300,15,409,455,75,53,1,1,1
1301,15,409,454,75,55,1,1,1
1302,15,409,454,76,53,1,1,1
1303,15,408,453,75,53,1,1,1
1304,15,408,453,76,53,1,1,1
1305,15,407,453,76,53,1,1,1
1306,15,407,452,76,55,1,1,1
1307,15,407,453,76,53,1,1,1
1308,15,406,452,77,55,1,1,1
1309,15,406,451,76,53,1,1,1
1310,15,406,451,76,53,1,1,1
1311,15,404,451,76,53,1,1,1
1312,15,404,451,76,53,1,1,1
1313,15,405,451,76,53,1,1,1
1314,15,405,451,76,53,1,1,1
1315,15,403,451,76,53,1,1,1
1316,15,403,452,76,51,1,1,1
1317,15,403,451,76,53,1,1,1
1318,15,403,451,76,53,1,1,1
1319,15,403,450,76,51,1,1,1
1320,15,403,450,76,51,1,1,1
1321,15,401,449,77,53,1,1,1
1322,15,402,450,76,51,1,1,1
1323,15,401,449,77,51,1,1,1
1324,15,401,448,77,51,1,1,1
1325,15,400,448,76,51,1,1,1
1326,15,400,448,77,51,1,1,1
1327,15,400,449,77,49,1,1,1
1328,15,400,449,77,49,1,1,1
1329,15,398,447,79,51,1,1,1
1330,15,398,447,77,51,1,1,1
1331,15,398,448,77,49,1,1,1
1332,15,398,448,77,49,1,1,1
1333,15,398,448,77,49,1,1,1
1334,15,399,448,76,49,1,1,1
1335,15,399,447,76,51,1,1,1
1336,15,398,447,77,51,1,1,1
1337,15,398,447,77,51,1,1,1
1338,15,398,447,77,49,1,1,1
1339,15,397,447,77,49,1,1,1
1340,15,397,447,77,49,1,1,1
1341,15,396,445,77,51,1,1,1
1342,15,396,446,77,49,1,1,1
1343,15,394,446,77,49,1,1,1
1344,15,394,446,77,49,1,1,1
1345,15,394,446,77,49,1,1,1
1346,15,395,446,76,49,1,1,1
1347,15,394,446,77,49,1,1,1
1348,15,394,444,77,49,1,1,1
1349,15,394,444,76,49,1,1,1
1350,15,393,444,77,49,1,1,1
1351,15,393,444,79,49,1,1,1
1352,15,391,444,79,49,1,1,1
1353,15,391,444,79,49,1,1,1
1354,15,391,444,80,49,1,1,1
1355,15,390,444,79,49,1,1,1
1356,15,390,444,79,49,1,1,1
1357,15,390,442,79,49,1,1,1
1358,15,390,442,79,49,1,1,1
1359,15,391,442,77,49,1,1,1
1360,15,390,442,79,49,1,1,1
1361,15,390,442,79,49,1,1,1
1362,15,390,442,77,49,1,1,1
1363,15,389,441,79,49,1,1,1
1364,15,389,441,79,49,1,1,1
1365,15,388,442,80,49,1,1,1
1366,15,387,441,79,49,1,1,1
1367,15,387,441,79,49,1,1,1
1368,15,388,441,77,49,1,1,1
1369,15,388,440,77,49,1,1,1
1370,15,388,440,77,49,1,1,1
1371,15,387,440,77,49,1,1,1
1372,15,387,440,76,49,1,1,1
1373,15,387,440,76,49,1,1,1
1374,15,386,439,77,49,1,1,1
1375,15,386,439,76,49,1,1,1
1376,15,386,439,76,49,1,1,1
1377,15,385,439,77,49,1,1,1
1378,15,385,439,77,49,1,1,1
1379,15,385,439,77,49,1,1,1
1380,15,384,439,76,49,1,1,1
1381,15,384,440,76,48,1,1,1
1382,15,384,439,77,49,1,1,1
1383,15,384,439,77,49,1,1,1
1384,15,384,439,77,49,1,1,1
1385,15,384,439,77,49,1,1,1
1386,15,382,439,79,49,1,1,1
1387,15,382,437,79,49,1,1,1
1388,15,383,437,77,49,1,1,1
1389,15,382,436,79,51,1,1,1
1390,15,382,436,79,51,1,1,1
1391,15,381,436,77,51,1,1,1
1392,15,381,436,79,51,1,1,1
1393,15,381,436,79,51,1,1,1
1394,15,381,436,77,51,1,1,1
1395,15,381,436,77,51,1,1,1
1396,15,381,436,77,51,1,1,1
1397,15,381,437,77,49,1,1,1
1398,15,380,437,77,49,1,1,1
1399,15,380,437,76,49,1,1,1
1400,15,380,437,76,49,1,1,1
1401,15,379,435,76,49,1,1,1
1402,15,379,436,76,51,1,1,1
1403,15,378,436,76,51,1,1,1
1404,15,378,435,76,49,1,1,1
1405,15,378,434,76,51,1,1,1
1406,15,379,434,75,51,1,1,1
1407,15,379,434,75,51,1,1,1
1408,15,378,434,76,51,1,1,1
1409,15,377,434,75,51,1,1,1
1410,15,377,434,76,51,1,1,1
1411,15,377,434,76,51,1,1,1
1412,15,376,434,76,51,1,1,1
1413,15,375,433,76,51,1,1,1
1414,15,375,435,76,49,1,1,1
1415,15,375,433,76,49,1,1,1
1416,15,375,434,75,48,1,1,1
1417,15,375,435,74,46,1,1,1
1418,15,375,435,74,46,1,1,1
1419,15,375,435,75,46,1,1,1
1420,15,375,434,75,48,1,1,1
1421,15,375,433,75,49,1,1,1
1422,15,374,433,76,49,1,1,1
1423,15,373,433,75,49,1,1,1
1424,15,373,431,75,51,1,1,1
1425,15,373,432,76,51,1,1,1
1426,15,372,433,75,49,1,1,1
1427,15,372,432,75,49,1,1,1
1428,15,372,432,75,49,1,1,1
1429,15,372,432,74,49,1,1,1
1430,15,372,432,74,48,1,1,1
1431,15,372,432,74,48,1,1,1
1432,15,372,432,74,48,1,1,1
1433,15,372,432,75,49,1,1,1
1434,15,371,431,74,51,1,1,1
1435,15,371,431,75,51,1,1,1
1436,15,371,431,75,51,1,1,1
1437,15,371,431,75,51,1,1,1
1438,15,370,430,74,49,1,1,1
1439,15,370,430,74,49,1,1,1
1440,15,370,430,74,49,1,1,1
1441,15,370,430,74,49,1,1,1
1442,15,370,430,74,49,1,1,1
1443,15,370,430,74,49,1,1,1
1444,15,370,429,74,51,1,1,1
1445,15,370,429,74,51,1,1,1
1446,15,369,429,74,51,1,1,1
1447,15,369,429,74,51,1,1,1
1448,15,369,429,74,51,1,1,1
1449,15,369,429,74,51,1,1,1
1450,15,367,429,74,51,1,1,1
1451,15,367,430,74,49,1,1,1
1452,15,366,430,74,49,1,1,1
1453,15,366,430,74,49,1,1,1
1454,15,365,430,75,49,1,1,1
1455,15,366,429,76,48,1,1,1
1456,15,366,431,76,46,1,1,1
1457,15,365,430,77,46,1,1,1
1458,15,365,431,79,44,1,1,1
1459,15,364,431,80,44,1,1,1
1460,15,364,432,80,42,1,1,1
1461,15,363,432,79,42,1,1,1
1462,15,363,432,80,42,1,1,1
1463,15,362,432,74,42,1,1,1
1464,15,362,432,72,42,1,1,1
1465,15,361,432,72,42,1,1,1
1466,15,360,432,72,42,1,1,1
1467,15,361,431,71,44,1,1,1
1468,15,359,431,71,44,1,1,1
1469,15,360,431,70,44,1,1,1
1470,15,359,432,68,42,1,1,1
1471,15,359,432,67,42,1,1,1
1472,15,358,432,68,42,1,1,1
1473,15,357,432,67,40,1,1,1
1474,15,357,432,68,39,1,1,1
1475,15,357,432,68,37,1,1,1
1476,15,356,431,68,37,1,1,1
1477,15,356,432,68,35,1,1,1
1478,15,355,431,70,35,1,1,1
1479,15,355,431,68,33,1,1,1
1480,15,355,430,68,32,1,1,1
1481,15,353,431,70,30,1,1,1
1482,15,354,429,71,30,1,1,1
1483,15,352,430,72,28,1,1,1
1484,15,352,429,72,26,1,1,1
1485,15,351,429,74,26,1,1,1
1486,15,351,429,75,26,1,1,1
1487,15,350,429,76,26,1,1,1
1488,15,350,429,76,26,1,1,1
1489,15,351,429,75,26,1,1,1
1490,15,350,429,76,26,1,1,1
1491,15,350,429,76,26,1,1,1
1492,15,349,427,77,26,1,1,1
1493,15,348,427,77,26,1,1,1
1494,15,348,428,77,28,1,1,1
1495,15,348,428,77,28,1,1,1
1496,15,346,426,79,28,1,1,1
1497,15,346,427,79,30,1,1,1
1498,15,347,425,77,30,1,1,1
1499,15,346,425,79,30,1,1,1
1500,15,346,425,79,30,1,1,1
1501,15,346,425,80,30,1,1,1
1502,15,344,426,80,32,1,1,1
1503,15,344,426,80,32,1,1,1
1504,15,344,426,80,32,1,1,1
1505,15,344,424,80,33,1,1,1
1506,15,344,424,80,33,1,1,1
1507,15,344,425,80,33,1,1,1
1508,15,342,425,80,33,1,1,1
1509,15,343,424,80,33,1,1,1
1510,15,343,425,80,33,1,1,1
1511,15,343,423,80,35,1,1,1
1512,15,342,424,79,35,1,1,1
1513,15,342,424,80,35,1,1,1
1514,15,342,424,79,37,1,1,1
1515,15,342,424,79,37,1,1,1
1516,15,341,423,79,39,1,1,1
1517,15,341,423,79,39,1,1,1
1518,15,341,423,77,39,1,1,1
1519,15,341,423,77,39,1,1,1
1520,15,341,423,77,39,1,1,1
1521,15,340,423,77,39,1,1,1
1522,15,340,423,77,39,1,1,1
1523,15,340,422,76,40,1,1,1
1524,15,340,422,76,40,1,1,1
1525,15,340,422,76,40,1,1,1
1526,15,339,421,76,42,1,1,1
1527,15,339,421,76,42,1,1,1
1528,15,339,421,76,42,1,1,1
1529,15,338,421,76,42,1,1,1
1530,15,338,420,76,44,1,1,1
1531,15,338,420,76,44,1,1,1
1532,15,339,420,75,44,1,1,1
1533,15,339,419,75,46,1,1,1
1534,15,338,419,76,46,1,1,1
1535,15,338,419,74,46,1,1,1
1536,15,338,419,74,46,1,1,1
1537,15,338,419,72,46,1,1,1
1538,15,338,419,74,46,1,1,1
1539,15,338,419,72,46,1,1,1
1540,15,338,418,74,48,1,1,1
1541,15,338,418,72,48,1,1,1
1542,15,338,418,72,49,1,1,1
1543,15,338,418,74,49,1,1,1
1544,15,338,418,74,49,1,1,1
1545,15,338,418,74,49,1,1,1
1546,15,336,417,74,49,1,1,1
1547,15,336,417,74,49,1,1,1
1548,15,336,417,74,49,1,1,1
1549,15,337,417,72,51,1,1,1
1550,15,336,417,74,51,1,1,1
1551,15,337,417,72,51,1,1,1
1552,15,337,416,72,51,1,1,1
1553,15,336,416,72,53,1,1,1
1554,15,336,416,72,53,1,1,1
1555,15,336,416,72,53,1,1,1
1556,15,336,417,72,53,1,1,1
1557,15,336,417,72,53,1,1,1
1558,15,336,417,72,53,1,1,1
1559,15,336,416,72,56,1,1,1
1560,15,336,416,72,56,1,1,1
1561,15,335,416,71,56,1,1,1
1562,15,335,416,71,56,1,1,1
1563,15,336,416,70,56,1,1,1
1564,15,336,416,70,56,1,1,1
1565,15,336,416,68,56,1,1,1
1566,15,334,415,70,58,1,1,1
1567,15,336,416,68,56,1,1,1
1568,15,336,415,68,58,1,1,1
1569,15,336,415,68,58,1,1,1
1570,15,335,415,68,58,1,1,1
1571,15,334,415,68,58,1,1,1
1572,15,334,415,68,58,1,1,1
1573,15,335,414,67,60,1,1,1
1574,15,335,414,67,60,1,1,1
1575,15,333,414,67,60,1,1,1
1576,15,332,414,68,60,1,1,1
1577,15,335,414,65,60,1,1,1
1578,15,335,414,65,60,1,1,1
1579,15,334,413,68,62,1,1,1
1580,15,334,413,65,62,1,1,1
1581,15,334,414,65,62,1,1,1
1582,15,332,414,67,62,1,1,1
1583,15,334,413,64,62,1,1,1
1584,15,334,413,64,62,1,1,1
1585,15,334,413,64,62,1,1,1
1586,15,332,413,67,65,1,1,1
1587,15,332,413,64,65,1,1,1
1588,15,324,414,72,67,1,1,1
1589,15,333,412,64,64,1,1,1
1590,15,333,413,64,65,1,1,1
1591,15,334,413,63,65,1,1,1
1592,15,334,413,63,65,1,1,1
1593,15,333,413,61,68,1,1,1
1594,15,334,412,61,68,1,1,1
1595,15,333,412,62,68,1,1,1
1596,15,333,411,62,69,1,1,1
1597,15,334,411,61,70,1,1,1
1598,15,333,411,62,70,1,1,1
1599,15,334,411,60,71,1,1,1
1600,15,333,410,60,70,1,1,1
1601,15,333,410,61,70,1,1,1
1602,15,332,410,63,72,1,1,1
1603,15,333,410,62,73,1,1,1
1604,15,333,410,60,71,1,1,1
1605,15,334,410,59,70,1,1,1
1606,15,332,410,60,72,1,1,1
1607,15,332,410,61,72,1,1,1
1608,15,335,410,58,72,1,1,1
1609,15,333,410,60,71,1,1,1
1610,15,333,410,60,71,1,1,1
1611,15,333,410,59,72,1,1,1
1612,15,332,410,60,73,1,1,1
1613,15,331,410,63,74,1,1,1
1614,15,332,411,62,72,1,1,1
1615,15,332,410,60,72,1,1,1
1616,15,332,410,60,73,1,1,1
1617,15,331,411,59,72,1,1,1
1618,15,331,409,61,76,1,1,1
1619,15,333,410,59,73,1,1,1
1620,15,330,409,62,75,1,1,1
1621,15,333,410,59,73,1,1,1
1622,15,330,410,62,74,1,1,1
1623,15,330,409,61,75,1,1,1
1624,15,333,409,58,74,1,1,1
1625,15,331,411,60,72,1,1,1
1626,15,331,410,62,71,1,1,1
1627,15,331,410,60,71,1,1,1
1628,15,331,410,60,71,1,1,1
1629,15,331,410,60,71,1,1,1
1630,15,330,410,60,71,1,1,1
1631,15,330,411,60,72,1,1,1
1632,15,330,410,60,71,1,1,1
1633,15,330,409,60,74,1,1,1
1634,15,330,411,60,72,1,1,1
1635,15,330,411,60,72,1,1,1
1636,15,330,411,60,72,1,1,1
1637,15,330,411,60,72,1,1,1
1638,15,328,411,60,72,1,1,1
1639,15,329,412,59,71,1,1,1
1640,15,329,411,59,72,1,1,1
1641,15,329,412,59,71,1,1,1
1642,15,329,412,59,71,1,1,1
1643,15,329,412,59,71,1,1,1
1644,15,329,411,59,72,1,1,1
1645,15,329,411,59,72,1,1,1
1646,15,329,411,59,72,1,1,1
1647,15,330,411,57,72,1,1,1
1648,15,330,411,57,72,1,1,1
1649,15,330,411,57,72,1,1,1
1650,15,330,413,56,71,1,1,1
1651,15,330,413,56,71,1,1,1
1652,15,330,412,57,74,1,1,1
1653,15,330,412,57,74,1,1,1
1654,15,330,412,56,74,1,1,1
1655,15,329,413,56,72,1,1,1
1656,15,329,413,56,72,1,1,1
1657,15,329,413,56,72,1,1,1
1658,15,330,415,55,71,1,1,1
1659,15,329,415,54,71,1,1,1
1660,15,329,415,54,71,1,1,1
1661,15,329,415,54,71,1,1,1
1662,15,329,416,54,71,1,1,1
1663,15,330,415,55,71,1,1,1
1664,15,330,416,55,71,1,1,1
1665,15,330,415,55,72,1,1,1
1666,15,329,416,54,71,1,1,1
1667,15,329,416,54,71,1,1,1
1668,15,329,415,54,72,1,1,1
1669,15,329,416,54,71,1,1,1
1670,15,329,416,54,71,1,1,1
1671,15,329,416,54,71,1,1,1
1672,15,329,416,54,71,1,1,1
1673,15,329,415,54,72,1,1,1
1674,15,329,415,54,72,1,1,1
1675,15,329,416,54,72,1,1,1
1676,15,328,414,56,74,1,1,1
1677,15,328,414,56,74,1,1,1
1678,15,329,414,55,74,1,1,1
1679,15,328,414,56,74,1,1,1
1680,15,329,416,55,72,1,1,1
1681,15,329,415,55,74,1,1,1
1682,15,329,415,55,74,1,1,1
1683,15,329,416,55,72,1,1,1
1684,15,329,415,55,74,1,1,1
1685,15,329,415,55,74,1,1,1
1686,15,328,416,54,74,1,1,1
1687,15,328,415,54,74,1,1,1
1688,15,328,416,54,74,1,1,1
1689,15,328,416,54,74,1,1,1
1690,15,329,416,55,74,1,1,1
1691,15,329,416,55,74,1,1,1
1692,15,329,416,55,74,1,1,1
1693,15,329,416,55,74,1,1,1
1694,15,328,416,56,74,1,1,1
1695,15,329,416,55,74,1,1,1
1696,15,328,416,56,74,1,1,1
1697,15,328,416,56,74,1,1,1
1698,15,328,415,56,76,1,1,1
1699,15,329,415,56,76,1,1,1
1700,15,329,416,55,74,1,1,1
1701,15,329,417,55,74,1,1,1
1702,15,328,417,56,74,1,1,1
1703,15,327,417,55,74,1,1,1
1704,15,327,417,55,74,1,1,1
1705,15,327,417,55,74,1,1,1
1706,15,327,418,55,74,1,1,1
1707,15,328,417,54,74,1,1,1
1708,15,328,418,54,72,1,1,1
1709,15,328,418,54,72,1,1,1
1710,15,328,419,54,71,1,1,1
1711,15,328,420,54,72,1,1,1
1712,15,328,420,54,72,1,1,1
1713,15,328,420,54,72,1,1,1
1714,15,328,420,54,72,1,1,1
1715,15,328,420,52,72,1,1,1
1716,15,328,420,54,72,1,1,1
1717,15,328,421,52,71,1,1,1
1718,15,328,420,52,72,1,1,1
1719,15,328,421,52,71,1,1,1
1720,15,328,421,52,71,1,1,1
1721,15,328,421,52,71,1,1,1
1722,15,328,420,52,72,1,1,1
1723,15,328,420,52,72,1,1,1
1724,15,328,421,54,71,1,1,1
1725,15,328,420,54,72,1,1,1
1726,15,328,420,52,72,1,1,1
1727,15,328,422,54,71,1,1,1
1728,15,328,422,54,71,1,1,1
1729,15,328,422,54,71,1,1,1
1730,15,328,422,54,71,1,1,1
1731,15,328,422,54,71,1,1,1
1732,15,328,422,54,71,1,1,1
1733,15,328,422,52,71,1,1,1
1734,15,328,422,52,71,1,1,1
1735,15,328,422,52,71,1,1,1
1736,15,328,422,52,71,1,1,1
1737,15,327,422,52,72,1,1,1
1738,15,328,422,52,72,1,1,1
1739,15,327,422,52,72,1,1,1
1740,15,327,422,52,72,1,1,1
1741,15,327,422,52,72,1,1,1
1742,15,327,422,52,72,1,1,1
1743,15,327,422,52,72,1,1,1
1744,15,327,422,51,72,1,1,1
1745,15,328,423,49,71,1,1,1
1746,15,328,423,49,71,1,1,1
1747,15,328,422,49,72,1,1,1
1748,15,328,423,49,71,1,1,1
1749,15,328,422,49,72,1,1,1
1750,15,328,422,48,72,1,1,1
1751,15,328,422,48,72,1,1,1
1752,15,328,422,48,72,1,1,1
1753,15,328,421,48,74,1,1,1
1754,15,328,421,48,74,1,1,1
1755,15,328,421,48,74,1,1,1
1756,15,327,421,49,74,1,1,1
1757,15,326,421,48,74,1,1,1
1758,15,326,421,48,74,1,1,1
1759,15,326,421,48,74,1,1,1
1760,15,326,421,48,74,1,1,1
1761,15,326,421,48,74,1,1,1
1762,15,326,421,48,74,1,1,1
1763,15,327,422,48,76,1,1,1
1764,15,326,421,48,74,1,1,1
1765,15,327,423,48,74,1,1,1
1766,15,327,421,47,74,1,1,1
1767,15,327,421,47,74,1,1,1
1768,15,327,422,47,76,1,1,1
1769,15,327,422,47,76,1,1,1
1770,15,327,422,47,76,1,1,1
1771,15,327,422,47,76,1,1,1
1772,15,328,423,45,74,1,1,1
1773,15,328,422,45,76,1,1,1
1774,15,328,422,45,76,1,1,1
1775,15,328,422,45,76,1,1,1
1776,15,326,423,47,74,1,1,1
1777,15,326,423,47,74,1,1,1
1778,15,328,422,45,76,1,1,1
1779,15,328,422,45,76,1,1,1
1780,15,326,423,47,74,1,1,1
1781,15,326,423,47,74,1,1,1
1782,15,327,422,45,76,1,1,1
1783,15,327,422,44,76,1,1,1
1784,15,327,422,44,76,1,1,1
1785,15,327,422,44,76,1,1,1
1786,15,327,422,44,76,1,1,1
1787,15,328,421,44,78,1,1,1
1788,15,328,421,43,78,1,1,1
1789,15,327,420,43,80,1,1,1
1790,15,328,419,40,81,1,1,1
1791,15,327,419,39,81,1,1,1
1792,15,327,419,39,81,1,1,1
1793,15,327,417,39,83,1,1,1
1794,15,328,418,36,83,1,1,1
1795,15,328,418,36,83,1,1,1
1796,15,328,418,35,83,1,1,1
1797,15,328,418,33,83,1,1,1
1798,15,328,418,33,83,1,1,1
1799,15,328,418,33,83,1,1,1
1800,15,329,419,33,85,1,1,1
1801,15,328,420,35,83,1,1,1
1802,15,330,421,33,81,1,1,1
1803,15,329,423,35,81,1,1,1
1804,15,330,421,36,81,1,1,1
1805,15,330,423,36,81,1,1,1
1806,15,330,423,36,81,1,1,1
1807,15,330,425,36,80,1,1,1
1808,15,330,426,37,78,1,1,1
1809,15,330,426,37,78,1,1,1
1810,15,330,426,37,78,1,1,1
1811,15,331,429,36,76,1,1,1
1812,15,331,430,36,76,1,1,1
1813,15,331,431,36,74,1,1,1
1814,15,330,432,36,72,1,1,1
1815,15,330,432,36,74,1,1,1
1816,15,331,434,35,72,1,1,1
1817,15,331,434,33,72,1,1,1
1818,15,330,434,32,72,1,1,1
1819,15,331,434,32,72,1,1,1
1820,15,331,435,32,74,1,1,1
1821,15,331,433,32,74,1,1,1
1822,15,331,434,30,76,1,1,1
1823,15,331,434,28,76,1,1,1
1824,15,331,432,28,76,1,1,1
1825,15,330,432,28,76,1,1,1
1826,15,330,432,28,78,1,1,1
1827,15,331,432,27,78,1,1,1
1828,15,330,432,26,80,1,1,1
1829,15,330,431,26,81,1,1,1
1830,15,330,431,26,81,1,1,1
1831,15,330,431,24,83,1,1,1
1832,15,331,431,20,81,1,1,1
1833,15,331,431,20,83,1,1,1
1834,15,330,430,20,83,1,1,1
1835,15,330,430,20,83,1,1,1
1836,15,332,430,16,83,1,1,1
1837,15,331,430,15,85,1,1,1
1838,15,331,430,15,85,1,1,1
1839,15,331,429,15,85,1,1,1
1840,15,331,429,15,87,1,1,1
1841,15,331,429,15,87,1,1,1
1842,15,331,429,16,87,1,1,1
1843,15,331,429,15,87,1,1,1
1844,15,331,429,15,87,1,1,1
1845,15,332,429,13,87,1,1,1
1846,15,332,429,13,87,1,1,1
1847,15,332,431,13,87,1,1,1
1848,15,332,432,13,85,1,1,1
1849,15,332,432,13,85,1,1,1
1850,15,331,431,15,87,1,1,1
1851,15,331,431,15,87,1,1,1
1852,15,331,431,15,87,1,1,1
1853,15,331,432,15,88,1,1,1
1854,15,331,432,15,88,1,1,1
1855,15,331,432,15,88,1,1,1
1856,15,331,432,15,88,1,1,1
1857,15,331,432,15,88,1,1,1
1858,15,331,433,15,88,1,1,1
1859,15,331,433,15,88,1,1,1
1860,15,331,432,15,90,1,1,1
1861,15,331,433,15,88,1,1,1
1862,15,331,433,15,88,1,1,1
1863,15,331,434,15,88,1,1,1
1864,15,332,436,16,87,1,1,1
1865,15,332,434,16,88,1,1,1
1866,15,332,437,16,85,1,1,1
1867,15,332,436,16,87,1,1,1
1868,15,332,436,16,87,1,1,1
1869,15,332,436,16,87,1,1,1
1870,15,332,438,16,85,1,1,1
1871,15,332,438,16,87,1,1,1
1872,15,332,439,16,85,1,1,1
1873,15,332,439,16,85,1,1,1
1874,15,332,438,16,87,1,1,1
1875,15,332,440,16,85,1,1,1
1876,15,332,440,16,85,1,1,1
1877,15,332,440,16,85,1,1,1
1878,15,332,440,16,85,1,1,1
1879,15,332,440,16,85,1,1,1
1880,15,332,442,16,85,1,1,1
1881,15,332,442,16,85,1,1,1
1882,15,332,442,16,85,1,1,1
1883,15,332,443,16,83,1,1,1
1884,15,332,442,16,85,1,1,1
1885,15,332,442,16,85,1,1,1
1886,15,332,442,16,85,1,1,1
1887,15,330,442,18,85,1,1,1
1888,15,330,442,18,85,1,1,1
1889,15,330,442,18,85,1,1,1
1890,15,330,442,18,85,1,1,1
1891,15,330,442,18,85,1,1,1
1892,15,330,443,18,87,1,1,1
1893,15,330,444,18,85,1,1,1
1894,15,330,444,18,85,1,1,1
1895,15,330,444,18,85,1,1,1
1896,15,331,444,19,85,1,1,1
1897,15,330,444,20,85,1,1,1
1898,15,331,445,19,83,1,1,1
1899,15,331,444,19,85,1,1,1
1900,15,331,444,19,85,1,1,1
1901,15,331,444,19,85,1,1,1
1902,15,331,444,19,85,1,1,1
1903,15,331,446,19,85,1,1,1
1904,15,331,446,19,85,1,1,1
1905,15,331,446,19,85,1,1,1
1906,15,331,447,19,85,1,1,1
1907,15,331,446,19,85,1,1,1
1908,15,331,448,19,85,1,1,1
1909,15,331,448,19,85,1,1,1
1910,15,331,447,19,85,1,1,1
1911,15,330,447,20,85,1,1,1
1912,15,331,447,19,85,1,1,1
1913,15,330,448,20,85,1,1,1
1914,15,330,447,20,87,1,1,1
1915,15,330,448,20,85,1,1,1
1916,15,330,448,20,85,1,1,1
1917,15,330,448,20,85,1,1,1
1918,15,330,448,20,85,1,1,1
1919,15,330,449,20,85,1,1,1
1920,15,330,447,20,87,1,1,1
1921,15,330,449,20,85,1,1,1
1922,15,330,449,20,85,1,1,1
1923,15,330,447,20,87,1,1,1
1924,15,330,449,20,85,1,1,1
1925,15,331,448,20,87,1,1,1
1926,15,331,448,20,87,1,1,1
1927,15,331,448,20,87,1,1,1
1928,15,331,448,20,87,1,1,1
1929,15,331,448,20,87,1,1,1
1930,15,331,448,20,87,1,1,1
1931,15,331,448,20,87,1,1,1
1932,15,331,449,20,85,1,1,1
1933,15,331,449,20,85,1,1,1
1934,15,331,450,20,87,1,1,1
1935,15,331,450,20,87,1,1,1
1936,15,331,450,22,87,1,1,1
1937,15,331,450,22,87,1,1,1
1938,15,331,450,22,87,1,1,1
1939,15,331,451,22,85,1,1,1
1940,15,331,450,22,87,1,1,1
1941,15,331,450,22,87,1,1,1
1942,15,331,450,22,87,1,1,1
1943,15,331,451,20,85,1,1,1
1944,15,331,450,22,88,1,1,1
1945,15,331,450,22,88,1,1,1
1946,15,331,450,22,88,1,1,1
1947,15,331,450,22,88,1,1,1
1948,15,331,452,22,87,1,1,1
1949,15,331,450,22,88,1,1,1
1950,15,331,450,22,88,1,1,1
1951,15,330,452,23,87,1,1,1
1952,15,330,451,23,88,1,1,1
1953,15,330,451,23,88,1,1,1
1954,15,330,451,23,88,1,1,1
1955,15,330,451,23,88,1,1,1
1956,15,330,451,23,88,1,1,1
1957,15,330,451,23,88,1,1,1
1958,15,332,452,22,87,1,1,1
1959,15,332,452,22,87,1,1,1
1960,15,332,452,22,87,1,1,1
1961,15,330,451,23,88,1,1,1
1962,15,330,453,23,88,1,1,1
1963,15,330,453,23,88,1,1,1
1964,15,332,454,22,87,1,1,1
1965,15,332,454,22,87,1,1,1
1966,15,332,453,22,88,1,1,1
1967,15,332,453,22,88,1,1,1
1968,15,332,454,22,87,1,1,1
1969,15,330,454,23,87,1,1,1
1970,15,331,453,23,88,1,1,1
1971,15,331,453,23,88,1,1,1
1972,15,331,453,23,88,1,1,1
1973,15,331,453,23,88,1,1,1
1974,15,331,453,23,88,1,1,1
1975,15,331,454,23,87,1,1,1
1976,15,331,454,23,87,1,1,1
1977,15,331,454,23,87,1,1,1
1978,15,331,455,23,88,1,1,1
1979,15,332,455,24,88,1,1,1
1980,15,332,456,24,87,1,1,1
1981,15,332,456,24,87,1,1,1
1982,15,332,456,24,87,1,1,1
1983,15,332,456,24,87,1,1,1
1984,15,332,456,24,85,1,1,1
1985,15,332,456,24,85,1,1,1
1986,15,332,456,24,85,1,1,1
1987,15,332,457,24,87,1,1,1
1988,15,332,456,24,85,1,1,1
1989,15,330,456,24,85,1,1,1
1990,15,332,458,24,85,1,1,1
1991,15,332,458,24,85,1,1,1
1992,15,332,458,24,85,1,1,1
1993,15,332,458,24,85,1,1,1
1994,15,330,458,24,85,1,1,1
1995,15,330,458,24,85,1,1,1
1996,15,332,458,24,85,1,1,1
1997,15,330,458,26,85,1,1,1
1998,15,330,460,26,85,1,1,1
1999,15,330,460,26,85,1,1,1
2000,15,330,460,26,85,1,1,1
2001,15,330,459,26,87,1,1,1
2002,15,330,459,26,87,1,1,1
2003,15,330,460,26,85,1,1,1
2004,15,330,460,26,85,1,1,1
2005,15,330,460,26,85,1,1,1
2006,15,330,460,26,85,1,1,1
2007,15,330,460,26,85,1,1,1
2008,15,330,462,26,83,1,1,1
2009,15,330,462,26,83,1,1,1
2010,15,331,462,27,83,1,1,1
2011,15,331,463,27,83,1,1,1
2012,15,331,463,27,83,1,1,1
2013,15,330,462,26,83,1,1,1
2014,15,330,462,26,85,1,1,1
2015,15,331,462,27,85,1,1,1
2016,15,331,463,27,83,1,1,1
2017,15,331,463,27,83,1,1,1
2018,15,331,462,27,85,1,1,1
2019,15,331,462,27,85,1,1,1
2020,15,331,464,27,83,1,1,1
2021,15,331,464,27,83,1,1,1
2022,15,331,462,27,85,1,1,1
2023,15,331,464,27,85,1,1,1
2024,15,330,464,28,85,1,1,1
2025,15,330,464,28,85,1,1,1
2026,15,330,464,28,85,1,1,1
2027,15,330,464,28,85,1,1,1
2028,15,330,464,28,85,1,1,1
2029,15,330,464,28,85,1,1,1
2030,15,330,464,28,85,1,1,1
2031,15,330,464,28,85,1,1,1
2032,15,330,464,28,85,1,1,1
2033,15,330,464,28,85,1,1,1
2034,15,330,464,28,85,1,1,1
2035,15,330,464,28,85,1,1,1
2036,15,330,464,28,85,1,1,1
2037,15,330,463,28,87,1,1,1
2038,15,331,464,28,85,1,1,1
2039,15,331,464,28,85,1,1,1
2040,15,331,464,28,85,1,1,1
2041,15,331,463,28,87,1,1,1
2042,15,331,464,28,85,1,1,1
2043,15,331,463,28,87,1,1,1
2044,15,332,464,28,85,1,1,1
2045,15,331,464,28,85,1,1,1
2046,15,331,463,28,87,1,1,1
2047,15,331,465,28,85,1,1,1
2048,15,331,463,28,87,1,1,1
2049,15,331,463,28,87,1,1,1
2050,15,332,465,28,85,1,1,1
2051,15,332,465,28,85,1,1,1
2052,15,332,463,28,87,1,1,1
2053,15,332,463,28,87,1,1,1
2054,15,332,463,28,87,1,1,1
2055,15,332,465,28,85,1,1,1
2056,15,332,463,28,87,1,1,1
2057,15,332,465,28,85,1,1,1
2058,15,332,465,28,85,1,1,1
2059,15,332,464,28,87,1,1,1
2060,15,331,464,30,87,1,1,1
2061,15,330,464,31,87,1,1,1
2062,15,330,464,31,87,1,1,1
2063,15,330,465,31,85,1,1,1
2064,15,330,465,31,85,1,1,1
2065,15,330,465,31,85,1,1,1
2066,15,330,465,31,85,1,1,1
2067,15,330,465,31,85,1,1,1
2068,15,330,465,31,85,1,1,1
2069,15,330,465,31,85,1,1,1
2070,15,330,465,31,85,1,1,1
2071,15,330,465,31,85,1,1,1
2072,15,331,465,32,85,1,1,1
2073,15,330,466,31,87,1,1,1
2074,15,331,467,32,85,1,1,1
2075,15,331,466,32,87,1,1,1
2076,15,331,466,32,87,1,1,1
2077,15,331,466,32,87,1,1,1
2078,15,330,466,32,87,1,1,1
2079,15,330,466,32,87,1,1,1
2080,15,330,466,32,87,1,1,1
2081,15,330,467,32,85,1,1,1
2082,15,330,467,32,85,1,1,1
2083,15,330,466,32,87,1,1,1
2084,15,330,469,32,85,1,1,1
