1,0,2781,908,144,102,1,-1,-1,-1
1,1,1427,1313,91,113,1,-1,-1,-1
1,2,1643,1043,102,97,1,-1,-1,-1
1,3,2143,735,131,107,1,-1,-1,-1
1,4,2360,986,118,89,1,-1,-1,-1
1,5,1939,610,129,104,1,-1,-1,-1
1,6,2741,1001,142,84,1,-1,-1,-1
1,7,2161,1343,133,99,1,-1,-1,-1
1,8,2682,1445,133,92,1,-1,-1,-1
1,9,2346,1663,113,103,1,-1,-1,-1
1,10,2247,1386,47,45,1,-1,-1,-1
2,0,2782,907,147,101,1,-1,-1,-1
2,1,1430,1312,93,112,1,-1,-1,-1
2,2,1644,1040,102,97,1,-1,-1,-1
2,3,2153,734,131,106,1,-1,-1,-1
2,4,2368,987,118,89,1,-1,-1,-1
2,5,1949,609,128,104,1,-1,-1,-1
2,6,2740,1000,142,84,1,-1,-1,-1
2,7,2179,1340,134,99,1,-1,-1,-1
2,8,2681,1444,132,93,1,-1,-1,-1
2,9,2346,1662,113,103,1,-1,-1,-1
2,10,2262,1385,47,45,1,-1,-1,-1
3,0,2784,906,150,101,1,-1,-1,-1
3,1,1433,1312,95,112,1,-1,-1,-1
3,2,1645,1037,102,98,1,-1,-1,-1
3,3,2164,733,132,106,1,-1,-1,-1
3,4,2376,989,119,89,1,-1,-1,-1
3,5,1959,608,128,104,1,-1,-1,-1
3,6,2740,1000,143,84,1,-1,-1,-1
3,7,2191,1337,134,98,1,-1,-1,-1
3,8,2681,1444,132,94,1,-1,-1,-1
3,9,2346,1662,113,103,1,-1,-1,-1
3,10,2277,1384,47,45,1,-1,-1,-1
4,0,2786,905,154,100,1,-1,-1,-1
4,1,1436,1311,97,112,1,-1,-1,-1
4,2,1646,1034,102,98,1,-1,-1,-1
4,3,2174,733,133,106,1,-1,-1,-1
4,4,2384,990,119,89,1,-1,-1,-1
4,5,1969,607,128,104,1,-1,-1,-1
4,6,2740,1000,144,84,1,-1,-1,-1
4,7,2204,1334,135,98,1,-1,-1,-1
4,8,2680,1444,132,95,1,-1,-1,-1
4,9,2346,1661,113,103,1,-1,-1,-1
4,10,2292,1383,47,45,1,-1,-1,-1
5,0,2787,904,157,100,1,-1,-1,-1
5,1,1439,1311,99,112,1,-1,-1,-1
5,2,1647,1032,102,99,1,-1,-1,-1
5,3,2185,732,133,106,1,-1,-1,-1
5,4,2392,992,120,89,1,-1,-1,-1
5,5,1979,606,128,104,1,-1,-1,-1
5,6,2740,1000,145,84,1,-1,-1,-1
5,7,2216,1331,136,98,1,-1,-1,-1
5,8,2680,1443,132,97,1,-1,-1,-1
5,9,2346,1661,113,103,1,-1,-1,-1
5,10,2308,1383,47,45,1,-1,-1,-1
6,0,2789,903,160,99,1,-1,-1,-1
6,1,1442,1311,101,112,1,-1,-1,-1
6,2,1648,1029,102,99,1,-1,-1,-1
6,3,2195,731,134,106,1,-1,-1,-1
6,4,2400,993,121,89,1,-1,-1,-1
6,5,1989,605,128,104,1,-1,-1,-1
6,6,2740,999,146,84,1,-1,-1,-1
6,7,2229,1328,136,97,1,-1,-1,-1
6,8,2679,1443,132,98,1,-1,-1,-1
6,9,2346,1661,113,103,1,-1,-1,-1
6,10,2324,1380,47,45,1,-1,-1,-1
7,0,2791,902,164,99,1,-1,-1,-1
7,1,1446,1310,104,111,1,-1,-1,-1
7,2,1649,1026,102,100,1,-1,-1,-1
7,3,2206,731,135,106,1,-1,-1,-1
7,4,2409,995,121,90,1,-1,-1,-1
7,5,1999,604,128,104,1,-1,-1,-1
7,6,2740,999,147,84,1,-1,-1,-1
7,7,2242,1325,137,97,1,-1,-1,-1
7,8,2679,1443,132,99,1,-1,-1,-1
7,9,2346,1660,113,103,1,-1,-1,-1
7,10,2341,1377,47,45,1,-1,-1,-1
8,0,2797,902,162,98,1,-1,-1,-1
8,1,1449,1310,106,111,1,-1,-1,-1
8,2,1650,1024,102,101,1,-1,-1,-1
8,3,2217,730,136,106,1,-1,-1,-1
8,4,2417,996,122,90,1,-1,-1,-1
8,5,2010,603,128,104,1,-1,-1,-1
8,6,2740,999,148,84,1,-1,-1,-1
8,7,2254,1322,138,97,1,-1,-1,-1
8,8,2678,1442,132,101,1,-1,-1,-1
8,9,2346,1660,113,103,1,-1,-1,-1
8,10,2358,1375,47,45,1,-1,-1,-1
9,0,2804,902,160,98,1,-1,-1,-1
9,1,1452,1310,108,111,1,-1,-1,-1
9,2,1651,1021,102,101,1,-1,-1,-1
9,3,2227,729,136,105,1,-1,-1,-1
9,4,2425,998,123,90,1,-1,-1,-1
9,5,2018,602,127,103,1,-1,-1,-1
9,6,2740,999,149,84,1,-1,-1,-1
9,7,2267,1319,138,96,1,-1,-1,-1
9,8,2678,1442,132,102,1,-1,-1,-1
9,9,2346,1660,113,103,1,-1,-1,-1
9,10,2371,1370,47,45,1,-1,-1,-1
10,0,2811,902,159,97,1,-1,-1,-1
10,1,1455,1309,110,111,1,-1,-1,-1
10,2,1652,1018,103,102,1,-1,-1,-1
10,3,2238,729,137,105,1,-1,-1,-1
10,4,2433,999,123,90,1,-1,-1,-1
10,5,2027,602,127,103,1,-1,-1,-1
10,6,2739,998,149,84,1,-1,-1,-1
10,7,2279,1316,139,96,1,-1,-1,-1
10,8,2678,1442,132,103,1,-1,-1,-1
10,9,2346,1659,113,103,1,-1,-1,-1
10,10,2385,1365,47,45,1,-1,-1,-1
11,0,2817,902,157,97,1,-1,-1,-1
11,1,1458,1309,112,111,1,-1,-1,-1
11,2,1653,1015,103,102,1,-1,-1,-1
11,3,2248,728,138,105,1,-1,-1,-1
11,4,2441,1001,124,90,1,-1,-1,-1
11,5,2035,601,127,103,1,-1,-1,-1
11,6,2739,998,150,84,1,-1,-1,-1
11,7,2292,1313,140,96,1,-1,-1,-1
11,8,2677,1441,132,105,1,-1,-1,-1
11,9,2346,1659,113,103,1,-1,-1,-1
11,10,2399,1360,47,45,1,-1,-1,-1
12,0,2824,902,155,96,1,-1,-1,-1
12,1,1462,1309,115,111,1,-1,-1,-1
12,2,1654,1013,103,103,1,-1,-1,-1
12,3,2259,727,138,105,1,-1,-1,-1
12,4,2450,1003,125,91,1,-1,-1,-1
12,5,2044,601,126,103,1,-1,-1,-1
12,6,2739,998,151,84,1,-1,-1,-1
12,7,2305,1311,141,96,1,-1,-1,-1
12,8,2677,1441,132,106,1,-1,-1,-1
12,9,2346,1659,113,103,1,-1,-1,-1
12,10,2415,1355,47,45,1,-1,-1,-1
13,0,2831,903,154,96,1,-1,-1,-1
13,1,1465,1308,114,110,1,-1,-1,-1
13,2,1655,1010,103,104,1,-1,-1,-1
13,3,2269,727,139,105,1,-1,-1,-1
13,4,2456,1004,125,91,1,-1,-1,-1
13,5,2053,600,126,103,1,-1,-1,-1
13,6,2739,998,152,84,1,-1,-1,-1
13,7,2318,1307,141,95,1,-1,-1,-1
13,8,2676,1441,132,107,1,-1,-1,-1
13,9,2346,1658,113,103,1,-1,-1,-1
13,10,2431,1350,47,45,1,-1,-1,-1
14,0,2834,902,155,98,1,-1,-1,-1
14,1,1469,1307,114,110,1,-1,-1,-1
14,2,1656,1007,103,104,1,-1,-1,-1
14,3,2280,726,140,105,1,-1,-1,-1
14,4,2462,1005,126,91,1,-1,-1,-1
14,5,2061,600,126,103,1,-1,-1,-1
14,6,2739,997,153,84,1,-1,-1,-1
14,7,2331,1303,142,95,1,-1,-1,-1
14,8,2676,1440,132,109,1,-1,-1,-1
14,9,2346,1658,113,103,1,-1,-1,-1
14,10,2447,1345,47,45,1,-1,-1,-1
15,0,2837,902,157,100,1,-1,-1,-1
15,1,1473,1306,113,110,1,-1,-1,-1
15,2,1657,1005,103,105,1,-1,-1,-1
15,3,2291,726,141,105,1,-1,-1,-1
15,4,2468,1006,127,91,1,-1,-1,-1
15,5,2070,599,126,103,1,-1,-1,-1
15,6,2739,997,154,84,1,-1,-1,-1
15,7,2345,1300,143,95,1,-1,-1,-1
15,8,2675,1440,132,110,1,-1,-1,-1
15,9,2346,1658,113,103,1,-1,-1,-1
15,10,2463,1340,47,45,1,-1,-1,-1
16,0,2840,902,158,102,1,-1,-1,-1
16,1,1477,1305,113,110,1,-1,-1,-1
16,2,1658,1002,103,105,1,-1,-1,-1
16,3,2299,725,141,104,1,-1,-1,-1
16,4,2474,1007,127,91,1,-1,-1,-1
16,5,2079,599,125,103,1,-1,-1,-1
16,6,2739,997,155,84,1,-1,-1,-1
16,7,2358,1296,143,94,1,-1,-1,-1
16,8,2675,1440,132,111,1,-1,-1,-1
16,9,2346,1657,113,103,1,-1,-1,-1
16,10,2473,1336,47,45,1,-1,-1,-1
17,0,2843,902,160,104,1,-1,-1,-1
17,1,1480,1304,113,110,1,-1,-1,-1
17,2,1659,999,103,106,1,-1,-1,-1
17,3,2307,724,142,104,1,-1,-1,-1
17,4,2480,1009,128,92,1,-1,-1,-1
17,5,2087,598,125,103,1,-1,-1,-1
17,6,2739,997,156,85,1,-1,-1,-1
17,7,2371,1292,144,94,1,-1,-1,-1
17,8,2675,1440,132,113,1,-1,-1,-1
17,9,2346,1657,113,103,1,-1,-1,-1
17,10,2484,1332,47,45,1,-1,-1,-1
18,0,2846,901,161,106,1,-1,-1,-1
18,1,1484,1303,112,110,1,-1,-1,-1
18,2,1660,997,104,107,1,-1,-1,-1
18,3,2315,723,142,104,1,-1,-1,-1
18,4,2486,1010,129,92,1,-1,-1,-1
18,5,2096,598,125,103,1,-1,-1,-1
18,6,2743,997,154,85,1,-1,-1,-1
18,7,2385,1289,145,94,1,-1,-1,-1
18,8,2675,1439,132,112,1,-1,-1,-1
18,9,2346,1657,113,103,1,-1,-1,-1
18,10,2495,1329,47,45,1,-1,-1,-1
19,0,2849,901,163,108,1,-1,-1,-1
19,1,1488,1302,112,110,1,-1,-1,-1
19,2,1661,994,103,107,1,-1,-1,-1
19,3,2323,722,143,104,1,-1,-1,-1
19,4,2492,1011,130,92,1,-1,-1,-1
19,5,2105,598,125,103,1,-1,-1,-1
19,6,2748,997,153,86,1,-1,-1,-1
19,7,2398,1285,145,93,1,-1,-1,-1
19,8,2675,1439,132,111,1,-1,-1,-1
19,9,2346,1656,113,103,1,-1,-1,-1
19,10,2507,1327,47,45,1,-1,-1,-1
20,0,2852,901,164,110,1,-1,-1,-1
20,1,1492,1301,111,110,1,-1,-1,-1
20,2,1662,991,102,107,1,-1,-1,-1
20,3,2332,721,144,104,1,-1,-1,-1
20,4,2498,1012,130,92,1,-1,-1,-1
20,5,2112,597,124,102,1,-1,-1,-1
20,6,2752,997,151,86,1,-1,-1,-1
20,7,2411,1281,146,93,1,-1,-1,-1
20,8,2675,1439,132,110,1,-1,-1,-1
20,9,2346,1656,113,103,1,-1,-1,-1
20,10,2519,1325,47,45,1,-1,-1,-1
21,0,2855,901,166,113,1,-1,-1,-1
21,1,1496,1300,111,110,1,-1,-1,-1
21,2,1663,988,101,106,1,-1,-1,-1
21,3,2340,720,144,104,1,-1,-1,-1
21,4,2504,1013,131,92,1,-1,-1,-1
21,5,2119,597,124,102,1,-1,-1,-1
21,6,2757,998,150,87,1,-1,-1,-1
21,7,2425,1278,147,93,1,-1,-1,-1
21,8,2675,1438,132,110,1,-1,-1,-1
21,9,2346,1656,113,103,1,-1,-1,-1
21,10,2532,1323,47,45,1,-1,-1,-1
22,0,2857,901,165,116,1,-1,-1,-1
22,1,1499,1299,111,110,1,-1,-1,-1
22,2,1664,985,101,107,1,-1,-1,-1
22,3,2348,719,145,104,1,-1,-1,-1
22,4,2510,1015,132,93,1,-1,-1,-1
22,5,2126,596,124,102,1,-1,-1,-1
22,6,2762,998,149,87,1,-1,-1,-1
22,7,2434,1274,147,92,1,-1,-1,-1
22,8,2676,1438,132,109,1,-1,-1,-1
22,9,2346,1655,113,103,1,-1,-1,-1
22,10,2542,1322,47,45,1,-1,-1,-1
23,0,2860,902,165,119,1,-1,-1,-1
23,1,1503,1298,110,110,1,-1,-1,-1
23,2,1665,983,100,107,1,-1,-1,-1
23,3,2356,718,145,103,1,-1,-1,-1
23,4,2516,1016,133,93,1,-1,-1,-1
23,5,2133,596,124,102,1,-1,-1,-1
23,6,2766,998,147,88,1,-1,-1,-1
23,7,2444,1271,148,92,1,-1,-1,-1
23,8,2676,1438,132,108,1,-1,-1,-1
23,9,2346,1655,113,103,1,-1,-1,-1
23,10,2553,1322,47,45,1,-1,-1,-1
24,0,2866,906,165,113,1,-1,-1,-1
24,1,1507,1297,110,110,1,-1,-1,-1
24,2,1666,980,99,107,1,-1,-1,-1
24,3,2364,717,146,103,1,-1,-1,-1
24,4,2522,1017,133,93,1,-1,-1,-1
24,5,2140,595,124,102,1,-1,-1,-1
24,6,2771,998,146,88,1,-1,-1,-1
24,7,2453,1268,148,91,1,-1,-1,-1
24,8,2676,1438,132,107,1,-1,-1,-1
24,9,2346,1655,113,103,1,-1,-1,-1
24,10,2565,1319,47,45,1,-1,-1,-1
25,0,2872,910,165,108,1,-1,-1,-1
25,1,1511,1296,109,110,1,-1,-1,-1
25,2,1667,977,99,106,1,-1,-1,-1
25,3,2373,716,147,103,1,-1,-1,-1
25,4,2528,1018,134,93,1,-1,-1,-1
25,5,2148,595,123,102,1,-1,-1,-1
25,6,2775,999,145,89,1,-1,-1,-1
25,7,2463,1265,149,91,1,-1,-1,-1
25,8,2676,1437,132,107,1,-1,-1,-1
25,9,2346,1654,113,103,1,-1,-1,-1
25,10,2577,1316,47,45,1,-1,-1,-1
26,0,2878,914,165,103,1,-1,-1,-1
26,1,1515,1296,109,110,1,-1,-1,-1
26,2,1668,974,98,107,1,-1,-1,-1
26,3,2381,715,147,103,1,-1,-1,-1
26,4,2534,1019,135,93,1,-1,-1,-1
26,5,2155,595,123,102,1,-1,-1,-1
26,6,2780,999,143,89,1,-1,-1,-1
26,7,2473,1262,150,91,1,-1,-1,-1
26,8,2677,1437,132,106,1,-1,-1,-1
26,9,2346,1654,113,103,1,-1,-1,-1
26,10,2590,1313,47,45,1,-1,-1,-1
27,0,2884,918,165,97,1,-1,-1,-1
27,1,1518,1295,109,109,1,-1,-1,-1
27,2,1669,972,97,107,1,-1,-1,-1
27,3,2389,714,148,103,1,-1,-1,-1
27,4,2540,1021,136,94,1,-1,-1,-1
27,5,2162,594,123,102,1,-1,-1,-1
27,6,2785,999,142,90,1,-1,-1,-1
27,7,2488,1257,150,90,1,-1,-1,-1
27,8,2677,1437,132,105,1,-1,-1,-1
27,9,2346,1654,113,103,1,-1,-1,-1
27,10,2605,1307,47,45,1,-1,-1,-1
28,0,2890,922,165,92,1,-1,-1,-1
28,1,1522,1294,108,109,1,-1,-1,-1
28,2,1670,969,97,107,1,-1,-1,-1
28,3,2397,713,148,103,1,-1,-1,-1
28,4,2546,1023,136,94,1,-1,-1,-1
28,5,2169,594,123,102,1,-1,-1,-1
28,6,2789,999,141,90,1,-1,-1,-1
28,7,2503,1252,151,90,1,-1,-1,-1
28,8,2677,1436,132,105,1,-1,-1,-1
28,9,2346,1653,113,103,1,-1,-1,-1
28,10,2620,1301,47,45,1,-1,-1,-1
29,0,2896,927,166,87,1,-1,-1,-1
29,1,1526,1293,108,109,1,-1,-1,-1
29,2,1671,966,96,106,1,-1,-1,-1
29,3,2405,712,149,103,1,-1,-1,-1
29,4,2553,1025,137,94,1,-1,-1,-1
29,5,2176,593,123,102,1,-1,-1,-1
29,6,2794,1000,139,91,1,-1,-1,-1
29,7,2518,1247,151,90,1,-1,-1,-1
29,8,2677,1436,132,104,1,-1,-1,-1
29,9,2346,1653,113,103,1,-1,-1,-1
29,10,2635,1295,47,45,1,-1,-1,-1
30,0,2899,927,167,92,1,-1,-1,-1
30,1,1530,1292,107,109,1,-1,-1,-1
30,2,1672,963,95,107,1,-1,-1,-1
30,3,2414,711,150,103,1,-1,-1,-1
30,4,2560,1027,138,95,1,-1,-1,-1
30,5,2184,593,122,102,1,-1,-1,-1
30,6,2798,1000,138,91,1,-1,-1,-1
30,7,2533,1242,152,89,1,-1,-1,-1
30,8,2677,1436,132,103,1,-1,-1,-1
30,9,2346,1653,113,103,1,-1,-1,-1
30,10,2651,1289,47,45,1,-1,-1,-1
31,0,2903,928,169,97,1,-1,-1,-1
31,1,1533,1291,107,109,1,-1,-1,-1
31,2,1673,961,95,107,1,-1,-1,-1
31,3,2422,710,149,102,1,-1,-1,-1
31,4,2566,1029,138,95,1,-1,-1,-1
31,5,2191,592,122,102,1,-1,-1,-1
31,6,2803,1000,137,92,1,-1,-1,-1
31,7,2548,1237,152,89,1,-1,-1,-1
31,8,2678,1436,132,102,1,-1,-1,-1
31,9,2346,1652,113,103,1,-1,-1,-1
31,10,2664,1280,47,45,1,-1,-1,-1
32,0,2907,929,171,103,1,-1,-1,-1
32,1,1537,1290,107,109,1,-1,-1,-1
32,2,1674,958,100,104,1,-1,-1,-1
32,3,2430,710,148,102,1,-1,-1,-1
32,4,2573,1031,139,95,1,-1,-1,-1
32,5,2198,592,122,102,1,-1,-1,-1
32,6,2808,1000,135,92,1,-1,-1,-1
32,7,2563,1232,153,89,1,-1,-1,-1
32,8,2678,1435,132,102,1,-1,-1,-1
32,9,2346,1652,113,103,1,-1,-1,-1
32,10,2678,1271,47,45,1,-1,-1,-1
33,0,2911,929,173,108,1,-1,-1,-1
33,1,1541,1289,106,109,1,-1,-1,-1
33,2,1675,955,106,102,1,-1,-1,-1
33,3,2439,710,147,102,1,-1,-1,-1
33,4,2580,1034,140,96,1,-1,-1,-1
33,5,2205,592,122,102,1,-1,-1,-1
33,6,2812,1001,134,93,1,-1,-1,-1
33,7,2578,1228,154,89,1,-1,-1,-1
33,8,2678,1435,132,101,1,-1,-1,-1
33,9,2346,1652,113,103,1,-1,-1,-1
33,10,2692,1262,47,45,1,-1,-1,-1
34,0,2915,930,175,114,1,-1,-1,-1
34,1,1545,1288,106,109,1,-1,-1,-1
34,2,1676,953,112,100,1,-1,-1,-1
34,3,2447,710,147,101,1,-1,-1,-1
34,4,2585,1035,140,96,1,-1,-1,-1
34,5,2212,591,122,102,1,-1,-1,-1
34,6,2817,1001,133,93,1,-1,-1,-1
34,7,2588,1223,154,88,1,-1,-1,-1
34,8,2678,1435,132,100,1,-1,-1,-1
34,9,2346,1651,113,103,1,-1,-1,-1
34,10,2701,1256,47,45,1,-1,-1,-1
35,0,2919,931,177,119,1,-1,-1,-1
35,1,1549,1287,105,109,1,-1,-1,-1
35,2,1677,950,117,98,1,-1,-1,-1
35,3,2456,710,146,101,1,-1,-1,-1
35,4,2590,1036,140,96,1,-1,-1,-1
35,5,2220,591,121,102,1,-1,-1,-1
35,6,2821,1001,131,94,1,-1,-1,-1
35,7,2599,1218,155,88,1,-1,-1,-1
35,8,2679,1435,133,100,1,-1,-1,-1
35,9,2346,1651,113,103,1,-1,-1,-1
35,10,2710,1250,47,45,1,-1,-1,-1
36,0,2923,932,179,125,1,-1,-1,-1
36,1,1552,1286,105,109,1,-1,-1,-1
36,2,1678,947,123,96,1,-1,-1,-1
36,3,2464,710,145,101,1,-1,-1,-1
36,4,2595,1037,140,96,1,-1,-1,-1
36,5,2227,590,121,102,1,-1,-1,-1
36,6,2826,1001,130,94,1,-1,-1,-1
36,7,2610,1214,156,88,1,-1,-1,-1
36,8,2680,1433,133,100,1,-1,-1,-1
36,9,2346,1651,113,103,1,-1,-1,-1
36,10,2719,1244,47,45,1,-1,-1,-1
37,0,2929,933,182,124,1,-1,-1,-1
37,1,1556,1285,105,109,1,-1,-1,-1
37,2,1679,945,129,94,1,-1,-1,-1
37,3,2473,710,145,100,1,-1,-1,-1
37,4,2600,1038,140,96,1,-1,-1,-1
37,5,2234,590,121,102,1,-1,-1,-1
37,6,2831,1002,129,95,1,-1,-1,-1
37,7,2623,1208,155,90,1,-1,-1,-1
37,8,2682,1432,133,100,1,-1,-1,-1
37,9,2346,1650,113,103,1,-1,-1,-1
37,10,2729,1238,47,45,1,-1,-1,-1
38,0,2935,935,185,124,1,-1,-1,-1
38,1,1560,1284,104,109,1,-1,-1,-1
38,2,1678,942,126,93,1,-1,-1,-1
38,3,2481,710,144,100,1,-1,-1,-1
38,4,2605,1039,140,96,1,-1,-1,-1
38,5,2241,589,121,102,1,-1,-1,-1
38,6,2831,1001,131,95,1,-1,-1,-1
38,7,2636,1202,155,93,1,-1,-1,-1
38,8,2684,1430,133,100,1,-1,-1,-1
38,9,2346,1650,113,103,1,-1,-1,-1
38,10,2739,1234,47,45,1,-1,-1,-1
39,0,2941,936,188,124,1,-1,-1,-1
39,1,1564,1283,104,109,1,-1,-1,-1
39,2,1678,940,124,93,1,-1,-1,-1
39,3,2490,710,143,100,1,-1,-1,-1
39,4,2610,1040,140,96,1,-1,-1,-1
39,5,2248,589,121,102,1,-1,-1,-1
39,6,2831,1001,134,95,1,-1,-1,-1
39,7,2650,1196,154,96,1,-1,-1,-1
39,8,2686,1429,133,101,1,-1,-1,-1
39,9,2346,1650,113,103,1,-1,-1,-1
39,10,2750,1230,47,45,1,-1,-1,-1
40,0,2947,938,191,124,1,-1,-1,-1
40,1,1568,1283,104,109,1,-1,-1,-1
40,2,1678,938,122,93,1,-1,-1,-1
40,3,2498,710,143,100,1,-1,-1,-1
40,4,2615,1041,140,96,1,-1,-1,-1
40,5,2256,589,121,102,1,-1,-1,-1
40,6,2831,1000,137,95,1,-1,-1,-1
40,7,2663,1190,154,99,1,-1,-1,-1
40,8,2688,1427,133,101,1,-1,-1,-1
40,9,2346,1649,113,103,1,-1,-1,-1
40,10,2761,1227,47,45,1,-1,-1,-1
41,0,2954,940,195,124,1,-1,-1,-1
41,1,1571,1281,104,108,1,-1,-1,-1
41,2,1678,936,120,93,1,-1,-1,-1
41,3,2506,710,142,99,1,-1,-1,-1
41,4,2620,1042,140,96,1,-1,-1,-1
41,5,2260,588,120,101,1,-1,-1,-1
41,6,2831,1000,140,95,1,-1,-1,-1
41,7,2676,1184,154,101,1,-1,-1,-1
41,8,2689,1426,133,101,1,-1,-1,-1
41,9,2346,1649,113,103,1,-1,-1,-1
41,10,2771,1227,47,45,1,-1,-1,-1
42,0,2960,940,189,123,1,-1,-1,-1
42,1,1575,1279,104,108,1,-1,-1,-1
42,2,1677,933,118,93,1,-1,-1,-1
42,3,2515,710,141,99,1,-1,-1,-1
42,4,2625,1043,140,96,1,-1,-1,-1
42,5,2264,588,120,101,1,-1,-1,-1
42,6,2831,999,143,95,1,-1,-1,-1
42,7,2690,1178,153,104,1,-1,-1,-1
42,8,2691,1424,133,101,1,-1,-1,-1
42,9,2346,1649,113,103,1,-1,-1,-1
42,10,2781,1227,47,45,1,-1,-1,-1
43,0,2966,941,183,122,1,-1,-1,-1
43,1,1578,1277,105,108,1,-1,-1,-1
43,2,1677,931,115,93,1,-1,-1,-1
43,3,2523,710,140,99,1,-1,-1,-1
43,4,2630,1044,140,96,1,-1,-1,-1
43,5,2269,588,120,101,1,-1,-1,-1
43,6,2831,999,145,95,1,-1,-1,-1
43,7,2703,1172,153,107,1,-1,-1,-1
43,8,2693,1423,133,102,1,-1,-1,-1
43,9,2346,1648,113,103,1,-1,-1,-1
43,10,2792,1228,47,45,1,-1,-1,-1
44,0,2972,942,177,121,1,-1,-1,-1
44,1,1582,1275,105,108,1,-1,-1,-1
44,2,1677,929,113,93,1,-1,-1,-1
44,3,2532,710,140,98,1,-1,-1,-1
44,4,2635,1045,140,96,1,-1,-1,-1
44,5,2273,588,120,101,1,-1,-1,-1
44,6,2831,998,148,95,1,-1,-1,-1
44,7,2717,1167,153,110,1,-1,-1,-1
44,8,2695,1422,133,102,1,-1,-1,-1
44,9,2346,1648,113,103,1,-1,-1,-1
44,10,2802,1228,47,45,1,-1,-1,-1
45,0,2978,943,172,121,1,-1,-1,-1
45,1,1585,1273,105,108,1,-1,-1,-1
45,2,1677,927,111,93,1,-1,-1,-1
45,3,2540,710,139,98,1,-1,-1,-1
45,4,2640,1046,140,96,1,-1,-1,-1
45,5,2277,588,120,101,1,-1,-1,-1
45,6,2831,998,151,95,1,-1,-1,-1
45,7,2725,1165,157,107,1,-1,-1,-1
45,8,2697,1420,133,102,1,-1,-1,-1
45,9,2346,1648,113,103,1,-1,-1,-1
45,10,2813,1229,47,45,1,-1,-1,-1
46,0,2979,946,169,123,1,-1,-1,-1
46,1,1589,1271,106,108,1,-1,-1,-1
46,2,1676,924,109,93,1,-1,-1,-1
46,3,2549,710,138,98,1,-1,-1,-1
46,4,2645,1047,140,96,1,-1,-1,-1
46,5,2282,588,120,101,1,-1,-1,-1
46,6,2831,997,154,95,1,-1,-1,-1
46,7,2733,1163,161,104,1,-1,-1,-1
46,8,2698,1419,133,102,1,-1,-1,-1
46,9,2346,1647,113,103,1,-1,-1,-1
46,10,2824,1224,47,45,1,-1,-1,-1
47,0,2980,950,167,125,1,-1,-1,-1
47,1,1592,1269,106,108,1,-1,-1,-1
47,2,1676,922,107,93,1,-1,-1,-1
47,3,2557,710,138,97,1,-1,-1,-1
47,4,2650,1048,140,96,1,-1,-1,-1
47,5,2286,588,119,101,1,-1,-1,-1
47,6,2832,997,157,96,1,-1,-1,-1
47,7,2741,1161,165,101,1,-1,-1,-1
47,8,2700,1417,133,103,1,-1,-1,-1
47,9,2346,1647,113,103,1,-1,-1,-1
47,10,2836,1220,47,45,1,-1,-1,-1
48,0,2981,954,164,128,1,-1,-1,-1
48,1,1596,1267,106,108,1,-1,-1,-1
48,2,1676,920,105,93,1,-1,-1,-1
48,3,2566,710,137,97,1,-1,-1,-1
48,4,2655,1049,140,96,1,-1,-1,-1
48,5,2291,588,119,101,1,-1,-1,-1
48,6,2829,994,160,96,1,-1,-1,-1
48,7,2749,1159,169,98,1,-1,-1,-1
48,8,2702,1416,133,103,1,-1,-1,-1
48,9,2346,1647,113,103,1,-1,-1,-1
48,10,2848,1216,47,45,1,-1,-1,-1
49,0,2982,957,162,130,1,-1,-1,-1
49,1,1599,1265,107,108,1,-1,-1,-1
49,2,1676,918,102,93,1,-1,-1,-1
49,3,2574,710,136,97,1,-1,-1,-1
49,4,2660,1050,140,96,1,-1,-1,-1
49,5,2295,587,119,101,1,-1,-1,-1
49,6,2827,992,163,95,1,-1,-1,-1
49,7,2757,1157,173,95,1,-1,-1,-1
49,8,2704,1414,133,103,1,-1,-1,-1
49,9,2346,1646,113,103,1,-1,-1,-1
49,10,2862,1209,47,45,1,-1,-1,-1
50,0,2983,961,159,132,1,-1,-1,-1
50,1,1603,1263,107,107,1,-1,-1,-1
50,2,1675,915,100,93,1,-1,-1,-1
50,3,2583,710,136,97,1,-1,-1,-1
50,4,2665,1051,140,96,1,-1,-1,-1
50,5,2299,587,119,101,1,-1,-1,-1
50,6,2824,990,166,96,1,-1,-1,-1
50,7,2765,1155,177,92,1,-1,-1,-1
50,8,2706,1413,133,103,1,-1,-1,-1
50,9,2346,1646,113,103,1,-1,-1,-1
50,10,2876,1202,47,45,1,-1,-1,-1
51,0,2985,965,157,135,1,-1,-1,-1
51,1,1606,1262,107,107,1,-1,-1,-1
51,2,1675,913,98,93,1,-1,-1,-1
51,3,2586,710,138,97,1,-1,-1,-1
51,4,2671,1052,141,96,1,-1,-1,-1
51,5,2304,587,119,101,1,-1,-1,-1
51,6,2822,987,169,96,1,-1,-1,-1
51,7,2774,1153,181,89,1,-1,-1,-1
51,8,2708,1412,133,104,1,-1,-1,-1
51,9,2347,1646,113,103,1,-1,-1,-1
51,10,2891,1196,47,45,1,-1,-1,-1
52,0,2984,972,156,131,1,-1,-1,-1
52,1,1610,1260,108,107,1,-1,-1,-1
52,2,1675,911,96,93,1,-1,-1,-1
52,3,2590,711,140,97,1,-1,-1,-1
52,4,2672,1053,143,96,1,-1,-1,-1
52,5,2308,587,119,101,1,-1,-1,-1
52,6,2819,985,172,95,1,-1,-1,-1
52,7,2792,1151,174,86,1,-1,-1,-1
52,8,2708,1410,133,104,1,-1,-1,-1
52,9,2346,1646,113,103,1,-1,-1,-1
52,10,2905,1186,47,45,1,-1,-1,-1
53,0,2983,980,155,128,1,-1,-1,-1
53,1,1613,1258,108,107,1,-1,-1,-1
53,2,1675,909,94,93,1,-1,-1,-1
53,3,2594,711,142,97,1,-1,-1,-1
53,4,2674,1054,145,97,1,-1,-1,-1
53,5,2313,587,119,101,1,-1,-1,-1
53,6,2817,983,175,96,1,-1,-1,-1
53,7,2811,1149,168,83,1,-1,-1,-1
53,8,2709,1408,133,104,1,-1,-1,-1
53,9,2346,1646,113,103,1,-1,-1,-1
53,10,2916,1166,47,45,1,-1,-1,-1
54,0,2983,988,155,125,1,-1,-1,-1
54,1,1617,1256,108,107,1,-1,-1,-1
54,2,1675,907,92,93,1,-1,-1,-1
54,3,2598,712,145,97,1,-1,-1,-1
54,4,2675,1055,147,97,1,-1,-1,-1
54,5,2317,587,118,100,1,-1,-1,-1
54,6,2816,981,175,97,1,-1,-1,-1
54,7,2824,1139,164,89,1,-1,-1,-1
54,8,2710,1406,133,104,1,-1,-1,-1
54,9,2346,1646,113,103,1,-1,-1,-1
54,10,2928,1147,47,45,1,-1,-1,-1
55,0,2982,996,154,122,1,-1,-1,-1
55,1,1620,1254,109,107,1,-1,-1,-1
55,2,1675,904,92,94,1,-1,-1,-1
55,3,2602,712,147,97,1,-1,-1,-1
55,4,2677,1056,149,98,1,-1,-1,-1
55,5,2321,587,118,100,1,-1,-1,-1
55,6,2815,979,175,98,1,-1,-1,-1
55,7,2838,1129,161,95,1,-1,-1,-1
55,8,2711,1405,133,104,1,-1,-1,-1
55,9,2346,1646,113,103,1,-1,-1,-1
55,10,2930,1134,47,45,1,-1,-1,-1
56,0,2982,1004,154,119,1,-1,-1,-1
56,1,1624,1252,109,107,1,-1,-1,-1
56,2,1675,902,93,95,1,-1,-1,-1
56,3,2605,713,149,97,1,-1,-1,-1
56,4,2678,1057,151,98,1,-1,-1,-1
56,5,2326,587,118,100,1,-1,-1,-1
56,6,2815,977,175,99,1,-1,-1,-1
56,7,2851,1119,157,101,1,-1,-1,-1
56,8,2712,1403,133,105,1,-1,-1,-1
56,9,2346,1646,113,103,1,-1,-1,-1
56,10,2932,1121,47,45,1,-1,-1,-1
57,0,2982,1007,154,124,1,-1,-1,-1
57,1,1627,1250,109,107,1,-1,-1,-1
57,2,1675,900,94,96,1,-1,-1,-1
57,3,2609,714,152,97,1,-1,-1,-1
57,4,2680,1058,153,99,1,-1,-1,-1
57,5,2330,587,118,100,1,-1,-1,-1
57,6,2814,975,176,100,1,-1,-1,-1
57,7,2865,1109,154,107,1,-1,-1,-1
57,8,2712,1401,133,105,1,-1,-1,-1
57,9,2346,1646,113,103,1,-1,-1,-1
57,10,2935,1109,47,45,1,-1,-1,-1
58,0,2983,1011,155,130,1,-1,-1,-1
58,1,1631,1248,110,107,1,-1,-1,-1
58,2,1675,897,95,97,1,-1,-1,-1
58,3,2613,714,154,97,1,-1,-1,-1
58,4,2682,1059,156,100,1,-1,-1,-1
58,5,2334,586,118,100,1,-1,-1,-1
58,6,2814,973,176,101,1,-1,-1,-1
58,7,2878,1108,149,103,1,-1,-1,-1
58,8,2713,1400,133,105,1,-1,-1,-1
58,9,2346,1646,113,103,1,-1,-1,-1
58,10,2938,1107,47,45,1,-1,-1,-1
59,0,2983,1015,155,136,1,-1,-1,-1
59,1,1634,1246,110,106,1,-1,-1,-1
59,2,1675,895,96,98,1,-1,-1,-1
59,3,2617,715,156,97,1,-1,-1,-1
59,4,2690,1060,151,100,1,-1,-1,-1
59,5,2339,586,118,100,1,-1,-1,-1
59,6,2813,971,176,102,1,-1,-1,-1
59,7,2891,1107,145,100,1,-1,-1,-1
59,8,2714,1398,133,105,1,-1,-1,-1
59,9,2346,1646,113,103,1,-1,-1,-1
59,10,2942,1106,47,45,1,-1,-1,-1
60,0,2984,1019,156,141,1,-1,-1,-1
60,1,1638,1244,110,106,1,-1,-1,-1
60,2,1675,893,97,100,1,-1,-1,-1
60,3,2621,715,158,97,1,-1,-1,-1
60,4,2699,1061,146,100,1,-1,-1,-1
60,5,2343,586,117,100,1,-1,-1,-1
60,6,2813,970,177,104,1,-1,-1,-1
60,7,2905,1107,141,96,1,-1,-1,-1
60,8,2715,1396,133,106,1,-1,-1,-1
60,9,2346,1646,113,103,1,-1,-1,-1
60,10,2953,1110,47,45,1,-1,-1,-1
61,0,2984,1023,156,147,1,-1,-1,-1
61,1,1641,1242,111,106,1,-1,-1,-1
61,2,1675,890,98,101,1,-1,-1,-1
61,3,2625,716,161,97,1,-1,-1,-1
61,4,2707,1062,141,100,1,-1,-1,-1
61,5,2348,586,117,100,1,-1,-1,-1
61,6,2815,967,177,105,1,-1,-1,-1
61,7,2918,1106,137,93,1,-1,-1,-1
61,8,2716,1394,133,106,1,-1,-1,-1
61,9,2345,1646,113,103,1,-1,-1,-1
61,10,2964,1115,47,45,1,-1,-1,-1
62,0,2985,1027,157,153,1,-1,-1,-1
62,1,1645,1241,111,106,1,-1,-1,-1
62,2,1675,888,99,102,1,-1,-1,-1
62,3,2628,717,163,97,1,-1,-1,-1
62,4,2716,1063,136,100,1,-1,-1,-1
62,5,2352,586,117,100,1,-1,-1,-1
62,6,2817,965,177,106,1,-1,-1,-1
62,7,2932,1106,133,90,1,-1,-1,-1
62,8,2717,1393,133,106,1,-1,-1,-1
62,9,2345,1646,113,103,1,-1,-1,-1
62,10,2995,1120,47,45,1,-1,-1,-1
63,0,2987,1031,167,146,1,-1,-1,-1
63,1,1648,1239,111,106,1,-1,-1,-1
63,2,1675,886,100,103,1,-1,-1,-1
63,3,2632,717,165,97,1,-1,-1,-1
63,4,2725,1065,131,100,1,-1,-1,-1
63,5,2356,586,117,100,1,-1,-1,-1
63,6,2819,963,177,107,1,-1,-1,-1
63,7,2940,1103,139,93,1,-1,-1,-1
63,8,2717,1391,133,106,1,-1,-1,-1
63,9,2345,1646,113,103,1,-1,-1,-1
63,10,3026,1126,47,45,1,-1,-1,-1
64,0,2989,1035,177,139,1,-1,-1,-1
64,1,1652,1237,112,106,1,-1,-1,-1
64,2,1675,883,101,104,1,-1,-1,-1
64,3,2636,718,168,97,1,-1,-1,-1
64,4,2727,1066,132,100,1,-1,-1,-1
64,5,2361,586,117,100,1,-1,-1,-1
64,6,2821,961,178,108,1,-1,-1,-1
64,7,2948,1101,145,97,1,-1,-1,-1
64,8,2718,1389,133,107,1,-1,-1,-1
64,9,2345,1646,113,103,1,-1,-1,-1
64,10,3044,1134,47,45,1,-1,-1,-1
65,0,2992,1034,180,137,1,-1,-1,-1
65,1,1655,1235,112,106,1,-1,-1,-1
65,2,1675,881,102,105,1,-1,-1,-1
65,3,2640,718,170,97,1,-1,-1,-1
65,4,2730,1067,133,100,1,-1,-1,-1
65,5,2365,586,117,100,1,-1,-1,-1
65,6,2823,959,178,109,1,-1,-1,-1
65,7,2956,1099,151,101,1,-1,-1,-1
65,8,2719,1388,133,107,1,-1,-1,-1
65,9,2345,1646,113,103,1,-1,-1,-1
65,10,3062,1142,47,45,1,-1,-1,-1
66,0,2995,1033,184,135,1,-1,-1,-1
66,1,1659,1233,112,106,1,-1,-1,-1
66,2,1676,879,103,107,1,-1,-1,-1
66,3,2644,719,172,97,1,-1,-1,-1
66,4,2732,1068,134,100,1,-1,-1,-1
66,5,2370,586,117,100,1,-1,-1,-1
66,6,2825,957,178,110,1,-1,-1,-1
66,7,2964,1096,157,105,1,-1,-1,-1
66,8,2720,1386,133,107,1,-1,-1,-1
66,9,2345,1646,113,103,1,-1,-1,-1
66,10,3077,1149,47,45,1,-1,-1,-1
67,0,2999,1032,188,133,1,-1,-1,-1
67,1,1662,1231,113,106,1,-1,-1,-1
67,2,1676,876,104,106,1,-1,-1,-1
67,3,2648,720,175,98,1,-1,-1,-1
67,4,2735,1069,135,100,1,-1,-1,-1
67,5,2374,585,116,99,1,-1,-1,-1
67,6,2827,955,178,111,1,-1,-1,-1
67,7,2972,1094,163,109,1,-1,-1,-1
67,8,2721,1384,133,107,1,-1,-1,-1
67,9,2345,1647,113,103,1,-1,-1,-1
67,10,3093,1157,47,45,1,-1,-1,-1
68,0,3002,1031,192,131,1,-1,-1,-1
68,1,1666,1229,113,106,1,-1,-1,-1
68,2,1676,874,105,105,1,-1,-1,-1
68,3,2653,720,174,99,1,-1,-1,-1
68,4,2737,1070,136,100,1,-1,-1,-1
68,5,2378,584,116,99,1,-1,-1,-1
68,6,2829,953,179,112,1,-1,-1,-1
68,7,2981,1092,169,113,1,-1,-1,-1
68,8,2722,1383,134,108,1,-1,-1,-1
68,9,2345,1647,113,103,1,-1,-1,-1
68,10,3108,1159,47,45,1,-1,-1,-1
69,0,3005,1030,195,129,1,-1,-1,-1
69,1,1669,1227,113,105,1,-1,-1,-1
69,2,1677,871,106,104,1,-1,-1,-1
69,3,2659,720,173,100,1,-1,-1,-1
69,4,2740,1071,137,100,1,-1,-1,-1
69,5,2382,583,116,99,1,-1,-1,-1
69,6,2835,951,177,111,1,-1,-1,-1
69,7,2990,1084,168,117,1,-1,-1,-1
69,8,2723,1382,133,107,1,-1,-1,-1
69,9,2345,1647,113,103,1,-1,-1,-1
69,10,3124,1162,47,45,1,-1,-1,-1
70,0,3009,1029,199,127,1,-1,-1,-1
70,1,1673,1225,114,105,1,-1,-1,-1
70,2,1677,869,107,103,1,-1,-1,-1
70,3,2665,721,172,101,1,-1,-1,-1
70,4,2743,1072,139,100,1,-1,-1,-1
70,5,2386,582,116,99,1,-1,-1,-1
70,6,2842,949,176,112,1,-1,-1,-1
70,7,2999,1077,168,122,1,-1,-1,-1
70,8,2724,1381,133,107,1,-1,-1,-1
70,9,2345,1647,113,103,1,-1,-1,-1
70,10,3132,1158,47,45,1,-1,-1,-1
71,0,3012,1028,203,125,1,-1,-1,-1
71,1,1676,1223,114,105,1,-1,-1,-1
71,2,1678,866,108,102,1,-1,-1,-1
71,3,2671,721,171,102,1,-1,-1,-1
71,4,2745,1073,140,100,1,-1,-1,-1
71,5,2390,582,116,99,1,-1,-1,-1
71,6,2849,947,174,112,1,-1,-1,-1
71,7,3009,1070,168,126,1,-1,-1,-1
71,8,2725,1380,133,106,1,-1,-1,-1
71,9,2344,1647,113,103,1,-1,-1,-1
71,10,3140,1154,47,45,1,-1,-1,-1
72,0,3015,1027,207,123,1,-1,-1,-1
72,1,1680,1221,114,105,1,-1,-1,-1
72,2,1678,864,109,101,1,-1,-1,-1
72,3,2676,721,170,103,1,-1,-1,-1
72,4,2748,1074,141,100,1,-1,-1,-1
72,5,2395,581,115,99,1,-1,-1,-1
72,6,2856,946,173,112,1,-1,-1,-1
72,7,3018,1063,168,131,1,-1,-1,-1
72,8,2726,1379,133,106,1,-1,-1,-1
72,9,2344,1647,113,103,1,-1,-1,-1
72,10,3148,1150,47,45,1,-1,-1,-1
73,0,3019,1026,211,122,1,-1,-1,-1
73,1,1684,1220,115,105,1,-1,-1,-1
73,2,1679,862,111,100,1,-1,-1,-1
73,3,2682,722,169,104,1,-1,-1,-1
73,4,2750,1075,142,100,1,-1,-1,-1
73,5,2399,580,115,99,1,-1,-1,-1
73,6,2863,944,171,111,1,-1,-1,-1
73,7,3027,1056,168,135,1,-1,-1,-1
73,8,2727,1378,133,106,1,-1,-1,-1
73,9,2344,1647,113,103,1,-1,-1,-1
73,10,3149,1138,47,45,1,-1,-1,-1
74,0,3015,1024,212,123,1,-1,-1,-1
74,1,1687,1218,115,105,1,-1,-1,-1
74,2,1678,860,112,99,1,-1,-1,-1
74,3,2688,722,168,106,1,-1,-1,-1
74,4,2753,1076,143,100,1,-1,-1,-1
74,5,2403,579,115,99,1,-1,-1,-1
74,6,2870,942,170,112,1,-1,-1,-1
74,7,3037,1049,168,140,1,-1,-1,-1
74,8,2728,1377,133,105,1,-1,-1,-1
74,9,2344,1647,113,103,1,-1,-1,-1
74,10,3150,1127,47,45,1,-1,-1,-1
75,0,3012,1022,213,124,1,-1,-1,-1
75,1,1691,1216,115,105,1,-1,-1,-1
75,2,1678,859,113,98,1,-1,-1,-1
75,3,2694,723,167,107,1,-1,-1,-1
75,4,2755,1077,144,100,1,-1,-1,-1
75,5,2407,578,115,99,1,-1,-1,-1
75,6,2877,941,169,112,1,-1,-1,-1
75,7,3050,1053,168,144,1,-1,-1,-1
75,8,2729,1376,133,105,1,-1,-1,-1
75,9,2344,1647,113,103,1,-1,-1,-1
75,10,3146,1115,47,45,1,-1,-1,-1
76,0,3009,1020,214,126,1,-1,-1,-1
76,1,1694,1214,116,105,1,-1,-1,-1
76,2,1678,857,114,97,1,-1,-1,-1
76,3,2699,723,166,108,1,-1,-1,-1
76,4,2758,1078,145,100,1,-1,-1,-1
76,5,2411,578,115,99,1,-1,-1,-1
76,6,2886,939,167,112,1,-1,-1,-1
76,7,3064,1057,168,149,1,-1,-1,-1
76,8,2730,1375,133,105,1,-1,-1,-1
76,9,2344,1647,113,103,1,-1,-1,-1
76,10,3142,1104,47,45,1,-1,-1,-1
77,0,3009,1019,209,125,1,-1,-1,-1
77,1,1698,1212,116,105,1,-1,-1,-1
77,2,1678,856,115,96,1,-1,-1,-1
77,3,2705,723,165,109,1,-1,-1,-1
77,4,2761,1080,147,100,1,-1,-1,-1
77,5,2415,577,115,99,1,-1,-1,-1
77,6,2896,937,166,112,1,-1,-1,-1
77,7,3077,1061,168,153,1,-1,-1,-1
77,8,2731,1374,133,104,1,-1,-1,-1
77,9,2344,1647,113,103,1,-1,-1,-1
77,10,3139,1092,47,45,1,-1,-1,-1
78,0,3009,1019,204,124,1,-1,-1,-1
78,1,1701,1210,116,104,1,-1,-1,-1
78,2,1678,854,116,95,1,-1,-1,-1
78,3,2711,724,165,110,1,-1,-1,-1
78,4,2763,1081,147,100,1,-1,-1,-1
78,5,2420,576,114,99,1,-1,-1,-1
78,6,2905,936,164,112,1,-1,-1,-1
78,7,3091,1066,168,158,1,-1,-1,-1
78,8,2732,1373,133,104,1,-1,-1,-1
78,9,2344,1647,113,103,1,-1,-1,-1
78,10,3135,1081,47,45,1,-1,-1,-1
79,0,3009,1018,200,124,1,-1,-1,-1
79,1,1705,1208,117,104,1,-1,-1,-1
79,2,1678,853,117,94,1,-1,-1,-1
79,3,2717,724,164,111,1,-1,-1,-1
79,4,2765,1082,147,100,1,-1,-1,-1
79,5,2424,575,114,99,1,-1,-1,-1
79,6,2915,934,163,112,1,-1,-1,-1
79,7,3086,1065,166,151,1,-1,-1,-1
79,8,2733,1372,133,104,1,-1,-1,-1
79,9,2344,1647,113,103,1,-1,-1,-1
79,10,3131,1069,47,45,1,-1,-1,-1
80,0,3009,1018,195,123,1,-1,-1,-1
80,1,1708,1206,117,104,1,-1,-1,-1
80,2,1678,852,118,93,1,-1,-1,-1
80,3,2722,724,163,112,1,-1,-1,-1
80,4,2767,1083,148,100,1,-1,-1,-1
80,5,2428,575,114,99,1,-1,-1,-1
80,6,2925,932,161,112,1,-1,-1,-1
80,7,3082,1064,165,145,1,-1,-1,-1
80,8,2734,1371,133,103,1,-1,-1,-1
80,9,2344,1647,113,103,1,-1,-1,-1
80,10,3128,1058,47,45,1,-1,-1,-1
81,0,3009,1018,191,123,1,-1,-1,-1
81,1,1712,1204,117,104,1,-1,-1,-1
81,2,1676,850,118,94,1,-1,-1,-1
81,3,2728,725,162,114,1,-1,-1,-1
81,4,2769,1085,148,100,1,-1,-1,-1
81,5,2432,574,114,99,1,-1,-1,-1
81,6,2934,931,160,112,1,-1,-1,-1
81,7,3078,1063,164,139,1,-1,-1,-1
81,8,2735,1370,133,103,1,-1,-1,-1
81,9,2343,1647,113,103,1,-1,-1,-1
81,10,3124,1046,47,45,1,-1,-1,-1
82,0,3009,1017,186,122,1,-1,-1,-1
82,1,1715,1202,118,104,1,-1,-1,-1
82,2,1675,849,118,95,1,-1,-1,-1
82,3,2734,725,161,115,1,-1,-1,-1
82,4,2771,1086,149,100,1,-1,-1,-1
82,5,2436,573,114,99,1,-1,-1,-1
82,6,2944,929,158,112,1,-1,-1,-1
82,7,3074,1062,163,133,1,-1,-1,-1
82,8,2737,1370,133,103,1,-1,-1,-1
82,9,2343,1648,113,103,1,-1,-1,-1
82,10,3121,1035,47,45,1,-1,-1,-1
83,0,3009,1017,182,122,1,-1,-1,-1
83,1,1719,1200,118,104,1,-1,-1,-1
83,2,1673,848,118,96,1,-1,-1,-1
83,3,2740,726,160,116,1,-1,-1,-1
83,4,2773,1087,149,100,1,-1,-1,-1
83,5,2440,572,114,99,1,-1,-1,-1
83,6,2954,928,157,112,1,-1,-1,-1
83,7,3070,1062,162,127,1,-1,-1,-1
83,8,2737,1370,132,102,1,-1,-1,-1
83,9,2343,1648,113,103,1,-1,-1,-1
83,10,3113,1022,47,45,1,-1,-1,-1
84,0,3009,1016,177,121,1,-1,-1,-1
84,1,1722,1199,118,104,1,-1,-1,-1
84,2,1672,847,119,97,1,-1,-1,-1
84,3,2745,726,159,117,1,-1,-1,-1
84,4,2775,1089,150,100,1,-1,-1,-1
84,5,2445,571,113,99,1,-1,-1,-1
84,6,2959,925,156,111,1,-1,-1,-1
84,7,3074,1065,160,120,1,-1,-1,-1
84,8,2737,1370,132,102,1,-1,-1,-1
84,9,2343,1648,113,103,1,-1,-1,-1
84,10,3105,1010,47,45,1,-1,-1,-1
85,0,3009,1016,173,121,1,-1,-1,-1
85,1,1726,1197,119,104,1,-1,-1,-1
85,2,1670,846,119,98,1,-1,-1,-1
85,3,2751,726,158,118,1,-1,-1,-1
85,4,2777,1090,150,100,1,-1,-1,-1
85,5,2449,571,113,99,1,-1,-1,-1
85,6,2964,923,155,110,1,-1,-1,-1
85,7,3078,1069,159,114,1,-1,-1,-1
85,8,2737,1370,132,101,1,-1,-1,-1
85,9,2343,1648,113,103,1,-1,-1,-1
85,10,3097,997,47,45,1,-1,-1,-1
86,0,3009,1016,168,120,1,-1,-1,-1
86,1,1729,1195,119,104,1,-1,-1,-1
86,2,1669,845,119,99,1,-1,-1,-1
86,3,2757,727,157,119,1,-1,-1,-1
86,4,2779,1091,150,100,1,-1,-1,-1
86,5,2453,570,113,99,1,-1,-1,-1
86,6,2969,920,155,109,1,-1,-1,-1
86,7,3083,1073,158,108,1,-1,-1,-1
86,8,2737,1370,132,101,1,-1,-1,-1
86,9,2343,1648,113,103,1,-1,-1,-1
86,10,3089,985,47,45,1,-1,-1,-1
87,0,3009,1015,164,120,1,-1,-1,-1
87,1,1733,1193,119,104,1,-1,-1,-1
87,2,1667,844,120,100,1,-1,-1,-1
87,3,2763,727,156,120,1,-1,-1,-1
87,4,2781,1092,151,100,1,-1,-1,-1
87,5,2457,569,113,99,1,-1,-1,-1
87,6,2975,918,154,107,1,-1,-1,-1
87,7,3087,1076,157,102,1,-1,-1,-1
87,8,2737,1370,132,101,1,-1,-1,-1
87,9,2343,1648,113,103,1,-1,-1,-1
87,10,3081,972,47,45,1,-1,-1,-1
88,0,3009,1015,159,119,1,-1,-1,-1
88,1,1736,1191,120,103,1,-1,-1,-1
88,2,1666,843,120,101,1,-1,-1,-1
88,3,2769,728,156,122,1,-1,-1,-1
88,4,2783,1094,151,100,1,-1,-1,-1
88,5,2461,568,113,99,1,-1,-1,-1
88,6,2980,915,154,107,1,-1,-1,-1
88,7,3091,1080,156,96,1,-1,-1,-1
88,8,2737,1370,132,100,1,-1,-1,-1
88,9,2343,1648,113,103,1,-1,-1,-1
88,10,3073,960,47,45,1,-1,-1,-1
89,0,3009,1015,155,119,1,-1,-1,-1
89,1,1740,1189,120,103,1,-1,-1,-1
89,2,1664,842,120,102,1,-1,-1,-1
89,3,2771,731,155,123,1,-1,-1,-1
89,4,2785,1095,152,100,1,-1,-1,-1
89,5,2466,568,113,99,1,-1,-1,-1
89,6,2985,913,153,106,1,-1,-1,-1
89,7,3096,1084,155,90,1,-1,-1,-1
89,8,2737,1370,132,100,1,-1,-1,-1
89,9,2343,1648,113,103,1,-1,-1,-1
89,10,3061,949,47,45,1,-1,-1,-1
90,0,3008,1013,156,120,1,-1,-1,-1
90,1,1743,1187,120,103,1,-1,-1,-1
90,2,1663,841,120,103,1,-1,-1,-1
90,3,2773,735,154,124,1,-1,-1,-1
90,4,2787,1096,152,100,1,-1,-1,-1
90,5,2468,567,112,98,1,-1,-1,-1
90,6,2991,911,153,105,1,-1,-1,-1
90,7,3101,1081,156,91,1,-1,-1,-1
90,8,2737,1370,132,99,1,-1,-1,-1
90,9,2342,1648,113,103,1,-1,-1,-1
90,10,3050,938,47,45,1,-1,-1,-1
91,0,3008,1011,157,121,1,-1,-1,-1
91,1,1747,1185,121,103,1,-1,-1,-1
91,2,1661,840,121,104,1,-1,-1,-1
91,3,2775,738,153,125,1,-1,-1,-1
91,4,2789,1098,153,100,1,-1,-1,-1
91,5,2471,567,112,98,1,-1,-1,-1
91,6,2991,910,152,104,1,-1,-1,-1
91,7,3107,1078,157,93,1,-1,-1,-1
91,8,2737,1370,132,99,1,-1,-1,-1
91,9,2342,1648,113,103,1,-1,-1,-1
91,10,3038,927,47,45,1,-1,-1,-1
92,0,3008,1009,158,123,1,-1,-1,-1
92,1,1750,1183,121,103,1,-1,-1,-1
92,2,1660,839,121,105,1,-1,-1,-1
92,3,2777,742,152,126,1,-1,-1,-1
92,4,2791,1099,153,100,1,-1,-1,-1
92,5,2473,567,112,98,1,-1,-1,-1
92,6,2992,909,151,103,1,-1,-1,-1
92,7,3112,1075,158,95,1,-1,-1,-1
92,8,2737,1370,132,99,1,-1,-1,-1
92,9,2342,1648,113,103,1,-1,-1,-1
92,10,3027,916,47,45,1,-1,-1,-1
93,0,3008,1008,159,124,1,-1,-1,-1
93,1,1754,1181,121,103,1,-1,-1,-1
93,2,1659,838,121,106,1,-1,-1,-1
93,3,2781,742,152,125,1,-1,-1,-1
93,4,2793,1100,153,100,1,-1,-1,-1
93,5,2476,567,112,98,1,-1,-1,-1
93,6,2993,909,151,102,1,-1,-1,-1
93,7,3118,1072,159,97,1,-1,-1,-1
93,8,2737,1370,132,98,1,-1,-1,-1
93,9,2342,1648,113,103,1,-1,-1,-1
93,10,3014,905,47,45,1,-1,-1,-1
94,0,3008,1006,160,125,1,-1,-1,-1
94,1,1757,1179,122,103,1,-1,-1,-1
94,2,1657,837,122,107,1,-1,-1,-1
94,3,2785,742,152,125,1,-1,-1,-1
94,4,2795,1101,154,100,1,-1,-1,-1
94,5,2479,567,112,98,1,-1,-1,-1
94,6,2994,908,150,101,1,-1,-1,-1
94,7,3122,1074,159,98,1,-1,-1,-1
94,8,2737,1371,131,98,1,-1,-1,-1
94,9,2342,1648,113,103,1,-1,-1,-1
94,10,3002,895,47,45,1,-1,-1,-1
95,0,3007,1004,161,127,1,-1,-1,-1
95,1,1761,1178,122,103,1,-1,-1,-1
95,2,1656,836,122,108,1,-1,-1,-1
95,3,2789,742,153,125,1,-1,-1,-1
95,4,2797,1103,154,100,1,-1,-1,-1
95,5,2481,566,111,98,1,-1,-1,-1
95,6,2994,908,149,100,1,-1,-1,-1
95,7,3127,1076,160,99,1,-1,-1,-1
95,8,2737,1371,131,97,1,-1,-1,-1
95,9,2342,1648,113,103,1,-1,-1,-1
95,10,2990,884,47,45,1,-1,-1,-1
96,0,3007,1002,162,128,1,-1,-1,-1
96,1,1764,1176,122,103,1,-1,-1,-1
96,2,1654,835,122,109,1,-1,-1,-1
96,3,2793,742,153,125,1,-1,-1,-1
96,4,2799,1104,155,100,1,-1,-1,-1
96,5,2484,566,111,98,1,-1,-1,-1
96,6,2995,907,149,99,1,-1,-1,-1
96,7,3132,1078,161,101,1,-1,-1,-1
96,8,2737,1371,131,97,1,-1,-1,-1
96,9,2342,1648,113,103,1,-1,-1,-1
96,10,2978,874,47,45,1,-1,-1,-1
97,0,3007,1001,163,129,1,-1,-1,-1
97,1,1768,1174,123,102,1,-1,-1,-1
97,2,1653,834,122,110,1,-1,-1,-1
97,3,2797,742,154,125,1,-1,-1,-1
97,4,2801,1105,155,100,1,-1,-1,-1
97,5,2487,566,111,98,1,-1,-1,-1
97,6,2996,907,148,98,1,-1,-1,-1
97,7,3137,1080,161,102,1,-1,-1,-1
97,8,2737,1371,131,97,1,-1,-1,-1
97,9,2342,1649,113,103,1,-1,-1,-1
97,10,2966,864,47,45,1,-1,-1,-1
98,0,3007,999,164,131,1,-1,-1,-1
98,1,1771,1172,123,102,1,-1,-1,-1
98,2,1651,833,123,111,1,-1,-1,-1
98,3,2795,741,154,124,1,-1,-1,-1
98,4,2803,1107,156,100,1,-1,-1,-1
98,5,2489,566,111,98,1,-1,-1,-1
98,6,2997,906,147,97,1,-1,-1,-1
98,7,3142,1082,162,104,1,-1,-1,-1
98,8,2737,1371,131,96,1,-1,-1,-1
98,9,2342,1649,113,103,1,-1,-1,-1
98,10,2951,855,47,45,1,-1,-1,-1
99,0,3007,997,165,132,1,-1,-1,-1
99,1,1775,1170,123,102,1,-1,-1,-1
99,2,1650,832,123,112,1,-1,-1,-1
99,3,2794,741,154,124,1,-1,-1,-1
99,4,2802,1106,154,100,1,-1,-1,-1
99,5,2492,566,111,98,1,-1,-1,-1
99,6,2998,906,147,96,1,-1,-1,-1
99,7,3147,1084,163,105,1,-1,-1,-1
99,8,2737,1371,131,96,1,-1,-1,-1
99,9,2342,1649,113,103,1,-1,-1,-1
99,10,2936,846,47,45,1,-1,-1,-1
100,0,3007,996,167,134,1,-1,-1,-1
100,1,1778,1168,124,102,1,-1,-1,-1
100,2,1648,831,123,113,1,-1,-1,-1
100,3,2792,740,155,124,1,-1,-1,-1
100,4,2801,1106,153,100,1,-1,-1,-1
100,5,2495,566,111,98,1,-1,-1,-1
100,6,2998,905,146,96,1,-1,-1,-1
100,7,3152,1087,164,107,1,-1,-1,-1
100,8,2738,1371,131,95,1,-1,-1,-1
100,9,2341,1649,113,103,1,-1,-1,-1
100,10,2921,837,47,45,1,-1,-1,-1
101,0,3006,996,166,133,1,-1,-1,-1
101,1,1782,1166,124,102,1,-1,-1,-1
101,2,1647,830,124,114,1,-1,-1,-1
101,3,2791,740,155,124,1,-1,-1,-1
101,4,2801,1105,152,100,1,-1,-1,-1
101,5,2497,565,110,97,1,-1,-1,-1
101,6,2998,904,145,96,1,-1,-1,-1
101,7,3151,1090,165,104,1,-1,-1,-1
101,8,2738,1371,131,95,1,-1,-1,-1
101,9,2341,1649,113,103,1,-1,-1,-1
101,10,2906,828,47,45,1,-1,-1,-1
102,0,3006,996,166,132,1,-1,-1,-1
102,1,1785,1164,124,102,1,-1,-1,-1
102,2,1645,829,124,115,1,-1,-1,-1
102,3,2790,740,155,124,1,-1,-1,-1
102,4,2800,1105,151,100,1,-1,-1,-1
102,5,2500,565,110,97,1,-1,-1,-1
102,6,2998,903,145,96,1,-1,-1,-1
102,7,3150,1093,166,102,1,-1,-1,-1
102,8,2738,1371,131,95,1,-1,-1,-1
102,9,2341,1649,113,103,1,-1,-1,-1
102,10,2894,824,47,45,1,-1,-1,-1
103,0,3006,996,165,131,1,-1,-1,-1
103,1,1789,1162,125,102,1,-1,-1,-1
103,2,1644,828,124,116,1,-1,-1,-1
103,3,2788,739,156,124,1,-1,-1,-1
103,4,2800,1104,150,100,1,-1,-1,-1
103,5,2503,565,110,97,1,-1,-1,-1
103,6,2998,902,144,96,1,-1,-1,-1
103,7,3149,1096,168,99,1,-1,-1,-1
103,8,2738,1371,131,94,1,-1,-1,-1
103,9,2341,1649,113,103,1,-1,-1,-1
103,10,2883,820,47,45,1,-1,-1,-1
104,0,3006,996,165,130,1,-1,-1,-1
104,1,1792,1160,125,102,1,-1,-1,-1
104,2,1643,827,125,118,1,-1,-1,-1
104,3,2787,739,156,124,1,-1,-1,-1
104,4,2799,1104,149,100,1,-1,-1,-1
104,5,2505,565,110,97,1,-1,-1,-1
104,6,2998,901,143,96,1,-1,-1,-1
104,7,3148,1099,169,97,1,-1,-1,-1
104,8,2738,1371,131,94,1,-1,-1,-1
104,9,2341,1649,113,103,1,-1,-1,-1
104,10,2871,816,47,45,1,-1,-1,-1
105,0,3006,996,165,129,1,-1,-1,-1
105,1,1796,1158,125,102,1,-1,-1,-1
105,2,1639,822,128,121,1,-1,-1,-1
105,3,2786,739,157,124,1,-1,-1,-1
105,4,2799,1103,148,100,1,-1,-1,-1
105,5,2508,565,110,97,1,-1,-1,-1
105,6,2998,900,143,96,1,-1,-1,-1
105,7,3147,1102,170,94,1,-1,-1,-1
105,8,2738,1371,131,93,1,-1,-1,-1
105,9,2341,1649,113,103,1,-1,-1,-1
105,10,2860,812,47,45,1,-1,-1,-1
106,0,3005,996,164,128,1,-1,-1,-1
106,1,1800,1157,126,102,1,-1,-1,-1
106,2,1635,818,131,124,1,-1,-1,-1
106,3,2783,737,155,125,1,-1,-1,-1
106,4,2798,1103,146,100,1,-1,-1,-1
106,5,2511,565,110,97,1,-1,-1,-1
106,6,2998,899,142,96,1,-1,-1,-1
106,7,3147,1105,172,92,1,-1,-1,-1
106,8,2738,1372,130,93,1,-1,-1,-1
106,9,2341,1649,113,103,1,-1,-1,-1
106,10,2849,808,47,45,1,-1,-1,-1
107,0,3005,996,164,127,1,-1,-1,-1
107,1,1800,1155,125,101,1,-1,-1,-1
107,2,1631,814,134,127,1,-1,-1,-1
107,3,2781,735,154,126,1,-1,-1,-1
107,4,2798,1102,145,100,1,-1,-1,-1
107,5,2513,564,109,97,1,-1,-1,-1
107,6,2998,898,141,96,1,-1,-1,-1
107,7,3148,1102,171,95,1,-1,-1,-1
107,8,2738,1372,130,93,1,-1,-1,-1
107,9,2341,1649,113,103,1,-1,-1,-1
107,10,2839,802,47,45,1,-1,-1,-1
108,0,3005,996,163,126,1,-1,-1,-1
108,1,1801,1153,124,101,1,-1,-1,-1
108,2,1628,809,137,130,1,-1,-1,-1
108,3,2778,733,152,127,1,-1,-1,-1
108,4,2797,1102,144,100,1,-1,-1,-1
108,5,2516,564,109,97,1,-1,-1,-1
108,6,2998,897,141,96,1,-1,-1,-1
108,7,3149,1099,171,99,1,-1,-1,-1
108,8,2738,1372,130,92,1,-1,-1,-1
108,9,2341,1649,113,103,1,-1,-1,-1
108,10,2829,796,47,45,1,-1,-1,-1
109,0,3005,996,163,125,1,-1,-1,-1
109,1,1801,1151,124,101,1,-1,-1,-1
109,2,1624,805,140,133,1,-1,-1,-1
109,3,2776,731,151,128,1,-1,-1,-1
109,4,2797,1102,143,101,1,-1,-1,-1
109,5,2519,564,109,97,1,-1,-1,-1
109,6,2998,896,140,96,1,-1,-1,-1
109,7,3150,1096,170,103,1,-1,-1,-1
109,8,2738,1372,130,92,1,-1,-1,-1
109,9,2341,1649,113,103,1,-1,-1,-1
109,10,2819,790,47,45,1,-1,-1,-1
110,0,3005,996,163,124,1,-1,-1,-1
110,1,1802,1149,123,101,1,-1,-1,-1
110,2,1620,801,143,136,1,-1,-1,-1
110,3,2773,729,149,129,1,-1,-1,-1
110,4,2796,1101,142,101,1,-1,-1,-1
110,5,2521,564,109,97,1,-1,-1,-1
110,6,2998,895,140,96,1,-1,-1,-1
110,7,3152,1093,170,107,1,-1,-1,-1
110,8,2738,1372,130,91,1,-1,-1,-1
110,9,2340,1649,113,103,1,-1,-1,-1
110,10,2809,784,47,45,1,-1,-1,-1
111,0,3004,996,162,116,1,-1,-1,-1
111,1,1802,1148,123,101,1,-1,-1,-1
111,2,1617,797,146,139,1,-1,-1,-1
111,3,2771,727,148,130,1,-1,-1,-1
111,4,2795,1101,141,101,1,-1,-1,-1
111,5,2524,564,109,97,1,-1,-1,-1
111,6,2995,891,140,96,1,-1,-1,-1
111,7,3153,1090,170,111,1,-1,-1,-1
111,8,2738,1372,130,91,1,-1,-1,-1
111,9,2340,1649,113,103,1,-1,-1,-1
111,10,2799,779,47,45,1,-1,-1,-1
112,0,3004,996,162,109,1,-1,-1,-1
112,1,1803,1146,122,100,1,-1,-1,-1
112,2,1612,798,143,138,1,-1,-1,-1
112,3,2769,725,146,131,1,-1,-1,-1
112,4,2795,1100,140,101,1,-1,-1,-1
112,5,2527,564,109,97,1,-1,-1,-1
112,6,2993,888,141,97,1,-1,-1,-1
112,7,3154,1087,169,115,1,-1,-1,-1
112,8,2738,1372,130,91,1,-1,-1,-1
112,9,2340,1650,113,103,1,-1,-1,-1
112,10,2798,767,47,45,1,-1,-1,-1
113,0,3004,996,162,102,1,-1,-1,-1
113,1,1804,1144,122,100,1,-1,-1,-1
113,2,1607,800,141,137,1,-1,-1,-1
113,3,2766,723,145,132,1,-1,-1,-1
113,4,2794,1100,138,101,1,-1,-1,-1
113,5,2528,565,109,98,1,-1,-1,-1
113,6,2991,885,142,98,1,-1,-1,-1
113,7,3155,1084,169,119,1,-1,-1,-1
113,8,2738,1372,130,90,1,-1,-1,-1
113,9,2340,1650,113,103,1,-1,-1,-1
113,10,2798,756,47,45,1,-1,-1,-1
114,0,3004,996,162,95,1,-1,-1,-1
114,1,1804,1142,121,100,1,-1,-1,-1
114,2,1602,802,138,136,1,-1,-1,-1
114,3,2764,721,143,133,1,-1,-1,-1
114,4,2794,1099,137,101,1,-1,-1,-1
114,5,2530,566,109,99,1,-1,-1,-1
114,6,2989,882,143,99,1,-1,-1,-1
114,7,3157,1081,169,123,1,-1,-1,-1
114,8,2738,1372,130,90,1,-1,-1,-1
114,9,2340,1650,113,103,1,-1,-1,-1
114,10,2798,745,47,45,1,-1,-1,-1
115,0,3002,993,161,96,1,-1,-1,-1
115,1,1805,1141,121,100,1,-1,-1,-1
115,2,1597,804,136,135,1,-1,-1,-1
115,3,2761,719,142,134,1,-1,-1,-1
115,4,2793,1099,136,101,1,-1,-1,-1
115,5,2532,567,109,101,1,-1,-1,-1
115,6,2987,879,144,99,1,-1,-1,-1
115,7,3156,1082,169,122,1,-1,-1,-1
115,8,2738,1372,130,89,1,-1,-1,-1
115,9,2340,1650,113,103,1,-1,-1,-1
115,10,2798,734,47,45,1,-1,-1,-1
116,0,3000,991,161,97,1,-1,-1,-1
116,1,1805,1139,120,100,1,-1,-1,-1
116,2,1592,806,133,134,1,-1,-1,-1
116,3,2759,717,140,135,1,-1,-1,-1
116,4,2793,1098,135,101,1,-1,-1,-1
116,5,2534,568,109,102,1,-1,-1,-1
116,6,2985,876,145,100,1,-1,-1,-1
116,7,3156,1083,170,122,1,-1,-1,-1
116,8,2738,1372,130,89,1,-1,-1,-1
116,9,2340,1650,113,103,1,-1,-1,-1
116,10,2801,728,47,45,1,-1,-1,-1
117,0,2999,989,160,98,1,-1,-1,-1
117,1,1806,1137,120,100,1,-1,-1,-1
117,2,1587,808,131,133,1,-1,-1,-1
117,3,2756,715,139,136,1,-1,-1,-1
117,4,2792,1098,134,101,1,-1,-1,-1
117,5,2536,569,110,103,1,-1,-1,-1
117,6,2983,873,146,101,1,-1,-1,-1
117,7,3155,1084,170,122,1,-1,-1,-1
117,8,2739,1373,130,89,1,-1,-1,-1
117,9,2340,1650,113,103,1,-1,-1,-1
117,10,2804,722,47,45,1,-1,-1,-1
118,0,2997,987,160,99,1,-1,-1,-1
118,1,1807,1135,119,99,1,-1,-1,-1
118,2,1582,810,129,132,1,-1,-1,-1
118,3,2754,713,137,137,1,-1,-1,-1
118,4,2792,1097,133,101,1,-1,-1,-1
118,5,2538,570,110,105,1,-1,-1,-1
118,6,2981,870,147,102,1,-1,-1,-1
118,7,3155,1085,171,122,1,-1,-1,-1
118,8,2739,1373,130,89,1,-1,-1,-1
118,9,2340,1650,113,103,1,-1,-1,-1
118,10,2807,716,47,45,1,-1,-1,-1
119,0,2996,985,160,101,1,-1,-1,-1
119,1,1807,1134,119,99,1,-1,-1,-1
119,2,1572,809,131,132,1,-1,-1,-1
119,3,2752,711,136,139,1,-1,-1,-1
119,4,2791,1097,132,101,1,-1,-1,-1
119,5,2540,571,110,106,1,-1,-1,-1
119,6,2977,865,146,104,1,-1,-1,-1
119,7,3154,1086,172,122,1,-1,-1,-1
119,8,2739,1373,130,89,1,-1,-1,-1
119,9,2340,1650,113,103,1,-1,-1,-1
119,10,2811,711,47,45,1,-1,-1,-1
120,0,2994,983,159,102,1,-1,-1,-1
120,1,1808,1132,118,99,1,-1,-1,-1
120,2,1563,809,134,132,1,-1,-1,-1
120,3,2739,710,147,141,1,-1,-1,-1
120,4,2791,1097,131,102,1,-1,-1,-1
120,5,2542,572,110,107,1,-1,-1,-1
120,6,2974,861,145,106,1,-1,-1,-1
120,7,3154,1087,172,121,1,-1,-1,-1
120,8,2739,1373,130,89,1,-1,-1,-1
120,9,2339,1650,113,103,1,-1,-1,-1
120,10,2817,711,47,45,1,-1,-1,-1
121,0,2993,981,159,103,1,-1,-1,-1
121,1,1808,1130,118,99,1,-1,-1,-1
121,2,1554,809,137,132,1,-1,-1,-1
121,3,2727,709,159,144,1,-1,-1,-1
121,4,2788,1096,129,102,1,-1,-1,-1
121,5,2544,573,111,109,1,-1,-1,-1
121,6,2971,856,145,108,1,-1,-1,-1
121,7,3153,1088,173,121,1,-1,-1,-1
121,8,2739,1374,130,89,1,-1,-1,-1
121,9,2339,1650,113,103,1,-1,-1,-1
121,10,2823,711,47,45,1,-1,-1,-1
122,0,2991,979,158,104,1,-1,-1,-1
122,1,1809,1128,117,99,1,-1,-1,-1
122,2,1545,809,139,132,1,-1,-1,-1
122,3,2715,708,171,146,1,-1,-1,-1
122,4,2785,1095,128,102,1,-1,-1,-1
122,5,2541,575,118,111,1,-1,-1,-1
122,6,2968,852,144,110,1,-1,-1,-1
122,7,3153,1089,174,121,1,-1,-1,-1
122,8,2739,1374,130,89,1,-1,-1,-1
122,9,2339,1650,113,103,1,-1,-1,-1
122,10,2829,711,47,45,1,-1,-1,-1
123,0,2990,977,158,106,1,-1,-1,-1
123,1,1810,1127,117,99,1,-1,-1,-1
123,2,1535,809,142,132,1,-1,-1,-1
123,3,2703,708,183,149,1,-1,-1,-1
123,4,2782,1095,127,102,1,-1,-1,-1
123,5,2538,577,125,113,1,-1,-1,-1
123,6,2965,848,144,113,1,-1,-1,-1
123,7,3152,1090,174,121,1,-1,-1,-1
123,8,2739,1374,130,89,1,-1,-1,-1
123,9,2339,1650,113,103,1,-1,-1,-1
123,10,2835,712,47,45,1,-1,-1,-1
124,0,2988,975,158,107,1,-1,-1,-1
124,1,1808,1125,117,98,1,-1,-1,-1
124,2,1526,809,145,132,1,-1,-1,-1
124,3,2700,708,181,146,1,-1,-1,-1
124,4,2779,1094,126,102,1,-1,-1,-1
124,5,2536,579,132,115,1,-1,-1,-1
124,6,2962,843,143,115,1,-1,-1,-1
124,7,3152,1091,175,121,1,-1,-1,-1
124,8,2739,1374,130,89,1,-1,-1,-1
124,9,2339,1650,113,103,1,-1,-1,-1
124,10,2838,711,47,45,1,-1,-1,-1
125,0,2987,973,157,108,1,-1,-1,-1
125,1,1807,1124,117,97,1,-1,-1,-1
125,2,1517,809,147,132,1,-1,-1,-1
125,3,2698,709,180,143,1,-1,-1,-1
125,4,2776,1094,125,102,1,-1,-1,-1
125,5,2533,581,140,118,1,-1,-1,-1
125,6,2959,839,142,117,1,-1,-1,-1
125,7,3152,1093,176,121,1,-1,-1,-1
125,8,2740,1375,130,90,1,-1,-1,-1
125,9,2339,1650,113,103,1,-1,-1,-1
125,10,2842,711,47,45,1,-1,-1,-1
126,0,2985,971,157,109,1,-1,-1,-1
126,1,1805,1123,117,97,1,-1,-1,-1
126,2,1508,809,150,132,1,-1,-1,-1
126,3,2696,710,179,141,1,-1,-1,-1
126,4,2773,1093,123,102,1,-1,-1,-1
126,5,2531,584,147,120,1,-1,-1,-1
126,6,2956,834,142,119,1,-1,-1,-1
126,7,3151,1094,174,119,1,-1,-1,-1
126,8,2740,1375,130,90,1,-1,-1,-1
126,9,2339,1650,113,103,1,-1,-1,-1
126,10,2841,715,47,45,1,-1,-1,-1
127,0,2984,969,157,111,1,-1,-1,-1
127,1,1804,1121,117,96,1,-1,-1,-1
127,2,1499,809,153,132,1,-1,-1,-1
127,3,2694,711,177,138,1,-1,-1,-1
127,4,2770,1093,122,102,1,-1,-1,-1
127,5,2528,586,154,122,1,-1,-1,-1
127,6,2953,830,141,121,1,-1,-1,-1
127,7,3151,1095,172,118,1,-1,-1,-1
127,8,2740,1375,130,90,1,-1,-1,-1
127,9,2339,1651,113,103,1,-1,-1,-1
127,10,2841,720,47,45,1,-1,-1,-1
128,0,2982,967,156,112,1,-1,-1,-1
128,1,1802,1120,117,96,1,-1,-1,-1
128,2,1491,809,153,131,1,-1,-1,-1
128,3,2692,712,176,135,1,-1,-1,-1
128,4,2768,1092,121,102,1,-1,-1,-1
128,5,2525,588,162,125,1,-1,-1,-1
128,6,2950,826,141,124,1,-1,-1,-1
128,7,3150,1097,171,117,1,-1,-1,-1
128,8,2740,1375,130,90,1,-1,-1,-1
128,9,2339,1651,113,103,1,-1,-1,-1
128,10,2836,718,47,45,1,-1,-1,-1
129,0,2981,965,156,113,1,-1,-1,-1
129,1,1801,1119,117,95,1,-1,-1,-1
129,2,1483,810,154,130,1,-1,-1,-1
129,3,2689,713,175,133,1,-1,-1,-1
129,4,2765,1091,120,102,1,-1,-1,-1
129,5,2523,590,169,127,1,-1,-1,-1
129,6,2944,824,143,123,1,-1,-1,-1
129,7,3150,1098,169,116,1,-1,-1,-1
129,8,2740,1376,130,90,1,-1,-1,-1
129,9,2338,1651,113,103,1,-1,-1,-1
129,10,2831,717,47,45,1,-1,-1,-1
130,0,2979,963,155,114,1,-1,-1,-1
130,1,1799,1117,117,95,1,-1,-1,-1
130,2,1475,810,154,130,1,-1,-1,-1
130,3,2687,714,174,130,1,-1,-1,-1
130,4,2762,1091,119,102,1,-1,-1,-1
130,5,2520,592,176,129,1,-1,-1,-1
130,6,2938,822,145,122,1,-1,-1,-1
130,7,3149,1100,167,115,1,-1,-1,-1
130,8,2740,1376,130,90,1,-1,-1,-1
130,9,2338,1651,113,103,1,-1,-1,-1
130,10,2821,713,47,45,1,-1,-1,-1
131,0,2978,961,155,116,1,-1,-1,-1
131,1,1798,1116,117,94,1,-1,-1,-1
131,2,1467,811,155,129,1,-1,-1,-1
131,3,2685,715,172,127,1,-1,-1,-1
131,4,2759,1090,117,102,1,-1,-1,-1
131,5,2518,595,184,132,1,-1,-1,-1
131,6,2933,820,147,122,1,-1,-1,-1
131,7,3149,1101,166,114,1,-1,-1,-1
131,8,2740,1376,130,90,1,-1,-1,-1
131,9,2338,1651,113,103,1,-1,-1,-1
131,10,2811,709,47,45,1,-1,-1,-1
132,0,2976,959,155,117,1,-1,-1,-1
132,1,1797,1115,117,93,1,-1,-1,-1
132,2,1459,811,155,129,1,-1,-1,-1
132,3,2683,716,171,125,1,-1,-1,-1
132,4,2756,1090,116,102,1,-1,-1,-1
132,5,2521,600,175,127,1,-1,-1,-1
132,6,2927,818,150,121,1,-1,-1,-1
132,7,3148,1103,164,113,1,-1,-1,-1
132,8,2740,1376,130,90,1,-1,-1,-1
132,9,2338,1651,113,103,1,-1,-1,-1
132,10,2802,705,47,45,1,-1,-1,-1
133,0,2975,957,154,118,1,-1,-1,-1
133,1,1795,1113,117,93,1,-1,-1,-1
133,2,1451,812,156,128,1,-1,-1,-1
133,3,2681,717,170,122,1,-1,-1,-1
133,4,2753,1089,115,102,1,-1,-1,-1
133,5,2525,605,167,123,1,-1,-1,-1
133,6,2922,816,152,120,1,-1,-1,-1
133,7,3148,1104,162,111,1,-1,-1,-1
133,8,2741,1377,130,91,1,-1,-1,-1
133,9,2338,1651,113,103,1,-1,-1,-1
133,10,2782,701,47,45,1,-1,-1,-1
134,0,2973,955,154,119,1,-1,-1,-1
134,1,1794,1112,117,92,1,-1,-1,-1
134,2,1443,812,156,127,1,-1,-1,-1
134,3,2679,718,169,120,1,-1,-1,-1
134,4,2750,1089,114,102,1,-1,-1,-1
134,5,2528,611,159,119,1,-1,-1,-1
134,6,2916,814,154,120,1,-1,-1,-1
134,7,3147,1106,161,110,1,-1,-1,-1
134,8,2741,1377,130,91,1,-1,-1,-1
134,9,2338,1651,113,103,1,-1,-1,-1
134,10,2762,697,47,45,1,-1,-1,-1
135,0,2972,953,154,121,1,-1,-1,-1
135,1,1792,1111,117,92,1,-1,-1,-1
135,2,1435,813,157,127,1,-1,-1,-1
135,3,2678,718,168,119,1,-1,-1,-1
135,4,2747,1088,113,102,1,-1,-1,-1
135,5,2532,616,150,115,1,-1,-1,-1
135,6,2911,812,156,119,1,-1,-1,-1
135,7,3147,1107,159,109,1,-1,-1,-1
135,8,2741,1377,130,91,1,-1,-1,-1
135,9,2338,1651,113,103,1,-1,-1,-1
135,10,2743,694,47,45,1,-1,-1,-1
136,0,2967,953,154,118,1,-1,-1,-1
136,1,1791,1109,117,91,1,-1,-1,-1
136,2,1427,813,157,126,1,-1,-1,-1
136,3,2677,718,167,119,1,-1,-1,-1
136,4,2745,1088,112,103,1,-1,-1,-1
136,5,2535,621,142,111,1,-1,-1,-1
136,6,2905,810,159,118,1,-1,-1,-1
136,7,3146,1109,157,108,1,-1,-1,-1
136,8,2741,1378,130,91,1,-1,-1,-1
136,9,2338,1651,113,103,1,-1,-1,-1
136,10,2715,693,47,45,1,-1,-1,-1
137,0,2963,954,155,116,1,-1,-1,-1
137,1,1789,1108,117,91,1,-1,-1,-1
137,2,1419,814,158,126,1,-1,-1,-1
137,3,2677,719,167,119,1,-1,-1,-1
137,4,2740,1089,112,102,1,-1,-1,-1
137,5,2539,627,134,107,1,-1,-1,-1
137,6,2900,808,161,118,1,-1,-1,-1
137,7,3146,1110,156,107,1,-1,-1,-1
137,8,2741,1378,130,91,1,-1,-1,-1
137,9,2338,1651,113,103,1,-1,-1,-1
137,10,2688,693,47,45,1,-1,-1,-1
138,0,2958,954,155,114,1,-1,-1,-1
138,1,1788,1107,117,90,1,-1,-1,-1
138,2,1411,814,158,125,1,-1,-1,-1
138,3,2675,718,166,118,1,-1,-1,-1
138,4,2736,1090,112,102,1,-1,-1,-1
138,5,2536,631,133,107,1,-1,-1,-1
138,6,2894,806,163,117,1,-1,-1,-1
138,7,3145,1112,154,106,1,-1,-1,-1
138,8,2741,1378,130,91,1,-1,-1,-1
138,9,2338,1651,113,103,1,-1,-1,-1
138,10,2660,692,47,45,1,-1,-1,-1
139,0,2954,955,156,112,1,-1,-1,-1
139,1,1787,1106,118,90,1,-1,-1,-1
139,2,1403,815,159,124,1,-1,-1,-1
139,3,2674,718,166,118,1,-1,-1,-1
139,4,2732,1092,112,102,1,-1,-1,-1
139,5,2533,635,132,108,1,-1,-1,-1
139,6,2889,805,166,117,1,-1,-1,-1
139,7,3145,1113,152,105,1,-1,-1,-1
139,8,2741,1378,130,91,1,-1,-1,-1
139,9,2337,1651,113,103,1,-1,-1,-1
139,10,2632,691,47,45,1,-1,-1,-1
140,0,2949,956,157,109,1,-1,-1,-1
140,1,1784,1103,116,90,1,-1,-1,-1
140,2,1395,815,159,124,1,-1,-1,-1
140,3,2673,718,165,118,1,-1,-1,-1
140,4,2728,1093,113,102,1,-1,-1,-1
140,5,2531,639,132,108,1,-1,-1,-1
140,6,2885,803,165,117,1,-1,-1,-1
140,7,3144,1115,151,103,1,-1,-1,-1
140,8,2741,1379,130,91,1,-1,-1,-1
140,9,2337,1651,113,103,1,-1,-1,-1
140,10,2604,691,47,45,1,-1,-1,-1
141,0,2945,956,157,107,1,-1,-1,-1
141,1,1781,1100,115,90,1,-1,-1,-1
141,2,1387,816,160,123,1,-1,-1,-1
141,3,2671,718,165,118,1,-1,-1,-1
141,4,2724,1095,113,102,1,-1,-1,-1
141,5,2528,643,131,109,1,-1,-1,-1
141,6,2881,802,165,117,1,-1,-1,-1
141,7,3144,1116,149,102,1,-1,-1,-1
141,8,2742,1379,131,92,1,-1,-1,-1
141,9,2337,1651,113,103,1,-1,-1,-1
141,10,2576,690,47,45,1,-1,-1,-1
142,0,2940,957,158,105,1,-1,-1,-1
142,1,1778,1097,114,90,1,-1,-1,-1
142,2,1379,816,160,123,1,-1,-1,-1
142,3,2670,718,164,118,1,-1,-1,-1
142,4,2720,1096,113,102,1,-1,-1,-1
142,5,2525,647,130,109,1,-1,-1,-1
142,6,2877,801,165,117,1,-1,-1,-1
142,7,3143,1118,147,101,1,-1,-1,-1
142,8,2742,1379,131,92,1,-1,-1,-1
142,9,2337,1652,113,103,1,-1,-1,-1
142,10,2548,690,47,45,1,-1,-1,-1
143,0,2936,958,159,103,1,-1,-1,-1
143,1,1775,1094,113,90,1,-1,-1,-1
143,2,1371,817,161,122,1,-1,-1,-1
143,3,2669,718,164,118,1,-1,-1,-1
143,4,2716,1098,114,102,1,-1,-1,-1
143,5,2523,652,130,110,1,-1,-1,-1
143,6,2873,800,164,117,1,-1,-1,-1
143,7,3143,1119,146,100,1,-1,-1,-1
143,8,2742,1379,131,92,1,-1,-1,-1
143,9,2337,1652,113,103,1,-1,-1,-1
143,10,2517,689,47,45,1,-1,-1,-1
144,0,2933,957,158,103,1,-1,-1,-1
144,1,1772,1091,112,91,1,-1,-1,-1
144,2,1363,817,161,121,1,-1,-1,-1
144,3,2667,718,163,118,1,-1,-1,-1
144,4,2712,1099,114,102,1,-1,-1,-1
144,5,2520,654,131,108,1,-1,-1,-1
144,6,2869,799,164,117,1,-1,-1,-1
144,7,3142,1121,144,99,1,-1,-1,-1
144,8,2742,1380,131,92,1,-1,-1,-1
144,9,2337,1652,113,103,1,-1,-1,-1
144,10,2487,688,47,45,1,-1,-1,-1
145,0,2931,956,157,104,1,-1,-1,-1
145,1,1770,1088,111,91,1,-1,-1,-1
145,2,1355,818,162,121,1,-1,-1,-1
145,3,2666,717,163,117,1,-1,-1,-1
145,4,2708,1101,114,102,1,-1,-1,-1
145,5,2517,657,133,107,1,-1,-1,-1
145,6,2865,798,164,117,1,-1,-1,-1
145,7,3142,1122,142,98,1,-1,-1,-1
145,8,2742,1380,131,92,1,-1,-1,-1
145,9,2337,1652,113,103,1,-1,-1,-1
145,10,2456,687,47,45,1,-1,-1,-1
146,0,2929,955,156,105,1,-1,-1,-1
146,1,1767,1085,110,91,1,-1,-1,-1
146,2,1347,818,162,120,1,-1,-1,-1
146,3,2665,717,162,117,1,-1,-1,-1
146,4,2704,1102,114,102,1,-1,-1,-1
146,5,2514,660,135,106,1,-1,-1,-1
146,6,2861,796,163,117,1,-1,-1,-1
146,7,3141,1124,141,97,1,-1,-1,-1
146,8,2742,1380,131,92,1,-1,-1,-1
146,9,2337,1652,113,103,1,-1,-1,-1
146,10,2426,686,47,45,1,-1,-1,-1
147,0,2927,954,155,106,1,-1,-1,-1
147,1,1764,1082,109,91,1,-1,-1,-1
147,2,1339,819,163,120,1,-1,-1,-1
147,3,2663,717,162,117,1,-1,-1,-1
147,4,2700,1104,115,102,1,-1,-1,-1
147,5,2511,663,136,105,1,-1,-1,-1
147,6,2857,795,163,117,1,-1,-1,-1
147,7,3141,1125,139,95,1,-1,-1,-1
147,8,2742,1380,131,92,1,-1,-1,-1
147,9,2337,1652,113,103,1,-1,-1,-1
147,10,2391,686,47,45,1,-1,-1,-1
148,0,2925,953,154,107,1,-1,-1,-1
148,1,1761,1080,108,92,1,-1,-1,-1
148,2,1329,817,159,119,1,-1,-1,-1
148,3,2662,717,161,117,1,-1,-1,-1
148,4,2696,1105,115,102,1,-1,-1,-1
148,5,2508,666,138,103,1,-1,-1,-1
148,6,2853,794,163,117,1,-1,-1,-1
148,7,3140,1127,137,94,1,-1,-1,-1
148,8,2742,1381,131,92,1,-1,-1,-1
148,9,2337,1652,113,103,1,-1,-1,-1
148,10,2356,686,47,45,1,-1,-1,-1
149,0,2923,953,154,108,1,-1,-1,-1
149,1,1758,1077,107,92,1,-1,-1,-1
149,2,1320,816,155,119,1,-1,-1,-1
149,3,2661,717,161,117,1,-1,-1,-1
149,4,2692,1107,115,102,1,-1,-1,-1
149,5,2505,669,140,102,1,-1,-1,-1
149,6,2849,793,162,117,1,-1,-1,-1
149,7,3140,1128,136,93,1,-1,-1,-1
149,8,2743,1381,131,93,1,-1,-1,-1
149,9,2336,1652,113,103,1,-1,-1,-1
149,10,2321,686,47,45,1,-1,-1,-1
150,0,2921,952,153,109,1,-1,-1,-1
150,1,1755,1074,106,92,1,-1,-1,-1
150,2,1311,815,151,118,1,-1,-1,-1
150,3,2659,717,160,117,1,-1,-1,-1
150,4,2688,1108,116,102,1,-1,-1,-1
150,5,2502,672,141,101,1,-1,-1,-1
150,6,2845,792,162,117,1,-1,-1,-1
150,7,3139,1130,134,92,1,-1,-1,-1
150,8,2743,1381,131,93,1,-1,-1,-1
150,9,2336,1652,113,103,1,-1,-1,-1
150,10,2287,686,47,45,1,-1,-1,-1
151,0,2919,951,152,110,1,-1,-1,-1
151,1,1753,1071,105,92,1,-1,-1,-1
151,2,1302,814,147,118,1,-1,-1,-1
151,3,2658,717,160,117,1,-1,-1,-1
151,4,2684,1110,116,102,1,-1,-1,-1
151,5,2499,675,143,100,1,-1,-1,-1
151,6,2841,791,162,117,1,-1,-1,-1
151,7,3139,1131,132,91,1,-1,-1,-1
151,8,2743,1381,131,93,1,-1,-1,-1
151,9,2336,1652,113,103,1,-1,-1,-1
151,10,2252,686,47,45,1,-1,-1,-1
152,0,2917,950,151,111,1,-1,-1,-1
152,1,1750,1068,104,93,1,-1,-1,-1
152,2,1293,813,143,117,1,-1,-1,-1
152,3,2657,717,160,117,1,-1,-1,-1
152,4,2680,1111,116,102,1,-1,-1,-1
152,5,2496,678,145,99,1,-1,-1,-1
152,6,2838,790,162,117,1,-1,-1,-1
152,7,3138,1133,131,90,1,-1,-1,-1
152,8,2743,1382,131,93,1,-1,-1,-1
152,9,2336,1652,113,103,1,-1,-1,-1
152,10,2217,686,47,45,1,-1,-1,-1
153,0,2915,949,150,112,1,-1,-1,-1
153,1,1747,1065,103,93,1,-1,-1,-1
153,2,1283,811,139,117,1,-1,-1,-1
153,3,2656,717,159,116,1,-1,-1,-1
153,4,2676,1113,116,102,1,-1,-1,-1
153,5,2487,680,146,98,1,-1,-1,-1
153,6,2835,789,161,116,1,-1,-1,-1
153,7,3138,1134,129,89,1,-1,-1,-1
153,8,2743,1382,131,93,1,-1,-1,-1
153,9,2336,1652,113,103,1,-1,-1,-1
153,10,2183,686,47,45,1,-1,-1,-1
154,0,2913,948,149,113,1,-1,-1,-1
154,1,1744,1062,102,93,1,-1,-1,-1
154,2,1274,810,135,116,1,-1,-1,-1
154,3,2656,717,159,116,1,-1,-1,-1
154,4,2672,1114,117,102,1,-1,-1,-1
154,5,2478,683,148,97,1,-1,-1,-1
154,6,2833,788,161,116,1,-1,-1,-1
154,7,3138,1136,128,88,1,-1,-1,-1
154,8,2743,1382,131,93,1,-1,-1,-1
154,9,2336,1652,113,103,1,-1,-1,-1
154,10,2148,686,47,45,1,-1,-1,-1
155,0,2911,948,149,114,1,-1,-1,-1
155,1,1741,1059,101,93,1,-1,-1,-1
155,2,1265,809,131,116,1,-1,-1,-1
155,3,2655,717,158,116,1,-1,-1,-1
155,4,2668,1116,117,102,1,-1,-1,-1
155,5,2469,685,149,96,1,-1,-1,-1
155,6,2831,787,160,116,1,-1,-1,-1
155,7,3136,1135,128,88,1,-1,-1,-1
155,8,2743,1383,131,93,1,-1,-1,-1
155,9,2336,1652,113,103,1,-1,-1,-1
155,10,2113,686,47,45,1,-1,-1,-1
156,0,2904,948,152,113,1,-1,-1,-1
156,1,1739,1057,100,94,1,-1,-1,-1
156,2,1256,808,127,115,1,-1,-1,-1
156,3,2655,717,158,116,1,-1,-1,-1
156,4,2664,1117,117,102,1,-1,-1,-1
156,5,2461,688,151,95,1,-1,-1,-1
156,6,2829,786,160,116,1,-1,-1,-1
156,7,3134,1135,128,88,1,-1,-1,-1
156,8,2743,1383,131,93,1,-1,-1,-1
156,9,2336,1652,113,103,1,-1,-1,-1
156,10,2079,687,47,45,1,-1,-1,-1
157,0,2897,948,155,113,1,-1,-1,-1
157,1,1734,1053,102,96,1,-1,-1,-1
157,2,1247,807,123,115,1,-1,-1,-1
157,3,2655,717,157,116,1,-1,-1,-1
157,4,2660,1119,118,102,1,-1,-1,-1
157,5,2457,689,149,95,1,-1,-1,-1
157,6,2826,785,159,116,1,-1,-1,-1
157,7,3132,1134,129,88,1,-1,-1,-1
157,8,2744,1383,131,94,1,-1,-1,-1
157,9,2336,1653,113,103,1,-1,-1,-1
157,10,2043,688,46,45,1,-1,-1,-1
158,0,2890,949,158,113,1,-1,-1,-1
158,1,1730,1050,105,98,1,-1,-1,-1
158,2,1238,806,120,115,1,-1,-1,-1
158,3,2654,718,157,115,1,-1,-1,-1
158,4,2656,1120,118,102,1,-1,-1,-1
158,5,2453,691,148,96,1,-1,-1,-1
158,6,2824,784,159,116,1,-1,-1,-1
158,7,3130,1134,129,88,1,-1,-1,-1
158,8,2744,1383,131,94,1,-1,-1,-1
158,9,2335,1653,113,103,1,-1,-1,-1
158,10,2007,690,47,45,1,-1,-1,-1
159,0,2883,949,161,112,1,-1,-1,-1
159,1,1726,1047,107,100,1,-1,-1,-1
159,2,1228,804,120,115,1,-1,-1,-1
159,3,2654,718,156,115,1,-1,-1,-1
159,4,2652,1122,118,102,1,-1,-1,-1
159,5,2450,693,147,97,1,-1,-1,-1
159,6,2822,783,158,116,1,-1,-1,-1
159,7,3128,1133,130,88,1,-1,-1,-1
159,8,2744,1384,131,94,1,-1,-1,-1
159,9,2335,1653,113,103,1,-1,-1,-1
159,10,1971,691,47,45,1,-1,-1,-1
160,0,2876,949,164,112,1,-1,-1,-1
160,1,1722,1044,110,102,1,-1,-1,-1
160,2,1218,803,121,116,1,-1,-1,-1
160,3,2654,718,156,115,1,-1,-1,-1
160,4,2648,1123,118,102,1,-1,-1,-1
160,5,2446,695,145,97,1,-1,-1,-1
160,6,2820,782,158,116,1,-1,-1,-1
160,7,3126,1133,130,88,1,-1,-1,-1
160,8,2744,1384,131,94,1,-1,-1,-1
160,9,2335,1653,113,103,1,-1,-1,-1
160,10,1935,693,47,45,1,-1,-1,-1
161,0,2870,950,167,112,1,-1,-1,-1
161,1,1718,1041,112,104,1,-1,-1,-1
161,2,1208,802,122,116,1,-1,-1,-1
161,3,2653,718,155,115,1,-1,-1,-1
161,4,2644,1125,119,102,1,-1,-1,-1
161,5,2443,697,144,98,1,-1,-1,-1
161,6,2818,781,158,116,1,-1,-1,-1
161,7,3124,1132,131,88,1,-1,-1,-1
161,8,2744,1384,131,94,1,-1,-1,-1
161,9,2335,1653,113,103,1,-1,-1,-1
161,10,1899,694,47,45,1,-1,-1,-1
162,0,2867,950,166,111,1,-1,-1,-1
162,1,1714,1038,115,106,1,-1,-1,-1
162,2,1199,800,123,117,1,-1,-1,-1
162,3,2653,718,155,115,1,-1,-1,-1
162,4,2640,1126,119,102,1,-1,-1,-1
162,5,2439,699,143,99,1,-1,-1,-1
162,6,2814,781,157,115,1,-1,-1,-1
162,7,3122,1132,131,88,1,-1,-1,-1
162,8,2744,1384,131,94,1,-1,-1,-1
162,9,2335,1653,113,103,1,-1,-1,-1
162,10,1864,696,47,45,1,-1,-1,-1
163,0,2864,950,165,111,1,-1,-1,-1
163,1,1710,1035,118,108,1,-1,-1,-1
163,2,1189,799,123,118,1,-1,-1,-1
163,3,2653,718,154,115,1,-1,-1,-1
163,4,2636,1128,119,102,1,-1,-1,-1
163,5,2436,701,142,100,1,-1,-1,-1
163,6,2810,781,157,115,1,-1,-1,-1
163,7,3120,1131,131,88,1,-1,-1,-1
163,8,2744,1385,131,94,1,-1,-1,-1
163,9,2335,1653,113,103,1,-1,-1,-1
163,10,1828,698,47,45,1,-1,-1,-1
164,0,2861,950,164,111,1,-1,-1,-1
164,1,1706,1032,120,110,1,-1,-1,-1
164,2,1179,798,124,118,1,-1,-1,-1
164,3,2652,719,154,114,1,-1,-1,-1
164,4,2632,1129,120,102,1,-1,-1,-1
164,5,2432,703,140,100,1,-1,-1,-1
164,6,2806,782,156,115,1,-1,-1,-1
164,7,3118,1131,132,89,1,-1,-1,-1
164,8,2744,1385,131,94,1,-1,-1,-1
164,9,2335,1653,113,103,1,-1,-1,-1
164,10,1793,701,47,45,1,-1,-1,-1
165,0,2858,950,163,110,1,-1,-1,-1
165,1,1702,1029,123,112,1,-1,-1,-1
165,2,1170,796,125,119,1,-1,-1,-1
165,3,2652,719,153,114,1,-1,-1,-1
165,4,2628,1131,120,102,1,-1,-1,-1
165,5,2428,705,139,101,1,-1,-1,-1
165,6,2803,782,156,115,1,-1,-1,-1
165,7,3116,1130,132,89,1,-1,-1,-1
165,8,2745,1385,132,95,1,-1,-1,-1
165,9,2335,1653,113,103,1,-1,-1,-1
165,10,1758,703,47,45,1,-1,-1,-1
166,0,2855,951,163,110,1,-1,-1,-1
166,1,1698,1026,125,114,1,-1,-1,-1
166,2,1160,795,126,120,1,-1,-1,-1
166,3,2652,719,153,114,1,-1,-1,-1
166,4,2624,1132,120,102,1,-1,-1,-1
166,5,2425,707,138,102,1,-1,-1,-1
166,6,2799,783,156,115,1,-1,-1,-1
166,7,3114,1130,133,89,1,-1,-1,-1
166,8,2745,1385,132,95,1,-1,-1,-1
166,9,2335,1653,113,103,1,-1,-1,-1
166,10,1722,706,47,45,1,-1,-1,-1
167,0,2852,951,162,110,1,-1,-1,-1
167,1,1694,1023,128,115,1,-1,-1,-1
167,2,1150,794,126,120,1,-1,-1,-1
167,3,2651,719,152,114,1,-1,-1,-1
167,4,2620,1134,121,102,1,-1,-1,-1
167,5,2421,709,136,102,1,-1,-1,-1
167,6,2795,783,155,115,1,-1,-1,-1
167,7,3112,1129,133,89,1,-1,-1,-1
167,8,2745,1386,132,95,1,-1,-1,-1
167,9,2335,1653,113,103,1,-1,-1,-1
167,10,1687,708,47,45,1,-1,-1,-1
168,0,2849,951,161,109,1,-1,-1,-1
168,1,1690,1020,131,118,1,-1,-1,-1
168,2,1141,792,127,121,1,-1,-1,-1
168,3,2651,719,152,114,1,-1,-1,-1
168,4,2616,1135,121,102,1,-1,-1,-1
168,5,2418,711,135,103,1,-1,-1,-1
168,6,2792,784,155,115,1,-1,-1,-1
168,7,3110,1129,134,89,1,-1,-1,-1
168,8,2745,1386,132,95,1,-1,-1,-1
168,9,2334,1653,113,103,1,-1,-1,-1
168,10,1652,711,47,45,1,-1,-1,-1
169,0,2846,951,160,109,1,-1,-1,-1
169,1,1684,1021,128,114,1,-1,-1,-1
169,2,1131,791,128,121,1,-1,-1,-1
169,3,2651,720,152,114,1,-1,-1,-1
169,4,2612,1136,121,102,1,-1,-1,-1
169,5,2414,713,134,104,1,-1,-1,-1
169,6,2788,784,155,115,1,-1,-1,-1
169,7,3108,1128,134,89,1,-1,-1,-1
169,8,2745,1386,132,95,1,-1,-1,-1
169,9,2334,1653,113,103,1,-1,-1,-1
169,10,1621,714,47,45,1,-1,-1,-1
170,0,2843,952,159,109,1,-1,-1,-1
170,1,1678,1023,126,110,1,-1,-1,-1
170,2,1121,790,129,122,1,-1,-1,-1
170,3,2650,720,152,114,1,-1,-1,-1
170,4,2608,1137,121,102,1,-1,-1,-1
170,5,2411,715,133,105,1,-1,-1,-1
170,6,2784,785,154,115,1,-1,-1,-1
170,7,3106,1128,134,89,1,-1,-1,-1
170,8,2745,1386,132,95,1,-1,-1,-1
170,9,2334,1653,113,103,1,-1,-1,-1
170,10,1590,718,47,45,1,-1,-1,-1
171,0,2840,952,159,108,1,-1,-1,-1
171,1,1672,1024,124,106,1,-1,-1,-1
171,2,1112,788,129,123,1,-1,-1,-1
171,3,2650,720,152,114,1,-1,-1,-1
171,4,2604,1138,121,102,1,-1,-1,-1
171,5,2407,716,131,105,1,-1,-1,-1
171,6,2781,785,154,115,1,-1,-1,-1
171,7,3104,1127,135,89,1,-1,-1,-1
171,8,2745,1387,132,95,1,-1,-1,-1
171,9,2334,1653,113,103,1,-1,-1,-1
171,10,1559,722,47,45,1,-1,-1,-1
172,0,2837,952,158,108,1,-1,-1,-1
172,1,1666,1026,122,102,1,-1,-1,-1
172,2,1102,787,130,123,1,-1,-1,-1
172,3,2650,720,152,114,1,-1,-1,-1
172,4,2600,1140,122,102,1,-1,-1,-1
172,5,2403,717,130,106,1,-1,-1,-1
172,6,2777,786,154,114,1,-1,-1,-1
172,7,3102,1127,135,89,1,-1,-1,-1
172,8,2745,1387,132,95,1,-1,-1,-1
172,9,2334,1654,113,103,1,-1,-1,-1
172,10,1528,726,47,45,1,-1,-1,-1
173,0,2834,952,157,108,1,-1,-1,-1
173,1,1660,1027,120,98,1,-1,-1,-1
173,2,1092,786,131,124,1,-1,-1,-1
173,3,2650,720,152,114,1,-1,-1,-1
173,4,2596,1141,122,102,1,-1,-1,-1
173,5,2399,718,129,107,1,-1,-1,-1
173,6,2773,786,153,114,1,-1,-1,-1
173,7,3100,1126,136,90,1,-1,-1,-1
173,8,2746,1387,132,96,1,-1,-1,-1
173,9,2334,1654,113,103,1,-1,-1,-1
173,10,1497,730,47,45,1,-1,-1,-1
174,0,2831,953,156,107,1,-1,-1,-1
174,1,1654,1029,118,95,1,-1,-1,-1
174,2,1083,785,132,125,1,-1,-1,-1
174,3,2649,720,152,114,1,-1,-1,-1
174,4,2592,1142,122,102,1,-1,-1,-1
174,5,2395,720,128,108,1,-1,-1,-1
174,6,2770,787,153,114,1,-1,-1,-1
174,7,3098,1126,136,90,1,-1,-1,-1
174,8,2746,1388,132,96,1,-1,-1,-1
174,9,2334,1654,113,103,1,-1,-1,-1
174,10,1466,734,47,45,1,-1,-1,-1
175,0,2828,953,155,107,1,-1,-1,-1
175,1,1648,1027,118,95,1,-1,-1,-1
175,2,1072,783,133,124,1,-1,-1,-1
175,3,2649,720,152,114,1,-1,-1,-1
175,4,2588,1143,122,102,1,-1,-1,-1
175,5,2391,721,126,108,1,-1,-1,-1
175,6,2766,787,153,114,1,-1,-1,-1
175,7,3096,1125,137,90,1,-1,-1,-1
175,8,2746,1388,132,96,1,-1,-1,-1
175,9,2334,1654,113,103,1,-1,-1,-1
175,10,1435,738,47,45,1,-1,-1,-1
176,0,2825,953,155,107,1,-1,-1,-1
176,1,1642,1026,118,95,1,-1,-1,-1
176,2,1062,782,134,123,1,-1,-1,-1
176,3,2649,720,152,114,1,-1,-1,-1
176,4,2584,1145,123,102,1,-1,-1,-1
176,5,2387,722,125,109,1,-1,-1,-1
176,6,2762,788,152,114,1,-1,-1,-1
176,7,3094,1125,137,90,1,-1,-1,-1
176,8,2746,1388,132,96,1,-1,-1,-1
176,9,2334,1654,113,103,1,-1,-1,-1
176,10,1405,742,47,45,1,-1,-1,-1
177,0,2822,953,154,106,1,-1,-1,-1
177,1,1637,1025,118,96,1,-1,-1,-1
177,2,1055,781,134,122,1,-1,-1,-1
177,3,2649,721,152,114,1,-1,-1,-1
177,4,2580,1146,123,102,1,-1,-1,-1
177,5,2384,723,124,110,1,-1,-1,-1
177,6,2759,788,152,114,1,-1,-1,-1
177,7,3092,1124,137,90,1,-1,-1,-1
177,8,2746,1388,132,96,1,-1,-1,-1
177,9,2334,1654,113,103,1,-1,-1,-1
177,10,1379,746,47,45,1,-1,-1,-1
178,0,2819,954,153,106,1,-1,-1,-1
178,1,1631,1023,118,96,1,-1,-1,-1
178,2,1048,780,135,121,1,-1,-1,-1
178,3,2649,721,152,114,1,-1,-1,-1
178,4,2576,1147,123,102,1,-1,-1,-1
178,5,2380,725,123,111,1,-1,-1,-1
178,6,2755,788,152,114,1,-1,-1,-1
178,7,3090,1124,138,90,1,-1,-1,-1
178,8,2746,1389,132,96,1,-1,-1,-1
178,9,2333,1654,113,103,1,-1,-1,-1
178,10,1353,750,47,45,1,-1,-1,-1
179,0,2816,954,152,105,1,-1,-1,-1
179,1,1625,1022,118,97,1,-1,-1,-1
179,2,1041,779,136,120,1,-1,-1,-1
179,3,2648,721,152,114,1,-1,-1,-1
179,4,2572,1148,123,102,1,-1,-1,-1
179,5,2376,726,121,111,1,-1,-1,-1
179,6,2751,789,151,114,1,-1,-1,-1
179,7,3088,1123,138,90,1,-1,-1,-1
179,8,2746,1389,132,96,1,-1,-1,-1
179,9,2333,1654,113,103,1,-1,-1,-1
179,10,1327,755,47,45,1,-1,-1,-1
180,0,2813,954,152,105,1,-1,-1,-1
180,1,1620,1021,118,97,1,-1,-1,-1
180,2,1034,779,137,119,1,-1,-1,-1
180,3,2648,721,152,114,1,-1,-1,-1
180,4,2568,1150,124,102,1,-1,-1,-1
180,5,2372,727,120,112,1,-1,-1,-1
180,6,2747,789,151,114,1,-1,-1,-1
180,7,3086,1123,139,90,1,-1,-1,-1
180,8,2746,1389,132,96,1,-1,-1,-1
180,9,2333,1654,113,103,1,-1,-1,-1
180,10,1301,759,47,45,1,-1,-1,-1
181,0,2810,954,151,105,1,-1,-1,-1
181,1,1614,1020,118,97,1,-1,-1,-1
181,2,1027,778,137,118,1,-1,-1,-1
181,3,2648,721,152,114,1,-1,-1,-1
181,4,2564,1151,124,102,1,-1,-1,-1
181,5,2368,728,119,113,1,-1,-1,-1
181,6,2744,790,151,114,1,-1,-1,-1
181,7,3084,1122,139,90,1,-1,-1,-1
181,8,2747,1389,132,97,1,-1,-1,-1
181,9,2333,1654,113,103,1,-1,-1,-1
181,10,1275,764,47,45,1,-1,-1,-1
182,0,2807,955,150,104,1,-1,-1,-1
182,1,1608,1018,118,98,1,-1,-1,-1
182,2,1020,777,138,117,1,-1,-1,-1
182,3,2648,721,152,114,1,-1,-1,-1
182,4,2560,1152,124,102,1,-1,-1,-1
182,5,2364,730,118,114,1,-1,-1,-1
182,6,2740,790,150,114,1,-1,-1,-1
182,7,3083,1122,140,91,1,-1,-1,-1
182,8,2747,1390,132,97,1,-1,-1,-1
182,9,2333,1654,113,103,1,-1,-1,-1
182,10,1249,768,47,45,1,-1,-1,-1
183,0,2804,955,149,104,1,-1,-1,-1
183,1,1603,1017,118,98,1,-1,-1,-1
183,2,1013,777,139,116,1,-1,-1,-1
183,3,2648,721,152,114,1,-1,-1,-1
183,4,2556,1153,124,102,1,-1,-1,-1
183,5,2360,731,116,114,1,-1,-1,-1
183,6,2736,791,150,113,1,-1,-1,-1
183,7,3079,1121,139,91,1,-1,-1,-1
183,8,2747,1390,132,97,1,-1,-1,-1
183,9,2333,1654,113,103,1,-1,-1,-1
183,10,1223,773,47,45,1,-1,-1,-1
184,0,2801,955,148,104,1,-1,-1,-1
184,1,1597,1016,118,99,1,-1,-1,-1
184,2,1007,776,140,115,1,-1,-1,-1
184,3,2647,721,152,114,1,-1,-1,-1
184,4,2552,1155,125,102,1,-1,-1,-1
184,5,2357,732,115,115,1,-1,-1,-1
184,6,2733,791,150,113,1,-1,-1,-1
184,7,3076,1121,139,92,1,-1,-1,-1
184,8,2747,1390,132,97,1,-1,-1,-1
184,9,2333,1654,113,103,1,-1,-1,-1
184,10,1202,778,47,45,1,-1,-1,-1
185,0,2798,955,148,103,1,-1,-1,-1
185,1,1591,1014,118,99,1,-1,-1,-1
185,2,1000,775,140,114,1,-1,-1,-1
185,3,2647,722,152,114,1,-1,-1,-1
185,4,2548,1156,125,102,1,-1,-1,-1
185,5,2353,733,114,116,1,-1,-1,-1
185,6,2729,792,149,113,1,-1,-1,-1
185,7,3072,1120,139,92,1,-1,-1,-1
185,8,2747,1390,132,97,1,-1,-1,-1
185,9,2333,1654,113,103,1,-1,-1,-1
185,10,1181,784,47,45,1,-1,-1,-1
186,0,2795,956,147,103,1,-1,-1,-1
186,1,1586,1013,118,100,1,-1,-1,-1
186,2,993,775,141,113,1,-1,-1,-1
186,3,2647,722,152,114,1,-1,-1,-1
186,4,2544,1157,125,102,1,-1,-1,-1
186,5,2349,735,113,117,1,-1,-1,-1
186,6,2725,792,149,113,1,-1,-1,-1
186,7,3069,1120,138,93,1,-1,-1,-1
186,8,2747,1391,132,97,1,-1,-1,-1
186,9,2333,1654,113,103,1,-1,-1,-1
186,10,1160,790,47,45,1,-1,-1,-1
187,0,2792,956,146,103,1,-1,-1,-1
187,1,1580,1012,118,100,1,-1,-1,-1
187,2,986,774,142,112,1,-1,-1,-1
187,3,2647,722,152,114,1,-1,-1,-1
187,4,2540,1158,125,102,1,-1,-1,-1
187,5,2345,736,111,117,1,-1,-1,-1
187,6,2722,793,149,113,1,-1,-1,-1
187,7,3066,1119,138,93,1,-1,-1,-1
187,8,2747,1391,132,97,1,-1,-1,-1
187,9,2333,1655,113,103,1,-1,-1,-1
187,10,1139,796,47,45,1,-1,-1,-1
188,0,2789,956,145,103,1,-1,-1,-1
188,1,1575,1011,118,100,1,-1,-1,-1
188,2,979,773,143,111,1,-1,-1,-1
188,3,2647,722,152,114,1,-1,-1,-1
188,4,2536,1160,126,102,1,-1,-1,-1
188,5,2341,737,110,118,1,-1,-1,-1
188,6,2718,793,148,113,1,-1,-1,-1
188,7,3062,1119,138,94,1,-1,-1,-1
188,8,2747,1391,132,97,1,-1,-1,-1
188,9,2332,1654,112,103,1,-1,-1,-1
188,10,1118,802,47,45,1,-1,-1,-1
189,0,2786,956,144,102,1,-1,-1,-1
189,1,1569,1009,118,101,1,-1,-1,-1
189,2,972,773,143,110,1,-1,-1,-1
189,3,2646,722,152,114,1,-1,-1,-1
189,4,2532,1161,126,102,1,-1,-1,-1
189,5,2337,738,109,119,1,-1,-1,-1
189,6,2714,794,148,113,1,-1,-1,-1
189,7,3059,1118,137,94,1,-1,-1,-1
189,8,2748,1392,133,98,1,-1,-1,-1
189,9,2332,1654,112,103,1,-1,-1,-1
189,10,1097,808,47,45,1,-1,-1,-1
190,0,2783,957,144,102,1,-1,-1,-1
190,1,1563,1008,118,101,1,-1,-1,-1
190,2,965,772,144,109,1,-1,-1,-1
190,3,2646,722,152,114,1,-1,-1,-1
190,4,2528,1162,126,102,1,-1,-1,-1
190,5,2334,740,108,120,1,-1,-1,-1
190,6,2711,794,148,113,1,-1,-1,-1
190,7,3056,1118,137,95,1,-1,-1,-1
190,8,2748,1392,132,98,1,-1,-1,-1
190,9,2332,1654,112,103,1,-1,-1,-1
190,10,1083,813,47,45,1,-1,-1,-1
191,0,2780,957,143,102,1,-1,-1,-1
191,1,1558,1007,118,102,1,-1,-1,-1
191,2,958,771,145,108,1,-1,-1,-1
191,3,2646,722,152,114,1,-1,-1,-1
191,4,2524,1163,126,102,1,-1,-1,-1
191,5,2328,741,107,119,1,-1,-1,-1
191,6,2707,795,147,113,1,-1,-1,-1
191,7,3052,1117,137,96,1,-1,-1,-1
191,8,2748,1393,131,99,1,-1,-1,-1
191,9,2332,1654,112,103,1,-1,-1,-1
191,10,1069,818,47,45,1,-1,-1,-1
192,0,2777,957,142,101,1,-1,-1,-1
192,1,1552,1006,118,102,1,-1,-1,-1
192,2,952,771,146,108,1,-1,-1,-1
192,3,2646,722,152,114,1,-1,-1,-1
192,4,2520,1165,127,102,1,-1,-1,-1
192,5,2323,742,107,119,1,-1,-1,-1
192,6,2703,795,147,113,1,-1,-1,-1
192,7,3049,1117,136,96,1,-1,-1,-1
192,8,2748,1393,131,100,1,-1,-1,-1
192,9,2332,1654,112,104,1,-1,-1,-1
192,10,1055,823,47,45,1,-1,-1,-1
193,0,2774,957,141,101,1,-1,-1,-1
193,1,1546,1004,118,102,1,-1,-1,-1
193,2,947,770,145,109,1,-1,-1,-1
193,3,2646,723,152,114,1,-1,-1,-1
193,4,2517,1166,126,101,1,-1,-1,-1
193,5,2318,743,107,118,1,-1,-1,-1
193,6,2700,796,147,113,1,-1,-1,-1
193,7,3046,1116,136,97,1,-1,-1,-1
193,8,2748,1394,130,101,1,-1,-1,-1
193,9,2332,1654,111,104,1,-1,-1,-1
193,10,1041,828,47,45,1,-1,-1,-1
194,0,2771,958,141,101,1,-1,-1,-1
194,1,1541,1003,118,103,1,-1,-1,-1
194,2,943,769,144,110,1,-1,-1,-1
194,3,2645,723,152,114,1,-1,-1,-1
194,4,2514,1168,126,101,1,-1,-1,-1
194,5,2313,744,106,118,1,-1,-1,-1
194,6,2697,797,146,112,1,-1,-1,-1
194,7,3042,1116,136,97,1,-1,-1,-1
194,8,2748,1395,130,102,1,-1,-1,-1
194,9,2332,1654,111,104,1,-1,-1,-1
194,10,1027,833,47,45,1,-1,-1,-1
195,0,2767,958,140,100,1,-1,-1,-1
195,1,1535,1002,118,103,1,-1,-1,-1
195,2,938,769,143,111,1,-1,-1,-1
195,3,2645,723,152,114,1,-1,-1,-1
195,4,2511,1169,126,101,1,-1,-1,-1
195,5,2308,745,106,118,1,-1,-1,-1
195,6,2694,798,146,112,1,-1,-1,-1
195,7,3039,1115,135,98,1,-1,-1,-1
195,8,2748,1395,129,103,1,-1,-1,-1
195,9,2331,1653,111,104,1,-1,-1,-1
195,10,1016,833,47,45,1,-1,-1,-1
196,0,2763,959,140,100,1,-1,-1,-1
196,1,1529,1000,118,104,1,-1,-1,-1
196,2,934,768,142,112,1,-1,-1,-1
196,3,2645,723,152,114,1,-1,-1,-1
196,4,2508,1171,126,101,1,-1,-1,-1
196,5,2302,747,106,117,1,-1,-1,-1
196,6,2691,799,146,112,1,-1,-1,-1
196,7,3036,1115,135,98,1,-1,-1,-1
196,8,2748,1396,129,104,1,-1,-1,-1
196,9,2331,1653,111,105,1,-1,-1,-1
196,10,1005,834,47,45,1,-1,-1,-1
197,0,2759,960,140,100,1,-1,-1,-1
197,1,1524,999,118,104,1,-1,-1,-1
197,2,929,768,141,113,1,-1,-1,-1
197,3,2645,723,152,114,1,-1,-1,-1
197,4,2505,1172,126,100,1,-1,-1,-1
197,5,2297,748,106,117,1,-1,-1,-1
197,6,2688,800,146,112,1,-1,-1,-1
197,7,3032,1114,135,99,1,-1,-1,-1
197,8,2748,1396,128,105,1,-1,-1,-1
197,9,2331,1653,111,105,1,-1,-1,-1
197,10,994,835,47,45,1,-1,-1,-1
198,0,2755,960,140,100,1,-1,-1,-1
198,1,1518,998,118,104,1,-1,-1,-1
198,2,925,767,141,114,1,-1,-1,-1
198,3,2645,723,152,114,1,-1,-1,-1
198,4,2502,1174,126,100,1,-1,-1,-1
198,5,2292,749,105,117,1,-1,-1,-1
198,6,2685,801,145,112,1,-1,-1,-1
198,7,3029,1114,135,100,1,-1,-1,-1
198,8,2748,1397,128,106,1,-1,-1,-1
198,9,2331,1653,110,105,1,-1,-1,-1
198,10,983,836,47,45,1,-1,-1,-1
199,0,2752,961,140,100,1,-1,-1,-1
199,1,1513,997,118,105,1,-1,-1,-1
199,2,921,766,140,115,1,-1,-1,-1
199,3,2644,723,152,114,1,-1,-1,-1
199,4,2499,1175,126,100,1,-1,-1,-1
199,5,2287,750,105,116,1,-1,-1,-1
199,6,2682,802,145,112,1,-1,-1,-1
199,7,3026,1114,134,100,1,-1,-1,-1
199,8,2748,1398,127,107,1,-1,-1,-1
199,9,2331,1653,110,105,1,-1,-1,-1
199,10,972,837,47,45,1,-1,-1,-1
200,0,2748,962,140,100,1,-1,-1,-1
200,1,1507,995,118,105,1,-1,-1,-1
200,2,916,766,139,116,1,-1,-1,-1
200,3,2644,723,152,114,1,-1,-1,-1
200,4,2496,1177,126,100,1,-1,-1,-1
200,5,2282,751,105,116,1,-1,-1,-1
200,6,2679,803,145,112,1,-1,-1,-1
200,7,3022,1113,134,101,1,-1,-1,-1
200,8,2748,1398,127,108,1,-1,-1,-1
200,9,2331,1653,110,105,1,-1,-1,-1
200,10,961,838,47,45,1,-1,-1,-1
201,0,2744,962,140,100,1,-1,-1,-1
201,1,1501,994,118,106,1,-1,-1,-1
201,2,912,765,138,117,1,-1,-1,-1
201,3,2644,724,152,114,1,-1,-1,-1
201,4,2493,1179,125,99,1,-1,-1,-1
201,5,2276,753,105,115,1,-1,-1,-1
201,6,2677,805,145,112,1,-1,-1,-1
201,7,3019,1113,134,101,1,-1,-1,-1
201,8,2748,1399,126,109,1,-1,-1,-1
201,9,2331,1653,110,106,1,-1,-1,-1
201,10,953,838,47,45,1,-1,-1,-1
202,0,2740,963,139,100,1,-1,-1,-1
202,1,1496,993,118,106,1,-1,-1,-1
202,2,907,765,137,118,1,-1,-1,-1
202,3,2644,724,152,114,1,-1,-1,-1
202,4,2490,1180,125,99,1,-1,-1,-1
202,5,2271,754,104,115,1,-1,-1,-1
202,6,2674,806,145,112,1,-1,-1,-1
202,7,3016,1112,133,102,1,-1,-1,-1
202,8,2748,1399,126,110,1,-1,-1,-1
202,9,2330,1652,110,106,1,-1,-1,-1
202,10,946,839,47,45,1,-1,-1,-1
203,0,2737,964,139,100,1,-1,-1,-1
203,1,1490,991,118,107,1,-1,-1,-1
203,2,903,764,136,119,1,-1,-1,-1
203,3,2644,724,152,114,1,-1,-1,-1
203,4,2487,1182,125,99,1,-1,-1,-1
203,5,2266,755,104,115,1,-1,-1,-1
203,6,2671,807,144,112,1,-1,-1,-1
203,7,3012,1112,133,102,1,-1,-1,-1
203,8,2748,1400,125,111,1,-1,-1,-1
203,9,2330,1652,109,106,1,-1,-1,-1
203,10,939,839,47,45,1,-1,-1,-1
204,0,2733,964,139,100,1,-1,-1,-1
204,1,1484,990,118,107,1,-1,-1,-1
204,2,899,763,136,120,1,-1,-1,-1
204,3,2643,724,152,114,1,-1,-1,-1
204,4,2484,1183,125,99,1,-1,-1,-1
204,5,2261,756,104,114,1,-1,-1,-1
204,6,2668,808,144,112,1,-1,-1,-1
204,7,3009,1111,133,103,1,-1,-1,-1
204,8,2748,1401,125,112,1,-1,-1,-1
204,9,2330,1652,109,106,1,-1,-1,-1
204,10,931,840,47,45,1,-1,-1,-1
205,0,2729,965,139,100,1,-1,-1,-1
205,1,1479,989,118,107,1,-1,-1,-1
205,2,894,763,135,121,1,-1,-1,-1
205,3,2643,724,152,114,1,-1,-1,-1
205,4,2481,1185,125,99,1,-1,-1,-1
205,5,2256,757,104,114,1,-1,-1,-1
205,6,2665,809,144,112,1,-1,-1,-1
205,7,3006,1111,132,103,1,-1,-1,-1
205,8,2747,1401,125,111,1,-1,-1,-1
205,9,2330,1652,109,107,1,-1,-1,-1
205,10,924,840,47,45,1,-1,-1,-1
206,0,2725,966,139,100,1,-1,-1,-1
206,1,1473,988,118,108,1,-1,-1,-1
206,2,890,762,134,122,1,-1,-1,-1
206,3,2643,724,152,114,1,-1,-1,-1
206,4,2478,1186,125,98,1,-1,-1,-1
206,5,2251,758,103,114,1,-1,-1,-1
206,6,2662,810,144,112,1,-1,-1,-1
206,7,3002,1110,132,104,1,-1,-1,-1
206,8,2747,1402,125,110,1,-1,-1,-1
206,9,2330,1652,109,107,1,-1,-1,-1
206,10,917,841,47,45,1,-1,-1,-1
207,0,2721,966,139,100,1,-1,-1,-1
207,1,1467,986,118,108,1,-1,-1,-1
207,2,885,762,133,123,1,-1,-1,-1
207,3,2643,724,152,114,1,-1,-1,-1
207,4,2475,1188,125,98,1,-1,-1,-1
207,5,2245,760,103,113,1,-1,-1,-1
207,6,2659,811,143,111,1,-1,-1,-1
207,7,2999,1110,132,105,1,-1,-1,-1
207,8,2747,1402,125,110,1,-1,-1,-1
207,9,2330,1652,109,107,1,-1,-1,-1
207,10,914,841,47,45,1,-1,-1,-1
208,0,2718,967,139,100,1,-1,-1,-1
208,1,1462,985,118,109,1,-1,-1,-1
208,2,881,761,132,124,1,-1,-1,-1
208,3,2643,725,152,114,1,-1,-1,-1
208,4,2472,1189,125,98,1,-1,-1,-1
208,5,2240,761,103,113,1,-1,-1,-1
208,6,2656,812,143,111,1,-1,-1,-1
208,7,2996,1109,131,105,1,-1,-1,-1
208,8,2747,1403,126,109,1,-1,-1,-1
208,9,2330,1652,109,107,1,-1,-1,-1
208,10,911,841,47,45,1,-1,-1,-1
209,0,2714,968,138,100,1,-1,-1,-1
209,1,1456,984,118,109,1,-1,-1,-1
209,2,877,761,132,125,1,-1,-1,-1
209,3,2642,724,152,114,1,-1,-1,-1
209,4,2469,1191,125,98,1,-1,-1,-1
209,5,2235,762,103,112,1,-1,-1,-1
209,6,2654,814,143,111,1,-1,-1,-1
209,7,2992,1109,131,106,1,-1,-1,-1
209,8,2747,1403,126,109,1,-1,-1,-1
209,9,2329,1651,108,107,1,-1,-1,-1
209,10,908,841,47,45,1,-1,-1,-1
210,0,2710,968,138,100,1,-1,-1,-1
210,1,1451,983,119,110,1,-1,-1,-1
210,2,875,761,133,123,1,-1,-1,-1
210,3,2641,723,152,114,1,-1,-1,-1
210,4,2466,1193,124,97,1,-1,-1,-1
210,5,2230,763,102,112,1,-1,-1,-1
210,6,2651,815,143,111,1,-1,-1,-1
210,7,2989,1108,131,106,1,-1,-1,-1
210,8,2747,1404,126,108,1,-1,-1,-1
210,9,2329,1651,108,108,1,-1,-1,-1
210,10,905,841,47,45,1,-1,-1,-1
211,0,2706,969,138,100,1,-1,-1,-1
211,1,1445,982,119,109,1,-1,-1,-1
211,2,873,762,134,122,1,-1,-1,-1
211,3,2641,722,152,114,1,-1,-1,-1
211,4,2463,1194,124,97,1,-1,-1,-1
211,5,2225,764,102,112,1,-1,-1,-1
211,6,2648,816,143,111,1,-1,-1,-1
211,7,2986,1108,130,107,1,-1,-1,-1
211,8,2747,1404,127,108,1,-1,-1,-1
211,9,2329,1651,108,108,1,-1,-1,-1
211,10,903,842,47,45,1,-1,-1,-1
212,0,2703,970,138,100,1,-1,-1,-1
212,1,1440,981,120,109,1,-1,-1,-1
212,2,871,763,135,121,1,-1,-1,-1
212,3,2640,721,152,114,1,-1,-1,-1
212,4,2460,1196,124,97,1,-1,-1,-1
212,5,2219,766,102,111,1,-1,-1,-1
212,6,2645,817,142,111,1,-1,-1,-1
212,7,2982,1107,130,107,1,-1,-1,-1
212,8,2747,1405,127,107,1,-1,-1,-1
212,9,2329,1651,108,108,1,-1,-1,-1
212,10,900,842,47,45,1,-1,-1,-1
213,0,2699,970,138,100,1,-1,-1,-1
213,1,1434,981,121,109,1,-1,-1,-1
213,2,869,764,136,120,1,-1,-1,-1
213,3,2640,720,152,114,1,-1,-1,-1
213,4,2457,1197,124,97,1,-1,-1,-1
213,5,2214,767,102,111,1,-1,-1,-1
213,6,2642,818,142,111,1,-1,-1,-1
213,7,2979,1107,130,108,1,-1,-1,-1
213,8,2747,1406,127,107,1,-1,-1,-1
213,9,2329,1651,108,108,1,-1,-1,-1
213,10,897,842,47,45,1,-1,-1,-1
214,0,2695,971,138,100,1,-1,-1,-1
214,1,1429,980,122,108,1,-1,-1,-1
214,2,867,765,138,119,1,-1,-1,-1
214,3,2639,719,152,114,1,-1,-1,-1
214,4,2454,1199,124,96,1,-1,-1,-1
214,5,2209,768,101,111,1,-1,-1,-1
214,6,2639,819,142,111,1,-1,-1,-1
214,7,2976,1107,130,109,1,-1,-1,-1
214,8,2747,1406,127,106,1,-1,-1,-1
214,9,2329,1651,107,109,1,-1,-1,-1
214,10,894,842,47,45,1,-1,-1,-1
215,0,2691,972,138,100,1,-1,-1,-1
215,1,1424,980,123,108,1,-1,-1,-1
215,2,865,766,139,118,1,-1,-1,-1
215,3,2639,718,152,114,1,-1,-1,-1
215,4,2451,1200,124,96,1,-1,-1,-1
215,5,2204,769,101,110,1,-1,-1,-1
215,6,2636,820,142,111,1,-1,-1,-1
215,7,2971,1108,131,108,1,-1,-1,-1
215,8,2747,1407,128,106,1,-1,-1,-1
215,9,2329,1651,107,109,1,-1,-1,-1
215,10,891,842,47,45,1,-1,-1,-1
216,0,2688,973,138,100,1,-1,-1,-1
216,1,1418,979,124,108,1,-1,-1,-1
216,2,863,767,140,117,1,-1,-1,-1
216,3,2638,717,152,114,1,-1,-1,-1
216,4,2448,1202,124,96,1,-1,-1,-1
216,5,2199,770,101,110,1,-1,-1,-1
216,6,2633,821,141,111,1,-1,-1,-1
216,7,2967,1109,132,108,1,-1,-1,-1
216,8,2747,1407,128,105,1,-1,-1,-1
216,9,2329,1651,107,109,1,-1,-1,-1
216,10,889,843,47,45,1,-1,-1,-1
217,0,2684,973,137,99,1,-1,-1,-1
217,1,1413,979,125,108,1,-1,-1,-1
217,2,861,768,141,116,1,-1,-1,-1
217,3,2637,716,152,114,1,-1,-1,-1
217,4,2445,1203,124,96,1,-1,-1,-1
217,5,2194,772,101,110,1,-1,-1,-1
217,6,2631,823,141,111,1,-1,-1,-1
217,7,2963,1110,133,107,1,-1,-1,-1
217,8,2747,1408,128,105,1,-1,-1,-1
217,9,2328,1650,107,109,1,-1,-1,-1
217,10,887,843,47,45,1,-1,-1,-1
218,0,2680,973,137,99,1,-1,-1,-1
218,1,1408,978,125,107,1,-1,-1,-1
218,2,859,769,142,115,1,-1,-1,-1
218,3,2637,716,152,114,1,-1,-1,-1
218,4,2442,1205,124,96,1,-1,-1,-1
218,5,2186,772,105,109,1,-1,-1,-1
218,6,2628,824,141,111,1,-1,-1,-1
218,7,2959,1111,134,107,1,-1,-1,-1
218,8,2747,1408,129,104,1,-1,-1,-1
218,9,2328,1650,107,109,1,-1,-1,-1
218,10,885,843,47,45,1,-1,-1,-1
219,0,2676,973,137,99,1,-1,-1,-1
219,1,1402,977,126,107,1,-1,-1,-1
219,2,857,769,144,114,1,-1,-1,-1
219,3,2636,715,152,114,1,-1,-1,-1
219,4,2439,1207,123,95,1,-1,-1,-1
219,5,2179,773,109,108,1,-1,-1,-1
219,6,2625,825,141,111,1,-1,-1,-1
219,7,2955,1112,135,107,1,-1,-1,-1
219,8,2747,1409,129,104,1,-1,-1,-1
219,9,2328,1650,106,110,1,-1,-1,-1
219,10,883,843,47,45,1,-1,-1,-1
220,0,2672,973,137,99,1,-1,-1,-1
220,1,1397,977,127,107,1,-1,-1,-1
220,2,855,770,145,113,1,-1,-1,-1
220,3,2636,714,152,114,1,-1,-1,-1
220,4,2436,1208,123,95,1,-1,-1,-1
220,5,2171,774,113,108,1,-1,-1,-1
220,6,2622,826,141,111,1,-1,-1,-1
220,7,2951,1113,137,106,1,-1,-1,-1
220,8,2747,1409,129,103,1,-1,-1,-1
220,9,2328,1650,106,110,1,-1,-1,-1
220,10,882,844,47,45,1,-1,-1,-1
221,0,2669,973,137,99,1,-1,-1,-1
221,1,1392,976,128,106,1,-1,-1,-1
221,2,853,771,146,112,1,-1,-1,-1
221,3,2635,713,152,114,1,-1,-1,-1
221,4,2433,1210,123,95,1,-1,-1,-1
221,5,2164,775,117,107,1,-1,-1,-1
221,6,2619,827,140,110,1,-1,-1,-1
221,7,2947,1114,138,106,1,-1,-1,-1
221,8,2747,1410,130,103,1,-1,-1,-1
221,9,2328,1650,106,110,1,-1,-1,-1
221,10,880,844,47,45,1,-1,-1,-1
222,0,2665,973,137,99,1,-1,-1,-1
222,1,1386,976,129,106,1,-1,-1,-1
222,2,851,772,147,111,1,-1,-1,-1
222,3,2635,712,152,114,1,-1,-1,-1
222,4,2430,1211,123,95,1,-1,-1,-1
222,5,2156,775,121,106,1,-1,-1,-1
222,6,2616,828,140,110,1,-1,-1,-1
222,7,2943,1116,139,106,1,-1,-1,-1
222,8,2747,1411,130,102,1,-1,-1,-1
222,9,2328,1650,106,110,1,-1,-1,-1
222,10,878,844,47,45,1,-1,-1,-1
223,0,2661,973,136,99,1,-1,-1,-1
223,1,1381,975,130,106,1,-1,-1,-1
223,2,849,773,148,110,1,-1,-1,-1
223,3,2634,711,152,114,1,-1,-1,-1
223,4,2427,1213,123,94,1,-1,-1,-1
223,5,2149,776,125,106,1,-1,-1,-1
223,6,2613,829,140,110,1,-1,-1,-1
223,7,2939,1117,140,105,1,-1,-1,-1
223,8,2747,1411,130,102,1,-1,-1,-1
223,9,2328,1650,106,111,1,-1,-1,-1
223,10,877,845,47,45,1,-1,-1,-1
224,0,2657,973,136,99,1,-1,-1,-1
224,1,1376,975,131,106,1,-1,-1,-1
224,2,847,774,150,109,1,-1,-1,-1
224,3,2633,710,152,114,1,-1,-1,-1
224,4,2424,1214,123,94,1,-1,-1,-1
224,5,2141,777,129,105,1,-1,-1,-1
224,6,2611,831,140,110,1,-1,-1,-1
224,7,2935,1118,141,105,1,-1,-1,-1
224,8,2747,1412,130,101,1,-1,-1,-1
224,9,2327,1649,105,111,1,-1,-1,-1
224,10,876,843,47,45,1,-1,-1,-1
225,0,2653,973,136,99,1,-1,-1,-1
225,1,1373,974,131,105,1,-1,-1,-1
225,2,845,775,151,108,1,-1,-1,-1
225,3,2633,709,152,114,1,-1,-1,-1
225,4,2421,1216,123,94,1,-1,-1,-1
225,5,2134,778,133,104,1,-1,-1,-1
225,6,2608,832,139,110,1,-1,-1,-1
225,7,2931,1119,142,105,1,-1,-1,-1
225,8,2747,1412,131,101,1,-1,-1,-1
225,9,2327,1649,105,111,1,-1,-1,-1
225,10,876,841,47,45,1,-1,-1,-1
226,0,2650,973,136,99,1,-1,-1,-1
226,1,1370,974,132,105,1,-1,-1,-1
226,2,843,776,152,107,1,-1,-1,-1
226,3,2632,708,152,114,1,-1,-1,-1
226,4,2418,1217,123,94,1,-1,-1,-1
226,5,2127,779,138,104,1,-1,-1,-1
226,6,2605,833,139,110,1,-1,-1,-1
226,7,2927,1120,144,104,1,-1,-1,-1
226,8,2747,1413,131,100,1,-1,-1,-1
226,9,2327,1649,105,111,1,-1,-1,-1
226,10,876,839,47,45,1,-1,-1,-1
227,0,2646,973,136,99,1,-1,-1,-1
227,1,1368,974,133,105,1,-1,-1,-1
227,2,841,777,153,106,1,-1,-1,-1
227,3,2632,708,152,114,1,-1,-1,-1
227,4,2415,1219,122,93,1,-1,-1,-1
227,5,2122,778,135,103,1,-1,-1,-1
227,6,2602,834,139,110,1,-1,-1,-1
227,7,2923,1121,145,104,1,-1,-1,-1
227,8,2747,1413,131,100,1,-1,-1,-1
227,9,2327,1649,105,111,1,-1,-1,-1
227,10,876,837,47,45,1,-1,-1,-1
228,0,2642,973,136,99,1,-1,-1,-1
228,1,1365,973,134,104,1,-1,-1,-1
228,2,839,778,155,105,1,-1,-1,-1
228,3,2631,707,152,114,1,-1,-1,-1
228,4,2412,1221,122,93,1,-1,-1,-1
228,5,2117,777,132,103,1,-1,-1,-1
228,6,2599,835,139,110,1,-1,-1,-1
228,7,2919,1122,146,104,1,-1,-1,-1
228,8,2747,1414,132,99,1,-1,-1,-1
228,9,2327,1649,105,112,1,-1,-1,-1
228,10,876,835,47,45,1,-1,-1,-1
229,0,2638,973,136,99,1,-1,-1,-1
229,1,1362,973,135,104,1,-1,-1,-1
229,2,836,778,156,103,1,-1,-1,-1
229,3,2631,706,152,114,1,-1,-1,-1
229,4,2409,1222,122,93,1,-1,-1,-1
229,5,2112,777,130,103,1,-1,-1,-1
229,6,2596,836,139,110,1,-1,-1,-1
229,7,2914,1124,147,103,1,-1,-1,-1
229,8,2747,1414,132,99,1,-1,-1,-1
229,9,2327,1649,105,112,1,-1,-1,-1
229,10,874,831,47,45,1,-1,-1,-1
230,0,2634,973,135,99,1,-1,-1,-1
230,1,1360,973,135,103,1,-1,-1,-1
230,2,833,779,157,102,1,-1,-1,-1
230,3,2630,705,152,114,1,-1,-1,-1
230,4,2406,1224,122,93,1,-1,-1,-1
230,5,2107,776,127,103,1,-1,-1,-1
230,6,2593,837,138,110,1,-1,-1,-1
230,7,2910,1125,148,103,1,-1,-1,-1
230,8,2747,1415,132,98,1,-1,-1,-1
230,9,2327,1649,104,112,1,-1,-1,-1
230,10,872,827,47,45,1,-1,-1,-1
231,0,2631,973,135,99,1,-1,-1,-1
231,1,1357,973,136,103,1,-1,-1,-1
231,2,830,779,158,101,1,-1,-1,-1
231,3,2629,704,152,114,1,-1,-1,-1
231,4,2403,1225,122,93,1,-1,-1,-1
231,5,2102,776,124,102,1,-1,-1,-1
231,6,2590,838,138,110,1,-1,-1,-1
231,7,2906,1126,149,103,1,-1,-1,-1
231,8,2747,1416,133,98,1,-1,-1,-1
231,9,2326,1648,104,112,1,-1,-1,-1
231,10,870,823,47,45,1,-1,-1,-1
232,0,2627,973,135,99,1,-1,-1,-1
232,1,1354,972,137,103,1,-1,-1,-1
232,2,828,780,159,100,1,-1,-1,-1
232,3,2629,703,152,114,1,-1,-1,-1
232,4,2400,1227,122,92,1,-1,-1,-1
232,5,2097,775,122,102,1,-1,-1,-1
232,6,2588,840,138,110,1,-1,-1,-1
232,7,2902,1127,151,102,1,-1,-1,-1
232,8,2747,1415,133,97,1,-1,-1,-1
232,9,2326,1648,104,113,1,-1,-1,-1
232,10,868,819,47,45,1,-1,-1,-1
233,0,2623,973,135,99,1,-1,-1,-1
233,1,1352,972,138,102,1,-1,-1,-1
233,2,825,780,161,99,1,-1,-1,-1
233,3,2628,702,152,114,1,-1,-1,-1
233,4,2397,1228,122,92,1,-1,-1,-1
233,5,2092,775,119,102,1,-1,-1,-1
233,6,2585,841,138,110,1,-1,-1,-1
233,7,2898,1128,152,102,1,-1,-1,-1
233,8,2747,1415,133,97,1,-1,-1,-1
233,9,2326,1648,104,113,1,-1,-1,-1
233,10,866,815,47,45,1,-1,-1,-1
234,0,2619,973,135,99,1,-1,-1,-1
234,1,1349,972,139,102,1,-1,-1,-1
234,2,822,781,162,98,1,-1,-1,-1
234,3,2628,701,152,114,1,-1,-1,-1
234,4,2394,1230,122,92,1,-1,-1,-1
234,5,2087,774,116,102,1,-1,-1,-1
234,6,2582,842,137,109,1,-1,-1,-1
234,7,2894,1129,153,102,1,-1,-1,-1
234,8,2747,1415,133,97,1,-1,-1,-1
234,9,2326,1648,104,113,1,-1,-1,-1
234,10,865,812,47,45,1,-1,-1,-1
235,0,2615,973,135,99,1,-1,-1,-1
235,1,1346,971,139,102,1,-1,-1,-1
235,2,820,781,163,97,1,-1,-1,-1
235,3,2627,700,152,114,1,-1,-1,-1
235,4,2391,1231,122,92,1,-1,-1,-1
235,5,2083,774,114,101,1,-1,-1,-1
235,6,2579,843,137,109,1,-1,-1,-1
235,7,2890,1130,154,101,1,-1,-1,-1
235,8,2747,1415,133,97,1,-1,-1,-1
235,9,2326,1648,103,113,1,-1,-1,-1
235,10,863,810,47,45,1,-1,-1,-1
236,0,2612,973,135,99,1,-1,-1,-1
236,1,1344,971,140,102,1,-1,-1,-1
236,2,817,782,164,96,1,-1,-1,-1
236,3,2627,700,152,114,1,-1,-1,-1
236,4,2388,1233,121,91,1,-1,-1,-1
236,5,2078,773,111,101,1,-1,-1,-1
236,6,2576,844,137,109,1,-1,-1,-1
236,7,2886,1132,155,101,1,-1,-1,-1
236,8,2747,1415,134,97,1,-1,-1,-1
236,9,2326,1648,103,113,1,-1,-1,-1
236,10,861,808,47,45,1,-1,-1,-1
237,0,2607,973,136,98,1,-1,-1,-1
237,1,1341,971,141,101,1,-1,-1,-1
237,2,814,782,165,95,1,-1,-1,-1
237,3,2625,698,152,114,1,-1,-1,-1
237,4,2385,1235,121,91,1,-1,-1,-1
237,5,2073,773,108,101,1,-1,-1,-1
237,6,2573,845,137,109,1,-1,-1,-1
237,7,2882,1133,156,101,1,-1,-1,-1
237,8,2747,1415,134,97,1,-1,-1,-1
237,9,2326,1648,103,114,1,-1,-1,-1
237,10,860,806,47,45,1,-1,-1,-1
238,0,2602,974,137,98,1,-1,-1,-1
238,1,1338,971,142,101,1,-1,-1,-1
238,2,811,783,167,94,1,-1,-1,-1
238,3,2623,696,152,114,1,-1,-1,-1
238,4,2382,1236,121,91,1,-1,-1,-1
238,5,2068,772,106,101,1,-1,-1,-1
238,6,2570,846,137,109,1,-1,-1,-1
238,7,2878,1134,158,100,1,-1,-1,-1
238,8,2747,1415,134,97,1,-1,-1,-1
238,9,2325,1647,103,114,1,-1,-1,-1
238,10,858,804,47,45,1,-1,-1,-1
239,0,2597,975,138,98,1,-1,-1,-1
239,1,1336,970,143,101,1,-1,-1,-1
239,2,809,783,168,93,1,-1,-1,-1
239,3,2622,694,152,114,1,-1,-1,-1
239,4,2379,1238,121,91,1,-1,-1,-1
239,5,2063,772,103,100,1,-1,-1,-1
239,6,2567,847,136,109,1,-1,-1,-1
239,7,2874,1135,159,100,1,-1,-1,-1
239,8,2747,1414,134,97,1,-1,-1,-1
239,9,2325,1647,103,114,1,-1,-1,-1
239,10,857,803,47,45,1,-1,-1,-1
240,0,2593,975,139,98,1,-1,-1,-1
240,1,1333,970,143,100,1,-1,-1,-1
240,2,806,784,169,92,1,-1,-1,-1
240,3,2620,693,152,115,1,-1,-1,-1
240,4,2376,1239,121,90,1,-1,-1,-1
240,5,2058,771,100,100,1,-1,-1,-1
240,6,2565,849,136,109,1,-1,-1,-1
240,7,2870,1136,160,100,1,-1,-1,-1
240,8,2747,1414,135,97,1,-1,-1,-1
240,9,2325,1647,102,114,1,-1,-1,-1
240,10,853,803,47,45,1,-1,-1,-1
241,0,2588,976,140,98,1,-1,-1,-1
241,1,1330,970,144,100,1,-1,-1,-1
241,2,803,784,170,91,1,-1,-1,-1
241,3,2619,691,152,115,1,-1,-1,-1
241,4,2373,1241,121,90,1,-1,-1,-1
241,5,2053,771,98,100,1,-1,-1,-1
241,6,2562,850,136,109,1,-1,-1,-1
241,7,2866,1137,161,99,1,-1,-1,-1
241,8,2747,1414,135,97,1,-1,-1,-1
241,9,2325,1647,102,115,1,-1,-1,-1
241,10,850,803,47,45,1,-1,-1,-1
242,0,2583,977,141,98,1,-1,-1,-1
242,1,1328,969,145,100,1,-1,-1,-1
242,2,801,785,172,90,1,-1,-1,-1
242,3,2617,689,152,115,1,-1,-1,-1
242,4,2370,1242,121,90,1,-1,-1,-1
242,5,2048,770,95,100,1,-1,-1,-1
242,6,2559,851,136,109,1,-1,-1,-1
242,7,2862,1138,162,99,1,-1,-1,-1
242,8,2747,1414,135,97,1,-1,-1,-1
242,9,2325,1647,102,115,1,-1,-1,-1
242,10,847,803,47,45,1,-1,-1,-1
243,0,2578,977,142,98,1,-1,-1,-1
243,1,1325,969,146,99,1,-1,-1,-1
243,2,796,786,175,90,1,-1,-1,-1
243,3,2616,688,152,115,1,-1,-1,-1
243,4,2367,1244,121,90,1,-1,-1,-1
243,5,2044,770,93,100,1,-1,-1,-1
243,6,2556,852,135,109,1,-1,-1,-1
243,7,2858,1140,164,99,1,-1,-1,-1
243,8,2747,1414,135,96,1,-1,-1,-1
243,9,2325,1647,102,115,1,-1,-1,-1
243,10,843,803,47,45,1,-1,-1,-1
244,0,2574,978,144,98,1,-1,-1,-1
244,1,1322,969,147,99,1,-1,-1,-1
244,2,791,787,179,90,1,-1,-1,-1
244,3,2614,686,152,116,1,-1,-1,-1
244,4,2364,1246,121,90,1,-1,-1,-1
244,5,2034,769,96,99,1,-1,-1,-1
244,6,2553,853,135,109,1,-1,-1,-1
244,7,2855,1140,163,99,1,-1,-1,-1
244,8,2747,1414,136,96,1,-1,-1,-1
244,9,2325,1647,102,115,1,-1,-1,-1
244,10,840,803,47,45,1,-1,-1,-1
245,0,2569,979,145,98,1,-1,-1,-1
245,1,1320,969,148,99,1,-1,-1,-1
245,2,787,788,183,90,1,-1,-1,-1
245,3,2613,684,152,116,1,-1,-1,-1
245,4,2360,1246,120,90,1,-1,-1,-1
245,5,2025,768,99,99,1,-1,-1,-1
245,6,2550,854,135,109,1,-1,-1,-1
245,7,2852,1141,162,99,1,-1,-1,-1
245,8,2747,1414,136,96,1,-1,-1,-1
245,9,2325,1647,102,116,1,-1,-1,-1
245,10,837,803,47,45,1,-1,-1,-1
246,0,2564,979,146,98,1,-1,-1,-1
246,1,1316,969,148,99,1,-1,-1,-1
246,2,782,789,187,91,1,-1,-1,-1
246,3,2611,683,152,116,1,-1,-1,-1
246,4,2357,1247,120,90,1,-1,-1,-1
246,5,2015,767,102,99,1,-1,-1,-1
246,6,2547,855,135,109,1,-1,-1,-1
246,7,2850,1142,162,99,1,-1,-1,-1
246,8,2747,1413,136,96,1,-1,-1,-1
246,9,2323,1647,102,115,1,-1,-1,-1
246,10,833,803,47,45,1,-1,-1,-1
247,0,2559,980,147,98,1,-1,-1,-1
247,1,1313,969,148,98,1,-1,-1,-1
247,2,778,790,191,91,1,-1,-1,-1
247,3,2610,681,152,116,1,-1,-1,-1
247,4,2354,1247,120,90,1,-1,-1,-1
247,5,2006,767,105,99,1,-1,-1,-1
247,6,2545,857,135,109,1,-1,-1,-1
247,7,2847,1143,161,99,1,-1,-1,-1
247,8,2747,1413,136,96,1,-1,-1,-1
247,9,2321,1647,103,114,1,-1,-1,-1
247,10,830,803,47,45,1,-1,-1,-1
248,0,2555,981,148,98,1,-1,-1,-1
248,1,1309,969,148,99,1,-1,-1,-1
248,2,773,791,195,91,1,-1,-1,-1
248,3,2608,679,153,117,1,-1,-1,-1
248,4,2351,1248,120,90,1,-1,-1,-1
248,5,1996,766,108,99,1,-1,-1,-1
248,6,2541,857,135,108,1,-1,-1,-1
248,7,2844,1144,160,99,1,-1,-1,-1
248,8,2747,1413,137,96,1,-1,-1,-1
248,9,2319,1647,103,113,1,-1,-1,-1
248,10,827,803,47,45,1,-1,-1,-1
249,0,2550,982,149,98,1,-1,-1,-1
249,1,1306,970,148,99,1,-1,-1,-1
249,2,769,793,199,92,1,-1,-1,-1
249,3,2607,678,153,117,1,-1,-1,-1
249,4,2348,1248,119,91,1,-1,-1,-1
249,5,1987,765,111,99,1,-1,-1,-1
249,6,2538,858,135,108,1,-1,-1,-1
249,7,2842,1145,160,99,1,-1,-1,-1
249,8,2747,1413,137,96,1,-1,-1,-1
249,9,2318,1648,104,113,1,-1,-1,-1
249,10,824,804,47,45,1,-1,-1,-1
250,0,2545,982,150,98,1,-1,-1,-1
250,1,1303,970,148,98,1,-1,-1,-1
250,2,763,792,197,93,1,-1,-1,-1
250,3,2605,676,153,117,1,-1,-1,-1
250,4,2344,1249,119,91,1,-1,-1,-1
250,5,1977,765,114,99,1,-1,-1,-1
250,6,2534,858,136,108,1,-1,-1,-1
250,7,2839,1146,159,99,1,-1,-1,-1
250,8,2747,1413,137,96,1,-1,-1,-1
250,9,2316,1648,105,112,1,-1,-1,-1
250,10,816,802,47,45,1,-1,-1,-1
251,0,2540,983,151,98,1,-1,-1,-1
251,1,1299,970,148,99,1,-1,-1,-1
251,2,758,792,196,94,1,-1,-1,-1
251,3,2604,674,153,117,1,-1,-1,-1
251,4,2341,1250,119,91,1,-1,-1,-1
251,5,1968,764,117,99,1,-1,-1,-1
251,6,2531,859,136,108,1,-1,-1,-1
251,7,2836,1147,158,99,1,-1,-1,-1
251,8,2747,1413,137,96,1,-1,-1,-1
251,9,2314,1648,105,111,1,-1,-1,-1
251,10,808,800,47,45,1,-1,-1,-1
252,0,2536,984,153,98,1,-1,-1,-1
252,1,1296,971,149,99,1,-1,-1,-1
252,2,753,792,195,95,1,-1,-1,-1
252,3,2602,673,153,118,1,-1,-1,-1
252,4,2338,1250,119,91,1,-1,-1,-1
252,5,1958,763,120,99,1,-1,-1,-1
252,6,2527,860,136,108,1,-1,-1,-1
252,7,2834,1148,158,99,1,-1,-1,-1
252,8,2747,1413,138,96,1,-1,-1,-1
252,9,2312,1648,106,110,1,-1,-1,-1
252,10,801,798,47,45,1,-1,-1,-1
253,0,2531,984,154,98,1,-1,-1,-1
253,1,1292,971,149,99,1,-1,-1,-1
253,2,748,792,194,96,1,-1,-1,-1
253,3,2601,671,153,118,1,-1,-1,-1
253,4,2335,1251,118,91,1,-1,-1,-1
253,5,1949,763,124,99,1,-1,-1,-1
253,6,2524,860,137,108,1,-1,-1,-1
253,7,2831,1149,157,99,1,-1,-1,-1
253,8,2747,1412,138,96,1,-1,-1,-1
253,9,2311,1649,106,110,1,-1,-1,-1
253,10,795,797,47,45,1,-1,-1,-1
254,0,2526,985,155,98,1,-1,-1,-1
254,1,1289,971,149,99,1,-1,-1,-1
254,2,743,792,193,98,1,-1,-1,-1
254,3,2599,669,153,118,1,-1,-1,-1
254,4,2332,1251,118,92,1,-1,-1,-1
254,5,1940,762,127,99,1,-1,-1,-1
254,6,2520,861,137,107,1,-1,-1,-1
254,7,2829,1150,156,99,1,-1,-1,-1
254,8,2747,1412,138,95,1,-1,-1,-1
254,9,2309,1649,107,109,1,-1,-1,-1
254,10,790,796,47,45,1,-1,-1,-1
255,0,2521,986,156,98,1,-1,-1,-1
255,1,1286,972,149,99,1,-1,-1,-1
255,2,738,792,192,99,1,-1,-1,-1
255,3,2597,668,153,119,1,-1,-1,-1
255,4,2329,1252,118,92,1,-1,-1,-1
255,5,1930,761,130,99,1,-1,-1,-1
255,6,2517,862,137,107,1,-1,-1,-1
255,7,2826,1151,156,99,1,-1,-1,-1
255,8,2747,1412,138,95,1,-1,-1,-1
255,9,2307,1649,108,108,1,-1,-1,-1
255,10,785,796,47,45,1,-1,-1,-1
256,0,2517,986,157,98,1,-1,-1,-1
256,1,1282,972,149,99,1,-1,-1,-1
256,2,733,792,191,100,1,-1,-1,-1
256,3,2596,666,153,119,1,-1,-1,-1
256,4,2325,1253,118,92,1,-1,-1,-1
256,5,1921,760,133,99,1,-1,-1,-1
256,6,2513,862,138,107,1,-1,-1,-1
256,7,2823,1152,155,99,1,-1,-1,-1
256,8,2747,1412,139,95,1,-1,-1,-1
256,9,2306,1650,108,108,1,-1,-1,-1
256,10,780,795,47,45,1,-1,-1,-1
257,0,2512,987,158,98,1,-1,-1,-1
257,1,1279,972,149,98,1,-1,-1,-1
257,2,728,792,190,101,1,-1,-1,-1
257,3,2594,664,153,119,1,-1,-1,-1
257,4,2322,1253,117,92,1,-1,-1,-1
257,5,1911,760,136,99,1,-1,-1,-1
257,6,2510,863,138,107,1,-1,-1,-1
257,7,2821,1152,154,99,1,-1,-1,-1
257,8,2747,1412,139,95,1,-1,-1,-1
257,9,2304,1650,109,107,1,-1,-1,-1
257,10,775,795,47,45,1,-1,-1,-1
258,0,2507,988,159,98,1,-1,-1,-1
258,1,1276,973,150,99,1,-1,-1,-1
258,2,723,792,189,102,1,-1,-1,-1
258,3,2593,663,153,119,1,-1,-1,-1
258,4,2319,1254,117,92,1,-1,-1,-1
258,5,1902,759,139,99,1,-1,-1,-1
258,6,2506,864,138,107,1,-1,-1,-1
258,7,2818,1153,154,99,1,-1,-1,-1
258,8,2747,1412,139,95,1,-1,-1,-1
258,9,2302,1650,109,106,1,-1,-1,-1
258,10,770,798,47,45,1,-1,-1,-1
259,0,2503,989,161,98,1,-1,-1,-1
259,1,1272,972,150,99,1,-1,-1,-1
259,2,718,792,188,104,1,-1,-1,-1
259,3,2591,661,154,120,1,-1,-1,-1
259,4,2316,1254,117,93,1,-1,-1,-1
259,5,1892,758,142,99,1,-1,-1,-1
259,6,2503,864,139,107,1,-1,-1,-1
259,7,2815,1154,153,99,1,-1,-1,-1
259,8,2747,1412,139,95,1,-1,-1,-1
259,9,2300,1650,110,105,1,-1,-1,-1
259,10,765,802,47,45,1,-1,-1,-1
260,0,2500,989,160,98,1,-1,-1,-1
260,1,1269,971,150,99,1,-1,-1,-1
260,2,715,794,187,103,1,-1,-1,-1
260,3,2590,659,154,120,1,-1,-1,-1
260,4,2313,1255,117,93,1,-1,-1,-1
260,5,1883,758,145,99,1,-1,-1,-1
260,6,2499,865,139,106,1,-1,-1,-1
260,7,2813,1155,153,99,1,-1,-1,-1
260,8,2747,1411,140,95,1,-1,-1,-1
260,9,2299,1651,111,105,1,-1,-1,-1
260,10,761,809,47,45,1,-1,-1,-1
261,0,2497,989,159,98,1,-1,-1,-1
261,1,1265,970,150,99,1,-1,-1,-1
261,2,713,797,186,103,1,-1,-1,-1
261,3,2588,658,154,120,1,-1,-1,-1
261,4,2310,1256,117,93,1,-1,-1,-1
261,5,1873,757,148,99,1,-1,-1,-1
261,6,2496,866,139,106,1,-1,-1,-1
261,7,2810,1156,152,99,1,-1,-1,-1
261,8,2747,1411,140,95,1,-1,-1,-1
261,9,2297,1651,111,104,1,-1,-1,-1
261,10,758,816,47,45,1,-1,-1,-1
262,0,2494,990,158,98,1,-1,-1,-1
262,1,1262,969,150,99,1,-1,-1,-1
262,2,710,799,186,103,1,-1,-1,-1
262,3,2587,656,154,120,1,-1,-1,-1
262,4,2306,1256,116,93,1,-1,-1,-1
262,5,1864,756,151,99,1,-1,-1,-1
262,6,2492,866,140,106,1,-1,-1,-1
262,7,2808,1157,151,99,1,-1,-1,-1
262,8,2747,1411,140,95,1,-1,-1,-1
262,9,2295,1651,112,103,1,-1,-1,-1
262,10,755,824,47,45,1,-1,-1,-1
263,0,2492,990,157,98,1,-1,-1,-1
263,1,1258,968,150,99,1,-1,-1,-1
263,2,708,802,185,102,1,-1,-1,-1
263,3,2585,654,154,121,1,-1,-1,-1
263,4,2303,1257,116,93,1,-1,-1,-1
263,5,1855,756,155,99,1,-1,-1,-1
263,6,2489,867,140,106,1,-1,-1,-1
263,7,2805,1158,151,99,1,-1,-1,-1
263,8,2747,1411,140,95,1,-1,-1,-1
263,9,2294,1652,113,103,1,-1,-1,-1
263,10,754,828,47,45,1,-1,-1,-1
264,0,2489,991,156,98,1,-1,-1,-1
264,1,1255,967,150,99,1,-1,-1,-1
264,2,705,804,184,102,1,-1,-1,-1
264,3,2584,653,154,121,1,-1,-1,-1
264,4,2300,1257,116,94,1,-1,-1,-1
264,5,1840,756,156,98,1,-1,-1,-1
264,6,2485,868,140,106,1,-1,-1,-1
264,7,2802,1159,150,99,1,-1,-1,-1
264,8,2747,1411,141,95,1,-1,-1,-1
264,9,2293,1651,113,103,1,-1,-1,-1
264,10,753,833,47,45,1,-1,-1,-1
265,0,2486,991,155,99,1,-1,-1,-1
265,1,1251,966,150,99,1,-1,-1,-1
265,2,703,807,184,102,1,-1,-1,-1
265,3,2582,651,154,121,1,-1,-1,-1
265,4,2297,1258,116,94,1,-1,-1,-1
265,5,1826,756,157,98,1,-1,-1,-1
265,6,2482,868,141,106,1,-1,-1,-1
265,7,2800,1160,149,100,1,-1,-1,-1
265,8,2747,1411,141,95,1,-1,-1,-1
265,9,2292,1651,113,103,1,-1,-1,-1
265,10,741,838,47,45,1,-1,-1,-1
266,0,2483,992,154,99,1,-1,-1,-1
266,1,1248,965,150,99,1,-1,-1,-1
266,2,697,808,183,101,1,-1,-1,-1
266,3,2581,649,154,121,1,-1,-1,-1
266,4,2294,1258,115,94,1,-1,-1,-1
266,5,1812,756,158,98,1,-1,-1,-1
266,6,2478,869,141,106,1,-1,-1,-1
266,7,2797,1161,149,100,1,-1,-1,-1
266,8,2747,1411,141,94,1,-1,-1,-1
266,9,2291,1651,113,103,1,-1,-1,-1
266,10,730,843,47,45,1,-1,-1,-1
267,0,2481,992,154,99,1,-1,-1,-1
267,1,1245,964,150,99,1,-1,-1,-1
267,2,692,810,182,101,1,-1,-1,-1
267,3,2579,648,154,122,1,-1,-1,-1
267,4,2290,1259,115,94,1,-1,-1,-1
267,5,1798,756,159,97,1,-1,-1,-1
267,6,2475,870,141,105,1,-1,-1,-1
267,7,2794,1162,148,100,1,-1,-1,-1
267,8,2747,1410,141,94,1,-1,-1,-1
267,9,2290,1651,113,103,1,-1,-1,-1
267,10,719,848,47,45,1,-1,-1,-1
268,0,2478,992,153,99,1,-1,-1,-1
268,1,1241,963,150,99,1,-1,-1,-1
268,2,687,812,182,101,1,-1,-1,-1
268,3,2578,646,154,122,1,-1,-1,-1
268,4,2287,1260,115,94,1,-1,-1,-1
268,5,1784,756,160,97,1,-1,-1,-1
268,6,2471,870,142,105,1,-1,-1,-1
268,7,2792,1163,147,100,1,-1,-1,-1
268,8,2747,1410,142,94,1,-1,-1,-1
268,9,2289,1650,113,103,1,-1,-1,-1
268,10,716,852,47,45,1,-1,-1,-1
269,0,2475,993,152,99,1,-1,-1,-1
269,1,1238,962,150,99,1,-1,-1,-1
269,2,682,814,181,100,1,-1,-1,-1
269,3,2576,644,154,122,1,-1,-1,-1
269,4,2284,1260,115,95,1,-1,-1,-1
269,5,1770,756,161,97,1,-1,-1,-1
269,6,2468,871,142,105,1,-1,-1,-1
269,7,2789,1164,147,100,1,-1,-1,-1
269,8,2747,1410,142,94,1,-1,-1,-1
269,9,2288,1650,113,103,1,-1,-1,-1
269,10,713,857,47,45,1,-1,-1,-1
270,0,2472,993,151,99,1,-1,-1,-1
270,1,1234,961,150,99,1,-1,-1,-1
270,2,677,816,181,100,1,-1,-1,-1
270,3,2575,643,155,123,1,-1,-1,-1
270,4,2281,1261,114,95,1,-1,-1,-1
270,5,1756,757,163,96,1,-1,-1,-1
270,6,2464,872,142,105,1,-1,-1,-1
270,7,2786,1164,146,100,1,-1,-1,-1
270,8,2747,1410,142,94,1,-1,-1,-1
270,9,2287,1650,113,103,1,-1,-1,-1
270,10,710,862,47,45,1,-1,-1,-1
271,0,2470,994,150,100,1,-1,-1,-1
271,1,1231,960,150,99,1,-1,-1,-1
271,2,672,818,180,100,1,-1,-1,-1
271,3,2573,640,154,122,1,-1,-1,-1
271,4,2278,1261,114,95,1,-1,-1,-1
271,5,1742,757,164,96,1,-1,-1,-1
271,6,2461,872,143,105,1,-1,-1,-1
271,7,2784,1165,145,100,1,-1,-1,-1
271,8,2747,1410,142,94,1,-1,-1,-1
271,9,2286,1650,113,103,1,-1,-1,-1
271,10,707,863,47,45,1,-1,-1,-1
272,0,2467,994,149,100,1,-1,-1,-1
272,1,1227,959,150,99,1,-1,-1,-1
272,2,666,820,179,99,1,-1,-1,-1
272,3,2572,637,153,122,1,-1,-1,-1
272,4,2275,1262,114,95,1,-1,-1,-1
272,5,1728,757,165,96,1,-1,-1,-1
272,6,2457,873,143,105,1,-1,-1,-1
272,7,2781,1166,145,100,1,-1,-1,-1
272,8,2747,1410,143,94,1,-1,-1,-1
272,9,2285,1650,113,103,1,-1,-1,-1
272,10,704,865,47,45,1,-1,-1,-1
273,0,2464,995,148,100,1,-1,-1,-1
273,1,1224,958,150,99,1,-1,-1,-1
273,2,661,822,179,99,1,-1,-1,-1
273,3,2571,634,152,121,1,-1,-1,-1
273,4,2271,1263,114,95,1,-1,-1,-1
273,5,1713,757,166,95,1,-1,-1,-1
273,6,2454,874,143,104,1,-1,-1,-1
273,7,2779,1167,144,100,1,-1,-1,-1
273,8,2747,1410,143,94,1,-1,-1,-1
273,9,2284,1649,113,103,1,-1,-1,-1
273,10,695,868,47,45,1,-1,-1,-1
274,0,2461,995,147,100,1,-1,-1,-1
274,1,1221,957,151,99,1,-1,-1,-1
274,2,656,824,178,99,1,-1,-1,-1
274,3,2570,631,151,121,1,-1,-1,-1
274,4,2268,1263,113,96,1,-1,-1,-1
274,5,1699,757,167,95,1,-1,-1,-1
274,6,2450,874,144,104,1,-1,-1,-1
274,7,2776,1168,143,100,1,-1,-1,-1
274,8,2747,1409,143,94,1,-1,-1,-1
274,9,2283,1649,113,103,1,-1,-1,-1
274,10,686,871,47,45,1,-1,-1,-1
275,0,2459,996,147,100,1,-1,-1,-1
275,1,1216,956,150,99,1,-1,-1,-1
275,2,651,826,178,98,1,-1,-1,-1
275,3,2569,628,151,120,1,-1,-1,-1
275,4,2265,1264,113,96,1,-1,-1,-1
275,5,1685,757,168,95,1,-1,-1,-1
275,6,2447,875,144,104,1,-1,-1,-1
275,7,2773,1169,143,100,1,-1,-1,-1
275,8,2747,1409,143,94,1,-1,-1,-1
275,9,2282,1649,113,103,1,-1,-1,-1
275,10,678,874,47,45,1,-1,-1,-1
276,0,2456,996,146,100,1,-1,-1,-1
276,1,1212,956,150,98,1,-1,-1,-1
276,2,646,828,177,98,1,-1,-1,-1
276,3,2568,626,150,120,1,-1,-1,-1
276,4,2262,1264,113,96,1,-1,-1,-1
276,5,1671,758,170,94,1,-1,-1,-1
276,6,2443,876,144,104,1,-1,-1,-1
276,7,2771,1170,142,100,1,-1,-1,-1
276,8,2747,1409,144,94,1,-1,-1,-1
276,9,2281,1649,113,103,1,-1,-1,-1
276,10,662,874,47,45,1,-1,-1,-1
277,0,2453,996,145,101,1,-1,-1,-1
277,1,1208,955,149,99,1,-1,-1,-1
277,2,641,830,177,98,1,-1,-1,-1
277,3,2567,623,149,120,1,-1,-1,-1
277,4,2259,1265,113,96,1,-1,-1,-1
277,5,1657,758,171,94,1,-1,-1,-1
277,6,2440,876,145,104,1,-1,-1,-1
277,7,2768,1171,142,100,1,-1,-1,-1
277,8,2747,1409,144,93,1,-1,-1,-1
277,9,2280,1648,113,103,1,-1,-1,-1
277,10,646,875,47,45,1,-1,-1,-1
278,0,2450,997,144,101,1,-1,-1,-1
278,1,1203,955,149,99,1,-1,-1,-1
278,2,631,831,180,97,1,-1,-1,-1
278,3,2565,620,148,119,1,-1,-1,-1
278,4,2256,1266,113,97,1,-1,-1,-1
278,5,1643,758,172,94,1,-1,-1,-1
278,6,2436,877,145,104,1,-1,-1,-1
278,7,2765,1172,141,100,1,-1,-1,-1
278,8,2747,1409,144,93,1,-1,-1,-1
278,9,2279,1648,113,103,1,-1,-1,-1
278,10,631,876,47,45,1,-1,-1,-1
279,0,2448,997,143,101,1,-1,-1,-1
279,1,1199,954,148,99,1,-1,-1,-1
279,2,621,833,184,96,1,-1,-1,-1
279,3,2564,617,148,119,1,-1,-1,-1
279,4,2254,1266,112,97,1,-1,-1,-1
279,5,1629,758,173,93,1,-1,-1,-1
279,6,2433,878,146,104,1,-1,-1,-1
279,7,2763,1173,140,100,1,-1,-1,-1
279,8,2747,1409,144,93,1,-1,-1,-1
279,9,2278,1648,113,103,1,-1,-1,-1
279,10,617,871,47,45,1,-1,-1,-1
280,0,2445,998,142,101,1,-1,-1,-1
280,1,1195,954,148,99,1,-1,-1,-1
280,2,611,835,188,96,1,-1,-1,-1
280,3,2563,614,147,118,1,-1,-1,-1
280,4,2253,1266,112,97,1,-1,-1,-1
280,5,1615,758,174,93,1,-1,-1,-1
280,6,2430,878,146,103,1,-1,-1,-1
280,7,2760,1174,140,100,1,-1,-1,-1
280,8,2747,1409,145,93,1,-1,-1,-1
280,9,2277,1648,113,103,1,-1,-1,-1
280,10,603,867,47,45,1,-1,-1,-1
281,0,2442,998,141,101,1,-1,-1,-1
281,1,1190,953,147,98,1,-1,-1,-1
281,2,601,837,191,95,1,-1,-1,-1
281,3,2562,611,146,118,1,-1,-1,-1
281,4,2251,1266,112,97,1,-1,-1,-1
281,5,1601,758,175,93,1,-1,-1,-1
281,6,2428,878,146,103,1,-1,-1,-1
281,7,2758,1175,139,100,1,-1,-1,-1
281,8,2747,1408,145,93,1,-1,-1,-1
281,9,2276,1648,113,103,1,-1,-1,-1
281,10,590,863,47,45,1,-1,-1,-1
282,0,2439,999,140,101,1,-1,-1,-1
282,1,1186,953,147,98,1,-1,-1,-1
282,2,591,839,195,95,1,-1,-1,-1
282,3,2561,609,145,118,1,-1,-1,-1
282,4,2250,1267,112,97,1,-1,-1,-1
282,5,1587,759,177,93,1,-1,-1,-1
282,6,2425,878,147,103,1,-1,-1,-1
282,7,2755,1176,138,100,1,-1,-1,-1
282,8,2747,1408,145,93,1,-1,-1,-1
282,9,2275,1647,113,103,1,-1,-1,-1
282,10,577,863,47,45,1,-1,-1,-1
283,0,2437,999,140,102,1,-1,-1,-1
283,1,1182,952,147,99,1,-1,-1,-1
283,2,581,841,199,94,1,-1,-1,-1
283,3,2560,606,145,117,1,-1,-1,-1
283,4,2248,1267,111,97,1,-1,-1,-1
283,5,1571,760,176,92,1,-1,-1,-1
283,6,2423,878,147,103,1,-1,-1,-1
283,7,2752,1176,138,100,1,-1,-1,-1
283,8,2747,1408,145,93,1,-1,-1,-1
283,9,2274,1647,113,103,1,-1,-1,-1
283,10,564,863,47,45,1,-1,-1,-1
284,0,2434,999,139,102,1,-1,-1,-1
284,1,1177,952,146,99,1,-1,-1,-1
284,2,571,843,202,94,1,-1,-1,-1
284,3,2559,603,144,117,1,-1,-1,-1
284,4,2247,1267,111,98,1,-1,-1,-1
284,5,1555,762,175,92,1,-1,-1,-1
284,6,2420,879,148,103,1,-1,-1,-1
284,7,2750,1177,137,100,1,-1,-1,-1
284,8,2747,1408,146,93,1,-1,-1,-1
284,9,2273,1647,113,103,1,-1,-1,-1
284,10,548,866,47,45,1,-1,-1,-1
285,0,2431,1000,138,102,1,-1,-1,-1
285,1,1173,951,146,99,1,-1,-1,-1
285,2,561,845,206,93,1,-1,-1,-1
285,3,2557,600,143,116,1,-1,-1,-1
285,4,2245,1267,111,98,1,-1,-1,-1
285,5,1539,764,174,92,1,-1,-1,-1
285,6,2418,879,148,102,1,-1,-1,-1
285,7,2747,1178,136,100,1,-1,-1,-1
285,8,2747,1408,146,93,1,-1,-1,-1
285,9,2272,1647,113,103,1,-1,-1,-1
285,10,532,870,47,45,1,-1,-1,-1
286,0,2428,1000,137,102,1,-1,-1,-1
286,1,1169,951,145,99,1,-1,-1,-1
286,2,551,847,210,93,1,-1,-1,-1
286,3,2556,597,142,116,1,-1,-1,-1
286,4,2244,1268,111,98,1,-1,-1,-1
286,5,1523,765,173,92,1,-1,-1,-1
286,6,2415,879,148,102,1,-1,-1,-1
286,7,2744,1179,136,100,1,-1,-1,-1
286,8,2747,1408,146,93,1,-1,-1,-1
286,9,2271,1646,113,103,1,-1,-1,-1
286,10,517,874,47,45,1,-1,-1,-1
287,0,2426,1001,136,102,1,-1,-1,-1
287,1,1164,950,145,98,1,-1,-1,-1
287,2,550,847,207,93,1,-1,-1,-1
287,3,2555,594,142,115,1,-1,-1,-1
287,4,2242,1268,110,98,1,-1,-1,-1
287,5,1507,767,173,92,1,-1,-1,-1
287,6,2413,879,149,102,1,-1,-1,-1
287,7,2742,1180,135,101,1,-1,-1,-1
287,8,2747,1408,146,93,1,-1,-1,-1
287,9,2270,1646,113,103,1,-1,-1,-1
287,10,503,880,46,45,1,-1,-1,-1
288,0,2423,1001,135,102,1,-1,-1,-1
288,1,1160,950,144,99,1,-1,-1,-1
288,2,549,848,205,93,1,-1,-1,-1
288,3,2554,592,141,115,1,-1,-1,-1
288,4,2241,1268,110,98,1,-1,-1,-1
288,5,1491,769,172,92,1,-1,-1,-1
288,6,2410,879,149,102,1,-1,-1,-1
288,7,2739,1181,134,101,1,-1,-1,-1
288,8,2748,1408,147,93,1,-1,-1,-1
288,9,2269,1646,113,103,1,-1,-1,-1
288,10,490,886,47,45,1,-1,-1,-1
289,0,2420,1002,134,103,1,-1,-1,-1
289,1,1156,949,144,99,1,-1,-1,-1
289,2,549,849,203,93,1,-1,-1,-1
289,3,2553,589,140,115,1,-1,-1,-1
289,4,2240,1268,110,99,1,-1,-1,-1
289,5,1475,771,171,92,1,-1,-1,-1
289,6,2408,880,150,102,1,-1,-1,-1
289,7,2736,1182,134,101,1,-1,-1,-1
289,8,2747,1407,146,93,1,-1,-1,-1
289,9,2268,1646,113,103,1,-1,-1,-1
289,10,477,892,47,45,1,-1,-1,-1
290,0,2417,1002,133,103,1,-1,-1,-1
290,1,1151,949,143,99,1,-1,-1,-1
290,2,548,850,200,93,1,-1,-1,-1
290,3,2552,586,139,114,1,-1,-1,-1
290,4,2238,1269,110,99,1,-1,-1,-1
290,5,1459,772,170,92,1,-1,-1,-1
290,6,2405,880,150,101,1,-1,-1,-1
290,7,2734,1183,133,101,1,-1,-1,-1
290,8,2747,1407,146,94,1,-1,-1,-1
290,9,2268,1646,113,103,1,-1,-1,-1
290,10,464,898,47,45,1,-1,-1,-1
291,0,2415,1003,133,103,1,-1,-1,-1
291,1,1147,948,143,99,1,-1,-1,-1
291,2,548,851,198,93,1,-1,-1,-1
291,3,2551,583,139,114,1,-1,-1,-1
291,4,2237,1269,109,99,1,-1,-1,-1
291,5,1443,774,169,92,1,-1,-1,-1
291,6,2403,880,150,101,1,-1,-1,-1
291,7,2731,1184,132,101,1,-1,-1,-1
291,8,2746,1407,146,95,1,-1,-1,-1
291,9,2267,1645,113,103,1,-1,-1,-1
291,10,451,904,47,45,1,-1,-1,-1
292,0,2412,1003,132,103,1,-1,-1,-1
292,1,1143,948,143,98,1,-1,-1,-1
292,2,547,851,196,93,1,-1,-1,-1
292,3,2549,580,138,113,1,-1,-1,-1
292,4,2235,1269,109,99,1,-1,-1,-1
292,5,1428,776,169,91,1,-1,-1,-1
292,6,2400,880,151,101,1,-1,-1,-1
292,7,2729,1185,132,101,1,-1,-1,-1
292,8,2746,1407,146,96,1,-1,-1,-1
292,9,2266,1645,113,103,1,-1,-1,-1
292,10,439,910,47,45,1,-1,-1,-1
293,0,2409,1003,131,103,1,-1,-1,-1
293,1,1138,947,142,99,1,-1,-1,-1
293,2,547,852,194,93,1,-1,-1,-1
293,3,2548,577,137,113,1,-1,-1,-1
293,4,2234,1270,109,99,1,-1,-1,-1
293,5,1412,778,168,91,1,-1,-1,-1
293,6,2398,880,151,101,1,-1,-1,-1
293,7,2726,1186,131,101,1,-1,-1,-1
293,8,2745,1407,146,97,1,-1,-1,-1
293,9,2265,1645,113,103,1,-1,-1,-1
293,10,428,916,47,45,1,-1,-1,-1
294,0,2406,1004,130,103,1,-1,-1,-1
294,1,1134,947,142,99,1,-1,-1,-1
294,2,546,853,191,93,1,-1,-1,-1
294,3,2547,575,136,113,1,-1,-1,-1
294,4,2232,1270,109,100,1,-1,-1,-1
294,5,1396,779,167,91,1,-1,-1,-1
294,6,2395,881,152,101,1,-1,-1,-1
294,7,2723,1187,131,101,1,-1,-1,-1
294,8,2745,1407,146,98,1,-1,-1,-1
294,9,2264,1645,113,103,1,-1,-1,-1
294,10,426,920,47,45,1,-1,-1,-1
295,0,2404,1004,129,104,1,-1,-1,-1
295,1,1130,946,141,99,1,-1,-1,-1
295,2,545,854,189,93,1,-1,-1,-1
295,3,2546,572,136,112,1,-1,-1,-1
295,4,2231,1270,109,100,1,-1,-1,-1
295,5,1380,781,166,91,1,-1,-1,-1
295,6,2393,881,152,100,1,-1,-1,-1
295,7,2721,1188,130,101,1,-1,-1,-1
295,8,2745,1407,146,98,1,-1,-1,-1
295,9,2263,1644,113,103,1,-1,-1,-1
295,10,430,924,47,45,1,-1,-1,-1
296,0,2401,1005,128,104,1,-1,-1,-1
296,1,1125,946,141,99,1,-1,-1,-1
296,2,545,855,187,93,1,-1,-1,-1
296,3,2545,569,135,112,1,-1,-1,-1
296,4,2229,1270,108,100,1,-1,-1,-1
296,5,1364,783,165,91,1,-1,-1,-1
296,6,2390,881,152,100,1,-1,-1,-1
296,7,2718,1188,129,101,1,-1,-1,-1
296,8,2744,1407,146,99,1,-1,-1,-1
296,9,2262,1644,113,103,1,-1,-1,-1
296,10,435,928,47,45,1,-1,-1,-1
297,0,2398,1005,127,104,1,-1,-1,-1
297,1,1121,945,140,98,1,-1,-1,-1
297,2,544,855,184,93,1,-1,-1,-1
297,3,2544,566,134,111,1,-1,-1,-1
297,4,2228,1271,108,100,1,-1,-1,-1
297,5,1348,785,165,91,1,-1,-1,-1
297,6,2388,881,153,100,1,-1,-1,-1
297,7,2715,1189,129,101,1,-1,-1,-1
297,8,2744,1407,146,100,1,-1,-1,-1
297,9,2261,1644,113,103,1,-1,-1,-1
297,10,440,932,47,45,1,-1,-1,-1
298,0,2395,1006,126,104,1,-1,-1,-1
298,1,1117,945,140,98,1,-1,-1,-1
298,2,544,856,182,93,1,-1,-1,-1
298,3,2543,563,133,111,1,-1,-1,-1
298,4,2227,1271,108,100,1,-1,-1,-1
298,5,1332,786,164,91,1,-1,-1,-1
298,6,2385,881,153,100,1,-1,-1,-1
298,7,2713,1190,128,101,1,-1,-1,-1
298,8,2743,1406,145,101,1,-1,-1,-1
298,9,2260,1644,113,103,1,-1,-1,-1
298,10,445,936,47,45,1,-1,-1,-1
299,0,2393,1006,126,104,1,-1,-1,-1
299,1,1112,944,139,99,1,-1,-1,-1
299,2,543,857,180,93,1,-1,-1,-1
299,3,2542,561,133,111,1,-1,-1,-1
299,4,2225,1271,108,101,1,-1,-1,-1
299,5,1316,788,163,91,1,-1,-1,-1
299,6,2383,882,154,100,1,-1,-1,-1
299,7,2710,1191,127,101,1,-1,-1,-1
299,8,2743,1406,145,102,1,-1,-1,-1
299,9,2259,1644,113,103,1,-1,-1,-1
299,10,450,940,47,45,1,-1,-1,-1
300,0,2390,1006,125,104,1,-1,-1,-1
300,1,1108,944,139,99,1,-1,-1,-1
300,2,543,858,178,93,1,-1,-1,-1
300,3,2535,558,145,121,1,-1,-1,-1
300,4,2224,1271,107,101,1,-1,-1,-1
300,5,1300,790,162,91,1,-1,-1,-1
300,6,2382,882,152,99,1,-1,-1,-1
300,7,2708,1192,127,101,1,-1,-1,-1
300,8,2743,1406,145,103,1,-1,-1,-1
300,9,2258,1643,113,103,1,-1,-1,-1
300,10,458,945,47,45,1,-1,-1,-1
301,0,2387,1007,124,105,1,-1,-1,-1
301,1,1104,944,139,99,1,-1,-1,-1
301,2,542,859,175,93,1,-1,-1,-1
301,3,2528,555,158,132,1,-1,-1,-1
301,4,2222,1272,107,101,1,-1,-1,-1
301,5,1285,792,162,91,1,-1,-1,-1
301,6,2381,882,151,99,1,-1,-1,-1
301,7,2705,1193,126,101,1,-1,-1,-1
301,8,2742,1406,145,104,1,-1,-1,-1
301,9,2257,1643,113,103,1,-1,-1,-1
301,10,466,950,46,45,1,-1,-1,-1
302,0,2384,1007,123,105,1,-1,-1,-1
302,1,1100,944,139,99,1,-1,-1,-1
302,2,542,859,173,93,1,-1,-1,-1
302,3,2526,553,158,132,1,-1,-1,-1
302,4,2221,1272,107,101,1,-1,-1,-1
302,5,1270,794,161,91,1,-1,-1,-1
302,6,2380,882,150,99,1,-1,-1,-1
302,7,2702,1194,125,101,1,-1,-1,-1
302,8,2742,1406,145,104,1,-1,-1,-1
302,9,2256,1643,113,103,1,-1,-1,-1
302,10,475,955,47,45,1,-1,-1,-1
303,0,2382,1008,122,105,1,-1,-1,-1
303,1,1096,944,140,99,1,-1,-1,-1
303,2,541,860,171,93,1,-1,-1,-1
303,3,2524,552,158,132,1,-1,-1,-1
303,4,2219,1272,107,101,1,-1,-1,-1
303,5,1256,797,160,91,1,-1,-1,-1
303,6,2379,882,149,99,1,-1,-1,-1
303,7,2700,1195,125,101,1,-1,-1,-1
303,8,2741,1406,145,105,1,-1,-1,-1
303,9,2255,1643,113,103,1,-1,-1,-1
303,10,483,958,47,45,1,-1,-1,-1
304,0,2379,1008,121,105,1,-1,-1,-1
304,1,1093,944,141,99,1,-1,-1,-1
304,2,540,861,168,93,1,-1,-1,-1
304,3,2523,550,158,132,1,-1,-1,-1
304,4,2218,1272,106,102,1,-1,-1,-1
304,5,1241,800,159,91,1,-1,-1,-1
304,6,2378,882,147,99,1,-1,-1,-1
304,7,2697,1196,124,101,1,-1,-1,-1
304,8,2741,1406,145,106,1,-1,-1,-1
304,9,2254,1642,113,103,1,-1,-1,-1
304,10,492,961,47,45,1,-1,-1,-1
305,0,2376,1009,120,105,1,-1,-1,-1
305,1,1089,944,142,99,1,-1,-1,-1
305,2,540,862,166,93,1,-1,-1,-1
305,3,2521,549,158,133,1,-1,-1,-1
305,4,2216,1273,106,102,1,-1,-1,-1
305,5,1227,803,158,92,1,-1,-1,-1
305,6,2377,883,146,99,1,-1,-1,-1
305,7,2694,1197,123,101,1,-1,-1,-1
305,8,2741,1406,145,107,1,-1,-1,-1
305,9,2253,1642,113,103,1,-1,-1,-1
305,10,493,962,47,45,1,-1,-1,-1
306,0,2373,1009,119,105,1,-1,-1,-1
306,1,1086,944,142,99,1,-1,-1,-1
306,2,539,863,164,93,1,-1,-1,-1
306,3,2520,547,158,133,1,-1,-1,-1
306,4,2215,1273,106,102,1,-1,-1,-1
306,5,1212,806,157,92,1,-1,-1,-1
306,6,2376,883,145,98,1,-1,-1,-1
306,7,2692,1198,123,101,1,-1,-1,-1
306,8,2740,1406,145,108,1,-1,-1,-1
306,9,2252,1642,113,103,1,-1,-1,-1
306,10,495,963,46,45,1,-1,-1,-1
307,0,2371,1010,119,106,1,-1,-1,-1
307,1,1082,944,143,99,1,-1,-1,-1
307,2,539,863,162,93,1,-1,-1,-1
307,3,2518,546,158,133,1,-1,-1,-1
307,4,2214,1273,106,102,1,-1,-1,-1
307,5,1198,809,156,92,1,-1,-1,-1
307,6,2375,883,144,98,1,-1,-1,-1
307,7,2689,1199,122,101,1,-1,-1,-1
307,8,2740,1405,144,109,1,-1,-1,-1
307,9,2251,1642,113,103,1,-1,-1,-1
307,10,497,965,47,45,1,-1,-1,-1
308,0,2367,1011,119,105,1,-1,-1,-1
308,1,1078,944,144,99,1,-1,-1,-1
308,2,538,864,159,93,1,-1,-1,-1
308,3,2517,544,158,133,1,-1,-1,-1
308,4,2212,1274,106,102,1,-1,-1,-1
308,5,1183,811,155,93,1,-1,-1,-1
308,6,2374,883,143,98,1,-1,-1,-1
308,7,2687,1200,122,102,1,-1,-1,-1
308,8,2739,1405,144,110,1,-1,-1,-1
308,9,2250,1642,113,103,1,-1,-1,-1
308,10,499,966,47,45,1,-1,-1,-1
309,0,2364,1013,119,105,1,-1,-1,-1
309,1,1075,944,145,99,1,-1,-1,-1
309,2,538,865,157,93,1,-1,-1,-1
309,3,2515,543,158,134,1,-1,-1,-1
309,4,2211,1274,105,103,1,-1,-1,-1
309,5,1169,814,154,93,1,-1,-1,-1
309,6,2373,883,141,98,1,-1,-1,-1
309,7,2679,1199,124,103,1,-1,-1,-1
309,8,2739,1405,144,110,1,-1,-1,-1
309,9,2249,1641,113,103,1,-1,-1,-1
309,10,501,967,46,45,1,-1,-1,-1
310,0,2361,1014,119,105,1,-1,-1,-1
310,1,1071,944,145,99,1,-1,-1,-1
310,2,537,866,155,93,1,-1,-1,-1
310,3,2514,541,159,134,1,-1,-1,-1
310,4,2209,1274,105,103,1,-1,-1,-1
310,5,1154,817,153,93,1,-1,-1,-1
310,6,2372,883,140,98,1,-1,-1,-1
310,7,2672,1198,126,104,1,-1,-1,-1
310,8,2739,1405,144,111,1,-1,-1,-1
310,9,2248,1641,113,103,1,-1,-1,-1
310,10,503,969,47,45,1,-1,-1,-1
311,0,2358,1016,119,105,1,-1,-1,-1
311,1,1068,944,146,99,1,-1,-1,-1
311,2,537,867,153,93,1,-1,-1,-1
311,3,2512,540,159,134,1,-1,-1,-1
311,4,2208,1274,105,103,1,-1,-1,-1
311,5,1140,820,152,93,1,-1,-1,-1
311,6,2371,884,139,98,1,-1,-1,-1
311,7,2665,1197,128,106,1,-1,-1,-1
311,8,2738,1405,144,112,1,-1,-1,-1
311,9,2247,1641,113,103,1,-1,-1,-1
311,10,507,970,47,45,1,-1,-1,-1
312,0,2355,1017,119,104,1,-1,-1,-1
312,1,1064,944,147,99,1,-1,-1,-1
312,2,539,867,153,97,1,-1,-1,-1
312,3,2510,538,159,135,1,-1,-1,-1
312,4,2206,1275,105,103,1,-1,-1,-1
312,5,1125,823,151,94,1,-1,-1,-1
312,6,2370,884,138,97,1,-1,-1,-1
312,7,2657,1196,131,107,1,-1,-1,-1
312,8,2738,1405,144,113,1,-1,-1,-1
312,9,2246,1641,113,103,1,-1,-1,-1
312,10,512,971,47,45,1,-1,-1,-1
313,0,2352,1019,119,104,1,-1,-1,-1
313,1,1061,944,148,99,1,-1,-1,-1
313,2,541,868,154,102,1,-1,-1,-1
313,3,2509,537,159,135,1,-1,-1,-1
313,4,2205,1275,104,103,1,-1,-1,-1
313,5,1111,826,150,94,1,-1,-1,-1
313,6,2369,884,136,97,1,-1,-1,-1
313,7,2650,1195,133,109,1,-1,-1,-1
313,8,2737,1405,144,114,1,-1,-1,-1
313,9,2245,1640,113,103,1,-1,-1,-1
313,10,517,972,47,45,1,-1,-1,-1
314,0,2349,1020,119,104,1,-1,-1,-1
314,1,1057,944,148,99,1,-1,-1,-1
314,2,544,869,155,107,1,-1,-1,-1
314,3,2507,535,159,135,1,-1,-1,-1
314,4,2203,1275,104,104,1,-1,-1,-1
314,5,1097,828,149,94,1,-1,-1,-1
314,6,2368,884,135,97,1,-1,-1,-1
314,7,2643,1194,135,110,1,-1,-1,-1
314,8,2737,1405,144,115,1,-1,-1,-1
314,9,2244,1640,113,103,1,-1,-1,-1
314,10,522,974,47,45,1,-1,-1,-1
315,0,2346,1022,119,104,1,-1,-1,-1
315,1,1053,944,149,99,1,-1,-1,-1
315,2,546,870,156,112,1,-1,-1,-1
315,3,2506,534,159,135,1,-1,-1,-1
315,4,2202,1275,104,104,1,-1,-1,-1
315,5,1082,831,148,95,1,-1,-1,-1
315,6,2367,884,134,97,1,-1,-1,-1
315,7,2636,1194,138,112,1,-1,-1,-1
315,8,2737,1405,144,116,1,-1,-1,-1
315,9,2243,1640,113,103,1,-1,-1,-1
315,10,529,975,47,45,1,-1,-1,-1
316,0,2343,1023,119,103,1,-1,-1,-1
316,1,1050,944,150,99,1,-1,-1,-1
316,2,548,871,157,117,1,-1,-1,-1
316,3,2504,532,159,136,1,-1,-1,-1
316,4,2201,1276,104,104,1,-1,-1,-1
316,5,1068,834,147,95,1,-1,-1,-1
316,6,2366,884,133,97,1,-1,-1,-1
316,7,2632,1195,137,111,1,-1,-1,-1
316,8,2735,1406,143,115,1,-1,-1,-1
316,9,2242,1640,113,103,1,-1,-1,-1
316,10,537,977,47,45,1,-1,-1,-1
317,0,2340,1025,119,103,1,-1,-1,-1
317,1,1046,944,151,99,1,-1,-1,-1
317,2,551,872,158,122,1,-1,-1,-1
317,3,2503,531,159,136,1,-1,-1,-1
317,4,2199,1276,103,104,1,-1,-1,-1
317,5,1053,837,146,95,1,-1,-1,-1
317,6,2366,885,132,97,1,-1,-1,-1
317,7,2628,1196,136,110,1,-1,-1,-1
317,8,2734,1407,143,115,1,-1,-1,-1
317,9,2242,1640,113,103,1,-1,-1,-1
317,10,545,979,47,45,1,-1,-1,-1
318,0,2337,1026,119,103,1,-1,-1,-1
318,1,1043,944,151,99,1,-1,-1,-1
318,2,553,873,159,127,1,-1,-1,-1
318,3,2501,529,159,136,1,-1,-1,-1
318,4,2198,1276,103,104,1,-1,-1,-1
318,5,1039,840,145,95,1,-1,-1,-1
318,6,2367,886,130,96,1,-1,-1,-1
318,7,2625,1197,135,110,1,-1,-1,-1
318,8,2733,1408,142,114,1,-1,-1,-1
318,9,2240,1639,113,102,1,-1,-1,-1
318,10,552,980,47,45,1,-1,-1,-1
319,0,2334,1028,119,103,1,-1,-1,-1
319,1,1039,944,152,99,1,-1,-1,-1
319,2,555,873,160,132,1,-1,-1,-1
319,3,2500,528,160,137,1,-1,-1,-1
319,4,2196,1276,103,105,1,-1,-1,-1
319,5,1024,843,144,96,1,-1,-1,-1
319,6,2368,887,129,96,1,-1,-1,-1
319,7,2621,1198,135,109,1,-1,-1,-1
319,8,2731,1409,142,114,1,-1,-1,-1
319,9,2239,1639,113,102,1,-1,-1,-1
319,10,560,982,47,44,1,-1,-1,-1
320,0,2332,1029,119,102,1,-1,-1,-1
320,1,1035,944,153,99,1,-1,-1,-1
320,2,558,874,161,137,1,-1,-1,-1
320,3,2500,528,159,136,1,-1,-1,-1
320,4,2195,1277,103,105,1,-1,-1,-1
320,5,1010,845,143,96,1,-1,-1,-1
320,6,2370,889,128,96,1,-1,-1,-1
320,7,2618,1199,134,109,1,-1,-1,-1
320,8,2730,1410,142,113,1,-1,-1,-1
320,9,2238,1639,113,102,1,-1,-1,-1
320,10,568,984,47,45,1,-1,-1,-1
321,0,2330,1031,119,102,1,-1,-1,-1
321,1,1032,944,154,99,1,-1,-1,-1
321,2,560,875,162,142,1,-1,-1,-1
321,3,2501,528,158,136,1,-1,-1,-1
321,4,2193,1277,103,105,1,-1,-1,-1
321,5,995,848,142,96,1,-1,-1,-1
321,6,2371,890,127,96,1,-1,-1,-1
321,7,2614,1200,133,108,1,-1,-1,-1
321,8,2729,1411,141,113,1,-1,-1,-1
321,9,2237,1639,113,102,1,-1,-1,-1
321,10,578,985,47,45,1,-1,-1,-1
322,0,2328,1033,119,102,1,-1,-1,-1
322,1,1028,944,154,99,1,-1,-1,-1
322,2,562,876,163,147,1,-1,-1,-1
322,3,2502,528,157,136,1,-1,-1,-1
322,4,2192,1277,102,105,1,-1,-1,-1
322,5,981,851,141,97,1,-1,-1,-1
322,6,2373,892,126,96,1,-1,-1,-1
322,7,2611,1201,132,107,1,-1,-1,-1
322,8,2728,1412,141,112,1,-1,-1,-1
322,9,2236,1638,113,102,1,-1,-1,-1
322,10,588,987,47,45,1,-1,-1,-1
323,0,2326,1034,119,101,1,-1,-1,-1
323,1,1025,944,155,99,1,-1,-1,-1
323,2,565,877,164,152,1,-1,-1,-1
323,3,2503,528,157,136,1,-1,-1,-1
323,4,2190,1278,102,105,1,-1,-1,-1
323,5,966,854,140,97,1,-1,-1,-1
323,6,2374,893,124,95,1,-1,-1,-1
323,7,2607,1202,132,107,1,-1,-1,-1
323,8,2726,1413,141,112,1,-1,-1,-1
323,9,2235,1638,113,102,1,-1,-1,-1
323,10,598,988,47,45,1,-1,-1,-1
324,0,2325,1036,119,101,1,-1,-1,-1
324,1,1021,944,156,99,1,-1,-1,-1
324,2,567,878,165,157,1,-1,-1,-1
324,3,2504,528,156,135,1,-1,-1,-1
324,4,2189,1278,102,106,1,-1,-1,-1
324,5,952,857,139,97,1,-1,-1,-1
324,6,2376,894,123,95,1,-1,-1,-1
324,7,2603,1203,131,106,1,-1,-1,-1
324,8,2725,1414,140,111,1,-1,-1,-1
324,9,2234,1638,114,102,1,-1,-1,-1
324,10,609,990,47,45,1,-1,-1,-1
325,0,2323,1038,119,101,1,-1,-1,-1
325,1,1018,944,157,99,1,-1,-1,-1
325,2,570,879,166,162,1,-1,-1,-1
325,3,2505,528,155,135,1,-1,-1,-1
325,4,2188,1278,102,106,1,-1,-1,-1
325,5,938,860,138,98,1,-1,-1,-1
325,6,2377,896,122,95,1,-1,-1,-1
325,7,2600,1204,130,106,1,-1,-1,-1
325,8,2724,1415,140,111,1,-1,-1,-1
325,9,2233,1638,114,102,1,-1,-1,-1
325,10,616,992,47,45,1,-1,-1,-1
326,0,2321,1040,119,101,1,-1,-1,-1
326,1,1015,944,156,98,1,-1,-1,-1
326,2,570,885,165,159,1,-1,-1,-1
326,3,2505,528,155,135,1,-1,-1,-1
326,4,2186,1278,101,106,1,-1,-1,-1
326,5,927,863,138,98,1,-1,-1,-1
326,6,2379,897,121,95,1,-1,-1,-1
326,7,2596,1205,130,105,1,-1,-1,-1
326,8,2722,1416,140,110,1,-1,-1,-1
326,9,2232,1638,114,102,1,-1,-1,-1
326,10,624,994,47,45,1,-1,-1,-1
327,0,2319,1041,119,100,1,-1,-1,-1
327,1,1012,944,155,98,1,-1,-1,-1
327,2,570,891,165,157,1,-1,-1,-1
327,3,2506,528,154,135,1,-1,-1,-1
327,4,2185,1279,101,106,1,-1,-1,-1
327,5,917,866,138,98,1,-1,-1,-1
327,6,2380,899,120,95,1,-1,-1,-1
327,7,2593,1206,129,104,1,-1,-1,-1
327,8,2721,1417,139,110,1,-1,-1,-1
327,9,2230,1637,114,102,1,-1,-1,-1
327,10,632,996,47,45,1,-1,-1,-1
328,0,2318,1043,119,100,1,-1,-1,-1
328,1,1010,944,154,98,1,-1,-1,-1
328,2,570,897,164,155,1,-1,-1,-1
328,3,2507,528,153,135,1,-1,-1,-1
328,4,2183,1279,101,106,1,-1,-1,-1
328,5,907,869,139,98,1,-1,-1,-1
328,6,2382,900,118,94,1,-1,-1,-1
328,7,2589,1208,128,104,1,-1,-1,-1
328,8,2720,1418,139,109,1,-1,-1,-1
328,9,2229,1637,114,102,1,-1,-1,-1
328,10,640,999,47,45,1,-1,-1,-1
329,0,2316,1045,119,100,1,-1,-1,-1
329,1,1007,944,154,98,1,-1,-1,-1
329,2,570,904,164,153,1,-1,-1,-1
329,3,2508,528,153,134,1,-1,-1,-1
329,4,2182,1279,101,107,1,-1,-1,-1
329,5,897,873,139,98,1,-1,-1,-1
329,6,2383,901,117,94,1,-1,-1,-1
329,7,2586,1209,127,103,1,-1,-1,-1
329,8,2719,1419,138,109,1,-1,-1,-1
329,9,2228,1637,114,102,1,-1,-1,-1
329,10,639,1002,47,45,1,-1,-1,-1
330,0,2314,1046,119,99,1,-1,-1,-1
330,1,1005,944,153,98,1,-1,-1,-1
330,2,570,910,164,150,1,-1,-1,-1
330,3,2509,528,152,134,1,-1,-1,-1
330,4,2180,1279,100,107,1,-1,-1,-1
330,5,887,876,140,98,1,-1,-1,-1
330,6,2385,903,116,94,1,-1,-1,-1
330,7,2582,1210,127,103,1,-1,-1,-1
330,8,2717,1420,138,108,1,-1,-1,-1
330,9,2227,1637,114,102,1,-1,-1,-1
330,10,638,1006,47,44,1,-1,-1,-1
331,0,2312,1048,119,99,1,-1,-1,-1
331,1,1002,944,152,97,1,-1,-1,-1
331,2,570,916,163,148,1,-1,-1,-1
331,3,2510,528,151,134,1,-1,-1,-1
331,4,2179,1280,100,107,1,-1,-1,-1
331,5,877,879,140,98,1,-1,-1,-1
331,6,2386,904,115,94,1,-1,-1,-1
331,7,2579,1211,126,102,1,-1,-1,-1
331,8,2716,1421,138,108,1,-1,-1,-1
331,9,2226,1637,115,102,1,-1,-1,-1
331,10,637,1010,47,45,1,-1,-1,-1
332,0,2311,1050,119,99,1,-1,-1,-1
332,1,1000,945,151,97,1,-1,-1,-1
332,2,570,922,163,146,1,-1,-1,-1
332,3,2511,528,150,134,1,-1,-1,-1
332,4,2177,1280,100,107,1,-1,-1,-1
332,5,867,883,141,98,1,-1,-1,-1
332,6,2388,906,114,94,1,-1,-1,-1
332,7,2575,1212,125,101,1,-1,-1,-1
332,8,2715,1422,137,107,1,-1,-1,-1
332,9,2225,1636,115,102,1,-1,-1,-1
332,10,629,1016,47,45,1,-1,-1,-1
333,0,2309,1052,119,99,1,-1,-1,-1
333,1,997,945,151,97,1,-1,-1,-1
333,2,570,929,163,144,1,-1,-1,-1
333,3,2511,528,150,134,1,-1,-1,-1
333,4,2176,1280,100,107,1,-1,-1,-1
333,5,857,886,141,98,1,-1,-1,-1
333,6,2387,907,115,95,1,-1,-1,-1
333,7,2571,1213,125,101,1,-1,-1,-1
333,8,2713,1423,137,107,1,-1,-1,-1
333,9,2224,1636,115,102,1,-1,-1,-1
333,10,621,1022,47,45,1,-1,-1,-1
334,0,2307,1053,119,98,1,-1,-1,-1
334,1,995,945,150,97,1,-1,-1,-1
334,2,564,933,168,140,1,-1,-1,-1
334,3,2512,528,149,133,1,-1,-1,-1
334,4,2175,1281,100,108,1,-1,-1,-1
334,5,846,889,142,99,1,-1,-1,-1
334,6,2387,909,117,96,1,-1,-1,-1
334,7,2568,1214,124,100,1,-1,-1,-1
334,8,2712,1424,137,106,1,-1,-1,-1
334,9,2223,1636,115,102,1,-1,-1,-1
334,10,608,1024,47,45,1,-1,-1,-1
335,0,2305,1055,119,98,1,-1,-1,-1
335,1,992,945,149,96,1,-1,-1,-1
335,2,558,937,173,136,1,-1,-1,-1
335,3,2513,528,148,133,1,-1,-1,-1
335,4,2175,1280,100,107,1,-1,-1,-1
335,5,836,892,142,99,1,-1,-1,-1
335,6,2387,910,119,98,1,-1,-1,-1
335,7,2564,1215,123,100,1,-1,-1,-1
335,8,2711,1425,136,106,1,-1,-1,-1
335,9,2222,1636,115,102,1,-1,-1,-1
335,10,595,1026,47,45,1,-1,-1,-1
336,0,2304,1057,119,98,1,-1,-1,-1
336,1,990,945,149,96,1,-1,-1,-1
336,2,552,942,178,132,1,-1,-1,-1
336,3,2514,528,148,133,1,-1,-1,-1
336,4,2175,1280,100,107,1,-1,-1,-1
336,5,826,896,143,99,1,-1,-1,-1
336,6,2387,912,121,99,1,-1,-1,-1
336,7,2561,1216,122,99,1,-1,-1,-1
336,8,2710,1426,136,105,1,-1,-1,-1
336,9,2220,1635,115,102,1,-1,-1,-1
336,10,582,1028,47,45,1,-1,-1,-1
337,0,2302,1058,119,97,1,-1,-1,-1
337,1,987,945,148,96,1,-1,-1,-1
337,2,546,946,183,129,1,-1,-1,-1
337,3,2515,528,147,133,1,-1,-1,-1
337,4,2175,1280,100,107,1,-1,-1,-1
337,5,816,899,143,99,1,-1,-1,-1
337,6,2386,913,123,101,1,-1,-1,-1
337,7,2557,1217,122,98,1,-1,-1,-1
337,8,2708,1427,136,105,1,-1,-1,-1
337,9,2219,1635,115,102,1,-1,-1,-1
337,10,566,1028,47,45,1,-1,-1,-1
338,0,2300,1060,119,97,1,-1,-1,-1
338,1,985,946,147,96,1,-1,-1,-1
338,2,541,951,189,125,1,-1,-1,-1
338,3,2516,528,146,132,1,-1,-1,-1
338,4,2175,1280,100,107,1,-1,-1,-1
338,5,806,902,144,99,1,-1,-1,-1
338,6,2386,915,125,102,1,-1,-1,-1
338,7,2554,1218,121,98,1,-1,-1,-1
338,8,2707,1428,135,104,1,-1,-1,-1
338,9,2218,1635,116,102,1,-1,-1,-1
338,10,550,1028,47,45,1,-1,-1,-1
339,0,2298,1062,119,97,1,-1,-1,-1
339,1,982,946,146,96,1,-1,-1,-1
339,2,535,955,194,122,1,-1,-1,-1
339,3,2516,528,146,132,1,-1,-1,-1
339,4,2175,1280,100,107,1,-1,-1,-1
339,5,796,906,144,99,1,-1,-1,-1
339,6,2386,916,127,104,1,-1,-1,-1
339,7,2550,1219,120,97,1,-1,-1,-1
339,8,2706,1429,135,104,1,-1,-1,-1
339,9,2217,1635,116,102,1,-1,-1,-1
339,10,534,1026,47,45,1,-1,-1,-1
340,0,2297,1064,119,97,1,-1,-1,-1
340,1,980,946,146,96,1,-1,-1,-1
340,2,529,960,199,118,1,-1,-1,-1
340,3,2517,528,145,132,1,-1,-1,-1
340,4,2175,1280,100,107,1,-1,-1,-1
340,5,786,909,145,99,1,-1,-1,-1
340,6,2386,918,129,105,1,-1,-1,-1
340,7,2547,1221,120,97,1,-1,-1,-1
340,8,2705,1431,135,104,1,-1,-1,-1
340,9,2216,1635,116,102,1,-1,-1,-1
340,10,519,1024,47,45,1,-1,-1,-1
341,0,2295,1065,119,96,1,-1,-1,-1
341,1,977,946,145,95,1,-1,-1,-1
341,2,523,964,204,114,1,-1,-1,-1
341,3,2518,528,144,132,1,-1,-1,-1
341,4,2175,1280,100,107,1,-1,-1,-1
341,5,776,912,145,99,1,-1,-1,-1
341,6,2386,919,131,106,1,-1,-1,-1
341,7,2541,1218,123,101,1,-1,-1,-1
341,8,2704,1432,135,104,1,-1,-1,-1
341,9,2215,1634,116,102,1,-1,-1,-1
341,10,504,1022,47,45,1,-1,-1,-1
342,0,2293,1067,119,96,1,-1,-1,-1
342,1,975,946,144,95,1,-1,-1,-1
342,2,518,969,210,111,1,-1,-1,-1
342,3,2519,528,143,132,1,-1,-1,-1
342,4,2175,1280,100,107,1,-1,-1,-1
342,5,766,916,146,100,1,-1,-1,-1
342,6,2385,921,133,108,1,-1,-1,-1
342,7,2536,1215,127,106,1,-1,-1,-1
342,8,2704,1433,135,105,1,-1,-1,-1
342,9,2214,1634,116,102,1,-1,-1,-1
342,10,493,1015,47,45,1,-1,-1,-1
343,0,2291,1069,119,96,1,-1,-1,-1
343,1,972,946,144,95,1,-1,-1,-1
343,2,518,972,210,109,1,-1,-1,-1
343,3,2520,528,143,131,1,-1,-1,-1
343,4,2175,1280,100,107,1,-1,-1,-1
343,5,758,917,148,99,1,-1,-1,-1
343,6,2385,922,135,109,1,-1,-1,-1
343,7,2531,1212,131,111,1,-1,-1,-1
343,8,2703,1434,135,106,1,-1,-1,-1
343,9,2213,1634,116,102,1,-1,-1,-1
343,10,482,1009,46,44,1,-1,-1,-1
344,0,2290,1071,120,96,1,-1,-1,-1
344,1,970,947,143,95,1,-1,-1,-1
344,2,519,976,210,108,1,-1,-1,-1
344,3,2521,528,142,131,1,-1,-1,-1
344,4,2175,1280,100,106,1,-1,-1,-1
344,5,750,918,151,99,1,-1,-1,-1
344,6,2385,924,137,111,1,-1,-1,-1
344,7,2525,1209,134,115,1,-1,-1,-1
344,8,2703,1436,135,107,1,-1,-1,-1
344,9,2212,1634,116,102,1,-1,-1,-1
344,10,472,1003,47,45,1,-1,-1,-1
345,0,2290,1073,120,96,1,-1,-1,-1
345,1,967,947,142,95,1,-1,-1,-1
345,2,520,980,210,107,1,-1,-1,-1
345,3,2522,528,141,131,1,-1,-1,-1
345,4,2175,1280,100,106,1,-1,-1,-1
345,5,742,919,154,99,1,-1,-1,-1
345,6,2385,925,139,112,1,-1,-1,-1
345,7,2520,1206,138,120,1,-1,-1,-1
345,8,2703,1437,135,108,1,-1,-1,-1
345,9,2211,1634,117,102,1,-1,-1,-1
345,10,463,998,47,45,1,-1,-1,-1
346,0,2291,1075,120,97,1,-1,-1,-1
346,1,965,947,141,94,1,-1,-1,-1
346,2,520,984,210,106,1,-1,-1,-1
346,3,2522,528,141,131,1,-1,-1,-1
346,4,2175,1280,100,106,1,-1,-1,-1
346,5,734,921,157,99,1,-1,-1,-1
346,6,2385,927,141,114,1,-1,-1,-1
346,7,2515,1204,142,125,1,-1,-1,-1
346,8,2702,1438,135,109,1,-1,-1,-1
346,9,2211,1634,115,101,1,-1,-1,-1
346,10,454,993,47,45,1,-1,-1,-1
347,0,2292,1077,120,98,1,-1,-1,-1
347,1,962,947,141,94,1,-1,-1,-1
347,2,521,988,211,105,1,-1,-1,-1
347,3,2523,528,140,131,1,-1,-1,-1
347,4,2175,1280,100,106,1,-1,-1,-1
347,5,726,922,160,99,1,-1,-1,-1
347,6,2386,928,140,113,1,-1,-1,-1
347,7,2512,1204,141,123,1,-1,-1,-1
347,8,2702,1439,135,110,1,-1,-1,-1
347,9,2211,1634,114,101,1,-1,-1,-1
347,10,446,988,47,45,1,-1,-1,-1
348,0,2293,1079,120,99,1,-1,-1,-1
348,1,960,947,140,94,1,-1,-1,-1
348,2,522,992,211,104,1,-1,-1,-1
348,3,2524,528,139,130,1,-1,-1,-1
348,4,2176,1279,101,106,1,-1,-1,-1
348,5,718,923,163,99,1,-1,-1,-1
348,6,2388,930,140,113,1,-1,-1,-1
348,7,2509,1205,140,122,1,-1,-1,-1
348,8,2701,1441,135,111,1,-1,-1,-1
348,9,2211,1634,113,101,1,-1,-1,-1
348,10,437,983,47,45,1,-1,-1,-1
349,0,2293,1081,120,99,1,-1,-1,-1
349,1,957,947,139,94,1,-1,-1,-1
349,2,522,996,211,103,1,-1,-1,-1
349,3,2525,528,139,130,1,-1,-1,-1
349,4,2176,1279,101,106,1,-1,-1,-1
349,5,710,925,166,99,1,-1,-1,-1
349,6,2390,932,140,113,1,-1,-1,-1
349,7,2506,1205,139,120,1,-1,-1,-1
349,8,2701,1442,135,112,1,-1,-1,-1
349,9,2211,1634,112,101,1,-1,-1,-1
349,10,429,978,47,45,1,-1,-1,-1
350,0,2294,1083,120,100,1,-1,-1,-1
350,1,955,948,139,94,1,-1,-1,-1
350,2,523,1000,211,102,1,-1,-1,-1
350,3,2526,528,138,130,1,-1,-1,-1
350,4,2176,1279,101,106,1,-1,-1,-1
350,5,702,926,164,98,1,-1,-1,-1
350,6,2392,934,140,113,1,-1,-1,-1
350,7,2503,1206,139,119,1,-1,-1,-1
350,8,2701,1443,135,113,1,-1,-1,-1
350,9,2211,1635,111,100,1,-1,-1,-1
350,10,431,974,47,45,1,-1,-1,-1
351,0,2295,1085,120,101,1,-1,-1,-1
351,1,952,948,139,93,1,-1,-1,-1
351,2,524,1004,212,101,1,-1,-1,-1
351,3,2527,528,137,130,1,-1,-1,-1
351,4,2176,1279,101,106,1,-1,-1,-1
351,5,694,927,162,99,1,-1,-1,-1
351,6,2393,936,140,113,1,-1,-1,-1
351,7,2500,1206,138,117,1,-1,-1,-1
351,8,2700,1444,135,114,1,-1,-1,-1
351,9,2211,1635,109,100,1,-1,-1,-1
351,10,434,970,47,45,1,-1,-1,-1
352,0,2296,1087,120,102,1,-1,-1,-1
352,1,949,949,140,93,1,-1,-1,-1
352,2,537,1006,198,103,1,-1,-1,-1
352,3,2528,528,137,130,1,-1,-1,-1
352,4,2176,1279,101,106,1,-1,-1,-1
352,5,686,929,160,99,1,-1,-1,-1
352,6,2395,938,139,113,1,-1,-1,-1
352,7,2497,1207,137,116,1,-1,-1,-1
352,8,2700,1446,135,114,1,-1,-1,-1
352,9,2212,1635,108,100,1,-1,-1,-1
352,10,436,966,47,45,1,-1,-1,-1
353,0,2297,1089,120,102,1,-1,-1,-1
353,1,946,949,141,93,1,-1,-1,-1
353,2,551,1008,184,105,1,-1,-1,-1
353,3,2528,527,136,130,1,-1,-1,-1
353,4,2176,1279,101,106,1,-1,-1,-1
353,5,678,930,158,98,1,-1,-1,-1
353,6,2397,940,139,113,1,-1,-1,-1
353,7,2494,1207,136,115,1,-1,-1,-1
353,8,2699,1447,135,115,1,-1,-1,-1
353,9,2212,1635,107,100,1,-1,-1,-1
353,10,439,962,47,45,1,-1,-1,-1
354,0,2297,1091,120,103,1,-1,-1,-1
354,1,944,950,142,93,1,-1,-1,-1
354,2,565,1010,170,107,1,-1,-1,-1
354,3,2528,527,136,130,1,-1,-1,-1
354,4,2176,1279,101,105,1,-1,-1,-1
354,5,670,931,156,99,1,-1,-1,-1
354,6,2399,942,139,113,1,-1,-1,-1
354,7,2492,1208,136,113,1,-1,-1,-1
354,8,2699,1448,135,116,1,-1,-1,-1
354,9,2212,1636,106,100,1,-1,-1,-1
354,10,444,959,47,45,1,-1,-1,-1
355,0,2298,1094,120,104,1,-1,-1,-1
355,1,941,950,143,93,1,-1,-1,-1
355,2,579,1012,156,110,1,-1,-1,-1
355,3,2528,527,136,130,1,-1,-1,-1
355,4,2176,1279,101,105,1,-1,-1,-1
355,5,662,933,155,99,1,-1,-1,-1
355,6,2401,944,139,112,1,-1,-1,-1
355,7,2489,1208,135,112,1,-1,-1,-1
355,8,2699,1449,135,117,1,-1,-1,-1
355,9,2212,1636,105,99,1,-1,-1,-1
355,10,450,957,47,45,1,-1,-1,-1
356,0,2299,1096,120,105,1,-1,-1,-1
356,1,938,951,144,93,1,-1,-1,-1
356,2,577,1015,159,110,1,-1,-1,-1
356,3,2528,527,136,130,1,-1,-1,-1
356,4,2176,1279,101,105,1,-1,-1,-1
356,5,654,932,159,98,1,-1,-1,-1
356,6,2402,946,139,112,1,-1,-1,-1
356,7,2486,1209,134,110,1,-1,-1,-1
356,8,2698,1451,135,118,1,-1,-1,-1
356,9,2212,1636,103,99,1,-1,-1,-1
356,10,455,955,47,45,1,-1,-1,-1
357,0,2300,1098,120,105,1,-1,-1,-1
357,1,935,951,145,93,1,-1,-1,-1
357,2,575,1019,163,111,1,-1,-1,-1
357,3,2529,526,136,131,1,-1,-1,-1
357,4,2176,1279,101,105,1,-1,-1,-1
357,5,647,932,164,98,1,-1,-1,-1
357,6,2404,948,139,112,1,-1,-1,-1
357,7,2483,1209,134,109,1,-1,-1,-1
357,8,2698,1452,135,119,1,-1,-1,-1
357,9,2212,1636,102,99,1,-1,-1,-1
357,10,461,953,47,45,1,-1,-1,-1
358,0,2300,1100,120,106,1,-1,-1,-1
358,1,933,952,146,93,1,-1,-1,-1
358,2,573,1022,166,111,1,-1,-1,-1
358,3,2529,526,135,131,1,-1,-1,-1
358,4,2176,1279,101,105,1,-1,-1,-1
358,5,640,932,169,98,1,-1,-1,-1
358,6,2406,950,138,112,1,-1,-1,-1
358,7,2480,1210,133,108,1,-1,-1,-1
358,8,2697,1453,135,120,1,-1,-1,-1
358,9,2212,1636,101,99,1,-1,-1,-1
358,10,467,951,47,45,1,-1,-1,-1
359,0,2301,1102,120,107,1,-1,-1,-1
359,1,930,952,147,93,1,-1,-1,-1
359,2,571,1026,170,112,1,-1,-1,-1
359,3,2529,526,135,131,1,-1,-1,-1
359,4,2176,1279,101,105,1,-1,-1,-1
359,5,633,931,173,97,1,-1,-1,-1
359,6,2408,952,138,112,1,-1,-1,-1
359,7,2477,1210,132,106,1,-1,-1,-1
359,8,2697,1454,135,121,1,-1,-1,-1
359,9,2213,1637,100,98,1,-1,-1,-1
359,10,471,948,47,45,1,-1,-1,-1
360,0,2302,1104,121,108,1,-1,-1,-1
360,1,927,953,148,93,1,-1,-1,-1
360,2,569,1029,173,112,1,-1,-1,-1
360,3,2529,526,135,131,1,-1,-1,-1
360,4,2176,1279,101,105,1,-1,-1,-1
360,5,626,931,178,97,1,-1,-1,-1
360,6,2410,954,138,112,1,-1,-1,-1
360,7,2474,1211,131,105,1,-1,-1,-1
360,8,2697,1456,135,122,1,-1,-1,-1
360,9,2213,1637,99,98,1,-1,-1,-1
360,10,475,946,47,45,1,-1,-1,-1
361,0,2303,1106,121,108,1,-1,-1,-1
361,1,924,953,149,93,1,-1,-1,-1
361,2,567,1033,177,113,1,-1,-1,-1
361,3,2529,525,135,131,1,-1,-1,-1
361,4,2176,1279,101,105,1,-1,-1,-1
361,5,619,931,183,97,1,-1,-1,-1
361,6,2411,956,138,112,1,-1,-1,-1
361,7,2472,1211,131,103,1,-1,-1,-1
361,8,2696,1457,135,123,1,-1,-1,-1
361,9,2213,1637,98,98,1,-1,-1,-1
361,10,479,943,47,45,1,-1,-1,-1
362,0,2304,1108,121,109,1,-1,-1,-1
362,1,922,954,150,93,1,-1,-1,-1
362,2,565,1037,181,114,1,-1,-1,-1
362,3,2530,525,135,132,1,-1,-1,-1
362,4,2177,1278,102,105,1,-1,-1,-1
362,5,612,931,188,97,1,-1,-1,-1
362,6,2413,958,138,112,1,-1,-1,-1
362,7,2469,1212,130,102,1,-1,-1,-1
362,8,2696,1458,135,124,1,-1,-1,-1
362,9,2213,1637,96,98,1,-1,-1,-1
362,10,484,941,47,45,1,-1,-1,-1
363,0,2304,1110,121,110,1,-1,-1,-1
363,1,919,953,149,93,1,-1,-1,-1
363,2,568,1043,180,112,1,-1,-1,-1
363,3,2530,525,135,132,1,-1,-1,-1
363,4,2177,1278,102,105,1,-1,-1,-1
363,5,604,930,188,97,1,-1,-1,-1
363,6,2415,960,138,111,1,-1,-1,-1
363,7,2466,1212,129,101,1,-1,-1,-1
363,8,2696,1460,136,125,1,-1,-1,-1
363,9,2213,1638,95,98,1,-1,-1,-1
363,10,481,938,47,45,1,-1,-1,-1
364,0,2305,1112,121,111,1,-1,-1,-1
364,1,917,952,149,93,1,-1,-1,-1
364,2,571,1050,179,111,1,-1,-1,-1
364,3,2530,525,134,132,1,-1,-1,-1
364,4,2177,1278,102,104,1,-1,-1,-1
364,5,597,930,189,97,1,-1,-1,-1
364,6,2417,962,137,111,1,-1,-1,-1
364,7,2463,1213,128,99,1,-1,-1,-1
364,8,2694,1462,136,123,1,-1,-1,-1
364,9,2213,1638,94,97,1,-1,-1,-1
364,10,478,935,47,45,1,-1,-1,-1
365,0,2306,1114,121,111,1,-1,-1,-1
365,1,915,951,149,93,1,-1,-1,-1
365,2,574,1056,178,110,1,-1,-1,-1
365,3,2530,524,134,132,1,-1,-1,-1
365,4,2177,1278,102,104,1,-1,-1,-1
365,5,590,930,190,98,1,-1,-1,-1
365,6,2419,964,137,111,1,-1,-1,-1
365,7,2460,1213,128,98,1,-1,-1,-1
365,8,2693,1465,137,122,1,-1,-1,-1
365,9,2213,1638,93,97,1,-1,-1,-1
365,10,475,932,47,45,1,-1,-1,-1
366,0,2307,1117,121,112,1,-1,-1,-1
366,1,913,951,149,93,1,-1,-1,-1
366,2,577,1063,178,109,1,-1,-1,-1
366,3,2530,524,134,133,1,-1,-1,-1
366,4,2177,1278,102,104,1,-1,-1,-1
366,5,583,929,191,98,1,-1,-1,-1
366,6,2420,966,137,111,1,-1,-1,-1
366,7,2457,1214,127,96,1,-1,-1,-1
366,8,2691,1468,138,121,1,-1,-1,-1
366,9,2214,1638,92,97,1,-1,-1,-1
366,10,475,930,47,45,1,-1,-1,-1
367,0,2307,1119,121,113,1,-1,-1,-1
367,1,911,950,149,93,1,-1,-1,-1
367,2,580,1070,177,107,1,-1,-1,-1
367,3,2531,524,134,133,1,-1,-1,-1
367,4,2177,1278,102,104,1,-1,-1,-1
367,5,575,929,191,98,1,-1,-1,-1
367,6,2422,968,137,111,1,-1,-1,-1
367,7,2454,1214,126,95,1,-1,-1,-1
367,8,2690,1471,138,120,1,-1,-1,-1
367,9,2214,1638,90,97,1,-1,-1,-1
367,10,475,929,47,45,1,-1,-1,-1
368,0,2308,1121,121,114,1,-1,-1,-1
368,1,908,949,149,93,1,-1,-1,-1
368,2,583,1076,176,106,1,-1,-1,-1
368,3,2531,524,134,133,1,-1,-1,-1
368,4,2177,1278,102,104,1,-1,-1,-1
368,5,568,929,192,99,1,-1,-1,-1
368,6,2424,970,137,111,1,-1,-1,-1
368,7,2452,1215,126,94,1,-1,-1,-1
368,8,2688,1474,139,119,1,-1,-1,-1
368,9,2214,1639,89,96,1,-1,-1,-1
368,10,477,930,46,45,1,-1,-1,-1
369,0,2309,1123,121,114,1,-1,-1,-1
369,1,906,948,149,93,1,-1,-1,-1
369,2,586,1083,175,105,1,-1,-1,-1
369,3,2531,523,133,133,1,-1,-1,-1
369,4,2177,1278,102,104,1,-1,-1,-1
369,5,561,928,193,99,1,-1,-1,-1
369,6,2426,972,136,111,1,-1,-1,-1
369,7,2449,1212,125,93,1,-1,-1,-1
369,8,2687,1477,140,118,1,-1,-1,-1
369,9,2214,1639,88,96,1,-1,-1,-1
369,10,480,931,47,45,1,-1,-1,-1
370,0,2310,1125,121,115,1,-1,-1,-1
370,1,904,948,149,94,1,-1,-1,-1
370,2,589,1090,175,104,1,-1,-1,-1
370,3,2531,523,133,133,1,-1,-1,-1
370,4,2177,1278,102,104,1,-1,-1,-1
370,5,554,928,194,99,1,-1,-1,-1
370,6,2427,974,136,111,1,-1,-1,-1
370,7,2447,1210,125,93,1,-1,-1,-1
370,8,2685,1480,141,117,1,-1,-1,-1
370,9,2214,1639,87,96,1,-1,-1,-1
370,10,483,932,47,45,1,-1,-1,-1
371,0,2311,1127,121,116,1,-1,-1,-1
371,1,902,947,149,94,1,-1,-1,-1
371,2,592,1094,171,104,1,-1,-1,-1
371,3,2531,523,133,134,1,-1,-1,-1
371,4,2177,1278,102,104,1,-1,-1,-1
371,5,547,928,195,100,1,-1,-1,-1
371,6,2429,976,136,110,1,-1,-1,-1
371,7,2444,1208,125,93,1,-1,-1,-1
371,8,2684,1482,141,115,1,-1,-1,-1
371,9,2214,1639,86,96,1,-1,-1,-1
371,10,489,933,47,45,1,-1,-1,-1
372,0,2311,1129,121,117,1,-1,-1,-1
372,1,900,946,149,94,1,-1,-1,-1
372,2,596,1099,167,104,1,-1,-1,-1
372,3,2532,523,133,134,1,-1,-1,-1
372,4,2177,1278,102,104,1,-1,-1,-1
372,5,543,928,194,99,1,-1,-1,-1
372,6,2431,978,136,110,1,-1,-1,-1
372,7,2442,1205,125,93,1,-1,-1,-1
372,8,2682,1485,142,114,1,-1,-1,-1
372,9,2215,1640,85,96,1,-1,-1,-1
372,10,495,934,47,45,1,-1,-1,-1
373,0,2312,1131,121,117,1,-1,-1,-1
373,1,897,945,149,94,1,-1,-1,-1
373,2,600,1103,164,104,1,-1,-1,-1
373,3,2532,522,133,134,1,-1,-1,-1
373,4,2177,1278,102,104,1,-1,-1,-1
373,5,539,928,193,99,1,-1,-1,-1
373,6,2433,980,136,110,1,-1,-1,-1
373,7,2439,1203,125,93,1,-1,-1,-1
373,8,2681,1488,143,113,1,-1,-1,-1
373,9,2213,1640,85,96,1,-1,-1,-1
373,10,501,935,47,45,1,-1,-1,-1
374,0,2313,1133,121,118,1,-1,-1,-1
374,1,895,945,149,94,1,-1,-1,-1
374,2,604,1108,160,104,1,-1,-1,-1
374,3,2532,522,133,134,1,-1,-1,-1
374,4,2177,1278,102,103,1,-1,-1,-1
374,5,535,928,192,98,1,-1,-1,-1
374,6,2435,982,136,110,1,-1,-1,-1
374,7,2437,1201,125,93,1,-1,-1,-1
374,8,2679,1491,144,112,1,-1,-1,-1
374,9,2212,1641,85,96,1,-1,-1,-1
374,10,508,937,47,45,1,-1,-1,-1
375,0,2314,1135,121,119,1,-1,-1,-1
375,1,893,944,149,94,1,-1,-1,-1
375,2,608,1112,157,104,1,-1,-1,-1
375,3,2532,522,132,135,1,-1,-1,-1
375,4,2177,1278,102,103,1,-1,-1,-1
375,5,532,928,192,98,1,-1,-1,-1
375,6,2436,984,135,110,1,-1,-1,-1
375,7,2434,1198,125,92,1,-1,-1,-1
375,8,2678,1494,144,111,1,-1,-1,-1
375,9,2211,1641,85,97,1,-1,-1,-1
375,10,513,940,47,45,1,-1,-1,-1
376,0,2315,1138,122,120,1,-1,-1,-1
376,1,891,943,149,94,1,-1,-1,-1
376,2,612,1117,153,104,1,-1,-1,-1
376,3,2532,522,132,135,1,-1,-1,-1
376,4,2178,1277,103,103,1,-1,-1,-1
376,5,528,928,191,97,1,-1,-1,-1
376,6,2438,986,135,110,1,-1,-1,-1
376,7,2432,1196,125,92,1,-1,-1,-1
376,8,2676,1497,145,110,1,-1,-1,-1
376,9,2210,1642,85,97,1,-1,-1,-1
376,10,519,943,47,45,1,-1,-1,-1
377,0,2316,1140,122,118,1,-1,-1,-1
377,1,889,943,149,95,1,-1,-1,-1
377,2,616,1121,150,104,1,-1,-1,-1
377,3,2533,522,132,135,1,-1,-1,-1
377,4,2178,1277,103,103,1,-1,-1,-1
377,5,524,928,190,97,1,-1,-1,-1
377,6,2440,988,135,110,1,-1,-1,-1
377,7,2430,1194,125,92,1,-1,-1,-1
377,8,2675,1500,146,109,1,-1,-1,-1
377,9,2209,1643,85,97,1,-1,-1,-1
377,10,525,946,47,45,1,-1,-1,-1
378,0,2318,1143,122,117,1,-1,-1,-1
378,1,885,943,149,95,1,-1,-1,-1
378,2,620,1126,146,104,1,-1,-1,-1
378,3,2533,521,132,135,1,-1,-1,-1
378,4,2178,1277,103,103,1,-1,-1,-1
378,5,521,928,190,97,1,-1,-1,-1
378,6,2442,990,135,110,1,-1,-1,-1
378,7,2427,1191,125,92,1,-1,-1,-1
378,8,2674,1503,147,108,1,-1,-1,-1
378,9,2208,1643,86,98,1,-1,-1,-1
378,10,534,948,47,45,1,-1,-1,-1
379,0,2320,1146,122,116,1,-1,-1,-1
379,1,881,943,150,95,1,-1,-1,-1
379,2,624,1130,142,104,1,-1,-1,-1
379,3,2533,521,132,135,1,-1,-1,-1
379,4,2178,1277,103,103,1,-1,-1,-1
379,5,517,928,185,96,1,-1,-1,-1
379,6,2444,992,135,109,1,-1,-1,-1
379,7,2425,1189,125,92,1,-1,-1,-1
379,8,2673,1504,146,108,1,-1,-1,-1
379,9,2207,1644,86,98,1,-1,-1,-1
379,10,543,950,47,45,1,-1,-1,-1
380,0,2322,1149,122,115,1,-1,-1,-1
380,1,878,943,150,94,1,-1,-1,-1
380,2,628,1135,139,104,1,-1,-1,-1
380,3,2533,521,131,136,1,-1,-1,-1
380,4,2178,1277,103,103,1,-1,-1,-1
380,5,513,928,180,95,1,-1,-1,-1
380,6,2445,994,135,109,1,-1,-1,-1
380,7,2422,1187,125,92,1,-1,-1,-1
380,8,2672,1506,145,108,1,-1,-1,-1
380,9,2206,1645,86,98,1,-1,-1,-1
380,10,553,952,47,45,1,-1,-1,-1
381,0,2323,1152,122,114,1,-1,-1,-1
381,1,874,943,151,94,1,-1,-1,-1
381,2,632,1139,135,104,1,-1,-1,-1
381,3,2533,521,131,136,1,-1,-1,-1
381,4,2178,1277,103,103,1,-1,-1,-1
381,5,509,928,175,95,1,-1,-1,-1
381,6,2447,996,134,109,1,-1,-1,-1
381,7,2420,1184,125,92,1,-1,-1,-1
381,8,2672,1507,144,108,1,-1,-1,-1
381,9,2205,1645,86,99,1,-1,-1,-1
381,10,559,955,47,45,1,-1,-1,-1
382,0,2325,1155,122,112,1,-1,-1,-1
382,1,871,943,152,94,1,-1,-1,-1
382,2,636,1144,132,104,1,-1,-1,-1
382,3,2534,520,131,136,1,-1,-1,-1
382,4,2178,1277,103,103,1,-1,-1,-1
382,5,506,928,170,94,1,-1,-1,-1
382,6,2449,998,134,109,1,-1,-1,-1
382,7,2417,1182,124,91,1,-1,-1,-1
382,8,2671,1509,143,108,1,-1,-1,-1
382,9,2203,1646,86,99,1,-1,-1,-1
382,10,566,959,47,45,1,-1,-1,-1
383,0,2327,1158,122,111,1,-1,-1,-1
383,1,867,943,153,95,1,-1,-1,-1
383,2,640,1148,128,104,1,-1,-1,-1
383,3,2534,520,131,136,1,-1,-1,-1
383,4,2178,1277,103,103,1,-1,-1,-1
383,5,502,928,165,93,1,-1,-1,-1
383,6,2451,1000,134,109,1,-1,-1,-1
383,7,2415,1180,124,91,1,-1,-1,-1
383,8,2671,1510,142,108,1,-1,-1,-1
383,9,2202,1646,87,100,1,-1,-1,-1
383,10,572,963,47,45,1,-1,-1,-1
384,0,2329,1161,122,110,1,-1,-1,-1
384,1,864,943,153,95,1,-1,-1,-1
384,2,644,1153,125,105,1,-1,-1,-1
384,3,2534,520,131,137,1,-1,-1,-1
384,4,2178,1277,103,102,1,-1,-1,-1
384,5,498,928,160,93,1,-1,-1,-1
384,6,2453,1002,134,109,1,-1,-1,-1
384,7,2412,1177,124,91,1,-1,-1,-1
384,8,2670,1512,141,108,1,-1,-1,-1
384,9,2201,1647,87,100,1,-1,-1,-1
384,10,579,967,47,45,1,-1,-1,-1
385,0,2331,1164,122,109,1,-1,-1,-1
385,1,860,943,154,95,1,-1,-1,-1
385,2,649,1157,126,105,1,-1,-1,-1
385,3,2534,520,131,137,1,-1,-1,-1
385,4,2178,1277,103,102,1,-1,-1,-1
385,5,494,928,155,92,1,-1,-1,-1
385,6,2454,1004,134,109,1,-1,-1,-1
385,7,2410,1175,124,91,1,-1,-1,-1
385,8,2670,1513,140,108,1,-1,-1,-1
385,9,2200,1648,87,100,1,-1,-1,-1
385,10,586,971,47,45,1,-1,-1,-1
386,0,2332,1166,122,108,1,-1,-1,-1
386,1,856,943,155,95,1,-1,-1,-1
386,2,654,1161,127,105,1,-1,-1,-1
386,3,2534,519,130,137,1,-1,-1,-1
386,4,2178,1277,103,102,1,-1,-1,-1
386,5,491,929,151,92,1,-1,-1,-1
386,6,2456,1006,133,109,1,-1,-1,-1
386,7,2408,1173,124,91,1,-1,-1,-1
386,8,2669,1515,139,108,1,-1,-1,-1
386,9,2199,1648,87,101,1,-1,-1,-1
386,10,593,975,47,45,1,-1,-1,-1
387,0,2334,1169,122,106,1,-1,-1,-1
387,1,853,943,155,95,1,-1,-1,-1
387,2,659,1165,129,105,1,-1,-1,-1
387,3,2535,519,130,137,1,-1,-1,-1
387,4,2178,1277,103,102,1,-1,-1,-1
387,5,487,926,154,92,1,-1,-1,-1
387,6,2458,1008,133,108,1,-1,-1,-1
387,7,2405,1170,124,91,1,-1,-1,-1
387,8,2669,1516,138,108,1,-1,-1,-1
387,9,2198,1649,87,101,1,-1,-1,-1
387,10,600,980,47,44,1,-1,-1,-1
388,0,2336,1172,122,105,1,-1,-1,-1
388,1,849,944,156,95,1,-1,-1,-1
388,2,664,1169,130,105,1,-1,-1,-1
388,3,2535,519,130,137,1,-1,-1,-1
388,4,2178,1277,103,102,1,-1,-1,-1
388,5,484,924,157,92,1,-1,-1,-1
388,6,2460,1010,133,108,1,-1,-1,-1
388,7,2403,1168,124,91,1,-1,-1,-1
388,8,2668,1518,137,108,1,-1,-1,-1
388,9,2197,1650,87,101,1,-1,-1,-1
388,10,608,985,47,45,1,-1,-1,-1
389,0,2338,1175,122,104,1,-1,-1,-1
389,1,846,944,157,95,1,-1,-1,-1
389,2,670,1173,132,105,1,-1,-1,-1
389,3,2535,519,130,138,1,-1,-1,-1
389,4,2178,1277,103,102,1,-1,-1,-1
389,5,481,922,160,92,1,-1,-1,-1
389,6,2461,1012,133,108,1,-1,-1,-1
389,7,2400,1166,124,90,1,-1,-1,-1
389,8,2668,1519,136,108,1,-1,-1,-1
389,9,2196,1650,88,102,1,-1,-1,-1
389,10,616,989,47,45,1,-1,-1,-1
390,0,2339,1178,123,103,1,-1,-1,-1
390,1,842,944,157,95,1,-1,-1,-1
390,2,675,1177,133,105,1,-1,-1,-1
390,3,2535,518,130,138,1,-1,-1,-1
390,4,2179,1276,104,102,1,-1,-1,-1
390,5,477,919,163,92,1,-1,-1,-1
390,6,2463,1014,133,108,1,-1,-1,-1
390,7,2398,1163,124,90,1,-1,-1,-1
390,8,2667,1521,135,108,1,-1,-1,-1
390,9,2195,1651,88,102,1,-1,-1,-1
390,10,624,994,47,44,1,-1,-1,-1
391,0,2341,1181,123,102,1,-1,-1,-1
391,1,839,944,158,94,1,-1,-1,-1
391,2,680,1181,135,105,1,-1,-1,-1
391,3,2535,518,129,138,1,-1,-1,-1
391,4,2179,1276,104,102,1,-1,-1,-1
391,5,474,917,166,92,1,-1,-1,-1
391,6,2465,1016,133,108,1,-1,-1,-1
391,7,2395,1161,124,90,1,-1,-1,-1
391,8,2666,1522,134,109,1,-1,-1,-1
391,9,2193,1651,88,103,1,-1,-1,-1
391,10,633,999,47,45,1,-1,-1,-1
392,0,2343,1184,123,101,1,-1,-1,-1
392,1,835,944,159,94,1,-1,-1,-1
392,2,685,1185,136,105,1,-1,-1,-1
392,3,2536,518,129,138,1,-1,-1,-1
392,4,2179,1276,104,102,1,-1,-1,-1
392,5,471,915,170,93,1,-1,-1,-1
392,6,2467,1018,132,108,1,-1,-1,-1
392,7,2393,1159,124,90,1,-1,-1,-1
392,8,2666,1524,133,109,1,-1,-1,-1
392,9,2192,1652,88,103,1,-1,-1,-1
392,10,642,1003,47,45,1,-1,-1,-1
393,0,2345,1187,123,99,1,-1,-1,-1
393,1,831,944,159,95,1,-1,-1,-1
393,2,691,1189,138,105,1,-1,-1,-1
393,3,2536,518,129,139,1,-1,-1,-1
393,4,2179,1276,104,102,1,-1,-1,-1
393,5,470,909,168,98,1,-1,-1,-1
393,6,2469,1020,132,108,1,-1,-1,-1
393,7,2390,1156,124,90,1,-1,-1,-1
393,8,2665,1525,132,109,1,-1,-1,-1
393,9,2191,1653,88,103,1,-1,-1,-1
393,10,652,1008,47,45,1,-1,-1,-1
394,0,2347,1190,123,98,1,-1,-1,-1
394,1,828,944,160,95,1,-1,-1,-1
394,2,696,1193,139,105,1,-1,-1,-1
394,3,2536,517,129,139,1,-1,-1,-1
394,4,2179,1276,104,101,1,-1,-1,-1
394,5,469,903,166,104,1,-1,-1,-1
394,6,2470,1022,132,108,1,-1,-1,-1
394,7,2388,1154,124,90,1,-1,-1,-1
394,8,2665,1527,131,109,1,-1,-1,-1
394,9,2190,1653,89,104,1,-1,-1,-1
394,10,662,1013,47,45,1,-1,-1,-1
395,0,2348,1192,123,97,1,-1,-1,-1
395,1,824,944,160,95,1,-1,-1,-1
395,2,701,1197,140,105,1,-1,-1,-1
395,3,2536,517,129,139,1,-1,-1,-1
395,4,2179,1276,104,101,1,-1,-1,-1
395,5,468,898,164,110,1,-1,-1,-1
395,6,2472,1024,132,107,1,-1,-1,-1
395,7,2386,1152,124,90,1,-1,-1,-1
395,8,2664,1528,130,109,1,-1,-1,-1
395,9,2189,1654,89,104,1,-1,-1,-1
395,10,672,1018,47,45,1,-1,-1,-1
396,0,2350,1195,123,96,1,-1,-1,-1
396,1,821,944,161,95,1,-1,-1,-1
396,2,706,1201,142,105,1,-1,-1,-1
396,3,2536,517,129,139,1,-1,-1,-1
396,4,2179,1276,104,101,1,-1,-1,-1
396,5,466,900,162,107,1,-1,-1,-1
396,6,2474,1026,132,107,1,-1,-1,-1
396,7,2384,1148,124,90,1,-1,-1,-1
396,8,2664,1530,129,109,1,-1,-1,-1
396,9,2188,1655,89,104,1,-1,-1,-1
396,10,672,1021,47,45,1,-1,-1,-1
397,0,2352,1198,123,95,1,-1,-1,-1
397,1,817,944,162,95,1,-1,-1,-1
397,2,711,1205,143,105,1,-1,-1,-1
397,3,2537,517,128,139,1,-1,-1,-1
397,4,2179,1276,104,101,1,-1,-1,-1
397,5,464,902,161,105,1,-1,-1,-1
397,6,2476,1028,132,107,1,-1,-1,-1
397,7,2382,1145,124,91,1,-1,-1,-1
397,8,2663,1531,128,109,1,-1,-1,-1
397,9,2187,1655,89,105,1,-1,-1,-1
397,10,673,1024,47,45,1,-1,-1,-1
398,0,2354,1201,123,93,1,-1,-1,-1
398,1,814,945,163,95,1,-1,-1,-1
398,2,717,1209,145,105,1,-1,-1,-1
398,3,2537,516,128,140,1,-1,-1,-1
398,4,2179,1276,104,101,1,-1,-1,-1
398,5,463,905,160,103,1,-1,-1,-1
398,6,2478,1030,131,107,1,-1,-1,-1
398,7,2380,1141,124,91,1,-1,-1,-1
398,8,2663,1533,127,109,1,-1,-1,-1
398,9,2186,1656,89,105,1,-1,-1,-1
398,10,674,1028,47,45,1,-1,-1,-1
399,0,2355,1204,123,92,1,-1,-1,-1
399,1,810,945,163,95,1,-1,-1,-1
399,2,722,1213,146,105,1,-1,-1,-1
399,3,2537,516,128,140,1,-1,-1,-1
399,4,2179,1276,104,101,1,-1,-1,-1
399,5,461,907,159,101,1,-1,-1,-1
399,6,2479,1032,131,107,1,-1,-1,-1
399,7,2378,1138,124,92,1,-1,-1,-1
399,8,2662,1534,126,109,1,-1,-1,-1
399,9,2185,1657,90,106,1,-1,-1,-1
399,10,675,1031,47,45,1,-1,-1,-1
400,0,2357,1207,123,91,1,-1,-1,-1
400,1,806,946,163,95,1,-1,-1,-1
400,2,727,1217,148,105,1,-1,-1,-1
400,3,2537,516,128,140,1,-1,-1,-1
400,4,2179,1276,104,101,1,-1,-1,-1
400,5,459,909,157,98,1,-1,-1,-1
400,6,2481,1034,131,107,1,-1,-1,-1
400,7,2376,1135,124,92,1,-1,-1,-1
400,8,2662,1536,125,109,1,-1,-1,-1
400,9,2182,1657,91,105,1,-1,-1,-1
400,10,676,1035,47,45,1,-1,-1,-1
401,0,2359,1210,123,90,1,-1,-1,-1
401,1,802,946,164,95,1,-1,-1,-1
401,2,732,1221,149,105,1,-1,-1,-1
401,3,2537,516,128,140,1,-1,-1,-1
401,4,2179,1276,104,101,1,-1,-1,-1
401,5,458,912,156,96,1,-1,-1,-1
401,6,2483,1036,131,107,1,-1,-1,-1
401,7,2374,1131,124,93,1,-1,-1,-1
401,8,2661,1537,124,109,1,-1,-1,-1
401,9,2180,1657,92,104,1,-1,-1,-1
401,10,671,1038,47,45,1,-1,-1,-1
402,0,2361,1213,123,89,1,-1,-1,-1
402,1,798,947,164,95,1,-1,-1,-1
402,2,738,1225,151,106,1,-1,-1,-1
402,3,2538,516,128,141,1,-1,-1,-1
402,4,2179,1276,104,101,1,-1,-1,-1
402,5,456,914,155,94,1,-1,-1,-1
402,6,2485,1038,131,107,1,-1,-1,-1
402,7,2372,1128,124,94,1,-1,-1,-1
402,8,2661,1539,123,109,1,-1,-1,-1
402,9,2177,1657,93,103,1,-1,-1,-1
402,10,666,1041,47,45,1,-1,-1,-1
403,0,2363,1216,124,88,1,-1,-1,-1
403,1,794,947,165,95,1,-1,-1,-1
403,2,745,1227,150,105,1,-1,-1,-1
403,3,2538,516,128,140,1,-1,-1,-1
403,4,2180,1276,105,101,1,-1,-1,-1
403,5,455,917,154,92,1,-1,-1,-1
403,6,2487,1040,131,107,1,-1,-1,-1
403,7,2370,1125,124,94,1,-1,-1,-1
403,8,2660,1540,122,110,1,-1,-1,-1
403,9,2175,1658,94,103,1,-1,-1,-1
403,10,661,1044,47,45,1,-1,-1,-1
404,0,2364,1217,124,89,1,-1,-1,-1
404,1,790,948,165,95,1,-1,-1,-1
404,2,752,1230,150,105,1,-1,-1,-1
404,3,2539,516,129,139,1,-1,-1,-1
404,4,2180,1275,105,101,1,-1,-1,-1
404,5,454,917,154,92,1,-1,-1,-1
404,6,2488,1041,131,107,1,-1,-1,-1
404,7,2368,1121,124,95,1,-1,-1,-1
404,8,2659,1542,121,110,1,-1,-1,-1
404,9,2173,1658,95,102,1,-1,-1,-1
404,10,656,1047,47,45,1,-1,-1,-1
405,0,2366,1219,125,91,1,-1,-1,-1
405,1,786,948,165,95,1,-1,-1,-1
405,2,759,1232,149,105,1,-1,-1,-1
405,3,2539,517,130,138,1,-1,-1,-1
405,4,2180,1274,105,101,1,-1,-1,-1
405,5,453,917,155,92,1,-1,-1,-1
405,6,2490,1043,131,107,1,-1,-1,-1
405,7,2366,1118,124,95,1,-1,-1,-1
405,8,2659,1543,120,110,1,-1,-1,-1
405,9,2170,1658,96,101,1,-1,-1,-1
405,10,653,1051,47,45,1,-1,-1,-1
406,0,2368,1221,125,92,1,-1,-1,-1
406,1,782,949,166,96,1,-1,-1,-1
406,2,767,1235,149,105,1,-1,-1,-1
406,3,2540,517,130,137,1,-1,-1,-1
406,4,2180,1273,105,101,1,-1,-1,-1
406,5,452,917,156,92,1,-1,-1,-1
406,6,2492,1045,131,107,1,-1,-1,-1
406,7,2364,1115,124,96,1,-1,-1,-1
406,8,2658,1545,119,110,1,-1,-1,-1
406,9,2168,1658,97,100,1,-1,-1,-1
406,10,650,1055,47,45,1,-1,-1,-1
407,0,2370,1223,126,94,1,-1,-1,-1
407,1,778,949,166,96,1,-1,-1,-1
407,2,774,1237,148,104,1,-1,-1,-1
407,3,2540,518,131,136,1,-1,-1,-1
407,4,2180,1273,105,101,1,-1,-1,-1
407,5,451,917,156,92,1,-1,-1,-1
407,6,2494,1047,131,107,1,-1,-1,-1
407,7,2362,1111,124,97,1,-1,-1,-1
407,8,2658,1546,118,110,1,-1,-1,-1
407,9,2165,1659,99,100,1,-1,-1,-1
407,10,648,1060,47,45,1,-1,-1,-1
408,0,2372,1225,126,95,1,-1,-1,-1
408,1,774,950,167,96,1,-1,-1,-1
408,2,781,1240,148,104,1,-1,-1,-1
408,3,2541,518,132,135,1,-1,-1,-1
408,4,2180,1272,105,101,1,-1,-1,-1
408,5,450,917,157,92,1,-1,-1,-1
408,6,2495,1049,131,107,1,-1,-1,-1
408,7,2360,1108,124,97,1,-1,-1,-1
408,8,2657,1548,117,110,1,-1,-1,-1
408,9,2163,1659,100,99,1,-1,-1,-1
408,10,645,1064,47,45,1,-1,-1,-1
409,0,2374,1227,127,97,1,-1,-1,-1
409,1,770,950,167,96,1,-1,-1,-1
409,2,789,1242,147,104,1,-1,-1,-1
409,3,2541,519,132,134,1,-1,-1,-1
409,4,2180,1271,105,101,1,-1,-1,-1
409,5,449,918,158,92,1,-1,-1,-1
409,6,2497,1051,131,107,1,-1,-1,-1
409,7,2358,1105,124,98,1,-1,-1,-1
409,8,2657,1549,116,110,1,-1,-1,-1
409,9,2161,1659,101,98,1,-1,-1,-1
409,10,643,1069,47,45,1,-1,-1,-1
410,0,2376,1229,127,98,1,-1,-1,-1
410,1,766,951,167,96,1,-1,-1,-1
410,2,796,1245,147,104,1,-1,-1,-1
410,3,2542,519,133,133,1,-1,-1,-1
410,4,2180,1271,105,101,1,-1,-1,-1
410,5,448,918,158,92,1,-1,-1,-1
410,6,2499,1053,131,107,1,-1,-1,-1
410,7,2356,1101,124,98,1,-1,-1,-1
410,8,2656,1551,115,110,1,-1,-1,-1
410,9,2158,1659,102,97,1,-1,-1,-1
410,10,644,1071,47,45,1,-1,-1,-1
411,0,2377,1230,128,100,1,-1,-1,-1
411,1,762,951,168,96,1,-1,-1,-1
411,2,803,1247,146,103,1,-1,-1,-1
411,3,2542,520,134,132,1,-1,-1,-1
411,4,2181,1270,105,101,1,-1,-1,-1
411,5,448,918,159,92,1,-1,-1,-1
411,6,2501,1055,131,107,1,-1,-1,-1
411,7,2354,1098,124,99,1,-1,-1,-1
411,8,2656,1552,114,110,1,-1,-1,-1
411,9,2156,1660,103,97,1,-1,-1,-1
411,10,645,1074,47,45,1,-1,-1,-1
412,0,2379,1232,128,101,1,-1,-1,-1
412,1,758,952,168,96,1,-1,-1,-1
412,2,811,1250,146,103,1,-1,-1,-1
412,3,2543,520,134,131,1,-1,-1,-1
412,4,2181,1269,105,101,1,-1,-1,-1
412,5,447,918,160,92,1,-1,-1,-1
412,6,2503,1057,131,107,1,-1,-1,-1
412,7,2352,1095,124,99,1,-1,-1,-1
412,8,2655,1554,113,110,1,-1,-1,-1
412,9,2153,1660,104,96,1,-1,-1,-1
412,10,646,1077,47,45,1,-1,-1,-1
413,0,2381,1234,129,103,1,-1,-1,-1
413,1,754,953,169,97,1,-1,-1,-1
413,2,818,1252,145,103,1,-1,-1,-1
413,3,2543,521,135,130,1,-1,-1,-1
413,4,2181,1268,105,101,1,-1,-1,-1
413,5,446,918,160,92,1,-1,-1,-1
413,6,2504,1059,131,107,1,-1,-1,-1
413,7,2350,1091,124,100,1,-1,-1,-1
413,8,2655,1555,112,110,1,-1,-1,-1
413,9,2151,1660,105,95,1,-1,-1,-1
413,10,648,1081,47,45,1,-1,-1,-1
414,0,2383,1236,129,104,1,-1,-1,-1
414,1,751,954,168,99,1,-1,-1,-1
414,2,825,1255,145,103,1,-1,-1,-1
414,3,2544,521,136,129,1,-1,-1,-1
414,4,2181,1268,105,101,1,-1,-1,-1
414,5,445,918,161,92,1,-1,-1,-1
414,6,2506,1060,131,107,1,-1,-1,-1
414,7,2348,1088,124,101,1,-1,-1,-1
414,8,2654,1557,111,110,1,-1,-1,-1
414,9,2149,1661,107,95,1,-1,-1,-1
414,10,650,1085,47,45,1,-1,-1,-1
415,0,2385,1238,130,106,1,-1,-1,-1
415,1,748,956,167,102,1,-1,-1,-1
415,2,833,1257,144,103,1,-1,-1,-1
415,3,2544,522,136,128,1,-1,-1,-1
415,4,2181,1267,105,101,1,-1,-1,-1
415,5,444,919,162,92,1,-1,-1,-1
415,6,2508,1062,131,107,1,-1,-1,-1
415,7,2346,1085,124,101,1,-1,-1,-1
415,8,2654,1559,111,111,1,-1,-1,-1
415,9,2148,1661,106,94,1,-1,-1,-1
415,10,652,1089,47,45,1,-1,-1,-1
416,0,2387,1240,130,107,1,-1,-1,-1
416,1,746,957,167,104,1,-1,-1,-1
416,2,840,1260,144,102,1,-1,-1,-1
416,3,2545,522,137,128,1,-1,-1,-1
416,4,2181,1266,105,101,1,-1,-1,-1
416,5,443,919,162,92,1,-1,-1,-1
416,6,2510,1064,131,107,1,-1,-1,-1
416,7,2344,1081,124,102,1,-1,-1,-1
416,8,2646,1560,112,110,1,-1,-1,-1
416,9,2148,1661,105,93,1,-1,-1,-1
416,10,655,1093,47,45,1,-1,-1,-1
417,0,2389,1242,131,109,1,-1,-1,-1
417,1,743,959,166,107,1,-1,-1,-1
417,2,847,1262,143,102,1,-1,-1,-1
417,3,2545,523,138,127,1,-1,-1,-1
417,4,2181,1266,105,101,1,-1,-1,-1
417,5,442,919,163,92,1,-1,-1,-1
417,6,2512,1066,131,107,1,-1,-1,-1
417,7,2342,1078,124,102,1,-1,-1,-1
417,8,2639,1561,114,110,1,-1,-1,-1
417,9,2147,1661,104,93,1,-1,-1,-1
417,10,657,1097,47,45,1,-1,-1,-1
418,0,2390,1243,132,111,1,-1,-1,-1
418,1,741,961,166,110,1,-1,-1,-1
418,2,855,1265,143,102,1,-1,-1,-1
418,3,2546,523,138,126,1,-1,-1,-1
418,4,2182,1265,105,101,1,-1,-1,-1
418,5,441,919,164,92,1,-1,-1,-1
418,6,2513,1068,131,107,1,-1,-1,-1
418,7,2340,1075,124,103,1,-1,-1,-1
418,8,2632,1563,116,110,1,-1,-1,-1
418,9,2147,1661,103,92,1,-1,-1,-1
418,10,659,1101,47,45,1,-1,-1,-1
419,0,2392,1245,132,112,1,-1,-1,-1
419,1,738,962,165,112,1,-1,-1,-1
419,2,862,1267,142,102,1,-1,-1,-1
419,3,2546,524,139,125,1,-1,-1,-1
419,4,2182,1264,105,101,1,-1,-1,-1
419,5,441,919,164,92,1,-1,-1,-1
419,6,2515,1070,131,107,1,-1,-1,-1
419,7,2338,1071,124,104,1,-1,-1,-1
419,8,2625,1564,118,109,1,-1,-1,-1
419,9,2147,1662,102,92,1,-1,-1,-1
419,10,662,1105,47,45,1,-1,-1,-1
420,0,2394,1247,133,114,1,-1,-1,-1
420,1,736,964,165,115,1,-1,-1,-1
420,2,869,1270,142,101,1,-1,-1,-1
420,3,2547,524,140,124,1,-1,-1,-1
420,4,2182,1263,105,101,1,-1,-1,-1
420,5,440,919,165,92,1,-1,-1,-1
420,6,2517,1072,131,107,1,-1,-1,-1
420,7,2336,1068,124,104,1,-1,-1,-1
420,8,2618,1565,119,109,1,-1,-1,-1
420,9,2146,1662,101,91,1,-1,-1,-1
420,10,667,1108,47,45,1,-1,-1,-1
421,0,2396,1249,133,115,1,-1,-1,-1
421,1,733,966,164,118,1,-1,-1,-1
421,2,877,1272,141,101,1,-1,-1,-1
421,3,2547,525,140,123,1,-1,-1,-1
421,4,2182,1263,105,101,1,-1,-1,-1
421,5,439,920,166,92,1,-1,-1,-1
421,6,2519,1074,131,107,1,-1,-1,-1
421,7,2334,1065,124,105,1,-1,-1,-1
421,8,2611,1567,121,109,1,-1,-1,-1
421,9,2146,1662,100,90,1,-1,-1,-1
421,10,672,1112,47,45,1,-1,-1,-1
422,0,2398,1251,134,117,1,-1,-1,-1
422,1,731,967,164,120,1,-1,-1,-1
422,2,884,1275,140,101,1,-1,-1,-1
422,3,2548,525,141,122,1,-1,-1,-1
422,4,2182,1262,105,101,1,-1,-1,-1
422,5,438,920,166,92,1,-1,-1,-1
422,6,2521,1076,131,107,1,-1,-1,-1
422,7,2332,1061,124,105,1,-1,-1,-1
422,8,2604,1568,123,108,1,-1,-1,-1
422,9,2145,1662,99,90,1,-1,-1,-1
422,10,678,1115,47,45,1,-1,-1,-1
423,0,2400,1253,134,118,1,-1,-1,-1
423,1,728,969,163,123,1,-1,-1,-1
423,2,891,1277,140,101,1,-1,-1,-1
423,3,2548,526,142,121,1,-1,-1,-1
423,4,2182,1261,105,101,1,-1,-1,-1
423,5,437,920,167,92,1,-1,-1,-1
423,6,2522,1078,131,107,1,-1,-1,-1
423,7,2330,1058,124,106,1,-1,-1,-1
423,8,2597,1569,125,108,1,-1,-1,-1
423,9,2145,1662,98,89,1,-1,-1,-1
423,10,683,1119,47,45,1,-1,-1,-1
424,0,2402,1255,135,120,1,-1,-1,-1
424,1,726,971,163,126,1,-1,-1,-1
424,2,899,1280,140,101,1,-1,-1,-1
424,3,2549,526,142,120,1,-1,-1,-1
424,4,2182,1261,105,101,1,-1,-1,-1
424,5,436,920,168,92,1,-1,-1,-1
424,6,2524,1080,131,107,1,-1,-1,-1
424,7,2328,1055,124,107,1,-1,-1,-1
424,8,2590,1571,127,108,1,-1,-1,-1
424,9,2145,1663,98,89,1,-1,-1,-1
424,10,689,1123,47,45,1,-1,-1,-1
425,0,2403,1256,135,121,1,-1,-1,-1
425,1,720,976,162,128,1,-1,-1,-1
425,2,905,1280,139,100,1,-1,-1,-1
425,3,2549,527,143,119,1,-1,-1,-1
425,4,2182,1260,105,101,1,-1,-1,-1
425,5,435,920,168,92,1,-1,-1,-1
425,6,2526,1081,131,107,1,-1,-1,-1
425,7,2326,1051,124,107,1,-1,-1,-1
425,8,2588,1572,128,107,1,-1,-1,-1
425,9,2145,1663,98,89,1,-1,-1,-1
425,10,694,1126,47,45,1,-1,-1,-1
426,0,2405,1258,136,123,1,-1,-1,-1
426,1,715,982,162,131,1,-1,-1,-1
426,2,911,1280,138,100,1,-1,-1,-1
426,3,2550,527,144,118,1,-1,-1,-1
426,4,2183,1259,105,101,1,-1,-1,-1
426,5,434,920,169,92,1,-1,-1,-1
426,6,2528,1083,131,107,1,-1,-1,-1
426,7,2324,1048,124,108,1,-1,-1,-1
426,8,2586,1574,130,107,1,-1,-1,-1
426,9,2146,1663,98,90,1,-1,-1,-1
426,10,699,1130,47,45,1,-1,-1,-1
427,0,2407,1260,136,124,1,-1,-1,-1
427,1,709,988,162,134,1,-1,-1,-1
427,2,918,1280,138,100,1,-1,-1,-1
427,3,2550,528,144,117,1,-1,-1,-1
427,4,2183,1258,105,101,1,-1,-1,-1
427,5,434,921,170,93,1,-1,-1,-1
427,6,2530,1085,131,107,1,-1,-1,-1
427,7,2322,1044,124,108,1,-1,-1,-1
427,8,2584,1575,131,106,1,-1,-1,-1
427,9,2146,1663,98,90,1,-1,-1,-1
427,10,704,1133,47,45,1,-1,-1,-1
428,0,2409,1262,137,126,1,-1,-1,-1
428,1,704,993,161,137,1,-1,-1,-1
428,2,924,1280,137,100,1,-1,-1,-1
428,3,2551,528,145,116,1,-1,-1,-1
428,4,2183,1258,105,101,1,-1,-1,-1
428,5,432,920,169,93,1,-1,-1,-1
428,6,2531,1087,131,107,1,-1,-1,-1
428,7,2320,1041,124,109,1,-1,-1,-1
428,8,2582,1577,133,106,1,-1,-1,-1
428,9,2147,1663,98,91,1,-1,-1,-1
428,10,709,1137,47,45,1,-1,-1,-1
429,0,2411,1264,137,127,1,-1,-1,-1
429,1,698,999,161,140,1,-1,-1,-1
429,2,931,1280,137,99,1,-1,-1,-1
429,3,2552,529,146,116,1,-1,-1,-1
429,4,2183,1257,105,101,1,-1,-1,-1
429,5,430,919,168,93,1,-1,-1,-1
429,6,2533,1089,131,107,1,-1,-1,-1
429,7,2318,1038,124,109,1,-1,-1,-1
429,8,2580,1579,135,106,1,-1,-1,-1
429,9,2147,1663,98,91,1,-1,-1,-1
429,10,714,1140,47,45,1,-1,-1,-1
430,0,2413,1266,138,129,1,-1,-1,-1
430,1,693,1005,161,143,1,-1,-1,-1
430,2,937,1281,136,99,1,-1,-1,-1
430,3,2553,529,145,116,1,-1,-1,-1
430,4,2183,1256,105,101,1,-1,-1,-1
430,5,428,919,168,93,1,-1,-1,-1
430,6,2535,1091,131,107,1,-1,-1,-1
430,7,2316,1034,124,110,1,-1,-1,-1
430,8,2572,1578,136,105,1,-1,-1,-1
430,9,2148,1663,98,92,1,-1,-1,-1
430,10,719,1144,47,45,1,-1,-1,-1
431,0,2415,1268,139,131,1,-1,-1,-1
431,1,690,1009,162,148,1,-1,-1,-1
431,2,944,1281,136,99,1,-1,-1,-1
431,3,2555,530,145,116,1,-1,-1,-1
431,4,2183,1256,105,101,1,-1,-1,-1
431,5,427,918,167,93,1,-1,-1,-1
431,6,2537,1093,131,107,1,-1,-1,-1
431,7,2314,1031,124,111,1,-1,-1,-1
431,8,2564,1578,138,105,1,-1,-1,-1
431,9,2149,1663,98,93,1,-1,-1,-1
431,10,715,1148,47,45,1,-1,-1,-1
432,0,2417,1268,139,129,1,-1,-1,-1
432,1,687,1013,163,154,1,-1,-1,-1
432,2,950,1281,135,99,1,-1,-1,-1
432,3,2557,531,144,116,1,-1,-1,-1
432,4,2183,1255,105,101,1,-1,-1,-1
432,5,425,917,166,93,1,-1,-1,-1
432,6,2539,1095,131,107,1,-1,-1,-1
432,7,2312,1028,124,111,1,-1,-1,-1
432,8,2557,1578,140,105,1,-1,-1,-1
432,9,2149,1663,98,93,1,-1,-1,-1
432,10,711,1153,47,45,1,-1,-1,-1
433,0,2419,1269,139,128,1,-1,-1,-1
433,1,684,1017,164,160,1,-1,-1,-1
433,2,957,1281,135,99,1,-1,-1,-1
433,3,2558,531,144,116,1,-1,-1,-1
433,4,2184,1254,105,101,1,-1,-1,-1
433,5,423,917,165,93,1,-1,-1,-1
433,6,2540,1097,131,107,1,-1,-1,-1
433,7,2310,1024,124,112,1,-1,-1,-1
433,8,2549,1578,141,104,1,-1,-1,-1
433,9,2150,1663,98,94,1,-1,-1,-1
433,10,707,1157,47,45,1,-1,-1,-1
434,0,2422,1270,139,126,1,-1,-1,-1
434,1,681,1021,165,166,1,-1,-1,-1
434,2,963,1281,134,98,1,-1,-1,-1
434,3,2560,532,143,116,1,-1,-1,-1
434,4,2184,1253,105,101,1,-1,-1,-1
434,5,421,916,165,93,1,-1,-1,-1
434,6,2542,1099,131,107,1,-1,-1,-1
434,7,2308,1021,124,112,1,-1,-1,-1
434,8,2541,1578,143,104,1,-1,-1,-1
434,9,2150,1663,98,94,1,-1,-1,-1
434,10,703,1162,47,45,1,-1,-1,-1
435,0,2424,1271,139,125,1,-1,-1,-1
435,1,678,1025,166,172,1,-1,-1,-1
435,2,969,1281,134,98,1,-1,-1,-1
435,3,2562,533,143,116,1,-1,-1,-1
435,4,2184,1253,105,101,1,-1,-1,-1
435,5,420,915,164,93,1,-1,-1,-1
435,6,2544,1101,131,107,1,-1,-1,-1
435,7,2306,1018,124,113,1,-1,-1,-1
435,8,2534,1578,145,104,1,-1,-1,-1
435,9,2151,1663,98,95,1,-1,-1,-1
435,10,699,1166,47,45,1,-1,-1,-1
436,0,2426,1271,140,124,1,-1,-1,-1
436,1,675,1029,168,178,1,-1,-1,-1
436,2,976,1282,133,98,1,-1,-1,-1
436,3,2563,534,142,116,1,-1,-1,-1
436,4,2184,1252,105,101,1,-1,-1,-1
436,5,418,915,164,93,1,-1,-1,-1
436,6,2546,1102,131,107,1,-1,-1,-1
436,7,2304,1014,124,114,1,-1,-1,-1
436,8,2526,1578,146,103,1,-1,-1,-1
436,9,2151,1663,98,95,1,-1,-1,-1
436,10,696,1171,47,45,1,-1,-1,-1
437,0,2429,1272,140,122,1,-1,-1,-1
437,1,670,1038,166,175,1,-1,-1,-1
437,2,982,1282,133,98,1,-1,-1,-1
437,3,2565,534,142,117,1,-1,-1,-1
437,4,2184,1251,105,101,1,-1,-1,-1
437,5,416,914,163,93,1,-1,-1,-1
437,6,2548,1104,131,107,1,-1,-1,-1
437,7,2302,1011,124,114,1,-1,-1,-1
437,8,2519,1578,148,103,1,-1,-1,-1
437,9,2152,1663,98,96,1,-1,-1,-1
437,10,695,1174,47,45,1,-1,-1,-1
438,0,2431,1273,140,121,1,-1,-1,-1
438,1,666,1047,164,173,1,-1,-1,-1
438,2,989,1282,132,97,1,-1,-1,-1
438,3,2567,535,141,117,1,-1,-1,-1
438,4,2184,1251,105,101,1,-1,-1,-1
438,5,415,913,162,93,1,-1,-1,-1
438,6,2549,1106,131,107,1,-1,-1,-1
438,7,2300,1008,124,115,1,-1,-1,-1
438,8,2511,1578,150,103,1,-1,-1,-1
438,9,2153,1663,98,97,1,-1,-1,-1
438,10,694,1178,47,45,1,-1,-1,-1
439,0,2433,1274,140,120,1,-1,-1,-1
439,1,662,1057,162,171,1,-1,-1,-1
439,2,995,1282,132,97,1,-1,-1,-1
439,3,2568,536,141,117,1,-1,-1,-1
439,4,2184,1250,105,101,1,-1,-1,-1
439,5,413,913,162,93,1,-1,-1,-1
439,6,2551,1108,131,107,1,-1,-1,-1
439,7,2298,1004,124,115,1,-1,-1,-1
439,8,2503,1578,151,102,1,-1,-1,-1
439,9,2153,1664,98,97,1,-1,-1,-1
439,10,693,1182,47,45,1,-1,-1,-1
440,0,2436,1275,140,118,1,-1,-1,-1
440,1,657,1066,164,156,1,-1,-1,-1
440,2,1002,1282,131,97,1,-1,-1,-1
440,3,2570,537,141,117,1,-1,-1,-1
440,4,2184,1249,105,101,1,-1,-1,-1
440,5,411,912,161,93,1,-1,-1,-1
440,6,2553,1110,131,107,1,-1,-1,-1
440,7,2296,1001,124,116,1,-1,-1,-1
440,8,2496,1578,153,102,1,-1,-1,-1
440,9,2154,1664,98,98,1,-1,-1,-1
440,10,692,1181,47,45,1,-1,-1,-1
441,0,2438,1275,141,117,1,-1,-1,-1
441,1,653,1075,166,142,1,-1,-1,-1
441,2,1008,1282,131,97,1,-1,-1,-1
441,3,2572,537,140,117,1,-1,-1,-1
441,4,2185,1248,105,101,1,-1,-1,-1
441,5,409,911,160,93,1,-1,-1,-1
441,6,2555,1112,131,107,1,-1,-1,-1
441,7,2294,998,124,116,1,-1,-1,-1
441,8,2488,1578,155,102,1,-1,-1,-1
441,9,2154,1664,98,98,1,-1,-1,-1
441,10,692,1180,47,45,1,-1,-1,-1
442,0,2441,1276,141,115,1,-1,-1,-1
442,1,649,1085,168,128,1,-1,-1,-1
442,2,1015,1283,130,97,1,-1,-1,-1
442,3,2573,538,140,117,1,-1,-1,-1
442,4,2185,1248,105,101,1,-1,-1,-1
442,5,408,911,159,93,1,-1,-1,-1
442,6,2557,1114,131,107,1,-1,-1,-1
442,7,2292,994,124,117,1,-1,-1,-1
442,8,2481,1578,157,102,1,-1,-1,-1
442,9,2155,1664,98,99,1,-1,-1,-1
442,10,693,1167,47,45,1,-1,-1,-1
443,0,2443,1277,141,114,1,-1,-1,-1
443,1,647,1090,168,128,1,-1,-1,-1
443,2,1021,1283,129,96,1,-1,-1,-1
443,3,2575,539,139,117,1,-1,-1,-1
443,4,2185,1247,105,101,1,-1,-1,-1
443,5,406,910,159,93,1,-1,-1,-1
443,6,2558,1116,131,107,1,-1,-1,-1
443,7,2290,991,124,118,1,-1,-1,-1
443,8,2470,1576,156,101,1,-1,-1,-1
443,9,2155,1664,98,99,1,-1,-1,-1
443,10,694,1154,47,45,1,-1,-1,-1
444,0,2445,1278,141,113,1,-1,-1,-1
444,1,645,1095,168,128,1,-1,-1,-1
444,2,1027,1283,129,96,1,-1,-1,-1
444,3,2577,539,139,118,1,-1,-1,-1
444,4,2185,1246,105,101,1,-1,-1,-1
444,5,404,909,158,93,1,-1,-1,-1
444,6,2560,1118,131,107,1,-1,-1,-1
444,7,2288,988,124,118,1,-1,-1,-1
444,8,2459,1574,155,101,1,-1,-1,-1
444,9,2156,1664,98,100,1,-1,-1,-1
444,10,695,1141,47,45,1,-1,-1,-1
445,0,2448,1279,141,111,1,-1,-1,-1
445,1,644,1100,168,128,1,-1,-1,-1
445,2,1034,1283,128,96,1,-1,-1,-1
445,3,2578,540,138,118,1,-1,-1,-1
445,4,2185,1246,105,101,1,-1,-1,-1
445,5,403,909,158,93,1,-1,-1,-1
445,6,2562,1120,131,107,1,-1,-1,-1
445,7,2286,984,124,119,1,-1,-1,-1
445,8,2449,1572,154,101,1,-1,-1,-1
445,9,2157,1664,98,101,1,-1,-1,-1
445,10,686,1132,47,45,1,-1,-1,-1
446,0,2450,1279,142,110,1,-1,-1,-1
446,1,642,1105,169,128,1,-1,-1,-1
446,2,1040,1283,128,96,1,-1,-1,-1
446,3,2580,541,138,118,1,-1,-1,-1
446,4,2185,1245,105,101,1,-1,-1,-1
446,5,402,909,157,93,1,-1,-1,-1
446,6,2564,1121,131,107,1,-1,-1,-1
446,7,2284,981,124,119,1,-1,-1,-1
446,8,2438,1570,153,101,1,-1,-1,-1
446,9,2157,1664,98,101,1,-1,-1,-1
446,10,677,1123,47,45,1,-1,-1,-1
447,0,2452,1280,142,109,1,-1,-1,-1
447,1,640,1110,169,129,1,-1,-1,-1
447,2,1047,1283,127,95,1,-1,-1,-1
447,3,2582,542,137,118,1,-1,-1,-1
447,4,2185,1244,105,101,1,-1,-1,-1
447,5,402,909,156,93,1,-1,-1,-1
447,6,2566,1123,131,107,1,-1,-1,-1
447,7,2282,978,124,120,1,-1,-1,-1
447,8,2428,1568,152,101,1,-1,-1,-1
447,9,2158,1664,98,102,1,-1,-1,-1
447,10,669,1115,47,45,1,-1,-1,-1
448,0,2455,1281,142,107,1,-1,-1,-1
448,1,639,1115,169,129,1,-1,-1,-1
448,2,1053,1284,127,95,1,-1,-1,-1
448,3,2583,542,137,118,1,-1,-1,-1
448,4,2186,1243,105,101,1,-1,-1,-1
448,5,402,909,155,93,1,-1,-1,-1
448,6,2567,1125,131,107,1,-1,-1,-1
448,7,2280,974,124,121,1,-1,-1,-1
448,8,2417,1567,151,101,1,-1,-1,-1
448,9,2158,1664,98,102,1,-1,-1,-1
448,10,657,1106,47,45,1,-1,-1,-1
449,0,2457,1282,142,106,1,-1,-1,-1
449,1,637,1120,170,129,1,-1,-1,-1
449,2,1060,1284,126,95,1,-1,-1,-1
449,3,2585,543,136,118,1,-1,-1,-1
449,4,2186,1243,105,101,1,-1,-1,-1
449,5,402,909,155,93,1,-1,-1,-1
449,6,2569,1127,131,107,1,-1,-1,-1
449,7,2278,971,124,121,1,-1,-1,-1
449,8,2407,1565,150,101,1,-1,-1,-1
449,9,2159,1664,98,103,1,-1,-1,-1
449,10,645,1097,47,45,1,-1,-1,-1
450,0,2460,1283,143,105,1,-1,-1,-1
450,1,635,1125,170,129,1,-1,-1,-1
450,2,1066,1284,126,95,1,-1,-1,-1
450,3,2587,544,136,118,1,-1,-1,-1
450,4,2186,1242,105,101,1,-1,-1,-1
450,5,402,909,154,93,1,-1,-1,-1
450,6,2571,1129,131,107,1,-1,-1,-1
450,7,2276,968,124,122,1,-1,-1,-1
450,8,2396,1563,149,101,1,-1,-1,-1
450,9,2160,1664,98,104,1,-1,-1,-1
450,10,634,1088,47,45,1,-1,-1,-1
451,0,2462,1281,143,104,1,-1,-1,-1
451,1,634,1130,170,129,1,-1,-1,-1
451,2,1073,1284,125,95,1,-1,-1,-1
451,3,2589,545,136,119,1,-1,-1,-1
451,4,2186,1241,105,101,1,-1,-1,-1
451,5,402,909,154,93,1,-1,-1,-1
451,6,2573,1131,131,107,1,-1,-1,-1
451,7,2274,964,124,122,1,-1,-1,-1
451,8,2386,1561,148,101,1,-1,-1,-1
451,9,2160,1664,98,104,1,-1,-1,-1
451,10,624,1078,47,45,1,-1,-1,-1
452,0,2464,1280,144,104,1,-1,-1,-1
452,1,632,1136,171,130,1,-1,-1,-1
452,2,1079,1284,125,94,1,-1,-1,-1
452,3,2590,547,137,117,1,-1,-1,-1
452,4,2186,1241,105,101,1,-1,-1,-1
452,5,402,909,153,93,1,-1,-1,-1
452,6,2575,1133,131,107,1,-1,-1,-1
452,7,2272,961,124,123,1,-1,-1,-1
452,8,2375,1559,147,100,1,-1,-1,-1
452,9,2161,1664,98,105,1,-1,-1,-1
452,10,615,1069,47,45,1,-1,-1,-1
453,0,2467,1279,145,104,1,-1,-1,-1
453,1,631,1141,171,130,1,-1,-1,-1
453,2,1085,1284,124,94,1,-1,-1,-1
453,3,2591,549,138,115,1,-1,-1,-1
453,4,2186,1240,105,101,1,-1,-1,-1
453,5,402,909,152,93,1,-1,-1,-1
453,6,2576,1135,131,107,1,-1,-1,-1
453,7,2271,958,124,124,1,-1,-1,-1
453,8,2364,1557,146,100,1,-1,-1,-1
453,9,2161,1664,98,105,1,-1,-1,-1
453,10,605,1059,47,45,1,-1,-1,-1
454,0,2469,1278,145,104,1,-1,-1,-1
454,1,629,1146,171,130,1,-1,-1,-1
454,2,1092,1285,124,94,1,-1,-1,-1
454,3,2592,551,139,113,1,-1,-1,-1
454,4,2186,1239,105,101,1,-1,-1,-1
454,5,402,910,152,93,1,-1,-1,-1
454,6,2578,1137,131,107,1,-1,-1,-1
454,7,2268,955,123,123,1,-1,-1,-1
454,8,2354,1556,145,100,1,-1,-1,-1
454,9,2162,1665,98,106,1,-1,-1,-1
454,10,596,1050,47,45,1,-1,-1,-1
455,0,2471,1277,146,104,1,-1,-1,-1
455,1,627,1151,172,130,1,-1,-1,-1
455,2,1098,1285,123,94,1,-1,-1,-1
455,3,2593,553,141,112,1,-1,-1,-1
455,4,2187,1239,105,101,1,-1,-1,-1
455,5,403,909,151,93,1,-1,-1,-1
455,6,2580,1139,131,107,1,-1,-1,-1
455,7,2266,952,123,123,1,-1,-1,-1
455,8,2343,1554,144,100,1,-1,-1,-1
455,9,2162,1665,98,106,1,-1,-1,-1
455,10,587,1041,47,45,1,-1,-1,-1
456,0,2474,1275,147,104,1,-1,-1,-1
456,1,626,1156,172,130,1,-1,-1,-1
456,2,1105,1285,123,93,1,-1,-1,-1
456,3,2594,555,142,110,1,-1,-1,-1
456,4,2186,1237,105,101,1,-1,-1,-1
456,5,405,909,150,93,1,-1,-1,-1
456,6,2582,1141,131,107,1,-1,-1,-1
456,7,2264,949,122,123,1,-1,-1,-1
456,8,2333,1552,143,100,1,-1,-1,-1
456,9,2163,1665,98,107,1,-1,-1,-1
456,10,579,1031,47,45,1,-1,-1,-1
457,0,2476,1274,147,104,1,-1,-1,-1
457,1,624,1161,172,131,1,-1,-1,-1
457,2,1111,1285,122,93,1,-1,-1,-1
457,3,2595,557,143,108,1,-1,-1,-1
457,4,2186,1235,105,101,1,-1,-1,-1
457,5,407,908,149,93,1,-1,-1,-1
457,6,2584,1142,131,107,1,-1,-1,-1
457,7,2262,946,122,122,1,-1,-1,-1
457,8,2322,1550,142,100,1,-1,-1,-1
457,9,2164,1665,98,108,1,-1,-1,-1
457,10,571,1022,47,45,1,-1,-1,-1
458,0,2478,1273,148,104,1,-1,-1,-1
458,1,622,1166,173,131,1,-1,-1,-1
458,2,1118,1285,122,93,1,-1,-1,-1
458,3,2596,559,145,107,1,-1,-1,-1
458,4,2186,1234,105,101,1,-1,-1,-1
458,5,409,908,148,93,1,-1,-1,-1
458,6,2585,1144,131,107,1,-1,-1,-1
458,7,2260,943,122,122,1,-1,-1,-1
458,8,2312,1548,141,100,1,-1,-1,-1
458,9,2164,1665,98,108,1,-1,-1,-1
458,10,563,1012,47,45,1,-1,-1,-1
459,0,2481,1272,149,103,1,-1,-1,-1
459,1,621,1171,173,131,1,-1,-1,-1
459,2,1124,1285,121,93,1,-1,-1,-1
459,3,2597,561,146,105,1,-1,-1,-1
459,4,2185,1232,105,101,1,-1,-1,-1
459,5,411,907,148,93,1,-1,-1,-1
459,6,2587,1146,131,107,1,-1,-1,-1
459,7,2258,940,121,122,1,-1,-1,-1
459,8,2301,1546,140,100,1,-1,-1,-1
459,9,2165,1665,98,109,1,-1,-1,-1
459,10,555,1003,47,45,1,-1,-1,-1
460,0,2483,1271,150,103,1,-1,-1,-1
460,1,619,1176,173,131,1,-1,-1,-1
460,2,1131,1286,121,93,1,-1,-1,-1
460,3,2598,563,147,103,1,-1,-1,-1
460,4,2185,1231,105,101,1,-1,-1,-1
460,5,413,907,147,93,1,-1,-1,-1
460,6,2589,1148,131,107,1,-1,-1,-1
460,7,2256,937,121,121,1,-1,-1,-1
460,8,2291,1545,139,100,1,-1,-1,-1
460,9,2165,1665,98,109,1,-1,-1,-1
460,10,551,994,47,45,1,-1,-1,-1
461,0,2485,1270,150,103,1,-1,-1,-1
461,1,618,1182,174,132,1,-1,-1,-1
461,2,1136,1285,120,93,1,-1,-1,-1
461,3,2600,565,149,102,1,-1,-1,-1
461,4,2185,1229,105,101,1,-1,-1,-1
461,5,415,906,146,93,1,-1,-1,-1
461,6,2591,1150,131,107,1,-1,-1,-1
461,7,2254,934,120,121,1,-1,-1,-1
461,8,2280,1543,138,100,1,-1,-1,-1
461,9,2166,1665,98,110,1,-1,-1,-1
461,10,548,985,47,45,1,-1,-1,-1
462,0,2488,1268,151,103,1,-1,-1,-1
462,1,617,1184,173,131,1,-1,-1,-1
462,2,1141,1284,120,93,1,-1,-1,-1
462,3,2601,566,149,102,1,-1,-1,-1
462,4,2184,1227,105,101,1,-1,-1,-1
462,5,417,906,146,93,1,-1,-1,-1
462,6,2593,1152,131,107,1,-1,-1,-1
462,7,2252,931,120,121,1,-1,-1,-1
462,8,2269,1541,137,99,1,-1,-1,-1
462,9,2166,1665,98,110,1,-1,-1,-1
462,10,545,976,47,45,1,-1,-1,-1
463,0,2490,1267,152,103,1,-1,-1,-1
463,1,616,1187,173,130,1,-1,-1,-1
463,2,1146,1283,120,93,1,-1,-1,-1
463,3,2602,568,149,102,1,-1,-1,-1
463,4,2184,1226,105,101,1,-1,-1,-1
463,5,419,905,145,93,1,-1,-1,-1
463,6,2594,1154,131,107,1,-1,-1,-1
463,7,2250,928,120,120,1,-1,-1,-1
463,8,2259,1539,136,99,1,-1,-1,-1
463,9,2167,1665,98,111,1,-1,-1,-1
463,10,542,967,47,45,1,-1,-1,-1
464,0,2492,1266,152,103,1,-1,-1,-1
464,1,615,1190,173,130,1,-1,-1,-1
464,2,1152,1282,120,94,1,-1,-1,-1
464,3,2603,570,149,102,1,-1,-1,-1
464,4,2184,1224,105,101,1,-1,-1,-1
464,5,421,905,144,93,1,-1,-1,-1
464,6,2596,1156,131,107,1,-1,-1,-1
464,7,2248,925,119,120,1,-1,-1,-1
464,8,2248,1537,135,99,1,-1,-1,-1
464,9,2168,1665,98,112,1,-1,-1,-1
464,10,539,958,47,45,1,-1,-1,-1
465,0,2495,1265,153,103,1,-1,-1,-1
465,1,614,1193,173,129,1,-1,-1,-1
465,2,1157,1281,120,94,1,-1,-1,-1
465,3,2604,572,149,102,1,-1,-1,-1
465,4,2183,1223,105,101,1,-1,-1,-1
465,5,423,904,143,93,1,-1,-1,-1
465,6,2598,1158,131,107,1,-1,-1,-1
465,7,2246,922,119,120,1,-1,-1,-1
465,8,2238,1535,134,99,1,-1,-1,-1
465,9,2168,1665,98,112,1,-1,-1,-1
465,10,537,950,47,45,1,-1,-1,-1
466,0,2497,1264,154,103,1,-1,-1,-1
466,1,614,1196,173,128,1,-1,-1,-1
466,2,1162,1280,120,94,1,-1,-1,-1
466,3,2605,574,149,102,1,-1,-1,-1
466,4,2183,1221,105,101,1,-1,-1,-1
466,5,425,904,143,93,1,-1,-1,-1
466,6,2600,1160,131,107,1,-1,-1,-1
466,7,2244,919,118,119,1,-1,-1,-1
466,8,2227,1534,133,99,1,-1,-1,-1
466,9,2169,1665,98,113,1,-1,-1,-1
466,10,534,942,47,45,1,-1,-1,-1
467,0,2500,1263,155,103,1,-1,-1,-1
467,1,613,1198,173,128,1,-1,-1,-1
467,2,1167,1279,120,94,1,-1,-1,-1
467,3,2606,576,149,102,1,-1,-1,-1
467,4,2183,1219,105,101,1,-1,-1,-1
467,5,429,901,143,95,1,-1,-1,-1
467,6,2602,1162,131,107,1,-1,-1,-1
467,7,2241,916,118,119,1,-1,-1,-1
467,8,2217,1532,132,99,1,-1,-1,-1
467,9,2169,1665,98,113,1,-1,-1,-1
467,10,532,934,47,45,1,-1,-1,-1
468,0,2501,1260,153,103,1,-1,-1,-1
468,1,612,1201,173,127,1,-1,-1,-1
468,2,1173,1278,119,95,1,-1,-1,-1
468,3,2607,578,149,102,1,-1,-1,-1
468,4,2182,1218,105,101,1,-1,-1,-1
468,5,434,898,144,97,1,-1,-1,-1
468,6,2603,1163,131,107,1,-1,-1,-1
468,7,2239,913,118,119,1,-1,-1,-1
468,8,2206,1530,131,99,1,-1,-1,-1
468,9,2170,1665,98,114,1,-1,-1,-1
468,10,531,925,47,45,1,-1,-1,-1
469,0,2503,1257,151,103,1,-1,-1,-1
469,1,611,1204,173,126,1,-1,-1,-1
469,2,1178,1277,119,95,1,-1,-1,-1
469,3,2608,580,149,103,1,-1,-1,-1
469,4,2182,1216,105,101,1,-1,-1,-1
469,5,438,895,144,99,1,-1,-1,-1
469,6,2604,1165,131,107,1,-1,-1,-1
469,7,2237,910,117,118,1,-1,-1,-1
469,8,2196,1528,130,99,1,-1,-1,-1
469,9,2171,1666,98,115,1,-1,-1,-1
469,10,530,917,47,45,1,-1,-1,-1
470,0,2504,1254,149,104,1,-1,-1,-1
470,1,610,1207,173,126,1,-1,-1,-1
470,2,1183,1276,119,95,1,-1,-1,-1
470,3,2609,582,149,103,1,-1,-1,-1
470,4,2182,1215,105,101,1,-1,-1,-1
470,5,443,892,145,101,1,-1,-1,-1
470,6,2606,1167,131,107,1,-1,-1,-1
470,7,2235,907,117,118,1,-1,-1,-1
470,8,2185,1526,129,99,1,-1,-1,-1
470,9,2171,1667,98,114,1,-1,-1,-1
470,10,529,911,47,45,1,-1,-1,-1
471,0,2506,1251,147,104,1,-1,-1,-1
471,1,610,1210,173,125,1,-1,-1,-1
471,2,1188,1275,119,95,1,-1,-1,-1
471,3,2610,584,149,103,1,-1,-1,-1
471,4,2181,1213,105,101,1,-1,-1,-1
471,5,447,889,146,103,1,-1,-1,-1
471,6,2607,1168,131,107,1,-1,-1,-1
471,7,2233,904,116,118,1,-1,-1,-1
471,8,2175,1525,129,99,1,-1,-1,-1
471,9,2171,1669,98,114,1,-1,-1,-1
471,10,528,905,47,45,1,-1,-1,-1
472,0,2507,1249,146,104,1,-1,-1,-1
472,1,609,1212,173,124,1,-1,-1,-1
472,2,1194,1274,119,96,1,-1,-1,-1
472,3,2611,586,149,103,1,-1,-1,-1
472,4,2181,1211,105,101,1,-1,-1,-1
472,5,452,886,146,105,1,-1,-1,-1
472,6,2608,1170,131,107,1,-1,-1,-1
472,7,2231,901,116,117,1,-1,-1,-1
472,8,2164,1520,128,99,1,-1,-1,-1
472,9,2172,1671,98,113,1,-1,-1,-1
472,10,527,900,47,45,1,-1,-1,-1
473,0,2509,1246,144,105,1,-1,-1,-1
473,1,608,1215,173,124,1,-1,-1,-1
473,2,1199,1273,119,96,1,-1,-1,-1
473,3,2612,588,149,103,1,-1,-1,-1
473,4,2181,1210,105,101,1,-1,-1,-1
473,5,456,883,147,107,1,-1,-1,-1
473,6,2610,1172,131,107,1,-1,-1,-1
473,7,2229,898,116,117,1,-1,-1,-1
473,8,2153,1516,127,99,1,-1,-1,-1
473,9,2172,1673,98,113,1,-1,-1,-1
473,10,527,894,47,45,1,-1,-1,-1
474,0,2510,1243,142,105,1,-1,-1,-1
474,1,607,1218,173,123,1,-1,-1,-1
474,2,1204,1272,119,96,1,-1,-1,-1
474,3,2613,589,149,103,1,-1,-1,-1
474,4,2180,1208,105,101,1,-1,-1,-1
474,5,461,881,148,109,1,-1,-1,-1
474,6,2611,1174,131,107,1,-1,-1,-1
474,7,2227,895,115,117,1,-1,-1,-1
474,8,2142,1512,126,99,1,-1,-1,-1
474,9,2173,1675,98,112,1,-1,-1,-1
474,10,528,888,47,45,1,-1,-1,-1
475,0,2512,1240,140,105,1,-1,-1,-1
475,1,606,1221,173,122,1,-1,-1,-1
475,2,1210,1271,119,97,1,-1,-1,-1
475,3,2614,591,149,103,1,-1,-1,-1
475,4,2180,1207,105,101,1,-1,-1,-1
475,5,465,878,144,111,1,-1,-1,-1
475,6,2612,1175,131,107,1,-1,-1,-1
475,7,2225,892,115,116,1,-1,-1,-1
475,8,2131,1507,125,99,1,-1,-1,-1
475,9,2173,1676,98,112,1,-1,-1,-1
475,10,528,882,47,45,1,-1,-1,-1
476,0,2513,1237,138,106,1,-1,-1,-1
476,1,606,1224,173,122,1,-1,-1,-1
476,2,1215,1270,118,97,1,-1,-1,-1
476,3,2615,593,149,103,1,-1,-1,-1
476,4,2180,1205,105,101,1,-1,-1,-1
476,5,469,875,140,113,1,-1,-1,-1
476,6,2614,1177,131,107,1,-1,-1,-1
476,7,2223,889,114,116,1,-1,-1,-1
476,8,2120,1503,124,99,1,-1,-1,-1
476,9,2174,1678,98,111,1,-1,-1,-1
476,10,529,877,47,45,1,-1,-1,-1
477,0,2515,1235,137,106,1,-1,-1,-1
477,1,606,1223,173,121,1,-1,-1,-1
477,2,1220,1269,118,97,1,-1,-1,-1
477,3,2616,595,149,104,1,-1,-1,-1
477,4,2180,1204,105,101,1,-1,-1,-1
477,5,474,872,137,115,1,-1,-1,-1
477,6,2615,1179,131,107,1,-1,-1,-1
477,7,2221,886,114,116,1,-1,-1,-1
477,8,2109,1499,123,99,1,-1,-1,-1
477,9,2174,1680,98,111,1,-1,-1,-1
477,10,531,874,47,45,1,-1,-1,-1
478,0,2516,1232,135,106,1,-1,-1,-1
478,1,607,1223,173,120,1,-1,-1,-1
478,2,1225,1268,118,97,1,-1,-1,-1
478,3,2617,597,149,104,1,-1,-1,-1
478,4,2181,1202,105,101,1,-1,-1,-1
478,5,478,869,133,117,1,-1,-1,-1
478,6,2616,1181,131,107,1,-1,-1,-1
478,7,2219,883,114,115,1,-1,-1,-1
478,8,2098,1495,122,99,1,-1,-1,-1
478,9,2175,1682,98,110,1,-1,-1,-1
478,10,533,872,47,45,1,-1,-1,-1
479,0,2518,1229,133,107,1,-1,-1,-1
479,1,608,1223,173,120,1,-1,-1,-1
479,2,1231,1267,118,98,1,-1,-1,-1
479,3,2618,599,149,104,1,-1,-1,-1
479,4,2183,1200,105,101,1,-1,-1,-1
479,5,483,866,130,119,1,-1,-1,-1
479,6,2618,1182,131,107,1,-1,-1,-1
479,7,2217,880,113,115,1,-1,-1,-1
479,8,2087,1490,121,99,1,-1,-1,-1
479,9,2175,1684,98,110,1,-1,-1,-1
479,10,535,870,47,45,1,-1,-1,-1
480,0,2519,1226,131,107,1,-1,-1,-1
480,1,609,1223,173,119,1,-1,-1,-1
480,2,1236,1266,118,98,1,-1,-1,-1
480,3,2619,601,149,104,1,-1,-1,-1
480,4,2185,1198,105,101,1,-1,-1,-1
480,5,487,863,126,121,1,-1,-1,-1
480,6,2619,1184,131,107,1,-1,-1,-1
480,7,2215,877,113,115,1,-1,-1,-1
480,8,2076,1486,120,99,1,-1,-1,-1
480,9,2175,1685,98,110,1,-1,-1,-1
480,10,538,868,47,45,1,-1,-1,-1
481,0,2521,1223,129,107,1,-1,-1,-1
481,1,610,1223,173,118,1,-1,-1,-1
481,2,1241,1265,118,98,1,-1,-1,-1
481,3,2620,603,149,104,1,-1,-1,-1
481,4,2187,1196,105,101,1,-1,-1,-1
481,5,492,861,123,123,1,-1,-1,-1
481,6,2620,1186,131,107,1,-1,-1,-1
481,7,2212,874,112,114,1,-1,-1,-1
481,8,2065,1482,119,99,1,-1,-1,-1
481,9,2176,1687,98,109,1,-1,-1,-1
481,10,547,866,47,45,1,-1,-1,-1
482,0,2523,1221,128,108,1,-1,-1,-1
482,1,610,1223,173,118,1,-1,-1,-1
482,2,1246,1264,118,98,1,-1,-1,-1
482,3,2621,605,149,104,1,-1,-1,-1
482,4,2189,1195,105,101,1,-1,-1,-1
482,5,500,861,124,122,1,-1,-1,-1
482,6,2622,1188,131,107,1,-1,-1,-1
482,7,2210,871,112,114,1,-1,-1,-1
482,8,2055,1478,118,99,1,-1,-1,-1
482,9,2176,1689,98,109,1,-1,-1,-1
482,10,556,864,47,45,1,-1,-1,-1
483,0,2524,1218,128,108,1,-1,-1,-1
483,1,611,1223,173,117,1,-1,-1,-1
483,2,1252,1263,117,99,1,-1,-1,-1
483,3,2622,607,149,104,1,-1,-1,-1
483,4,2191,1193,105,101,1,-1,-1,-1
483,5,508,861,126,121,1,-1,-1,-1
483,6,2623,1188,131,107,1,-1,-1,-1
483,7,2208,868,112,114,1,-1,-1,-1
483,8,2043,1470,119,101,1,-1,-1,-1
483,9,2177,1691,98,108,1,-1,-1,-1
483,10,566,863,47,45,1,-1,-1,-1
484,0,2526,1215,128,108,1,-1,-1,-1
484,1,612,1223,173,116,1,-1,-1,-1
484,2,1257,1262,117,99,1,-1,-1,-1
484,3,2623,609,149,104,1,-1,-1,-1
484,4,2193,1191,105,101,1,-1,-1,-1
484,5,516,861,128,120,1,-1,-1,-1
484,6,2624,1188,131,107,1,-1,-1,-1
484,7,2206,865,111,113,1,-1,-1,-1
484,8,2031,1463,120,103,1,-1,-1,-1
484,9,2177,1693,98,108,1,-1,-1,-1
484,10,578,863,47,45,1,-1,-1,-1
485,0,2527,1213,128,108,1,-1,-1,-1
485,1,613,1223,173,116,1,-1,-1,-1
485,2,1262,1261,117,99,1,-1,-1,-1
485,3,2625,611,150,105,1,-1,-1,-1
485,4,2195,1189,105,101,1,-1,-1,-1
485,5,524,861,129,120,1,-1,-1,-1
485,6,2625,1189,131,107,1,-1,-1,-1
485,7,2204,862,111,113,1,-1,-1,-1
485,8,2019,1456,122,105,1,-1,-1,-1
485,9,2178,1694,98,107,1,-1,-1,-1
485,10,591,863,47,45,1,-1,-1,-1
486,0,2529,1210,128,108,1,-1,-1,-1
486,1,614,1223,173,115,1,-1,-1,-1
486,2,1267,1260,117,99,1,-1,-1,-1
486,3,2626,613,150,105,1,-1,-1,-1
486,4,2197,1188,105,101,1,-1,-1,-1
486,5,532,861,131,119,1,-1,-1,-1
486,6,2626,1189,131,107,1,-1,-1,-1
486,7,2202,859,110,113,1,-1,-1,-1
486,8,2007,1449,123,108,1,-1,-1,-1
486,9,2178,1696,98,107,1,-1,-1,-1
486,10,604,863,47,45,1,-1,-1,-1
487,0,2530,1207,128,108,1,-1,-1,-1
487,1,615,1223,173,114,1,-1,-1,-1
487,2,1273,1259,117,100,1,-1,-1,-1
487,3,2628,615,150,105,1,-1,-1,-1
487,4,2199,1186,105,101,1,-1,-1,-1
487,5,540,861,133,118,1,-1,-1,-1
487,6,2627,1189,131,107,1,-1,-1,-1
487,7,2200,856,110,112,1,-1,-1,-1
487,8,1995,1442,125,110,1,-1,-1,-1
487,9,2179,1698,98,106,1,-1,-1,-1
487,10,617,863,47,45,1,-1,-1,-1
488,0,2532,1205,128,108,1,-1,-1,-1
488,1,615,1223,173,114,1,-1,-1,-1
488,2,1278,1258,117,100,1,-1,-1,-1
488,3,2629,618,150,105,1,-1,-1,-1
488,4,2201,1184,105,101,1,-1,-1,-1
488,5,548,861,134,118,1,-1,-1,-1
488,6,2628,1190,131,107,1,-1,-1,-1
488,7,2198,853,110,112,1,-1,-1,-1
488,8,1983,1435,126,112,1,-1,-1,-1
488,9,2179,1700,98,106,1,-1,-1,-1
488,10,633,861,47,45,1,-1,-1,-1
489,0,2533,1202,128,108,1,-1,-1,-1
489,1,616,1223,173,113,1,-1,-1,-1
489,2,1283,1257,117,100,1,-1,-1,-1
489,3,2631,620,150,105,1,-1,-1,-1
489,4,2203,1182,105,101,1,-1,-1,-1
489,5,556,861,136,117,1,-1,-1,-1
489,6,2630,1190,131,107,1,-1,-1,-1
489,7,2196,850,109,112,1,-1,-1,-1
489,8,1971,1428,128,114,1,-1,-1,-1
489,9,2180,1702,99,106,1,-1,-1,-1
489,10,650,860,47,45,1,-1,-1,-1
490,0,2535,1199,128,108,1,-1,-1,-1
490,1,617,1223,173,112,1,-1,-1,-1
490,2,1289,1257,117,101,1,-1,-1,-1
490,3,2632,623,150,105,1,-1,-1,-1
490,4,2205,1181,105,101,1,-1,-1,-1
490,5,564,861,138,116,1,-1,-1,-1
490,6,2631,1190,131,107,1,-1,-1,-1
490,7,2194,847,109,111,1,-1,-1,-1
490,8,1959,1421,129,117,1,-1,-1,-1
490,9,2182,1701,99,106,1,-1,-1,-1
490,10,666,859,47,45,1,-1,-1,-1
491,0,2536,1197,128,108,1,-1,-1,-1
491,1,618,1223,173,112,1,-1,-1,-1
491,2,1291,1255,117,100,1,-1,-1,-1
491,3,2634,625,150,105,1,-1,-1,-1
491,4,2207,1179,105,101,1,-1,-1,-1
491,5,572,861,140,116,1,-1,-1,-1
491,6,2632,1191,131,107,1,-1,-1,-1
491,7,2192,844,108,111,1,-1,-1,-1
491,8,1947,1414,131,119,1,-1,-1,-1
491,9,2184,1701,99,106,1,-1,-1,-1
491,10,683,858,47,45,1,-1,-1,-1
492,0,2538,1194,128,108,1,-1,-1,-1
492,1,619,1223,173,111,1,-1,-1,-1
492,2,1294,1254,118,100,1,-1,-1,-1
492,3,2635,628,150,105,1,-1,-1,-1
492,4,2209,1177,105,101,1,-1,-1,-1
492,5,582,859,141,115,1,-1,-1,-1
492,6,2633,1191,131,107,1,-1,-1,-1
492,7,2190,841,108,111,1,-1,-1,-1
492,8,1935,1407,132,121,1,-1,-1,-1
492,9,2186,1701,99,107,1,-1,-1,-1
492,10,700,857,47,45,1,-1,-1,-1
493,0,2539,1192,128,108,1,-1,-1,-1
493,1,620,1223,173,111,1,-1,-1,-1
493,2,1297,1252,119,100,1,-1,-1,-1
493,3,2637,630,150,106,1,-1,-1,-1
493,4,2211,1175,105,101,1,-1,-1,-1
493,5,592,858,143,114,1,-1,-1,-1
493,6,2634,1191,131,107,1,-1,-1,-1
493,7,2188,838,108,110,1,-1,-1,-1
493,8,1924,1400,134,124,1,-1,-1,-1
493,9,2189,1701,99,107,1,-1,-1,-1
493,10,698,854,47,45,1,-1,-1,-1
494,0,2541,1189,128,108,1,-1,-1,-1
494,1,621,1221,171,111,1,-1,-1,-1
494,2,1300,1251,120,100,1,-1,-1,-1
494,3,2639,633,150,106,1,-1,-1,-1
494,4,2213,1173,105,101,1,-1,-1,-1
494,5,602,856,144,113,1,-1,-1,-1
494,6,2635,1192,131,107,1,-1,-1,-1
494,7,2186,835,107,110,1,-1,-1,-1
494,8,1915,1393,133,122,1,-1,-1,-1
494,9,2191,1700,100,107,1,-1,-1,-1
494,10,697,852,47,45,1,-1,-1,-1
495,0,2542,1186,128,108,1,-1,-1,-1
495,1,622,1219,170,111,1,-1,-1,-1
495,2,1303,1249,121,99,1,-1,-1,-1
495,3,2640,635,150,106,1,-1,-1,-1
495,4,2215,1172,105,101,1,-1,-1,-1
495,5,612,855,146,113,1,-1,-1,-1
495,6,2636,1192,131,107,1,-1,-1,-1
495,7,2183,832,107,110,1,-1,-1,-1
495,8,1907,1387,133,121,1,-1,-1,-1
495,9,2193,1700,100,108,1,-1,-1,-1
495,10,696,850,47,45,1,-1,-1,-1
496,0,2544,1184,128,108,1,-1,-1,-1
496,1,623,1217,169,111,1,-1,-1,-1
496,2,1306,1248,122,99,1,-1,-1,-1
496,3,2642,638,150,106,1,-1,-1,-1
496,4,2217,1170,105,101,1,-1,-1,-1
496,5,622,853,148,112,1,-1,-1,-1
496,6,2638,1192,131,107,1,-1,-1,-1
496,7,2181,829,106,109,1,-1,-1,-1
496,8,1899,1381,133,119,1,-1,-1,-1
496,9,2195,1700,100,108,1,-1,-1,-1
496,10,695,848,47,45,1,-1,-1,-1
497,0,2546,1181,128,108,1,-1,-1,-1
497,1,625,1215,168,111,1,-1,-1,-1
497,2,1309,1246,123,99,1,-1,-1,-1
497,3,2643,640,150,106,1,-1,-1,-1
497,4,2219,1168,105,101,1,-1,-1,-1
497,5,632,852,149,111,1,-1,-1,-1
497,6,2639,1193,131,107,1,-1,-1,-1
497,7,2179,826,106,109,1,-1,-1,-1
497,8,1891,1375,133,118,1,-1,-1,-1
497,9,2198,1700,100,108,1,-1,-1,-1
497,10,694,846,47,45,1,-1,-1,-1
498,0,2547,1178,128,108,1,-1,-1,-1
498,1,626,1214,166,111,1,-1,-1,-1
498,2,1312,1245,124,99,1,-1,-1,-1
498,3,2645,643,150,106,1,-1,-1,-1
498,4,2221,1166,105,101,1,-1,-1,-1
498,5,642,850,151,110,1,-1,-1,-1
498,6,2640,1193,131,107,1,-1,-1,-1
498,7,2177,823,106,109,1,-1,-1,-1
498,8,1883,1368,132,117,1,-1,-1,-1
498,9,2200,1700,101,109,1,-1,-1,-1
498,10,699,842,47,45,1,-1,-1,-1
499,0,2549,1176,128,108,1,-1,-1,-1
499,1,627,1212,165,111,1,-1,-1,-1
499,2,1315,1244,125,99,1,-1,-1,-1
499,3,2646,645,150,106,1,-1,-1,-1
499,4,2223,1165,105,101,1,-1,-1,-1
499,5,652,849,153,110,1,-1,-1,-1
499,6,2641,1193,131,107,1,-1,-1,-1
499,7,2175,820,105,108,1,-1,-1,-1
499,8,1875,1362,132,115,1,-1,-1,-1
499,9,2202,1699,101,109,1,-1,-1,-1
499,10,704,839,47,45,1,-1,-1,-1
500,0,2550,1173,128,108,1,-1,-1,-1
500,1,628,1210,164,111,1,-1,-1,-1
500,2,1318,1242,126,98,1,-1,-1,-1
500,3,2648,648,150,107,1,-1,-1,-1
500,4,2225,1163,105,101,1,-1,-1,-1
500,5,664,844,150,112,1,-1,-1,-1
500,6,2642,1194,131,107,1,-1,-1,-1
500,7,2173,817,105,108,1,-1,-1,-1
500,8,1867,1356,132,114,1,-1,-1,-1
500,9,2204,1699,101,109,1,-1,-1,-1
500,10,709,835,47,45,1,-1,-1,-1
501,0,2552,1170,128,108,1,-1,-1,-1
501,1,630,1208,163,111,1,-1,-1,-1
501,2,1321,1241,127,98,1,-1,-1,-1
501,3,2650,650,150,107,1,-1,-1,-1
501,4,2227,1161,105,101,1,-1,-1,-1
501,5,676,839,147,114,1,-1,-1,-1
501,6,2643,1194,131,107,1,-1,-1,-1
501,7,2171,814,104,108,1,-1,-1,-1
501,8,1858,1350,132,113,1,-1,-1,-1
501,9,2207,1699,101,110,1,-1,-1,-1
501,10,714,832,47,45,1,-1,-1,-1
502,0,2553,1168,128,108,1,-1,-1,-1
502,1,631,1206,162,111,1,-1,-1,-1
502,2,1324,1239,127,98,1,-1,-1,-1
502,3,2651,653,150,107,1,-1,-1,-1
502,4,2229,1159,105,101,1,-1,-1,-1
502,5,688,834,144,116,1,-1,-1,-1
502,6,2644,1194,131,107,1,-1,-1,-1
502,7,2169,811,104,107,1,-1,-1,-1
502,8,1850,1344,132,111,1,-1,-1,-1
502,9,2209,1699,101,110,1,-1,-1,-1
502,10,719,829,47,45,1,-1,-1,-1
503,0,2555,1165,128,108,1,-1,-1,-1
503,1,632,1205,160,111,1,-1,-1,-1
503,2,1327,1238,128,98,1,-1,-1,-1
503,3,2653,655,150,107,1,-1,-1,-1
503,4,2231,1158,105,101,1,-1,-1,-1
503,5,700,829,142,118,1,-1,-1,-1
503,6,2646,1195,131,107,1,-1,-1,-1
503,7,2167,808,104,107,1,-1,-1,-1
503,8,1842,1337,131,110,1,-1,-1,-1
503,9,2211,1698,102,110,1,-1,-1,-1
503,10,730,825,47,45,1,-1,-1,-1
504,0,2556,1163,128,108,1,-1,-1,-1
504,1,633,1203,159,111,1,-1,-1,-1
504,2,1330,1236,129,97,1,-1,-1,-1
504,3,2654,658,150,107,1,-1,-1,-1
504,4,2233,1156,105,101,1,-1,-1,-1
504,5,712,824,139,120,1,-1,-1,-1
504,6,2647,1195,131,107,1,-1,-1,-1
504,7,2165,805,103,107,1,-1,-1,-1
504,8,1834,1331,131,109,1,-1,-1,-1
504,9,2214,1698,102,111,1,-1,-1,-1
504,10,742,822,47,45,1,-1,-1,-1
505,0,2558,1160,128,108,1,-1,-1,-1
505,1,635,1201,158,112,1,-1,-1,-1
505,2,1333,1235,130,97,1,-1,-1,-1
505,3,2656,660,150,107,1,-1,-1,-1
505,4,2235,1154,105,101,1,-1,-1,-1
505,5,724,819,136,122,1,-1,-1,-1
505,6,2648,1195,131,107,1,-1,-1,-1
505,7,2163,802,103,106,1,-1,-1,-1
505,8,1826,1325,131,107,1,-1,-1,-1
505,9,2216,1698,102,111,1,-1,-1,-1
505,10,753,818,47,45,1,-1,-1,-1
506,0,2559,1157,128,108,1,-1,-1,-1
506,1,636,1199,157,112,1,-1,-1,-1
506,2,1336,1234,131,97,1,-1,-1,-1
506,3,2657,663,150,107,1,-1,-1,-1
506,4,2237,1152,105,101,1,-1,-1,-1
506,5,736,815,134,124,1,-1,-1,-1
506,6,2649,1196,131,107,1,-1,-1,-1
506,7,2161,799,102,106,1,-1,-1,-1
506,8,1818,1319,131,106,1,-1,-1,-1
506,9,2218,1698,102,111,1,-1,-1,-1
506,10,765,815,47,45,1,-1,-1,-1
507,0,2561,1155,128,108,1,-1,-1,-1
507,1,637,1197,156,112,1,-1,-1,-1
507,2,1339,1232,132,97,1,-1,-1,-1
507,3,2659,665,150,108,1,-1,-1,-1
507,4,2239,1151,105,101,1,-1,-1,-1
507,5,748,814,138,122,1,-1,-1,-1
507,6,2650,1196,131,107,1,-1,-1,-1
507,7,2159,796,102,106,1,-1,-1,-1
507,8,1810,1313,131,105,1,-1,-1,-1
507,9,2220,1698,103,112,1,-1,-1,-1
507,10,781,814,47,45,1,-1,-1,-1
508,0,2562,1152,128,108,1,-1,-1,-1
508,1,638,1196,154,112,1,-1,-1,-1
508,2,1342,1231,133,97,1,-1,-1,-1
508,3,2661,667,150,108,1,-1,-1,-1
508,4,2241,1150,105,100,1,-1,-1,-1
508,5,761,814,142,121,1,-1,-1,-1
508,6,2651,1196,131,107,1,-1,-1,-1
508,7,2157,794,102,106,1,-1,-1,-1
508,8,1808,1306,125,107,1,-1,-1,-1
508,9,2223,1697,103,112,1,-1,-1,-1
508,10,798,813,47,45,1,-1,-1,-1
509,0,2564,1149,128,108,1,-1,-1,-1
509,1,640,1194,153,112,1,-1,-1,-1
509,2,1345,1229,134,96,1,-1,-1,-1
509,3,2662,670,150,108,1,-1,-1,-1
509,4,2243,1149,105,100,1,-1,-1,-1
509,5,774,814,146,119,1,-1,-1,-1
509,6,2652,1197,131,107,1,-1,-1,-1
509,7,2156,790,102,107,1,-1,-1,-1
509,8,1807,1300,119,110,1,-1,-1,-1
509,9,2225,1697,103,112,1,-1,-1,-1
509,10,815,812,47,45,1,-1,-1,-1
510,0,2566,1147,128,108,1,-1,-1,-1
510,1,641,1192,152,112,1,-1,-1,-1
510,2,1348,1228,135,96,1,-1,-1,-1
510,3,2664,672,150,108,1,-1,-1,-1
510,4,2246,1148,106,100,1,-1,-1,-1
510,5,787,814,150,118,1,-1,-1,-1
510,6,2654,1197,131,107,1,-1,-1,-1
510,7,2156,787,102,108,1,-1,-1,-1
510,8,1806,1294,113,113,1,-1,-1,-1
510,9,2227,1697,103,113,1,-1,-1,-1
510,10,836,812,47,45,1,-1,-1,-1
511,0,2567,1144,128,108,1,-1,-1,-1
511,1,642,1190,151,112,1,-1,-1,-1
511,2,1351,1226,136,96,1,-1,-1,-1
511,3,2665,675,150,108,1,-1,-1,-1
511,4,2248,1147,106,99,1,-1,-1,-1
511,5,800,814,139,117,1,-1,-1,-1
511,6,2655,1197,131,107,1,-1,-1,-1
511,7,2155,784,102,109,1,-1,-1,-1
511,8,1801,1286,111,112,1,-1,-1,-1
511,9,2229,1697,103,113,1,-1,-1,-1
511,10,857,813,47,45,1,-1,-1,-1
512,0,2569,1141,128,108,1,-1,-1,-1
512,1,643,1188,150,112,1,-1,-1,-1
512,2,1354,1225,137,96,1,-1,-1,-1
512,3,2667,677,150,108,1,-1,-1,-1
512,4,2250,1147,107,99,1,-1,-1,-1
512,5,812,813,141,114,1,-1,-1,-1
512,6,2656,1198,131,107,1,-1,-1,-1
512,7,2155,781,103,110,1,-1,-1,-1
512,8,1797,1279,110,111,1,-1,-1,-1
512,9,2232,1696,104,113,1,-1,-1,-1
512,10,879,814,47,45,1,-1,-1,-1
513,0,2570,1139,128,108,1,-1,-1,-1
513,1,645,1187,148,112,1,-1,-1,-1
513,2,1357,1224,138,96,1,-1,-1,-1
513,3,2668,680,150,108,1,-1,-1,-1
513,4,2253,1146,107,99,1,-1,-1,-1
513,5,824,812,143,112,1,-1,-1,-1
513,6,2657,1198,131,107,1,-1,-1,-1
513,7,2154,778,103,111,1,-1,-1,-1
513,8,1793,1272,109,111,1,-1,-1,-1
513,9,2234,1696,104,114,1,-1,-1,-1
513,10,901,815,47,45,1,-1,-1,-1
514,0,2572,1136,128,108,1,-1,-1,-1
514,1,646,1185,147,112,1,-1,-1,-1
514,2,1363,1222,134,97,1,-1,-1,-1
514,3,2670,682,150,108,1,-1,-1,-1
514,4,2255,1145,107,98,1,-1,-1,-1
514,5,837,812,145,109,1,-1,-1,-1
514,6,2658,1198,131,107,1,-1,-1,-1
514,7,2154,775,103,113,1,-1,-1,-1
514,8,1789,1264,108,110,1,-1,-1,-1
514,9,2236,1696,104,114,1,-1,-1,-1
514,10,923,816,47,45,1,-1,-1,-1
515,0,2573,1134,128,108,1,-1,-1,-1
515,1,647,1183,146,112,1,-1,-1,-1
515,2,1370,1220,131,99,1,-1,-1,-1
515,3,2672,685,150,109,1,-1,-1,-1
515,4,2257,1144,108,98,1,-1,-1,-1
515,5,849,811,148,107,1,-1,-1,-1
515,6,2659,1199,131,107,1,-1,-1,-1
515,7,2153,772,103,114,1,-1,-1,-1
515,8,1785,1257,107,109,1,-1,-1,-1
515,9,2238,1696,104,114,1,-1,-1,-1
515,10,946,818,47,45,1,-1,-1,-1
516,0,2575,1131,128,108,1,-1,-1,-1
516,1,648,1181,145,112,1,-1,-1,-1
516,2,1377,1218,128,101,1,-1,-1,-1
516,3,2673,687,150,109,1,-1,-1,-1
516,4,2260,1144,108,98,1,-1,-1,-1
516,5,861,810,150,104,1,-1,-1,-1
516,6,2660,1199,131,107,1,-1,-1,-1
516,7,2153,769,104,115,1,-1,-1,-1
516,8,1780,1250,105,109,1,-1,-1,-1
516,9,2241,1696,105,115,1,-1,-1,-1
516,10,969,821,47,45,1,-1,-1,-1
517,0,2576,1128,128,108,1,-1,-1,-1
517,1,650,1180,144,113,1,-1,-1,-1
517,2,1384,1217,125,103,1,-1,-1,-1
517,3,2675,690,150,109,1,-1,-1,-1
517,4,2262,1143,109,98,1,-1,-1,-1
517,5,874,810,152,102,1,-1,-1,-1
517,6,2662,1199,131,107,1,-1,-1,-1
517,7,2152,766,104,116,1,-1,-1,-1
517,8,1776,1242,104,108,1,-1,-1,-1
517,9,2243,1695,105,115,1,-1,-1,-1
517,10,993,824,47,45,1,-1,-1,-1
518,0,2578,1126,128,108,1,-1,-1,-1
518,1,651,1178,144,112,1,-1,-1,-1
518,2,1391,1215,121,104,1,-1,-1,-1
518,3,2676,692,150,109,1,-1,-1,-1
518,4,2264,1142,109,97,1,-1,-1,-1
518,5,886,809,154,99,1,-1,-1,-1
518,6,2663,1200,131,107,1,-1,-1,-1
518,7,2152,763,104,117,1,-1,-1,-1
518,8,1772,1235,103,108,1,-1,-1,-1
518,9,2245,1695,105,115,1,-1,-1,-1
518,10,1017,827,47,45,1,-1,-1,-1
519,0,2579,1123,128,108,1,-1,-1,-1
519,1,652,1176,144,112,1,-1,-1,-1
519,2,1398,1213,118,106,1,-1,-1,-1
519,3,2678,695,150,109,1,-1,-1,-1
519,4,2267,1141,109,97,1,-1,-1,-1
519,5,899,809,157,97,1,-1,-1,-1
519,6,2664,1200,131,107,1,-1,-1,-1
519,7,2152,760,105,119,1,-1,-1,-1
519,8,1768,1228,102,107,1,-1,-1,-1
519,9,2248,1695,105,116,1,-1,-1,-1
519,10,1041,831,47,45,1,-1,-1,-1
520,0,2581,1120,128,108,1,-1,-1,-1
520,1,654,1174,144,112,1,-1,-1,-1
520,2,1405,1211,115,108,1,-1,-1,-1
520,3,2679,697,150,109,1,-1,-1,-1
520,4,2269,1140,110,97,1,-1,-1,-1
520,5,917,807,147,96,1,-1,-1,-1
520,6,2665,1200,131,107,1,-1,-1,-1
520,7,2152,756,105,119,1,-1,-1,-1
520,8,1764,1220,101,106,1,-1,-1,-1
520,9,2250,1695,105,116,1,-1,-1,-1
520,10,1053,834,47,45,1,-1,-1,-1
521,0,2582,1118,128,108,1,-1,-1,-1
521,1,655,1172,144,112,1,-1,-1,-1
521,2,1412,1210,112,110,1,-1,-1,-1
521,3,2681,700,150,109,1,-1,-1,-1
521,4,2271,1140,110,96,1,-1,-1,-1
521,5,936,805,138,95,1,-1,-1,-1
521,6,2666,1201,131,107,1,-1,-1,-1
521,7,2153,752,105,119,1,-1,-1,-1
521,8,1759,1213,99,106,1,-1,-1,-1
521,9,2252,1694,106,116,1,-1,-1,-1
521,10,1066,838,47,45,1,-1,-1,-1
522,0,2584,1115,128,108,1,-1,-1,-1
522,1,657,1170,145,111,1,-1,-1,-1
522,2,1415,1209,116,111,1,-1,-1,-1
522,3,2683,702,150,110,1,-1,-1,-1
522,4,2274,1139,111,96,1,-1,-1,-1
522,5,955,803,128,95,1,-1,-1,-1
522,6,2667,1201,131,107,1,-1,-1,-1
522,7,2154,748,105,119,1,-1,-1,-1
522,8,1755,1206,98,105,1,-1,-1,-1
522,9,2254,1694,106,117,1,-1,-1,-1
522,10,1069,839,47,45,1,-1,-1,-1
523,0,2586,1113,128,108,1,-1,-1,-1
523,1,658,1168,145,111,1,-1,-1,-1
523,2,1418,1208,120,113,1,-1,-1,-1
523,3,2684,705,150,110,1,-1,-1,-1
523,4,2276,1138,111,96,1,-1,-1,-1
523,5,974,801,119,94,1,-1,-1,-1
523,6,2669,1202,131,107,1,-1,-1,-1
523,7,2155,744,105,119,1,-1,-1,-1
523,8,1751,1198,97,104,1,-1,-1,-1
523,9,2257,1694,106,117,1,-1,-1,-1
523,10,1072,840,47,45,1,-1,-1,-1
524,0,2588,1109,128,108,1,-1,-1,-1
524,1,660,1166,145,111,1,-1,-1,-1
524,2,1421,1207,124,114,1,-1,-1,-1
524,3,2686,707,150,110,1,-1,-1,-1
524,4,2278,1137,111,95,1,-1,-1,-1
524,5,993,800,110,94,1,-1,-1,-1
524,6,2670,1202,130,107,1,-1,-1,-1
524,7,2156,740,106,119,1,-1,-1,-1
524,8,1747,1191,96,104,1,-1,-1,-1
524,9,2259,1694,106,117,1,-1,-1,-1
524,10,1077,842,47,45,1,-1,-1,-1
525,0,2590,1106,128,108,1,-1,-1,-1
525,1,661,1164,145,111,1,-1,-1,-1
525,2,1424,1206,128,116,1,-1,-1,-1
525,3,2687,710,150,110,1,-1,-1,-1
525,4,2281,1137,112,95,1,-1,-1,-1
525,5,1002,798,119,96,1,-1,-1,-1
525,6,2671,1202,130,108,1,-1,-1,-1
525,7,2157,736,106,119,1,-1,-1,-1
525,8,1743,1184,95,103,1,-1,-1,-1
525,9,2261,1694,107,118,1,-1,-1,-1
525,10,1082,845,47,45,1,-1,-1,-1
526,0,2593,1103,128,108,1,-1,-1,-1
526,1,663,1162,145,111,1,-1,-1,-1
526,2,1427,1205,133,118,1,-1,-1,-1
526,3,2689,712,150,110,1,-1,-1,-1
526,4,2283,1136,112,95,1,-1,-1,-1
526,5,1012,796,129,98,1,-1,-1,-1
526,6,2673,1202,130,109,1,-1,-1,-1
526,7,2158,732,106,119,1,-1,-1,-1
526,8,1739,1177,94,103,1,-1,-1,-1
526,9,2263,1693,107,118,1,-1,-1,-1
526,10,1088,846,47,45,1,-1,-1,-1
527,0,2595,1099,128,108,1,-1,-1,-1
527,1,664,1160,146,110,1,-1,-1,-1
527,2,1430,1204,133,116,1,-1,-1,-1
527,3,2690,715,150,110,1,-1,-1,-1
527,4,2285,1135,113,95,1,-1,-1,-1
527,5,1021,794,138,100,1,-1,-1,-1
527,6,2674,1202,130,110,1,-1,-1,-1
527,7,2159,728,106,119,1,-1,-1,-1
527,8,1736,1169,94,103,1,-1,-1,-1
527,9,2266,1693,107,118,1,-1,-1,-1
527,10,1094,847,47,45,1,-1,-1,-1
528,0,2597,1096,128,108,1,-1,-1,-1
528,1,666,1158,146,110,1,-1,-1,-1
528,2,1433,1203,134,114,1,-1,-1,-1
528,3,2692,717,150,110,1,-1,-1,-1
528,4,2288,1134,113,94,1,-1,-1,-1
528,5,1031,793,148,102,1,-1,-1,-1
528,6,2676,1202,130,111,1,-1,-1,-1
528,7,2159,725,107,119,1,-1,-1,-1
528,8,1734,1161,94,103,1,-1,-1,-1
528,9,2268,1693,107,119,1,-1,-1,-1
528,10,1101,848,47,45,1,-1,-1,-1
529,0,2600,1093,128,108,1,-1,-1,-1
529,1,667,1156,146,110,1,-1,-1,-1
529,2,1436,1202,135,113,1,-1,-1,-1
529,3,2694,720,150,111,1,-1,-1,-1
529,4,2290,1133,113,94,1,-1,-1,-1
529,5,1040,791,147,103,1,-1,-1,-1
529,6,2677,1202,129,112,1,-1,-1,-1
529,7,2160,721,107,119,1,-1,-1,-1
529,8,1732,1153,94,103,1,-1,-1,-1
529,9,2270,1693,107,119,1,-1,-1,-1
529,10,1111,847,47,45,1,-1,-1,-1
530,0,2602,1089,128,108,1,-1,-1,-1
530,1,669,1154,146,110,1,-1,-1,-1
530,2,1439,1201,135,111,1,-1,-1,-1
530,3,2696,721,149,111,1,-1,-1,-1
530,4,2292,1133,114,94,1,-1,-1,-1
530,5,1050,789,146,105,1,-1,-1,-1
530,6,2678,1202,129,113,1,-1,-1,-1
530,7,2161,717,107,119,1,-1,-1,-1
530,8,1730,1146,94,103,1,-1,-1,-1
530,9,2272,1692,108,119,1,-1,-1,-1
530,10,1122,847,47,45,1,-1,-1,-1
531,0,2604,1086,128,108,1,-1,-1,-1
531,1,670,1152,146,110,1,-1,-1,-1
531,2,1442,1200,136,109,1,-1,-1,-1
531,3,2699,723,149,111,1,-1,-1,-1
531,4,2295,1132,114,93,1,-1,-1,-1
531,5,1060,788,145,107,1,-1,-1,-1
531,6,2680,1203,129,113,1,-1,-1,-1
531,7,2162,713,107,119,1,-1,-1,-1
531,8,1728,1138,94,103,1,-1,-1,-1
531,9,2275,1692,108,120,1,-1,-1,-1
531,10,1133,847,47,45,1,-1,-1,-1
532,0,2607,1083,128,108,1,-1,-1,-1
532,1,672,1150,147,109,1,-1,-1,-1
532,2,1445,1199,137,108,1,-1,-1,-1
532,3,2701,725,149,111,1,-1,-1,-1
532,4,2297,1131,115,93,1,-1,-1,-1
532,5,1073,785,146,105,1,-1,-1,-1
532,6,2681,1203,129,114,1,-1,-1,-1
532,7,2163,709,108,119,1,-1,-1,-1
532,8,1725,1130,94,103,1,-1,-1,-1
532,9,2277,1692,108,120,1,-1,-1,-1
532,10,1146,844,47,45,1,-1,-1,-1
533,0,2609,1079,128,108,1,-1,-1,-1
533,1,673,1148,147,109,1,-1,-1,-1
533,2,1448,1198,137,106,1,-1,-1,-1
533,3,2704,727,149,111,1,-1,-1,-1
533,4,2299,1130,115,93,1,-1,-1,-1
533,5,1087,782,148,104,1,-1,-1,-1
533,6,2683,1203,129,115,1,-1,-1,-1
533,7,2164,705,108,119,1,-1,-1,-1
533,8,1723,1123,94,103,1,-1,-1,-1
533,9,2279,1692,108,120,1,-1,-1,-1
533,10,1160,842,47,45,1,-1,-1,-1
534,0,2611,1076,128,108,1,-1,-1,-1
534,1,675,1146,147,109,1,-1,-1,-1
534,2,1451,1197,138,105,1,-1,-1,-1
534,3,2706,729,149,112,1,-1,-1,-1
534,4,2302,1130,116,93,1,-1,-1,-1
534,5,1101,779,150,103,1,-1,-1,-1
534,6,2684,1203,128,116,1,-1,-1,-1
534,7,2165,701,108,119,1,-1,-1,-1
534,8,1721,1115,94,103,1,-1,-1,-1
534,9,2282,1692,109,121,1,-1,-1,-1
534,10,1173,840,47,45,1,-1,-1,-1
535,0,2614,1073,128,108,1,-1,-1,-1
535,1,676,1144,147,109,1,-1,-1,-1
535,2,1454,1196,139,103,1,-1,-1,-1
535,3,2709,731,149,112,1,-1,-1,-1
535,4,2304,1129,115,93,1,-1,-1,-1
535,5,1115,776,152,102,1,-1,-1,-1
535,6,2685,1203,128,117,1,-1,-1,-1
535,7,2166,697,108,119,1,-1,-1,-1
535,8,1719,1107,94,103,1,-1,-1,-1
535,9,2285,1690,109,120,1,-1,-1,-1
535,10,1187,838,47,45,1,-1,-1,-1
536,0,2616,1069,128,108,1,-1,-1,-1
536,1,678,1142,148,109,1,-1,-1,-1
536,2,1457,1195,139,101,1,-1,-1,-1
536,3,2712,733,149,112,1,-1,-1,-1
536,4,2307,1128,115,93,1,-1,-1,-1
536,5,1128,773,154,101,1,-1,-1,-1
536,6,2687,1203,128,118,1,-1,-1,-1
536,7,2167,694,109,119,1,-1,-1,-1
536,8,1717,1100,94,103,1,-1,-1,-1
536,9,2288,1689,109,120,1,-1,-1,-1
536,10,1203,834,47,45,1,-1,-1,-1
537,0,2618,1066,128,108,1,-1,-1,-1
537,1,678,1140,148,108,1,-1,-1,-1
537,2,1460,1194,140,100,1,-1,-1,-1
537,3,2714,734,148,112,1,-1,-1,-1
537,4,2309,1127,114,94,1,-1,-1,-1
537,5,1142,770,156,100,1,-1,-1,-1
537,6,2688,1203,128,119,1,-1,-1,-1
537,7,2167,690,109,119,1,-1,-1,-1
537,8,1716,1091,94,103,1,-1,-1,-1
537,9,2291,1687,109,120,1,-1,-1,-1
537,10,1219,830,47,45,1,-1,-1,-1
538,0,2621,1063,128,108,1,-1,-1,-1
538,1,679,1138,148,108,1,-1,-1,-1
538,2,1463,1193,141,98,1,-1,-1,-1
538,3,2717,736,148,112,1,-1,-1,-1
538,4,2312,1126,114,94,1,-1,-1,-1
538,5,1156,767,158,99,1,-1,-1,-1
538,6,2690,1204,128,120,1,-1,-1,-1
538,7,2168,686,109,119,1,-1,-1,-1
538,8,1715,1082,94,103,1,-1,-1,-1
538,9,2294,1686,110,119,1,-1,-1,-1
538,10,1235,826,47,45,1,-1,-1,-1
539,0,2622,1060,128,107,1,-1,-1,-1
539,1,680,1136,148,108,1,-1,-1,-1
539,2,1466,1192,141,97,1,-1,-1,-1
539,3,2719,738,148,113,1,-1,-1,-1
539,4,2314,1125,113,94,1,-1,-1,-1
539,5,1170,764,160,98,1,-1,-1,-1
539,6,2691,1204,130,119,1,-1,-1,-1
539,7,2169,682,109,119,1,-1,-1,-1
539,8,1715,1073,94,103,1,-1,-1,-1
539,9,2297,1685,110,119,1,-1,-1,-1
539,10,1252,823,47,45,1,-1,-1,-1
540,0,2624,1057,128,107,1,-1,-1,-1
540,1,681,1134,148,107,1,-1,-1,-1
540,2,1469,1191,142,95,1,-1,-1,-1
540,3,2722,740,148,113,1,-1,-1,-1
540,4,2317,1124,113,95,1,-1,-1,-1
540,5,1185,759,150,97,1,-1,-1,-1
540,6,2692,1204,132,119,1,-1,-1,-1
540,7,2170,678,109,119,1,-1,-1,-1
540,8,1714,1064,94,103,1,-1,-1,-1
540,9,2301,1683,110,119,1,-1,-1,-1
540,10,1270,814,47,45,1,-1,-1,-1
541,0,2626,1055,128,107,1,-1,-1,-1
541,1,682,1132,149,107,1,-1,-1,-1
541,2,1472,1190,143,93,1,-1,-1,-1
541,3,2724,742,148,113,1,-1,-1,-1
541,4,2319,1123,112,95,1,-1,-1,-1
541,5,1200,755,140,96,1,-1,-1,-1
541,6,2694,1204,134,119,1,-1,-1,-1
541,7,2171,674,110,119,1,-1,-1,-1
541,8,1713,1055,94,103,1,-1,-1,-1
541,9,2304,1682,111,119,1,-1,-1,-1
541,10,1289,806,47,45,1,-1,-1,-1
542,0,2628,1052,128,107,1,-1,-1,-1
542,1,683,1130,149,107,1,-1,-1,-1
542,2,1475,1189,143,92,1,-1,-1,-1
542,3,2727,744,148,113,1,-1,-1,-1
542,4,2322,1122,112,95,1,-1,-1,-1
542,5,1216,751,130,95,1,-1,-1,-1
542,6,2695,1204,136,119,1,-1,-1,-1
542,7,2172,670,110,119,1,-1,-1,-1
542,8,1713,1046,94,103,1,-1,-1,-1
542,9,2307,1681,111,118,1,-1,-1,-1
542,10,1308,797,47,45,1,-1,-1,-1
543,0,2630,1050,128,107,1,-1,-1,-1
543,1,684,1128,149,107,1,-1,-1,-1
543,2,1478,1188,144,90,1,-1,-1,-1
543,3,2730,746,148,114,1,-1,-1,-1
543,4,2324,1121,111,96,1,-1,-1,-1
543,5,1232,748,133,96,1,-1,-1,-1
543,6,2697,1204,138,118,1,-1,-1,-1
543,7,2173,666,110,119,1,-1,-1,-1
543,8,1712,1037,94,103,1,-1,-1,-1
543,9,2310,1679,111,118,1,-1,-1,-1
543,10,1327,789,47,45,1,-1,-1,-1
544,0,2632,1047,128,107,1,-1,-1,-1
544,1,685,1127,149,106,1,-1,-1,-1
544,2,1482,1188,145,89,1,-1,-1,-1
544,3,2731,747,147,114,1,-1,-1,-1
544,4,2327,1120,111,96,1,-1,-1,-1
544,5,1248,745,137,97,1,-1,-1,-1
544,6,2698,1204,140,118,1,-1,-1,-1
544,7,2174,662,110,119,1,-1,-1,-1
544,8,1711,1028,94,103,1,-1,-1,-1
544,9,2313,1678,112,118,1,-1,-1,-1
544,10,1348,782,47,45,1,-1,-1,-1
545,0,2634,1045,128,107,1,-1,-1,-1
545,1,686,1125,149,106,1,-1,-1,-1
545,2,1486,1186,144,88,1,-1,-1,-1
545,3,2733,748,147,114,1,-1,-1,-1
545,4,2329,1119,110,96,1,-1,-1,-1
545,5,1264,742,141,98,1,-1,-1,-1
545,6,2700,1204,142,118,1,-1,-1,-1
545,7,2174,659,111,119,1,-1,-1,-1
545,8,1711,1019,94,103,1,-1,-1,-1
545,9,2317,1676,112,118,1,-1,-1,-1
545,10,1370,775,47,45,1,-1,-1,-1
546,0,2635,1042,128,106,1,-1,-1,-1
546,1,687,1123,150,106,1,-1,-1,-1
546,2,1491,1185,144,88,1,-1,-1,-1
546,3,2735,749,147,114,1,-1,-1,-1
546,4,2332,1118,110,97,1,-1,-1,-1
546,5,1280,740,145,99,1,-1,-1,-1
546,6,2701,1204,144,118,1,-1,-1,-1
546,7,2175,655,111,119,1,-1,-1,-1
546,8,1710,1010,94,106,1,-1,-1,-1
546,9,2320,1675,112,117,1,-1,-1,-1
546,10,1392,769,47,45,1,-1,-1,-1
547,0,2637,1040,128,106,1,-1,-1,-1
547,1,688,1121,150,106,1,-1,-1,-1
547,2,1496,1183,143,88,1,-1,-1,-1
547,3,2737,750,147,114,1,-1,-1,-1
547,4,2334,1117,110,97,1,-1,-1,-1
547,5,1289,736,148,100,1,-1,-1,-1
547,6,2702,1204,146,117,1,-1,-1,-1
547,7,2176,651,111,119,1,-1,-1,-1
547,8,1710,1002,94,109,1,-1,-1,-1
547,9,2323,1674,113,117,1,-1,-1,-1
547,10,1410,762,47,45,1,-1,-1,-1
548,0,2639,1037,128,106,1,-1,-1,-1
548,1,689,1119,150,105,1,-1,-1,-1
548,2,1501,1182,143,88,1,-1,-1,-1
548,3,2739,751,147,114,1,-1,-1,-1
548,4,2337,1116,109,97,1,-1,-1,-1
548,5,1299,732,152,101,1,-1,-1,-1
548,6,2704,1204,148,117,1,-1,-1,-1
548,7,2177,647,111,119,1,-1,-1,-1
548,8,1710,994,95,113,1,-1,-1,-1
548,9,2326,1672,113,117,1,-1,-1,-1
548,10,1429,756,47,45,1,-1,-1,-1
549,0,2641,1035,128,106,1,-1,-1,-1
549,1,690,1117,150,105,1,-1,-1,-1
549,2,1506,1180,142,88,1,-1,-1,-1
549,3,2741,752,147,115,1,-1,-1,-1
549,4,2339,1115,109,98,1,-1,-1,-1
549,5,1309,728,156,102,1,-1,-1,-1
549,6,2705,1205,150,117,1,-1,-1,-1
549,7,2178,643,112,119,1,-1,-1,-1
549,8,1709,985,95,116,1,-1,-1,-1
549,9,2329,1671,113,116,1,-1,-1,-1
549,10,1448,750,47,45,1,-1,-1,-1
550,0,2643,1032,128,106,1,-1,-1,-1
550,1,691,1115,150,105,1,-1,-1,-1
550,2,1511,1179,142,88,1,-1,-1,-1
550,3,2743,753,147,115,1,-1,-1,-1
550,4,2342,1114,108,98,1,-1,-1,-1
550,5,1319,724,160,104,1,-1,-1,-1
550,6,2707,1205,152,117,1,-1,-1,-1
550,7,2179,639,112,119,1,-1,-1,-1
550,8,1709,977,96,120,1,-1,-1,-1
550,9,2333,1670,114,116,1,-1,-1,-1
550,10,1467,745,47,45,1,-1,-1,-1
551,0,2645,1030,128,106,1,-1,-1,-1
551,1,692,1114,151,105,1,-1,-1,-1
551,2,1516,1178,142,88,1,-1,-1,-1
551,3,2745,755,146,115,1,-1,-1,-1
551,4,2344,1113,108,98,1,-1,-1,-1
551,5,1333,719,160,104,1,-1,-1,-1
551,6,2708,1205,154,116,1,-1,-1,-1
551,7,2180,635,112,119,1,-1,-1,-1
551,8,1709,969,96,123,1,-1,-1,-1
551,9,2336,1668,114,116,1,-1,-1,-1
551,10,1486,741,47,45,1,-1,-1,-1
552,0,2647,1027,128,106,1,-1,-1,-1
552,1,694,1112,151,104,1,-1,-1,-1
552,2,1521,1176,141,88,1,-1,-1,-1
552,3,2747,756,146,115,1,-1,-1,-1
552,4,2347,1112,107,99,1,-1,-1,-1
552,5,1347,715,160,104,1,-1,-1,-1
552,6,2710,1205,156,116,1,-1,-1,-1
552,7,2181,631,112,119,1,-1,-1,-1
552,8,1709,961,97,127,1,-1,-1,-1
552,9,2339,1667,114,116,1,-1,-1,-1
552,10,1497,734,47,45,1,-1,-1,-1
553,0,2648,1025,128,105,1,-1,-1,-1
553,1,696,1110,151,104,1,-1,-1,-1
553,2,1525,1175,141,87,1,-1,-1,-1
553,3,2749,757,146,115,1,-1,-1,-1
553,4,2349,1111,107,99,1,-1,-1,-1
553,5,1361,710,160,104,1,-1,-1,-1
553,6,2711,1205,158,116,1,-1,-1,-1
553,7,2182,628,113,119,1,-1,-1,-1
553,8,1711,952,96,125,1,-1,-1,-1
553,9,2342,1666,115,115,1,-1,-1,-1
553,10,1508,727,47,45,1,-1,-1,-1
554,0,2650,1022,128,105,1,-1,-1,-1
554,1,698,1108,151,104,1,-1,-1,-1
554,2,1530,1173,140,87,1,-1,-1,-1
554,3,2751,758,146,116,1,-1,-1,-1
554,4,2352,1110,106,99,1,-1,-1,-1
554,5,1375,706,160,104,1,-1,-1,-1
554,6,2712,1205,160,116,1,-1,-1,-1
554,7,2185,623,113,119,1,-1,-1,-1
554,8,1713,944,96,123,1,-1,-1,-1
554,9,2345,1664,115,115,1,-1,-1,-1
554,10,1513,720,47,45,1,-1,-1,-1
555,0,2652,1020,128,105,1,-1,-1,-1
555,1,701,1107,151,103,1,-1,-1,-1
555,2,1535,1172,140,87,1,-1,-1,-1
555,3,2753,759,146,116,1,-1,-1,-1
555,4,2354,1109,106,100,1,-1,-1,-1
555,5,1389,701,161,104,1,-1,-1,-1
555,6,2714,1205,162,115,1,-1,-1,-1
555,7,2188,619,113,119,1,-1,-1,-1
555,8,1715,936,96,121,1,-1,-1,-1
555,9,2349,1663,115,115,1,-1,-1,-1
555,10,1518,713,47,45,1,-1,-1,-1
556,0,2654,1017,128,105,1,-1,-1,-1
556,1,703,1105,152,103,1,-1,-1,-1
556,2,1540,1170,139,87,1,-1,-1,-1
556,3,2755,760,146,116,1,-1,-1,-1
556,4,2357,1108,105,100,1,-1,-1,-1
556,5,1403,697,161,104,1,-1,-1,-1
556,6,2715,1205,164,115,1,-1,-1,-1
556,7,2192,614,113,119,1,-1,-1,-1
556,8,1717,928,96,119,1,-1,-1,-1
556,9,2352,1661,116,115,1,-1,-1,-1
556,10,1523,707,47,45,1,-1,-1,-1
557,0,2656,1014,128,105,1,-1,-1,-1
557,1,705,1103,152,103,1,-1,-1,-1
557,2,1545,1169,139,87,1,-1,-1,-1
557,3,2757,761,146,116,1,-1,-1,-1
557,4,2359,1107,105,100,1,-1,-1,-1
557,5,1417,692,161,104,1,-1,-1,-1
557,6,2717,1205,166,115,1,-1,-1,-1
557,7,2195,610,113,119,1,-1,-1,-1
557,8,1720,919,95,117,1,-1,-1,-1
557,9,2355,1660,116,114,1,-1,-1,-1
557,10,1529,700,47,45,1,-1,-1,-1
558,0,2658,1012,128,105,1,-1,-1,-1
558,1,707,1102,152,103,1,-1,-1,-1
558,2,1550,1168,139,87,1,-1,-1,-1
558,3,2759,763,145,116,1,-1,-1,-1
558,4,2362,1106,105,101,1,-1,-1,-1
558,5,1431,688,161,104,1,-1,-1,-1
558,6,2718,1205,168,115,1,-1,-1,-1
558,7,2199,605,114,119,1,-1,-1,-1
558,8,1722,911,95,115,1,-1,-1,-1
558,9,2358,1659,116,114,1,-1,-1,-1
558,10,1534,694,47,45,1,-1,-1,-1
559,0,2660,1009,128,105,1,-1,-1,-1
559,1,710,1100,152,102,1,-1,-1,-1
559,2,1555,1166,138,87,1,-1,-1,-1
559,3,2761,764,145,116,1,-1,-1,-1
559,4,2364,1105,105,101,1,-1,-1,-1
559,5,1445,683,161,104,1,-1,-1,-1
559,6,2720,1206,171,115,1,-1,-1,-1
559,7,2202,601,114,119,1,-1,-1,-1
559,8,1724,903,95,114,1,-1,-1,-1
559,9,2361,1657,117,114,1,-1,-1,-1
559,10,1539,687,47,45,1,-1,-1,-1
560,0,2661,1007,128,104,1,-1,-1,-1
560,1,712,1098,152,102,1,-1,-1,-1
560,2,1560,1165,138,87,1,-1,-1,-1
560,3,2763,765,145,117,1,-1,-1,-1
560,4,2367,1104,105,101,1,-1,-1,-1
560,5,1459,679,162,104,1,-1,-1,-1
560,6,2722,1204,170,116,1,-1,-1,-1
560,7,2205,596,114,119,1,-1,-1,-1
560,8,1726,895,95,112,1,-1,-1,-1
560,9,2365,1656,117,114,1,-1,-1,-1
560,10,1545,681,47,45,1,-1,-1,-1
561,0,2663,1004,128,104,1,-1,-1,-1
561,1,714,1097,153,102,1,-1,-1,-1
561,2,1564,1163,137,86,1,-1,-1,-1
561,3,2765,766,145,117,1,-1,-1,-1
561,4,2369,1104,105,101,1,-1,-1,-1
561,5,1473,674,147,106,1,-1,-1,-1
561,6,2725,1202,169,117,1,-1,-1,-1
561,7,2209,592,114,119,1,-1,-1,-1
561,8,1729,886,94,110,1,-1,-1,-1
561,9,2368,1655,117,113,1,-1,-1,-1
561,10,1553,674,47,45,1,-1,-1,-1
562,0,2665,1002,128,104,1,-1,-1,-1
562,1,716,1095,153,102,1,-1,-1,-1
562,2,1569,1162,137,86,1,-1,-1,-1
562,3,2767,767,145,117,1,-1,-1,-1
562,4,2372,1103,105,101,1,-1,-1,-1
562,5,1487,670,133,109,1,-1,-1,-1
562,6,2727,1200,169,118,1,-1,-1,-1
562,7,2212,587,114,119,1,-1,-1,-1
562,8,1731,878,94,108,1,-1,-1,-1
562,9,2371,1653,118,113,1,-1,-1,-1
562,10,1561,667,47,45,1,-1,-1,-1
563,0,2667,999,128,104,1,-1,-1,-1
563,1,719,1093,153,101,1,-1,-1,-1
563,2,1574,1160,136,86,1,-1,-1,-1
563,3,2769,768,145,117,1,-1,-1,-1
563,4,2374,1103,105,101,1,-1,-1,-1
563,5,1501,665,134,110,1,-1,-1,-1
563,6,2730,1198,168,119,1,-1,-1,-1
563,7,2216,583,115,119,1,-1,-1,-1
563,8,1733,870,94,106,1,-1,-1,-1
563,9,2374,1652,118,113,1,-1,-1,-1
563,10,1569,660,47,45,1,-1,-1,-1
564,0,2669,997,128,104,1,-1,-1,-1
564,1,721,1091,153,101,1,-1,-1,-1
564,2,1579,1159,136,86,1,-1,-1,-1
564,3,2771,769,145,117,1,-1,-1,-1
564,4,2377,1102,105,101,1,-1,-1,-1
564,5,1516,660,135,111,1,-1,-1,-1
564,6,2732,1196,168,120,1,-1,-1,-1
564,7,2219,578,115,119,1,-1,-1,-1
564,8,1735,862,94,104,1,-1,-1,-1
564,9,2377,1651,118,112,1,-1,-1,-1
564,10,1581,655,47,45,1,-1,-1,-1
565,0,2671,994,128,104,1,-1,-1,-1
565,1,723,1090,153,101,1,-1,-1,-1
565,2,1584,1158,136,86,1,-1,-1,-1
565,3,2773,771,145,118,1,-1,-1,-1
565,4,2379,1101,105,101,1,-1,-1,-1
565,5,1530,655,136,112,1,-1,-1,-1
565,6,2735,1194,167,121,1,-1,-1,-1
565,7,2222,574,115,119,1,-1,-1,-1
565,8,1738,854,94,103,1,-1,-1,-1
565,9,2380,1649,119,112,1,-1,-1,-1
565,10,1593,651,47,45,1,-1,-1,-1
566,0,2673,992,128,104,1,-1,-1,-1
566,1,726,1088,154,101,1,-1,-1,-1
566,2,1589,1156,135,86,1,-1,-1,-1
566,3,2774,770,144,118,1,-1,-1,-1
566,4,2382,1101,105,101,1,-1,-1,-1
566,5,1545,650,137,114,1,-1,-1,-1
566,6,2737,1192,167,122,1,-1,-1,-1
566,7,2226,569,115,119,1,-1,-1,-1
566,8,1741,846,94,102,1,-1,-1,-1
566,9,2384,1648,119,112,1,-1,-1,-1
566,10,1606,647,47,45,1,-1,-1,-1
567,0,2674,989,128,103,1,-1,-1,-1
567,1,728,1086,154,100,1,-1,-1,-1
567,2,1594,1155,135,86,1,-1,-1,-1
567,3,2776,769,144,118,1,-1,-1,-1
567,4,2384,1100,105,101,1,-1,-1,-1
567,5,1560,645,138,115,1,-1,-1,-1
567,6,2740,1190,166,123,1,-1,-1,-1
567,7,2229,565,115,119,1,-1,-1,-1
567,8,1745,839,95,102,1,-1,-1,-1
567,9,2387,1646,119,112,1,-1,-1,-1
567,10,1622,643,47,45,1,-1,-1,-1
568,0,2676,987,128,103,1,-1,-1,-1
568,1,730,1085,154,100,1,-1,-1,-1
568,2,1599,1153,134,86,1,-1,-1,-1
568,3,2777,768,144,118,1,-1,-1,-1
568,4,2387,1100,105,101,1,-1,-1,-1
568,5,1574,640,139,116,1,-1,-1,-1
568,6,2742,1188,166,124,1,-1,-1,-1
568,7,2233,561,116,119,1,-1,-1,-1
568,8,1749,832,96,102,1,-1,-1,-1
568,9,2390,1645,120,111,1,-1,-1,-1
568,10,1639,640,47,45,1,-1,-1,-1
569,0,2678,984,128,103,1,-1,-1,-1
569,1,732,1083,154,100,1,-1,-1,-1
569,2,1603,1152,134,85,1,-1,-1,-1
569,3,2779,768,144,118,1,-1,-1,-1
569,4,2389,1099,105,101,1,-1,-1,-1
569,5,1589,635,140,117,1,-1,-1,-1
569,6,2745,1186,165,125,1,-1,-1,-1
569,7,2236,558,118,118,1,-1,-1,-1
569,8,1752,825,97,101,1,-1,-1,-1
569,9,2393,1644,120,111,1,-1,-1,-1
569,10,1656,637,47,45,1,-1,-1,-1
570,0,2680,982,128,103,1,-1,-1,-1
570,1,735,1081,154,99,1,-1,-1,-1
570,2,1608,1150,133,85,1,-1,-1,-1
570,3,2780,767,144,118,1,-1,-1,-1
570,4,2392,1099,105,101,1,-1,-1,-1
570,5,1604,631,141,119,1,-1,-1,-1
570,6,2747,1184,165,126,1,-1,-1,-1
570,7,2240,555,120,118,1,-1,-1,-1
570,8,1756,818,97,101,1,-1,-1,-1
570,9,2396,1642,120,111,1,-1,-1,-1
570,10,1673,634,47,45,1,-1,-1,-1
571,0,2682,979,128,103,1,-1,-1,-1
571,1,737,1080,155,99,1,-1,-1,-1
571,2,1613,1149,133,85,1,-1,-1,-1
571,3,2782,766,144,119,1,-1,-1,-1
571,4,2394,1098,105,101,1,-1,-1,-1
571,5,1618,628,141,118,1,-1,-1,-1
571,6,2750,1182,164,127,1,-1,-1,-1
571,7,2244,552,122,118,1,-1,-1,-1
571,8,1760,811,98,101,1,-1,-1,-1
571,9,2400,1641,121,111,1,-1,-1,-1
571,10,1691,631,47,45,1,-1,-1,-1
572,0,2684,977,128,103,1,-1,-1,-1
572,1,739,1078,155,99,1,-1,-1,-1
572,2,1618,1148,133,85,1,-1,-1,-1
572,3,2783,766,144,119,1,-1,-1,-1
572,4,2397,1097,105,101,1,-1,-1,-1
572,5,1632,626,141,117,1,-1,-1,-1
572,6,2752,1180,164,128,1,-1,-1,-1
572,7,2248,549,124,118,1,-1,-1,-1
572,8,1763,804,99,100,1,-1,-1,-1
572,9,2403,1640,121,110,1,-1,-1,-1
572,10,1710,629,47,45,1,-1,-1,-1
573,0,2686,974,129,103,1,-1,-1,-1
573,1,741,1076,155,99,1,-1,-1,-1
573,2,1623,1146,132,85,1,-1,-1,-1
573,3,2785,765,144,119,1,-1,-1,-1
573,4,2399,1097,105,101,1,-1,-1,-1
573,5,1646,623,141,116,1,-1,-1,-1
573,6,2755,1178,163,129,1,-1,-1,-1
573,7,2251,546,126,117,1,-1,-1,-1
573,8,1767,797,100,100,1,-1,-1,-1
573,9,2406,1638,121,110,1,-1,-1,-1
573,10,1729,627,47,45,1,-1,-1,-1
574,0,2687,971,129,102,1,-1,-1,-1
574,1,744,1074,155,98,1,-1,-1,-1
574,2,1628,1145,132,85,1,-1,-1,-1
574,3,2786,764,143,119,1,-1,-1,-1
574,4,2402,1096,105,101,1,-1,-1,-1
574,5,1661,621,141,115,1,-1,-1,-1
574,6,2757,1176,162,130,1,-1,-1,-1
574,7,2255,543,128,117,1,-1,-1,-1
574,8,1771,790,100,100,1,-1,-1,-1
574,9,2409,1637,122,110,1,-1,-1,-1
574,10,1750,626,47,45,1,-1,-1,-1
575,0,2689,969,129,102,1,-1,-1,-1
575,1,746,1073,155,98,1,-1,-1,-1
575,2,1633,1143,131,85,1,-1,-1,-1
575,3,2788,763,143,119,1,-1,-1,-1
575,4,2404,1096,105,101,1,-1,-1,-1
575,5,1675,619,141,114,1,-1,-1,-1
575,6,2760,1174,162,131,1,-1,-1,-1
575,7,2259,540,130,117,1,-1,-1,-1
575,8,1774,783,101,99,1,-1,-1,-1
575,9,2412,1636,122,109,1,-1,-1,-1
575,10,1771,626,47,45,1,-1,-1,-1
576,0,2691,966,129,102,1,-1,-1,-1
576,1,748,1071,156,98,1,-1,-1,-1
576,2,1638,1142,131,85,1,-1,-1,-1
576,3,2789,763,143,119,1,-1,-1,-1
576,4,2407,1095,105,101,1,-1,-1,-1
576,5,1689,616,141,113,1,-1,-1,-1
576,6,2762,1172,161,132,1,-1,-1,-1
576,7,2263,537,132,117,1,-1,-1,-1
576,8,1778,776,102,99,1,-1,-1,-1
576,9,2416,1634,122,109,1,-1,-1,-1
576,10,1793,626,47,45,1,-1,-1,-1
577,0,2693,964,129,102,1,-1,-1,-1
577,1,750,1069,156,98,1,-1,-1,-1
577,2,1643,1141,131,85,1,-1,-1,-1
577,3,2791,762,143,120,1,-1,-1,-1
577,4,2410,1095,105,101,1,-1,-1,-1
577,5,1704,614,141,112,1,-1,-1,-1
577,6,2765,1170,161,133,1,-1,-1,-1
577,7,2266,534,134,116,1,-1,-1,-1
577,8,1782,769,103,99,1,-1,-1,-1
577,9,2419,1633,123,109,1,-1,-1,-1
577,10,1814,628,47,45,1,-1,-1,-1
578,0,2695,961,129,102,1,-1,-1,-1
578,1,753,1068,156,97,1,-1,-1,-1
578,2,1647,1139,131,85,1,-1,-1,-1
578,3,2793,761,143,120,1,-1,-1,-1
578,4,2411,1096,105,101,1,-1,-1,-1
578,5,1718,611,141,111,1,-1,-1,-1
578,6,2767,1168,160,134,1,-1,-1,-1
578,7,2270,532,136,116,1,-1,-1,-1
578,8,1788,763,104,97,1,-1,-1,-1
578,9,2422,1631,123,109,1,-1,-1,-1
578,10,1835,631,47,45,1,-1,-1,-1
579,0,2697,959,129,102,1,-1,-1,-1
579,1,755,1066,156,97,1,-1,-1,-1
579,2,1651,1137,131,85,1,-1,-1,-1
579,3,2794,761,143,120,1,-1,-1,-1
579,4,2413,1097,105,101,1,-1,-1,-1
579,5,1732,609,141,110,1,-1,-1,-1
579,6,2770,1166,160,135,1,-1,-1,-1
579,7,2274,529,138,116,1,-1,-1,-1
579,8,1794,757,106,95,1,-1,-1,-1
579,9,2425,1630,123,108,1,-1,-1,-1
579,10,1856,634,47,45,1,-1,-1,-1
580,0,2699,956,129,102,1,-1,-1,-1
580,1,757,1064,156,97,1,-1,-1,-1
580,2,1655,1135,131,85,1,-1,-1,-1
580,3,2796,760,143,120,1,-1,-1,-1
580,4,2415,1099,105,101,1,-1,-1,-1
580,5,1747,607,141,109,1,-1,-1,-1
580,6,2772,1164,159,136,1,-1,-1,-1
580,7,2278,526,140,116,1,-1,-1,-1
580,8,1800,752,108,93,1,-1,-1,-1
580,9,2428,1629,124,108,1,-1,-1,-1
580,10,1878,637,47,45,1,-1,-1,-1
581,0,2700,954,129,101,1,-1,-1,-1
581,1,760,1063,157,97,1,-1,-1,-1
581,2,1659,1133,131,86,1,-1,-1,-1
581,3,2797,759,143,120,1,-1,-1,-1
581,4,2417,1100,105,101,1,-1,-1,-1
581,5,1761,604,141,108,1,-1,-1,-1
581,6,2775,1162,159,137,1,-1,-1,-1
581,7,2281,523,142,115,1,-1,-1,-1
581,8,1806,746,110,92,1,-1,-1,-1
581,9,2432,1627,124,108,1,-1,-1,-1
581,10,1887,635,47,45,1,-1,-1,-1
582,0,2702,951,129,101,1,-1,-1,-1
582,1,762,1061,154,97,1,-1,-1,-1
582,2,1663,1131,131,86,1,-1,-1,-1
582,3,2799,758,142,120,1,-1,-1,-1
582,4,2419,1101,105,101,1,-1,-1,-1
582,5,1775,602,141,107,1,-1,-1,-1
582,6,2777,1160,158,138,1,-1,-1,-1
582,7,2285,520,144,115,1,-1,-1,-1
582,8,1812,741,112,90,1,-1,-1,-1
582,9,2435,1626,124,108,1,-1,-1,-1
582,10,1896,633,47,45,1,-1,-1,-1
583,0,2704,949,129,101,1,-1,-1,-1
583,1,764,1060,152,98,1,-1,-1,-1
583,2,1667,1129,131,86,1,-1,-1,-1
583,3,2800,758,142,121,1,-1,-1,-1
583,4,2421,1103,105,101,1,-1,-1,-1
583,5,1790,600,141,106,1,-1,-1,-1
583,6,2780,1158,158,139,1,-1,-1,-1
583,7,2289,517,146,115,1,-1,-1,-1
583,8,1818,735,114,88,1,-1,-1,-1
583,9,2438,1625,125,107,1,-1,-1,-1
583,10,1905,631,47,45,1,-1,-1,-1
584,0,2706,946,129,101,1,-1,-1,-1
584,1,766,1059,150,99,1,-1,-1,-1
584,2,1671,1127,131,87,1,-1,-1,-1
584,3,2802,757,142,121,1,-1,-1,-1
584,4,2423,1104,105,101,1,-1,-1,-1
584,5,1804,596,139,106,1,-1,-1,-1
584,6,2782,1156,157,140,1,-1,-1,-1
584,7,2293,514,148,115,1,-1,-1,-1
584,8,1824,730,116,87,1,-1,-1,-1
584,9,2441,1623,125,107,1,-1,-1,-1
584,10,1914,630,47,45,1,-1,-1,-1
585,0,2708,944,129,101,1,-1,-1,-1
585,1,768,1057,148,99,1,-1,-1,-1
585,2,1675,1125,131,87,1,-1,-1,-1
585,3,2803,756,142,121,1,-1,-1,-1
585,4,2425,1105,105,101,1,-1,-1,-1
585,5,1819,593,138,106,1,-1,-1,-1
585,6,2785,1154,157,141,1,-1,-1,-1
585,7,2296,511,150,114,1,-1,-1,-1
585,8,1832,724,115,88,1,-1,-1,-1
585,9,2444,1622,125,107,1,-1,-1,-1
585,10,1923,628,47,45,1,-1,-1,-1
586,0,2710,941,129,101,1,-1,-1,-1
586,1,771,1056,145,100,1,-1,-1,-1
586,2,1679,1123,131,87,1,-1,-1,-1
586,3,2805,756,142,121,1,-1,-1,-1
586,4,2427,1107,105,101,1,-1,-1,-1
586,5,1834,589,137,106,1,-1,-1,-1
586,6,2787,1152,156,142,1,-1,-1,-1
586,7,2300,508,152,114,1,-1,-1,-1
586,8,1840,718,115,89,1,-1,-1,-1
586,9,2448,1621,126,107,1,-1,-1,-1
586,10,1932,626,47,45,1,-1,-1,-1
587,0,2712,939,129,100,1,-1,-1,-1
587,1,773,1055,143,101,1,-1,-1,-1
587,2,1683,1121,131,88,1,-1,-1,-1
587,3,2806,755,142,121,1,-1,-1,-1
587,4,2429,1108,105,101,1,-1,-1,-1
587,5,1849,586,136,106,1,-1,-1,-1
587,6,2790,1150,156,144,1,-1,-1,-1
587,7,2304,505,154,114,1,-1,-1,-1
587,8,1849,713,114,90,1,-1,-1,-1
587,9,2450,1619,126,107,1,-1,-1,-1
587,10,1941,624,47,45,1,-1,-1,-1
588,0,2713,936,129,100,1,-1,-1,-1
588,1,775,1053,141,101,1,-1,-1,-1
588,2,1687,1119,131,88,1,-1,-1,-1
588,3,2808,754,142,121,1,-1,-1,-1
588,4,2431,1109,105,101,1,-1,-1,-1
588,5,1864,583,134,107,1,-1,-1,-1
588,6,2792,1148,156,143,1,-1,-1,-1
588,7,2308,503,156,114,1,-1,-1,-1
588,8,1857,707,114,91,1,-1,-1,-1
588,9,2452,1617,126,107,1,-1,-1,-1
588,10,1951,623,47,45,1,-1,-1,-1
589,0,2715,934,129,100,1,-1,-1,-1
589,1,777,1052,139,102,1,-1,-1,-1
589,2,1691,1117,131,88,1,-1,-1,-1
589,3,2810,754,142,122,1,-1,-1,-1
589,4,2433,1111,105,101,1,-1,-1,-1
589,5,1879,579,133,107,1,-1,-1,-1
589,6,2794,1147,156,142,1,-1,-1,-1
589,7,2319,501,150,113,1,-1,-1,-1
589,8,1866,702,113,92,1,-1,-1,-1
589,9,2454,1615,127,107,1,-1,-1,-1
589,10,1961,621,47,45,1,-1,-1,-1
590,0,2717,931,129,100,1,-1,-1,-1
590,1,780,1051,137,103,1,-1,-1,-1
590,2,1695,1115,131,89,1,-1,-1,-1
590,3,2810,751,141,121,1,-1,-1,-1
590,4,2435,1112,105,101,1,-1,-1,-1
590,5,1894,576,132,107,1,-1,-1,-1
590,6,2797,1146,157,141,1,-1,-1,-1
590,7,2330,500,145,113,1,-1,-1,-1
590,8,1874,696,113,93,1,-1,-1,-1
590,9,2456,1614,127,107,1,-1,-1,-1
590,10,1972,620,47,45,1,-1,-1,-1
591,0,2719,928,129,100,1,-1,-1,-1
591,1,783,1049,138,102,1,-1,-1,-1
591,2,1699,1113,131,89,1,-1,-1,-1
591,3,2811,748,141,120,1,-1,-1,-1
591,4,2437,1113,105,101,1,-1,-1,-1
591,5,1909,572,131,107,1,-1,-1,-1
591,6,2799,1145,157,141,1,-1,-1,-1
591,7,2341,499,139,113,1,-1,-1,-1
591,8,1883,691,113,95,1,-1,-1,-1
591,9,2459,1612,127,107,1,-1,-1,-1
591,10,1983,618,47,45,1,-1,-1,-1
592,0,2721,926,129,100,1,-1,-1,-1
592,1,787,1047,140,102,1,-1,-1,-1
592,2,1703,1111,131,89,1,-1,-1,-1
592,3,2812,746,141,120,1,-1,-1,-1
592,4,2439,1115,105,101,1,-1,-1,-1
592,5,1924,569,129,108,1,-1,-1,-1
592,6,2802,1144,157,140,1,-1,-1,-1
592,7,2353,498,134,113,1,-1,-1,-1
592,8,1891,687,113,94,1,-1,-1,-1
592,9,2461,1610,128,107,1,-1,-1,-1
592,10,1994,617,47,45,1,-1,-1,-1
593,0,2723,923,129,100,1,-1,-1,-1
593,1,791,1045,141,101,1,-1,-1,-1
593,2,1707,1109,131,90,1,-1,-1,-1
593,3,2813,743,141,119,1,-1,-1,-1
593,4,2441,1116,105,101,1,-1,-1,-1
593,5,1939,566,128,108,1,-1,-1,-1
593,6,2804,1143,158,139,1,-1,-1,-1
593,7,2358,496,134,112,1,-1,-1,-1
593,8,1900,683,113,94,1,-1,-1,-1
593,9,2463,1609,128,107,1,-1,-1,-1
593,10,2004,616,47,45,1,-1,-1,-1
594,0,2725,921,129,100,1,-1,-1,-1
594,1,795,1044,143,101,1,-1,-1,-1
594,2,1711,1107,131,90,1,-1,-1,-1
594,3,2814,741,141,119,1,-1,-1,-1
594,4,2443,1117,105,101,1,-1,-1,-1
594,5,1954,562,127,108,1,-1,-1,-1
594,6,2806,1142,158,138,1,-1,-1,-1
594,7,2364,495,135,112,1,-1,-1,-1
594,8,1908,679,113,94,1,-1,-1,-1
594,9,2465,1607,128,107,1,-1,-1,-1
594,10,2015,614,47,45,1,-1,-1,-1
595,0,2726,918,129,99,1,-1,-1,-1
595,1,799,1042,144,101,1,-1,-1,-1
595,2,1715,1105,131,90,1,-1,-1,-1
595,3,2815,738,141,118,1,-1,-1,-1
595,4,2445,1119,105,101,1,-1,-1,-1
595,5,1969,559,126,108,1,-1,-1,-1
595,6,2809,1141,158,138,1,-1,-1,-1
595,7,2370,494,136,112,1,-1,-1,-1
595,8,1917,676,113,94,1,-1,-1,-1
595,9,2467,1605,129,108,1,-1,-1,-1
595,10,2026,613,47,45,1,-1,-1,-1
596,0,2728,916,129,99,1,-1,-1,-1
596,1,802,1040,146,100,1,-1,-1,-1
596,2,1719,1103,131,91,1,-1,-1,-1
596,3,2816,735,140,118,1,-1,-1,-1
596,4,2447,1120,105,101,1,-1,-1,-1
596,5,1984,556,125,109,1,-1,-1,-1
596,6,2811,1140,159,137,1,-1,-1,-1
596,7,2375,493,136,112,1,-1,-1,-1
596,8,1926,672,113,94,1,-1,-1,-1
596,9,2470,1604,129,108,1,-1,-1,-1
596,10,2037,612,47,45,1,-1,-1,-1
597,0,2730,913,129,99,1,-1,-1,-1
597,1,806,1039,147,100,1,-1,-1,-1
597,2,1723,1101,131,91,1,-1,-1,-1
597,3,2816,733,140,117,1,-1,-1,-1
597,4,2449,1121,105,101,1,-1,-1,-1
597,5,1990,554,130,107,1,-1,-1,-1
597,6,2814,1139,159,136,1,-1,-1,-1
597,7,2381,492,137,111,1,-1,-1,-1
597,8,1934,668,113,93,1,-1,-1,-1
597,9,2472,1602,129,108,1,-1,-1,-1
597,10,2051,609,47,45,1,-1,-1,-1
598,0,2732,911,129,99,1,-1,-1,-1
598,1,810,1037,149,99,1,-1,-1,-1
598,2,1727,1099,131,91,1,-1,-1,-1
598,3,2817,730,140,117,1,-1,-1,-1
598,4,2451,1123,105,101,1,-1,-1,-1
598,5,1997,552,136,106,1,-1,-1,-1
598,6,2816,1138,159,135,1,-1,-1,-1
598,7,2387,491,138,111,1,-1,-1,-1
598,8,1943,664,113,93,1,-1,-1,-1
598,9,2474,1600,130,108,1,-1,-1,-1
598,10,2066,606,47,45,1,-1,-1,-1
599,0,2734,908,129,99,1,-1,-1,-1
599,1,814,1035,150,99,1,-1,-1,-1
599,2,1731,1097,131,92,1,-1,-1,-1
599,3,2818,728,140,116,1,-1,-1,-1
599,4,2453,1124,105,101,1,-1,-1,-1
599,5,2004,550,142,105,1,-1,-1,-1
599,6,2818,1136,160,135,1,-1,-1,-1
599,7,2393,490,139,111,1,-1,-1,-1
599,8,1952,661,113,93,1,-1,-1,-1
599,9,2476,1598,130,108,1,-1,-1,-1
599,10,2081,604,47,45,1,-1,-1,-1
600,0,2736,906,129,99,1,-1,-1,-1
600,1,818,1034,152,99,1,-1,-1,-1
600,2,1735,1095,131,92,1,-1,-1,-1
600,3,2819,725,140,116,1,-1,-1,-1
600,4,2455,1125,105,101,1,-1,-1,-1
600,5,2011,548,148,104,1,-1,-1,-1
600,6,2821,1135,160,134,1,-1,-1,-1
600,7,2398,489,139,111,1,-1,-1,-1
600,8,1960,657,113,93,1,-1,-1,-1
600,9,2478,1597,130,108,1,-1,-1,-1
600,10,2096,601,47,45,1,-1,-1,-1
601,0,2738,903,129,99,1,-1,-1,-1
601,1,821,1032,150,99,1,-1,-1,-1
601,2,1739,1093,131,92,1,-1,-1,-1
601,3,2820,722,140,115,1,-1,-1,-1
601,4,2457,1127,105,101,1,-1,-1,-1
601,5,2027,544,147,104,1,-1,-1,-1
601,6,2823,1134,160,133,1,-1,-1,-1
601,7,2404,488,140,111,1,-1,-1,-1
601,8,1969,653,113,93,1,-1,-1,-1
601,9,2481,1595,131,108,1,-1,-1,-1
601,10,2111,599,47,45,1,-1,-1,-1
602,0,2739,901,129,98,1,-1,-1,-1
602,1,824,1030,149,100,1,-1,-1,-1
602,2,1744,1092,132,93,1,-1,-1,-1
602,3,2821,720,139,115,1,-1,-1,-1
602,4,2459,1128,105,101,1,-1,-1,-1
602,5,2044,541,147,105,1,-1,-1,-1
602,6,2826,1133,161,132,1,-1,-1,-1
602,7,2410,487,141,110,1,-1,-1,-1
602,8,1977,649,113,92,1,-1,-1,-1
602,9,2483,1593,131,108,1,-1,-1,-1
602,10,2130,594,47,45,1,-1,-1,-1
603,0,2741,898,129,98,1,-1,-1,-1
603,1,828,1029,147,100,1,-1,-1,-1
603,2,1748,1089,131,93,1,-1,-1,-1
603,3,2822,717,139,114,1,-1,-1,-1
603,4,2461,1130,105,101,1,-1,-1,-1
603,5,2061,537,146,106,1,-1,-1,-1
603,6,2828,1132,161,132,1,-1,-1,-1
603,7,2415,486,141,110,1,-1,-1,-1
603,8,1986,646,113,92,1,-1,-1,-1
603,9,2485,1592,132,108,1,-1,-1,-1
603,10,2149,590,47,45,1,-1,-1,-1
604,0,2743,896,129,98,1,-1,-1,-1
604,1,831,1027,146,101,1,-1,-1,-1
604,2,1753,1087,130,94,1,-1,-1,-1
604,3,2823,715,139,114,1,-1,-1,-1
604,4,2462,1130,105,100,1,-1,-1,-1
604,5,2078,534,146,107,1,-1,-1,-1
604,6,2831,1131,162,131,1,-1,-1,-1
604,7,2421,485,142,110,1,-1,-1,-1
604,8,1995,642,113,92,1,-1,-1,-1
604,9,2487,1590,132,109,1,-1,-1,-1
604,10,2168,585,47,45,1,-1,-1,-1
605,0,2745,893,129,98,1,-1,-1,-1
605,1,834,1025,145,102,1,-1,-1,-1
605,2,1758,1084,129,95,1,-1,-1,-1
605,3,2823,712,139,113,1,-1,-1,-1
605,4,2464,1130,105,100,1,-1,-1,-1
605,5,2095,531,146,108,1,-1,-1,-1
605,6,2833,1130,162,130,1,-1,-1,-1
605,7,2427,484,143,110,1,-1,-1,-1
605,8,2003,638,113,92,1,-1,-1,-1
605,9,2489,1588,132,109,1,-1,-1,-1
605,10,2187,581,47,45,1,-1,-1,-1
606,0,2747,891,129,98,1,-1,-1,-1
606,1,838,1024,143,102,1,-1,-1,-1
606,2,1763,1082,128,96,1,-1,-1,-1
606,3,2824,709,139,112,1,-1,-1,-1
606,4,2466,1130,105,100,1,-1,-1,-1
606,5,2105,528,145,108,1,-1,-1,-1
606,6,2835,1129,162,130,1,-1,-1,-1
606,7,2433,483,144,110,1,-1,-1,-1
606,8,2012,634,113,92,1,-1,-1,-1
606,9,2492,1587,133,109,1,-1,-1,-1
606,10,2201,581,47,45,1,-1,-1,-1
607,0,2749,888,129,98,1,-1,-1,-1
607,1,841,1022,142,103,1,-1,-1,-1
607,2,1767,1079,128,97,1,-1,-1,-1
607,3,2825,707,139,112,1,-1,-1,-1
607,4,2468,1130,105,100,1,-1,-1,-1
607,5,2116,526,145,109,1,-1,-1,-1
607,6,2838,1128,163,129,1,-1,-1,-1
607,7,2438,482,144,109,1,-1,-1,-1
607,8,2021,631,113,92,1,-1,-1,-1
607,9,2494,1585,133,109,1,-1,-1,-1
607,10,2216,581,47,45,1,-1,-1,-1
608,0,2751,886,130,98,1,-1,-1,-1
608,1,844,1020,141,104,1,-1,-1,-1
608,2,1772,1077,127,97,1,-1,-1,-1
608,3,2826,704,138,111,1,-1,-1,-1
608,4,2469,1130,106,99,1,-1,-1,-1
608,5,2127,523,144,110,1,-1,-1,-1
608,6,2840,1127,163,128,1,-1,-1,-1
608,7,2444,481,145,109,1,-1,-1,-1
608,8,2029,628,113,91,1,-1,-1,-1
608,9,2496,1583,133,109,1,-1,-1,-1
608,10,2230,581,47,45,1,-1,-1,-1
609,0,2753,884,130,98,1,-1,-1,-1
609,1,848,1019,139,104,1,-1,-1,-1
609,2,1777,1075,126,98,1,-1,-1,-1
609,3,2827,702,138,111,1,-1,-1,-1
609,4,2471,1131,106,99,1,-1,-1,-1
609,5,2137,521,144,111,1,-1,-1,-1
609,6,2843,1126,163,127,1,-1,-1,-1
609,7,2450,480,146,109,1,-1,-1,-1
609,8,2038,626,113,91,1,-1,-1,-1
609,9,2498,1582,134,109,1,-1,-1,-1
609,10,2245,581,47,45,1,-1,-1,-1
610,0,2755,882,130,98,1,-1,-1,-1
610,1,851,1017,138,105,1,-1,-1,-1
610,2,1782,1072,125,99,1,-1,-1,-1
610,3,2828,699,138,110,1,-1,-1,-1
610,4,2473,1131,106,99,1,-1,-1,-1
610,5,2148,518,143,112,1,-1,-1,-1
610,6,2845,1124,164,127,1,-1,-1,-1
610,7,2455,479,146,109,1,-1,-1,-1
610,8,2047,623,113,91,1,-1,-1,-1
610,9,2501,1580,134,109,1,-1,-1,-1
610,10,2260,581,47,45,1,-1,-1,-1
611,0,2757,881,131,98,1,-1,-1,-1
611,1,855,1016,137,106,1,-1,-1,-1
611,2,1786,1070,125,100,1,-1,-1,-1
611,3,2829,696,138,110,1,-1,-1,-1
611,4,2475,1131,106,99,1,-1,-1,-1
611,5,2159,516,143,113,1,-1,-1,-1
611,6,2847,1123,164,126,1,-1,-1,-1
611,7,2461,478,147,108,1,-1,-1,-1
611,8,2056,621,113,91,1,-1,-1,-1
611,9,2503,1578,134,109,1,-1,-1,-1
611,10,2270,582,47,45,1,-1,-1,-1
612,0,2759,879,131,98,1,-1,-1,-1
612,1,859,1014,137,106,1,-1,-1,-1
612,2,1791,1067,124,101,1,-1,-1,-1
612,3,2829,694,138,109,1,-1,-1,-1
612,4,2476,1131,106,98,1,-1,-1,-1
612,5,2171,513,142,113,1,-1,-1,-1
612,6,2850,1122,164,125,1,-1,-1,-1
612,7,2467,477,148,108,1,-1,-1,-1
612,8,2065,619,113,91,1,-1,-1,-1
612,9,2505,1576,135,109,1,-1,-1,-1
612,10,2280,583,47,45,1,-1,-1,-1
613,0,2761,878,131,98,1,-1,-1,-1
613,1,863,1013,137,106,1,-1,-1,-1
613,2,1796,1065,123,102,1,-1,-1,-1
613,3,2830,691,138,109,1,-1,-1,-1
613,4,2478,1131,107,98,1,-1,-1,-1
613,5,2184,511,142,114,1,-1,-1,-1
613,6,2852,1121,165,124,1,-1,-1,-1
613,7,2473,476,149,108,1,-1,-1,-1
613,8,2073,616,113,90,1,-1,-1,-1
613,9,2507,1575,135,110,1,-1,-1,-1
613,10,2291,584,47,45,1,-1,-1,-1
614,0,2764,876,132,98,1,-1,-1,-1
614,1,867,1012,137,106,1,-1,-1,-1
614,2,1801,1063,122,102,1,-1,-1,-1
614,3,2831,689,137,108,1,-1,-1,-1
614,4,2480,1131,107,98,1,-1,-1,-1
614,5,2196,509,141,115,1,-1,-1,-1
614,6,2855,1120,165,124,1,-1,-1,-1
614,7,2478,475,149,108,1,-1,-1,-1
614,8,2082,614,113,90,1,-1,-1,-1
614,9,2509,1573,135,110,1,-1,-1,-1
614,10,2301,585,47,45,1,-1,-1,-1
615,0,2766,875,132,99,1,-1,-1,-1
615,1,871,1011,137,106,1,-1,-1,-1
615,2,1805,1060,122,103,1,-1,-1,-1
615,3,2832,686,137,108,1,-1,-1,-1
615,4,2482,1132,107,98,1,-1,-1,-1
615,5,2209,507,141,116,1,-1,-1,-1
615,6,2857,1119,165,123,1,-1,-1,-1
615,7,2484,474,150,108,1,-1,-1,-1
615,8,2091,611,113,90,1,-1,-1,-1
615,9,2512,1571,136,110,1,-1,-1,-1
615,10,2312,587,47,45,1,-1,-1,-1
616,0,2768,873,132,99,1,-1,-1,-1
616,1,876,1010,137,105,1,-1,-1,-1
616,2,1810,1058,121,104,1,-1,-1,-1
616,3,2833,683,137,107,1,-1,-1,-1
616,4,2483,1132,107,97,1,-1,-1,-1
616,5,2222,505,140,116,1,-1,-1,-1
616,6,2859,1118,166,122,1,-1,-1,-1
616,7,2490,473,151,107,1,-1,-1,-1
616,8,2100,609,113,90,1,-1,-1,-1
616,9,2514,1570,136,110,1,-1,-1,-1
616,10,2319,586,47,45,1,-1,-1,-1
617,0,2770,871,133,99,1,-1,-1,-1
617,1,880,1009,138,105,1,-1,-1,-1
617,2,1815,1055,120,105,1,-1,-1,-1
617,3,2834,681,137,107,1,-1,-1,-1
617,4,2485,1132,107,97,1,-1,-1,-1
617,5,2234,502,140,117,1,-1,-1,-1
617,6,2862,1117,166,121,1,-1,-1,-1
617,7,2495,472,151,107,1,-1,-1,-1
617,8,2109,607,113,90,1,-1,-1,-1
617,9,2516,1568,137,110,1,-1,-1,-1
617,10,2326,585,47,45,1,-1,-1,-1
618,0,2772,870,133,99,1,-1,-1,-1
618,1,884,1008,138,106,1,-1,-1,-1
618,2,1820,1053,119,106,1,-1,-1,-1
618,3,2835,678,137,106,1,-1,-1,-1
618,4,2487,1132,108,97,1,-1,-1,-1
618,5,2247,500,139,118,1,-1,-1,-1
618,6,2864,1116,166,121,1,-1,-1,-1
618,7,2501,471,152,107,1,-1,-1,-1
618,8,2117,604,113,89,1,-1,-1,-1
618,9,2518,1566,137,110,1,-1,-1,-1
618,10,2333,584,47,45,1,-1,-1,-1
619,0,2775,868,133,99,1,-1,-1,-1
619,1,888,1007,138,106,1,-1,-1,-1
619,2,1825,1051,119,107,1,-1,-1,-1
619,3,2836,676,137,106,1,-1,-1,-1
619,4,2489,1132,108,97,1,-1,-1,-1
619,5,2260,498,139,119,1,-1,-1,-1
619,6,2867,1115,167,120,1,-1,-1,-1
619,7,2507,470,153,107,1,-1,-1,-1
619,8,2126,602,113,89,1,-1,-1,-1
619,9,2520,1565,137,110,1,-1,-1,-1
619,10,2340,583,47,45,1,-1,-1,-1
620,0,2777,867,134,99,1,-1,-1,-1
620,1,892,1006,138,106,1,-1,-1,-1
620,2,1826,1049,119,107,1,-1,-1,-1
620,3,2836,673,137,106,1,-1,-1,-1
620,4,2490,1132,108,96,1,-1,-1,-1
620,5,2272,496,139,119,1,-1,-1,-1
620,6,2869,1114,167,119,1,-1,-1,-1
620,7,2513,469,154,107,1,-1,-1,-1
620,8,2135,600,113,89,1,-1,-1,-1
620,9,2523,1563,138,110,1,-1,-1,-1
620,10,2348,582,47,45,1,-1,-1,-1
621,0,2779,865,134,100,1,-1,-1,-1
621,1,897,1005,138,106,1,-1,-1,-1
621,2,1827,1047,120,107,1,-1,-1,-1
621,3,2836,671,138,106,1,-1,-1,-1
621,4,2492,1133,108,96,1,-1,-1,-1
621,5,2285,494,138,120,1,-1,-1,-1
621,6,2872,1113,168,119,1,-1,-1,-1
621,7,2520,468,153,107,1,-1,-1,-1
621,8,2144,597,113,89,1,-1,-1,-1
621,9,2525,1561,138,110,1,-1,-1,-1
621,10,2350,585,47,45,1,-1,-1,-1
622,0,2781,864,134,100,1,-1,-1,-1
622,1,901,1004,138,106,1,-1,-1,-1
622,2,1828,1045,121,107,1,-1,-1,-1
622,3,2836,669,138,107,1,-1,-1,-1
622,4,2494,1133,108,96,1,-1,-1,-1
622,5,2297,491,138,121,1,-1,-1,-1
622,6,2875,1112,167,118,1,-1,-1,-1
622,7,2527,468,153,107,1,-1,-1,-1
622,8,2153,595,113,89,1,-1,-1,-1
622,9,2527,1560,138,111,1,-1,-1,-1
622,10,2352,588,47,45,1,-1,-1,-1
623,0,2783,862,135,100,1,-1,-1,-1
623,1,905,1003,139,106,1,-1,-1,-1
623,2,1829,1043,121,107,1,-1,-1,-1
623,3,2836,666,139,107,1,-1,-1,-1
623,4,2496,1133,109,96,1,-1,-1,-1
623,5,2310,489,137,122,1,-1,-1,-1
623,6,2879,1112,166,117,1,-1,-1,-1
623,7,2534,468,152,107,1,-1,-1,-1
623,8,2161,592,113,88,1,-1,-1,-1
623,9,2529,1558,139,111,1,-1,-1,-1
623,10,2354,592,47,45,1,-1,-1,-1
624,0,2785,861,135,100,1,-1,-1,-1
624,1,909,1002,139,105,1,-1,-1,-1
624,2,1830,1042,122,107,1,-1,-1,-1
624,3,2836,664,140,107,1,-1,-1,-1
624,4,2497,1133,109,95,1,-1,-1,-1
624,5,2323,487,137,122,1,-1,-1,-1
624,6,2882,1112,165,117,1,-1,-1,-1
624,7,2542,468,152,108,1,-1,-1,-1
624,8,2170,590,113,88,1,-1,-1,-1
624,9,2531,1556,139,111,1,-1,-1,-1
624,10,2356,595,47,45,1,-1,-1,-1
625,0,2788,859,135,100,1,-1,-1,-1
625,1,913,1001,139,105,1,-1,-1,-1
625,2,1831,1040,123,107,1,-1,-1,-1
625,3,2836,662,140,108,1,-1,-1,-1
625,4,2499,1133,109,95,1,-1,-1,-1
625,5,2335,485,136,123,1,-1,-1,-1
625,6,2886,1112,164,116,1,-1,-1,-1
625,7,2549,467,151,108,1,-1,-1,-1
625,8,2179,588,113,88,1,-1,-1,-1
625,9,2534,1554,139,111,1,-1,-1,-1
625,10,2358,599,47,45,1,-1,-1,-1
626,0,2790,857,136,100,1,-1,-1,-1
626,1,918,1000,139,106,1,-1,-1,-1
626,2,1832,1038,123,107,1,-1,-1,-1
626,3,2836,660,141,108,1,-1,-1,-1
626,4,2501,1133,109,95,1,-1,-1,-1
626,5,2348,483,136,124,1,-1,-1,-1
626,6,2890,1112,163,116,1,-1,-1,-1
626,7,2556,467,151,108,1,-1,-1,-1
626,8,2188,585,113,88,1,-1,-1,-1
626,9,2536,1553,140,111,1,-1,-1,-1
626,10,2358,597,47,45,1,-1,-1,-1
627,0,2792,856,136,101,1,-1,-1,-1
627,1,922,999,139,106,1,-1,-1,-1
627,2,1833,1036,124,107,1,-1,-1,-1
627,3,2836,657,142,108,1,-1,-1,-1
627,4,2503,1134,110,95,1,-1,-1,-1
627,5,2361,481,136,125,1,-1,-1,-1
627,6,2893,1112,162,115,1,-1,-1,-1
627,7,2563,467,150,108,1,-1,-1,-1
627,8,2197,583,113,88,1,-1,-1,-1
627,9,2538,1551,140,111,1,-1,-1,-1
627,10,2359,596,47,45,1,-1,-1,-1
628,0,2794,854,136,101,1,-1,-1,-1
628,1,926,998,139,106,1,-1,-1,-1
628,2,1835,1035,125,107,1,-1,-1,-1
628,3,2836,655,142,109,1,-1,-1,-1
628,4,2505,1132,110,94,1,-1,-1,-1
628,5,2371,478,135,124,1,-1,-1,-1
628,6,2897,1112,161,115,1,-1,-1,-1
628,7,2571,467,150,109,1,-1,-1,-1
628,8,2206,581,114,88,1,-1,-1,-1
628,9,2540,1549,140,111,1,-1,-1,-1
628,10,2360,595,47,45,1,-1,-1,-1
629,0,2796,853,137,101,1,-1,-1,-1
629,1,930,997,140,106,1,-1,-1,-1
629,2,1837,1031,125,106,1,-1,-1,-1
629,3,2836,653,143,109,1,-1,-1,-1
629,4,2507,1130,110,94,1,-1,-1,-1
629,5,2382,475,135,124,1,-1,-1,-1
629,6,2901,1111,160,114,1,-1,-1,-1
629,7,2578,466,149,109,1,-1,-1,-1
629,8,2211,578,119,90,1,-1,-1,-1
629,9,2543,1548,141,111,1,-1,-1,-1
629,10,2360,594,47,45,1,-1,-1,-1
630,0,2799,851,137,101,1,-1,-1,-1
630,1,935,996,140,106,1,-1,-1,-1
630,2,1839,1027,126,106,1,-1,-1,-1
630,3,2836,651,144,110,1,-1,-1,-1
630,4,2510,1128,110,94,1,-1,-1,-1
630,5,2393,472,135,124,1,-1,-1,-1
630,6,2904,1111,159,114,1,-1,-1,-1
630,7,2585,466,149,109,1,-1,-1,-1
630,8,2216,575,124,93,1,-1,-1,-1
630,9,2545,1546,141,111,1,-1,-1,-1
630,10,2361,593,47,45,1,-1,-1,-1
631,0,2801,850,138,101,1,-1,-1,-1
631,1,939,995,140,106,1,-1,-1,-1
631,2,1841,1024,127,106,1,-1,-1,-1
631,3,2838,649,144,110,1,-1,-1,-1
631,4,2512,1126,110,93,1,-1,-1,-1
631,5,2404,469,135,124,1,-1,-1,-1
631,6,2908,1111,158,113,1,-1,-1,-1
631,7,2592,466,148,109,1,-1,-1,-1
631,8,2221,572,129,96,1,-1,-1,-1
631,9,2547,1544,141,112,1,-1,-1,-1
631,10,2362,592,47,45,1,-1,-1,-1
632,0,2803,848,138,101,1,-1,-1,-1
632,1,943,994,140,105,1,-1,-1,-1
632,2,1844,1020,128,106,1,-1,-1,-1
632,3,2841,647,145,110,1,-1,-1,-1
632,4,2514,1124,110,93,1,-1,-1,-1
632,5,2414,466,134,124,1,-1,-1,-1
632,6,2912,1111,158,113,1,-1,-1,-1
632,7,2600,466,148,110,1,-1,-1,-1
632,8,2226,569,134,98,1,-1,-1,-1
632,9,2549,1543,142,112,1,-1,-1,-1
632,10,2364,589,47,45,1,-1,-1,-1
633,0,2805,847,138,102,1,-1,-1,-1
633,1,947,993,140,105,1,-1,-1,-1
633,2,1846,1017,128,106,1,-1,-1,-1
633,3,2844,645,146,111,1,-1,-1,-1
633,4,2517,1123,111,93,1,-1,-1,-1
633,5,2425,463,134,124,1,-1,-1,-1
633,6,2915,1111,157,112,1,-1,-1,-1
633,7,2607,465,147,110,1,-1,-1,-1
633,8,2231,567,139,101,1,-1,-1,-1
633,9,2551,1541,142,112,1,-1,-1,-1
633,10,2367,587,47,45,1,-1,-1,-1
634,0,2807,845,139,102,1,-1,-1,-1
634,1,951,992,141,106,1,-1,-1,-1
634,2,1848,1013,129,106,1,-1,-1,-1
634,3,2847,643,147,111,1,-1,-1,-1
634,4,2519,1121,111,93,1,-1,-1,-1
634,5,2436,460,134,123,1,-1,-1,-1
634,6,2919,1111,156,111,1,-1,-1,-1
634,7,2614,465,147,110,1,-1,-1,-1
634,8,2236,564,144,104,1,-1,-1,-1
634,9,2554,1539,143,112,1,-1,-1,-1
634,10,2369,584,47,45,1,-1,-1,-1
635,0,2810,843,139,102,1,-1,-1,-1
635,1,956,991,141,106,1,-1,-1,-1
635,2,1850,1009,130,106,1,-1,-1,-1
635,3,2850,641,147,111,1,-1,-1,-1
635,4,2521,1119,111,92,1,-1,-1,-1
635,5,2447,457,134,123,1,-1,-1,-1
635,6,2922,1111,155,111,1,-1,-1,-1
635,7,2621,465,146,110,1,-1,-1,-1
635,8,2241,561,149,106,1,-1,-1,-1
635,9,2556,1538,143,112,1,-1,-1,-1
635,10,2372,582,47,45,1,-1,-1,-1
636,0,2812,842,139,102,1,-1,-1,-1
636,1,960,990,141,106,1,-1,-1,-1
636,2,1853,1006,131,106,1,-1,-1,-1
636,3,2853,639,148,112,1,-1,-1,-1
636,4,2524,1117,111,92,1,-1,-1,-1
636,5,2457,454,133,123,1,-1,-1,-1
636,6,2926,1110,154,110,1,-1,-1,-1
636,7,2629,465,146,111,1,-1,-1,-1
636,8,2246,558,154,109,1,-1,-1,-1
636,9,2558,1536,143,112,1,-1,-1,-1
636,10,2373,580,47,45,1,-1,-1,-1
637,0,2814,840,140,102,1,-1,-1,-1
637,1,964,989,141,106,1,-1,-1,-1
637,2,1855,1002,131,106,1,-1,-1,-1
637,3,2855,637,149,112,1,-1,-1,-1
637,4,2526,1115,111,92,1,-1,-1,-1
637,5,2468,451,133,123,1,-1,-1,-1
637,6,2930,1110,153,110,1,-1,-1,-1
637,7,2636,464,145,111,1,-1,-1,-1
637,8,2251,556,160,112,1,-1,-1,-1
637,9,2560,1534,144,112,1,-1,-1,-1
637,10,2375,578,47,45,1,-1,-1,-1
638,0,2816,839,140,102,1,-1,-1,-1
638,1,968,988,141,106,1,-1,-1,-1
638,2,1857,999,132,106,1,-1,-1,-1
638,3,2858,635,150,112,1,-1,-1,-1
638,4,2528,1114,112,92,1,-1,-1,-1
638,5,2479,448,133,123,1,-1,-1,-1
638,6,2933,1110,152,109,1,-1,-1,-1
638,7,2643,464,145,111,1,-1,-1,-1
638,8,2261,554,153,112,1,-1,-1,-1
638,9,2562,1532,144,112,1,-1,-1,-1
638,10,2377,576,47,45,1,-1,-1,-1
639,0,2818,837,140,103,1,-1,-1,-1
639,1,972,987,141,106,1,-1,-1,-1
639,2,1859,995,133,106,1,-1,-1,-1
639,3,2861,633,150,113,1,-1,-1,-1
639,4,2531,1112,112,91,1,-1,-1,-1
639,5,2490,445,133,123,1,-1,-1,-1
639,6,2937,1110,151,109,1,-1,-1,-1
639,7,2650,464,144,111,1,-1,-1,-1
639,8,2272,552,147,112,1,-1,-1,-1
639,9,2565,1531,144,112,1,-1,-1,-1
639,10,2379,574,47,45,1,-1,-1,-1
640,0,2820,836,141,103,1,-1,-1,-1
640,1,977,986,142,105,1,-1,-1,-1
640,2,1862,992,134,106,1,-1,-1,-1
640,3,2864,631,151,113,1,-1,-1,-1
640,4,2533,1110,112,91,1,-1,-1,-1
640,5,2499,441,132,123,1,-1,-1,-1
640,6,2941,1110,150,108,1,-1,-1,-1
640,7,2658,464,144,112,1,-1,-1,-1
640,8,2282,550,140,112,1,-1,-1,-1
640,9,2567,1529,145,113,1,-1,-1,-1
640,10,2381,572,47,45,1,-1,-1,-1
641,0,2823,834,141,103,1,-1,-1,-1
641,1,981,985,142,105,1,-1,-1,-1
641,2,1865,989,134,106,1,-1,-1,-1
641,3,2867,629,152,113,1,-1,-1,-1
641,4,2535,1108,112,91,1,-1,-1,-1
641,5,2509,437,131,124,1,-1,-1,-1
641,6,2944,1110,149,108,1,-1,-1,-1
641,7,2662,465,143,108,1,-1,-1,-1
641,8,2293,548,134,112,1,-1,-1,-1
641,9,2569,1527,145,113,1,-1,-1,-1
641,10,2383,570,47,45,1,-1,-1,-1
642,0,2825,833,141,103,1,-1,-1,-1
642,1,985,984,142,106,1,-1,-1,-1
642,2,1868,986,134,106,1,-1,-1,-1
642,3,2870,628,153,114,1,-1,-1,-1
642,4,2538,1106,112,91,1,-1,-1,-1
642,5,2519,433,131,124,1,-1,-1,-1
642,6,2948,1110,148,107,1,-1,-1,-1
642,7,2666,467,142,105,1,-1,-1,-1
642,8,2303,546,127,112,1,-1,-1,-1
642,9,2571,1526,145,113,1,-1,-1,-1
642,10,2385,568,47,45,1,-1,-1,-1
643,0,2827,831,142,103,1,-1,-1,-1
643,1,989,983,142,106,1,-1,-1,-1
643,2,1871,983,134,107,1,-1,-1,-1
643,3,2872,627,153,114,1,-1,-1,-1
643,4,2540,1104,112,90,1,-1,-1,-1
643,5,2529,429,130,125,1,-1,-1,-1
643,6,2952,1110,148,107,1,-1,-1,-1
643,7,2670,469,141,101,1,-1,-1,-1
643,8,2314,544,121,112,1,-1,-1,-1
643,9,2573,1524,146,113,1,-1,-1,-1
643,10,2387,566,47,45,1,-1,-1,-1
644,0,2829,829,142,103,1,-1,-1,-1
644,1,993,982,142,106,1,-1,-1,-1
644,2,1874,980,134,107,1,-1,-1,-1
644,3,2874,626,153,114,1,-1,-1,-1
644,4,2542,1103,113,90,1,-1,-1,-1
644,5,2539,425,130,125,1,-1,-1,-1
644,6,2954,1109,147,106,1,-1,-1,-1
644,7,2674,471,140,98,1,-1,-1,-1
644,8,2324,542,114,112,1,-1,-1,-1
644,9,2576,1522,146,113,1,-1,-1,-1
644,10,2389,564,47,45,1,-1,-1,-1
645,0,2831,828,142,104,1,-1,-1,-1
645,1,998,981,142,106,1,-1,-1,-1
645,2,1878,978,134,107,1,-1,-1,-1
645,3,2877,625,153,114,1,-1,-1,-1
645,4,2545,1101,113,90,1,-1,-1,-1
645,5,2548,421,129,126,1,-1,-1,-1
645,6,2956,1108,146,106,1,-1,-1,-1
645,7,2679,473,140,95,1,-1,-1,-1
645,8,2335,540,108,112,1,-1,-1,-1
645,9,2578,1521,146,113,1,-1,-1,-1
645,10,2391,563,47,45,1,-1,-1,-1
646,0,2834,826,143,104,1,-1,-1,-1
646,1,1002,980,143,106,1,-1,-1,-1
646,2,1881,975,135,108,1,-1,-1,-1
646,3,2879,624,153,114,1,-1,-1,-1
646,4,2547,1099,113,90,1,-1,-1,-1
646,5,2558,417,129,126,1,-1,-1,-1
646,6,2958,1108,145,105,1,-1,-1,-1
646,7,2685,473,139,96,1,-1,-1,-1
646,8,2351,543,101,112,1,-1,-1,-1
646,9,2580,1519,147,113,1,-1,-1,-1
646,10,2396,562,47,45,1,-1,-1,-1
647,0,2836,825,143,104,1,-1,-1,-1
647,1,1006,979,143,106,1,-1,-1,-1
647,2,1884,972,135,108,1,-1,-1,-1
647,3,2882,623,153,114,1,-1,-1,-1
647,4,2549,1097,113,89,1,-1,-1,-1
647,5,2568,413,128,127,1,-1,-1,-1
647,6,2960,1107,144,105,1,-1,-1,-1
647,7,2691,473,139,96,1,-1,-1,-1
647,8,2350,543,106,111,1,-1,-1,-1
647,9,2582,1517,147,113,1,-1,-1,-1
647,10,2401,562,47,45,1,-1,-1,-1
648,0,2838,823,143,104,1,-1,-1,-1
648,1,1010,978,143,105,1,-1,-1,-1
648,2,1887,969,135,108,1,-1,-1,-1
648,3,2884,622,153,114,1,-1,-1,-1
648,4,2552,1095,113,89,1,-1,-1,-1
648,5,2578,409,128,127,1,-1,-1,-1
648,6,2962,1107,143,104,1,-1,-1,-1
648,7,2697,474,138,98,1,-1,-1,-1
648,8,2350,544,111,111,1,-1,-1,-1
648,9,2585,1516,148,114,1,-1,-1,-1
648,10,2406,562,47,45,1,-1,-1,-1
649,0,2840,822,144,104,1,-1,-1,-1
649,1,1015,977,143,105,1,-1,-1,-1
649,2,1891,967,135,109,1,-1,-1,-1
649,3,2887,621,153,114,1,-1,-1,-1
649,4,2554,1094,114,89,1,-1,-1,-1
649,5,2588,405,127,128,1,-1,-1,-1
649,6,2965,1106,143,104,1,-1,-1,-1
649,7,2703,474,138,99,1,-1,-1,-1
649,8,2350,544,116,110,1,-1,-1,-1
649,9,2586,1514,147,113,1,-1,-1,-1
649,10,2411,562,47,45,1,-1,-1,-1
650,0,2842,820,144,104,1,-1,-1,-1
650,1,1019,976,143,106,1,-1,-1,-1
650,2,1894,964,135,109,1,-1,-1,-1
650,3,2889,620,153,114,1,-1,-1,-1
650,4,2556,1092,114,89,1,-1,-1,-1
650,5,2598,401,127,129,1,-1,-1,-1
650,6,2967,1105,142,103,1,-1,-1,-1
650,7,2710,475,138,100,1,-1,-1,-1
650,8,2350,545,121,110,1,-1,-1,-1
650,9,2587,1512,147,113,1,-1,-1,-1
650,10,2416,562,47,45,1,-1,-1,-1
651,0,2845,819,145,105,1,-1,-1,-1
651,1,1023,975,144,106,1,-1,-1,-1
651,2,1897,961,135,109,1,-1,-1,-1
651,3,2892,619,153,114,1,-1,-1,-1
651,4,2559,1090,114,88,1,-1,-1,-1
651,5,2604,396,127,128,1,-1,-1,-1
651,6,2969,1105,141,103,1,-1,-1,-1
651,7,2713,477,138,99,1,-1,-1,-1
651,8,2349,545,126,109,1,-1,-1,-1
651,9,2588,1510,146,113,1,-1,-1,-1
651,10,2422,564,47,45,1,-1,-1,-1
652,0,2847,819,145,105,1,-1,-1,-1
652,1,1027,974,144,106,1,-1,-1,-1
652,2,1900,958,136,110,1,-1,-1,-1
652,3,2894,618,153,114,1,-1,-1,-1
652,4,2561,1088,114,88,1,-1,-1,-1
652,5,2611,391,127,127,1,-1,-1,-1
652,6,2971,1104,140,102,1,-1,-1,-1
652,7,2716,479,139,99,1,-1,-1,-1
652,8,2349,546,131,109,1,-1,-1,-1
652,9,2589,1509,146,113,1,-1,-1,-1
652,10,2428,566,47,45,1,-1,-1,-1
653,0,2849,819,145,105,1,-1,-1,-1
653,1,1031,973,144,106,1,-1,-1,-1
653,2,1904,956,136,110,1,-1,-1,-1
653,3,2897,617,153,114,1,-1,-1,-1
653,4,2563,1086,114,88,1,-1,-1,-1
653,5,2618,387,127,127,1,-1,-1,-1
653,6,2973,1104,139,102,1,-1,-1,-1
653,7,2719,481,140,98,1,-1,-1,-1
653,8,2349,546,136,108,1,-1,-1,-1
653,9,2591,1507,145,112,1,-1,-1,-1
653,10,2434,568,47,45,1,-1,-1,-1
654,0,2851,819,145,105,1,-1,-1,-1
654,1,1036,972,144,106,1,-1,-1,-1
654,2,1907,953,136,110,1,-1,-1,-1
654,3,2899,616,153,114,1,-1,-1,-1
654,4,2566,1085,115,88,1,-1,-1,-1
654,5,2625,382,127,126,1,-1,-1,-1
654,6,2975,1103,138,101,1,-1,-1,-1
654,7,2722,483,141,98,1,-1,-1,-1
654,8,2349,547,141,108,1,-1,-1,-1
654,9,2592,1505,145,112,1,-1,-1,-1
654,10,2440,570,47,45,1,-1,-1,-1
655,0,2853,819,146,105,1,-1,-1,-1
655,1,1040,971,144,106,1,-1,-1,-1
655,2,1910,950,136,111,1,-1,-1,-1
655,3,2902,615,153,114,1,-1,-1,-1
655,4,2568,1083,115,88,1,-1,-1,-1
655,5,2632,378,127,126,1,-1,-1,-1
655,6,2978,1103,138,101,1,-1,-1,-1
655,7,2725,486,141,98,1,-1,-1,-1
655,8,2349,548,146,108,1,-1,-1,-1
655,9,2593,1503,145,112,1,-1,-1,-1
655,10,2446,572,47,45,1,-1,-1,-1
656,0,2855,819,146,105,1,-1,-1,-1
656,1,1044,970,144,105,1,-1,-1,-1
656,2,1913,947,136,111,1,-1,-1,-1
656,3,2904,614,153,114,1,-1,-1,-1
656,4,2570,1081,115,88,1,-1,-1,-1
656,5,2639,373,127,125,1,-1,-1,-1
656,6,2978,1103,138,100,1,-1,-1,-1
656,7,2728,488,142,98,1,-1,-1,-1
656,8,2354,548,144,108,1,-1,-1,-1
656,9,2594,1502,144,112,1,-1,-1,-1
656,10,2451,574,47,45,1,-1,-1,-1
657,0,2857,819,146,105,1,-1,-1,-1
657,1,1048,969,145,105,1,-1,-1,-1
657,2,1917,945,137,112,1,-1,-1,-1
657,3,2907,613,153,114,1,-1,-1,-1
657,4,2572,1079,115,88,1,-1,-1,-1
657,5,2646,369,127,125,1,-1,-1,-1
657,6,2979,1103,139,100,1,-1,-1,-1
657,7,2731,490,143,97,1,-1,-1,-1
657,8,2359,548,143,108,1,-1,-1,-1
657,9,2595,1500,144,111,1,-1,-1,-1
657,10,2456,576,47,45,1,-1,-1,-1
658,0,2859,819,147,105,1,-1,-1,-1
658,1,1052,968,145,106,1,-1,-1,-1
658,2,1921,941,137,112,1,-1,-1,-1
658,3,2909,612,153,114,1,-1,-1,-1
658,4,2574,1077,115,88,1,-1,-1,-1
658,5,2653,364,127,124,1,-1,-1,-1
658,6,2979,1103,140,100,1,-1,-1,-1
658,7,2734,492,144,97,1,-1,-1,-1
658,8,2364,548,141,108,1,-1,-1,-1
658,9,2597,1498,143,111,1,-1,-1,-1
658,10,2461,578,47,45,1,-1,-1,-1
659,0,2861,819,147,105,1,-1,-1,-1
659,1,1057,967,145,106,1,-1,-1,-1
659,2,1925,937,137,112,1,-1,-1,-1
659,3,2912,611,153,114,1,-1,-1,-1
659,4,2576,1075,115,88,1,-1,-1,-1
659,5,2660,359,127,124,1,-1,-1,-1
659,6,2980,1103,141,99,1,-1,-1,-1
659,7,2738,495,145,97,1,-1,-1,-1
659,8,2370,548,140,108,1,-1,-1,-1
659,9,2598,1496,143,111,1,-1,-1,-1
659,10,2466,580,47,45,1,-1,-1,-1
660,0,2863,820,147,106,1,-1,-1,-1
660,1,1061,966,145,106,1,-1,-1,-1
660,2,1929,933,137,112,1,-1,-1,-1
660,3,2914,610,153,114,1,-1,-1,-1
660,4,2578,1073,115,88,1,-1,-1,-1
660,5,2667,355,127,123,1,-1,-1,-1
660,6,2980,1103,141,99,1,-1,-1,-1
660,7,2742,497,143,99,1,-1,-1,-1
660,8,2375,548,139,109,1,-1,-1,-1
660,9,2599,1495,143,111,1,-1,-1,-1
660,10,2470,580,47,45,1,-1,-1,-1
661,0,2865,820,147,106,1,-1,-1,-1
661,1,1065,965,145,106,1,-1,-1,-1
661,2,1934,929,137,113,1,-1,-1,-1
661,3,2917,609,153,114,1,-1,-1,-1
661,4,2580,1071,115,88,1,-1,-1,-1
661,5,2673,350,127,123,1,-1,-1,-1
661,6,2981,1103,142,99,1,-1,-1,-1
661,7,2746,499,141,102,1,-1,-1,-1
661,8,2380,548,137,109,1,-1,-1,-1
661,9,2600,1493,142,110,1,-1,-1,-1
661,10,2474,580,47,45,1,-1,-1,-1
662,0,2867,820,148,106,1,-1,-1,-1
662,1,1069,964,145,106,1,-1,-1,-1
662,2,1938,925,138,113,1,-1,-1,-1
662,3,2917,609,153,114,1,-1,-1,-1
662,4,2583,1069,115,88,1,-1,-1,-1
662,5,2680,346,127,122,1,-1,-1,-1
662,6,2981,1103,143,99,1,-1,-1,-1
662,7,2751,501,139,105,1,-1,-1,-1
662,8,2386,548,136,109,1,-1,-1,-1
662,9,2601,1491,142,110,1,-1,-1,-1
662,10,2478,580,47,45,1,-1,-1,-1
663,0,2869,820,148,106,1,-1,-1,-1
663,1,1073,963,146,106,1,-1,-1,-1
663,2,1942,921,138,113,1,-1,-1,-1
663,3,2917,610,153,114,1,-1,-1,-1
663,4,2585,1067,115,88,1,-1,-1,-1
663,5,2687,341,127,122,1,-1,-1,-1
663,6,2982,1103,144,98,1,-1,-1,-1
663,7,2755,504,138,108,1,-1,-1,-1
663,8,2391,548,134,109,1,-1,-1,-1
663,9,2603,1489,141,110,1,-1,-1,-1
663,10,2479,578,47,45,1,-1,-1,-1
664,0,2871,820,148,106,1,-1,-1,-1
664,1,1078,962,146,105,1,-1,-1,-1
664,2,1947,918,138,114,1,-1,-1,-1
664,3,2918,610,153,114,1,-1,-1,-1
664,4,2587,1065,115,88,1,-1,-1,-1
664,5,2694,337,127,121,1,-1,-1,-1
664,6,2982,1103,145,98,1,-1,-1,-1
664,7,2759,506,136,110,1,-1,-1,-1
664,8,2396,548,133,109,1,-1,-1,-1
664,9,2604,1488,141,110,1,-1,-1,-1
664,10,2480,577,47,45,1,-1,-1,-1
665,0,2873,820,149,106,1,-1,-1,-1
665,1,1082,961,146,105,1,-1,-1,-1
665,2,1951,914,138,114,1,-1,-1,-1
665,3,2918,611,153,114,1,-1,-1,-1
665,4,2589,1063,115,88,1,-1,-1,-1
665,5,2701,332,127,121,1,-1,-1,-1
665,6,2983,1103,145,98,1,-1,-1,-1
665,7,2764,508,134,113,1,-1,-1,-1
665,8,2402,549,132,110,1,-1,-1,-1
665,9,2605,1486,140,109,1,-1,-1,-1
665,10,2482,575,47,45,1,-1,-1,-1
666,0,2875,820,149,106,1,-1,-1,-1
666,1,1086,960,146,106,1,-1,-1,-1
666,2,1955,910,139,114,1,-1,-1,-1
666,3,2919,612,153,114,1,-1,-1,-1
666,4,2591,1061,115,88,1,-1,-1,-1
666,5,2708,327,127,120,1,-1,-1,-1
666,6,2983,1103,146,97,1,-1,-1,-1
666,7,2768,510,132,116,1,-1,-1,-1
666,8,2404,548,130,110,1,-1,-1,-1
666,9,2606,1484,140,109,1,-1,-1,-1
666,10,2483,574,47,45,1,-1,-1,-1
667,0,2877,820,149,106,1,-1,-1,-1
667,1,1090,959,146,106,1,-1,-1,-1
667,2,1960,906,139,115,1,-1,-1,-1
667,3,2920,612,153,114,1,-1,-1,-1
667,4,2593,1059,115,88,1,-1,-1,-1
667,5,2715,323,127,120,1,-1,-1,-1
667,6,2984,1103,147,97,1,-1,-1,-1
667,7,2773,513,131,119,1,-1,-1,-1
667,8,2407,547,129,110,1,-1,-1,-1
667,9,2607,1483,140,109,1,-1,-1,-1
667,10,2484,572,47,45,1,-1,-1,-1
668,0,2879,821,150,107,1,-1,-1,-1
668,1,1095,958,147,106,1,-1,-1,-1
668,2,1964,902,139,115,1,-1,-1,-1
668,3,2921,613,153,114,1,-1,-1,-1
668,4,2595,1057,115,88,1,-1,-1,-1
668,5,2722,318,127,119,1,-1,-1,-1
668,6,2984,1103,148,97,1,-1,-1,-1
668,7,2775,515,131,118,1,-1,-1,-1
668,8,2410,546,128,110,1,-1,-1,-1
668,9,2609,1481,139,109,1,-1,-1,-1
668,10,2486,571,47,45,1,-1,-1,-1
669,0,2879,822,150,107,1,-1,-1,-1
669,1,1099,957,147,106,1,-1,-1,-1
669,2,1968,898,139,115,1,-1,-1,-1
669,3,2922,614,153,114,1,-1,-1,-1
669,4,2598,1055,115,88,1,-1,-1,-1
669,5,2729,314,127,119,1,-1,-1,-1
669,6,2985,1103,148,97,1,-1,-1,-1
669,7,2778,517,131,118,1,-1,-1,-1
669,8,2412,545,126,110,1,-1,-1,-1
669,9,2610,1479,139,108,1,-1,-1,-1
669,10,2486,570,47,45,1,-1,-1,-1
670,0,2880,824,150,108,1,-1,-1,-1
670,1,1103,957,147,105,1,-1,-1,-1
670,2,1973,895,140,116,1,-1,-1,-1
670,3,2923,615,153,114,1,-1,-1,-1
670,4,2600,1052,115,88,1,-1,-1,-1
670,5,2736,309,127,118,1,-1,-1,-1
670,6,2985,1103,149,96,1,-1,-1,-1
670,7,2780,520,131,118,1,-1,-1,-1
670,8,2415,544,125,110,1,-1,-1,-1
670,9,2611,1477,138,108,1,-1,-1,-1
670,10,2487,569,47,45,1,-1,-1,-1
671,0,2880,826,150,109,1,-1,-1,-1
671,1,1108,956,147,106,1,-1,-1,-1
671,2,1981,889,140,116,1,-1,-1,-1
671,3,2925,616,153,114,1,-1,-1,-1
671,4,2603,1050,115,88,1,-1,-1,-1
671,5,2743,305,127,118,1,-1,-1,-1
671,6,2986,1104,150,96,1,-1,-1,-1
671,7,2783,522,131,117,1,-1,-1,-1
671,8,2418,543,124,110,1,-1,-1,-1
671,9,2612,1476,138,108,1,-1,-1,-1
671,10,2488,568,47,45,1,-1,-1,-1
672,0,2881,827,150,110,1,-1,-1,-1
672,1,1112,956,147,106,1,-1,-1,-1
672,2,1989,883,140,116,1,-1,-1,-1
672,3,2926,617,153,114,1,-1,-1,-1
672,4,2606,1047,115,88,1,-1,-1,-1
672,5,2746,301,127,115,1,-1,-1,-1
672,6,2987,1104,151,96,1,-1,-1,-1
672,7,2785,524,132,117,1,-1,-1,-1
672,8,2421,542,123,110,1,-1,-1,-1
672,9,2613,1474,138,108,1,-1,-1,-1
672,10,2489,567,47,45,1,-1,-1,-1
673,0,2882,829,151,111,1,-1,-1,-1
673,1,1116,955,147,106,1,-1,-1,-1
673,2,1997,877,140,116,1,-1,-1,-1
673,3,2927,618,153,114,1,-1,-1,-1
673,4,2609,1045,115,88,1,-1,-1,-1
673,5,2750,297,127,113,1,-1,-1,-1
673,6,2987,1104,152,95,1,-1,-1,-1
673,7,2788,527,132,117,1,-1,-1,-1
673,8,2423,541,121,110,1,-1,-1,-1
673,9,2615,1472,137,107,1,-1,-1,-1
673,10,2490,566,47,45,1,-1,-1,-1
674,0,2882,831,151,112,1,-1,-1,-1
674,1,1121,955,148,106,1,-1,-1,-1
674,2,2005,871,140,117,1,-1,-1,-1
674,3,2928,619,153,114,1,-1,-1,-1
674,4,2612,1043,115,88,1,-1,-1,-1
674,5,2753,293,127,111,1,-1,-1,-1
674,6,2988,1104,152,95,1,-1,-1,-1
674,7,2790,529,132,117,1,-1,-1,-1
674,8,2426,540,120,110,1,-1,-1,-1
674,9,2616,1470,137,107,1,-1,-1,-1
674,10,2491,565,47,45,1,-1,-1,-1
675,0,2883,833,151,113,1,-1,-1,-1
675,1,1125,954,148,105,1,-1,-1,-1
675,2,2013,865,140,117,1,-1,-1,-1
675,3,2929,620,153,114,1,-1,-1,-1
675,4,2615,1040,115,88,1,-1,-1,-1
675,5,2757,289,127,109,1,-1,-1,-1
675,6,2988,1104,153,95,1,-1,-1,-1
675,7,2793,531,132,116,1,-1,-1,-1
675,8,2429,539,119,110,1,-1,-1,-1
675,9,2617,1469,136,107,1,-1,-1,-1
675,10,2492,565,47,45,1,-1,-1,-1
676,0,2883,834,151,114,1,-1,-1,-1
676,1,1129,954,148,105,1,-1,-1,-1
676,2,2021,860,140,117,1,-1,-1,-1
676,3,2931,621,153,114,1,-1,-1,-1
676,4,2618,1038,115,88,1,-1,-1,-1
676,5,2760,285,127,106,1,-1,-1,-1
676,6,2989,1104,154,95,1,-1,-1,-1
676,7,2795,534,132,116,1,-1,-1,-1
676,8,2432,538,118,111,1,-1,-1,-1
676,9,2618,1467,136,107,1,-1,-1,-1
676,10,2493,565,47,45,1,-1,-1,-1
677,0,2884,836,152,115,1,-1,-1,-1
677,1,1134,953,148,106,1,-1,-1,-1
677,2,2029,854,140,118,1,-1,-1,-1
677,3,2932,622,153,114,1,-1,-1,-1
677,4,2621,1035,115,88,1,-1,-1,-1
677,5,2764,281,127,104,1,-1,-1,-1
677,6,2989,1104,155,94,1,-1,-1,-1
677,7,2798,536,133,116,1,-1,-1,-1
677,8,2431,537,120,111,1,-1,-1,-1
677,9,2620,1465,135,106,1,-1,-1,-1
677,10,2494,566,47,45,1,-1,-1,-1
678,0,2885,838,152,115,1,-1,-1,-1
678,1,1138,953,148,106,1,-1,-1,-1
678,2,2037,848,140,118,1,-1,-1,-1
678,3,2933,623,153,114,1,-1,-1,-1
678,4,2624,1033,115,88,1,-1,-1,-1
678,5,2767,277,127,102,1,-1,-1,-1
678,6,2990,1104,155,94,1,-1,-1,-1
678,7,2800,538,133,116,1,-1,-1,-1
678,8,2430,536,122,111,1,-1,-1,-1
678,9,2621,1463,135,106,1,-1,-1,-1
678,10,2495,566,47,45,1,-1,-1,-1
679,0,2885,839,152,116,1,-1,-1,-1
679,1,1143,952,149,106,1,-1,-1,-1
679,2,2046,842,141,118,1,-1,-1,-1
679,3,2934,624,153,114,1,-1,-1,-1
679,4,2627,1031,115,88,1,-1,-1,-1
679,5,2771,273,127,100,1,-1,-1,-1
679,6,2990,1104,156,94,1,-1,-1,-1
679,7,2803,541,133,115,1,-1,-1,-1
679,8,2429,535,125,111,1,-1,-1,-1
679,9,2622,1462,135,106,1,-1,-1,-1
679,10,2496,567,47,45,1,-1,-1,-1
680,0,2886,841,152,117,1,-1,-1,-1
680,1,1147,952,149,106,1,-1,-1,-1
680,2,2054,836,141,118,1,-1,-1,-1
680,3,2936,625,153,114,1,-1,-1,-1
680,4,2630,1028,115,88,1,-1,-1,-1
680,5,2775,269,128,98,1,-1,-1,-1
680,6,2991,1104,157,93,1,-1,-1,-1
680,7,2805,543,133,115,1,-1,-1,-1
680,8,2429,535,127,110,1,-1,-1,-1
680,9,2623,1460,134,106,1,-1,-1,-1
680,10,2496,567,47,45,1,-1,-1,-1
681,0,2886,843,152,118,1,-1,-1,-1
681,1,1151,951,149,105,1,-1,-1,-1
681,2,2062,830,141,119,1,-1,-1,-1
681,3,2937,626,153,114,1,-1,-1,-1
681,4,2632,1026,115,88,1,-1,-1,-1
681,5,2778,266,127,99,1,-1,-1,-1
681,6,2991,1104,158,93,1,-1,-1,-1
681,7,2808,545,134,115,1,-1,-1,-1
681,8,2430,536,129,110,1,-1,-1,-1
681,9,2624,1458,134,105,1,-1,-1,-1
681,10,2497,568,47,45,1,-1,-1,-1
682,0,2887,845,153,119,1,-1,-1,-1
682,1,1156,951,149,106,1,-1,-1,-1
682,2,2070,825,141,119,1,-1,-1,-1
682,3,2938,627,153,114,1,-1,-1,-1
682,4,2635,1023,115,87,1,-1,-1,-1
682,5,2782,264,127,100,1,-1,-1,-1
682,6,2992,1104,159,93,1,-1,-1,-1
682,7,2810,548,134,115,1,-1,-1,-1
682,8,2430,536,131,110,1,-1,-1,-1
682,9,2626,1456,133,105,1,-1,-1,-1
682,10,2498,568,47,45,1,-1,-1,-1
683,0,2888,846,153,120,1,-1,-1,-1
683,1,1160,950,149,106,1,-1,-1,-1
683,2,2078,819,141,119,1,-1,-1,-1
683,3,2939,628,153,114,1,-1,-1,-1
683,4,2638,1021,115,88,1,-1,-1,-1
683,5,2785,262,127,102,1,-1,-1,-1
683,6,2992,1104,159,93,1,-1,-1,-1
683,7,2813,550,134,114,1,-1,-1,-1
683,8,2431,537,134,110,1,-1,-1,-1
683,9,2627,1455,133,105,1,-1,-1,-1
683,10,2499,569,47,45,1,-1,-1,-1
684,0,2888,848,153,121,1,-1,-1,-1
684,1,1164,950,149,106,1,-1,-1,-1
684,2,2086,813,141,120,1,-1,-1,-1
684,3,2940,629,153,114,1,-1,-1,-1
684,4,2641,1019,115,88,1,-1,-1,-1
684,5,2789,260,127,103,1,-1,-1,-1
684,6,2993,1104,160,92,1,-1,-1,-1
684,7,2815,552,134,114,1,-1,-1,-1
684,8,2431,537,136,110,1,-1,-1,-1
684,9,2628,1453,133,105,1,-1,-1,-1
684,10,2500,569,47,45,1,-1,-1,-1
685,0,2889,850,153,122,1,-1,-1,-1
685,1,1169,949,150,106,1,-1,-1,-1
685,2,2094,807,141,120,1,-1,-1,-1
685,3,2942,630,153,114,1,-1,-1,-1
685,4,2644,1016,115,87,1,-1,-1,-1
685,5,2792,258,127,104,1,-1,-1,-1
685,6,2993,1104,161,92,1,-1,-1,-1
685,7,2818,555,134,114,1,-1,-1,-1
685,8,2432,538,138,110,1,-1,-1,-1
685,9,2629,1451,132,104,1,-1,-1,-1
685,10,2501,570,47,45,1,-1,-1,-1
686,0,2890,852,154,123,1,-1,-1,-1
686,1,1173,949,150,105,1,-1,-1,-1
686,2,2102,801,141,120,1,-1,-1,-1
686,3,2943,631,153,114,1,-1,-1,-1
686,4,2647,1014,115,88,1,-1,-1,-1
686,5,2796,256,127,106,1,-1,-1,-1
686,6,2994,1104,162,92,1,-1,-1,-1
686,7,2820,557,135,114,1,-1,-1,-1
686,8,2432,538,140,110,1,-1,-1,-1
686,9,2630,1450,132,104,1,-1,-1,-1
686,10,2504,569,47,45,1,-1,-1,-1
687,0,2890,854,154,122,1,-1,-1,-1
687,1,1178,948,150,106,1,-1,-1,-1
687,2,2111,796,142,121,1,-1,-1,-1
687,3,2944,632,153,114,1,-1,-1,-1
687,4,2650,1011,115,88,1,-1,-1,-1
687,5,2799,254,127,107,1,-1,-1,-1
687,6,2995,1105,163,92,1,-1,-1,-1
687,7,2823,559,135,113,1,-1,-1,-1
687,8,2433,539,143,110,1,-1,-1,-1
687,9,2632,1448,131,104,1,-1,-1,-1
687,10,2507,568,47,45,1,-1,-1,-1
688,0,2891,856,155,121,1,-1,-1,-1
688,1,1182,948,150,106,1,-1,-1,-1
688,2,2121,788,142,121,1,-1,-1,-1
688,3,2945,633,153,114,1,-1,-1,-1
688,4,2653,1009,115,87,1,-1,-1,-1
688,5,2803,252,127,108,1,-1,-1,-1
688,6,2995,1103,161,92,1,-1,-1,-1
688,7,2825,562,135,113,1,-1,-1,-1
688,8,2433,539,145,110,1,-1,-1,-1
688,9,2633,1446,131,104,1,-1,-1,-1
688,10,2510,568,47,45,1,-1,-1,-1
689,0,2891,858,156,121,1,-1,-1,-1
689,1,1186,947,150,106,1,-1,-1,-1
689,2,2131,780,142,121,1,-1,-1,-1
689,3,2947,634,153,114,1,-1,-1,-1
689,4,2656,1007,115,88,1,-1,-1,-1
689,5,2806,250,127,110,1,-1,-1,-1
689,6,2996,1102,160,92,1,-1,-1,-1
689,7,2828,564,135,113,1,-1,-1,-1
689,8,2434,540,147,110,1,-1,-1,-1
689,9,2634,1444,130,103,1,-1,-1,-1
689,10,2513,567,47,45,1,-1,-1,-1
690,0,2892,860,156,120,1,-1,-1,-1
690,1,1191,947,151,106,1,-1,-1,-1
690,2,2142,773,142,121,1,-1,-1,-1
690,3,2948,635,153,114,1,-1,-1,-1
690,4,2659,1004,115,88,1,-1,-1,-1
690,5,2810,248,127,111,1,-1,-1,-1
690,6,2997,1100,159,93,1,-1,-1,-1
690,7,2831,567,136,113,1,-1,-1,-1
690,8,2434,540,149,110,1,-1,-1,-1
690,9,2635,1443,130,103,1,-1,-1,-1
690,10,2516,567,47,45,1,-1,-1,-1
691,0,2893,862,157,119,1,-1,-1,-1
691,1,1195,946,151,105,1,-1,-1,-1
691,2,2152,765,142,121,1,-1,-1,-1
691,3,2949,636,153,114,1,-1,-1,-1
691,4,2662,1002,115,87,1,-1,-1,-1
691,5,2814,246,127,113,1,-1,-1,-1
691,6,2998,1099,158,93,1,-1,-1,-1
691,7,2832,569,136,112,1,-1,-1,-1
691,8,2435,541,152,110,1,-1,-1,-1
691,9,2636,1441,130,103,1,-1,-1,-1
691,10,2518,564,47,45,1,-1,-1,-1
692,0,2893,864,158,119,1,-1,-1,-1
692,1,1199,946,151,105,1,-1,-1,-1
692,2,2163,757,142,121,1,-1,-1,-1
692,3,2950,637,153,114,1,-1,-1,-1
692,4,2665,1000,115,88,1,-1,-1,-1
692,5,2813,244,126,112,1,-1,-1,-1
692,6,2999,1098,157,94,1,-1,-1,-1
692,7,2833,571,136,112,1,-1,-1,-1
692,8,2435,541,154,110,1,-1,-1,-1
692,9,2638,1439,129,103,1,-1,-1,-1
692,10,2520,562,47,45,1,-1,-1,-1
693,0,2894,866,159,118,1,-1,-1,-1
693,1,1204,945,151,106,1,-1,-1,-1
693,2,2173,750,142,121,1,-1,-1,-1
693,3,2951,638,153,114,1,-1,-1,-1
693,4,2666,997,115,88,1,-1,-1,-1
693,5,2812,243,126,112,1,-1,-1,-1
693,6,3000,1096,155,94,1,-1,-1,-1
693,7,2835,574,136,112,1,-1,-1,-1
693,8,2436,542,156,110,1,-1,-1,-1
693,9,2639,1437,129,102,1,-1,-1,-1
693,10,2522,559,47,45,1,-1,-1,-1
694,0,2895,868,159,117,1,-1,-1,-1
694,1,1208,945,151,106,1,-1,-1,-1
694,2,2184,742,142,121,1,-1,-1,-1
694,3,2953,639,153,114,1,-1,-1,-1
694,4,2668,995,116,88,1,-1,-1,-1
694,5,2812,241,126,112,1,-1,-1,-1
694,6,3001,1095,154,95,1,-1,-1,-1
694,7,2836,576,137,112,1,-1,-1,-1
694,8,2436,542,158,110,1,-1,-1,-1
694,9,2640,1436,128,102,1,-1,-1,-1
694,10,2524,557,47,45,1,-1,-1,-1
695,0,2895,870,160,117,1,-1,-1,-1
695,1,1213,945,152,106,1,-1,-1,-1
695,2,2194,734,142,121,1,-1,-1,-1
695,3,2954,640,153,114,1,-1,-1,-1
695,4,2670,992,116,88,1,-1,-1,-1
695,5,2811,240,126,112,1,-1,-1,-1
695,6,3001,1093,153,95,1,-1,-1,-1
695,7,2838,579,137,111,1,-1,-1,-1
695,8,2437,543,161,110,1,-1,-1,-1
695,9,2641,1434,128,102,1,-1,-1,-1
695,10,2526,554,47,45,1,-1,-1,-1
696,0,2896,872,161,116,1,-1,-1,-1
696,1,1217,944,151,105,1,-1,-1,-1
696,2,2205,727,142,121,1,-1,-1,-1
696,3,2955,641,153,114,1,-1,-1,-1
696,4,2671,990,117,88,1,-1,-1,-1
696,5,2810,238,126,112,1,-1,-1,-1
696,6,3002,1092,152,95,1,-1,-1,-1
696,7,2839,581,137,111,1,-1,-1,-1
696,8,2438,541,160,110,1,-1,-1,-1
696,9,2642,1432,128,102,1,-1,-1,-1
696,10,2528,552,47,45,1,-1,-1,-1
697,0,2897,875,162,116,1,-1,-1,-1
697,1,1221,943,150,105,1,-1,-1,-1
697,2,2215,719,142,121,1,-1,-1,-1
697,3,2956,642,153,114,1,-1,-1,-1
697,4,2673,987,117,88,1,-1,-1,-1
697,5,2810,237,126,112,1,-1,-1,-1
697,6,3003,1091,151,96,1,-1,-1,-1
697,7,2841,583,137,111,1,-1,-1,-1
697,8,2439,540,159,110,1,-1,-1,-1
697,9,2644,1430,127,101,1,-1,-1,-1
697,10,2528,552,47,45,1,-1,-1,-1
698,0,2897,877,162,115,1,-1,-1,-1
698,1,1225,943,150,105,1,-1,-1,-1
698,2,2226,712,142,121,1,-1,-1,-1
698,3,2958,643,153,114,1,-1,-1,-1
698,4,2675,985,118,88,1,-1,-1,-1
698,5,2809,235,126,111,1,-1,-1,-1
698,6,3004,1089,149,96,1,-1,-1,-1
698,7,2842,586,138,111,1,-1,-1,-1
698,8,2440,538,159,110,1,-1,-1,-1
698,9,2645,1429,127,101,1,-1,-1,-1
698,10,2529,553,47,45,1,-1,-1,-1
699,0,2898,879,163,114,1,-1,-1,-1
699,1,1229,942,149,105,1,-1,-1,-1
699,2,2236,705,147,122,1,-1,-1,-1
699,3,2958,644,153,113,1,-1,-1,-1
699,4,2676,982,118,88,1,-1,-1,-1
699,5,2808,234,126,111,1,-1,-1,-1
699,6,3005,1088,148,97,1,-1,-1,-1
699,7,2844,588,138,110,1,-1,-1,-1
699,8,2441,537,158,110,1,-1,-1,-1
699,9,2646,1427,126,101,1,-1,-1,-1
699,10,2529,553,47,45,1,-1,-1,-1
700,0,2898,881,164,114,1,-1,-1,-1
700,1,1233,941,149,105,1,-1,-1,-1
700,2,2246,698,153,123,1,-1,-1,-1
700,3,2958,646,153,113,1,-1,-1,-1
700,4,2678,980,119,88,1,-1,-1,-1
700,5,2808,232,126,111,1,-1,-1,-1
700,6,3006,1087,147,97,1,-1,-1,-1
700,7,2845,591,138,110,1,-1,-1,-1
700,8,2442,535,157,110,1,-1,-1,-1
700,9,2647,1425,126,101,1,-1,-1,-1
700,10,2530,554,47,45,1,-1,-1,-1
701,0,2899,883,164,113,1,-1,-1,-1
701,1,1237,941,148,105,1,-1,-1,-1
701,2,2257,691,159,124,1,-1,-1,-1
701,3,2958,648,153,113,1,-1,-1,-1
701,4,2680,978,120,88,1,-1,-1,-1
701,5,2807,231,126,111,1,-1,-1,-1
701,6,3007,1085,146,98,1,-1,-1,-1
701,7,2846,593,138,110,1,-1,-1,-1
701,8,2444,534,157,110,1,-1,-1,-1
701,9,2649,1424,126,101,1,-1,-1,-1
701,10,2531,555,47,45,1,-1,-1,-1
702,0,2900,885,165,112,1,-1,-1,-1
702,1,1241,940,148,105,1,-1,-1,-1
702,2,2267,684,165,125,1,-1,-1,-1
702,3,2958,650,153,113,1,-1,-1,-1
702,4,2681,975,120,88,1,-1,-1,-1
702,5,2806,229,126,111,1,-1,-1,-1
702,6,3007,1084,145,98,1,-1,-1,-1
702,7,2848,595,139,110,1,-1,-1,-1
702,8,2451,533,156,110,1,-1,-1,-1
702,9,2649,1423,126,101,1,-1,-1,-1
702,10,2541,555,47,45,1,-1,-1,-1
703,0,2900,887,166,112,1,-1,-1,-1
703,1,1245,939,147,105,1,-1,-1,-1
703,2,2278,677,171,126,1,-1,-1,-1
703,3,2959,652,153,112,1,-1,-1,-1
703,4,2683,973,121,88,1,-1,-1,-1
703,5,2806,228,126,111,1,-1,-1,-1
703,6,3008,1082,143,98,1,-1,-1,-1
703,7,2849,598,139,109,1,-1,-1,-1
703,8,2458,533,155,110,1,-1,-1,-1
703,9,2649,1423,126,101,1,-1,-1,-1
703,10,2551,556,47,45,1,-1,-1,-1
704,0,2901,889,167,111,1,-1,-1,-1
704,1,1249,939,147,105,1,-1,-1,-1
704,2,2288,670,177,127,1,-1,-1,-1
704,3,2959,654,153,112,1,-1,-1,-1
704,4,2685,970,121,88,1,-1,-1,-1
704,5,2803,228,126,110,1,-1,-1,-1
704,6,3009,1081,142,99,1,-1,-1,-1
704,7,2851,600,139,109,1,-1,-1,-1
704,8,2465,533,155,110,1,-1,-1,-1
704,9,2649,1422,126,101,1,-1,-1,-1
704,10,2561,556,47,45,1,-1,-1,-1
705,0,2902,891,167,110,1,-1,-1,-1
705,1,1253,938,146,105,1,-1,-1,-1
705,2,2299,663,183,129,1,-1,-1,-1
705,3,2959,655,153,112,1,-1,-1,-1
705,4,2687,968,122,88,1,-1,-1,-1
705,5,2800,228,126,110,1,-1,-1,-1
705,6,3010,1080,141,99,1,-1,-1,-1
705,7,2852,603,139,109,1,-1,-1,-1
705,8,2472,532,154,110,1,-1,-1,-1
705,9,2649,1422,126,101,1,-1,-1,-1
705,10,2572,557,47,45,1,-1,-1,-1
706,0,2902,893,168,110,1,-1,-1,-1
706,1,1257,938,146,105,1,-1,-1,-1
706,2,2315,657,177,127,1,-1,-1,-1
706,3,2959,657,153,112,1,-1,-1,-1
706,4,2688,965,122,88,1,-1,-1,-1
706,5,2797,228,126,110,1,-1,-1,-1
706,6,3011,1078,140,100,1,-1,-1,-1
706,7,2854,605,140,109,1,-1,-1,-1
706,8,2480,532,154,110,1,-1,-1,-1
706,9,2649,1422,126,101,1,-1,-1,-1
706,10,2596,561,47,45,1,-1,-1,-1
707,0,2903,895,169,109,1,-1,-1,-1
707,1,1261,937,145,105,1,-1,-1,-1
707,2,2331,651,171,126,1,-1,-1,-1
707,3,2959,659,153,112,1,-1,-1,-1
707,4,2690,963,123,88,1,-1,-1,-1
707,5,2795,228,126,110,1,-1,-1,-1
707,6,3012,1077,139,100,1,-1,-1,-1
707,7,2855,607,140,108,1,-1,-1,-1
707,8,2487,532,153,110,1,-1,-1,-1
707,9,2649,1421,126,101,1,-1,-1,-1
707,10,2620,565,47,45,1,-1,-1,-1
708,0,2904,898,170,109,1,-1,-1,-1
708,1,1265,936,145,105,1,-1,-1,-1
708,2,2347,645,165,125,1,-1,-1,-1
708,3,2960,661,153,111,1,-1,-1,-1
708,4,2692,961,124,88,1,-1,-1,-1
708,5,2792,228,126,110,1,-1,-1,-1
708,6,3013,1076,138,101,1,-1,-1,-1
708,7,2857,610,140,108,1,-1,-1,-1
708,8,2494,531,153,110,1,-1,-1,-1
708,9,2649,1421,126,101,1,-1,-1,-1
708,10,2645,569,47,45,1,-1,-1,-1
709,0,2906,898,169,109,1,-1,-1,-1
709,1,1269,936,144,105,1,-1,-1,-1
709,2,2363,639,159,124,1,-1,-1,-1
709,3,2960,663,153,111,1,-1,-1,-1
709,4,2693,958,124,88,1,-1,-1,-1
709,5,2789,228,126,109,1,-1,-1,-1
709,6,3013,1072,138,101,1,-1,-1,-1
709,7,2858,612,140,108,1,-1,-1,-1
709,8,2501,531,152,110,1,-1,-1,-1
709,9,2649,1420,126,101,1,-1,-1,-1
709,10,2669,573,47,45,1,-1,-1,-1
710,0,2909,898,168,110,1,-1,-1,-1
710,1,1273,935,144,105,1,-1,-1,-1
710,2,2379,633,153,123,1,-1,-1,-1
710,3,2960,665,153,111,1,-1,-1,-1
710,4,2695,956,125,88,1,-1,-1,-1
710,5,2786,228,126,109,1,-1,-1,-1
710,6,3013,1069,138,102,1,-1,-1,-1
710,7,2860,615,141,108,1,-1,-1,-1
710,8,2509,531,152,110,1,-1,-1,-1
710,9,2649,1420,126,101,1,-1,-1,-1
710,10,2694,578,47,45,1,-1,-1,-1
711,0,2912,898,167,111,1,-1,-1,-1
711,1,1277,934,143,105,1,-1,-1,-1
711,2,2395,627,147,122,1,-1,-1,-1
711,3,2960,666,153,111,1,-1,-1,-1
711,4,2697,953,125,88,1,-1,-1,-1
711,5,2784,228,126,109,1,-1,-1,-1
711,6,3013,1066,139,102,1,-1,-1,-1
711,7,2862,621,141,107,1,-1,-1,-1
711,8,2511,534,151,110,1,-1,-1,-1
711,9,2649,1420,126,101,1,-1,-1,-1
711,10,2718,584,47,45,1,-1,-1,-1
712,0,2914,898,166,112,1,-1,-1,-1
712,1,1281,934,143,105,1,-1,-1,-1
712,2,2412,621,142,121,1,-1,-1,-1
712,3,2960,668,153,111,1,-1,-1,-1
712,4,2698,951,126,88,1,-1,-1,-1
712,5,2781,228,126,109,1,-1,-1,-1
712,6,3013,1063,139,103,1,-1,-1,-1
712,7,2864,628,141,107,1,-1,-1,-1
712,8,2514,538,151,110,1,-1,-1,-1
712,9,2649,1419,126,101,1,-1,-1,-1
712,10,2742,590,47,45,1,-1,-1,-1
713,0,2917,898,165,113,1,-1,-1,-1
713,1,1285,933,142,105,1,-1,-1,-1
713,2,2422,619,141,121,1,-1,-1,-1
713,3,2961,670,153,110,1,-1,-1,-1
713,4,2700,948,126,88,1,-1,-1,-1
713,5,2778,228,126,109,1,-1,-1,-1
713,6,3013,1060,139,103,1,-1,-1,-1
713,7,2867,635,141,107,1,-1,-1,-1
713,8,2517,542,151,110,1,-1,-1,-1
713,9,2649,1419,126,101,1,-1,-1,-1
713,10,2766,597,47,45,1,-1,-1,-1
714,0,2920,898,164,114,1,-1,-1,-1
714,1,1289,933,142,105,1,-1,-1,-1
714,2,2432,617,140,122,1,-1,-1,-1
714,3,2961,672,153,110,1,-1,-1,-1
714,4,2702,946,127,88,1,-1,-1,-1
714,5,2776,229,126,109,1,-1,-1,-1
714,6,3013,1057,140,104,1,-1,-1,-1
714,7,2868,637,141,107,1,-1,-1,-1
714,8,2518,541,148,109,1,-1,-1,-1
714,9,2649,1419,126,101,1,-1,-1,-1
714,10,2790,603,47,45,1,-1,-1,-1
715,0,2922,898,163,115,1,-1,-1,-1
715,1,1292,932,141,104,1,-1,-1,-1
715,2,2442,615,140,122,1,-1,-1,-1
715,3,2961,674,153,110,1,-1,-1,-1
715,4,2704,944,128,89,1,-1,-1,-1
715,5,2772,230,126,109,1,-1,-1,-1
715,6,3013,1053,140,104,1,-1,-1,-1
715,7,2870,639,142,107,1,-1,-1,-1
715,8,2519,541,145,109,1,-1,-1,-1
715,9,2649,1418,126,101,1,-1,-1,-1
715,10,2814,609,47,45,1,-1,-1,-1
716,0,2925,898,162,116,1,-1,-1,-1
716,1,1295,932,141,104,1,-1,-1,-1
716,2,2452,613,139,123,1,-1,-1,-1
716,3,2961,676,153,110,1,-1,-1,-1
716,4,2706,943,127,88,1,-1,-1,-1
716,5,2769,232,127,110,1,-1,-1,-1
716,6,3013,1050,140,105,1,-1,-1,-1
716,7,2871,641,143,108,1,-1,-1,-1
716,8,2520,540,142,108,1,-1,-1,-1
716,9,2649,1418,126,101,1,-1,-1,-1
716,10,2839,616,47,45,1,-1,-1,-1
717,0,2928,898,161,117,1,-1,-1,-1
717,1,1299,932,140,104,1,-1,-1,-1
717,2,2462,611,138,124,1,-1,-1,-1
717,3,2962,678,153,110,1,-1,-1,-1
717,4,2708,942,126,88,1,-1,-1,-1
717,5,2766,233,127,110,1,-1,-1,-1
717,6,3013,1047,141,106,1,-1,-1,-1
717,7,2873,643,144,108,1,-1,-1,-1
717,8,2521,540,139,108,1,-1,-1,-1
717,9,2649,1417,126,101,1,-1,-1,-1
717,10,2860,624,47,45,1,-1,-1,-1
718,0,2930,898,160,118,1,-1,-1,-1
718,1,1302,932,140,104,1,-1,-1,-1
718,2,2472,610,138,124,1,-1,-1,-1
718,3,2962,679,153,109,1,-1,-1,-1
718,4,2710,941,125,88,1,-1,-1,-1
718,5,2763,235,128,111,1,-1,-1,-1
718,6,3013,1044,141,106,1,-1,-1,-1
718,7,2874,645,145,108,1,-1,-1,-1
718,8,2523,539,136,108,1,-1,-1,-1
718,9,2649,1417,126,101,1,-1,-1,-1
718,10,2882,632,47,45,1,-1,-1,-1
719,0,2933,898,159,119,1,-1,-1,-1
719,1,1306,932,139,104,1,-1,-1,-1
719,2,2482,608,137,125,1,-1,-1,-1
719,3,2962,681,153,109,1,-1,-1,-1
719,4,2713,941,124,88,1,-1,-1,-1
719,5,2760,236,128,111,1,-1,-1,-1
719,6,3013,1041,141,107,1,-1,-1,-1
719,7,2876,648,146,109,1,-1,-1,-1
719,8,2524,539,133,107,1,-1,-1,-1
719,9,2649,1417,126,101,1,-1,-1,-1
719,10,2904,640,47,45,1,-1,-1,-1
720,0,2936,899,158,120,1,-1,-1,-1
720,1,1309,932,139,104,1,-1,-1,-1
720,2,2492,606,137,125,1,-1,-1,-1
720,3,2962,683,153,109,1,-1,-1,-1
720,4,2715,940,123,88,1,-1,-1,-1
720,5,2757,238,129,112,1,-1,-1,-1
720,6,3013,1038,142,107,1,-1,-1,-1
720,7,2878,650,147,109,1,-1,-1,-1
720,8,2525,539,130,107,1,-1,-1,-1
720,9,2649,1416,126,101,1,-1,-1,-1
720,10,2925,648,47,45,1,-1,-1,-1
721,0,2938,899,157,121,1,-1,-1,-1
721,1,1313,932,138,104,1,-1,-1,-1
721,2,2502,604,136,126,1,-1,-1,-1
721,3,2962,685,153,109,1,-1,-1,-1
721,4,2717,939,123,88,1,-1,-1,-1
721,5,2754,240,129,113,1,-1,-1,-1
721,6,3013,1034,142,108,1,-1,-1,-1
721,7,2879,652,148,109,1,-1,-1,-1
721,8,2526,538,127,107,1,-1,-1,-1
721,9,2649,1416,126,101,1,-1,-1,-1
721,10,2947,656,47,45,1,-1,-1,-1
722,0,2941,899,156,122,1,-1,-1,-1
722,1,1316,932,138,104,1,-1,-1,-1
722,2,2512,602,135,127,1,-1,-1,-1
722,3,2963,687,153,108,1,-1,-1,-1
722,4,2719,938,122,88,1,-1,-1,-1
722,5,2751,241,130,113,1,-1,-1,-1
722,6,3013,1031,142,108,1,-1,-1,-1
722,7,2881,654,149,110,1,-1,-1,-1
722,8,2528,538,124,106,1,-1,-1,-1
722,9,2649,1415,126,101,1,-1,-1,-1
722,10,2969,665,47,45,1,-1,-1,-1
723,0,2944,899,155,123,1,-1,-1,-1
723,1,1320,932,137,104,1,-1,-1,-1
723,2,2522,601,135,127,1,-1,-1,-1
723,3,2963,689,153,108,1,-1,-1,-1
723,4,2722,938,121,88,1,-1,-1,-1
723,5,2747,243,130,114,1,-1,-1,-1
723,6,3013,1028,143,109,1,-1,-1,-1
723,7,2882,656,150,110,1,-1,-1,-1
723,8,2529,537,121,106,1,-1,-1,-1
723,9,2649,1415,126,101,1,-1,-1,-1
723,10,2991,674,47,45,1,-1,-1,-1
724,0,2946,899,154,124,1,-1,-1,-1
724,1,1323,932,137,104,1,-1,-1,-1
724,2,2532,599,134,128,1,-1,-1,-1
724,3,2963,690,153,108,1,-1,-1,-1
724,4,2724,937,120,88,1,-1,-1,-1
724,5,2744,244,131,114,1,-1,-1,-1
724,6,3013,1025,143,109,1,-1,-1,-1
724,7,2884,658,151,110,1,-1,-1,-1
724,8,2530,537,118,106,1,-1,-1,-1
724,9,2649,1415,126,101,1,-1,-1,-1
724,10,3013,683,47,45,1,-1,-1,-1
725,0,2949,899,153,125,1,-1,-1,-1
725,1,1327,932,136,104,1,-1,-1,-1
725,2,2542,597,133,129,1,-1,-1,-1
725,3,2963,692,153,108,1,-1,-1,-1
725,4,2726,936,119,88,1,-1,-1,-1
725,5,2741,246,131,115,1,-1,-1,-1
725,6,3013,1022,143,110,1,-1,-1,-1
725,7,2886,661,152,111,1,-1,-1,-1
725,8,2531,537,115,105,1,-1,-1,-1
725,9,2649,1414,126,101,1,-1,-1,-1
725,10,3035,693,47,45,1,-1,-1,-1
726,0,2952,899,152,126,1,-1,-1,-1
726,1,1330,932,136,104,1,-1,-1,-1
726,2,2552,595,133,129,1,-1,-1,-1
726,3,2963,694,153,108,1,-1,-1,-1
726,4,2728,935,119,88,1,-1,-1,-1
726,5,2738,247,132,115,1,-1,-1,-1
726,6,3014,1019,144,111,1,-1,-1,-1
726,7,2887,663,153,111,1,-1,-1,-1
726,8,2533,536,112,105,1,-1,-1,-1
726,9,2649,1414,126,101,1,-1,-1,-1
726,10,3052,703,47,45,1,-1,-1,-1
727,0,2954,899,151,127,1,-1,-1,-1
727,1,1334,932,135,104,1,-1,-1,-1
727,2,2562,593,132,130,1,-1,-1,-1
727,3,2964,696,153,107,1,-1,-1,-1
727,4,2731,935,118,88,1,-1,-1,-1
727,5,2735,249,133,116,1,-1,-1,-1
727,6,3014,1017,144,110,1,-1,-1,-1
727,7,2889,665,154,111,1,-1,-1,-1
727,8,2534,536,109,105,1,-1,-1,-1
727,9,2649,1414,126,101,1,-1,-1,-1
727,10,3069,713,47,45,1,-1,-1,-1
728,0,2957,899,150,128,1,-1,-1,-1
728,1,1337,932,135,104,1,-1,-1,-1
728,2,2572,592,132,130,1,-1,-1,-1
728,3,2964,698,153,107,1,-1,-1,-1
728,4,2733,934,117,88,1,-1,-1,-1
728,5,2732,251,133,117,1,-1,-1,-1
728,6,3015,1016,145,110,1,-1,-1,-1
728,7,2890,667,155,112,1,-1,-1,-1
728,8,2535,535,106,104,1,-1,-1,-1
728,9,2649,1413,126,101,1,-1,-1,-1
728,10,3087,724,47,45,1,-1,-1,-1
729,0,2960,899,149,129,1,-1,-1,-1
729,1,1341,932,134,104,1,-1,-1,-1
729,2,2582,590,131,131,1,-1,-1,-1
729,3,2964,700,153,107,1,-1,-1,-1
729,4,2735,933,116,88,1,-1,-1,-1
729,5,2729,252,134,117,1,-1,-1,-1
729,6,3016,1014,145,109,1,-1,-1,-1
729,7,2892,669,156,112,1,-1,-1,-1
729,8,2536,535,103,104,1,-1,-1,-1
729,9,2649,1413,126,101,1,-1,-1,-1
729,10,3102,735,47,45,1,-1,-1,-1
730,0,2962,899,148,130,1,-1,-1,-1
730,1,1344,932,134,104,1,-1,-1,-1
730,2,2592,588,130,132,1,-1,-1,-1
730,3,2964,701,153,107,1,-1,-1,-1
730,4,2737,932,115,88,1,-1,-1,-1
730,5,2726,254,134,118,1,-1,-1,-1
730,6,3017,1013,146,109,1,-1,-1,-1
730,7,2894,672,157,113,1,-1,-1,-1
730,8,2538,535,100,104,1,-1,-1,-1
730,9,2649,1412,126,101,1,-1,-1,-1
730,10,3117,746,47,45,1,-1,-1,-1
731,0,2965,899,147,131,1,-1,-1,-1
731,1,1348,932,133,104,1,-1,-1,-1
731,2,2602,586,130,132,1,-1,-1,-1
731,3,2964,703,153,107,1,-1,-1,-1
731,4,2740,932,115,88,1,-1,-1,-1
731,5,2723,255,135,118,1,-1,-1,-1
731,6,3018,1011,146,109,1,-1,-1,-1
731,7,2895,674,155,112,1,-1,-1,-1
731,8,2537,534,100,104,1,-1,-1,-1
731,9,2649,1412,126,101,1,-1,-1,-1
731,10,3133,757,47,45,1,-1,-1,-1
732,0,2968,900,147,132,1,-1,-1,-1
732,1,1351,932,133,104,1,-1,-1,-1
732,2,2612,584,129,133,1,-1,-1,-1
732,3,2965,705,153,106,1,-1,-1,-1
732,4,2740,930,115,88,1,-1,-1,-1
732,5,2719,257,135,119,1,-1,-1,-1
732,6,3019,1010,147,108,1,-1,-1,-1
732,7,2897,676,154,111,1,-1,-1,-1
732,8,2536,534,101,105,1,-1,-1,-1
732,9,2649,1412,126,101,1,-1,-1,-1
732,10,3148,768,47,45,1,-1,-1,-1
733,0,2967,902,149,129,1,-1,-1,-1
733,1,1354,932,132,104,1,-1,-1,-1
733,2,2622,583,129,134,1,-1,-1,-1
733,3,2965,707,153,106,1,-1,-1,-1
733,4,2740,929,115,89,1,-1,-1,-1
733,5,2716,258,136,119,1,-1,-1,-1
733,6,3020,1008,147,108,1,-1,-1,-1
733,7,2898,678,153,110,1,-1,-1,-1
733,8,2535,534,102,105,1,-1,-1,-1
733,9,2649,1411,126,101,1,-1,-1,-1
733,10,3164,779,47,45,1,-1,-1,-1
734,0,2967,904,151,126,1,-1,-1,-1
734,1,1358,932,132,104,1,-1,-1,-1
734,2,2625,583,133,128,1,-1,-1,-1
734,3,2965,709,153,106,1,-1,-1,-1
734,4,2741,928,115,89,1,-1,-1,-1
734,5,2713,260,136,120,1,-1,-1,-1
734,6,3020,1007,148,108,1,-1,-1,-1
734,7,2900,680,152,109,1,-1,-1,-1
734,8,2535,534,103,106,1,-1,-1,-1
734,9,2649,1411,126,101,1,-1,-1,-1
734,10,3176,790,47,45,1,-1,-1,-1
735,0,2967,906,153,123,1,-1,-1,-1
735,1,1361,932,131,104,1,-1,-1,-1
735,2,2629,583,138,122,1,-1,-1,-1
735,3,2965,711,153,106,1,-1,-1,-1
735,4,2741,927,116,90,1,-1,-1,-1
735,5,2710,262,137,121,1,-1,-1,-1
735,6,3021,1005,148,107,1,-1,-1,-1
735,7,2902,682,151,108,1,-1,-1,-1
735,8,2534,533,104,107,1,-1,-1,-1
735,9,2649,1411,126,101,1,-1,-1,-1
735,10,3189,801,47,45,1,-1,-1,-1
736,0,2967,908,156,120,1,-1,-1,-1
736,1,1365,932,131,104,1,-1,-1,-1
736,2,2633,583,142,116,1,-1,-1,-1
736,3,2966,713,153,106,1,-1,-1,-1
736,4,2741,926,116,90,1,-1,-1,-1
736,5,2707,263,137,121,1,-1,-1,-1
736,6,3022,1004,149,107,1,-1,-1,-1
736,7,2903,684,150,107,1,-1,-1,-1
736,8,2533,533,105,107,1,-1,-1,-1
736,9,2649,1410,126,101,1,-1,-1,-1
736,10,3202,813,47,45,1,-1,-1,-1
737,0,2967,910,158,117,1,-1,-1,-1
737,1,1368,932,130,104,1,-1,-1,-1
737,2,2637,584,147,110,1,-1,-1,-1
737,3,2967,714,153,105,1,-1,-1,-1
737,4,2742,924,116,91,1,-1,-1,-1
737,5,2704,265,138,122,1,-1,-1,-1
737,6,3023,1002,149,107,1,-1,-1,-1
737,7,2905,687,149,107,1,-1,-1,-1
737,8,2533,533,105,108,1,-1,-1,-1
737,9,2649,1410,126,101,1,-1,-1,-1
737,10,3210,823,47,45,1,-1,-1,-1
738,0,2966,913,160,115,1,-1,-1,-1
738,1,1372,932,130,104,1,-1,-1,-1
738,2,2641,584,151,104,1,-1,-1,-1
738,3,2968,715,153,105,1,-1,-1,-1
738,4,2742,923,116,91,1,-1,-1,-1
738,5,2701,266,138,122,1,-1,-1,-1
738,6,3024,1001,150,106,1,-1,-1,-1
738,7,2907,689,148,106,1,-1,-1,-1
738,8,2532,533,106,108,1,-1,-1,-1
738,9,2649,1409,126,101,1,-1,-1,-1
738,10,3218,834,47,45,1,-1,-1,-1
739,0,2966,915,162,112,1,-1,-1,-1
739,1,1375,932,129,104,1,-1,-1,-1
739,2,2645,584,156,98,1,-1,-1,-1
739,3,2970,717,153,105,1,-1,-1,-1
739,4,2743,922,117,92,1,-1,-1,-1
739,5,2698,268,139,123,1,-1,-1,-1
739,6,3025,999,150,106,1,-1,-1,-1
739,7,2908,691,147,105,1,-1,-1,-1
739,8,2531,532,107,109,1,-1,-1,-1
739,9,2649,1409,126,101,1,-1,-1,-1
739,10,3227,845,47,45,1,-1,-1,-1
740,0,2966,917,165,109,1,-1,-1,-1
740,1,1379,932,129,104,1,-1,-1,-1
740,2,2649,585,161,92,1,-1,-1,-1
740,3,2971,718,153,105,1,-1,-1,-1
740,4,2743,921,117,93,1,-1,-1,-1
740,5,2695,270,140,124,1,-1,-1,-1
740,6,3026,998,151,106,1,-1,-1,-1
740,7,2910,693,146,104,1,-1,-1,-1
740,8,2531,532,108,110,1,-1,-1,-1
740,9,2649,1409,126,101,1,-1,-1,-1
740,10,3233,855,47,45,1,-1,-1,-1
741,0,2966,919,167,106,1,-1,-1,-1
741,1,1382,932,128,104,1,-1,-1,-1
741,2,2662,582,158,94,1,-1,-1,-1
741,3,2973,720,153,105,1,-1,-1,-1
741,4,2743,920,117,93,1,-1,-1,-1
741,5,2692,271,139,123,1,-1,-1,-1
741,6,3026,994,151,107,1,-1,-1,-1
741,7,2912,695,145,103,1,-1,-1,-1
741,8,2530,532,109,110,1,-1,-1,-1
741,9,2649,1408,126,101,1,-1,-1,-1
741,10,3239,865,47,45,1,-1,-1,-1
742,0,2966,921,169,103,1,-1,-1,-1
742,1,1386,932,128,104,1,-1,-1,-1
742,2,2676,579,156,97,1,-1,-1,-1
742,3,2974,721,153,104,1,-1,-1,-1
742,4,2744,918,117,94,1,-1,-1,-1
742,5,2690,273,139,123,1,-1,-1,-1
742,6,3027,991,151,108,1,-1,-1,-1
742,7,2913,697,144,102,1,-1,-1,-1
742,8,2529,532,110,111,1,-1,-1,-1
742,9,2649,1408,126,101,1,-1,-1,-1
742,10,3245,875,47,45,1,-1,-1,-1
743,0,2966,924,172,101,1,-1,-1,-1
743,1,1389,932,127,104,1,-1,-1,-1
743,2,2689,576,154,99,1,-1,-1,-1
743,3,2976,723,153,104,1,-1,-1,-1
743,4,2744,917,118,94,1,-1,-1,-1
743,5,2688,275,139,123,1,-1,-1,-1
743,6,3028,988,151,110,1,-1,-1,-1
743,7,2915,699,143,101,1,-1,-1,-1
743,8,2528,531,111,111,1,-1,-1,-1
743,9,2649,1407,126,101,1,-1,-1,-1
743,10,3252,885,47,45,1,-1,-1,-1
744,0,2965,923,172,102,1,-1,-1,-1
744,1,1393,932,127,104,1,-1,-1,-1
744,2,2703,573,152,102,1,-1,-1,-1
744,3,2977,724,153,104,1,-1,-1,-1
744,4,2744,916,118,95,1,-1,-1,-1
744,5,2685,277,139,123,1,-1,-1,-1
744,6,3029,984,151,111,1,-1,-1,-1
744,7,2917,702,142,101,1,-1,-1,-1
744,8,2528,531,111,112,1,-1,-1,-1
744,9,2649,1407,126,101,1,-1,-1,-1
744,10,3236,890,47,45,1,-1,-1,-1
745,0,2965,922,173,103,1,-1,-1,-1
745,1,1396,932,126,104,1,-1,-1,-1
745,2,2716,570,150,105,1,-1,-1,-1
745,3,2979,726,153,104,1,-1,-1,-1
745,4,2745,915,118,95,1,-1,-1,-1
745,5,2683,279,139,123,1,-1,-1,-1
745,6,3030,981,151,113,1,-1,-1,-1
745,7,2917,704,142,100,1,-1,-1,-1
745,8,2527,531,112,113,1,-1,-1,-1
745,9,2649,1407,126,101,1,-1,-1,-1
745,10,3220,896,47,45,1,-1,-1,-1
746,0,2965,922,173,104,1,-1,-1,-1
746,1,1400,932,126,104,1,-1,-1,-1
746,2,2730,567,148,107,1,-1,-1,-1
746,3,2980,727,153,104,1,-1,-1,-1
746,4,2745,914,118,96,1,-1,-1,-1
746,5,2681,281,139,123,1,-1,-1,-1
746,6,3030,978,151,114,1,-1,-1,-1
746,7,2917,707,142,100,1,-1,-1,-1
746,8,2526,531,113,113,1,-1,-1,-1
746,9,2649,1406,126,101,1,-1,-1,-1
746,10,3204,902,47,45,1,-1,-1,-1
747,0,2965,921,174,105,1,-1,-1,-1
747,1,1403,932,125,104,1,-1,-1,-1
747,2,2743,564,146,110,1,-1,-1,-1
747,3,2982,728,153,103,1,-1,-1,-1
747,4,2746,913,119,97,1,-1,-1,-1
747,5,2679,283,139,123,1,-1,-1,-1
747,6,3031,974,151,116,1,-1,-1,-1
747,7,2917,709,142,100,1,-1,-1,-1
747,8,2526,530,114,114,1,-1,-1,-1
747,9,2649,1406,126,101,1,-1,-1,-1
747,10,3188,908,47,45,1,-1,-1,-1
748,0,2965,920,174,106,1,-1,-1,-1
748,1,1407,932,125,104,1,-1,-1,-1
748,2,2757,562,144,113,1,-1,-1,-1
748,3,2983,730,153,103,1,-1,-1,-1
748,4,2745,913,119,97,1,-1,-1,-1
748,5,2676,285,139,123,1,-1,-1,-1
748,6,3032,971,152,117,1,-1,-1,-1
748,7,2917,712,142,100,1,-1,-1,-1
748,8,2525,530,115,114,1,-1,-1,-1
748,9,2649,1406,126,101,1,-1,-1,-1
748,10,3173,914,47,45,1,-1,-1,-1
749,0,2964,920,175,107,1,-1,-1,-1
749,1,1410,932,124,104,1,-1,-1,-1
749,2,2764,560,144,112,1,-1,-1,-1
749,3,2985,731,153,103,1,-1,-1,-1
749,4,2745,914,119,97,1,-1,-1,-1
749,5,2674,287,139,123,1,-1,-1,-1
749,6,3033,968,152,119,1,-1,-1,-1
749,7,2917,714,142,100,1,-1,-1,-1
749,8,2524,530,116,115,1,-1,-1,-1
749,9,2649,1405,126,101,1,-1,-1,-1
749,10,3157,920,47,45,1,-1,-1,-1
750,0,2964,919,176,108,1,-1,-1,-1
750,1,1414,932,124,104,1,-1,-1,-1
750,2,2771,558,145,111,1,-1,-1,-1
750,3,2986,733,153,103,1,-1,-1,-1
750,4,2745,915,119,98,1,-1,-1,-1
750,5,2672,289,138,123,1,-1,-1,-1
750,6,3034,964,152,120,1,-1,-1,-1
750,7,2917,717,142,99,1,-1,-1,-1
750,8,2524,530,117,116,1,-1,-1,-1
750,9,2649,1405,126,101,1,-1,-1,-1
750,10,3141,926,47,45,1,-1,-1,-1
751,0,2964,918,176,109,1,-1,-1,-1
751,1,1416,932,123,103,1,-1,-1,-1
751,2,2779,556,146,111,1,-1,-1,-1
751,3,2988,734,153,103,1,-1,-1,-1
751,4,2745,916,119,98,1,-1,-1,-1
751,5,2670,291,138,123,1,-1,-1,-1
751,6,3034,961,152,122,1,-1,-1,-1
751,7,2917,719,142,99,1,-1,-1,-1
751,8,2520,530,117,115,1,-1,-1,-1
751,9,2649,1404,126,101,1,-1,-1,-1
751,10,3125,932,47,45,1,-1,-1,-1
752,0,2964,918,177,110,1,-1,-1,-1
752,1,1418,932,123,103,1,-1,-1,-1
752,2,2786,554,147,110,1,-1,-1,-1
752,3,2989,736,153,103,1,-1,-1,-1
752,4,2745,917,120,99,1,-1,-1,-1
752,5,2667,293,138,123,1,-1,-1,-1
752,6,3035,958,152,123,1,-1,-1,-1
752,7,2917,722,142,99,1,-1,-1,-1
752,8,2516,530,118,115,1,-1,-1,-1
752,9,2649,1404,126,101,1,-1,-1,-1
752,10,3110,938,47,45,1,-1,-1,-1
753,0,2964,917,177,111,1,-1,-1,-1
753,1,1420,933,122,103,1,-1,-1,-1
753,2,2794,552,148,109,1,-1,-1,-1
753,3,2991,737,153,102,1,-1,-1,-1
753,4,2744,918,120,99,1,-1,-1,-1
753,5,2665,295,138,123,1,-1,-1,-1
753,6,3036,954,152,125,1,-1,-1,-1
753,7,2917,724,142,99,1,-1,-1,-1
753,8,2512,530,119,115,1,-1,-1,-1
753,9,2649,1404,126,101,1,-1,-1,-1
753,10,3105,935,47,45,1,-1,-1,-1
754,0,2964,916,178,112,1,-1,-1,-1
754,1,1423,933,122,103,1,-1,-1,-1
754,2,2801,550,149,109,1,-1,-1,-1
754,3,2992,739,153,102,1,-1,-1,-1
754,4,2744,919,120,99,1,-1,-1,-1
754,5,2663,297,138,122,1,-1,-1,-1
754,6,3037,951,152,126,1,-1,-1,-1
754,7,2918,727,142,99,1,-1,-1,-1
754,8,2508,530,120,114,1,-1,-1,-1
754,9,2649,1403,126,101,1,-1,-1,-1
754,10,3100,932,47,45,1,-1,-1,-1
755,0,2963,916,179,113,1,-1,-1,-1
755,1,1425,933,121,103,1,-1,-1,-1
755,2,2809,548,150,108,1,-1,-1,-1
755,3,2994,740,153,102,1,-1,-1,-1
755,4,2744,920,120,100,1,-1,-1,-1
755,5,2661,299,138,122,1,-1,-1,-1
755,6,3038,948,153,128,1,-1,-1,-1
755,7,2918,729,142,98,1,-1,-1,-1
755,8,2504,530,121,114,1,-1,-1,-1
755,9,2649,1403,126,101,1,-1,-1,-1
755,10,3096,929,47,45,1,-1,-1,-1
756,0,2963,915,179,114,1,-1,-1,-1
756,1,1427,934,121,103,1,-1,-1,-1
756,2,2816,546,151,107,1,-1,-1,-1
756,3,2995,741,153,102,1,-1,-1,-1
756,4,2744,921,120,100,1,-1,-1,-1
756,5,2658,301,138,122,1,-1,-1,-1
756,6,3037,942,152,132,1,-1,-1,-1
756,7,2918,732,142,98,1,-1,-1,-1
756,8,2500,530,122,114,1,-1,-1,-1
756,9,2649,1403,126,101,1,-1,-1,-1
756,10,3091,926,47,45,1,-1,-1,-1
757,0,2963,914,180,115,1,-1,-1,-1
757,1,1430,934,120,103,1,-1,-1,-1
757,2,2824,545,152,107,1,-1,-1,-1
757,3,2997,743,153,102,1,-1,-1,-1
757,4,2744,922,121,101,1,-1,-1,-1
757,5,2656,303,138,122,1,-1,-1,-1
757,6,3036,937,152,137,1,-1,-1,-1
757,7,2918,734,142,98,1,-1,-1,-1
757,8,2497,530,123,113,1,-1,-1,-1
757,9,2649,1403,126,101,1,-1,-1,-1
757,10,3087,923,47,45,1,-1,-1,-1
758,0,2963,914,180,116,1,-1,-1,-1
758,1,1432,934,120,103,1,-1,-1,-1
758,2,2829,546,153,106,1,-1,-1,-1
758,3,2998,744,153,101,1,-1,-1,-1
758,4,2743,923,121,101,1,-1,-1,-1
758,5,2654,305,138,122,1,-1,-1,-1
758,6,3035,931,152,142,1,-1,-1,-1
758,7,2918,737,142,98,1,-1,-1,-1
758,8,2493,530,123,113,1,-1,-1,-1
758,9,2649,1403,126,101,1,-1,-1,-1
758,10,3082,920,47,45,1,-1,-1,-1
759,0,2963,913,181,117,1,-1,-1,-1
759,1,1434,935,119,103,1,-1,-1,-1
759,2,2835,547,154,105,1,-1,-1,-1
759,3,3000,746,153,101,1,-1,-1,-1
759,4,2743,924,121,101,1,-1,-1,-1
759,5,2652,307,137,122,1,-1,-1,-1
759,6,3034,926,152,147,1,-1,-1,-1
759,7,2918,739,142,98,1,-1,-1,-1
759,8,2489,530,124,113,1,-1,-1,-1
759,9,2649,1403,126,101,1,-1,-1,-1
759,10,3078,918,47,45,1,-1,-1,-1
760,0,2963,913,182,119,1,-1,-1,-1
760,1,1437,935,119,103,1,-1,-1,-1
760,2,2840,548,155,104,1,-1,-1,-1
760,3,3001,747,153,101,1,-1,-1,-1
760,4,2743,925,121,102,1,-1,-1,-1
760,5,2649,309,137,122,1,-1,-1,-1
760,6,3033,921,152,152,1,-1,-1,-1
760,7,2918,742,142,97,1,-1,-1,-1
760,8,2485,530,125,112,1,-1,-1,-1
760,9,2649,1403,126,101,1,-1,-1,-1
760,10,3086,914,47,45,1,-1,-1,-1
761,0,2962,912,181,119,1,-1,-1,-1
761,1,1439,935,118,103,1,-1,-1,-1
761,2,2846,550,156,104,1,-1,-1,-1
761,3,3003,749,153,101,1,-1,-1,-1
761,4,2743,926,121,102,1,-1,-1,-1
761,5,2647,311,137,122,1,-1,-1,-1
761,6,3032,915,152,157,1,-1,-1,-1
761,7,2918,744,142,97,1,-1,-1,-1
761,8,2481,530,126,112,1,-1,-1,-1
761,9,2649,1403,126,101,1,-1,-1,-1
761,10,3095,910,47,45,1,-1,-1,-1
762,0,2962,911,180,120,1,-1,-1,-1
762,1,1441,936,118,103,1,-1,-1,-1
762,2,2855,547,154,104,1,-1,-1,-1
762,3,3004,750,153,101,1,-1,-1,-1
762,4,2743,927,122,103,1,-1,-1,-1
762,5,2645,313,137,122,1,-1,-1,-1
762,6,3031,910,152,162,1,-1,-1,-1
762,7,2918,747,142,97,1,-1,-1,-1
762,8,2477,530,127,112,1,-1,-1,-1
762,9,2649,1403,126,101,1,-1,-1,-1
762,10,3103,906,47,45,1,-1,-1,-1
763,0,2961,911,180,121,1,-1,-1,-1
763,1,1444,936,117,103,1,-1,-1,-1
763,2,2864,545,153,104,1,-1,-1,-1
763,3,3006,752,153,101,1,-1,-1,-1
763,4,2738,928,123,102,1,-1,-1,-1
763,5,2643,315,137,122,1,-1,-1,-1
763,6,3030,904,152,167,1,-1,-1,-1
763,7,2919,749,142,97,1,-1,-1,-1
763,8,2473,530,128,111,1,-1,-1,-1
763,9,2649,1403,126,101,1,-1,-1,-1
763,10,3112,903,47,45,1,-1,-1,-1
764,0,2961,910,179,122,1,-1,-1,-1
764,1,1446,936,117,103,1,-1,-1,-1
764,2,2873,543,152,104,1,-1,-1,-1
764,3,3007,752,152,101,1,-1,-1,-1
764,4,2734,930,125,101,1,-1,-1,-1
764,5,2640,317,137,122,1,-1,-1,-1
764,6,3029,899,152,172,1,-1,-1,-1
764,7,2919,752,142,97,1,-1,-1,-1
764,8,2470,530,129,111,1,-1,-1,-1
764,9,2649,1403,126,101,1,-1,-1,-1
764,10,3121,896,47,45,1,-1,-1,-1
765,0,2961,909,178,123,1,-1,-1,-1
765,1,1448,937,116,103,1,-1,-1,-1
765,2,2882,540,150,104,1,-1,-1,-1
765,3,3009,753,152,101,1,-1,-1,-1
765,4,2730,932,126,100,1,-1,-1,-1
765,5,2638,319,137,122,1,-1,-1,-1
765,6,3029,894,152,177,1,-1,-1,-1
765,7,2919,754,142,96,1,-1,-1,-1
765,8,2466,530,129,111,1,-1,-1,-1
765,9,2649,1403,126,101,1,-1,-1,-1
765,10,3131,890,47,45,1,-1,-1,-1
766,0,2960,909,178,124,1,-1,-1,-1
766,1,1451,937,116,103,1,-1,-1,-1
766,2,2892,538,149,105,1,-1,-1,-1
766,3,3010,753,152,102,1,-1,-1,-1
766,4,2726,934,128,100,1,-1,-1,-1
766,5,2636,321,137,122,1,-1,-1,-1
766,6,3028,894,153,176,1,-1,-1,-1
766,7,2919,757,142,96,1,-1,-1,-1
766,8,2462,530,130,110,1,-1,-1,-1
766,9,2649,1403,126,101,1,-1,-1,-1
766,10,3135,888,47,45,1,-1,-1,-1
767,0,2960,908,177,124,1,-1,-1,-1
767,1,1453,937,115,103,1,-1,-1,-1
767,2,2901,536,148,105,1,-1,-1,-1
767,3,3012,754,152,102,1,-1,-1,-1
767,4,2722,936,129,99,1,-1,-1,-1
767,5,2634,323,137,122,1,-1,-1,-1
767,6,3027,894,154,175,1,-1,-1,-1
767,7,2919,760,143,96,1,-1,-1,-1
767,8,2458,530,131,110,1,-1,-1,-1
767,9,2649,1403,126,101,1,-1,-1,-1
767,10,3139,887,47,45,1,-1,-1,-1
768,0,2960,907,176,125,1,-1,-1,-1
768,1,1455,938,115,103,1,-1,-1,-1
768,2,2910,533,146,105,1,-1,-1,-1
768,3,3014,754,152,103,1,-1,-1,-1
768,4,2718,938,131,98,1,-1,-1,-1
768,5,2633,324,136,121,1,-1,-1,-1
768,6,3026,895,155,174,1,-1,-1,-1
768,7,2919,762,143,96,1,-1,-1,-1
768,8,2454,530,132,110,1,-1,-1,-1
768,9,2649,1403,126,101,1,-1,-1,-1
768,10,3143,886,47,45,1,-1,-1,-1
769,0,2959,907,176,126,1,-1,-1,-1
769,1,1458,938,114,103,1,-1,-1,-1
769,2,2919,531,145,105,1,-1,-1,-1
769,3,3015,755,152,103,1,-1,-1,-1
769,4,2714,940,132,98,1,-1,-1,-1
769,5,2632,325,136,121,1,-1,-1,-1
769,6,3025,895,156,173,1,-1,-1,-1
769,7,2919,765,143,96,1,-1,-1,-1
769,8,2450,530,133,109,1,-1,-1,-1
769,9,2649,1403,126,101,1,-1,-1,-1
769,10,3137,894,47,45,1,-1,-1,-1
770,0,2959,906,175,127,1,-1,-1,-1
770,1,1460,938,114,103,1,-1,-1,-1
770,2,2929,529,144,106,1,-1,-1,-1
770,3,3017,755,152,104,1,-1,-1,-1
770,4,2710,942,134,97,1,-1,-1,-1
770,5,2631,326,136,121,1,-1,-1,-1
770,6,3024,895,158,173,1,-1,-1,-1
770,7,2919,767,143,95,1,-1,-1,-1
770,8,2446,530,134,109,1,-1,-1,-1
770,9,2649,1404,126,101,1,-1,-1,-1
770,10,3131,902,47,45,1,-1,-1,-1
771,0,2958,906,175,128,1,-1,-1,-1
771,1,1462,939,113,103,1,-1,-1,-1
771,2,2932,527,147,106,1,-1,-1,-1
771,3,3019,756,152,104,1,-1,-1,-1
771,4,2706,944,135,96,1,-1,-1,-1
771,5,2630,327,136,121,1,-1,-1,-1
771,6,3023,896,159,172,1,-1,-1,-1
771,7,2919,770,143,95,1,-1,-1,-1
771,8,2443,530,135,109,1,-1,-1,-1
771,9,2649,1404,126,101,1,-1,-1,-1
771,10,3125,911,47,45,1,-1,-1,-1
772,0,2958,905,174,129,1,-1,-1,-1
772,1,1464,939,113,103,1,-1,-1,-1
772,2,2935,525,150,107,1,-1,-1,-1
772,3,3020,756,152,105,1,-1,-1,-1
772,4,2702,946,137,95,1,-1,-1,-1
772,5,2629,329,136,121,1,-1,-1,-1
772,6,3022,896,160,171,1,-1,-1,-1
772,7,2920,772,143,95,1,-1,-1,-1
772,8,2440,530,134,109,1,-1,-1,-1
772,9,2649,1404,126,101,1,-1,-1,-1
772,10,3119,919,47,45,1,-1,-1,-1
773,0,2958,904,173,129,1,-1,-1,-1
773,1,1467,939,112,103,1,-1,-1,-1
773,2,2938,523,153,107,1,-1,-1,-1
773,3,3022,757,152,105,1,-1,-1,-1
773,4,2698,948,138,95,1,-1,-1,-1
773,5,2628,330,136,121,1,-1,-1,-1
773,6,3021,896,161,170,1,-1,-1,-1
773,7,2920,775,143,95,1,-1,-1,-1
773,8,2438,531,134,109,1,-1,-1,-1
773,9,2649,1404,126,101,1,-1,-1,-1
773,10,3113,928,47,45,1,-1,-1,-1
774,0,2957,904,173,130,1,-1,-1,-1
774,1,1469,940,112,103,1,-1,-1,-1
774,2,2942,521,157,108,1,-1,-1,-1
774,3,3024,757,152,106,1,-1,-1,-1
774,4,2694,950,140,94,1,-1,-1,-1
774,5,2627,331,136,121,1,-1,-1,-1
774,6,3020,897,163,170,1,-1,-1,-1
774,7,2920,777,143,95,1,-1,-1,-1
774,8,2436,532,133,109,1,-1,-1,-1
774,9,2649,1404,126,102,1,-1,-1,-1
774,10,3119,933,47,45,1,-1,-1,-1
775,0,2957,903,172,131,1,-1,-1,-1
775,1,1471,940,111,103,1,-1,-1,-1
775,2,2940,524,159,100,1,-1,-1,-1
775,3,3025,758,152,106,1,-1,-1,-1
775,4,2690,952,141,93,1,-1,-1,-1
775,5,2626,332,136,121,1,-1,-1,-1
775,6,3021,900,165,164,1,-1,-1,-1
775,7,2920,780,143,94,1,-1,-1,-1
775,8,2434,533,133,109,1,-1,-1,-1
775,9,2649,1404,126,102,1,-1,-1,-1
775,10,3125,938,47,45,1,-1,-1,-1
776,0,2957,902,171,132,1,-1,-1,-1
776,1,1474,940,111,103,1,-1,-1,-1
776,2,2938,528,161,92,1,-1,-1,-1
776,3,3027,758,152,107,1,-1,-1,-1
776,4,2686,954,143,93,1,-1,-1,-1
776,5,2625,333,136,121,1,-1,-1,-1
776,6,3022,904,168,158,1,-1,-1,-1
776,7,2920,782,143,94,1,-1,-1,-1
776,8,2432,533,132,109,1,-1,-1,-1
776,9,2649,1404,126,102,1,-1,-1,-1
776,10,3132,943,47,45,1,-1,-1,-1
777,0,2956,902,171,133,1,-1,-1,-1
777,1,1476,941,110,103,1,-1,-1,-1
777,2,2947,526,158,96,1,-1,-1,-1
777,3,3029,759,152,107,1,-1,-1,-1
777,4,2684,955,142,93,1,-1,-1,-1
777,5,2624,335,135,121,1,-1,-1,-1
777,6,3023,908,171,153,1,-1,-1,-1
777,7,2920,785,143,94,1,-1,-1,-1
777,8,2430,534,132,109,1,-1,-1,-1
777,9,2649,1404,126,102,1,-1,-1,-1
777,10,3135,952,47,45,1,-1,-1,-1
778,0,2956,901,170,134,1,-1,-1,-1
778,1,1478,941,110,103,1,-1,-1,-1
778,2,2956,524,156,101,1,-1,-1,-1
778,3,3030,759,152,108,1,-1,-1,-1
778,4,2682,957,141,93,1,-1,-1,-1
778,5,2623,336,135,121,1,-1,-1,-1
778,6,3024,912,174,147,1,-1,-1,-1
778,7,2920,787,143,94,1,-1,-1,-1
778,8,2428,535,131,109,1,-1,-1,-1
778,9,2649,1404,126,102,1,-1,-1,-1
778,10,3136,954,47,45,1,-1,-1,-1
779,0,2956,901,170,135,1,-1,-1,-1
779,1,1481,941,109,103,1,-1,-1,-1
779,2,2965,523,154,105,1,-1,-1,-1
779,3,3032,760,152,108,1,-1,-1,-1
779,4,2680,959,140,94,1,-1,-1,-1
779,5,2622,337,135,121,1,-1,-1,-1
779,6,3025,915,177,141,1,-1,-1,-1
779,7,2920,790,143,94,1,-1,-1,-1
779,8,2426,536,131,109,1,-1,-1,-1
779,9,2650,1404,126,102,1,-1,-1,-1
779,10,3137,956,47,45,1,-1,-1,-1
780,0,2957,898,170,134,1,-1,-1,-1
780,1,1483,942,109,103,1,-1,-1,-1
780,2,2974,521,151,110,1,-1,-1,-1
780,3,3034,761,152,109,1,-1,-1,-1
780,4,2678,961,139,94,1,-1,-1,-1
780,5,2621,338,135,121,1,-1,-1,-1
780,6,3026,919,180,136,1,-1,-1,-1
780,7,2920,792,143,93,1,-1,-1,-1
780,8,2423,537,130,109,1,-1,-1,-1
780,9,2650,1404,126,102,1,-1,-1,-1
780,10,3139,959,47,45,1,-1,-1,-1
781,0,2959,895,170,133,1,-1,-1,-1
781,1,1485,942,108,103,1,-1,-1,-1
781,2,2983,520,149,114,1,-1,-1,-1
781,3,3034,763,152,109,1,-1,-1,-1
781,4,2677,963,138,94,1,-1,-1,-1
781,5,2620,339,135,121,1,-1,-1,-1
781,6,3027,923,183,130,1,-1,-1,-1
781,7,2921,795,143,93,1,-1,-1,-1
781,8,2421,537,130,109,1,-1,-1,-1
781,9,2650,1404,126,102,1,-1,-1,-1
781,10,3137,960,47,45,1,-1,-1,-1
782,0,2961,892,170,132,1,-1,-1,-1
782,1,1488,942,108,103,1,-1,-1,-1
782,2,2992,518,147,119,1,-1,-1,-1
782,3,3035,765,152,110,1,-1,-1,-1
782,4,2675,965,138,95,1,-1,-1,-1
782,5,2619,341,135,121,1,-1,-1,-1
782,6,3029,927,186,125,1,-1,-1,-1
782,7,2921,797,143,93,1,-1,-1,-1
782,8,2419,538,129,109,1,-1,-1,-1
782,9,2650,1404,126,102,1,-1,-1,-1
782,10,3136,962,47,45,1,-1,-1,-1
783,0,2962,889,171,131,1,-1,-1,-1
783,1,1490,943,107,103,1,-1,-1,-1
783,2,3001,517,145,124,1,-1,-1,-1
783,3,3035,767,152,110,1,-1,-1,-1
783,4,2673,967,137,95,1,-1,-1,-1
783,5,2618,342,135,121,1,-1,-1,-1
783,6,3030,928,183,121,1,-1,-1,-1
783,7,2921,800,143,93,1,-1,-1,-1
783,8,2417,539,129,109,1,-1,-1,-1
783,9,2650,1404,126,102,1,-1,-1,-1
783,10,3129,963,47,45,1,-1,-1,-1
784,0,2964,886,171,130,1,-1,-1,-1
784,1,1492,943,107,103,1,-1,-1,-1
784,2,3002,513,148,126,1,-1,-1,-1
784,3,3036,770,152,111,1,-1,-1,-1
784,4,2671,969,136,96,1,-1,-1,-1
784,5,2617,343,135,121,1,-1,-1,-1
784,6,3031,930,180,117,1,-1,-1,-1
784,7,2921,802,143,93,1,-1,-1,-1
784,8,2415,540,129,109,1,-1,-1,-1
784,9,2650,1405,126,102,1,-1,-1,-1
784,10,3122,964,47,45,1,-1,-1,-1
785,0,2966,883,171,129,1,-1,-1,-1
785,1,1495,943,106,103,1,-1,-1,-1
785,2,3003,509,152,129,1,-1,-1,-1
785,3,3036,772,152,111,1,-1,-1,-1
785,4,2670,971,135,96,1,-1,-1,-1
785,5,2616,344,135,121,1,-1,-1,-1
785,6,3032,932,178,114,1,-1,-1,-1
785,7,2921,805,143,92,1,-1,-1,-1
785,8,2413,541,128,109,1,-1,-1,-1
785,9,2650,1405,126,102,1,-1,-1,-1
785,10,3116,966,47,45,1,-1,-1,-1
786,0,2968,881,172,129,1,-1,-1,-1
786,1,1497,944,106,103,1,-1,-1,-1
786,2,3004,505,156,132,1,-1,-1,-1
786,3,3037,774,152,112,1,-1,-1,-1
786,4,2668,973,134,96,1,-1,-1,-1
786,5,2615,346,135,121,1,-1,-1,-1
786,6,3033,933,175,110,1,-1,-1,-1
786,7,2921,807,143,92,1,-1,-1,-1
786,8,2411,541,128,109,1,-1,-1,-1
786,9,2650,1405,126,102,1,-1,-1,-1
786,10,3111,967,47,45,1,-1,-1,-1
787,0,2969,882,183,124,1,-1,-1,-1
787,1,1499,944,105,103,1,-1,-1,-1
787,2,3005,501,159,135,1,-1,-1,-1
787,3,3037,776,152,112,1,-1,-1,-1
787,4,2666,975,134,97,1,-1,-1,-1
787,5,2615,344,134,120,1,-1,-1,-1
787,6,3034,935,172,106,1,-1,-1,-1
787,7,2921,810,143,92,1,-1,-1,-1
787,8,2409,542,127,109,1,-1,-1,-1
787,9,2650,1405,126,102,1,-1,-1,-1
787,10,3128,962,47,45,1,-1,-1,-1
788,0,2970,884,194,120,1,-1,-1,-1
788,1,1502,945,105,103,1,-1,-1,-1
788,2,3006,497,163,138,1,-1,-1,-1
788,3,3038,779,152,113,1,-1,-1,-1
788,4,2664,977,133,97,1,-1,-1,-1
788,5,2615,343,134,120,1,-1,-1,-1
788,6,3036,937,170,103,1,-1,-1,-1
788,7,2921,812,143,92,1,-1,-1,-1
788,8,2406,543,127,109,1,-1,-1,-1
788,9,2650,1405,126,102,1,-1,-1,-1
788,10,3146,958,47,45,1,-1,-1,-1
789,0,2971,885,205,116,1,-1,-1,-1
789,1,1501,945,105,103,1,-1,-1,-1
789,2,3008,493,167,141,1,-1,-1,-1
789,3,3038,780,152,112,1,-1,-1,-1
789,4,2663,979,132,98,1,-1,-1,-1
789,5,2615,342,134,120,1,-1,-1,-1
789,6,3038,938,173,102,1,-1,-1,-1
789,7,2921,815,143,92,1,-1,-1,-1
789,8,2404,544,126,109,1,-1,-1,-1
789,9,2650,1405,126,102,1,-1,-1,-1
789,10,3158,958,47,45,1,-1,-1,-1
790,0,2972,887,216,112,1,-1,-1,-1
790,1,1501,945,105,102,1,-1,-1,-1
790,2,3014,499,163,132,1,-1,-1,-1
790,3,3038,782,152,111,1,-1,-1,-1
790,4,2661,980,131,98,1,-1,-1,-1
790,5,2615,341,134,120,1,-1,-1,-1
790,6,3041,939,176,101,1,-1,-1,-1
790,7,2922,818,144,92,1,-1,-1,-1
790,8,2402,545,126,109,1,-1,-1,-1
790,9,2650,1405,126,102,1,-1,-1,-1
790,10,3171,958,47,45,1,-1,-1,-1
791,0,2973,888,227,108,1,-1,-1,-1
791,1,1501,945,105,103,1,-1,-1,-1
791,2,3020,506,159,123,1,-1,-1,-1
791,3,3039,784,153,110,1,-1,-1,-1
791,4,2659,982,130,98,1,-1,-1,-1
791,5,2616,340,134,120,1,-1,-1,-1
791,6,3044,940,179,100,1,-1,-1,-1
791,7,2920,819,145,92,1,-1,-1,-1
791,8,2400,545,125,109,1,-1,-1,-1
791,9,2650,1405,126,103,1,-1,-1,-1
791,10,3177,963,47,45,1,-1,-1,-1
792,0,2974,890,238,104,1,-1,-1,-1
792,1,1501,946,105,103,1,-1,-1,-1
792,2,3026,513,155,114,1,-1,-1,-1
792,3,3039,786,153,109,1,-1,-1,-1
792,4,2657,984,130,99,1,-1,-1,-1
792,5,2616,339,134,120,1,-1,-1,-1
792,6,3047,941,182,100,1,-1,-1,-1
792,7,2918,821,146,93,1,-1,-1,-1
792,8,2398,546,125,109,1,-1,-1,-1
792,9,2650,1405,126,103,1,-1,-1,-1
792,10,3183,968,47,45,1,-1,-1,-1
793,0,2976,892,250,100,1,-1,-1,-1
793,1,1501,946,105,102,1,-1,-1,-1
793,2,3033,520,151,106,1,-1,-1,-1
793,3,3039,788,153,108,1,-1,-1,-1
793,4,2655,986,129,99,1,-1,-1,-1
793,5,2616,338,134,120,1,-1,-1,-1
793,6,3050,942,185,99,1,-1,-1,-1
793,7,2916,822,147,94,1,-1,-1,-1
793,8,2396,547,124,109,1,-1,-1,-1
793,9,2650,1405,126,103,1,-1,-1,-1
793,10,3191,972,47,45,1,-1,-1,-1
794,0,2978,892,247,100,1,-1,-1,-1
794,1,1501,946,105,103,1,-1,-1,-1
794,2,3036,522,150,106,1,-1,-1,-1
794,3,3040,789,154,107,1,-1,-1,-1
794,4,2654,988,128,99,1,-1,-1,-1
794,5,2616,336,133,120,1,-1,-1,-1
794,6,3052,943,188,98,1,-1,-1,-1
794,7,2914,824,148,94,1,-1,-1,-1
794,8,2394,548,124,109,1,-1,-1,-1
794,9,2650,1405,126,103,1,-1,-1,-1
794,10,3200,976,47,45,1,-1,-1,-1
795,0,2980,892,245,100,1,-1,-1,-1
795,1,1500,946,105,103,1,-1,-1,-1
795,2,3040,524,149,107,1,-1,-1,-1
795,3,3040,791,154,106,1,-1,-1,-1
795,4,2652,990,127,100,1,-1,-1,-1
795,5,2616,335,133,120,1,-1,-1,-1
795,6,3055,944,191,98,1,-1,-1,-1
795,7,2912,826,149,95,1,-1,-1,-1
795,8,2392,549,124,109,1,-1,-1,-1
795,9,2650,1405,126,103,1,-1,-1,-1
795,10,3210,976,47,45,1,-1,-1,-1
796,0,2983,892,243,100,1,-1,-1,-1
796,1,1500,947,105,102,1,-1,-1,-1
796,2,3044,527,149,108,1,-1,-1,-1
796,3,3040,793,154,106,1,-1,-1,-1
796,4,2650,992,126,100,1,-1,-1,-1
796,5,2617,334,133,120,1,-1,-1,-1
796,6,3058,945,194,97,1,-1,-1,-1
796,7,2910,827,150,96,1,-1,-1,-1
796,8,2391,548,123,109,1,-1,-1,-1
796,9,2650,1405,126,103,1,-1,-1,-1
796,10,3220,977,47,45,1,-1,-1,-1
797,0,2985,893,241,100,1,-1,-1,-1
797,1,1500,947,105,103,1,-1,-1,-1
797,2,3048,529,148,109,1,-1,-1,-1
797,3,3041,795,155,105,1,-1,-1,-1
797,4,2648,994,126,101,1,-1,-1,-1
797,5,2617,333,133,120,1,-1,-1,-1
797,6,3061,946,197,96,1,-1,-1,-1
797,7,2908,829,151,96,1,-1,-1,-1
797,8,2390,548,123,109,1,-1,-1,-1
797,9,2650,1405,126,103,1,-1,-1,-1
797,10,3228,975,47,45,1,-1,-1,-1
798,0,2988,893,239,100,1,-1,-1,-1
798,1,1500,947,105,103,1,-1,-1,-1
798,2,3052,531,148,110,1,-1,-1,-1
798,3,3041,797,155,104,1,-1,-1,-1
798,4,2647,996,125,101,1,-1,-1,-1
798,5,2617,332,133,120,1,-1,-1,-1
798,6,3064,947,200,96,1,-1,-1,-1
798,7,2906,830,152,97,1,-1,-1,-1
798,8,2390,548,122,109,1,-1,-1,-1
798,9,2650,1406,126,103,1,-1,-1,-1
798,10,3236,973,47,45,1,-1,-1,-1
799,0,2990,893,236,100,1,-1,-1,-1
799,1,1500,948,105,103,1,-1,-1,-1
799,2,3055,534,147,111,1,-1,-1,-1
799,3,3041,798,155,103,1,-1,-1,-1
799,4,2645,998,124,101,1,-1,-1,-1
799,5,2617,331,133,120,1,-1,-1,-1
799,6,3066,948,203,95,1,-1,-1,-1
799,7,2904,832,153,98,1,-1,-1,-1
799,8,2389,548,122,109,1,-1,-1,-1
799,9,2650,1406,126,103,1,-1,-1,-1
799,10,3245,972,47,45,1,-1,-1,-1
800,0,2993,893,234,100,1,-1,-1,-1
800,1,1500,948,105,103,1,-1,-1,-1
800,2,3059,536,147,112,1,-1,-1,-1
800,3,3042,800,156,102,1,-1,-1,-1
800,4,2643,1000,123,102,1,-1,-1,-1
800,5,2617,330,133,120,1,-1,-1,-1
800,6,3069,949,206,94,1,-1,-1,-1
800,7,2903,834,154,99,1,-1,-1,-1
800,8,2389,548,121,109,1,-1,-1,-1
800,9,2650,1406,126,103,1,-1,-1,-1
800,10,3256,964,47,45,1,-1,-1,-1
801,0,2995,894,232,101,1,-1,-1,-1
801,1,1499,948,105,103,1,-1,-1,-1
801,2,3063,538,146,113,1,-1,-1,-1
801,3,3042,802,156,101,1,-1,-1,-1
801,4,2641,1002,122,102,1,-1,-1,-1
801,5,2618,329,133,120,1,-1,-1,-1
801,6,3072,950,209,94,1,-1,-1,-1
801,7,2903,836,152,98,1,-1,-1,-1
801,8,2388,548,121,109,1,-1,-1,-1
801,9,2650,1406,126,103,1,-1,-1,-1
801,10,3268,956,47,45,1,-1,-1,-1
802,0,2998,894,230,101,1,-1,-1,-1
802,1,1499,948,105,103,1,-1,-1,-1
802,2,3067,541,146,114,1,-1,-1,-1
802,3,3042,804,156,100,1,-1,-1,-1
802,4,2640,1004,122,103,1,-1,-1,-1
802,5,2617,329,132,119,1,-1,-1,-1
802,6,3075,951,212,93,1,-1,-1,-1
802,7,2903,839,150,97,1,-1,-1,-1
802,8,2388,548,120,109,1,-1,-1,-1
802,9,2651,1406,126,103,1,-1,-1,-1
802,10,3280,949,47,45,1,-1,-1,-1
803,0,3000,894,228,101,1,-1,-1,-1
803,1,1499,949,105,102,1,-1,-1,-1
803,2,3071,543,145,115,1,-1,-1,-1
803,3,3043,806,157,100,1,-1,-1,-1
803,4,2638,1006,121,102,1,-1,-1,-1
803,5,2616,330,132,119,1,-1,-1,-1
803,6,3078,952,215,92,1,-1,-1,-1
803,7,2903,842,148,97,1,-1,-1,-1
803,8,2387,548,120,109,1,-1,-1,-1
803,9,2651,1406,126,103,1,-1,-1,-1
803,10,3287,941,47,45,1,-1,-1,-1
804,0,3003,894,225,101,1,-1,-1,-1
804,1,1499,949,105,103,1,-1,-1,-1
804,2,3075,546,145,116,1,-1,-1,-1
804,3,3043,807,157,99,1,-1,-1,-1
804,4,2637,1008,121,102,1,-1,-1,-1
804,5,2616,331,131,119,1,-1,-1,-1
804,6,3081,954,219,92,1,-1,-1,-1
804,7,2903,845,147,96,1,-1,-1,-1
804,8,2387,548,119,109,1,-1,-1,-1
804,9,2651,1406,126,103,1,-1,-1,-1
804,10,3295,933,47,45,1,-1,-1,-1
805,0,3005,895,223,101,1,-1,-1,-1
805,1,1499,949,105,103,1,-1,-1,-1
805,2,3078,547,144,116,1,-1,-1,-1
805,3,3043,808,157,98,1,-1,-1,-1
805,4,2635,1011,120,102,1,-1,-1,-1
805,5,2615,332,131,119,1,-1,-1,-1
805,6,3080,955,211,92,1,-1,-1,-1
805,7,2904,847,145,95,1,-1,-1,-1
805,8,2386,548,119,109,1,-1,-1,-1
805,9,2651,1406,126,103,1,-1,-1,-1
805,10,3302,925,47,45,1,-1,-1,-1
806,0,3008,895,221,101,1,-1,-1,-1
806,1,1499,949,105,102,1,-1,-1,-1
806,2,3081,548,143,117,1,-1,-1,-1
806,3,3044,809,158,97,1,-1,-1,-1
806,4,2634,1013,120,101,1,-1,-1,-1
806,5,2615,332,131,119,1,-1,-1,-1
806,6,3079,957,203,92,1,-1,-1,-1
806,7,2904,850,143,95,1,-1,-1,-1
806,8,2386,548,118,109,1,-1,-1,-1
806,9,2651,1406,126,103,1,-1,-1,-1
806,10,3310,917,47,45,1,-1,-1,-1
807,0,3010,895,219,101,1,-1,-1,-1
807,1,1499,950,105,103,1,-1,-1,-1
807,2,3084,550,142,118,1,-1,-1,-1
807,3,3044,810,158,96,1,-1,-1,-1
807,4,2632,1015,120,101,1,-1,-1,-1
807,5,2614,333,130,119,1,-1,-1,-1
807,6,3079,959,196,92,1,-1,-1,-1
807,7,2904,853,142,94,1,-1,-1,-1
807,8,2385,548,118,109,1,-1,-1,-1
807,9,2651,1406,126,103,1,-1,-1,-1
807,10,3315,909,47,45,1,-1,-1,-1
808,0,3013,896,217,102,1,-1,-1,-1
808,1,1498,950,105,103,1,-1,-1,-1
808,2,3087,551,142,119,1,-1,-1,-1
808,3,3045,812,159,95,1,-1,-1,-1
808,4,2631,1018,119,101,1,-1,-1,-1
808,5,2614,334,130,118,1,-1,-1,-1
808,6,3078,961,188,92,1,-1,-1,-1
808,7,2904,856,140,93,1,-1,-1,-1
808,8,2385,548,117,109,1,-1,-1,-1
808,9,2651,1406,126,104,1,-1,-1,-1
808,10,3320,901,47,45,1,-1,-1,-1
809,0,3015,895,216,102,1,-1,-1,-1
809,1,1498,950,105,102,1,-1,-1,-1
809,2,3090,553,141,120,1,-1,-1,-1
809,3,3045,813,159,94,1,-1,-1,-1
809,4,2629,1020,119,101,1,-1,-1,-1
809,5,2613,335,129,118,1,-1,-1,-1
809,6,3078,962,181,93,1,-1,-1,-1
809,7,2904,859,138,93,1,-1,-1,-1
809,8,2384,548,117,109,1,-1,-1,-1
809,9,2651,1406,126,104,1,-1,-1,-1
809,10,3326,893,47,45,1,-1,-1,-1
810,0,3018,894,216,102,1,-1,-1,-1
810,1,1498,951,105,103,1,-1,-1,-1
810,2,3093,554,140,121,1,-1,-1,-1
810,3,3046,814,160,93,1,-1,-1,-1
810,4,2628,1023,119,100,1,-1,-1,-1
810,5,2613,335,129,118,1,-1,-1,-1
810,6,3077,964,173,93,1,-1,-1,-1
810,7,2905,861,136,92,1,-1,-1,-1
810,8,2384,548,116,109,1,-1,-1,-1
810,9,2651,1406,126,104,1,-1,-1,-1
810,10,3331,885,47,45,1,-1,-1,-1
811,0,3021,893,216,102,1,-1,-1,-1
811,1,1498,951,105,103,1,-1,-1,-1
811,2,3096,555,140,122,1,-1,-1,-1
811,3,3046,815,160,92,1,-1,-1,-1
811,4,2626,1025,118,100,1,-1,-1,-1
811,5,2612,336,129,118,1,-1,-1,-1
811,6,3077,966,166,93,1,-1,-1,-1
811,7,2905,864,135,91,1,-1,-1,-1
811,8,2383,548,116,109,1,-1,-1,-1
811,9,2651,1406,126,104,1,-1,-1,-1
811,10,3337,878,47,45,1,-1,-1,-1
812,0,3024,892,216,102,1,-1,-1,-1
812,1,1498,951,105,102,1,-1,-1,-1
812,2,3099,557,139,123,1,-1,-1,-1
812,3,3046,816,160,91,1,-1,-1,-1
812,4,2625,1027,118,100,1,-1,-1,-1
812,5,2611,337,128,118,1,-1,-1,-1
812,6,3076,968,158,93,1,-1,-1,-1
812,7,2905,867,133,91,1,-1,-1,-1
812,8,2383,548,115,109,1,-1,-1,-1
812,9,2651,1407,126,104,1,-1,-1,-1
812,10,3333,872,47,45,1,-1,-1,-1
813,0,3027,891,215,103,1,-1,-1,-1
813,1,1498,951,105,103,1,-1,-1,-1
813,2,3102,558,138,124,1,-1,-1,-1
813,3,3047,818,161,90,1,-1,-1,-1
813,4,2623,1030,118,100,1,-1,-1,-1
813,5,2611,338,128,118,1,-1,-1,-1
813,6,3076,970,151,94,1,-1,-1,-1
813,7,2905,870,131,90,1,-1,-1,-1
813,8,2382,548,115,109,1,-1,-1,-1
813,9,2651,1407,126,104,1,-1,-1,-1
813,10,3329,867,47,45,1,-1,-1,-1
814,0,3030,890,215,103,1,-1,-1,-1
814,1,1497,952,105,103,1,-1,-1,-1
814,2,3105,560,138,125,1,-1,-1,-1
814,3,3047,819,161,89,1,-1,-1,-1
814,4,2622,1032,117,99,1,-1,-1,-1
814,5,2610,338,127,118,1,-1,-1,-1
814,6,3076,971,151,94,1,-1,-1,-1
814,7,2906,873,130,90,1,-1,-1,-1
814,8,2382,548,114,109,1,-1,-1,-1
814,9,2651,1407,126,104,1,-1,-1,-1
814,10,3325,862,47,45,1,-1,-1,-1
815,0,3033,889,215,103,1,-1,-1,-1
815,1,1497,952,105,102,1,-1,-1,-1
815,2,3105,563,138,124,1,-1,-1,-1
815,3,3048,820,162,88,1,-1,-1,-1
815,4,2620,1034,117,99,1,-1,-1,-1
815,5,2610,339,127,117,1,-1,-1,-1
815,6,3076,973,151,95,1,-1,-1,-1
815,7,2905,876,131,90,1,-1,-1,-1
815,8,2381,548,114,109,1,-1,-1,-1
815,9,2651,1407,126,104,1,-1,-1,-1
815,10,3320,862,47,45,1,-1,-1,-1
816,0,3036,888,215,103,1,-1,-1,-1
816,1,1497,952,105,103,1,-1,-1,-1
816,2,3106,566,139,124,1,-1,-1,-1
816,3,3048,821,162,87,1,-1,-1,-1
816,4,2619,1037,117,99,1,-1,-1,-1
816,5,2609,340,127,117,1,-1,-1,-1
816,6,3077,975,151,96,1,-1,-1,-1
816,7,2904,879,132,90,1,-1,-1,-1
816,8,2381,548,113,109,1,-1,-1,-1
816,9,2651,1407,126,104,1,-1,-1,-1
816,10,3315,862,47,45,1,-1,-1,-1
817,0,3039,888,215,104,1,-1,-1,-1
817,1,1497,953,105,103,1,-1,-1,-1
817,2,3107,570,140,124,1,-1,-1,-1
817,3,3049,823,163,87,1,-1,-1,-1
817,4,2617,1039,116,99,1,-1,-1,-1
817,5,2609,341,126,117,1,-1,-1,-1
817,6,3077,977,151,97,1,-1,-1,-1
817,7,2903,882,133,90,1,-1,-1,-1
817,8,2380,548,113,109,1,-1,-1,-1
817,9,2651,1407,126,104,1,-1,-1,-1
817,10,3310,862,47,45,1,-1,-1,-1
818,0,3041,888,211,103,1,-1,-1,-1
818,1,1497,953,105,103,1,-1,-1,-1
818,2,3108,573,141,124,1,-1,-1,-1
818,3,3049,823,164,87,1,-1,-1,-1
818,4,2616,1042,116,98,1,-1,-1,-1
818,5,2608,341,126,117,1,-1,-1,-1
818,6,3077,979,151,98,1,-1,-1,-1
818,7,2903,885,134,91,1,-1,-1,-1
818,8,2380,548,112,109,1,-1,-1,-1
818,9,2651,1407,126,104,1,-1,-1,-1
818,10,3305,863,47,45,1,-1,-1,-1
819,0,3043,888,208,103,1,-1,-1,-1
819,1,1497,953,105,103,1,-1,-1,-1
819,2,3108,576,142,124,1,-1,-1,-1
819,3,3049,823,166,87,1,-1,-1,-1
819,4,2615,1044,116,98,1,-1,-1,-1
819,5,2608,342,125,117,1,-1,-1,-1
819,6,3078,981,151,99,1,-1,-1,-1
819,7,2902,888,135,91,1,-1,-1,-1
819,8,2379,548,112,109,1,-1,-1,-1
819,9,2651,1407,126,104,1,-1,-1,-1
819,10,3300,864,47,45,1,-1,-1,-1
820,0,3045,888,205,102,1,-1,-1,-1
820,1,1496,953,105,103,1,-1,-1,-1
820,2,3109,580,142,124,1,-1,-1,-1
820,3,3049,823,167,88,1,-1,-1,-1
820,4,2613,1046,115,98,1,-1,-1,-1
820,5,2607,343,125,117,1,-1,-1,-1
820,6,3078,982,151,100,1,-1,-1,-1
820,7,2901,891,136,91,1,-1,-1,-1
820,8,2379,548,112,110,1,-1,-1,-1
820,9,2651,1407,126,104,1,-1,-1,-1
820,10,3295,866,47,45,1,-1,-1,-1
821,0,3047,888,202,102,1,-1,-1,-1
821,1,1496,954,105,103,1,-1,-1,-1
821,2,3110,583,143,124,1,-1,-1,-1
821,3,3049,823,169,88,1,-1,-1,-1
821,4,2612,1049,115,97,1,-1,-1,-1
821,5,2607,344,125,117,1,-1,-1,-1
821,6,3078,984,151,101,1,-1,-1,-1
821,7,2901,894,138,92,1,-1,-1,-1
821,8,2378,548,111,109,1,-1,-1,-1
821,9,2651,1407,126,104,1,-1,-1,-1
821,10,3290,868,47,45,1,-1,-1,-1
822,0,3049,888,199,101,1,-1,-1,-1
822,1,1496,954,105,102,1,-1,-1,-1
822,2,3111,586,144,124,1,-1,-1,-1
822,3,3049,823,171,89,1,-1,-1,-1
822,4,2610,1051,114,97,1,-1,-1,-1
822,5,2607,345,124,116,1,-1,-1,-1
822,6,3079,986,151,102,1,-1,-1,-1
822,7,2900,897,139,92,1,-1,-1,-1
822,8,2377,548,111,109,1,-1,-1,-1
822,9,2651,1407,126,104,1,-1,-1,-1
822,10,3285,870,47,45,1,-1,-1,-1
823,0,3052,889,196,101,1,-1,-1,-1
823,1,1496,954,105,103,1,-1,-1,-1
823,2,3111,590,145,124,1,-1,-1,-1
823,3,3049,823,172,89,1,-1,-1,-1
823,4,2609,1054,114,97,1,-1,-1,-1
823,5,2608,347,124,116,1,-1,-1,-1
823,6,3079,988,151,103,1,-1,-1,-1
823,7,2899,900,140,92,1,-1,-1,-1
823,8,2377,548,111,109,1,-1,-1,-1
823,9,2651,1407,126,104,1,-1,-1,-1
823,10,3277,872,47,45,1,-1,-1,-1
824,0,3054,889,193,100,1,-1,-1,-1
824,1,1496,954,105,103,1,-1,-1,-1
824,2,3112,593,146,124,1,-1,-1,-1
824,3,3049,823,174,90,1,-1,-1,-1
824,4,2607,1056,114,97,1,-1,-1,-1
824,5,2608,348,123,116,1,-1,-1,-1
824,6,3079,990,151,104,1,-1,-1,-1
824,7,2898,903,141,92,1,-1,-1,-1
824,8,2376,548,111,109,1,-1,-1,-1
824,9,2651,1407,126,104,1,-1,-1,-1
824,10,3269,874,47,45,1,-1,-1,-1
825,0,3056,889,190,100,1,-1,-1,-1
825,1,1496,955,105,102,1,-1,-1,-1
825,2,3113,596,146,124,1,-1,-1,-1
825,3,3049,823,176,90,1,-1,-1,-1
825,4,2606,1058,113,96,1,-1,-1,-1
825,5,2609,350,123,116,1,-1,-1,-1
825,6,3080,992,152,105,1,-1,-1,-1
825,7,2898,907,142,93,1,-1,-1,-1
825,8,2376,548,110,109,1,-1,-1,-1
825,9,2652,1408,126,105,1,-1,-1,-1
825,10,3262,876,47,45,1,-1,-1,-1
826,0,3058,889,186,99,1,-1,-1,-1
826,1,1496,955,105,103,1,-1,-1,-1
826,2,3114,600,147,124,1,-1,-1,-1
826,3,3049,823,177,90,1,-1,-1,-1
826,4,2604,1061,113,96,1,-1,-1,-1
826,5,2609,351,122,116,1,-1,-1,-1
826,6,3080,991,149,107,1,-1,-1,-1
826,7,2897,910,143,93,1,-1,-1,-1
826,8,2375,548,110,109,1,-1,-1,-1
826,9,2652,1408,125,104,1,-1,-1,-1
826,10,3254,878,47,45,1,-1,-1,-1
827,0,3060,889,183,99,1,-1,-1,-1
827,1,1495,955,105,103,1,-1,-1,-1
827,2,3114,603,148,124,1,-1,-1,-1
827,3,3049,823,179,91,1,-1,-1,-1
827,4,2603,1063,113,96,1,-1,-1,-1
827,5,2610,353,122,116,1,-1,-1,-1
827,6,3081,990,147,110,1,-1,-1,-1
827,7,2896,913,144,93,1,-1,-1,-1
827,8,2375,548,110,108,1,-1,-1,-1
827,9,2652,1408,125,104,1,-1,-1,-1
827,10,3246,880,47,45,1,-1,-1,-1
828,0,3063,890,180,98,1,-1,-1,-1
828,1,1495,956,105,102,1,-1,-1,-1
828,2,3115,606,149,124,1,-1,-1,-1
828,3,3049,823,180,91,1,-1,-1,-1
828,4,2601,1065,112,96,1,-1,-1,-1
828,5,2610,354,121,115,1,-1,-1,-1
828,6,3081,989,145,113,1,-1,-1,-1
828,7,2896,916,146,94,1,-1,-1,-1
828,8,2374,548,110,108,1,-1,-1,-1
828,9,2652,1408,125,104,1,-1,-1,-1
828,10,3239,883,47,45,1,-1,-1,-1
829,0,3065,890,177,98,1,-1,-1,-1
829,1,1495,956,105,103,1,-1,-1,-1
829,2,3116,610,150,124,1,-1,-1,-1
829,3,3049,823,182,92,1,-1,-1,-1
829,4,2600,1068,112,95,1,-1,-1,-1
829,5,2611,356,121,115,1,-1,-1,-1
829,6,3082,988,143,116,1,-1,-1,-1
829,7,2895,919,147,94,1,-1,-1,-1
829,8,2374,548,109,108,1,-1,-1,-1
829,9,2652,1408,125,104,1,-1,-1,-1
829,10,3228,886,47,45,1,-1,-1,-1
830,0,3067,890,174,97,1,-1,-1,-1
830,1,1495,956,105,103,1,-1,-1,-1
830,2,3117,613,150,124,1,-1,-1,-1
830,3,3049,823,184,92,1,-1,-1,-1
830,4,2598,1070,112,95,1,-1,-1,-1
830,5,2611,358,120,115,1,-1,-1,-1
830,6,3082,987,141,119,1,-1,-1,-1
830,7,2894,922,148,94,1,-1,-1,-1
830,8,2373,549,109,108,1,-1,-1,-1
830,9,2652,1408,124,104,1,-1,-1,-1
830,10,3217,889,47,45,1,-1,-1,-1
831,0,3069,890,171,97,1,-1,-1,-1
831,1,1495,956,105,102,1,-1,-1,-1
831,2,3117,616,151,124,1,-1,-1,-1
831,3,3049,823,185,93,1,-1,-1,-1
831,4,2597,1073,111,95,1,-1,-1,-1
831,5,2612,359,120,115,1,-1,-1,-1
831,6,3083,987,139,122,1,-1,-1,-1
831,7,2893,925,149,94,1,-1,-1,-1
831,8,2373,549,109,108,1,-1,-1,-1
831,9,2652,1408,124,104,1,-1,-1,-1
831,10,3206,893,47,45,1,-1,-1,-1
832,0,3071,890,168,96,1,-1,-1,-1
832,1,1495,957,105,103,1,-1,-1,-1
832,2,3118,620,152,124,1,-1,-1,-1
832,3,3049,823,187,93,1,-1,-1,-1
832,4,2595,1075,111,95,1,-1,-1,-1
832,5,2612,361,119,115,1,-1,-1,-1
832,6,3078,989,142,118,1,-1,-1,-1
832,7,2893,928,150,95,1,-1,-1,-1
832,8,2372,549,109,108,1,-1,-1,-1
832,9,2652,1408,124,104,1,-1,-1,-1
832,10,3195,896,47,45,1,-1,-1,-1
833,0,3074,891,165,96,1,-1,-1,-1
833,1,1494,957,105,103,1,-1,-1,-1
833,2,3119,623,153,124,1,-1,-1,-1
833,3,3049,823,189,94,1,-1,-1,-1
833,4,2594,1077,111,94,1,-1,-1,-1
833,5,2613,362,119,115,1,-1,-1,-1
833,6,3074,991,145,115,1,-1,-1,-1
833,7,2892,931,151,95,1,-1,-1,-1
833,8,2372,549,108,108,1,-1,-1,-1
833,9,2652,1408,124,103,1,-1,-1,-1
833,10,3184,900,47,45,1,-1,-1,-1
834,0,3070,890,167,97,1,-1,-1,-1
834,1,1494,957,105,102,1,-1,-1,-1
834,2,3120,627,154,124,1,-1,-1,-1
834,3,3048,822,188,94,1,-1,-1,-1
834,4,2592,1080,110,94,1,-1,-1,-1
834,5,2613,364,118,114,1,-1,-1,-1
834,6,3070,993,148,112,1,-1,-1,-1
834,7,2891,934,152,95,1,-1,-1,-1
834,8,2371,549,108,107,1,-1,-1,-1
834,9,2652,1408,124,103,1,-1,-1,-1
834,10,3173,903,47,45,1,-1,-1,-1
835,0,3066,890,169,98,1,-1,-1,-1
835,1,1494,957,105,103,1,-1,-1,-1
835,2,3119,628,153,124,1,-1,-1,-1
835,3,3048,821,187,94,1,-1,-1,-1
835,4,2591,1082,110,94,1,-1,-1,-1
835,5,2614,365,118,114,1,-1,-1,-1
835,6,3066,996,152,109,1,-1,-1,-1
835,7,2891,938,154,96,1,-1,-1,-1
835,8,2371,549,108,107,1,-1,-1,-1
835,9,2652,1408,123,103,1,-1,-1,-1
835,10,3163,907,47,45,1,-1,-1,-1
836,0,3063,889,171,100,1,-1,-1,-1
836,1,1494,958,105,103,1,-1,-1,-1
836,2,3118,630,152,124,1,-1,-1,-1
836,3,3048,820,186,94,1,-1,-1,-1
836,4,2590,1085,110,94,1,-1,-1,-1
836,5,2614,367,117,114,1,-1,-1,-1
836,6,3062,998,155,106,1,-1,-1,-1
836,7,2890,936,158,98,1,-1,-1,-1
836,8,2370,549,108,107,1,-1,-1,-1
836,9,2652,1408,123,103,1,-1,-1,-1
836,10,3160,906,47,45,1,-1,-1,-1
837,0,3059,889,173,101,1,-1,-1,-1
837,1,1494,958,105,103,1,-1,-1,-1
837,2,3117,632,151,124,1,-1,-1,-1
837,3,3048,819,185,95,1,-1,-1,-1
837,4,2587,1087,111,93,1,-1,-1,-1
837,5,2615,368,117,114,1,-1,-1,-1
837,6,3058,1000,158,103,1,-1,-1,-1
837,7,2890,934,162,100,1,-1,-1,-1
837,8,2370,549,107,107,1,-1,-1,-1
837,9,2652,1408,123,103,1,-1,-1,-1
837,10,3158,905,47,45,1,-1,-1,-1
838,0,3055,888,175,103,1,-1,-1,-1
838,1,1494,958,105,103,1,-1,-1,-1
838,2,3116,634,151,124,1,-1,-1,-1
838,3,3048,819,184,95,1,-1,-1,-1
838,4,2585,1089,113,92,1,-1,-1,-1
838,5,2615,370,116,114,1,-1,-1,-1
838,6,3054,1003,162,100,1,-1,-1,-1
838,7,2890,932,167,102,1,-1,-1,-1
838,8,2369,549,107,107,1,-1,-1,-1
838,9,2652,1408,123,103,1,-1,-1,-1
838,10,3155,905,47,45,1,-1,-1,-1
839,0,3052,888,178,104,1,-1,-1,-1
839,1,1493,959,105,103,1,-1,-1,-1
839,2,3115,636,150,124,1,-1,-1,-1
839,3,3048,818,183,95,1,-1,-1,-1
839,4,2583,1091,115,91,1,-1,-1,-1
839,5,2616,372,116,114,1,-1,-1,-1
839,6,3050,1005,165,97,1,-1,-1,-1
839,7,2889,930,171,104,1,-1,-1,-1
839,8,2369,550,107,107,1,-1,-1,-1
839,9,2653,1409,123,103,1,-1,-1,-1
839,10,3153,904,47,45,1,-1,-1,-1
840,0,3048,887,180,106,1,-1,-1,-1
840,1,1493,959,105,103,1,-1,-1,-1
840,2,3114,638,149,124,1,-1,-1,-1
840,3,3048,817,182,96,1,-1,-1,-1
840,4,2581,1093,117,90,1,-1,-1,-1
840,5,2616,373,115,113,1,-1,-1,-1
840,6,3046,1007,168,94,1,-1,-1,-1
840,7,2889,928,176,106,1,-1,-1,-1
840,8,2368,550,107,106,1,-1,-1,-1
840,9,2653,1409,126,102,1,-1,-1,-1
840,10,3150,903,47,45,1,-1,-1,-1
841,0,3044,887,182,107,1,-1,-1,-1
841,1,1493,959,105,102,1,-1,-1,-1
841,2,3113,640,149,124,1,-1,-1,-1
841,3,3048,816,181,96,1,-1,-1,-1
841,4,2579,1095,119,89,1,-1,-1,-1
841,5,2617,375,115,113,1,-1,-1,-1
841,6,3042,1010,172,91,1,-1,-1,-1
841,7,2889,926,180,108,1,-1,-1,-1
841,8,2368,550,106,106,1,-1,-1,-1
841,9,2653,1409,130,102,1,-1,-1,-1
841,10,3148,903,47,45,1,-1,-1,-1
842,0,3041,886,184,109,1,-1,-1,-1
842,1,1493,959,105,103,1,-1,-1,-1
842,2,3113,641,148,124,1,-1,-1,-1
842,3,3048,816,180,96,1,-1,-1,-1
842,4,2577,1097,121,88,1,-1,-1,-1
842,5,2617,376,114,113,1,-1,-1,-1
842,6,3041,1010,168,92,1,-1,-1,-1
842,7,2888,924,185,110,1,-1,-1,-1
842,8,2367,550,106,106,1,-1,-1,-1
842,9,2653,1409,133,102,1,-1,-1,-1
842,10,3143,900,47,45,1,-1,-1,-1
843,0,3037,886,186,110,1,-1,-1,-1
843,1,1493,960,105,103,1,-1,-1,-1
843,2,3112,643,147,124,1,-1,-1,-1
843,3,3048,815,179,97,1,-1,-1,-1
843,4,2574,1099,123,87,1,-1,-1,-1
843,5,2618,378,114,113,1,-1,-1,-1
843,6,3041,1011,165,94,1,-1,-1,-1
843,7,2888,922,189,112,1,-1,-1,-1
843,8,2367,550,106,106,1,-1,-1,-1
843,9,2653,1409,137,102,1,-1,-1,-1
843,10,3139,898,47,45,1,-1,-1,-1
844,0,3034,886,189,112,1,-1,-1,-1
844,1,1493,960,105,102,1,-1,-1,-1
844,2,3111,645,147,124,1,-1,-1,-1
844,3,3048,814,178,97,1,-1,-1,-1
844,4,2572,1101,125,86,1,-1,-1,-1
844,5,2618,379,113,113,1,-1,-1,-1
844,6,3040,1011,162,95,1,-1,-1,-1
844,7,2888,920,194,114,1,-1,-1,-1
844,8,2366,550,106,106,1,-1,-1,-1
844,9,2653,1409,140,101,1,-1,-1,-1
844,10,3135,895,47,45,1,-1,-1,-1
845,0,3032,888,183,111,1,-1,-1,-1
845,1,1493,960,105,103,1,-1,-1,-1
845,2,3110,647,146,124,1,-1,-1,-1
845,3,3048,813,177,97,1,-1,-1,-1
845,4,2570,1103,127,85,1,-1,-1,-1
845,5,2619,381,113,113,1,-1,-1,-1
845,6,3040,1012,159,97,1,-1,-1,-1
845,7,2887,918,198,116,1,-1,-1,-1
845,8,2366,550,105,106,1,-1,-1,-1
845,9,2653,1409,144,101,1,-1,-1,-1
845,10,3131,893,47,45,1,-1,-1,-1
846,0,3030,891,177,110,1,-1,-1,-1
846,1,1492,961,105,103,1,-1,-1,-1
846,2,3109,649,145,124,1,-1,-1,-1
846,3,3047,813,177,98,1,-1,-1,-1
846,4,2568,1105,129,84,1,-1,-1,-1
846,5,2620,383,113,113,1,-1,-1,-1
846,6,3039,1012,156,99,1,-1,-1,-1
846,7,2887,916,203,118,1,-1,-1,-1
846,8,2365,550,105,106,1,-1,-1,-1
846,9,2653,1409,147,101,1,-1,-1,-1
846,10,3121,896,47,45,1,-1,-1,-1
847,0,3029,894,172,109,1,-1,-1,-1
847,1,1492,961,105,102,1,-1,-1,-1
847,2,3108,651,144,124,1,-1,-1,-1
847,3,3047,812,176,98,1,-1,-1,-1
847,4,2566,1107,131,83,1,-1,-1,-1
847,5,2619,385,114,113,1,-1,-1,-1
847,6,3039,1013,153,100,1,-1,-1,-1
847,7,2887,914,207,120,1,-1,-1,-1
847,8,2365,550,105,105,1,-1,-1,-1
847,9,2653,1410,151,101,1,-1,-1,-1
847,10,3112,899,47,45,1,-1,-1,-1
848,0,3027,897,166,109,1,-1,-1,-1
848,1,1492,961,105,103,1,-1,-1,-1
848,2,3107,653,144,124,1,-1,-1,-1
848,3,3047,811,175,98,1,-1,-1,-1
848,4,2564,1109,133,82,1,-1,-1,-1
848,5,2618,388,115,114,1,-1,-1,-1
848,6,3038,1013,150,102,1,-1,-1,-1
848,7,2886,912,212,122,1,-1,-1,-1
848,8,2364,551,105,105,1,-1,-1,-1
848,9,2651,1408,149,102,1,-1,-1,-1
848,10,3103,903,47,45,1,-1,-1,-1
849,0,3025,900,160,108,1,-1,-1,-1
849,1,1492,961,105,103,1,-1,-1,-1
849,2,3106,655,143,124,1,-1,-1,-1
849,3,3047,810,174,99,1,-1,-1,-1
849,4,2562,1111,135,81,1,-1,-1,-1
849,5,2617,390,116,114,1,-1,-1,-1
849,6,3038,1014,147,103,1,-1,-1,-1
849,7,2886,910,216,124,1,-1,-1,-1
849,8,2364,551,104,105,1,-1,-1,-1
849,9,2649,1406,148,104,1,-1,-1,-1
849,10,3094,906,47,45,1,-1,-1,-1
850,0,3024,903,155,107,1,-1,-1,-1
850,1,1492,962,105,102,1,-1,-1,-1
850,2,3106,656,142,124,1,-1,-1,-1
850,3,3047,810,173,99,1,-1,-1,-1
850,4,2559,1111,132,81,1,-1,-1,-1
850,5,2616,393,118,115,1,-1,-1,-1
850,6,3037,1014,144,105,1,-1,-1,-1
850,7,2886,909,221,127,1,-1,-1,-1
850,8,2363,551,104,105,1,-1,-1,-1
850,9,2648,1405,146,106,1,-1,-1,-1
850,10,3085,910,47,45,1,-1,-1,-1
851,0,3022,906,149,106,1,-1,-1,-1
851,1,1492,962,105,103,1,-1,-1,-1
851,2,3105,658,142,124,1,-1,-1,-1
851,3,3047,809,172,99,1,-1,-1,-1
851,4,2557,1111,130,81,1,-1,-1,-1
851,5,2615,396,119,116,1,-1,-1,-1
851,6,3037,1015,141,107,1,-1,-1,-1
851,7,2890,908,215,127,1,-1,-1,-1
851,8,2363,551,104,105,1,-1,-1,-1
851,9,2646,1403,145,108,1,-1,-1,-1
851,10,3082,910,47,45,1,-1,-1,-1
852,0,3021,909,144,106,1,-1,-1,-1
852,1,1491,962,105,103,1,-1,-1,-1
852,2,3104,660,141,124,1,-1,-1,-1
852,3,3047,808,171,100,1,-1,-1,-1
852,4,2555,1112,128,81,1,-1,-1,-1
852,5,2614,398,120,116,1,-1,-1,-1
852,6,3033,1014,140,106,1,-1,-1,-1
852,7,2894,908,210,128,1,-1,-1,-1
852,8,2362,551,104,105,1,-1,-1,-1
852,9,2644,1401,143,110,1,-1,-1,-1
852,10,3080,910,47,45,1,-1,-1,-1
853,0,3020,904,140,110,1,-1,-1,-1
853,1,1491,962,105,102,1,-1,-1,-1
853,2,3103,662,140,124,1,-1,-1,-1
853,3,3047,807,170,100,1,-1,-1,-1
853,4,2553,1112,126,82,1,-1,-1,-1
853,5,2613,401,122,117,1,-1,-1,-1
853,6,3029,1014,140,105,1,-1,-1,-1
853,7,2898,908,204,129,1,-1,-1,-1
853,8,2362,551,103,104,1,-1,-1,-1
853,9,2643,1400,142,112,1,-1,-1,-1
853,10,3077,910,47,45,1,-1,-1,-1
854,0,3019,900,137,115,1,-1,-1,-1
854,1,1491,963,105,103,1,-1,-1,-1
854,2,3102,664,140,124,1,-1,-1,-1
854,3,3047,807,169,100,1,-1,-1,-1
854,4,2551,1113,124,82,1,-1,-1,-1
854,5,2612,404,123,118,1,-1,-1,-1
854,6,3026,1013,139,105,1,-1,-1,-1
854,7,2903,908,199,130,1,-1,-1,-1
854,8,2361,551,103,104,1,-1,-1,-1
854,9,2641,1398,141,114,1,-1,-1,-1
854,10,3075,910,47,45,1,-1,-1,-1
855,0,3019,895,134,119,1,-1,-1,-1
855,1,1491,963,105,103,1,-1,-1,-1
855,2,3101,666,139,124,1,-1,-1,-1
855,3,3047,806,168,101,1,-1,-1,-1
855,4,2548,1113,122,82,1,-1,-1,-1
855,5,2611,406,124,118,1,-1,-1,-1
855,6,3022,1013,139,104,1,-1,-1,-1
855,7,2907,907,194,131,1,-1,-1,-1
855,8,2361,551,103,104,1,-1,-1,-1
855,9,2639,1396,139,116,1,-1,-1,-1
855,10,3076,904,47,45,1,-1,-1,-1
856,0,3018,891,131,124,1,-1,-1,-1
856,1,1491,963,105,103,1,-1,-1,-1
856,2,3100,668,138,124,1,-1,-1,-1
856,3,3047,805,167,101,1,-1,-1,-1
856,4,2546,1113,120,83,1,-1,-1,-1
856,5,2610,409,125,119,1,-1,-1,-1
856,6,3019,1012,139,104,1,-1,-1,-1
856,7,2911,907,188,132,1,-1,-1,-1
856,8,2360,551,103,104,1,-1,-1,-1
856,9,2638,1395,138,118,1,-1,-1,-1
856,10,3078,898,47,45,1,-1,-1,-1
857,0,3017,886,127,129,1,-1,-1,-1
857,1,1491,964,105,103,1,-1,-1,-1
857,2,3100,670,138,125,1,-1,-1,-1
857,3,3047,804,166,101,1,-1,-1,-1
857,4,2544,1114,118,83,1,-1,-1,-1
857,5,2609,411,127,119,1,-1,-1,-1
857,6,3015,1012,138,103,1,-1,-1,-1
857,7,2916,907,183,132,1,-1,-1,-1
857,8,2360,551,102,104,1,-1,-1,-1
857,9,2636,1393,136,120,1,-1,-1,-1
857,10,3079,892,47,45,1,-1,-1,-1
858,0,3017,882,124,133,1,-1,-1,-1
858,1,1490,964,105,103,1,-1,-1,-1
858,2,3097,670,138,124,1,-1,-1,-1
858,3,3047,804,166,102,1,-1,-1,-1
858,4,2542,1114,115,83,1,-1,-1,-1
858,5,2608,414,128,120,1,-1,-1,-1
858,6,3011,1011,138,102,1,-1,-1,-1
858,7,2920,907,177,133,1,-1,-1,-1
858,8,2359,552,102,104,1,-1,-1,-1
858,9,2634,1391,135,122,1,-1,-1,-1
858,10,3081,887,47,45,1,-1,-1,-1
859,0,3016,877,121,138,1,-1,-1,-1
859,1,1490,964,105,103,1,-1,-1,-1
859,2,3095,671,139,124,1,-1,-1,-1
859,3,3047,801,164,103,1,-1,-1,-1
859,4,2540,1115,113,83,1,-1,-1,-1
859,5,2607,417,129,121,1,-1,-1,-1
859,6,3008,1011,137,102,1,-1,-1,-1
859,7,2924,906,172,134,1,-1,-1,-1
859,8,2359,552,102,104,1,-1,-1,-1
859,9,2633,1390,134,124,1,-1,-1,-1
859,10,3076,881,47,45,1,-1,-1,-1
860,0,3016,873,118,143,1,-1,-1,-1
860,1,1490,964,105,102,1,-1,-1,-1
860,2,3093,672,140,123,1,-1,-1,-1
860,3,3048,799,163,104,1,-1,-1,-1
860,4,2538,1115,111,84,1,-1,-1,-1
860,5,2607,419,131,121,1,-1,-1,-1
860,6,3004,1010,137,101,1,-1,-1,-1
860,7,2929,906,167,135,1,-1,-1,-1
860,8,2358,552,102,103,1,-1,-1,-1
860,9,2626,1391,135,122,1,-1,-1,-1
860,10,3072,876,47,45,1,-1,-1,-1
861,0,3011,869,118,144,1,-1,-1,-1
861,1,1490,965,105,103,1,-1,-1,-1
861,2,3090,673,141,123,1,-1,-1,-1
861,3,3049,797,162,105,1,-1,-1,-1
861,4,2535,1115,109,84,1,-1,-1,-1
861,5,2606,422,132,122,1,-1,-1,-1
861,6,3001,1010,137,100,1,-1,-1,-1
861,7,2933,906,161,136,1,-1,-1,-1
861,8,2358,552,101,103,1,-1,-1,-1
861,9,2620,1392,136,121,1,-1,-1,-1
861,10,3068,871,47,45,1,-1,-1,-1
862,0,3007,865,119,145,1,-1,-1,-1
862,1,1490,965,105,103,1,-1,-1,-1
862,2,3088,674,141,122,1,-1,-1,-1
862,3,3050,794,160,107,1,-1,-1,-1
862,4,2533,1116,107,84,1,-1,-1,-1
862,5,2605,425,133,123,1,-1,-1,-1
862,6,2997,1009,136,100,1,-1,-1,-1
862,7,2937,906,156,137,1,-1,-1,-1
862,8,2357,552,101,103,1,-1,-1,-1
862,9,2614,1393,137,120,1,-1,-1,-1
862,10,3064,866,47,45,1,-1,-1,-1
863,0,3002,861,120,147,1,-1,-1,-1
863,1,1490,965,105,102,1,-1,-1,-1
863,2,3086,674,142,122,1,-1,-1,-1
863,3,3051,792,159,108,1,-1,-1,-1
863,4,2531,1116,105,85,1,-1,-1,-1
863,5,2604,427,135,123,1,-1,-1,-1
863,6,2993,1009,136,99,1,-1,-1,-1
863,7,2942,906,151,138,1,-1,-1,-1
863,8,2357,552,101,103,1,-1,-1,-1
863,9,2608,1394,138,118,1,-1,-1,-1
863,10,3051,861,47,45,1,-1,-1,-1
864,0,2998,857,121,148,1,-1,-1,-1
864,1,1490,966,105,103,1,-1,-1,-1
864,2,3083,675,143,121,1,-1,-1,-1
864,3,3052,790,158,109,1,-1,-1,-1
864,4,2529,1117,103,85,1,-1,-1,-1
864,5,2603,430,136,124,1,-1,-1,-1
864,6,2990,1008,135,99,1,-1,-1,-1
864,7,2944,904,145,140,1,-1,-1,-1
864,8,2356,552,101,103,1,-1,-1,-1
864,9,2602,1395,140,117,1,-1,-1,-1
864,10,3038,856,47,45,1,-1,-1,-1
865,0,2993,853,122,149,1,-1,-1,-1
865,1,1489,965,105,102,1,-1,-1,-1
865,2,3081,676,144,121,1,-1,-1,-1
865,3,3053,787,156,111,1,-1,-1,-1
865,4,2527,1117,101,85,1,-1,-1,-1
865,5,2602,432,137,124,1,-1,-1,-1
865,6,2986,1008,135,98,1,-1,-1,-1
865,7,2946,902,140,142,1,-1,-1,-1
865,8,2356,552,100,103,1,-1,-1,-1
865,9,2596,1396,141,116,1,-1,-1,-1
865,10,3026,851,47,45,1,-1,-1,-1
866,0,2989,849,123,151,1,-1,-1,-1
866,1,1488,965,105,102,1,-1,-1,-1
866,2,3079,677,144,121,1,-1,-1,-1
866,3,3054,785,155,112,1,-1,-1,-1
866,4,2525,1118,99,86,1,-1,-1,-1
866,5,2601,435,138,125,1,-1,-1,-1
866,6,2983,1008,135,98,1,-1,-1,-1
866,7,2948,900,134,145,1,-1,-1,-1
866,8,2355,552,100,102,1,-1,-1,-1
866,9,2590,1397,142,114,1,-1,-1,-1
866,10,3013,846,47,45,1,-1,-1,-1
867,0,2984,845,124,152,1,-1,-1,-1
867,1,1488,965,106,102,1,-1,-1,-1
867,2,3076,678,145,120,1,-1,-1,-1
867,3,3055,783,154,113,1,-1,-1,-1
867,4,2520,1117,99,86,1,-1,-1,-1
867,5,2600,438,140,126,1,-1,-1,-1
867,6,2983,1007,135,98,1,-1,-1,-1
867,7,2950,898,129,147,1,-1,-1,-1
867,8,2355,553,100,102,1,-1,-1,-1
867,9,2584,1398,143,113,1,-1,-1,-1
867,10,3000,841,47,45,1,-1,-1,-1
868,0,2980,841,125,153,1,-1,-1,-1
868,1,1487,965,106,102,1,-1,-1,-1
868,2,3074,678,146,120,1,-1,-1,-1
868,3,3056,781,153,115,1,-1,-1,-1
868,4,2516,1116,99,87,1,-1,-1,-1
868,5,2599,440,141,126,1,-1,-1,-1
868,6,2984,1007,135,98,1,-1,-1,-1
868,7,2953,896,124,150,1,-1,-1,-1
868,8,2354,553,100,102,1,-1,-1,-1
868,9,2578,1399,144,112,1,-1,-1,-1
868,10,2988,836,47,45,1,-1,-1,-1
869,0,2976,837,126,155,1,-1,-1,-1
869,1,1487,965,106,102,1,-1,-1,-1
869,2,3072,679,147,119,1,-1,-1,-1
869,3,3055,780,153,114,1,-1,-1,-1
869,4,2512,1115,99,87,1,-1,-1,-1
869,5,2598,443,142,127,1,-1,-1,-1
869,6,2979,1007,135,98,1,-1,-1,-1
869,7,2949,902,125,143,1,-1,-1,-1
869,8,2354,553,99,102,1,-1,-1,-1
869,9,2572,1400,146,111,1,-1,-1,-1
869,10,2985,832,47,45,1,-1,-1,-1
870,0,2967,832,130,152,1,-1,-1,-1
870,1,1486,965,107,102,1,-1,-1,-1
870,2,3069,680,147,119,1,-1,-1,-1
870,3,3054,779,153,114,1,-1,-1,-1
870,4,2508,1114,100,88,1,-1,-1,-1
870,5,2597,446,144,128,1,-1,-1,-1
870,6,2974,1007,136,98,1,-1,-1,-1
870,7,2946,908,127,137,1,-1,-1,-1
870,8,2353,553,99,102,1,-1,-1,-1
870,9,2569,1400,144,109,1,-1,-1,-1
870,10,2982,828,47,45,1,-1,-1,-1
871,0,2958,827,135,150,1,-1,-1,-1
871,1,1485,965,107,102,1,-1,-1,-1
871,2,3067,681,148,118,1,-1,-1,-1
871,3,3053,778,154,113,1,-1,-1,-1
871,4,2504,1114,100,88,1,-1,-1,-1
871,5,2596,448,145,128,1,-1,-1,-1
871,6,2970,1008,137,98,1,-1,-1,-1
871,7,2943,914,129,130,1,-1,-1,-1
871,8,2353,553,99,102,1,-1,-1,-1
871,9,2567,1401,142,108,1,-1,-1,-1
871,10,2980,824,47,45,1,-1,-1,-1
872,0,2949,822,139,148,1,-1,-1,-1
872,1,1485,965,107,102,1,-1,-1,-1
872,2,3065,682,149,118,1,-1,-1,-1
872,3,3052,777,154,113,1,-1,-1,-1
872,4,2500,1113,100,89,1,-1,-1,-1
872,5,2595,451,146,129,1,-1,-1,-1
872,6,2965,1008,138,97,1,-1,-1,-1
872,7,2940,921,131,124,1,-1,-1,-1
872,8,2352,553,99,102,1,-1,-1,-1
872,9,2564,1402,140,107,1,-1,-1,-1
872,10,2977,820,47,45,1,-1,-1,-1
873,0,2941,818,144,146,1,-1,-1,-1
873,1,1484,965,108,102,1,-1,-1,-1
873,2,3063,683,150,118,1,-1,-1,-1
873,3,3052,777,155,113,1,-1,-1,-1
873,4,2496,1112,101,90,1,-1,-1,-1
873,5,2595,454,148,130,1,-1,-1,-1
873,6,2961,1009,139,98,1,-1,-1,-1
873,7,2935,925,133,121,1,-1,-1,-1
873,8,2352,553,98,101,1,-1,-1,-1
873,9,2562,1402,139,105,1,-1,-1,-1
873,10,2974,816,47,45,1,-1,-1,-1
874,0,2932,813,148,144,1,-1,-1,-1
874,1,1484,965,108,101,1,-1,-1,-1
874,2,3059,683,150,117,1,-1,-1,-1
874,3,3051,776,155,112,1,-1,-1,-1
874,4,2492,1111,101,90,1,-1,-1,-1
874,5,2594,456,146,129,1,-1,-1,-1
874,6,2956,1009,140,98,1,-1,-1,-1
874,7,2931,930,135,118,1,-1,-1,-1
874,8,2351,553,98,101,1,-1,-1,-1
874,9,2559,1403,137,104,1,-1,-1,-1
874,10,2972,813,47,45,1,-1,-1,-1
875,0,2923,808,153,142,1,-1,-1,-1
875,1,1483,965,108,101,1,-1,-1,-1
875,2,3056,684,150,116,1,-1,-1,-1
875,3,3050,775,155,112,1,-1,-1,-1
875,4,2488,1111,101,91,1,-1,-1,-1
875,5,2593,459,145,128,1,-1,-1,-1
875,6,2951,1009,140,98,1,-1,-1,-1
875,7,2927,935,138,116,1,-1,-1,-1
875,8,2351,553,98,101,1,-1,-1,-1
875,9,2557,1404,135,103,1,-1,-1,-1
875,10,2965,809,47,45,1,-1,-1,-1
876,0,2915,804,158,140,1,-1,-1,-1
876,1,1483,965,109,101,1,-1,-1,-1
876,2,3053,685,150,116,1,-1,-1,-1
876,3,3049,774,156,111,1,-1,-1,-1
876,4,2484,1110,101,91,1,-1,-1,-1
876,5,2592,461,144,128,1,-1,-1,-1
876,6,2947,1010,141,98,1,-1,-1,-1
876,7,2923,940,140,113,1,-1,-1,-1
876,8,2350,554,98,101,1,-1,-1,-1
876,9,2555,1404,133,101,1,-1,-1,-1
876,10,2958,805,47,45,1,-1,-1,-1
877,0,2904,801,157,139,1,-1,-1,-1
877,1,1482,965,109,101,1,-1,-1,-1
877,2,3049,686,150,115,1,-1,-1,-1
877,3,3048,773,156,111,1,-1,-1,-1
877,4,2480,1109,102,92,1,-1,-1,-1
877,5,2591,464,142,127,1,-1,-1,-1
877,6,2942,1010,142,97,1,-1,-1,-1
877,7,2919,945,142,110,1,-1,-1,-1
877,8,2350,554,97,101,1,-1,-1,-1
877,9,2552,1405,132,100,1,-1,-1,-1
877,10,2951,801,47,45,1,-1,-1,-1
878,0,2893,798,156,138,1,-1,-1,-1
878,1,1481,965,109,101,1,-1,-1,-1
878,2,3046,686,150,115,1,-1,-1,-1
878,3,3048,773,157,111,1,-1,-1,-1
878,4,2476,1108,102,93,1,-1,-1,-1
878,5,2590,466,141,126,1,-1,-1,-1
878,6,2938,1011,143,98,1,-1,-1,-1
878,7,2915,950,145,108,1,-1,-1,-1
878,8,2349,554,97,101,1,-1,-1,-1
878,9,2550,1406,130,99,1,-1,-1,-1
878,10,2945,797,47,45,1,-1,-1,-1
879,0,2882,795,155,137,1,-1,-1,-1
879,1,1481,965,110,101,1,-1,-1,-1
879,2,3043,687,150,114,1,-1,-1,-1
879,3,3044,772,157,110,1,-1,-1,-1
879,4,2472,1107,102,93,1,-1,-1,-1
879,5,2589,469,140,126,1,-1,-1,-1
879,6,2933,1011,144,98,1,-1,-1,-1
879,7,2911,950,147,105,1,-1,-1,-1
879,8,2349,554,97,100,1,-1,-1,-1
879,9,2547,1406,128,97,1,-1,-1,-1
879,10,2932,794,47,45,1,-1,-1,-1
880,0,2871,793,155,136,1,-1,-1,-1
880,1,1480,965,110,101,1,-1,-1,-1
880,2,3039,688,150,113,1,-1,-1,-1
880,3,3040,772,157,110,1,-1,-1,-1
880,4,2468,1107,103,94,1,-1,-1,-1
880,5,2588,472,138,125,1,-1,-1,-1
880,6,2928,1011,145,98,1,-1,-1,-1
880,7,2907,951,149,102,1,-1,-1,-1
880,8,2348,554,97,100,1,-1,-1,-1
880,9,2545,1407,126,96,1,-1,-1,-1
880,10,2920,792,47,45,1,-1,-1,-1
881,0,2860,790,154,135,1,-1,-1,-1
881,1,1480,965,110,101,1,-1,-1,-1
881,2,3036,689,150,113,1,-1,-1,-1
881,3,3037,772,158,109,1,-1,-1,-1
881,4,2464,1106,103,94,1,-1,-1,-1
881,5,2587,474,137,124,1,-1,-1,-1
881,6,2924,1012,145,98,1,-1,-1,-1
881,7,2903,952,151,100,1,-1,-1,-1
881,8,2348,554,96,100,1,-1,-1,-1
881,9,2543,1408,125,95,1,-1,-1,-1
881,10,2908,790,47,45,1,-1,-1,-1
882,0,2849,787,153,134,1,-1,-1,-1
882,1,1479,965,111,101,1,-1,-1,-1
882,2,3033,689,150,112,1,-1,-1,-1
882,3,3033,772,158,109,1,-1,-1,-1
882,4,2460,1105,103,95,1,-1,-1,-1
882,5,2586,477,136,124,1,-1,-1,-1
882,6,2919,1012,146,97,1,-1,-1,-1
882,7,2902,954,148,97,1,-1,-1,-1
882,8,2347,554,96,100,1,-1,-1,-1
882,9,2538,1408,125,95,1,-1,-1,-1
882,10,2896,788,47,45,1,-1,-1,-1
883,0,2839,785,153,134,1,-1,-1,-1
883,1,1478,965,111,100,1,-1,-1,-1
883,2,3029,690,150,112,1,-1,-1,-1
883,3,3030,771,158,109,1,-1,-1,-1
883,4,2456,1104,104,96,1,-1,-1,-1
883,5,2585,479,135,123,1,-1,-1,-1
883,6,2915,1013,147,98,1,-1,-1,-1
883,7,2901,957,146,95,1,-1,-1,-1
883,8,2347,554,96,100,1,-1,-1,-1
883,9,2534,1409,125,95,1,-1,-1,-1
883,10,2880,789,47,45,1,-1,-1,-1
884,0,2827,785,150,136,1,-1,-1,-1
884,1,1478,965,111,100,1,-1,-1,-1
884,2,3026,691,150,111,1,-1,-1,-1
884,3,3026,771,159,108,1,-1,-1,-1
884,4,2452,1104,104,96,1,-1,-1,-1
884,5,2584,482,133,123,1,-1,-1,-1
884,6,2910,1013,148,98,1,-1,-1,-1
884,7,2901,959,144,93,1,-1,-1,-1
884,8,2346,554,96,100,1,-1,-1,-1
884,9,2530,1410,126,96,1,-1,-1,-1
884,10,2864,791,47,45,1,-1,-1,-1
885,0,2815,785,148,138,1,-1,-1,-1
885,1,1477,965,112,100,1,-1,-1,-1
885,2,3023,692,150,110,1,-1,-1,-1
885,3,3023,771,159,108,1,-1,-1,-1
885,4,2448,1103,104,97,1,-1,-1,-1
885,5,2583,485,132,122,1,-1,-1,-1
885,6,2905,1013,149,98,1,-1,-1,-1
885,7,2900,962,142,90,1,-1,-1,-1
885,8,2346,555,96,100,1,-1,-1,-1
885,9,2526,1411,126,96,1,-1,-1,-1
885,10,2843,792,47,45,1,-1,-1,-1
886,0,2803,786,146,141,1,-1,-1,-1
886,1,1477,965,112,100,1,-1,-1,-1
886,2,3019,693,150,110,1,-1,-1,-1
886,3,3019,771,160,107,1,-1,-1,-1
886,4,2444,1102,104,97,1,-1,-1,-1
886,5,2582,487,131,121,1,-1,-1,-1
886,6,2901,1014,150,98,1,-1,-1,-1
886,7,2900,964,140,88,1,-1,-1,-1
886,8,2346,556,96,100,1,-1,-1,-1
886,9,2522,1411,127,96,1,-1,-1,-1
886,10,2822,793,47,45,1,-1,-1,-1
887,0,2791,786,143,143,1,-1,-1,-1
887,1,1476,965,112,100,1,-1,-1,-1
887,2,3016,693,150,109,1,-1,-1,-1
887,3,3016,770,160,107,1,-1,-1,-1
887,4,2440,1101,105,98,1,-1,-1,-1
887,5,2581,490,129,121,1,-1,-1,-1
887,6,2896,1014,150,97,1,-1,-1,-1
887,7,2899,967,138,85,1,-1,-1,-1
887,8,2346,557,96,100,1,-1,-1,-1
887,9,2518,1412,127,97,1,-1,-1,-1
887,10,2801,794,47,45,1,-1,-1,-1
888,0,2779,786,141,145,1,-1,-1,-1
888,1,1476,965,113,100,1,-1,-1,-1
888,2,3013,694,150,109,1,-1,-1,-1
888,3,3012,770,160,107,1,-1,-1,-1
888,4,2436,1100,105,99,1,-1,-1,-1
888,5,2580,492,128,120,1,-1,-1,-1
888,6,2892,1015,151,98,1,-1,-1,-1
888,7,2899,969,136,83,1,-1,-1,-1
888,8,2346,558,96,100,1,-1,-1,-1
888,9,2514,1413,128,97,1,-1,-1,-1
888,10,2781,796,47,45,1,-1,-1,-1
889,0,2767,787,139,148,1,-1,-1,-1
889,1,1475,965,113,100,1,-1,-1,-1
889,2,3009,695,150,108,1,-1,-1,-1
889,3,3009,770,161,106,1,-1,-1,-1
889,4,2432,1100,105,99,1,-1,-1,-1
889,5,2579,495,127,119,1,-1,-1,-1
889,6,2887,1015,152,98,1,-1,-1,-1
889,7,2898,972,134,81,1,-1,-1,-1
889,8,2346,559,96,100,1,-1,-1,-1
889,9,2510,1414,128,97,1,-1,-1,-1
889,10,2756,798,47,45,1,-1,-1,-1
890,0,2755,787,136,150,1,-1,-1,-1
890,1,1474,965,113,100,1,-1,-1,-1
890,2,3006,696,150,107,1,-1,-1,-1
890,3,3005,770,161,106,1,-1,-1,-1
890,4,2428,1099,106,100,1,-1,-1,-1
890,5,2578,498,125,119,1,-1,-1,-1
890,6,2882,1015,153,98,1,-1,-1,-1
890,7,2898,975,132,79,1,-1,-1,-1
890,8,2347,560,96,100,1,-1,-1,-1
890,9,2506,1415,129,98,1,-1,-1,-1
890,10,2731,800,47,45,1,-1,-1,-1
891,0,2743,787,134,152,1,-1,-1,-1
891,1,1474,965,114,100,1,-1,-1,-1
891,2,3003,696,150,107,1,-1,-1,-1
891,3,3002,770,162,106,1,-1,-1,-1
891,4,2424,1098,106,100,1,-1,-1,-1
891,5,2577,500,124,118,1,-1,-1,-1
891,6,2878,1016,154,98,1,-1,-1,-1
891,7,2898,973,128,81,1,-1,-1,-1
891,8,2347,561,96,100,1,-1,-1,-1
891,9,2502,1415,129,98,1,-1,-1,-1
891,10,2707,802,47,45,1,-1,-1,-1
892,0,2731,788,132,155,1,-1,-1,-1
892,1,1473,965,114,99,1,-1,-1,-1
892,2,2999,697,150,106,1,-1,-1,-1
892,3,3000,769,162,105,1,-1,-1,-1
892,4,2420,1097,106,101,1,-1,-1,-1
892,5,2576,503,123,118,1,-1,-1,-1
892,6,2873,1016,155,97,1,-1,-1,-1
892,7,2898,972,125,83,1,-1,-1,-1
892,8,2347,562,96,100,1,-1,-1,-1
892,9,2498,1416,130,99,1,-1,-1,-1
892,10,2707,798,47,45,1,-1,-1,-1
893,0,2708,787,152,155,1,-1,-1,-1
893,1,1473,965,114,99,1,-1,-1,-1
893,2,2996,698,150,106,1,-1,-1,-1
893,3,2999,769,162,105,1,-1,-1,-1
893,4,2416,1097,107,102,1,-1,-1,-1
893,5,2575,505,122,117,1,-1,-1,-1
893,6,2869,1017,156,98,1,-1,-1,-1
893,7,2898,971,122,86,1,-1,-1,-1
893,8,2347,563,96,100,1,-1,-1,-1
893,9,2494,1417,130,99,1,-1,-1,-1
893,10,2707,794,47,45,1,-1,-1,-1
894,0,2685,786,172,155,1,-1,-1,-1
894,1,1472,965,115,99,1,-1,-1,-1
894,2,2993,699,150,105,1,-1,-1,-1
894,3,2998,769,163,104,1,-1,-1,-1
894,4,2411,1100,105,99,1,-1,-1,-1
894,5,2574,508,120,116,1,-1,-1,-1
894,6,2868,1017,153,97,1,-1,-1,-1
894,7,2890,969,126,88,1,-1,-1,-1
894,8,2347,564,96,100,1,-1,-1,-1
894,9,2490,1418,131,99,1,-1,-1,-1
894,10,2703,790,47,45,1,-1,-1,-1
895,0,2662,785,192,155,1,-1,-1,-1
895,1,1471,965,115,99,1,-1,-1,-1
895,2,2990,700,151,105,1,-1,-1,-1
895,3,2997,769,163,104,1,-1,-1,-1
895,4,2407,1103,104,97,1,-1,-1,-1
895,5,2573,511,119,116,1,-1,-1,-1
895,6,2867,1017,150,98,1,-1,-1,-1
895,7,2883,968,130,90,1,-1,-1,-1
895,8,2348,565,96,100,1,-1,-1,-1
895,9,2486,1419,131,100,1,-1,-1,-1
895,10,2699,787,47,45,1,-1,-1,-1
896,0,2653,785,182,149,1,-1,-1,-1
896,1,1471,965,115,99,1,-1,-1,-1
896,2,2981,701,155,105,1,-1,-1,-1
896,3,2995,768,164,103,1,-1,-1,-1
896,4,2402,1106,103,95,1,-1,-1,-1
896,5,2572,513,118,115,1,-1,-1,-1
896,6,2866,1018,147,97,1,-1,-1,-1
896,7,2876,967,134,92,1,-1,-1,-1
896,8,2348,566,96,100,1,-1,-1,-1
896,9,2482,1419,132,100,1,-1,-1,-1
896,10,2691,786,47,45,1,-1,-1,-1
897,0,2645,785,173,143,1,-1,-1,-1
897,1,1470,965,116,99,1,-1,-1,-1
897,2,2972,702,159,105,1,-1,-1,-1
897,3,2994,768,164,103,1,-1,-1,-1
897,4,2398,1109,102,92,1,-1,-1,-1
897,5,2571,516,116,114,1,-1,-1,-1
897,6,2866,1018,144,98,1,-1,-1,-1
897,7,2868,966,138,93,1,-1,-1,-1
897,8,2348,567,96,100,1,-1,-1,-1
897,9,2478,1420,132,100,1,-1,-1,-1
897,10,2683,785,47,45,1,-1,-1,-1
898,0,2637,785,164,138,1,-1,-1,-1
898,1,1470,965,116,99,1,-1,-1,-1
898,2,2964,704,163,105,1,-1,-1,-1
898,3,2993,768,165,102,1,-1,-1,-1
898,4,2393,1112,101,90,1,-1,-1,-1
898,5,2570,518,115,114,1,-1,-1,-1
898,6,2865,1019,141,98,1,-1,-1,-1
898,7,2861,965,142,95,1,-1,-1,-1
898,8,2348,568,96,100,1,-1,-1,-1
898,9,2474,1421,133,101,1,-1,-1,-1
898,10,2675,784,47,45,1,-1,-1,-1
899,0,2629,785,155,132,1,-1,-1,-1
899,1,1469,965,116,99,1,-1,-1,-1
899,2,2955,705,167,105,1,-1,-1,-1
899,3,2992,768,165,102,1,-1,-1,-1
899,4,2389,1115,100,88,1,-1,-1,-1
899,5,2569,521,114,113,1,-1,-1,-1
899,6,2864,1019,138,98,1,-1,-1,-1
899,7,2854,964,146,98,1,-1,-1,-1
899,8,2348,569,96,100,1,-1,-1,-1
899,9,2470,1422,133,101,1,-1,-1,-1
899,10,2665,787,47,45,1,-1,-1,-1
900,0,2621,785,146,127,1,-1,-1,-1
900,1,1469,965,117,99,1,-1,-1,-1
900,2,2947,707,171,106,1,-1,-1,-1
900,3,2991,768,166,102,1,-1,-1,-1
900,4,2385,1118,99,86,1,-1,-1,-1
900,5,2569,524,113,113,1,-1,-1,-1
900,6,2864,1020,135,98,1,-1,-1,-1
900,7,2847,963,151,100,1,-1,-1,-1
900,8,2349,570,96,100,1,-1,-1,-1
900,9,2466,1423,134,102,1,-1,-1,-1
900,10,2655,791,47,45,1,-1,-1,-1
